Date,Close,Adj Close
2010-01-04,101.7699966430664,86.62779998779297
2010-01-05,101.8499984741211,86.69588470458984
2010-01-06,101.69999694824219,86.56822204589844
2010-01-07,101.91000366210938,86.7469711303711
2010-01-08,101.97000122070312,86.79805755615234
2010-01-11,102.08999633789062,86.9001693725586
2010-01-12,102.13999938964844,86.94276428222656
2010-01-13,102.04000091552734,86.85765075683594
2010-01-14,102.0,86.82357025146484
2010-01-15,102.19000244140625,86.98531341552734
2010-01-18,102.25,87.036376953125
2010-01-19,102.12999725341797,86.93423461914062
2010-01-20,102.12000274658203,86.92573547363281
2010-01-21,102.22000122070312,87.01085662841797
2010-01-22,102.18000030517578,86.9767837524414
2010-01-25,102.4000015258789,87.16407775878906
2010-01-26,102.5,87.24917602539062
2010-01-27,102.29000091552734,87.07044219970703
2010-01-28,102.08000183105469,86.89167785644531
2010-01-29,102.18000030517578,86.9767837524414
2010-02-01,102.41000366210938,87.17256927490234
2010-02-02,102.33000183105469,87.10447692871094
2010-02-03,102.26000213623047,87.0448989868164
2010-02-04,102.4000015258789,87.16407775878906
2010-02-05,102.62000274658203,87.3513412475586
2010-02-08,102.51000213623047,87.2577133178711
2010-02-09,102.44999694824219,87.20663452148438
2010-02-10,102.77999877929688,87.4875259399414
2010-02-11,102.77999877929688,87.4875259399414
2010-02-12,102.87000274658203,87.56413269042969
2010-02-15,102.75,87.46197509765625
2010-02-16,102.66999816894531,87.39389038085938
2010-02-17,102.83000183105469,87.53009796142578
2010-02-18,102.61000061035156,87.34282684326172
2010-02-19,102.54000091552734,87.28324890136719
2010-02-22,102.6500015258789,87.37686157226562
2010-02-23,103.12999725341797,87.78543853759766
2010-02-24,103.20999908447266,87.8535385131836
2010-02-25,103.19000244140625,87.83654022216797
2010-02-26,103.30000305175781,87.9301528930664
2010-03-01,103.44999694824219,88.05782318115234
2010-03-02,103.44999694824219,88.05782318115234
2010-03-03,103.44000244140625,88.04933166503906
2010-03-04,103.5199966430664,88.11742401123047
2010-03-05,103.44999694824219,88.05782318115234
2010-03-08,103.43000030517578,88.04080963134766
2010-03-09,103.44000244140625,88.04933166503906
2010-03-10,103.4800033569336,88.08338165283203
2010-03-11,103.33000183105469,87.95569610595703
2010-03-12,103.43000030517578,88.04080963134766
2010-03-15,103.4800033569336,88.08338165283203
2010-03-16,103.62000274658203,88.20254516601562
2010-03-17,103.79000091552734,88.34724426269531
2010-03-18,103.5999984741211,88.18550872802734
2010-03-19,103.58000183105469,88.16848754882812
2010-03-22,103.72000122070312,88.28765869140625
2010-03-23,103.9000015258789,88.44087982177734
2010-03-24,103.83999633789062,88.38980865478516
2010-03-25,103.70999908447266,88.27916717529297
2010-03-26,103.76000213623047,88.32171630859375
2010-03-29,103.81999969482422,88.3727798461914
2010-03-30,103.91999816894531,88.4579086303711
2010-03-31,103.98999786376953,88.51749420166016
2010-04-01,104.1500015258789,88.6536865234375
2010-04-06,103.66999816894531,88.24510955810547
2010-04-07,103.76000213623047,88.32171630859375
2010-04-08,103.80999755859375,88.36430358886719
2010-04-09,103.62000274658203,88.20254516601562
2010-04-12,103.73999786376953,88.30467987060547
2010-04-13,103.83000183105469,88.38130187988281
2010-04-14,103.76000213623047,88.32171630859375
2010-04-15,103.83999633789062,88.38980865478516
2010-04-16,103.94000244140625,88.47493743896484
2010-04-19,103.88999938964844,88.432373046875
2010-04-20,103.79000091552734,88.34724426269531
2010-04-21,103.73999786376953,88.30467987060547
2010-04-22,103.44999694824219,88.05782318115234
2010-04-23,103.37000274658203,87.9897232055664
2010-04-26,103.16000366210938,87.81097412109375
2010-04-27,103.2300033569336,87.87055969238281
2010-04-28,102.83999633789062,87.53858947753906
2010-04-29,103.13999938964844,87.79396057128906
2010-04-30,103.30999755859375,87.93866729736328
2010-05-03,103.4000015258789,88.01527404785156
2010-05-04,103.30000305175781,87.9301528930664
2010-05-05,103.37000274658203,87.9897232055664
2010-05-06,102.54927825927734,87.2911376953125
2010-05-07,102.48999786376953,87.24066925048828
2010-05-10,102.62000274658203,87.3513412475586
2010-05-11,104.21195220947266,88.70643615722656
2010-05-12,103.22000122070312,87.86206817626953
2010-05-13,103.3499984741211,87.97271728515625
2010-05-14,103.41999816894531,88.03231048583984
2010-05-17,103.37000274658203,87.9897232055664
2010-05-18,103.69999694824219,88.27066040039062
2010-05-19,103.86000061035156,88.40684509277344
2010-05-20,103.91999816894531,88.4579086303711
2010-05-21,104.08999633789062,88.60260772705078
2010-05-24,104.16000366210938,88.66219329833984
2010-05-25,104.30999755859375,88.7898941040039
2010-05-26,103.94000244140625,88.47493743896484
2010-05-27,103.68406677246094,88.25708770751953
2010-05-28,103.7300033569336,88.29617309570312
2010-05-31,103.7300033569336,88.29617309570312
2010-06-01,103.51000213623047,88.1089096069336
2010-06-02,103.2699966430664,87.90460968017578
2010-06-03,103.0,87.67477416992188
2010-06-04,103.16000366210938,87.81097412109375
2010-06-07,102.69000244140625,87.41090393066406
2010-06-08,102.80000305175781,87.50454711914062
2010-06-09,103.05999755859375,87.72586059570312
2010-06-10,103.41000366210938,88.0238037109375
2010-06-11,103.5999984741211,88.18550872802734
2010-06-14,103.08152770996094,87.74420166015625
2010-06-15,102.86000061035156,87.55561065673828
2010-06-16,102.73384857177734,87.4482421875
2010-06-17,102.81999969482422,87.5216064453125
2010-06-18,102.93382263183594,87.61843872070312
2010-06-21,102.8499984741211,87.54711151123047
2010-06-22,102.96015167236328,87.6408920288086
2010-06-23,102.5,87.24917602539062
2010-06-24,102.66999816894531,87.39389038085938
2010-06-25,102.4000015258789,87.16407775878906
2010-06-28,102.33000183105469,87.10447692871094
2010-06-29,102.51000213623047,87.2577133178711
2010-06-30,102.55999755859375,87.3002700805664
2010-07-01,102.7300033569336,87.44499206542969
2010-07-02,102.93000030517578,87.61519622802734
2010-07-05,103.18000030517578,87.8280029296875
2010-07-06,102.94000244140625,87.62370300292969
2010-07-07,102.86000061035156,87.55561065673828
2010-07-08,102.94999694824219,87.63224029541016
2010-07-09,103.08000183105469,87.74288940429688
2010-07-12,103.31999969482422,87.94718933105469
2010-07-13,103.08000183105469,87.74288940429688
2010-07-14,102.80999755859375,87.51306915283203
2010-07-15,102.86000061035156,87.55561065673828
2010-07-16,103.25,87.88758850097656
2010-07-19,103.08999633789062,87.75140380859375
2010-07-20,103.30000305175781,87.9301528930664
2010-07-21,103.36000061035156,87.9812240600586
2010-07-22,103.25,87.88758850097656
2010-07-23,103.19000244140625,87.83654022216797
2010-07-26,103.12999725341797,87.78543853759766
2010-07-27,103.2699966430664,87.90460968017578
2010-07-28,103.36000061035156,87.9812240600586
2010-07-29,103.4800033569336,88.08338165283203
2010-07-30,103.6500015258789,88.22808837890625
2010-08-02,103.58000183105469,88.16848754882812
2010-08-03,104.08000183105469,88.5940933227539
2010-08-04,104.20999908447266,88.70475769042969
2010-08-05,104.45999908447266,88.9175796508789
2010-08-06,104.7699966430664,89.1814193725586
2010-08-09,104.7300033569336,89.14739227294922
2010-08-10,104.44999694824219,88.90904235839844
2010-08-11,104.9000015258789,89.2920913696289
2010-08-12,104.86000061035156,89.25804901123047
2010-08-13,104.79000091552734,89.19845581054688
2010-08-16,105.12999725341797,89.48786163330078
2010-08-17,105.19999694824219,89.54745483398438
2010-08-18,105.54000091552734,89.83687591552734
2010-08-19,105.62000274658203,89.90497589111328
2010-08-20,105.80000305175781,90.05821228027344
2010-08-23,105.7699966430664,90.03263854980469
2010-08-24,106.1500015258789,90.35612487792969
2010-08-25,106.3499984741211,90.52632904052734
2010-08-26,106.4800033569336,90.63701629638672
2010-08-27,106.12000274658203,90.33056640625
2010-08-30,106.3499984741211,90.52632904052734
2010-08-31,106.37999725341797,90.55188751220703
2010-09-01,106.04000091552734,90.26246643066406
2010-09-02,105.79000091552734,90.04967498779297
2010-09-03,105.44000244140625,89.75174713134766
2010-09-06,105.37000274658203,89.69217681884766
2010-09-07,105.63999938964844,89.92200469970703
2010-09-08,105.56999969482422,89.86241149902344
2010-09-09,105.41000366210938,89.72621154785156
2010-09-10,105.04000091552734,89.41126251220703
2010-09-13,104.81999969482422,89.2239990234375
2010-09-14,104.98999786376953,89.36869812011719
2010-09-15,104.72000122070312,89.13888549804688
2010-09-16,104.2699966430664,88.75582122802734
2010-09-17,104.4000015258789,88.8664779663086
2010-09-20,104.05999755859375,88.57707214355469
2010-09-21,104.37000274658203,88.8409423828125
2010-09-22,104.87999725341797,89.27505493164062
2010-09-23,105.05999755859375,89.42829132080078
2010-09-24,104.69999694824219,89.1218490600586
2010-09-27,105.04000091552734,89.41126251220703
2010-09-28,105.0,89.3772201538086
2010-09-29,104.95999908447266,89.34317016601562
2010-09-30,105.04000091552734,89.41126251220703
2010-10-01,105.16999816894531,89.52193450927734
2010-10-04,105.36000061035156,89.68364715576172
2010-10-05,105.30000305175781,89.63258361816406
2010-10-06,105.72000122070312,89.9900894165039
2010-10-07,105.43000030517578,89.74324035644531
2010-10-08,105.62000274658203,89.90497589111328
2010-10-11,105.69000244140625,89.96456909179688
2010-10-12,105.7699966430664,90.03263854980469
2010-10-13,105.68000030517578,89.95603942871094
2010-10-14,105.69000244140625,89.96456909179688
2010-10-15,105.5199966430664,89.81983947753906
2010-10-18,105.55999755859375,89.85389709472656
2010-10-19,105.33999633789062,89.66661834716797
2010-10-20,105.26000213623047,89.59854125976562
2010-10-21,104.87999725341797,89.27505493164062
2010-10-22,105.0,89.3772201538086
2010-10-25,105.27999877929688,89.61556243896484
2010-10-26,105.0999984741211,89.46231842041016
2010-10-27,104.62000274658203,89.05374145507812
2010-10-28,104.5999984741211,89.03673553466797
2010-10-29,104.66999816894531,89.0963134765625
2010-11-01,104.76000213623047,89.17292022705078
2010-11-02,104.61000061035156,89.04524230957031
2010-11-03,104.87000274658203,89.26656341552734
2010-11-04,104.69999694824219,89.1218490600586
2010-11-05,104.5199966430664,88.96861267089844
2010-11-08,104.44000244140625,88.90052795410156
2010-11-09,104.30000305175781,88.7813720703125
2010-11-10,103.88999938964844,88.432373046875
2010-11-11,103.70999908447266,88.27916717529297
2010-11-12,103.69999694824219,88.27066040039062
2010-11-15,103.62000274658203,88.20254516601562
2010-11-16,103.16999816894531,87.81947326660156
2010-11-17,103.31999969482422,87.94718933105469
2010-11-18,102.83399963378906,87.53349304199219
2010-11-19,102.86000061035156,87.55561065673828
2010-11-22,103.13999938964844,87.79396057128906
2010-11-23,103.26000213623047,87.8960952758789
2010-11-24,102.6906967163086,87.4115219116211
2010-11-25,102.41999816894531,87.18109130859375
2010-11-26,102.36000061035156,87.13002014160156
2010-11-29,102.2699966430664,87.05341339111328
2010-11-30,101.80000305175781,86.6533432006836
2010-12-01,101.88999938964844,86.72994232177734
2010-12-02,102.31999969482422,87.09597778320312
2010-12-03,102.16000366210938,86.95978546142578
2010-12-06,102.12000274658203,86.92573547363281
2010-12-07,101.75,86.61077117919922
2010-12-08,101.44999694824219,86.35543060302734
2010-12-09,101.7300033569336,86.59375
2010-12-10,101.56999969482422,86.45753479003906
2010-12-13,101.43000030517578,86.33838653564453
2010-12-14,101.08000183105469,86.04045104980469
2010-12-15,101.26000213623047,86.1937026977539
2010-12-16,101.02999877929688,85.99790954589844
2010-12-17,101.11000061035156,86.06600189208984
2010-12-20,101.38999938964844,86.3043441772461
2010-12-21,101.23999786376953,86.17666625976562
2010-12-22,101.44000244140625,86.34688568115234
2010-12-23,101.33999633789062,86.26177215576172
2010-12-27,101.27999877929688,86.21070098876953
2010-12-28,101.41999816894531,86.32987213134766
2010-12-29,99.77999877929688,84.93388366699219
2010-12-30,99.91999816894531,85.05303192138672
2011-01-03,100.3499984741211,85.4190673828125
2011-01-04,100.5,85.5467529296875
2011-01-05,100.2300033569336,85.31694030761719
2011-01-06,99.93000030517578,85.06156158447266
2011-01-07,99.97000122070312,85.09562683105469
2011-01-10,99.83000183105469,84.97644805908203
2011-01-11,99.87999725341797,85.01900482177734
2011-01-12,99.66999816894531,84.84027099609375
2011-01-13,99.93000030517578,85.06156158447266
2011-01-14,99.94999694824219,85.07861328125
2011-01-17,99.87000274658203,85.01051330566406
2011-01-18,99.5199966430664,84.71258544921875
2011-01-19,99.77999877929688,84.93388366699219
2011-01-20,99.55000305175781,84.73809814453125
2011-01-21,99.7300033569336,84.89131164550781
2011-01-24,99.87999725341797,85.01900482177734
2011-01-25,99.62999725341797,84.80619049072266
2011-01-26,99.37000274658203,84.58492279052734
2011-01-27,99.11000061035156,84.36359405517578
2011-01-28,99.2699966430664,84.49977111816406
2011-01-31,99.45999908447266,84.66151428222656
2011-02-01,99.5,84.69556427001953
2011-02-02,99.7699966430664,84.92536163330078
2011-02-03,99.75,84.90837860107422
2011-02-04,99.61000061035156,84.78921508789062
2011-02-07,99.45999908447266,84.66151428222656
2011-02-08,99.19539642333984,84.43629455566406
2011-02-09,99.05999755859375,84.32101440429688
2011-02-10,99.01000213623047,84.27847290039062
2011-02-11,99.0999984741211,84.35507202148438
2011-02-14,98.93000030517578,84.21037292480469
2011-02-15,99.01000213623047,84.27847290039062
2011-02-16,99.37999725341797,84.59342193603516
2011-02-17,99.55999755859375,84.74662017822266
2011-02-18,99.2699966430664,84.49977111816406
2011-02-21,99.5,84.69556427001953
2011-02-22,99.55000305175781,84.73809814453125
2011-02-23,99.56999969482422,84.75511169433594
2011-02-24,99.51000213623047,84.70407104492188
2011-02-25,99.44999694824219,84.65299987792969
2011-02-28,99.44000244140625,84.64448547363281
2011-03-01,99.43000030517578,84.63595581054688
2011-03-02,99.41000366210938,84.61894989013672
2011-03-03,98.79560089111328,84.095947265625
2011-03-04,98.88999938964844,84.17630767822266
2011-03-07,98.91999816894531,84.20185852050781
2011-03-08,98.61000061035156,83.93798065185547
2011-03-09,98.62000274658203,83.94648742675781
2011-03-10,98.86000061035156,84.15077209472656
2011-03-11,99.2699966430664,84.49977111816406
2011-03-14,99.5199966430664,84.71258544921875
2011-03-15,100.04000091552734,85.15519714355469
2011-03-16,100.20999908447266,85.29991912841797
2011-03-17,99.7699966430664,84.92536163330078
2011-03-18,99.80000305175781,84.95092010498047
2011-03-21,99.55000305175781,84.73809814453125
2011-03-22,99.45999908447266,84.66151428222656
2011-03-23,99.44000244140625,84.64448547363281
2011-03-24,99.36000061035156,84.5763931274414
2011-03-25,99.25,84.48274993896484
2011-03-28,99.11000061035156,84.36359405517578
2011-03-29,98.97000122070312,84.2444076538086
2011-03-30,99.01000213623047,84.27847290039062
2011-03-31,98.75,84.05713653564453
2011-04-01,98.69999694824219,84.01457214355469
2011-04-04,98.87999725341797,84.16780090332031
2011-04-05,98.80999755859375,84.10822296142578
2011-04-06,98.83999633789062,84.13373565673828
2011-04-07,98.91000366210938,84.19335174560547
2011-04-08,98.58000183105469,83.91242980957031
2011-04-11,98.69000244140625,84.00606536865234
2011-04-12,98.95999908447266,84.23588562011719
2011-04-13,98.9000015258789,84.18482971191406
2011-04-14,98.80000305175781,84.09969329833984
2011-04-15,98.7699966430664,84.07415008544922
2011-04-18,99.01000213623047,84.27847290039062
2011-04-19,99.05999755859375,84.32101440429688
2011-04-20,98.94000244140625,84.21887969970703
2011-04-21,98.95999908447266,84.23588562011719
2011-04-26,98.88999938964844,84.17630767822266
2011-04-27,98.73999786376953,84.04861450195312
2011-04-28,99.13999938964844,84.38912963867188
2011-04-29,99.33000183105469,84.55083465576172
2011-05-02,99.30999755859375,84.53380584716797
2011-05-03,99.2300033569336,84.4657211303711
2011-05-04,99.12999725341797,84.38059997558594
2011-05-05,99.45999908447266,84.66151428222656
2011-05-06,99.62000274658203,84.79772186279297
2011-05-09,99.76000213623047,84.9168701171875
2011-05-10,99.77999877929688,84.93388366699219
2011-05-11,99.79000091552734,84.94241333007812
2011-05-12,100.0199966430664,85.13817596435547
2011-05-13,100.05999755859375,85.17223358154297
2011-05-16,99.97000122070312,85.09562683105469
2011-05-17,100.04000091552734,85.15519714355469
2011-05-18,99.93000030517578,85.06156158447266
2011-05-19,99.79000091552734,84.94241333007812
2011-05-20,99.9000015258789,85.03604125976562
2011-05-23,99.98999786376953,85.11264038085938
2011-05-24,99.9000015258789,85.03604125976562
2011-05-25,100.18000030517578,85.27437591552734
2011-05-26,100.41000366210938,85.47014617919922
2011-05-27,100.47000122070312,85.521240234375
2011-05-30,100.3499984741211,85.4190673828125
2011-05-31,100.29000091552734,85.36800384521484
2011-06-01,100.51000213623047,85.5552749633789
2011-06-02,100.62000274658203,85.6489028930664
2011-06-03,100.5999984741211,85.63188171386719
2011-06-06,100.5999984741211,85.63188171386719
2011-06-07,100.8499984741211,85.84468841552734
2011-06-08,100.26809692382812,85.349365234375
2011-06-09,100.27999877929688,85.35950469970703
2011-06-10,100.47000122070312,85.521240234375
2011-06-13,100.41999816894531,85.47866821289062
2011-06-14,100.31999969482422,85.3935546875
2011-06-15,100.29000091552734,85.36800384521484
2011-06-16,100.23999786376953,85.325439453125
2011-06-17,100.2699966430664,85.3509750366211
2011-06-20,100.12999725341797,85.23181915283203
2011-06-21,100.08999633789062,85.19775390625
2011-06-22,98.80999755859375,84.10822296142578
2011-06-23,98.95999908447266,84.23588562011719
2011-06-24,98.87999725341797,84.16780090332031
2011-06-27,98.62999725341797,83.95500183105469
2011-06-28,98.56999969482422,83.90392303466797
2011-06-29,98.52999877929688,83.86988830566406
2011-06-30,98.66000366210938,83.98052215576172
2011-07-01,98.70999908447266,84.02312469482422
2011-07-04,98.77999877929688,84.08267974853516
2011-07-05,98.70999908447266,84.02312469482422
2011-07-06,98.4800033569336,83.82730865478516
2011-07-07,98.33999633789062,83.7081527709961
2011-07-08,98.55999755859375,83.89540100097656
2011-07-11,98.12000274658203,83.52088165283203
2011-07-12,98.30999755859375,83.6826171875
2011-07-13,98.12999725341797,83.52941131591797
2011-07-14,98.01000213623047,83.42724609375
2011-07-15,97.95999908447266,83.38468170166016
2011-07-18,97.61000061035156,83.08676147460938
2011-07-19,98.0199966430664,83.43577575683594
2011-07-20,98.13999938964844,83.53791046142578
2011-07-21,98.37000274658203,83.73368072509766
2011-07-22,98.6500015258789,83.9720230102539
2011-07-25,98.2300033569336,83.61450958251953
2011-07-26,98.37999725341797,83.74217987060547
2011-07-27,98.6500015258789,83.9720230102539
2011-07-28,98.55000305175781,83.88689422607422
2011-07-29,98.68000030517578,83.99755859375
2011-08-01,98.70999908447266,84.02312469482422
2011-08-02,98.61000061035156,83.93798065185547
2011-08-03,98.69999694824219,84.01457214355469
2011-08-04,98.87000274658203,84.15929412841797
2011-08-05,99.20999908447266,84.4487075805664
2011-08-08,100.91999816894531,85.90425109863281
2011-08-09,100.77999877929688,85.78510284423828
2011-08-10,101.51000213623047,86.40648651123047
2011-08-11,101.23999786376953,86.17666625976562
2011-08-12,101.30000305175781,86.22772216796875
2011-08-15,101.37000274658203,86.28733825683594
2011-08-16,101.41000366210938,86.32136535644531
2011-08-17,101.89009857177734,86.73002624511719
2011-08-18,102.42359924316406,87.18414306640625
2011-08-19,102.48999786376953,87.24066925048828
2011-08-22,102.4800033569336,87.23217010498047
2011-08-23,102.30999755859375,87.08746337890625
2011-08-24,101.95999908447266,86.78952026367188
2011-08-25,102.05999755859375,86.87467956542969
2011-08-26,102.20999908447266,87.00235748291016
2011-08-29,101.86000061035156,86.70439910888672
2011-08-30,102.16000366210938,86.95978546142578
2011-08-31,101.73999786376953,86.6022720336914
2011-09-01,101.83999633789062,86.6873779296875
2011-09-02,102.05000305175781,86.86617279052734
2011-09-05,101.87000274658203,86.71292114257812
2011-09-06,101.9000015258789,86.73845672607422
2011-09-07,102.37000274658203,87.13853454589844
2011-09-08,102.55999755859375,87.3002700805664
2011-09-09,102.62000274658203,87.3513412475586
2011-09-12,102.13999938964844,86.94276428222656
2011-09-13,101.87000274658203,86.71292114257812
2011-09-14,101.66000366210938,86.53416442871094
2011-09-15,101.52999877929688,86.42352294921875
2011-09-16,102.24610137939453,87.0330581665039
2011-09-19,102.22000122070312,87.01085662841797
2011-09-20,102.05000305175781,86.86617279052734
2011-09-21,102.02999877929688,86.84912109375
2011-09-22,102.54000091552734,87.28324890136719
2011-09-23,102.54000091552734,87.28324890136719
2011-09-26,102.33999633789062,87.11299133300781
2011-09-27,102.05999755859375,86.87467956542969
2011-09-28,101.87999725341797,86.721435546875
2011-09-29,102.0199966430664,86.84059143066406
2011-09-30,102.44000244140625,87.19811248779297
2011-10-04,102.7699966430664,87.47901153564453
2011-10-05,102.33000183105469,87.10447692871094
2011-10-06,102.06999969482422,86.88317108154297
2011-10-07,101.97000122070312,86.79805755615234
2011-10-10,101.62000274658203,86.5001449584961
2011-10-11,101.47000122070312,86.3724594116211
2011-10-12,100.94969940185547,85.92953491210938
2011-10-13,100.94999694824219,85.92980194091797
2011-10-14,100.5,85.5467529296875
2011-10-17,100.75,85.75957489013672
2011-10-18,100.62999725341797,85.65741729736328
2011-10-19,100.30000305175781,85.37651824951172
2011-10-20,100.33000183105469,85.40205383300781
2011-10-21,100.25,85.33395385742188
2011-10-24,100.01000213623047,85.12968444824219
2011-10-25,100.43000030517578,85.48717498779297
2011-10-26,100.9000015258789,85.88723754882812
2011-10-27,100.63999938964844,85.66592407226562
2011-10-28,100.27999877929688,85.35950469970703
2011-10-31,100.5,85.5467529296875
2011-11-01,101.05000305175781,86.01493072509766
2011-11-02,100.81999969482422,85.81914520263672
2011-11-03,100.5999984741211,85.63188171386719
2011-11-04,100.52999877929688,85.57230377197266
2011-11-07,100.08999633789062,85.19775390625
2011-11-08,99.95999908447266,85.08711242675781
2011-11-09,99.27850341796875,84.50700378417969
2011-11-10,99.08000183105469,84.33804321289062
2011-11-11,99.66000366210938,84.83175659179688
2011-11-14,99.23999786376953,84.47423553466797
2011-11-15,98.2699966430664,83.64854431152344
2011-11-16,98.25,83.63153076171875
2011-11-17,98.30000305175781,83.67410278320312
2011-11-18,98.80000305175781,84.09969329833984
2011-11-21,98.80999755859375,84.10822296142578
2011-11-22,98.36000061035156,83.72517395019531
2011-11-23,98.02999877929688,83.44427490234375
2011-11-24,96.88999938964844,82.47388458251953
2011-11-25,96.55000305175781,82.18448638916016
2011-11-28,97.02999877929688,82.5930404663086
2011-11-29,97.2699966430664,82.7973403930664
2011-11-30,98.05999755859375,83.46980285644531
2011-12-01,99.37000274658203,84.58492279052734
2011-12-02,99.41999816894531,84.62745666503906
2011-12-05,100.62999725341797,85.65741729736328
2011-12-06,100.4800033569336,85.52974700927734
2011-12-07,100.48999786376953,85.53826141357422
2011-12-08,99.62999725341797,84.80619049072266
2011-12-09,99.88999938964844,85.02751922607422
2011-12-12,100.01000213623047,85.12968444824219
2011-12-13,100.13999938964844,85.24031066894531
2011-12-14,100.47000122070312,85.521240234375
2011-12-15,101.16999816894531,86.1170883178711
2011-12-16,101.37999725341797,86.29581451416016
2011-12-19,101.51000213623047,86.40648651123047
2011-12-20,101.66000366210938,86.53416442871094
2011-12-21,101.41000366210938,86.32136535644531
2011-12-22,101.37000274658203,86.28733825683594
2011-12-23,101.51000213623047,86.40648651123047
2011-12-27,101.76000213623047,86.61930084228516
2011-12-28,100.37000274658203,85.43611907958984
2011-12-29,100.36000061035156,85.4276123046875
2011-12-30,100.33999633789062,85.4105453491211
2012-01-02,100.16999816894531,85.26586151123047
2012-01-03,99.94999694824219,85.07861328125
2012-01-04,99.68000030517578,84.8487777709961
2012-01-05,99.30999755859375,84.53380584716797
2012-01-06,99.04000091552734,84.30399322509766
2012-01-09,99.19000244140625,84.43168640136719
2012-01-10,99.33999633789062,84.5593490600586
2012-01-11,99.91999816894531,85.05303192138672
2012-01-12,100.83999633789062,85.83617401123047
2012-01-13,100.69000244140625,85.70850372314453
2012-01-16,100.79000091552734,85.79360961914062
2012-01-17,100.75,85.75957489013672
2012-01-18,100.73999786376953,85.75105285644531
2012-01-19,100.63999938964844,85.66592407226562
2012-01-20,100.80999755859375,85.81063079833984
2012-01-23,100.87999725341797,85.87023162841797
2012-01-24,100.80000305175781,85.8021469116211
2012-01-25,100.9000015258789,85.88723754882812
2012-01-26,101.41999816894531,86.32987213134766
2012-01-27,101.93000030517578,86.76399993896484
2012-01-30,101.83999633789062,86.6873779296875
2012-01-31,102.06999969482422,86.88317108154297
2012-02-01,102.58999633789062,87.3257827758789
2012-02-02,102.87000274658203,87.56413269042969
2012-02-03,102.66000366210938,87.38539123535156
2012-02-06,102.98999786376953,87.6662826538086
2012-02-07,102.80000305175781,87.50454711914062
2012-02-08,102.80000305175781,87.50454711914062
2012-02-09,102.76000213623047,87.4704818725586
2012-02-10,102.62999725341797,87.35984802246094
2012-02-13,102.80000305175781,87.50454711914062
2012-02-14,102.80000305175781,87.50454711914062
2012-02-15,102.56999969482422,87.30877685546875
2012-02-16,102.62999725341797,87.35984802246094
2012-02-17,102.87999725341797,87.5726318359375
2012-02-20,102.97000122070312,87.64926147460938
2012-02-21,103.05000305175781,87.71735382080078
2012-02-22,103.18000030517578,87.8280029296875
2012-02-23,103.16999816894531,87.81947326660156
2012-02-24,103.25,87.88758850097656
2012-02-27,103.48999786376953,88.09188079833984
2012-02-28,103.5999984741211,88.18550872802734
2012-02-29,103.9800033569336,88.50897979736328
2012-03-01,104.47000122070312,88.92608642578125
2012-03-02,104.68000030517578,89.10482025146484
2012-03-05,104.41000366210938,88.87500762939453
2012-03-06,104.06999969482422,88.58560943603516
2012-03-07,104.31999969482422,88.79839324951172
2012-03-08,104.55999755859375,89.00267028808594
2012-03-09,104.58999633789062,89.02822875976562
2012-03-12,104.41000366210938,88.87500762939453
2012-03-13,104.33999633789062,88.81542205810547
2012-03-14,104.06999969482422,88.58560943603516
2012-03-15,103.94999694824219,88.4834213256836
2012-03-16,103.69999694824219,88.27066040039062
2012-03-19,103.88999938964844,88.432373046875
2012-03-20,103.80000305175781,88.35577392578125
2012-03-21,103.70999908447266,88.27916717529297
2012-03-22,103.68000030517578,88.25360870361328
2012-03-23,103.91999816894531,88.4579086303711
2012-03-26,103.91000366210938,88.44938659667969
2012-03-27,103.7699966430664,88.33023071289062
2012-03-28,103.88999938964844,88.432373046875
2012-03-29,103.66999816894531,88.24510955810547
2012-03-30,103.98999786376953,88.51749420166016
2012-04-02,104.06999969482422,88.58560943603516
2012-04-03,103.93000030517578,88.46642303466797
2012-04-04,103.43000030517578,88.04080963134766
2012-04-05,103.2699966430664,87.90460968017578
2012-04-10,102.91000366210938,87.59819793701172
2012-04-11,103.13999938964844,87.79396057128906
2012-04-12,103.44999694824219,88.05782318115234
2012-04-13,103.16999816894531,87.81947326660156
2012-04-16,102.9800033569336,87.65777587890625
2012-04-17,103.16999816894531,87.81947326660156
2012-04-18,103.30999755859375,87.93866729736328
2012-04-19,103.06999969482422,87.734375
2012-04-20,102.91999816894531,87.60669708251953
2012-04-23,102.8499984741211,87.54711151123047
2012-04-24,103.0999984741211,87.75991821289062
2012-04-25,103.26000213623047,87.8960952758789
2012-04-26,103.41999816894531,88.03231048583984
2012-04-27,103.4000015258789,88.01527404785156
2012-04-30,103.76000213623047,88.32171630859375
2012-05-02,103.76000213623047,88.32171630859375
2012-05-03,103.98999786376953,88.51749420166016
2012-05-04,104.27999877929688,88.76435089111328
2012-05-07,104.47000122070312,88.92608642578125
2012-05-08,104.4800033569336,88.93457794189453
2012-05-09,104.05999755859375,88.57707214355469
2012-05-10,104.3499984741211,88.82391357421875
2012-05-11,104.43000030517578,88.89202117919922
2012-05-14,104.11000061035156,88.61962890625
2012-05-15,103.6500015258789,88.22808837890625
2012-05-16,103.83000183105469,88.38130187988281
2012-05-17,103.83000183105469,88.38130187988281
2012-05-18,103.91999816894531,88.4579086303711
2012-05-21,103.94999694824219,88.4834213256836
2012-05-22,104.33999633789062,88.81542205810547
2012-05-23,104.41000366210938,88.87500762939453
2012-05-24,104.93000030517578,89.31761932373047
2012-05-25,104.83999633789062,89.24102020263672
2012-05-28,104.62999725341797,89.06224822998047
2012-05-29,104.58999633789062,89.02822875976562
2012-05-30,104.44000244140625,88.90052795410156
2012-05-31,104.9000015258789,89.2920913696289
2012-06-01,105.51000213623047,89.81134796142578
2012-06-04,105.62999725341797,89.91348266601562
2012-06-05,105.66000366210938,89.93901824951172
2012-06-06,105.36000061035156,89.68364715576172
2012-06-07,104.9800033569336,89.36019134521484
2012-06-08,104.9800033569336,89.36019134521484
2012-06-11,104.38999938964844,88.85797882080078
2012-06-12,103.4800033569336,88.08338165283203
2012-06-13,103.0999984741211,87.75991821289062
2012-06-14,103.20999908447266,87.8535385131836
2012-06-15,103.86000061035156,88.40684509277344
2012-06-18,103.5,88.10040283203125
2012-06-19,103.37999725341797,87.99824523925781
2012-06-20,102.26000213623047,87.0448989868164
2012-06-21,102.6500015258789,87.37686157226562
2012-06-22,102.72000122070312,87.43647003173828
2012-06-25,102.4800033569336,87.23217010498047
2012-06-26,101.91999816894531,86.75548553466797
2012-06-27,101.79000091552734,86.64482879638672
2012-06-28,101.8499984741211,86.69588470458984
2012-06-29,102.7300033569336,87.44499206542969
2012-07-02,103.25,87.88758850097656
2012-07-03,103.37999725341797,87.99824523925781
2012-07-04,103.3499984741211,87.97271728515625
2012-07-05,103.12999725341797,87.78543853759766
2012-07-06,103.43000030517578,88.04080963134766
2012-07-09,103.19000244140625,87.83654022216797
2012-07-10,103.5999984741211,88.18550872802734
2012-07-11,104.11000061035156,88.61962890625
2012-07-12,104.16000366210938,88.66219329833984
2012-07-13,104.11000061035156,88.61962890625
2012-07-16,104.19000244140625,88.6877212524414
2012-07-17,104.43000030517578,88.89202117919922
2012-07-18,104.31999969482422,88.79839324951172
2012-07-19,104.41999816894531,88.88351440429688
2012-07-20,104.1500015258789,88.6536865234375
2012-07-23,103.48999786376953,88.09188079833984
2012-07-24,102.69999694824219,87.41941833496094
2012-07-25,102.87999725341797,87.5726318359375
2012-07-26,103.76000213623047,88.32171630859375
2012-07-27,103.9000015258789,88.44087982177734
2012-07-30,104.16000366210938,88.66219329833984
2012-07-31,104.33000183105469,88.80690002441406
2012-08-01,104.41000366210938,88.87500762939453
2012-08-02,104.26000213623047,88.74732208251953
2012-08-03,104.4800033569336,88.93457794189453
2012-08-06,104.7699966430664,89.1814193725586
2012-08-07,104.51000213623047,88.96012115478516
2012-08-08,104.7300033569336,89.14739227294922
2012-08-09,104.81999969482422,89.2239990234375
2012-08-10,104.8499984741211,89.24952697753906
2012-08-13,104.76000213623047,89.17292022705078
2012-08-14,104.72000122070312,89.13888549804688
2012-08-15,104.62999725341797,89.06224822998047
2012-08-16,104.76000213623047,89.17292022705078
2012-08-17,104.87000274658203,89.26656341552734
2012-08-20,104.94000244140625,89.3261489868164
2012-08-21,104.94999694824219,89.33465576171875
2012-08-22,105.22000122070312,89.56449890136719
2012-08-23,105.41000366210938,89.72621154785156
2012-08-24,105.44000244140625,89.75174713134766
2012-08-27,105.51000213623047,89.81134796142578
2012-08-28,105.44000244140625,89.75174713134766
2012-08-29,105.41000366210938,89.72621154785156
2012-08-30,105.33000183105469,89.65809631347656
2012-08-31,105.19999694824219,89.54745483398438
2012-09-03,105.16000366210938,89.51342010498047
2012-09-04,105.43000030517578,89.74324035644531
2012-09-05,105.4800033569336,89.78579711914062
2012-09-06,105.66999816894531,89.94751739501953
2012-09-07,106.25,90.44121551513672
2012-09-10,105.8499984741211,90.10074615478516
2012-09-11,106.22000122070312,90.41569519042969
2012-09-12,106.20999908447266,90.40717315673828
2012-09-13,106.4000015258789,90.56890106201172
2012-09-14,105.87000274658203,90.11778259277344
2012-09-17,105.69000244140625,89.96456909179688
2012-09-18,105.93000030517578,90.16883850097656
2012-09-19,106.26000213623047,90.44973754882812
2012-09-20,106.2300033569336,90.42420196533203
2012-09-21,106.18000030517578,90.38164520263672
2012-09-24,106.30000305175781,90.48381042480469
2012-09-25,106.11000061035156,90.32205200195312
2012-09-26,106.2300033569336,90.42420196533203
2012-09-27,106.37000274658203,90.54337310791016
2012-09-28,106.48999786376953,90.64550018310547
2012-10-01,106.51000213623047,90.66253662109375
2012-10-02,106.61000061035156,90.7476577758789
2012-10-04,106.58000183105469,90.72215270996094
2012-10-05,106.68000030517578,90.8072509765625
2012-10-08,106.79000091552734,90.90089416503906
2012-10-09,106.76000213623047,90.87535095214844
2012-10-10,106.83999633789062,90.94344329833984
2012-10-11,106.95999908447266,91.04558563232422
2012-10-12,107.29000091552734,91.32648468017578
2012-10-15,107.18000030517578,91.23287200927734
2012-10-16,107.0199966430664,91.09667205810547
2012-10-17,107.16999816894531,91.224365234375
2012-10-18,107.1500015258789,91.20732116699219
2012-10-19,107.2699966430664,91.30945587158203
2012-10-22,107.1500015258789,91.20732116699219
2012-10-23,107.0,91.07963562011719
2012-10-24,107.0,91.07963562011719
2012-10-25,106.97000122070312,91.0541000366211
2012-10-26,107.06999969482422,91.13919830322266
2012-10-29,107.12000274658203,91.18180847167969
2012-10-30,107.11000061035156,91.17327880859375
2012-10-31,107.26000213623047,91.30096435546875
2012-11-01,107.38999938964844,91.41160583496094
2012-11-02,107.37999725341797,91.40312957763672
2012-11-05,107.36000061035156,91.38607025146484
2012-11-06,107.55999755859375,91.55630493164062
2012-11-07,107.69999694824219,91.67547607421875
2012-11-08,107.61000061035156,91.59888458251953
2012-11-09,107.79000091552734,91.75210571289062
2012-11-12,107.75,91.7180404663086
2012-11-13,107.91999816894531,91.86276245117188
2012-11-14,107.7699966430664,91.73506164550781
2012-11-15,107.83000183105469,91.78614044189453
2012-11-16,107.91000366210938,91.85423278808594
2012-11-19,107.81999969482422,91.77761840820312
2012-11-20,107.6500015258789,91.63292694091797
2012-11-21,107.63999938964844,91.62440490722656
2012-11-22,107.73999786376953,91.70951080322266
2012-11-23,107.81999969482422,91.77761840820312
2012-11-26,107.91000366210938,91.85423278808594
2012-11-27,108.06999969482422,91.99043273925781
2012-11-28,108.66000366210938,92.49266815185547
2012-11-29,108.69999694824219,92.52669525146484
2012-11-30,108.79000091552734,92.60330200195312
2012-12-03,108.83999633789062,92.64585876464844
2012-12-04,108.95999908447266,92.7480239868164
2012-12-05,109.01000213623047,92.79056549072266
2012-12-06,108.91000366210938,92.70545196533203
2012-12-07,109.02999877929688,92.80760955810547
2012-12-10,108.55000305175781,92.39903259277344
2012-12-11,108.70999908447266,92.53520202636719
2012-12-12,108.9000015258789,92.69693756103516
2012-12-13,108.9000015258789,92.69693756103516
2012-12-14,109.04000091552734,92.81609344482422
2012-12-17,109.01000213623047,92.79056549072266
2012-12-18,109.0999984741211,92.86717987060547
2012-12-19,109.31999969482422,93.05445098876953
2012-12-20,109.45999908447266,93.17362213134766
2012-12-21,109.44999694824219,93.16511535644531
2012-12-27,108.0999984741211,92.0159683227539
2012-12-28,108.11000061035156,92.02446746826172
2013-01-02,108.12000274658203,92.03299713134766
2013-01-03,107.93000030517578,91.87125396728516
2013-01-04,107.66999816894531,91.64995574951172
2013-01-07,107.62000274658203,91.6073989868164
2013-01-08,107.80000305175781,91.7606201171875
2013-01-09,107.9000015258789,91.84573364257812
2013-01-10,107.95999908447266,91.89680480957031
2013-01-11,107.95999908447266,91.89680480957031
2013-01-14,107.86000061035156,91.8116683959961
2013-01-15,107.9800033569336,91.91382598876953
2013-01-16,108.0,91.93083953857422
2013-01-17,107.75,91.7180404663086
2013-01-18,108.06999969482422,91.99043273925781
2013-01-21,107.77999877929688,91.74359130859375
2013-01-22,107.91000366210938,91.85423278808594
2013-01-23,108.02999877929688,91.9564208984375
2013-01-24,107.94999694824219,91.8883056640625
2013-01-25,107.77999877929688,91.74359130859375
2013-01-28,107.44999694824219,91.46269226074219
2013-01-29,107.62000274658203,91.6073989868164
2013-01-30,107.3499984741211,91.3775634765625
2013-01-31,107.55000305175781,91.54780578613281
2013-02-01,107.56999969482422,91.56482696533203
2013-02-04,107.31999969482422,91.35202026367188
2013-02-05,107.27999877929688,91.31798553466797
2013-02-06,107.12000274658203,91.18180847167969
2013-02-07,107.27999877929688,91.31798553466797
2013-02-08,107.37000274658203,91.39459991455078
2013-02-11,107.16999816894531,91.224365234375
2013-02-12,107.29000091552734,91.32648468017578
2013-02-13,107.44999694824219,91.46269226074219
2013-02-14,107.55999755859375,91.55630493164062
2013-02-15,107.55000305175781,91.54780578613281
2013-02-18,107.55000305175781,91.54780578613281
2013-02-19,107.5999984741211,91.59036254882812
2013-02-20,107.47000122070312,91.4797134399414
2013-02-21,107.58000183105469,91.57335662841797
2013-02-22,107.72000122070312,91.69248962402344
2013-02-25,107.76000213623047,91.72655487060547
2013-02-26,107.37000274658203,91.39459991455078
2013-02-27,107.58999633789062,91.58182525634766
2013-02-28,107.83000183105469,91.78614044189453
2013-03-01,108.01000213623047,91.93934631347656
2013-03-04,107.91000366210938,91.85423278808594
2013-03-05,107.94999694824219,91.8883056640625
2013-03-06,108.05000305175781,91.97341918945312
2013-03-07,108.06999969482422,91.99043273925781
2013-03-08,108.04000091552734,91.96491241455078
2013-03-11,107.98999786376953,91.92233276367188
2013-03-12,108.19999694824219,92.10108184814453
2013-03-13,108.12000274658203,92.03299713134766
2013-03-14,108.12999725341797,92.04151916503906
2013-03-15,108.22000122070312,92.11811065673828
2013-03-18,108.33999633789062,92.22025299072266
2013-03-19,108.43000030517578,92.2968521118164
2013-03-20,108.44999694824219,92.31390380859375
2013-03-21,108.70999908447266,92.53520202636719
2013-03-22,108.7300033569336,92.55223846435547
2013-03-25,108.61000061035156,92.45008850097656
2013-03-26,108.55999755859375,92.40753173828125
2013-03-27,108.47000122070312,92.3309097290039
2013-03-28,108.41999816894531,92.2883529663086
2013-04-02,108.58000183105469,92.42454528808594
2013-04-03,108.73999786376953,92.56075286865234
2013-04-04,109.11000061035156,92.87570190429688
2013-04-05,109.9000015258789,93.54816436767578
2013-04-08,109.94999694824219,93.59070587158203
2013-04-09,109.69999694824219,93.37792205810547
2013-04-10,109.62999725341797,93.31832885742188
2013-04-11,109.62000274658203,93.30982208251953
2013-04-12,109.72000122070312,93.39495849609375
2013-04-15,109.73999786376953,93.41195678710938
2013-04-16,109.72000122070312,93.39495849609375
2013-04-17,109.97000122070312,93.60774230957031
2013-04-18,110.01000213623047,93.64180755615234
2013-04-19,110.0199966430664,93.6502914428711
2013-04-22,110.44000244140625,94.00779724121094
2013-04-23,110.77999877929688,94.29720306396484
2013-04-24,110.69999694824219,94.2291259765625
2013-04-25,110.58999633789062,94.13548278808594
2013-04-26,110.7300033569336,94.25466918945312
2013-04-29,111.05999755859375,94.5355453491211
2013-04-30,111.19999694824219,94.65475463867188
2013-05-02,111.58000183105469,94.97818756103516
2013-05-03,111.3499984741211,94.78239440917969
2013-05-06,111.31999969482422,94.75686645507812
2013-05-07,111.16999816894531,94.62918090820312
2013-05-08,111.36000061035156,94.79093170166016
2013-05-09,111.18000030517578,94.63770294189453
2013-05-10,110.68000030517578,94.21208953857422
2013-05-13,110.58999633789062,94.13548278808594
2013-05-14,110.44999694824219,94.01630401611328
2013-05-15,110.41999816894531,93.99077606201172
2013-05-16,110.77999877929688,94.29720306396484
2013-05-17,111.0199966430664,94.50150299072266
2013-05-20,110.86000061035156,94.36531829833984
2013-05-21,110.66000366210938,94.19507598876953
2013-05-22,110.83000183105469,94.33978271484375
2013-05-23,110.44000244140625,94.00779724121094
2013-05-24,110.19999694824219,93.80350494384766
2013-05-27,110.27999877929688,93.87161254882812
2013-05-28,110.22000122070312,93.820556640625
2013-05-29,109.80000305175781,93.46302032470703
2013-05-30,109.87000274658203,93.52262115478516
2013-05-31,109.80000305175781,93.46302032470703
2013-06-03,109.73999786376953,93.41195678710938
2013-06-04,109.75,93.42046356201172
2013-06-05,109.80999755859375,93.4715347290039
2013-06-06,109.19999694824219,92.95230102539062
2013-06-07,109.36000061035156,93.08849334716797
2013-06-10,109.02999877929688,92.80760955810547
2013-06-11,108.75,92.56924438476562
2013-06-12,108.80999755859375,92.62032318115234
2013-06-13,108.94000244140625,92.73097229003906
2013-06-14,109.31999969482422,93.05445098876953
2013-06-17,109.36000061035156,93.08849334716797
2013-06-18,109.12000274658203,92.88421630859375
2013-06-19,109.27999877929688,93.02039337158203
2013-06-20,108.19000244140625,92.09258270263672
2013-06-21,107.81999969482422,91.77761840820312
2013-06-24,106.98999786376953,91.07115173339844
2013-06-25,107.0,91.07963562011719
2013-06-26,106.4800033569336,91.62286376953125
2013-06-27,106.87999725341797,91.96704864501953
2013-06-28,106.93000030517578,92.01007080078125
2013-07-01,107.2300033569336,92.26820373535156
2013-07-02,107.38999938964844,92.40586853027344
2013-07-03,107.23999786376953,92.27680206298828
2013-07-04,107.5999984741211,92.58658599853516
2013-07-05,107.38999938964844,92.40586853027344
2013-07-08,107.54000091552734,92.5349349975586
2013-07-09,107.61000061035156,92.5951919555664
2013-07-10,107.4800033569336,92.48333740234375
2013-07-11,107.44000244140625,92.44891357421875
2013-07-12,107.66000366210938,92.63821411132812
2013-07-15,107.63999938964844,92.6209945678711
2013-07-16,107.79000091552734,92.75007629394531
2013-07-17,107.75,92.71564483642578
2013-07-18,107.94999694824219,92.88775634765625
2013-07-19,107.94999694824219,92.88775634765625
2013-07-22,108.08000183105469,92.9996109008789
2013-07-23,107.97000122070312,92.90496063232422
2013-07-24,107.76000213623047,92.72425079345703
2013-07-25,107.66999816894531,92.64681243896484
2013-07-26,107.69000244140625,92.66400909423828
2013-07-29,107.58000183105469,92.56938934326172
2013-07-30,107.61000061035156,92.5951919555664
2013-07-31,107.7300033569336,92.69844818115234
2013-08-01,107.83999633789062,92.79308319091797
2013-08-02,108.06999969482422,92.99100494384766
2013-08-05,107.81999969482422,92.77587127685547
2013-08-06,107.91999816894531,92.86193084716797
2013-08-07,107.98999786376953,92.92216491699219
2013-08-08,108.12000274658203,93.03402709960938
2013-08-09,108.16999816894531,93.07705688476562
2013-08-12,108.13999938964844,93.05123901367188
2013-08-13,107.6500015258789,92.62960052490234
2013-08-14,107.80000305175781,92.7586898803711
2013-08-15,107.44999694824219,92.45751953125
2013-08-16,107.5999984741211,92.58658599853516
2013-08-19,107.33999633789062,92.36286926269531
2013-08-20,107.41000366210938,92.423095703125
2013-08-21,107.18000030517578,92.2251968383789
2013-08-22,107.11000061035156,92.16496276855469
2013-08-23,107.16000366210938,92.20796966552734
2013-08-26,107.16000366210938,92.20796966552734
2013-08-27,107.13999938964844,92.19075012207031
2013-08-28,107.16000366210938,92.20796966552734
2013-08-29,107.1500015258789,92.1993637084961
2013-08-30,107.1500015258789,92.1993637084961
2013-09-02,107.13999938964844,92.19075012207031
2013-09-03,107.02999877929688,92.09611511230469
2013-09-04,106.95999908447266,92.03588104248047
2013-09-05,106.36000061035156,91.51959228515625
2013-09-06,106.7699966430664,91.87239837646484
2013-09-09,106.72000122070312,91.8293685913086
2013-09-10,106.4800033569336,91.62286376953125
2013-09-11,106.62999725341797,91.7519302368164
2013-09-12,106.77999877929688,91.8810043334961
2013-09-13,106.76000213623047,91.8637924194336
2013-09-16,107.1500015258789,92.1993637084961
2013-09-17,107.19000244140625,92.23379516601562
2013-09-18,107.13999938964844,92.19075012207031
2013-09-19,107.55999755859375,92.55216217041016
2013-09-20,107.4800033569336,92.48333740234375
2013-09-23,107.63999938964844,92.6209945678711
2013-09-24,107.94000244140625,92.87913513183594
2013-09-25,108.05999755859375,92.98240661621094
2013-09-26,107.83000183105469,92.78449249267578
2013-09-27,107.83999633789062,92.79308319091797
2013-09-30,107.93000030517578,92.87052917480469
2013-10-01,108.1500015258789,93.05985260009766
2013-10-02,108.18000030517578,93.08566284179688
2013-10-04,108.12000274658203,93.03402709960938
2013-10-07,108.25,93.1458969116211
2013-10-08,108.13999938964844,93.05123901367188
2013-10-09,108.11000061035156,93.02540588378906
2013-10-10,108.02999877929688,92.95661163330078
2013-10-11,108.13999938964844,93.05123901367188
2013-10-14,108.22000122070312,93.12007141113281
2013-10-15,108.02999877929688,92.95661163330078
2013-10-16,108.02999877929688,92.95661163330078
2013-10-17,108.29000091552734,93.1803207397461
2013-10-18,108.45999908447266,93.32659149169922
2013-10-21,108.41000366210938,93.28356170654297
2013-10-22,108.83000183105469,93.64495849609375
2013-10-23,109.0,93.79122924804688
2013-10-24,108.93000030517578,93.73102569580078
2013-10-25,108.9000015258789,93.70518493652344
2013-10-28,108.95999908447266,93.75682830810547
2013-10-29,109.11000061035156,93.88589477539062
2013-10-30,109.22000122070312,93.98054504394531
2013-10-31,109.4800033569336,94.20426177978516
2013-11-01,109.51000213623047,94.23008728027344
2013-11-04,109.56999969482422,94.28173065185547
2013-11-05,109.16000366210938,93.92891693115234
2013-11-06,109.12000274658203,93.89450073242188
2013-11-07,109.56999969482422,94.28173065185547
2013-11-08,109.22000122070312,93.98054504394531
2013-11-11,109.27999877929688,94.03215789794922
2013-11-12,109.0999984741211,93.87728118896484
2013-11-13,109.3499984741211,94.0924072265625
2013-11-14,109.5999984741211,94.3075180053711
2013-11-15,109.54000091552734,94.25590515136719
2013-11-18,109.68000030517578,94.3763427734375
2013-11-19,109.55000305175781,94.26449584960938
2013-11-20,109.56999969482422,94.28173065185547
2013-11-21,109.52999877929688,94.2472915649414
2013-11-22,109.61000061035156,94.31613159179688
2013-11-25,109.66000366210938,94.35916137695312
2013-11-26,109.80999755859375,94.48821258544922
2013-11-27,109.75,94.43658447265625
2013-11-28,109.73999786376953,94.42799377441406
2013-11-29,109.79000091552734,94.47100830078125
2013-12-02,109.66999816894531,94.36775207519531
2013-12-03,109.73999786376953,94.42799377441406
2013-12-04,109.3499984741211,94.0924072265625
2013-12-05,109.06999969482422,93.85147094726562
2013-12-06,109.20999908447266,93.9719467163086
2013-12-09,109.31999969482422,94.06658935546875
2013-12-10,109.51000213623047,94.23008728027344
2013-12-11,109.5999984741211,94.3075180053711
2013-12-12,109.45999908447266,94.18705749511719
2013-12-13,109.52999877929688,94.2472915649414
2013-12-16,109.54000091552734,94.25590515136719
2013-12-17,109.52999877929688,94.2472915649414
2013-12-18,108.37999725341797,94.20955657958984
2013-12-19,108.30000305175781,94.14002990722656
2013-12-20,108.27999877929688,94.12264251708984
2013-12-23,108.0999984741211,93.96617126464844
2013-12-27,107.81999969482422,93.72279357910156
2013-12-30,107.91000366210938,93.80101776123047
2014-01-02,108.33999633789062,94.17477416992188
2014-01-03,108.45999908447266,94.27909088134766
2014-01-06,108.54000091552734,94.34864807128906
2014-01-07,108.77999877929688,94.55726623535156
2014-01-08,108.73999786376953,94.52247619628906
2014-01-09,108.62000274658203,94.41818237304688
2014-01-10,108.79000091552734,94.56595611572266
2014-01-13,108.94999694824219,94.70503234863281
2014-01-14,109.02999877929688,94.77457427978516
2014-01-15,109.05000305175781,94.79196166992188
2014-01-16,109.29000091552734,95.00057983398438
2014-01-17,109.47000122070312,95.15705108642578
2014-01-20,109.62000274658203,95.28744506835938
2014-01-21,109.5,95.18312072753906
2014-01-22,109.4000015258789,95.09619140625
2014-01-23,109.44999694824219,95.13967895507812
2014-01-24,109.55999755859375,95.23528289794922
2014-01-27,109.5999984741211,95.27006530761719
2014-01-28,109.72000122070312,95.3743896484375
2014-01-29,109.83000183105469,95.46996307373047
2014-01-30,110.0199966430664,95.63512420654297
2014-01-31,110.41999816894531,95.98282623291016
2014-02-03,110.41000366210938,95.9741439819336
2014-02-04,110.37999725341797,95.94806671142578
2014-02-05,110.4800033569336,96.03500366210938
2014-02-06,110.2699966430664,95.8524398803711
2014-02-07,110.55000305175781,96.09584045410156
2014-02-10,110.44000244140625,96.0002212524414
2014-02-11,110.41000366210938,95.9741439819336
2014-02-12,110.18000030517578,95.77423858642578
2014-02-13,110.45999908447266,96.01762390136719
2014-02-14,110.44000244140625,96.0002212524414
2014-02-17,110.56999969482422,96.11321258544922
2014-02-18,110.7300033569336,96.25230407714844
2014-02-19,110.70999908447266,96.23493194580078
2014-02-20,110.44999694824219,96.00892639160156
2014-02-21,110.68000030517578,96.2088394165039
2014-02-24,110.62999725341797,96.16539001464844
2014-02-25,110.7699966430664,96.28707122802734
2014-02-26,111.05000305175781,96.53046417236328
2014-02-27,111.37999725341797,96.81731414794922
2014-02-28,111.0999984741211,96.57392120361328
2014-03-03,111.37999725341797,96.81731414794922
2014-03-04,111.43000030517578,96.86078643798828
2014-03-05,111.58999633789062,96.99984741210938
2014-03-06,111.20999908447266,96.6695556640625
2014-03-07,111.27999877929688,96.73039245605469
2014-03-10,111.43000030517578,96.86078643798828
2014-03-11,111.31999969482422,96.76514434814453
2014-03-12,111.44000244140625,96.86946105957031
2014-03-13,111.6500015258789,97.0520248413086
2014-03-14,111.69999694824219,97.09548950195312
2014-03-17,111.68000030517578,97.0781021118164
2014-03-18,111.7300033569336,97.12155151367188
2014-03-19,111.55999755859375,96.97378540039062
2014-03-20,111.33000183105469,96.77384948730469
2014-03-21,111.4800033569336,96.90425109863281
2014-03-24,111.66999816894531,97.06940460205078
2014-03-25,111.75,97.1389389038086
2014-03-26,111.95999908447266,97.32148742675781
2014-03-27,112.16999816894531,97.5040283203125
2014-03-28,112.1500015258789,97.48666381835938
2014-03-31,112.11000061035156,97.45187377929688
2014-04-01,112.0199966430664,97.3736343383789
2014-04-02,111.87000274658203,97.24324798583984
2014-04-03,112.05000305175781,97.39972686767578
2014-04-04,112.48999786376953,97.78219604492188
2014-04-07,112.41999816894531,97.72135162353516
2014-04-08,112.29000091552734,97.60832977294922
2014-04-09,112.2699966430664,97.5909652709961
2014-04-10,112.58000183105469,97.86043548583984
2014-04-11,112.54000091552734,97.82565307617188
2014-04-14,112.56999969482422,97.85173034667969
2014-04-15,112.98999786376953,98.2168197631836
2014-04-16,113.02999877929688,98.25159454345703
2014-04-17,112.87999725341797,98.12120819091797
2014-04-22,112.80999755859375,98.06033325195312
2014-04-23,112.91999816894531,98.1559829711914
2014-04-24,112.80999755859375,98.06033325195312
2014-04-25,113.04000091552734,98.26029205322266
2014-04-28,112.91999816894531,98.1559829711914
2014-04-29,112.91999816894531,98.1559829711914
2014-04-30,113.2300033569336,98.4254379272461
2014-05-02,113.47000122070312,98.63407897949219
2014-05-05,113.37999725341797,98.55582427978516
2014-05-06,113.51000213623047,98.6688461303711
2014-05-07,113.4000015258789,98.57318115234375
2014-05-08,113.73999786376953,98.86875915527344
2014-05-09,113.62000274658203,98.76446533203125
2014-05-12,113.48999786376953,98.65144348144531
2014-05-13,113.7300033569336,98.86009216308594
2014-05-14,114.05999755859375,99.14693450927734
2014-05-15,113.98999786376953,99.08606719970703
2014-05-16,113.94999694824219,99.0512924194336
2014-05-19,113.70999908447266,98.84268188476562
2014-05-20,113.27999877929688,98.46890258789062
2014-05-21,113.41000366210938,98.58190155029297
2014-05-22,113.44999694824219,98.61669921875
2014-05-23,113.6500015258789,98.79052734375
2014-05-26,113.97000122070312,99.06868743896484
2014-05-27,114.11000061035156,99.19036865234375
2014-05-28,114.5,99.52938842773438
2014-05-29,114.36000061035156,99.4076919555664
2014-05-30,114.29000091552734,99.34685516357422
2014-06-02,114.26000213623047,99.3207778930664
2014-06-03,114.08000183105469,99.16429138183594
2014-06-04,113.93000030517578,99.03390502929688
2014-06-05,114.29000091552734,99.34685516357422
2014-06-06,115.0,99.96400451660156
2014-06-09,115.12999725341797,100.07701110839844
2014-06-10,114.75,99.74669647216797
2014-06-11,114.77999877929688,99.77277374267578
2014-06-12,114.6500015258789,99.65975952148438
2014-06-13,114.81999969482422,99.80756378173828
2014-06-16,114.88999938964844,99.8683853149414
2014-06-17,114.52999877929688,99.55546569824219
2014-06-18,114.61000061035156,99.62500762939453
2014-06-19,114.93000030517578,99.90315246582031
2014-06-20,114.76000213623047,99.75537872314453
2014-06-23,114.95999908447266,99.92924499511719
2014-06-24,115.08000183105469,100.03355407714844
2014-06-25,114.23999786376953,100.3139419555664
2014-06-26,114.4000015258789,100.45441436767578
2014-06-27,114.29000091552734,100.35784149169922
2014-06-30,114.27999877929688,100.34904479980469
2014-07-01,114.33999633789062,100.40174865722656
2014-07-02,114.05000305175781,100.14710998535156
2014-07-03,114.1500015258789,100.23490905761719
2014-07-04,114.33999633789062,100.40174865722656
2014-07-07,114.37999725341797,100.43684387207031
2014-07-08,114.44000244140625,100.48956298828125
2014-07-09,114.33999633789062,100.40174865722656
2014-07-10,114.30000305175781,100.36661529541016
2014-07-11,114.41999816894531,100.47199249267578
2014-07-14,114.41000366210938,100.46321105957031
2014-07-15,114.52999877929688,100.5685806274414
2014-07-16,114.72000122070312,100.73542022705078
2014-07-17,114.94999694824219,100.93739318847656
2014-07-18,115.02999877929688,101.00762176513672
2014-07-21,115.16000366210938,101.12177276611328
2014-07-22,115.0199966430664,100.99884033203125
2014-07-23,115.19999694824219,101.15689849853516
2014-07-24,115.0999984741211,101.069091796875
2014-07-25,115.27999877929688,101.2271499633789
2014-07-28,115.41000366210938,101.3412857055664
2014-07-29,115.68000030517578,101.5783920288086
2014-07-30,115.4000015258789,101.33252716064453
2014-07-31,115.41000366210938,101.3412857055664
2014-08-01,115.3499984741211,101.28861236572266
2014-08-04,115.52999877929688,101.44666290283203
2014-08-05,115.25,101.20079803466797
2014-08-06,115.4000015258789,101.33252716064453
2014-08-07,115.47000122070312,101.39399719238281
2014-08-08,115.68000030517578,101.5783920288086
2014-08-11,115.72000122070312,101.61351776123047
2014-08-12,115.83000183105469,101.71011352539062
2014-08-13,115.94999694824219,101.81546020507812
2014-08-14,116.25,102.07890319824219
2014-08-15,116.61000061035156,102.39500427246094
2014-08-18,116.29000091552734,102.11405944824219
2014-08-19,116.4800033569336,102.2808609008789
2014-08-20,116.62999725341797,102.41260528564453
2014-08-21,116.63999938964844,102.42137145996094
2014-08-22,116.7699966430664,102.53550720214844
2014-08-25,117.19999694824219,102.91309356689453
2014-08-26,117.44000244140625,103.12383270263672
2014-08-27,117.6500015258789,103.30824279785156
2014-08-28,117.55000305175781,103.2204360961914
2014-08-29,117.48999786376953,103.1677474975586
2014-09-01,117.44999694824219,103.13259887695312
2014-09-02,117.12000274658203,102.84284973144531
2014-09-03,116.9800033569336,102.71990966796875
2014-09-04,117.27999877929688,102.98334503173828
2014-09-05,117.69999694824219,103.35214233398438
2014-09-08,117.5199966430664,103.19408416748047
2014-09-09,117.01000213623047,102.74626159667969
2014-09-10,116.86000061035156,102.61454772949219
2014-09-11,116.72000122070312,102.49161529541016
2014-09-12,116.54000091552734,102.33354949951172
2014-09-15,116.62999725341797,102.41260528564453
2014-09-16,116.54000091552734,102.33354949951172
2014-09-17,116.77999877929688,102.54430389404297
2014-09-18,116.6500015258789,102.43013000488281
2014-09-19,117.04000091552734,102.7726058959961
2014-09-22,117.16000366210938,102.87796020507812
2014-09-23,117.2300033569336,102.93943786621094
2014-09-24,117.31999969482422,103.01847076416016
2014-09-25,117.44000244140625,103.12383270263672
2014-09-26,117.5,103.1765365600586
2014-09-29,117.44000244140625,103.12383270263672
2014-09-30,117.66000366210938,103.31702423095703
2014-10-01,118.0,103.61557006835938
2014-10-02,117.86000061035156,103.4926528930664
2014-10-06,117.79000091552734,103.4311752319336
2014-10-07,117.69999694824219,103.35214233398438
2014-10-08,117.79000091552734,103.4311752319336
2014-10-09,117.87999725341797,103.51020050048828
2014-10-10,117.91000366210938,103.53654479980469
2014-10-13,117.79000091552734,103.4311752319336
2014-10-14,118.16999816894531,103.76486206054688
2014-10-15,118.33999633789062,103.91412353515625
2014-10-16,117.52999877929688,103.20286560058594
2014-10-17,117.38999938964844,103.07994842529297
2014-10-20,117.16000366210938,102.87796020507812
2014-10-21,117.29000091552734,102.99212646484375
2014-10-22,117.3499984741211,103.04479217529297
2014-10-23,117.26000213623047,102.96577453613281
2014-10-24,117.25,102.95700073242188
2014-10-27,117.3499984741211,103.04479217529297
2014-10-28,117.41000366210938,103.0975112915039
2014-10-29,117.37000274658203,103.0624008178711
2014-10-30,117.6500015258789,103.30824279785156
2014-10-31,117.97000122070312,103.5892333984375
2014-11-03,117.70999908447266,103.36091613769531
2014-11-04,117.88999938964844,103.51897430419922
2014-11-05,117.70999908447266,103.36091613769531
2014-11-06,117.73999786376953,103.38727569580078
2014-11-07,117.87999725341797,103.51020050048828
2014-11-10,117.95999908447266,103.58045196533203
2014-11-11,118.08999633789062,103.69461822509766
2014-11-12,118.11000061035156,103.71217346191406
2014-11-13,118.12000274658203,103.7209701538086
2014-11-14,118.2300033569336,103.81753540039062
2014-11-17,118.33000183105469,103.90536499023438
2014-11-18,118.19000244140625,103.78241729736328
2014-11-19,118.08000183105469,103.68582916259766
2014-11-20,118.20999908447266,103.79996490478516
2014-11-21,118.58999633789062,104.1336669921875
2014-11-24,118.6500015258789,104.18632507324219
2014-11-25,118.91000366210938,104.41465759277344
2014-11-26,119.0199966430664,104.51123046875
2014-11-27,119.44999694824219,104.8887939453125
2014-11-28,119.52999877929688,104.95905303955078
2014-12-01,119.4800033569336,104.91514587402344
2014-12-02,119.37000274658203,104.81857299804688
2014-12-03,119.55000305175781,104.97663116455078
2014-12-04,119.31999969482422,104.77467346191406
2014-12-05,119.41999816894531,104.86248016357422
2014-12-08,119.72000122070312,105.12590026855469
2014-12-09,119.69999694824219,105.10833740234375
2014-12-10,119.62999725341797,105.04689025878906
2014-12-11,119.63999938964844,105.05565643310547
2014-12-12,119.83000183105469,105.22249603271484
2014-12-15,119.98999786376953,105.36299133300781
2014-12-16,120.0999984741211,105.4595947265625
2014-12-17,120.22000122070312,105.56494140625
2014-12-18,119.29000091552734,105.52381134033203
2014-12-19,119.37999725341797,105.60343170166016
2014-12-22,119.41000366210938,105.62998962402344
2014-12-23,119.63999938964844,105.83344268798828
2014-12-29,119.66999816894531,105.85997009277344
2014-12-30,119.83000183105469,106.00149536132812
2015-01-02,120.4800033569336,106.57648468017578
2015-01-05,120.19999694824219,106.32881164550781
2015-01-06,120.63999938964844,106.7180404663086
2015-01-07,120.3499984741211,106.46150207519531
2015-01-08,120.26000213623047,106.38187408447266
2015-01-09,120.2699966430664,106.39070892333984
2015-01-12,120.5999984741211,106.6826400756836
2015-01-13,120.63999938964844,106.7180404663086
2015-01-14,121.11000061035156,107.1337890625
2015-01-15,121.05999755859375,107.08955383300781
2015-01-16,121.38999938964844,107.38148498535156
2015-01-19,121.36000061035156,107.35494232177734
2015-01-20,121.30000305175781,107.3018798828125
2015-01-21,121.02999877929688,107.06302642822266
2015-01-22,121.8499984741211,107.78837585449219
2015-01-23,122.51000213623047,108.37222290039062
2015-01-26,122.55999755859375,108.41645812988281
2015-01-27,122.43000030517578,108.30145263671875
2015-01-28,122.37999725341797,108.25723266601562
2015-01-29,122.30000305175781,108.18646240234375
2015-01-30,122.6500015258789,108.49608612060547
2015-02-02,122.66999816894531,108.5137710571289
2015-02-03,122.58999633789062,108.44298553466797
2015-02-04,122.66000366210938,108.50491333007812
2015-02-05,122.68000030517578,108.5226058959961
2015-02-06,122.5199966430664,108.38106536865234
2015-02-09,122.30999755859375,108.19530487060547
2015-02-10,122.16999816894531,108.07147216796875
2015-02-11,122.2300033569336,108.12454223632812
2015-02-12,122.55000305175781,108.40762329101562
2015-02-13,122.61000061035156,108.46067810058594
2015-02-16,122.36000061035156,108.23954010009766
2015-02-17,122.30000305175781,108.18646240234375
2015-02-18,122.23999786376953,108.13336944580078
2015-02-19,122.31999969482422,108.20415496826172
2015-02-20,122.38999938964844,108.26606750488281
2015-02-23,122.63999938964844,108.48724365234375
2015-02-24,122.72000122070312,108.55799865722656
2015-02-25,123.0,108.8056869506836
2015-02-26,123.62000274658203,109.3541259765625
2015-02-27,123.47000122070312,109.221435546875
2015-03-02,123.2699966430664,109.04451751708984
2015-03-03,123.04000091552734,108.841064453125
2015-03-04,123.01000213623047,108.81452941894531
2015-03-05,123.4800033569336,109.23030090332031
2015-03-06,123.3499984741211,109.11528778076172
2015-03-09,123.91999816894531,109.61951446533203
2015-03-10,124.72000122070312,110.32720184326172
2015-03-11,125.33999633789062,110.87564086914062
2015-03-12,125.22000122070312,110.76950073242188
2015-03-13,125.08999633789062,110.65449523925781
2015-03-16,125.05999755859375,110.62794494628906
2015-03-17,124.66000366210938,110.27410888671875
2015-03-18,124.7300033569336,110.33602905273438
2015-03-19,124.91000366210938,110.49527740478516
2015-03-20,125.06999969482422,110.63680267333984
2015-03-23,124.69999694824219,110.30950164794922
2015-03-24,124.56999969482422,110.19451141357422
2015-03-25,124.54000091552734,110.16798400878906
2015-03-26,124.62000274658203,110.23873138427734
2015-03-27,124.58000183105469,110.20332336425781
2015-03-30,124.6500015258789,110.26527404785156
2015-03-31,125.0199966430664,110.59255981445312
2015-04-01,125.12000274658203,110.68102264404297
2015-04-02,124.91999816894531,110.50410461425781
2015-04-07,125.11000061035156,110.67218017578125
2015-04-08,125.0199966430664,110.59255981445312
2015-04-09,124.93000030517578,110.51295471191406
2015-04-10,125.02999877929688,110.60140991210938
2015-04-13,124.98999786376953,110.56604766845703
2015-04-14,125.0,110.57487487792969
2015-04-15,125.37000274658203,110.90219116210938
2015-04-16,125.18000030517578,110.7341079711914
2015-04-17,124.9000015258789,110.48641967773438
2015-04-20,124.94000244140625,110.5218276977539
2015-04-21,124.79000091552734,110.38911437988281
2015-04-22,124.76000213623047,110.36258697509766
2015-04-23,124.73999786376953,110.34489440917969
2015-04-24,124.58999633789062,110.21217346191406
2015-04-27,124.72000122070312,110.32720184326172
2015-04-28,124.70999908447266,110.31835174560547
2015-04-29,123.5999984741211,109.33643341064453
2015-04-30,123.2300033569336,109.00916290283203
2015-05-04,122.6500015258789,108.49608612060547
2015-05-05,121.3499984741211,107.3460922241211
2015-05-06,120.5999984741211,106.6826400756836
2015-05-07,121.0999984741211,107.12492370605469
2015-05-08,121.5199966430664,107.49645233154297
2015-05-11,120.98999786376953,107.02764892578125
2015-05-12,120.33999633789062,106.45265197753906
2015-05-13,120.05999755859375,106.20496368408203
2015-05-14,120.11000061035156,106.24919128417969
2015-05-15,120.7300033569336,106.79763793945312
2015-05-18,120.33999633789062,106.45265197753906
2015-05-19,120.87999725341797,106.93035125732422
2015-05-20,120.68000030517578,106.75341796875
2015-05-21,120.66999816894531,106.74457550048828
2015-05-22,120.86000061035156,106.91264343261719
2015-05-26,120.80999755859375,106.868408203125
2015-05-27,121.05999755859375,107.08955383300781
2015-05-28,121.02999877929688,107.06302642822266
2015-05-29,121.37000274658203,107.3637924194336
2015-06-01,120.91999816894531,106.96573638916016
2015-06-02,119.73999786376953,105.92188262939453
2015-06-03,118.81999969482422,105.10807037353516
2015-06-04,119.08000183105469,105.33804321289062
2015-06-05,118.58000183105469,104.89575958251953
2015-06-08,118.2300033569336,104.58614349365234
2015-06-09,117.8499984741211,104.25000762939453
2015-06-10,117.70999908447266,104.12615966796875
2015-06-11,118.31999969482422,104.6657485961914
2015-06-12,118.08999633789062,104.4623031616211
2015-06-15,117.63999938964844,104.06423950195312
2015-06-16,117.83999633789062,104.24114990234375
2015-06-17,117.91999816894531,104.31190490722656
2015-06-18,118.22000122070312,104.5772933959961
2015-06-19,118.38999938964844,104.72769165039062
2015-06-22,118.26000213623047,104.6126708984375
2015-06-23,118.41999816894531,104.75421905517578
2015-06-24,118.38999938964844,104.72769165039062
2015-06-25,117.62999725341797,104.720458984375
2015-06-26,117.30999755859375,104.43558502197266
2015-06-29,117.08999633789062,104.23973846435547
2015-06-30,117.37999725341797,104.4979019165039
2015-07-01,117.12999725341797,104.27535247802734
2015-07-02,116.83999633789062,104.01716613769531
2015-07-03,117.30000305175781,104.42668914794922
2015-07-06,117.06999969482422,104.22193145751953
2015-07-07,117.91000366210938,104.9697494506836
2015-07-08,118.11000061035156,105.1478042602539
2015-07-09,118.06999969482422,105.11216735839844
2015-07-10,117.48999786376953,104.5958480834961
2015-07-13,117.66000366210938,104.74717712402344
2015-07-14,117.7699966430664,104.84507751464844
2015-07-15,118.38999938964844,105.39705657958984
2015-07-16,118.45999908447266,105.4593734741211
2015-07-17,118.91999816894531,105.86888885498047
2015-07-20,119.11000061035156,106.03805541992188
2015-07-21,118.80999755859375,105.77098083496094
2015-07-22,119.12999725341797,106.05587005615234
2015-07-23,119.23999786376953,106.1537857055664
2015-07-24,119.5999984741211,106.4742660522461
2015-07-27,119.58000183105469,106.45646667480469
2015-07-28,119.6500015258789,106.51878356933594
2015-07-29,119.45999908447266,106.3496322631836
2015-07-30,119.94000244140625,106.77696990966797
2015-07-31,120.13999938964844,106.95501708984375
2015-08-03,120.12000274658203,106.93719482421875
2015-08-04,120.05999755859375,106.8837890625
2015-08-05,119.18000030517578,106.1003646850586
2015-08-06,119.55000305175781,106.42976379394531
2015-08-07,119.81999969482422,106.67012023925781
2015-08-10,119.7300033569336,106.59000396728516
2015-08-11,120.26000213623047,107.06182861328125
2015-08-12,120.23999786376953,107.04402923583984
2015-08-13,120.13999938964844,106.95501708984375
2015-08-14,119.98999786376953,106.82146453857422
2015-08-17,120.2300033569336,107.03511047363281
2015-08-18,119.98999786376953,106.82146453857422
2015-08-19,120.0,106.83037567138672
2015-08-20,120.16000366210938,106.97281646728516
2015-08-21,120.1500015258789,106.96392059326172
2015-08-24,119.93000030517578,106.76805877685547
2015-08-25,118.94000244140625,105.88671112060547
2015-08-26,119.08000183105469,106.01133728027344
2015-08-27,119.05000305175781,105.98462677001953
2015-08-28,119.13999938964844,106.06475067138672
2015-08-31,118.72000122070312,105.69084930419922
2015-09-01,118.62000274658203,105.60184478759766
2015-09-02,118.68000030517578,105.65523529052734
2015-09-03,119.16000366210938,106.08255004882812
2015-09-04,119.61000061035156,106.48316955566406
2015-09-07,119.30000305175781,106.20719909667969
2015-09-08,119.47000122070312,106.35855102539062
2015-09-09,119.43000030517578,106.32292175292969
2015-09-10,119.44999694824219,106.34071350097656
2015-09-11,119.55999755859375,106.43865966796875
2015-09-14,119.5199966430664,106.40304565429688
2015-09-15,119.16000366210938,106.08255004882812
2015-09-16,118.9000015258789,105.8510971069336
2015-09-17,118.95999908447266,105.90451049804688
2015-09-18,119.93000030517578,106.76805877685547
2015-09-21,119.70999908447266,106.57220458984375
2015-09-22,120.20999908447266,107.017333984375
2015-09-23,120.23999786376953,107.04402923583984
2015-09-24,120.27999877929688,107.07962799072266
2015-09-25,119.87000274658203,106.71463775634766
2015-09-28,120.23999786376953,107.04402923583984
2015-09-29,120.33999633789062,107.133056640625
2015-09-30,120.3499984741211,107.14195251464844
2015-10-01,120.7300033569336,107.48025512695312
2015-10-02,121.0199966430664,107.7384033203125
2015-10-05,120.68000030517578,107.43574523925781
2015-10-06,120.37999725341797,107.1686782836914
2015-10-07,120.44999694824219,107.23100280761719
2015-10-08,120.55000305175781,107.32000732421875
2015-10-09,120.41000366210938,107.19537353515625
2015-10-12,120.66999816894531,107.42684936523438
2015-10-13,120.5999984741211,107.36450958251953
2015-10-14,120.87999725341797,107.6137924194336
2015-10-15,120.80000305175781,107.54256439208984
2015-10-16,120.93000030517578,107.65830993652344
2015-10-19,120.86000061035156,107.59599304199219
2015-10-20,120.43000030517578,107.21318054199219
2015-10-21,120.9000015258789,107.63160705566406
2015-10-22,121.72000122070312,108.36161041259766
2015-10-23,121.6500015258789,108.2992935180664
2015-10-26,121.66999816894531,108.31707000732422
2015-10-27,122.08999633789062,108.69098663330078
2015-10-28,122.2300033569336,108.8156509399414
2015-10-29,121.62000274658203,108.27257537841797
2015-10-30,121.63999938964844,108.29039764404297
2015-11-02,121.19999694824219,107.89867401123047
2015-11-03,121.0999984741211,107.80963134765625
2015-11-04,120.91999816894531,107.64939880371094
2015-11-05,120.70999908447266,107.46245574951172
2015-11-06,120.05000305175781,106.87487030029297
2015-11-09,120.01000213623047,106.83928680419922
2015-11-10,120.47000122070312,107.2488021850586
2015-11-11,120.66000366210938,107.4179458618164
2015-11-12,120.81999969482422,107.56037902832031
2015-11-13,121.1500015258789,107.85418701171875
2015-11-16,121.2699966430664,107.96099090576172
2015-11-17,121.3499984741211,108.03219604492188
2015-11-18,121.55999755859375,108.21916961669922
2015-11-19,121.83000183105469,108.45953369140625
2015-11-20,122.0,108.61088562011719
2015-11-23,121.66999816894531,108.31707000732422
2015-11-24,121.80999755859375,108.44172668457031
2015-11-25,122.16000366210938,108.75332641601562
2015-11-26,122.13999938964844,108.73551940917969
2015-11-27,122.30000305175781,108.8779525756836
2015-11-30,122.08000183105469,108.68208312988281
2015-12-01,122.0999984741211,108.69989776611328
2015-12-02,122.2300033569336,108.8156509399414
2015-12-03,120.69999694824219,107.45355224609375
2015-12-04,120.58000183105469,107.34672546386719
2015-12-07,121.33000183105469,108.01438903808594
2015-12-08,121.5199966430664,108.18354797363281
2015-12-09,121.30000305175781,107.98770904541016
2015-12-10,121.41999816894531,108.09453582763672
2015-12-11,121.66999816894531,108.31707000732422
2015-12-14,121.20999908447266,107.90757751464844
2015-12-15,120.7699966430664,107.5158920288086
2015-12-16,120.5999984741211,107.36450958251953
2015-12-17,121.12999725341797,107.83636474609375
2015-12-18,121.52999877929688,108.19247436523438
2015-12-21,121.44000244140625,108.11234283447266
2015-12-22,121.02999877929688,107.74732208251953
2015-12-23,120.76000213623047,107.5069580078125
2015-12-28,121.23999786376953,107.93427276611328
2015-12-29,120.72000122070312,107.47132873535156
2015-12-30,120.77999877929688,107.52476501464844
2016-01-04,121.25,107.94316864013672
2016-01-05,121.4000015258789,108.07672882080078
2016-01-06,121.58999633789062,108.2458724975586
2016-01-07,121.19000244140625,107.88976287841797
2016-01-08,121.54000091552734,108.20137023925781
2016-01-11,121.19000244140625,107.88976287841797
2016-01-12,121.19999694824219,107.89867401123047
2016-01-13,121.43000030517578,108.10342407226562
2016-01-14,120.7300033569336,108.0428466796875
2016-01-15,120.94999694824219,108.23971557617188
2016-01-18,120.91000366210938,108.20392608642578
2016-01-19,120.9800033569336,108.26657104492188
2016-01-20,121.0199966430664,108.30235290527344
2016-01-21,121.47000122070312,108.70509338378906
2016-01-22,121.26000213623047,108.51713562011719
2016-01-25,121.4000015258789,108.64244842529297
2016-01-26,121.75,108.95564270019531
2016-01-27,121.76000213623047,108.96461486816406
2016-01-28,121.91999816894531,109.10779571533203
2016-01-29,122.55999755859375,109.68052673339844
2016-02-01,122.26000213623047,109.41206359863281
2016-02-02,122.33000183105469,109.47471618652344
2016-02-03,122.69999694824219,109.80582427978516
2016-02-04,122.41999816894531,109.55522918701172
2016-02-05,122.37000274658203,109.51050567626953
2016-02-08,122.30999755859375,109.4568099975586
2016-02-09,122.27999877929688,109.4299545288086
2016-02-10,122.26000213623047,109.41206359863281
2016-02-11,122.3499984741211,109.49260711669922
2016-02-12,122.18000030517578,109.34046173095703
2016-02-15,122.41000366210938,109.54631042480469
2016-02-16,122.13999938964844,109.30467987060547
2016-02-17,122.20999908447266,109.36732482910156
2016-02-18,122.7300033569336,109.83267974853516
2016-02-19,122.75,109.85057067871094
2016-02-22,123.05000305175781,110.11904907226562
2016-02-23,123.05999755859375,110.12797546386719
2016-02-24,123.2300033569336,110.2801284790039
2016-02-25,123.31999969482422,110.36066436767578
2016-02-26,123.36000061035156,110.396484375
2016-02-29,123.69000244140625,110.69178009033203
2016-03-01,123.47000122070312,110.4948959350586
2016-03-02,122.94000244140625,110.02061462402344
2016-03-03,123.27999877929688,110.32487487792969
2016-03-04,122.80000305175781,109.89531707763672
2016-03-07,122.87999725341797,109.9669189453125
2016-03-08,123.22000122070312,110.27119445800781
2016-03-09,123.0,110.07430267333984
2016-03-10,122.80999755859375,109.90425872802734
2016-03-11,123.12999725341797,110.19064331054688
2016-03-14,123.19000244140625,110.24433898925781
2016-03-15,122.83000183105469,109.92217254638672
2016-03-16,122.94999694824219,110.02954864501953
2016-03-17,123.58999633789062,110.60231018066406
2016-03-18,123.76000213623047,110.75443267822266
2016-03-21,123.66999816894531,110.67391204833984
2016-03-22,123.83999633789062,110.82600402832031
2016-03-23,123.76000213623047,110.75443267822266
2016-03-24,123.86000061035156,110.84392547607422
2016-03-29,124.31999969482422,111.2555923461914
2016-03-30,124.29000091552734,111.2287368774414
2016-03-31,124.33999633789062,111.27347564697266
2016-04-01,124.41999816894531,111.3450927734375
2016-04-04,124.5,111.41669464111328
2016-04-05,124.5,111.41669464111328
2016-04-06,124.37000274658203,111.30033111572266
2016-04-07,124.22000122070312,111.16608428955078
2016-04-08,124.37999725341797,111.30927276611328
2016-04-11,124.16000366210938,111.11239624023438
2016-04-12,123.7699966430664,110.76338958740234
2016-04-13,124.16999816894531,111.12134552001953
2016-04-14,123.91999816894531,110.89762115478516
2016-04-15,124.06999969482422,111.03184509277344
2016-04-18,123.94999694824219,110.92446899414062
2016-04-19,123.69000244140625,110.69178009033203
2016-04-20,123.8499984741211,110.8349609375
2016-04-21,123.29000091552734,110.33383178710938
2016-04-22,123.25,110.29801940917969
2016-04-25,122.88999938964844,109.97586059570312
2016-04-26,122.7699966430664,109.86846160888672
2016-04-27,122.75,109.85057067871094
2016-04-28,123.11000061035156,110.1727523803711
2016-04-29,122.91999816894531,110.0027084350586
2016-05-02,123.05000305175781,110.11904907226562
2016-05-03,123.48999786376953,110.51280975341797
2016-05-04,123.41000366210938,110.44121551513672
2016-05-05,123.58000183105469,110.59335327148438
2016-05-06,123.62999725341797,110.63809204101562
2016-05-09,123.77999877929688,110.77232360839844
2016-05-10,123.72000122070312,110.71864318847656
2016-05-11,123.79000091552734,110.78128051757812
2016-05-12,123.58000183105469,110.59335327148438
2016-05-13,123.80000305175781,110.79023742675781
2016-05-17,123.9000015258789,110.87973022460938
2016-05-18,123.62999725341797,110.63809204101562
2016-05-19,123.58999633789062,110.60231018066406
2016-05-20,123.66000366210938,110.66495513916016
2016-05-23,123.5999984741211,110.61125183105469
2016-05-24,123.77999877929688,110.77232360839844
2016-05-25,124.11000061035156,111.06766510009766
2016-05-26,124.16999816894531,111.12134552001953
2016-05-27,124.19000244140625,111.13925170898438
2016-05-30,124.04000091552734,111.00501251220703
2016-05-31,124.13999938964844,111.09449768066406
2016-06-01,124.22000122070312,111.16608428955078
2016-06-02,124.36000061035156,111.2913818359375
2016-06-03,124.70999908447266,111.60460662841797
2016-06-06,124.44000244140625,111.36296844482422
2016-06-07,124.80000305175781,111.68514251708984
2016-06-08,124.95999908447266,111.82832336425781
2016-06-09,125.2300033569336,112.0699691772461
2016-06-10,125.37000274658203,112.19524383544922
2016-06-13,124.98999786376953,111.85517120361328
2016-06-14,124.94999694824219,111.81937408447266
2016-06-15,125.05000305175781,111.90888214111328
2016-06-16,124.9800033569336,111.84625244140625
2016-06-17,124.94000244140625,111.8104476928711
2016-06-20,125.01000213623047,111.87307739257812
2016-06-21,125.06999969482422,111.92676544189453
2016-06-22,125.04000091552734,111.8999252319336
2016-06-23,124.8499984741211,111.72988891601562
2016-06-24,125.27999877929688,112.11469268798828
2016-06-27,126.05999755859375,112.812744140625
2016-06-28,126.51000213623047,113.21542358398438
2016-06-29,126.79000091552734,113.46602630615234
2016-06-30,126.95999908447266,113.6181411743164
2016-07-01,127.30999755859375,113.93138885498047
2016-07-04,127.2699966430664,113.89558410644531
2016-07-05,127.44000244140625,114.04771423339844
2016-07-06,127.55000305175781,114.14615631103516
2016-07-07,127.38999938964844,114.00296783447266
2016-07-08,127.69999694824219,114.2803955078125
2016-07-11,127.58000183105469,114.17300415039062
2016-07-12,127.08999633789062,113.7344970703125
2016-07-13,127.44999694824219,114.05664825439453
2016-07-14,126.56999969482422,113.73907470703125
2016-07-15,126.23999786376953,113.44255065917969
2016-07-18,126.2699966430664,113.469482421875
2016-07-19,126.41999816894531,113.60428619384766
2016-07-20,126.31999969482422,113.51444244384766
2016-07-21,126.37999725341797,113.5683364868164
2016-07-22,126.48999786376953,113.66719818115234
2016-07-25,126.66000366210938,113.8199691772461
2016-07-26,126.62999725341797,113.79301452636719
2016-07-27,127.02999877929688,114.15245056152344
2016-07-28,127.12000274658203,114.23331451416016
2016-07-29,127.45999908447266,114.53885650634766
2016-08-01,127.37000274658203,114.4579849243164
2016-08-02,126.83000183105469,113.97273254394531
2016-08-03,126.83000183105469,113.97273254394531
2016-08-04,127.3499984741211,114.44000244140625
2016-08-05,127.18000030517578,114.28724670410156
2016-08-08,127.25,114.35014343261719
2016-08-09,127.33999633789062,114.4310073852539
2016-08-10,127.6500015258789,114.70960235595703
2016-08-11,127.58999633789062,114.65568542480469
2016-08-12,127.63999938964844,114.70061492919922
2016-08-15,127.44999694824219,114.52985382080078
2016-08-16,127.0199966430664,114.14346313476562
2016-08-17,127.16999816894531,114.27825927734375
2016-08-18,127.5199966430664,114.59278869628906
2016-08-19,127.08999633789062,114.20636749267578
2016-08-22,127.44999694824219,114.52985382080078
2016-08-23,127.4000015258789,114.4849624633789
2016-08-24,127.36000061035156,114.4489974975586
2016-08-25,127.2699966430664,114.36812591552734
2016-08-26,127.31999969482422,114.41307067871094
2016-08-29,127.26000213623047,114.359130859375
2016-08-30,127.30000305175781,114.39509582519531
2016-08-31,126.94999694824219,114.08056640625
2016-09-01,126.79000091552734,113.93679809570312
2016-09-02,126.6500015258789,113.81096649169922
2016-09-05,126.80000305175781,113.9457778930664
2016-09-06,127.4000015258789,114.4849624633789
2016-09-07,127.61000061035156,114.67366027832031
2016-09-08,126.9000015258789,114.03563690185547
2016-09-09,126.1500015258789,113.36165618896484
2016-09-12,125.98999786376953,113.2178726196289
2016-09-13,125.83000183105469,113.0740966796875
2016-09-14,126.02999877929688,113.25382232666016
2016-09-15,125.8499984741211,113.09207916259766
2016-09-16,125.93000030517578,113.16397094726562
2016-09-19,125.9800033569336,113.20890808105469
2016-09-20,126.45999908447266,113.6402359008789
2016-09-21,126.29000091552734,113.48746490478516
2016-09-22,127.16000366210938,114.269287109375
2016-09-23,127.06999969482422,114.18840789794922
2016-09-26,127.25,114.35014343261719
2016-09-27,127.38999938964844,114.47595977783203
2016-09-28,127.51000213623047,114.58380889892578
2016-09-29,127.2300033569336,114.33219909667969
2016-09-30,127.29000091552734,114.38609313964844
2016-10-04,126.94000244140625,114.07157897949219
2016-10-05,126.05999755859375,113.28079986572266
2016-10-06,126.05000305175781,113.27181243896484
2016-10-07,125.9000015258789,113.13700866699219
2016-10-10,125.69000244140625,112.94831085205078
2016-10-11,125.91999816894531,113.15496826171875
2016-10-12,125.55999755859375,112.83148193359375
2016-10-13,125.80999755859375,113.05613708496094
2016-10-14,125.76000213623047,113.0112075805664
2016-10-17,125.66000366210938,112.92133331298828
2016-10-18,125.87000274658203,113.11004638671875
2016-10-19,125.93000030517578,113.16397094726562
2016-10-20,126.11000061035156,113.32569885253906
2016-10-21,126.0999984741211,113.31673431396484
2016-10-24,125.91999816894531,113.15496826171875
2016-10-25,125.94000244140625,113.1729507446289
2016-10-26,125.33000183105469,112.62479400634766
2016-10-27,124.56999969482422,111.94183349609375
2016-10-28,124.54000091552734,111.91488647460938
2016-10-31,124.54000091552734,111.91488647460938
2016-11-01,124.20999908447266,111.61831665039062
2016-11-02,124.7300033569336,112.08561706542969
2016-11-03,124.56999969482422,111.94183349609375
2016-11-04,124.56999969482422,111.94183349609375
2016-11-07,124.5999984741211,111.96878814697266
2016-11-08,124.41000366210938,111.79805755615234
2016-11-09,124.23999786376953,111.6452865600586
2016-11-10,123.0199966430664,110.54896545410156
2016-11-11,122.3499984741211,109.94689178466797
2016-11-14,122.0,109.63236236572266
2016-11-15,122.62999725341797,110.19849395751953
2016-11-16,122.48999786376953,110.07267761230469
2016-11-17,122.37000274658203,109.96485137939453
2016-11-18,122.29000091552734,109.89297485351562
2016-11-21,122.33999633789062,109.93789672851562
2016-11-22,122.73999786376953,110.29735565185547
2016-11-23,122.19000244140625,109.80309295654297
2016-11-24,122.23999786376953,109.84803771972656
2016-11-25,122.26000213623047,109.8659896850586
2016-11-28,122.55000305175781,110.12662506103516
2016-11-29,122.75,110.30634307861328
2016-11-30,122.51000213623047,110.09066772460938
2016-12-01,122.0199966430664,109.65032196044922
2016-12-02,122.62999725341797,110.19849395751953
2016-12-05,122.19000244140625,109.80309295654297
2016-12-06,122.22000122070312,109.83008575439453
2016-12-07,122.5999984741211,110.17154693603516
2016-12-08,122.08000183105469,109.70426177978516
2016-12-09,121.93000030517578,109.56945037841797
2016-12-12,121.6500015258789,109.31785583496094
2016-12-13,122.33999633789062,109.93789672851562
2016-12-14,122.83999633789062,110.38722229003906
2016-12-15,122.4800033569336,110.06372833251953
2016-12-16,122.66000366210938,110.22545623779297
2016-12-19,123.23999786376953,110.74665069580078
2016-12-20,123.22000122070312,110.72870635986328
2016-12-21,123.4000015258789,110.89044189453125
2016-12-22,123.20999908447266,110.7197265625
2016-12-23,123.54000091552734,111.01625061035156
2016-12-27,123.5999984741211,111.0701675415039
2016-12-28,123.5999984741211,111.0701675415039
2016-12-29,123.80000305175781,111.2499008178711
2016-12-30,123.55000305175781,111.0252456665039
2017-01-02,123.75,111.20496368408203
2017-01-03,122.77999877929688,110.33328247070312
2017-01-04,122.58999633789062,110.16254425048828
2017-01-05,122.48999786376953,110.07267761230469
2017-01-06,122.19999694824219,109.81209564208984
2017-01-09,122.4800033569336,110.06372833251953
2017-01-10,122.48999786376953,110.07267761230469
2017-01-11,122.79000091552734,110.34229278564453
2017-01-12,122.23999786376953,110.24983215332031
2017-01-13,121.91000366210938,109.95220947265625
2017-01-16,121.98999786376953,110.02434539794922
2017-01-17,122.13999938964844,110.15965270996094
2017-01-18,121.80999755859375,109.86200714111328
2017-01-19,121.58999633789062,109.66358184814453
2017-01-20,121.12000274658203,109.23968505859375
2017-01-23,121.55999755859375,109.63652801513672
2017-01-24,121.2699966430664,109.37496948242188
2017-01-25,120.77999877929688,108.93303680419922
2017-01-26,120.36000061035156,108.55422973632812
2017-01-27,120.43000030517578,108.61736297607422
2017-01-30,120.19999694824219,108.40992736816406
2017-01-31,120.44999694824219,108.6353988647461
2017-02-01,120.06999969482422,108.29268646240234
2017-02-02,120.51000213623047,108.68951416015625
2017-02-03,120.31999969482422,108.51815795898438
2017-02-06,119.9000015258789,108.13935089111328
2017-02-07,120.05999755859375,108.28365325927734
2017-02-08,120.66999816894531,108.83383178710938
2017-02-09,120.94000244140625,109.07733154296875
2017-02-10,120.51000213623047,108.68951416015625
2017-02-13,120.55999755859375,108.73458862304688
2017-02-14,120.41999816894531,108.60834503173828
2017-02-15,120.26000213623047,108.46404266357422
2017-02-16,120.80999755859375,108.96009063720703
2017-02-17,120.81999969482422,108.96910095214844
2017-02-20,120.73999786376953,108.8969497680664
2017-02-21,120.51000213623047,108.68951416015625
2017-02-22,120.76000213623047,108.91500091552734
2017-02-23,121.02999877929688,109.15851593017578
2017-02-24,121.58000183105469,109.65457153320312
2017-02-27,121.69999694824219,109.76278686523438
2017-02-28,121.77999877929688,109.83494567871094
2017-03-01,121.33000183105469,109.42909240722656
2017-03-02,121.16999816894531,109.28477478027344
2017-03-03,121.12999725341797,109.24871063232422
2017-03-06,121.0199966430664,109.14948272705078
2017-03-07,120.9800033569336,109.11341857910156
2017-03-08,120.45999908447266,108.6444320678711
2017-03-09,120.12999725341797,108.34678649902344
2017-03-10,119.69999694824219,107.95896911621094
2017-03-13,119.80999755859375,108.05818176269531
2017-03-14,119.9000015258789,108.13935089111328
2017-03-15,120.31999969482422,108.51815795898438
2017-03-16,119.97000122070312,108.2024917602539
2017-03-17,119.93000030517578,108.16641235351562
2017-03-20,119.87999725341797,108.12132263183594
2017-03-21,120.0199966430664,108.24758911132812
2017-03-22,120.51000213623047,108.68951416015625
2017-03-23,120.41999816894531,108.60834503173828
2017-03-24,120.70999908447266,108.86991882324219
2017-03-27,120.79000091552734,108.94205474853516
2017-03-28,120.91999816894531,109.0593032836914
2017-03-29,121.20999908447266,109.32086181640625
2017-03-30,121.19000244140625,109.30281066894531
2017-03-31,121.11000061035156,109.23065185546875
2017-04-03,121.26000213623047,109.36595153808594
2017-04-04,121.48999786376953,109.57339477539062
2017-04-05,121.55000305175781,109.62751007080078
2017-04-06,121.58999633789062,109.66358184814453
2017-04-07,121.86000061035156,109.90708923339844
2017-04-10,121.7300033569336,109.78987121582031
2017-04-11,121.56999969482422,109.64555358886719
2017-04-12,121.69000244140625,109.75379180908203
2017-04-13,121.62000274658203,109.69063568115234
2017-04-18,121.87000274658203,109.91612243652344
2017-04-19,121.7300033569336,109.78987121582031
2017-04-20,121.70999908447266,109.77181243896484
2017-04-21,121.61000061035156,109.6816177368164
2017-04-24,121.87000274658203,109.91612243652344
2017-04-25,121.41999816894531,109.51026916503906
2017-04-26,121.37000274658203,109.46516418457031
2017-04-27,121.77999877929688,109.83494567871094
2017-04-28,121.66000366210938,109.72673034667969
2017-05-02,121.61000061035156,109.6816177368164
2017-05-03,121.73999786376953,109.79887390136719
2017-05-04,121.58000183105469,109.65457153320312
2017-05-05,121.66000366210938,109.72673034667969
2017-05-08,121.51000213623047,109.59143829345703
2017-05-09,121.2699966430664,109.37496948242188
2017-05-10,121.41999816894531,109.51026916503906
2017-05-11,121.16000366210938,109.27577209472656
2017-05-12,121.4800033569336,109.56437683105469
2017-05-15,121.2699966430664,109.37496948242188
2017-05-16,121.37000274658203,109.46516418457031
2017-05-17,121.80999755859375,109.86200714111328
2017-05-18,121.97000122070312,110.00631713867188
2017-05-19,121.97000122070312,110.00631713867188
2017-05-22,121.7300033569336,109.78987121582031
2017-05-23,121.80999755859375,109.86200714111328
2017-05-24,121.79000091552734,109.84395599365234
2017-05-25,122.08999633789062,110.11454010009766
2017-05-26,122.33999633789062,110.34001922607422
2017-05-29,122.3499984741211,110.34904479980469
2017-05-30,122.31999969482422,110.32198333740234
2017-05-31,122.26000213623047,110.26785278320312
2017-06-01,122.12999725341797,110.15061950683594
2017-06-02,122.25,110.25885772705078
2017-06-05,122.25,110.25885772705078
2017-06-06,122.38999938964844,110.3851089477539
2017-06-07,122.2300033569336,110.24082946777344
2017-06-08,122.5999984741211,110.57452392578125
2017-06-09,122.75,110.7098159790039
2017-06-12,123.0199966430664,110.95332336425781
2017-06-13,123.12999725341797,111.05253601074219
2017-06-14,123.43000030517578,111.32310485839844
2017-06-15,123.0,110.93528747558594
2017-06-16,123.01000213623047,110.94429779052734
2017-06-19,123.08999633789062,111.01644134521484
2017-06-20,123.3499984741211,111.25096130371094
2017-06-21,123.44999694824219,111.34114837646484
2017-06-22,123.5,111.38626098632812
2017-06-23,123.41999816894531,111.31409454345703
2017-06-26,123.44999694824219,111.34114837646484
2017-06-27,122.55000305175781,110.5294418334961
2017-06-28,122.66000366210938,110.62863159179688
2017-06-29,121.80999755859375,109.86200714111328
2017-06-30,121.69000244140625,109.75379180908203
2017-07-03,121.69000244140625,109.75379180908203
2017-07-04,121.69999694824219,109.76278686523438
2017-07-05,121.75,109.8078842163086
2017-07-06,120.87999725341797,109.02323913574219
2017-07-07,120.7300033569336,108.88794708251953
2017-07-10,121.0,109.1314468383789
2017-07-11,120.83000183105469,108.97813415527344
2017-07-12,121.20999908447266,109.32086181640625
2017-07-13,120.58000183105469,109.11734771728516
2017-07-14,120.73999786376953,109.26211547851562
2017-07-17,120.97000122070312,109.47026824951172
2017-07-18,121.20999908447266,109.68746948242188
2017-07-19,121.33000183105469,109.79605102539062
2017-07-20,121.55999755859375,110.00418090820312
2017-07-21,121.7300033569336,110.15803527832031
2017-07-24,121.72000122070312,110.14897918701172
2017-07-25,121.33000183105469,109.79605102539062
2017-07-26,121.33999633789062,109.80509948730469
2017-07-27,121.5199966430664,109.96795654296875
2017-07-28,121.4000015258789,109.8593978881836
2017-07-31,121.55000305175781,109.99513244628906
2017-08-01,122.06999969482422,110.46570587158203
2017-08-02,122.06999969482422,110.46570587158203
2017-08-03,122.23999786376953,110.61953735351562
2017-08-04,122.01000213623047,110.4113998413086
2017-08-07,122.19000244140625,110.57428741455078
2017-08-08,122.08000183105469,110.4747543334961
2017-08-09,122.3499984741211,110.71907806396484
2017-08-10,122.37999725341797,110.74623107910156
2017-08-11,122.52999877929688,110.88197326660156
2017-08-14,122.43000030517578,110.79147338867188
2017-08-15,122.16000366210938,110.54714965820312
2017-08-16,122.18000030517578,110.56524658203125
2017-08-17,122.26000213623047,110.63763427734375
2017-08-18,122.37999725341797,110.74623107910156
2017-08-21,122.41000366210938,110.77337646484375
2017-08-22,122.25,110.62857818603516
2017-08-23,122.30999755859375,110.68289184570312
2017-08-24,122.29000091552734,110.66478729248047
2017-08-25,122.22000122070312,110.60144805908203
2017-08-28,122.30999755859375,110.68289184570312
2017-08-29,122.56999969482422,110.91817474365234
2017-08-30,122.41000366210938,110.77337646484375
2017-08-31,122.55999755859375,110.90911865234375
2017-09-01,122.31999969482422,110.69192504882812
2017-09-04,122.44000244140625,110.80052185058594
2017-09-05,122.76000213623047,111.09010314941406
2017-09-06,122.5999984741211,110.94532775878906
2017-09-07,123.08999633789062,111.38872528076172
2017-09-08,122.80000305175781,111.12629699707031
2017-09-11,122.69000244140625,111.02676391601562
2017-09-12,122.19999694824219,110.58333587646484
2017-09-13,122.22000122070312,110.60144805908203
2017-09-14,122.11000061035156,110.50189208984375
2017-09-15,122.0199966430664,110.42044830322266
2017-09-18,121.94000244140625,110.34806060791016
2017-09-19,122.05999755859375,110.4566421508789
2017-09-20,122.0999984741211,110.49286651611328
2017-09-21,121.91999816894531,110.32996368408203
2017-09-22,121.95999908447266,110.36618041992188
2017-09-25,122.16000366210938,110.54714965820312
2017-09-26,122.1500015258789,110.53809356689453
2017-09-27,121.7699966430664,110.19422912597656
2017-09-28,121.73999786376953,110.16707611083984
2017-09-29,121.94000244140625,110.34806060791016
2017-10-02,121.86000061035156,110.27566528320312
2017-10-03,121.86000061035156,110.27566528320312
2017-10-04,121.6500015258789,110.08564758300781
2017-10-05,121.81999969482422,110.23945617675781
2017-10-06,121.79000091552734,110.21231079101562
2017-10-09,121.95999908447266,110.36618041992188
2017-10-10,121.91000366210938,110.32091522216797
2017-10-11,121.88999938964844,110.30280303955078
2017-10-12,122.06999969482422,110.46570587158203
2017-10-13,122.38999938964844,110.75527954101562
2017-10-16,122.63999938964844,110.98151397705078
2017-10-17,122.79000091552734,111.11726379394531
2017-10-18,122.5,110.85482788085938
2017-10-19,122.51000213623047,110.8638687133789
2017-10-20,122.1500015258789,110.53809356689453
2017-10-23,122.36000061035156,110.72811126708984
2017-10-24,122.05999755859375,110.4566421508789
2017-10-25,122.06999969482422,110.46570587158203
2017-10-26,122.5199966430664,110.87291717529297
2017-10-27,122.72000122070312,111.05392456054688
2017-10-30,123.0999984741211,111.39777374267578
2017-10-31,123.0999984741211,111.39777374267578
2017-11-01,123.2300033569336,111.51543426513672
2017-11-02,123.2300033569336,111.51543426513672
2017-11-03,123.29000091552734,111.56974029541016
2017-11-06,123.48999786376953,111.7507095336914
2017-11-07,123.80000305175781,112.03125
2017-11-08,123.63999938964844,111.8864517211914
2017-11-09,123.05999755859375,111.36157989501953
2017-11-10,122.8499984741211,111.17155456542969
2017-11-13,122.88999938964844,111.20773315429688
2017-11-14,123.04000091552734,111.3434829711914
2017-11-15,123.16000366210938,111.45207214355469
2017-11-16,123.12999725341797,111.4249267578125
2017-11-17,123.20999908447266,111.49734497070312
2017-11-20,123.30999755859375,111.58782958984375
2017-11-21,123.63999938964844,111.8864517211914
2017-11-22,123.69999694824219,111.94073486328125
2017-11-23,123.62999725341797,111.87739562988281
2017-11-24,123.41999816894531,111.6873779296875
2017-11-27,123.5999984741211,111.85025787353516
2017-11-28,123.63999938964844,111.8864517211914
2017-11-29,123.3499984741211,111.6240234375
2017-11-30,123.62999725341797,111.87739562988281
2017-12-01,124.18000030517578,112.37511444091797
2017-12-04,123.93000030517578,112.14888763427734
2017-12-05,124.04499816894531,112.25294494628906
2017-12-06,124.16000366210938,112.35700988769531
2017-12-07,124.26000213623047,112.44752502441406
2017-12-08,124.26000213623047,112.44752502441406
2017-12-11,124.25499725341797,112.4429931640625
2017-12-12,123.98500061035156,112.19866180419922
2017-12-13,123.77999877929688,112.01312255859375
2017-12-14,123.83999633789062,112.06741333007812
2017-12-15,123.91000366210938,112.13079833984375
2017-12-18,123.94999694824219,112.1669692993164
2017-12-19,123.26000213623047,111.54258728027344
2017-12-20,123.08000183105469,111.37969207763672
2017-12-21,123.12000274658203,111.41588592529297
2017-12-22,123.08999633789062,111.38872528076172
2017-12-27,123.22000122070312,111.50639343261719
2017-12-28,122.81999969482422,111.14439392089844
2017-12-29,122.52999877929688,110.88197326660156
2018-01-02,122.1449966430664,110.53356170654297
2018-01-03,122.44000244140625,110.80052185058594
2018-01-04,122.6050033569336,110.94985961914062
2018-01-05,122.61499786376953,110.95887756347656
2018-01-08,122.78500366210938,111.11273193359375
2018-01-09,122.48999786376953,110.84575653076172
2018-01-10,122.3550033569336,110.7236099243164
2018-01-11,121.71499633789062,110.50190734863281
2018-01-12,122.05000305175781,110.8060531616211
2018-01-15,121.82499694824219,110.60176086425781
2018-01-16,122.06500244140625,110.81965637207031
2018-01-17,122.06999969482422,110.82420349121094
2018-01-18,122.04499816894531,110.8014907836914
2018-01-19,122.15499877929688,110.90135955810547
2018-01-22,122.30000305175781,111.03301239013672
2018-01-23,122.38500213623047,111.11018371582031
2018-01-24,122.25499725341797,110.99214935302734
2018-01-25,122.02999877929688,110.78788757324219
2018-01-26,121.91000366210938,110.67894744873047
2018-01-29,121.55999755859375,110.36119079589844
2018-01-30,121.61000061035156,110.40657043457031
2018-01-31,121.66500091552734,110.45652770996094
2018-02-01,121.7699966430664,110.55184936523438
2018-02-02,121.41000366210938,110.22500610351562
2018-02-05,121.4800033569336,110.2885513305664
2018-02-06,121.79499816894531,110.57453155517578
2018-02-07,121.75,110.5336685180664
2018-02-08,121.59500122070312,110.39295959472656
2018-02-09,121.5250015258789,110.32941436767578
2018-02-12,121.53500366210938,110.33849334716797
2018-02-13,121.33000183105469,110.15237426757812
2018-02-14,121.30500030517578,110.12966918945312
2018-02-15,121.27999877929688,110.10697937011719
2018-02-16,121.69499969482422,110.48374938964844
2018-02-19,121.33999633789062,110.16143798828125
2018-02-20,121.30000305175781,110.12513732910156
2018-02-21,121.34500122070312,110.1659927368164
2018-02-22,121.41000366210938,110.22500610351562
2018-02-23,121.69999694824219,110.48828887939453
2018-02-26,121.81999969482422,110.59723663330078
2018-02-27,121.71499633789062,110.50190734863281
2018-02-28,121.93000030517578,110.69708251953125
2018-03-01,122.11000061035156,110.86052703857422
2018-03-02,121.98500061035156,110.74703979492188
2018-03-05,122.01499938964844,110.77428436279297
2018-03-06,121.84500122070312,110.61992645263672
2018-03-07,122.0250015258789,110.7833480834961
2018-03-08,122.38500213623047,111.11018371582031
2018-03-09,122.1500015258789,110.89683532714844
2018-03-12,122.37000274658203,111.0965576171875
2018-03-13,122.41000366210938,111.13288116455078
2018-03-14,122.50499725341797,111.21912384033203
2018-03-15,122.6500015258789,111.35076904296875
2018-03-16,122.75499725341797,111.44610595703125
2018-03-19,122.8499984741211,111.53234100341797
2018-03-20,122.98500061035156,111.6549072265625
2018-03-21,122.83999633789062,111.52326202392578
2018-03-22,123.2699966430664,111.91363525390625
2018-03-23,123.375,112.00897979736328
2018-03-26,123.33000183105469,111.96812438964844
2018-03-27,123.55000305175781,112.16785430908203
2018-03-28,123.70999908447266,112.3131103515625
2018-03-29,123.88500213623047,112.47200775146484
2018-04-03,123.76499938964844,112.3630599975586
2018-04-04,123.8949966430664,112.48106384277344
2018-04-05,123.58000183105469,112.19508361816406
2018-04-06,123.68000030517578,112.285888671875
2018-04-09,123.63999938964844,112.24955749511719
2018-04-10,123.40499877929688,112.03620147705078
2018-04-11,123.62000274658203,112.23139190673828
2018-04-12,123.5999984741211,112.21324920654297
2018-04-13,123.55999755859375,112.17691040039062
2018-04-16,123.5,112.12246704101562
2018-04-17,123.70500183105469,112.30857849121094
2018-04-18,123.74500274658203,112.34488677978516
2018-04-19,123.23999786376953,111.88640594482422
2018-04-20,123.29000091552734,111.93181610107422
2018-04-23,123.00499725341797,111.67304992675781
2018-04-24,123.0250015258789,111.69120025634766
2018-04-25,123.01499938964844,111.68213653564453
2018-04-26,123.33499908447266,111.97266387939453
2018-04-27,123.47000122070312,112.09520721435547
2018-04-30,123.3550033569336,111.99083709716797
2018-05-02,123.20500183105469,111.85464477539062
2018-05-03,123.62000274658203,112.23139190673828
2018-05-04,123.2699966430664,111.91363525390625
2018-05-07,123.48500061035156,112.10884094238281
2018-05-08,123.04000091552734,111.704833984375
2018-05-09,123.09500122070312,111.7547607421875
2018-05-10,123.05000305175781,111.71391296386719
2018-05-11,123.16999816894531,111.8228530883789
2018-05-14,122.83999633789062,111.52326202392578
2018-05-15,122.5999984741211,111.30536651611328
2018-05-16,122.2300033569336,110.96947479248047
2018-05-17,122.13999938964844,110.88776397705078
2018-05-18,122.16999816894531,110.91497039794922
2018-05-21,122.16999816894531,110.91497039794922
2018-05-22,121.87000274658203,110.64262390136719
2018-05-23,121.93000030517578,110.69708251953125
2018-05-24,122.30999755859375,111.04208374023438
2018-05-25,122.23500061035156,110.9739990234375
2018-05-28,122.03500366210938,110.79243469238281
2018-05-29,120.8949966430664,109.75745391845703
2018-05-30,121.1500015258789,109.98896026611328
2018-05-31,121.95999908447266,110.72434997558594
2018-06-01,122.02999877929688,110.78788757324219
2018-06-04,122.25499725341797,110.99214935302734
2018-06-05,122.0,110.76063537597656
2018-06-06,121.11499786376953,109.95718383789062
2018-06-07,120.86499786376953,109.73020935058594
2018-06-08,120.7249984741211,109.60309600830078
2018-06-11,121.0999984741211,109.94354248046875
2018-06-12,121.1050033569336,109.94810485839844
2018-06-13,121.38500213623047,110.20230865478516
2018-06-14,121.8499984741211,110.62445068359375
2018-06-15,122.16500091552734,110.91046905517578
2018-06-18,122.375,111.10108947753906
2018-06-19,122.51499938964844,111.22819519042969
2018-06-20,122.55249786376953,111.26225280761719
2018-06-21,122.17500305175781,110.91954803466797
2018-06-22,122.20500183105469,110.94676971435547
2018-06-25,121.91000366210938,110.67894744873047
2018-06-26,121.67500305175781,110.46559143066406
2018-06-27,122.19000244140625,110.93313598632812
2018-06-28,122.23500061035156,110.9739990234375
2018-06-29,122.72000122070312,111.41432189941406
2018-07-02,122.87000274658203,111.55049133300781
2018-07-03,122.98999786376953,111.6594467163086
2018-07-04,122.9800033569336,111.65037536621094
2018-07-05,122.7925033569336,111.48014068603516
2018-07-06,122.76000213623047,111.45063781738281
2018-07-09,122.76499938964844,111.45516967773438
2018-07-10,122.74500274658203,111.43701171875
2018-07-11,122.74500274658203,111.43701171875
2018-07-12,122.4625015258789,111.55261993408203
2018-07-13,122.7300033569336,111.79629516601562
2018-07-16,122.47000122070312,111.5594482421875
2018-07-17,122.78500366210938,111.84637451171875
2018-07-18,122.68499755859375,111.75528717041016
2018-07-19,122.81500244140625,111.87370300292969
2018-07-20,122.36499786376953,111.46379852294922
2018-07-23,122.0999984741211,111.222412109375
2018-07-24,122.19999694824219,111.3134994506836
2018-07-25,122.27999877929688,111.38634490966797
2018-07-26,122.15499877929688,111.27249145507812
2018-07-27,122.05999755859375,111.18595886230469
2018-07-30,121.71499633789062,110.8717041015625
2018-07-31,121.87000274658203,111.01289367675781
2018-08-01,121.50499725341797,110.68040466308594
2018-08-02,121.28500366210938,110.48001098632812
2018-08-03,121.55999755859375,110.73051452636719
2018-08-06,121.81500244140625,110.96279907226562
2018-08-07,121.68499755859375,110.84436798095703
2018-08-08,121.63500213623047,110.798828125
2018-08-09,121.81500244140625,110.96279907226562
2018-08-10,121.80500030517578,110.95368194580078
2018-08-13,121.625,110.78973388671875
2018-08-14,121.72000122070312,110.87625885009766
2018-08-15,121.53500366210938,110.7077407836914
2018-08-16,121.61000061035156,110.77604675292969
2018-08-17,121.54000091552734,110.71229553222656
2018-08-20,121.8949966430664,111.03565979003906
2018-08-21,121.94000244140625,111.07666778564453
2018-08-22,121.69499969482422,110.85348510742188
2018-08-23,121.61499786376953,110.78060150146484
2018-08-24,121.56500244140625,110.73506164550781
2018-08-27,121.2699966430664,110.46634674072266
2018-08-28,121.19499969482422,110.39803314208984
2018-08-29,121.12000274658203,110.32971954345703
2018-08-30,121.21499633789062,110.41625213623047
2018-08-31,121.26499938964844,110.46179962158203
2018-09-03,121.23999786376953,110.43900299072266
2018-09-04,121.44499969482422,110.62574768066406
2018-09-05,121.63500213623047,110.798828125
2018-09-06,121.7300033569336,110.8853759765625
2018-09-07,121.51499938964844,110.68952941894531
2018-09-10,121.76000213623047,110.91268920898438
2018-09-11,121.6500015258789,110.81250762939453
2018-09-12,121.6449966430664,110.80793762207031
2018-09-13,121.6449966430664,110.80793762207031
2018-09-14,121.38999938964844,110.5756607055664
2018-09-17,121.63999938964844,110.80339050292969
2018-09-18,121.5999984741211,110.76692962646484
2018-09-19,121.45500183105469,110.63487243652344
2018-09-20,121.47000122070312,110.6485366821289
2018-09-21,121.625,110.78973388671875
2018-09-24,121.15499877929688,110.36158752441406
2018-09-25,121.16000366210938,110.36614227294922
2018-09-26,121.34500122070312,110.53466796875
2018-09-27,121.2249984741211,110.42534637451172
2018-09-28,121.03500366210938,110.25226593017578
2018-10-01,120.6500015258789,109.9015884399414
2018-10-02,120.66999816894531,109.91979217529297
2018-10-04,120.37999725341797,109.6556396484375
2018-10-05,120.00499725341797,109.31404876708984
2018-10-08,119.80000305175781,109.1273193359375
2018-10-09,119.88999938964844,109.20929718017578
2018-10-10,119.84500122070312,109.16828918457031
2018-10-11,119.72000122070312,109.05443572998047
2018-10-12,119.8550033569336,109.17742156982422
2018-10-15,119.80000305175781,109.1273193359375
2018-10-16,120.08499908447266,109.38691711425781
2018-10-17,120.13500213623047,109.4324722290039
2018-10-18,119.8499984741211,109.17283630371094
2018-10-19,120.05000305175781,109.35502624511719
2018-10-22,120.2300033569336,109.51899719238281
2018-10-23,120.19999694824219,109.49166870117188
2018-10-24,120.33999633789062,109.61919403076172
2018-10-25,120.5999984741211,109.85602569580078
2018-10-26,120.8550033569336,110.08832550048828
2018-10-29,121.06500244140625,110.27961730957031
2018-10-30,120.80000305175781,110.03822326660156
2018-10-31,120.9000015258789,110.12931823730469
2018-11-01,120.91500091552734,110.14298248291016
2018-11-02,120.98999786376953,110.2113037109375
2018-11-05,120.93000030517578,110.15663146972656
2018-11-06,120.75499725341797,109.9972152709961
2018-11-07,120.75,109.99266815185547
2018-11-08,120.61499786376953,109.86969757080078
2018-11-09,120.78500366210938,110.02454376220703
2018-11-12,120.70500183105469,109.9516830444336
2018-11-13,120.65499877929688,109.90612030029297
2018-11-14,120.54000091552734,109.80138397216797
2018-11-15,120.66000366210938,109.91069793701172
2018-11-16,120.49500274658203,109.76036834716797
2018-11-19,120.33499908447266,109.61463928222656
2018-11-20,120.43499755859375,109.70574951171875
2018-11-21,120.54499816894531,109.80593872070312
2018-11-22,120.7699966430664,110.01089477539062
2018-11-23,120.95999908447266,110.18397521972656
2018-11-26,121.17500305175781,110.37980651855469
2018-11-27,121.19000244140625,110.39347076416016
2018-11-28,121.17500305175781,110.37980651855469
2018-11-29,121.4800033569336,110.65763092041016
2018-11-30,121.61499786376953,110.78060150146484
2018-12-03,121.74500274658203,110.89901733398438
2018-12-04,122.0,111.13129425048828
2018-12-05,122.18499755859375,111.29981994628906
2018-12-06,121.94000244140625,111.07666778564453
2018-12-07,122.09500122070312,111.21785736083984
2018-12-10,122.1050033569336,111.22696685791016
2018-12-11,122.19000244140625,111.30437469482422
2018-12-12,122.08499908447266,111.20874786376953
2018-12-13,122.13500213623047,111.25428771972656
2018-12-14,122.3949966430664,111.49112701416016
2018-12-17,122.25,111.35903930664062
2018-12-18,122.41000366210938,111.50479125976562
2018-12-19,122.65499877929688,111.72795867919922
2018-12-20,122.88999938964844,111.9420166015625
2018-12-21,122.69000244140625,111.75984191894531
2018-12-27,122.80500030517578,111.86458587646484
2018-12-28,122.76499938964844,111.82815551757812
2019-01-02,123.08499908447266,112.11965942382812
2019-01-03,122.79000091552734,111.85094451904297
2019-01-04,122.28500366210938,111.39091491699219
2019-01-07,122.37000274658203,111.46834564208984
2019-01-08,122.1449966430664,111.26338958740234
2019-01-09,122.38500213623047,111.48201751708984
2019-01-10,122.56999969482422,111.6505355834961
2019-01-11,122.7699966430664,111.83270263671875
2019-01-14,122.95500183105469,112.00123596191406
2019-01-15,122.99500274658203,112.03767395019531
2019-01-16,123.125,112.15608215332031
2019-01-17,122.95500183105469,112.37251281738281
2019-01-18,122.70999908447266,112.14859771728516
2019-01-21,122.56500244140625,112.01605224609375
2019-01-22,122.76499938964844,112.1988525390625
2019-01-23,122.86000061035156,112.2856674194336
2019-01-24,123.33499908447266,112.71980285644531
2019-01-25,123.31999969482422,112.70609283447266
2019-01-28,123.23500061035156,112.62841033935547
2019-01-29,123.29499816894531,112.68323516845703
2019-01-30,123.38500213623047,112.76549530029297
2019-01-31,123.6449966430664,113.00312042236328
2019-02-01,123.30000305175781,112.68781280517578
2019-02-04,123.18499755859375,112.58271026611328
2019-02-05,123.1500015258789,112.55072784423828
2019-02-06,123.03500366210938,112.44562530517578
2019-02-07,123.0199966430664,112.4319076538086
2019-02-08,123.04499816894531,112.45475769042969
2019-02-11,123.08499908447266,112.49131774902344
2019-02-12,123.0,112.41363525390625
2019-02-13,123.26000213623047,112.65125274658203
2019-02-14,123.25499725341797,112.64669036865234
2019-02-15,123.37000274658203,112.75178527832031
2019-02-18,123.33999633789062,112.72435760498047
2019-02-19,123.4000015258789,112.77920532226562
2019-02-20,123.3499984741211,112.7334976196289
2019-02-21,123.2750015258789,112.66497039794922
2019-02-22,123.34500122070312,112.72894287109375
2019-02-25,123.5199966430664,112.88888549804688
2019-02-26,123.59500122070312,112.95742797851562
2019-02-27,123.2750015258789,112.66497039794922
2019-02-28,123.125,112.52787780761719
2019-03-01,123.11499786376953,112.51873016357422
2019-03-04,123.29499816894531,112.68323516845703
2019-03-05,123.33499908447266,112.71980285644531
2019-03-06,123.75499725341797,113.10364532470703
2019-03-07,124.44999694824219,113.73883056640625
2019-03-08,124.4000015258789,113.6931381225586
2019-03-11,124.29499816894531,113.59717559814453
2019-03-12,124.2750015258789,113.5788803100586
2019-03-13,124.20500183105469,113.51492309570312
2019-03-14,124.2750015258789,113.5788803100586
2019-03-15,124.30000305175781,113.60176086425781
2019-03-18,124.4800033569336,113.7662582397461
2019-03-19,124.3550033569336,113.65201568603516
2019-03-20,124.31500244140625,113.61543273925781
2019-03-21,124.87999725341797,114.1318130493164
2019-03-22,125.19999694824219,114.42427062988281
2019-03-25,125.21499633789062,114.43797302246094
2019-03-26,125.2699966430664,114.4882583618164
2019-03-27,125.70999908447266,114.89039611816406
2019-03-28,125.48500061035156,114.68475341796875
2019-03-29,125.43499755859375,114.63904571533203
2019-04-01,124.91500091552734,114.163818359375
2019-04-02,125.13999938964844,114.36945343017578
2019-04-03,124.70500183105469,113.97189331054688
2019-04-04,125.01000213623047,114.2506332397461
2019-04-05,125.01000213623047,114.2506332397461
2019-04-08,125.15499877929688,114.3831558227539
2019-04-09,125.27999877929688,114.49739837646484
2019-04-10,125.53500366210938,114.73045349121094
2019-04-11,125.49500274658203,114.69389343261719
2019-04-12,125.13500213623047,114.36488342285156
2019-04-15,124.88999938964844,114.14096069335938
2019-04-16,124.80500030517578,114.06327056884766
2019-04-17,124.69000244140625,113.95817565917969
2019-04-18,125.04499816894531,114.28262329101562
2019-04-23,124.79000091552734,114.0495834350586
2019-04-24,125.16000366210938,114.38772583007812
2019-04-25,124.875,114.12725830078125
2019-04-26,125.36499786376953,114.57506561279297
2019-04-29,125.32499694824219,114.53849792480469
2019-04-30,125.375,114.58423614501953
2019-05-02,125.33999633789062,114.55223083496094
2019-05-03,125.375,114.58423614501953
2019-05-06,125.43499755859375,114.63904571533203
2019-05-07,125.5999984741211,114.78985595703125
2019-05-08,125.5,114.69845581054688
2019-05-09,125.28500366210938,114.50196838378906
2019-05-10,125.36000061035156,114.57051086425781
2019-05-13,125.44499969482422,114.64820098876953
2019-05-14,125.37000274658203,114.57965087890625
2019-05-15,125.51499938964844,114.71216583251953
2019-05-16,125.80500030517578,114.97721099853516
2019-05-17,125.79499816894531,114.96807861328125
2019-05-20,125.63500213623047,114.82185363769531
2019-05-21,125.59500122070312,114.78529357910156
2019-05-22,125.73500061035156,114.91322326660156
2019-05-23,125.95999908447266,115.11886596679688
2019-05-24,126.04000091552734,115.1919937133789
2019-05-27,126.18000030517578,115.3199234008789
2019-05-28,126.125,115.26966857910156
2019-05-29,126.51499938964844,115.6260986328125
2019-05-30,126.44000244140625,115.55755615234375
2019-05-31,126.74500274658203,115.8363037109375
2019-06-03,126.82499694824219,115.90941619873047
2019-06-04,127.19999694824219,116.25214385986328
2019-06-05,127.36000061035156,116.39836883544922
2019-06-06,127.70999908447266,116.71824645996094
2019-06-07,128.32000732421875,117.27574920654297
2019-06-11,127.93499755859375,116.92387390136719
2019-06-12,127.83000183105469,116.82793426513672
2019-06-13,127.9000015258789,116.89189910888672
2019-06-14,128.35000610351562,117.30319213867188
2019-06-17,128.25,117.21177673339844
2019-06-18,129.36000061035156,118.22624206542969
2019-06-19,129.0749969482422,117.96575927734375
2019-06-20,129.48500061035156,118.34048461914062
2019-06-21,129.01499938964844,117.91094207763672
2019-06-24,129.1750030517578,118.05715942382812
2019-06-25,129.52499389648438,118.37703704833984
2019-06-26,129.4149932861328,118.27649688720703
2019-06-27,129.39500427246094,118.25823211669922
2019-06-28,129.60499572753906,118.45015716552734
2019-07-01,130.10000610351562,118.90257263183594
2019-07-02,130.4149932861328,119.19042205810547
2019-07-03,131.2449951171875,119.9489974975586
2019-07-04,131.2550048828125,119.9581527709961
2019-07-05,130.61500549316406,119.37322235107422
2019-07-08,130.5449981689453,119.30925750732422
2019-07-09,130.4149932861328,119.19042205810547
2019-07-10,130.1750030517578,118.97109985351562
2019-07-11,129.3800048828125,118.64190673828125
2019-07-12,128.89500427246094,118.19715118408203
2019-07-15,129.57000732421875,118.81611633300781
2019-07-16,129.75,118.98117065429688
2019-07-17,130.06500244140625,119.2700424194336
2019-07-18,130.24000549316406,119.4305191040039
2019-07-19,130.27000427246094,119.45802307128906
2019-07-22,130.30499267578125,119.49012756347656
2019-07-23,130.3350067138672,119.51763153076172
2019-07-24,130.8300018310547,119.97154998779297
2019-07-25,130.6649932861328,119.82024383544922
2019-07-26,130.6699981689453,119.82482147216797
2019-07-29,130.80999755859375,119.95321655273438
2019-07-30,130.84500122070312,119.98531341552734
2019-07-31,131.3800048828125,120.47590637207031
2019-08-01,131.35000610351562,120.44839477539062
2019-08-02,131.9250030517578,120.97567749023438
2019-08-05,132.0449981689453,121.08570098876953
2019-08-06,132.22500610351562,121.25076293945312
2019-08-07,132.94000244140625,121.90642547607422
2019-08-08,132.39999389648438,121.41123962402344
2019-08-09,131.81500244140625,120.87478637695312
2019-08-12,132.0050048828125,121.04902648925781
2019-08-13,132.61500549316406,121.6084213256836
2019-08-14,133.27499389648438,122.21360778808594
2019-08-15,134.08999633789062,122.96098327636719
2019-08-16,133.82000732421875,122.7134017944336
2019-08-19,133.10499572753906,122.05770874023438
2019-08-20,133.73500061035156,122.63545989990234
2019-08-21,133.65499877929688,122.56208801269531
2019-08-22,133.32000732421875,122.25489044189453
2019-08-23,133.46499633789062,122.38787078857422
2019-08-26,133.4600067138672,122.38326263427734
2019-08-27,134.32000732421875,123.17189025878906
2019-08-28,134.83999633789062,123.64872741699219
2019-08-29,134.77000427246094,123.58453369140625
2019-08-30,134.5449981689453,123.37821197509766
2019-09-02,134.4149932861328,123.2590103149414
2019-09-03,134.97500610351562,123.77252960205078
2019-09-04,134.6649932861328,123.48825073242188
2019-09-05,133.46499633789062,122.38787078857422
2019-09-06,134.08999633789062,122.96098327636719
2019-09-09,133.38999938964844,122.3190689086914
2019-09-10,132.9199981689453,121.8880844116211
2019-09-11,133.14500427246094,122.09442138671875
2019-09-12,133.2899932861328,122.22738647460938
2019-09-13,132.5850067138672,121.58090209960938
2019-09-16,132.86500549316406,121.8376693725586
2019-09-17,132.52499389648438,121.52586364746094
2019-09-18,133.07000732421875,122.02564239501953
2019-09-19,133.0800018310547,122.0347900390625
2019-09-20,133.13499450683594,122.08523559570312
2019-09-23,133.94000244140625,122.82341766357422
2019-09-24,134.15499877929688,123.02057647705078
2019-09-25,134.06500244140625,122.93805694580078
2019-09-26,134.13999938964844,123.0068359375
2019-09-27,134.0399932861328,122.9151382446289
2019-09-30,133.9600067138672,122.8417739868164
2019-10-01,133.67999267578125,122.58500671386719
2019-10-02,133.47999572753906,122.40159606933594
2019-10-04,133.94000244140625,122.82341766357422
2019-10-07,133.82000732421875,122.7134017944336
2019-10-08,133.94000244140625,122.82341766357422
2019-10-09,133.60499572753906,122.5162353515625
2019-10-10,132.8000030517578,121.77803802490234
2019-10-11,132.5500030517578,121.54881286621094
2019-10-14,132.86500549316406,121.8376693725586
2019-10-15,132.72999572753906,121.7138442993164
2019-10-16,132.44500732421875,121.45250701904297
2019-10-17,132.5399932861328,121.53961181640625
2019-10-18,132.26499938964844,121.28744506835938
2019-10-21,131.8800048828125,120.93440246582031
2019-10-22,132.2449951171875,121.26910400390625
2019-10-23,132.44500732421875,121.45250701904297
2019-10-24,132.51499938964844,121.51670837402344
2019-10-25,132.26499938964844,121.28744506835938
2019-10-28,131.7550048828125,120.81977844238281
2019-10-29,131.9949951171875,121.03986358642578
2019-10-30,132.00999450683594,121.05360412597656
2019-10-31,132.5,121.50292205810547
2019-11-01,132.0399932861328,121.08112335205078
2019-11-04,131.8249969482422,120.88397216796875
2019-11-05,131.65499877929688,120.72808074951172
2019-11-06,131.73500061035156,120.80143737792969
2019-11-07,130.86000061035156,119.9990463256836
2019-11-08,131.19000244140625,120.30166625976562
2019-11-11,130.5,119.6689224243164
2019-11-12,130.66000366210938,119.81566619873047
2019-11-13,130.93499755859375,120.06783294677734
2019-11-14,130.92999267578125,120.0632553100586
2019-11-15,131.03500366210938,120.15951538085938
2019-11-18,131.25999450683594,120.3658447265625
2019-11-19,131.1750030517578,120.28791809082031
2019-11-20,131.31500244140625,120.41630554199219
2019-11-21,131.11000061035156,120.22830963134766
2019-11-22,131.375,120.47130584716797
2019-11-25,131.53500366210938,120.61803436279297
2019-11-26,131.55499267578125,120.63636779785156
2019-11-27,131.4499969482422,120.54008483886719
2019-11-28,131.30999755859375,120.41171264648438
2019-11-29,131.2949981689453,120.39794158935547
2019-12-02,130.5399932861328,119.70561981201172
2019-12-03,131.26499938964844,120.37043762207031
2019-12-04,130.94500732421875,120.07699584960938
2019-12-05,130.5500030517578,119.71479797363281
2019-12-06,130.41000366210938,119.58639526367188
2019-12-09,130.81500244140625,119.95777893066406
2019-12-10,130.8000030517578,119.94404602050781
2019-12-11,131.1199951171875,120.23748779296875
2019-12-12,130.68499755859375,119.83857727050781
2019-12-13,131.1750030517578,120.28791809082031
2019-12-16,130.91000366210938,120.04491424560547
2019-12-17,131.1699981689453,120.28333282470703
2019-12-18,130.69500732421875,119.8477554321289
2019-12-19,130.50999450683594,119.67811584472656
2019-12-20,130.53500366210938,119.70101165771484
2019-12-23,130.46499633789062,119.6368408203125
2019-12-27,130.6750030517578,119.82942199707031
2019-12-30,130.19500732421875,119.38924407958984
2020-01-02,130.3000030517578,119.48554229736328
2020-01-03,130.9199981689453,120.05408477783203
2020-01-06,130.81500244140625,119.95777893066406
2020-01-07,130.72500610351562,119.87525939941406
2020-01-08,130.55999755859375,119.72394561767578
2020-01-09,130.2899932861328,119.47636413574219
2020-01-10,130.4149932861328,119.59098815917969
2020-01-13,129.94500732421875,119.15999603271484
2020-01-14,130.1649932861328,119.36174774169922
2020-01-15,130.4149932861328,119.59098815917969
2020-01-16,129.9250030517578,119.49404907226562
2020-01-17,130.02999877929688,119.59061431884766
2020-01-20,130.11500549316406,119.6688003540039
2020-01-21,130.35499572753906,119.8895263671875
2020-01-22,130.75,120.25281524658203
2020-01-23,131.02999877929688,120.5103530883789
2020-01-24,131.52000427246094,120.96100616455078
2020-01-27,132.08999633789062,121.4852523803711
2020-01-28,131.9149932861328,121.32429504394531
2020-01-29,132.27000427246094,121.65078735351562
2020-01-30,132.55499267578125,121.91291046142578
2020-01-31,132.8800048828125,122.2118148803711
2020-02-03,132.6649932861328,122.01409912109375
2020-02-04,132.4550018310547,121.82093811035156
2020-02-05,132.14500427246094,121.53583526611328
2020-02-06,132.0850067138672,121.48064422607422
2020-02-07,132.25,121.63237762451172
2020-02-10,132.5,121.8623046875
2020-02-11,132.3699951171875,121.74276733398438
2020-02-12,132.4499969482422,121.81633758544922
2020-02-13,132.625,121.97727966308594
2020-02-14,132.66000366210938,122.00946807861328
2020-02-17,132.68499755859375,122.03247833251953
2020-02-18,132.7100067138672,122.05547332763672
2020-02-19,132.80499267578125,122.14283752441406
2020-02-20,133.1649932861328,122.47393035888672
2020-02-21,133.26499938964844,122.5658950805664
2020-02-24,133.35000610351562,122.64407348632812
2020-02-25,133.44500732421875,122.73146057128906
2020-02-26,133.1999969482422,122.5061264038086
2020-02-27,132.90499877929688,122.23479461669922
2020-02-28,133.34500122070312,122.63948822021484
2020-03-02,133.55499267578125,122.83263397216797
2020-03-03,134.41000366210938,123.6189956665039
2020-03-04,134.1300048828125,123.36146545410156
2020-03-05,134.125,123.35684204101562
2020-03-06,134.44000244140625,123.64657592773438
2020-03-09,134.2949981689453,123.5132064819336
2020-03-10,133.99000549316406,123.23272705078125
2020-03-11,134.15499877929688,123.38444519042969
2020-03-12,133.0,122.32217407226562
2020-03-13,129.8699951171875,119.44347381591797
2020-03-16,127.0,116.80389404296875
2020-03-17,128.7449951171875,118.40877532958984
2020-03-18,125.2750015258789,115.2173843383789
2020-03-19,128.8350067138672,118.4915771484375
2020-03-20,130.0399932861328,119.5998306274414
2020-03-23,130.2050018310547,119.75159454345703
2020-03-24,128.44500732421875,118.13288879394531
2020-03-25,129.27000427246094,118.89165496826172
2020-03-26,130.77999877929688,120.2803955078125
2020-03-27,131.03500366210938,120.51492309570312
2020-03-30,131.16000366210938,120.6299057006836
2020-03-31,129.77999877929688,119.36070251464844
2020-04-01,129.22000122070312,118.84566497802734
2020-04-02,130.60000610351562,120.1148681640625
2020-04-03,129.49000549316406,119.09397888183594
2020-04-06,130.0800018310547,119.63661193847656
2020-04-07,128.6750030517578,118.34440612792969
2020-04-08,128.9499969482422,118.59732055664062
2020-04-09,129.03500366210938,118.67552185058594
2020-04-14,128.5399932861328,118.2202377319336
2020-04-15,128.89500427246094,118.5467529296875
2020-04-16,129.51499938964844,119.1169662475586
2020-04-17,129.27999877929688,118.90083312988281
2020-04-20,128.5,118.18346405029297
2020-04-21,128.33999633789062,118.03630828857422
2020-04-22,127.90499877929688,117.63621520996094
2020-04-23,128.2550048828125,117.9581527709961
2020-04-24,128.97500610351562,118.62031555175781
2020-04-27,129.27499389648438,118.89623260498047
2020-04-28,129.49000549316406,119.09397888183594
2020-04-29,129.6999969482422,119.287109375
2020-04-30,130.75,120.25281524658203
2020-05-04,130.3350067138672,119.87113952636719
2020-05-05,130.14999389648438,119.70099639892578
2020-05-06,129.31500244140625,118.93302917480469
2020-05-07,130.10000610351562,119.65502166748047
2020-05-08,129.72000122070312,119.3055191040039
2020-05-11,129.3000030517578,118.91922760009766
2020-05-12,129.4149932861328,119.02498626708984
2020-05-13,130.07000732421875,119.62741088867188
2020-05-14,129.86500549316406,119.43887329101562
2020-05-15,129.80999755859375,119.3882827758789
2020-05-18,129.61500549316406,119.20894622802734
2020-05-19,130.09500122070312,119.6504135131836
2020-05-20,130.0749969482422,119.63202667236328
2020-05-21,130.22999572753906,119.77456665039062
2020-05-22,130.3000030517578,119.83895111083984
2020-05-25,130.42999267578125,119.95851135253906
2020-05-26,130.13999938964844,119.69181060791016
2020-05-27,130.3249969482422,119.8619384765625
2020-05-28,130.72999572753906,120.23442077636719
2020-05-29,130.9250030517578,120.41377258300781
2020-06-02,130.63999938964844,120.15165710449219
2020-06-03,129.65499877929688,119.24571990966797
2020-06-04,130.22000122070312,119.76537322998047
2020-06-05,129.8000030517578,119.37908172607422
2020-06-08,130.42999267578125,119.95851135253906
2020-06-09,130.0850067138672,119.64120483398438
2020-06-10,130.02999877929688,119.59061431884766
2020-06-11,130.78500366210938,120.28500366210938
2020-06-12,130.99000549316406,120.47355651855469
2020-06-15,131.05499267578125,120.53333282470703
2020-06-16,131.02999877929688,120.5103530883789
2020-06-17,131.19000244140625,120.6574935913086
2020-06-18,131.5449981689453,120.98399353027344
2020-06-19,131.69500732421875,121.12196350097656
2020-06-22,131.89999389648438,121.31048583984375
2020-06-23,131.68499755859375,121.11274719238281
2020-06-24,131.99000549316406,121.39326477050781
2020-06-25,132.11000061035156,121.5036392211914
2020-06-26,132.4499969482422,121.81633758544922
2020-06-29,132.17999267578125,121.56802368164062
2020-06-30,132.2100067138672,121.59561157226562
2020-07-01,131.625,121.05757904052734
2020-07-02,131.94000244140625,121.34728240966797
2020-07-03,131.88499450683594,121.29670715332031
2020-07-06,132.14500427246094,121.53583526611328
2020-07-07,132.2550048828125,121.63700103759766
2020-07-08,132.46499633789062,121.83014678955078
2020-07-09,132.6199951171875,121.97269439697266
2020-07-10,132.5500030517578,121.9083251953125
2020-07-13,132.09500122070312,121.48983001708984
2020-07-14,132.50999450683594,121.87152099609375
2020-07-15,132.50999450683594,121.87152099609375
2020-07-16,132.4250030517578,122.02135467529297
2020-07-17,132.3249969482422,121.92920684814453
2020-07-20,132.60000610351562,122.18260192871094
2020-07-21,132.7550048828125,122.325439453125
2020-07-22,133.06500244140625,122.61107635498047
2020-07-23,133.10499572753906,122.64790344238281
2020-07-24,132.85499572753906,122.41754913330078
2020-07-27,133.11000061035156,122.65253448486328
2020-07-28,133.08999633789062,122.63412475585938
2020-07-29,133.15499877929688,122.6939926147461
2020-07-30,133.42999267578125,122.9473876953125
2020-07-31,133.35000610351562,122.87366485595703
2020-08-03,133.3300018310547,122.85526275634766
2020-08-04,133.71499633789062,123.20999908447266
2020-08-05,133.41000366210938,122.92896270751953
2020-08-06,133.67999267578125,123.17774963378906
2020-08-07,133.59500122070312,123.09942626953125
2020-08-10,133.85000610351562,123.33440399169922
2020-08-11,133.4199981689453,122.93817138671875
2020-08-12,133.21499633789062,122.7492904663086
2020-08-13,132.69500732421875,122.27013397216797
2020-08-14,132.77000427246094,122.33924865722656
2020-08-17,133.00999450683594,122.56036376953125
2020-08-18,133.22500610351562,122.75850677490234
2020-08-19,133.41000366210938,122.92896270751953
2020-08-20,133.52499389648438,123.034912109375
2020-08-21,133.52000427246094,123.03034210205078
2020-08-24,133.42999267578125,122.9473876953125
2020-08-25,132.5449981689453,122.13191223144531
2020-08-26,132.6750030517578,122.25169372558594
2020-08-27,132.42999267578125,122.02595520019531
2020-08-28,132.4600067138672,122.0536117553711
2020-08-31,132.24000549316406,121.85088348388672
2020-09-01,132.39999389648438,121.99830627441406
2020-09-02,133.24000549316406,122.77234649658203
2020-09-03,133.30499267578125,122.83219146728516
2020-09-04,133.02000427246094,122.56961822509766
2020-09-07,132.72000122070312,122.29317474365234
2020-09-08,133.01499938964844,122.56497955322266
2020-09-09,132.9149932861328,122.47285461425781
2020-09-10,132.7100067138672,122.28396606445312
2020-09-11,133.2449951171875,122.77692413330078
2020-09-14,133.3350067138672,122.85987854003906
2020-09-15,133.4149932861328,122.93355560302734
2020-09-16,133.63499450683594,123.13627624511719
2020-09-17,133.6699981689453,123.16854858398438
2020-09-18,133.69000244140625,123.18697357177734
2020-09-21,133.9499969482422,123.4265365600586
2020-09-22,133.9949951171875,123.46797943115234
2020-09-23,133.98500061035156,123.45880126953125
2020-09-24,133.88999938964844,123.37124633789062
2020-09-25,134.125,123.58778381347656
2020-09-28,134.15499877929688,123.61542510986328
2020-09-29,134.38499450683594,123.82735443115234
2020-09-30,134.0399932861328,123.50947570800781
2020-10-01,134.11000061035156,123.57398986816406
2020-10-02,134.4550018310547,123.891845703125
2020-10-05,134.2449951171875,123.6983642578125
2020-10-06,134.2100067138672,123.6661148071289
2020-10-07,134.10499572753906,123.56934356689453
2020-10-08,134.52499389648438,123.95636749267578
2020-10-09,134.6999969482422,124.11762237548828
2020-10-12,135.0,124.39404296875
2020-10-13,135.14500427246094,124.52765655517578
2020-10-14,135.2550048828125,124.62901306152344
2020-10-15,135.32000732421875,124.68891143798828
2020-10-16,135.59500122070312,124.94231414794922
2020-10-19,135.375,124.73956298828125
2020-10-20,135.02999877929688,124.42169189453125
2020-10-21,134.85499572753906,124.26043701171875
2020-10-22,134.6199951171875,124.04387664794922
2020-10-23,134.69000244140625,124.10840606689453
2020-10-26,134.88499450683594,124.28807830810547
2020-10-27,135.18499755859375,124.56449890136719
2020-10-28,135.125,124.50921630859375
2020-10-29,135.4199981689453,124.78104400634766
2020-10-30,135.1199951171875,124.504638671875
2020-11-02,135.47000122070312,124.82715606689453
2020-11-03,135.48500061035156,124.8409423828125
2020-11-04,135.72999572753906,125.06668853759766
2020-11-05,135.75999450683594,125.0943374633789
2020-11-06,135.5800018310547,124.92849731445312
2020-11-09,134.5,123.93331909179688
2020-11-10,134.3699951171875,123.81355285644531
2020-11-11,134.67999267578125,124.09917449951172
2020-11-12,134.90499877929688,124.30650329589844
2020-11-13,135.1300048828125,124.51383972167969
2020-11-16,135.31500244140625,124.6843032836914
2020-11-17,135.52499389648438,124.87779998779297
2020-11-18,135.4499969482422,124.80872344970703
2020-11-19,135.5749969482422,124.92386627197266
2020-11-20,135.6649932861328,125.00679016113281
2020-11-23,135.57000732421875,124.91927337646484
2020-11-24,135.4600067138672,124.81790161132812
2020-11-25,135.5800018310547,124.92849731445312
2020-11-26,135.73500061035156,125.0712890625
2020-11-27,135.74000549316406,125.075927734375
2020-11-30,135.49000549316406,124.84555053710938
2020-12-01,135.0,124.39404296875
2020-12-02,134.9949951171875,124.3894271850586
2020-12-03,135.35000610351562,124.71653747558594
2020-12-04,135.27499389648438,124.6474380493164
2020-12-07,135.64999389648438,124.99298095703125
2020-12-08,135.9250030517578,125.24639892578125
2020-12-09,135.9149932861328,125.23715209960938
2020-12-10,135.83999633789062,125.16804504394531
2020-12-11,136.2100067138672,125.50898742675781
2020-12-14,136.09500122070312,125.40303802490234
2020-12-15,136.2050018310547,125.50439453125
2020-12-16,135.78500366210938,125.11737060546875
2020-12-17,135.82000732421875,125.14962005615234
2020-12-18,135.7100067138672,125.04825592041016
2020-12-21,135.7899932861328,125.12196350097656
2020-12-22,135.89500427246094,125.21876525878906
2020-12-23,135.39999389648438,124.76261138916016
2020-12-28,135.68499755859375,125.02520751953125
2020-12-29,135.7899932861328,125.12196350097656
2020-12-30,135.68499755859375,125.02520751953125
2021-01-04,135.86500549316406,125.19108581542969
2021-01-05,135.7550048828125,125.08972930908203
2021-01-06,135.48500061035156,124.8409423828125
2021-01-07,135.52000427246094,124.87322235107422
2021-01-08,135.69500732421875,125.03446197509766
2021-01-11,135.32000732421875,124.68891143798828
2021-01-12,134.7449951171875,124.15908813476562
2021-01-13,135.3699951171875,124.73497009277344
2021-01-14,135.27999877929688,124.8192138671875
2021-01-15,135.19000244140625,124.73619842529297
2021-01-18,134.97999572753906,124.54241943359375
2021-01-19,135.0399932861328,124.5977783203125
2021-01-20,135.0449981689453,124.60240936279297
2021-01-21,134.5800018310547,124.17335510253906
2021-01-22,134.52499389648438,124.12261199951172
2021-01-25,135.03500366210938,124.5931625366211
2021-01-26,134.88499450683594,124.45476531982422
2021-01-27,134.9250030517578,124.4916763305664
2021-01-28,134.88499450683594,124.45476531982422
2021-01-29,134.72500610351562,124.30714416503906
2021-02-01,134.6750030517578,124.260986328125
2021-02-02,134.38499450683594,123.99342346191406
2021-02-03,134.4199981689453,124.02571105957031
2021-02-04,134.40499877929688,124.01188659667969
2021-02-05,134.2550048828125,123.87350463867188
2021-02-08,134.39500427246094,124.00265502929688
2021-02-09,134.38499450683594,123.99342346191406
2021-02-10,134.27000427246094,123.88733673095703
2021-02-11,134.4949951171875,124.09491729736328
2021-02-12,134.10000610351562,123.73047637939453
2021-02-15,133.64500427246094,123.3106689453125
2021-02-16,133.3000030517578,122.9923324584961
2021-02-17,133.32000732421875,123.01077270507812
2021-02-18,132.80999755859375,122.54021453857422
2021-02-19,132.6699981689453,122.4110336303711
2021-02-22,133.0050048828125,122.72013854980469
2021-02-23,132.625,122.3695297241211
2021-02-24,132.35000610351562,122.11579132080078
2021-02-25,131.55999755859375,121.38687133789062
2021-02-26,131.94500732421875,121.74211120605469
2021-03-01,132.86500549316406,122.59098052978516
2021-03-02,132.80999755859375,122.54021453857422
2021-03-03,132.24000549316406,122.0143051147461
2021-03-04,132.3000030517578,122.06964874267578
2021-03-05,132.2550048828125,122.02815246582031
2021-03-08,132.15499877929688,121.93585968017578
2021-03-09,132.47000122070312,122.22652435302734
2021-03-10,132.52999877929688,122.2818603515625
2021-03-11,132.98500061035156,122.70169830322266
2021-03-12,132.5749969482422,122.32339477539062
2021-03-15,132.84500122070312,122.5725326538086
2021-03-16,132.82000732421875,122.5494384765625
2021-03-17,132.15499877929688,121.93585968017578
2021-03-18,132.05999755859375,121.84822845458984
2021-03-19,132.25,122.02352905273438
2021-03-22,132.3000030517578,122.06964874267578
2021-03-23,132.6999969482422,122.43873596191406
2021-03-24,132.9499969482422,122.66938018798828
2021-03-25,133.17999267578125,122.88160705566406
2021-03-26,132.86500549316406,122.59098052978516
2021-03-29,132.44500732421875,122.20346069335938
2021-03-30,132.14500427246094,121.92664337158203
2021-03-31,132.32000732421875,122.08810424804688
2021-04-01,132.6199951171875,122.36491394042969
2021-04-06,132.32000732421875,122.08810424804688
2021-04-07,132.2949981689453,122.06504821777344
2021-04-08,132.51499938964844,122.26802825927734
2021-04-09,132.07000732421875,121.85746002197266
2021-04-12,131.93499755859375,121.7328872680664
2021-04-13,131.90499877929688,121.7052001953125
2021-04-14,131.65499877929688,121.47452545166016
2021-04-15,131.9949951171875,121.78824615478516
2021-04-16,131.7899932861328,121.5990982055664
2021-04-19,131.47000122070312,121.30384826660156
2021-04-20,131.66000366210938,121.4791488647461
2021-04-21,131.77499389648438,121.58526611328125
2021-04-22,131.75,121.56218719482422
2021-04-23,131.71499633789062,121.52989196777344
2021-04-26,131.64999389648438,121.46991729736328
2021-04-27,131.5749969482422,121.40072631835938
2021-04-28,131.38499450683594,121.22541046142578
2021-04-29,130.89999389648438,120.77790832519531
2021-04-30,130.86000061035156,120.74099731445312
2021-05-03,130.97000122070312,120.8425064086914
2021-05-04,131.25999450683594,121.11006927490234
2021-05-05,131.0850067138672,120.94861602783203
2021-05-06,130.98500061035156,120.85635375976562
2021-05-07,130.74000549316406,120.63029479980469
2021-05-10,130.80499267578125,120.69026184082031
2021-05-11,130.2449951171875,120.1735610961914
2021-05-12,129.89999389648438,119.85523986816406
2021-05-13,129.69500732421875,119.66609191894531
2021-05-14,129.68499755859375,119.6568603515625
2021-05-17,129.4499969482422,119.44004821777344
2021-05-18,129.49000549316406,119.47694396972656
2021-05-19,129.4949951171875,119.48155212402344
2021-05-20,129.86500549316406,119.82294464111328
2021-05-21,130.10000610351562,120.0397720336914
2021-05-25,130.52000427246094,120.42729949951172
2021-05-26,131.00999450683594,120.87939453125
2021-05-27,130.72000122070312,120.61184692382812
2021-05-28,130.8249969482422,120.7087173461914
2021-05-31,130.8699951171875,120.7502212524414
2021-06-01,130.80499267578125,120.69026184082031
2021-06-02,131.00999450683594,120.87939453125
2021-06-03,130.875,120.75484466552734
2021-06-04,131.0800018310547,120.94400024414062
2021-06-07,130.91000366210938,120.78713989257812
2021-06-08,131.25999450683594,121.11006927490234
2021-06-09,131.50999450683594,121.34075164794922
2021-06-10,131.47500610351562,121.30845642089844
2021-06-11,131.8300018310547,121.63600158691406
2021-06-14,131.5449981689453,121.37303924560547
2021-06-15,131.39999389648438,121.23924255371094
2021-06-16,131.52999877929688,121.35919189453125
2021-06-17,131.3300018310547,121.17467498779297
2021-06-18,131.25999450683594,121.11006927490234
2021-06-21,131.03500366210938,120.9024658203125
2021-06-22,130.98500061035156,120.85635375976562
2021-06-23,131.0399932861328,120.90708923339844
2021-06-24,131.16000366210938,121.01780700683594
2021-06-25,130.68499755859375,120.57953643798828
2021-06-28,131.00999450683594,120.87939453125
2021-06-29,130.9949951171875,120.86557006835938
2021-06-30,131.3699951171875,121.21155548095703
2021-07-01,131.41000366210938,121.24846649169922
2021-07-02,131.74000549316406,121.5529556274414
2021-07-05,131.5500030517578,121.37765502929688
2021-07-06,132.22000122070312,121.99585723876953
2021-07-07,132.3249969482422,122.09271240234375
2021-07-08,132.36500549316406,122.12963104248047
2021-07-09,132.1649932861328,121.94508361816406
2021-07-12,132.30999755859375,122.0788803100586
2021-07-13,132.42999267578125,122.18961334228516
2021-07-14,132.55499267578125,122.30494689941406
2021-07-15,132.49000549316406,122.36663818359375
2021-07-16,132.72000122070312,122.57906341552734
2021-07-19,133.02999877929688,122.86537170410156
2021-07-20,133.25999450683594,123.07779693603516
2021-07-21,133.0399932861328,122.87461853027344
2021-07-22,133.375,123.18400573730469
2021-07-23,133.52999877929688,123.3271713256836
2021-07-26,133.46499633789062,123.26714324951172
2021-07-27,133.59500122070312,123.38721466064453
2021-07-28,133.55499267578125,123.35028076171875
2021-07-29,133.58999633789062,123.38258361816406
2021-07-30,133.67999267578125,123.4657211303711
2021-08-02,134.01499938964844,123.77510070800781
2021-08-03,134.08999633789062,123.84439086914062
2021-08-04,134.1649932861328,123.91364288330078
2021-08-05,134.30999755859375,124.04757690429688
2021-08-06,133.9550018310547,123.71971130371094
2021-08-09,134.02999877929688,123.78895568847656
2021-08-10,134.11000061035156,123.8628921508789
2021-08-11,133.94000244140625,123.70585632324219
2021-08-12,134.0850067138672,123.83975219726562
2021-08-13,134.1199951171875,123.87208557128906
2021-08-16,134.0449981689453,123.80281829833984
2021-08-17,133.97000122070312,123.7335433959961
2021-08-18,134.19000244140625,123.93675231933594
2021-08-19,134.2050018310547,123.95059967041016
2021-08-20,134.3350067138672,124.07067108154297
2021-08-23,134.09500122070312,123.84900665283203
2021-08-24,134.1300048828125,123.88131713867188
2021-08-25,133.27499389648438,123.09166717529297
2021-08-26,133.22500610351562,123.04549407958984
2021-08-27,133.35000610351562,123.16092681884766
2021-08-30,133.55999755859375,123.35489654541016
2021-08-31,132.8800048828125,122.72684478759766
2021-09-01,132.8300018310547,122.68065643310547
2021-09-02,133.0,122.83767700195312
2021-09-03,132.7449951171875,122.60212707519531
2021-09-06,132.84500122070312,122.69452667236328
2021-09-07,132.30499267578125,122.1957778930664
2021-09-08,132.3350067138672,122.22348022460938
2021-09-09,132.97999572753906,122.81918334960938
2021-09-10,132.5800018310547,122.44976043701172
2021-09-13,132.63999938964844,122.50518035888672
2021-09-14,132.83999633789062,122.68991088867188
2021-09-15,132.50999450683594,122.3851089477539
2021-09-16,132.46499633789062,122.34356689453125
2021-09-17,132.2100067138672,122.10803985595703
2021-09-20,132.47500610351562,122.35279083251953
2021-09-21,132.67999267578125,122.5421142578125
2021-09-22,132.77000427246094,122.62525177001953
2021-09-23,132.0749969482422,121.98334503173828
2021-09-24,131.72500610351562,121.66010284423828
2021-09-27,131.7050018310547,121.64160919189453
2021-09-28,131.36000061035156,121.32298278808594
2021-09-29,131.55999755859375,121.5076904296875
2021-09-30,131.24000549316406,121.212158203125
2021-10-01,131.52999877929688,121.47998809814453
2021-10-04,131.5449981689453,121.49384307861328
2021-10-05,131.22500610351562,121.19828796386719
2021-10-06,131.1199951171875,121.10132598876953
2021-10-07,131.27499389648438,121.24446868896484
2021-10-08,130.89500427246094,120.89351654052734
2021-10-11,130.72500610351562,120.73650360107422
2021-10-12,130.55999755859375,120.58409881591797
2021-10-13,130.96499633789062,120.95816040039062
2021-10-14,131.58999633789062,121.53541564941406
2021-10-15,131.375,121.33682250976562
2021-10-18,131.26499938964844,121.2352294921875
2021-10-19,130.8699951171875,120.87040710449219
2021-10-20,130.97500610351562,120.96739959716797
2021-10-21,130.80999755859375,120.81501770019531
2021-10-22,130.8249969482422,120.82886505126953
2021-10-25,130.99000549316406,120.98126983642578
2021-10-26,130.99000549316406,120.98126983642578
2021-10-27,131.58999633789062,121.53541564941406
2021-10-28,131.17999267578125,121.15673065185547
2021-10-29,130.61500549316406,120.6349105834961
2021-11-01,130.4250030517578,120.45942687988281
2021-11-02,131.16000366210938,121.13825225830078
2021-11-03,131.2899932861328,121.25833129882812
2021-11-04,131.90499877929688,121.82633209228516
2021-11-05,132.50999450683594,122.3851089477539
2021-11-08,132.19000244140625,122.08954620361328
2021-11-09,132.85499572753906,122.7037353515625
2021-11-10,132.125,122.0295181274414
2021-11-11,132.0050048828125,121.918701171875
2021-11-12,132.1649932861328,122.06645965576172
2021-11-15,131.9199981689453,121.8401870727539
2021-11-16,131.89500427246094,121.81710052490234
2021-11-17,131.82000732421875,121.7478256225586
2021-11-18,132.375,122.26040649414062
2021-11-19,132.9199981689453,122.76377868652344
2021-11-22,132.34500122070312,122.23271942138672
2021-11-23,131.5749969482422,121.52155303955078
2021-11-24,131.2949981689453,121.262939453125
2021-11-25,131.5800018310547,121.52617645263672
2021-11-26,132.4600067138672,122.33894348144531
2021-11-29,132.3000030517578,122.1911392211914
2021-11-30,132.66000366210938,122.52362823486328
2021-12-01,132.47999572753906,122.35738372802734
2021-12-02,132.86500549316406,122.7129898071289
2021-12-03,133.01499938964844,122.85151672363281
2021-12-06,133.27999877929688,123.09627532958984
2021-12-07,133.1999969482422,123.02238464355469
2021-12-08,132.35000610351562,122.23734283447266
2021-12-09,132.7050018310547,122.56521606445312
2021-12-10,132.875,122.72221374511719
2021-12-13,133.2899932861328,123.10552215576172
2021-12-14,133.08999633789062,122.92080688476562
2021-12-15,133.0449981689453,122.87921142578125
2021-12-16,132.69000244140625,122.55136108398438
2021-12-17,133.0399932861328,122.87461853027344
2021-12-20,132.77000427246094,122.62525177001953
2021-12-21,132.0399932861328,121.95101165771484
2021-12-22,131.84500122070312,121.77092742919922
2021-12-23,131.30499267578125,121.27217864990234
2021-12-27,131.32000732421875,121.2860336303711
2021-12-28,131.33999633789062,121.30449676513672
2021-12-29,130.74000549316406,120.75035858154297
2021-12-30,130.8000030517578,120.80577850341797
2022-01-03,130.21499633789062,120.26547241210938
2022-01-04,130.27999877929688,120.32550048828125
2022-01-05,130.1300048828125,120.18698120117188
2022-01-06,129.88499450683594,119.9606704711914
2022-01-07,129.64999389648438,119.74364471435547
2022-01-10,129.72500610351562,119.81291198730469
2022-01-11,129.58999633789062,119.688232421875
2022-01-12,129.9149932861328,119.98839569091797
2022-01-13,130.18499755859375,120.35606384277344
2022-01-14,129.72999572753906,119.9354019165039
2022-01-17,129.5500030517578,119.76900482177734
2022-01-18,129.36500549316406,119.59797668457031
2022-01-19,129.3350067138672,119.57024383544922
2022-01-20,129.51499938964844,119.73664093017578
2022-01-21,129.75999450683594,119.96315002441406
2022-01-24,130.00999450683594,120.19426727294922
2022-01-25,129.76499938964844,119.96776580810547
2022-01-26,129.49000549316406,119.71353149414062
2022-01-27,129.58999633789062,119.80599212646484
2022-01-28,129.4250030517578,119.6534423828125
2022-01-31,128.97999572753906,119.2420425415039
2022-02-01,128.71499633789062,118.99703979492188
2022-02-02,128.7949981689453,119.07100677490234
2022-02-03,127.44999694824219,117.82754516601562
2022-02-04,126.75499725341797,117.18502807617188
2022-02-07,126.31500244140625,116.77823638916016
2022-02-08,125.83999633789062,116.339111328125
2022-02-09,126.4000015258789,116.8568344116211
2022-02-10,125.52999877929688,116.05250549316406
2022-02-11,125.40499877929688,115.93695068359375
2022-02-14,125.30999755859375,115.84912872314453
2022-02-15,125.07499694824219,115.63185119628906
2022-02-16,125.47000122070312,115.99705505371094
2022-02-17,125.95500183105469,116.44542694091797
2022-02-18,126.01000213623047,116.49628448486328
2022-02-21,125.83999633789062,116.339111328125
2022-02-22,125.6500015258789,116.16345977783203
2022-02-23,125.73999786376953,116.24665832519531
2022-02-24,126.26499938964844,116.73202514648438
2022-02-25,125.87000274658203,116.36685180664062
2022-02-28,126.65499877929688,117.09256744384766
2022-03-01,129.21499633789062,119.45930480957031
2022-03-02,127.95999908447266,118.2990493774414
2022-03-03,127.99500274658203,118.33140563964844
2022-03-04,128.9149932861328,119.18194580078125
2022-03-07,128.2100067138672,118.53018951416016
2022-03-08,127.58999633789062,117.95697784423828
2022-03-09,126.6050033569336,117.04634857177734
2022-03-10,125.41999816894531,115.95081329345703
2022-03-11,125.75,116.25589752197266
2022-03-14,124.62999725341797,115.220458984375
2022-03-15,125.02999877929688,115.59026336669922
2022-03-16,124.69999694824219,115.28517150878906
2022-03-17,124.7750015258789,115.3545150756836
2022-03-18,125.06999969482422,115.62724304199219
2022-03-21,124.19000244140625,114.81369018554688
2022-03-22,123.875,114.52246856689453
2022-03-23,124.0250015258789,114.66114044189453
2022-03-24,123.72000122070312,114.3791732788086
2022-03-25,123.5,114.17578125
2022-03-28,123.29499816894531,113.98625183105469
2022-03-29,122.93000030517578,113.6488037109375
2022-03-30,122.66500091552734,113.40382385253906
2022-03-31,123.56999969482422,114.24048614501953
2022-04-01,123.17500305175781,113.87532043457031
2022-04-04,123.42500305175781,114.10643768310547
2022-04-05,122.23500061035156,113.00628662109375
2022-04-06,121.88500213623047,112.68272399902344
2022-04-07,121.63999938964844,112.45621490478516
2022-04-08,121.29499816894531,112.13725280761719
2022-04-11,120.6449966430664,111.53631591796875
2022-04-12,120.88500213623047,111.75820922851562
2022-04-13,120.93000030517578,111.7998046875
2022-04-14,120.27999877929688,111.19888305664062
2022-04-19,119.79000091552734,110.74588012695312
2022-04-20,120.30500030517578,111.22200012207031
2022-04-21,119.6050033569336,110.5748519897461
2022-04-22,119.28500366210938,110.27901458740234
2022-04-25,120.16500091552734,111.09256744384766
2022-04-26,120.24500274658203,111.16653442382812
2022-04-27,120.16999816894531,111.09719848632812
2022-04-28,119.33499908447266,110.32524108886719
2022-04-29,118.8949966430664,109.91844940185547
2022-05-02,118.51000213623047,109.5625228881836
2022-05-03,118.68499755859375,109.72430419921875
2022-05-04,118.38500213623047,109.44696044921875
2022-05-05,117.71499633789062,108.8275375366211
2022-05-06,116.96499633789062,108.13417053222656
2022-05-09,117.25,108.39765167236328
2022-05-10,118.06999969482422,109.15573120117188
2022-05-11,118.41500091552734,109.47470092773438
2022-05-12,119.56500244140625,110.53787994384766
2022-05-13,118.8499984741211,109.87684631347656
2022-05-16,118.86499786376953,109.89071655273438
2022-05-17,117.9000015258789,108.99857330322266
2022-05-18,118.15499877929688,109.23431396484375
2022-05-19,118.62000274658203,109.66421508789062
2022-05-20,118.18000030517578,109.2574234008789
2022-05-23,117.59500122070312,108.71662139892578
2022-05-24,117.98500061035156,109.07715606689453
2022-05-25,118.1050033569336,109.18810272216797
2022-05-26,117.81999969482422,108.92462158203125
2022-05-27,118.16000366210938,109.23896026611328
2022-05-30,117.36000061035156,108.49933624267578
2022-05-31,116.62999725341797,107.82447052001953
2022-06-01,116.05000305175781,107.28826141357422
2022-06-02,115.43499755859375,106.71968841552734
2022-06-03,115.12999725341797,106.43771362304688
2022-06-06,114.73500061035156,106.0725326538086
2022-06-07,115.26000213623047,106.55789184570312
2022-06-08,114.72000122070312,106.05867004394531
2022-06-09,113.69999694824219,105.11566925048828
2022-06-10,112.83999633789062,104.32061004638672
2022-06-13,111.37999725341797,102.97083282470703
2022-06-14,110.34500122070312,102.01398468017578
2022-06-15,111.68499755859375,103.25281524658203
2022-06-16,111.73999786376953,103.30365753173828
2022-06-17,112.27999877929688,103.80289459228516
2022-06-20,111.57499694824219,103.15110778808594
2022-06-21,111.25,102.85063934326172
2022-06-22,112.5199966430664,104.02476501464844
2022-06-23,113.87999725341797,105.2820816040039
2022-06-24,113.63999938964844,105.06021118164062
2022-06-27,113.11499786376953,104.57484436035156
2022-06-28,112.49500274658203,104.00167083740234
2022-06-29,113.5999984741211,105.02322387695312
2022-06-30,114.48999786376953,105.84603118896484
2022-07-01,115.73999786376953,107.00164794921875
2022-07-04,114.75,106.0864028930664
2022-07-05,115.63999938964844,106.90921020507812
2022-07-06,115.8499984741211,107.10334777832031
2022-07-07,115.08000183105469,106.39148712158203
2022-07-08,114.75499725341797,106.09101867675781
2022-07-11,115.45999908447266,106.74280548095703
2022-07-12,116.44999694824219,107.65804290771484
2022-07-13,116.5250015258789,107.72737884521484
2022-07-14,115.7300033569336,107.1444091796875
2022-07-15,116.11000061035156,107.4962158203125
2022-07-18,115.59500122070312,107.01941680908203
2022-07-19,115.11499786376953,106.57502746582031
2022-07-20,115.2750015258789,106.7231674194336
2022-07-21,115.2300033569336,106.68150329589844
2022-07-22,116.63999938964844,107.98690032958984
2022-07-25,116.79499816894531,108.1303939819336
2022-07-26,117.52999877929688,108.81085968017578
2022-07-27,117.31999969482422,108.61644744873047
2022-07-28,118.4000015258789,109.61632537841797
2022-07-29,119.04000091552734,110.20885467529297
2022-08-01,119.69999694824219,110.81987762451172
2022-08-02,119.51000213623047,110.64398193359375
2022-08-03,118.97000122070312,110.14404296875
2022-08-04,119.625,110.75043487548828
2022-08-05,118.44000244140625,109.65337371826172
2022-08-08,118.73500061035156,109.92646789550781
2022-08-09,118.3949966430664,109.6116943359375
2022-08-10,118.90499877929688,110.08385467529297
2022-08-11,118.02999877929688,109.27377319335938
2022-08-12,117.80000305175781,109.06085205078125
2022-08-15,118.5199966430664,109.72742462158203
2022-08-16,117.71499633789062,108.98214721679688
2022-08-17,116.66999816894531,108.01466369628906
2022-08-18,116.56999969482422,107.9220962524414
2022-08-19,115.41500091552734,106.85277557373047
2022-08-22,114.83999633789062,106.32042694091797
2022-08-23,114.5999984741211,106.09822845458984
2022-08-24,114.31999969482422,105.8390121459961
2022-08-25,114.68499755859375,106.17691802978516
2022-08-26,114.15499877929688,105.68624877929688
2022-08-29,113.2249984741211,104.82523345947266
2022-08-30,113.1050033569336,104.71414947509766
2022-08-31,112.78500366210938,104.41789245605469
2022-09-01,112.3499984741211,104.01514434814453
2022-09-02,112.86499786376953,104.491943359375
2022-09-05,112.50499725341797,104.15866088867188
2022-09-06,112.31500244140625,103.98275756835938
2022-09-07,112.88500213623047,104.51045989990234
2022-09-08,111.83999633789062,103.54297637939453
2022-09-09,111.95999908447266,103.65409088134766
2022-09-12,112.19000244140625,103.86702728271484
2022-09-13,111.72000122070312,103.431884765625
2022-09-14,111.93000030517578,103.62631225585938
2022-09-15,111.31500244140625,103.05694580078125
2022-09-16,111.38999938964844,103.12638092041016
2022-09-19,111.08000183105469,102.83936309814453
2022-09-20,110.08499908447266,101.91818237304688
2022-09-21,110.56999969482422,102.36720275878906
2022-09-22,109.98999786376953,101.8302230834961
2022-09-23,109.55500030517578,101.42750549316406
2022-09-26,108.95500183105469,100.87201690673828
2022-09-27,107.52999877929688,99.552734375
2022-09-28,108.5999984741211,100.54334259033203
2022-09-29,107.92500305175781,99.91842651367188
2022-09-30,108.55000305175781,100.49707794189453
2022-10-03,110.3499984741211,102.16352844238281
2022-10-04,110.58000183105469,102.37646484375
2022-10-05,109.20999908447266,101.10810852050781
2022-10-06,108.69000244140625,100.62667846679688
2022-10-07,107.9000015258789,99.89530181884766
2022-10-10,107.33000183105469,99.36756896972656
2022-10-11,107.43499755859375,99.46478271484375
2022-10-12,106.77999877929688,98.8583755493164
2022-10-13,107.24500274658203,99.28888702392578
2022-10-14,106.5999984741211,98.69172668457031
2022-10-17,107.22000122070312,99.26573944091797
2022-10-18,107.15499877929688,99.20555877685547
2022-10-19,106.58000183105469,98.67321014404297
2022-10-20,106.625,98.7148666381836
2022-10-21,106.32499694824219,98.43711853027344
2022-10-24,107.2249984741211,99.27035522460938
2022-10-25,108.62000274658203,100.5618667602539
2022-10-26,108.81999969482422,100.74702453613281
2022-10-27,110.26499938964844,102.08483123779297
2022-10-28,109.34500122070312,101.23308563232422
2022-10-31,108.69499969482422,100.63130950927734
2022-11-01,108.90499877929688,100.82572174072266
2022-11-02,108.79499816894531,100.72388458251953
2022-11-03,108.04499816894531,100.02953338623047
2022-11-04,107.79499816894531,99.79806518554688
2022-11-07,107.59500122070312,99.6129150390625
2022-11-08,108.05000305175781,100.0341567993164
2022-11-09,108.66999816894531,100.60816192626953
2022-11-10,110.29000091552734,102.10798645019531
2022-11-11,108.88999938964844,100.81183624267578
2022-11-14,108.94999694824219,100.86738586425781
2022-11-15,109.51000213623047,101.3858413696289
2022-11-16,110.22000122070312,102.04317474365234
2022-11-17,110.20999908447266,102.03392028808594
2022-11-18,110.57499694824219,102.3718490600586
2022-11-21,110.6050033569336,102.39960479736328
2022-11-22,110.62999725341797,102.42276000976562
2022-11-23,111.37999725341797,103.11711120605469
2022-11-24,111.9800033569336,103.672607421875
2022-11-25,111.05000305175781,102.81159210205078
2022-11-28,110.80999755859375,102.58939361572266
2022-11-29,111.51000213623047,103.23747253417969
2022-11-30,111.30500030517578,103.04767608642578
2022-12-01,112.3550033569336,104.01979064941406
2022-12-02,112.05999755859375,103.74666595458984
2022-12-05,112.0,103.69113159179688
2022-12-06,112.5250015258789,104.17717742919922
2022-12-07,112.73999786376953,104.37621307373047
2022-12-08,112.48500061035156,104.14013671875
2022-12-09,111.625,103.34394073486328
2022-12-12,111.59500122070312,103.31616973876953
2022-12-13,111.79499816894531,103.50132751464844
2022-12-14,111.26000213623047,103.00601959228516
2022-12-15,109.74500274658203,101.6034164428711
2022-12-16,108.9800033569336,100.89517211914062
2022-12-19,108.77999877929688,100.70999908447266
2022-12-20,107.94999694824219,99.94157409667969
2022-12-21,108.09500122070312,100.07581329345703
2022-12-22,107.68000030517578,99.69160461425781
2022-12-23,107.58499908447266,99.60365295410156
2022-12-27,106.59500122070312,98.68709564208984
2022-12-28,106.51499938964844,98.61302947998047
2022-12-29,106.98999786376953,99.05279541015625
2022-12-30,106.58499908447266,98.67784118652344
2023-01-02,106.93000030517578,98.99724578857422
2023-01-03,107.51499938964844,99.53884887695312
2023-01-04,108.55999755859375,100.5063247680664
2023-01-05,108.11499786376953,100.09432983398438
2023-01-06,108.80000305175781,100.72852325439453
2023-01-09,108.79000091552734,100.71926879882812
2023-01-10,108.30999755859375,100.27486419677734
2023-01-11,109.22000122070312,101.11736297607422
2023-01-12,109.19999694824219,101.47979736328125
2023-01-13,109.12999725341797,101.41473388671875
2023-01-16,109.11000061035156,101.3961410522461
2023-01-17,109.875,102.10706329345703
2023-01-18,110.68000030517578,102.85514831542969
2023-01-19,110.45500183105469,102.64607238769531
2023-01-20,109.25499725341797,101.53089904785156
2023-01-23,108.94499969482422,101.24280548095703
2023-01-24,109.54499816894531,101.8003921508789
2023-01-25,109.38500213623047,101.65171813964844
2023-01-26,108.93499755859375,101.23352813720703
2023-01-27,108.68000030517578,100.99655151367188
2023-01-30,108.08000183105469,100.43897247314453
2023-01-31,108.40499877929688,100.7409896850586
2023-02-01,108.25,100.59695434570312
2023-02-02,110.36499786376953,102.56243133544922
2023-02-03,109.24500274658203,101.5216064453125
2023-02-06,108.625,100.94544219970703
2023-02-07,108.5,100.82926940917969
2023-02-08,108.125,100.48078155517578
2023-02-09,108.51499938964844,100.84321594238281
2023-02-10,108.02999877929688,100.39250946044922
2023-02-13,108.02999877929688,100.39250946044922
2023-02-14,107.54000091552734,99.93714904785156
2023-02-15,107.12999725341797,99.55613708496094
2023-02-16,107.07499694824219,99.5050277709961
2023-02-17,107.2699966430664,99.68622589111328
2023-02-20,107.13999938964844,99.56542205810547
2023-02-21,106.45500183105469,98.9288558959961
2023-02-22,106.53500366210938,99.0031967163086
2023-02-23,107.0199966430664,99.45390319824219
2023-02-24,106.5,98.97067260742188
2023-02-27,106.19000244140625,98.68257904052734
2023-02-28,105.77999877929688,98.30156707763672
2023-03-01,105.24500274658203,97.80440521240234
2023-03-02,105.03500366210938,97.60923767089844
2023-03-03,105.33000183105469,97.88339233398438
2023-03-06,105.2300033569336,97.79045104980469
2023-03-07,105.43000030517578,97.976318359375
2023-03-08,105.82499694824219,98.34339141845703
2023-03-09,105.91500091552734,98.4270248413086
2023-03-10,106.74500274658203,99.19835662841797
2023-03-13,108.01499938964844,100.3785629272461
2023-03-14,107.13500213623047,99.56078338623047
2023-03-15,109.25,101.52625274658203
2023-03-16,108.4800033569336,100.8106918334961
2023-03-17,109.47000122070312,101.73070526123047
2023-03-20,109.67500305175781,101.92121124267578
2023-03-21,108.58499908447266,100.90827178955078
2023-03-22,108.17500305175781,100.52725219726562
2023-03-23,109.11499786376953,101.40079498291016
2023-03-24,109.55000305175781,101.8050537109375
2023-03-27,108.99500274658203,101.28929138183594
2023-03-28,108.48500061035156,100.8153305053711
2023-03-29,108.375,100.7131118774414
2023-03-30,107.8550033569336,100.2298812866211
2023-03-31,108.43000030517578,100.76422119140625
2023-04-03,108.91999816894531,101.2195816040039
2023-04-04,108.72000122070312,101.03372192382812
2023-04-05,109.20999908447266,101.48908996582031
2023-04-06,109.18000030517578,101.4612045288086
2023-04-11,108.36499786376953,100.70381927490234
2023-04-12,107.91500091552734,100.28562927246094
2023-04-13,107.70999908447266,100.09513092041016
2023-04-14,107.3949966430664,99.8023910522461
2023-04-17,107.15499877929688,99.5793685913086
2023-04-18,107.28500366210938,99.70018005371094
2023-04-19,106.88500213623047,99.32845306396484
2023-04-20,107.33999633789062,99.75127410888672
2023-04-21,106.9800033569336,99.41674041748047
2023-04-24,106.97000122070312,99.4074478149414
2023-04-25,107.7750015258789,100.155517578125
2023-04-26,107.71499633789062,100.09976959228516
2023-04-27,107.13999938964844,99.56542205810547
2023-04-28,108.29499816894531,100.63876342773438
2023-05-02,108.71499633789062,101.0290756225586
2023-05-03,108.63999938964844,100.95938873291016
2023-05-04,108.95500183105469,101.25210571289062
2023-05-05,108.34500122070312,100.68524169921875
2023-05-08,108.125,100.48078155517578
2023-05-09,107.93499755859375,100.3042221069336
2023-05-10,108.30500030517578,100.64806365966797
2023-05-11,108.77999877929688,101.08949279785156
2023-05-12,108.50499725341797,100.83392333984375
2023-05-15,108.19999694824219,100.55048370361328
2023-05-16,107.9000015258789,100.2717056274414
2023-05-17,107.93499755859375,100.3042221069336
2023-05-18,107.23999786376953,99.65835571289062
2023-05-19,107.5250015258789,99.92321014404297
2023-05-22,107.25499725341797,99.67229461669922
2023-05-23,107.02999877929688,99.46320343017578
2023-05-24,107.16500091552734,99.58865356445312
2023-05-25,106.83999633789062,99.28662872314453
2023-05-26,106.7699966430664,99.22156524658203
2023-05-29,107.45999908447266,99.86280059814453
2023-05-30,108.2300033569336,100.57837677001953
2023-05-31,108.70999908447266,101.02442932128906
2023-06-01,108.8949966430664,101.19634246826172
2023-06-02,108.69999694824219,101.01512908935547
2023-06-05,108.21499633789062,100.5644302368164
2023-06-06,108.25,100.59695434570312
2023-06-07,107.6449966430664,100.03472137451172
2023-06-08,107.83499908447266,100.21129608154297
2023-06-09,108.31500244140625,100.65735626220703
2023-06-12,108.40499877929688,100.7409896850586
2023-06-13,108.125,100.48078155517578
2023-06-14,107.98500061035156,100.3506851196289
2023-06-15,107.67500305175781,100.06260681152344
2023-06-16,108.19499969482422,100.54583740234375
2023-06-19,107.58499908447266,99.97895812988281
2023-06-20,108.36499786376953,100.70381927490234
2023-06-21,108.31500244140625,100.65735626220703
2023-06-22,107.81999969482422,100.19735717773438
2023-06-23,108.74500274658203,101.05694580078125
2023-06-26,109.03500366210938,101.32644653320312
2023-06-27,108.69000244140625,101.00584411621094
2023-06-28,108.99500274658203,101.28929138183594
2023-06-29,108.30999755859375,100.65270233154297
2023-06-30,108.51499938964844,100.84321594238281
2023-07-03,108.13999938964844,100.4947280883789
2023-07-04,107.96499633789062,100.33209228515625
2023-07-05,107.87999725341797,100.25311279296875
2023-07-06,106.74500274658203,99.19835662841797
2023-07-07,106.81999969482422,99.26805877685547
2023-07-10,106.66500091552734,99.1240234375
2023-07-11,106.51000213623047,98.9799575805664
2023-07-12,107.3499984741211,99.76056671142578
2023-07-13,107.32499694824219,100.3800277709961
2023-07-14,107.13999938964844,100.20698547363281
2023-07-17,107.2300033569336,100.29117584228516
2023-07-18,108.09500122070312,101.1001968383789
2023-07-19,107.7699966430664,100.79622650146484
2023-07-20,107.51499938964844,100.55772399902344
2023-07-21,107.74500274658203,100.7728500366211
2023-07-24,107.92500305175781,100.94120025634766
2023-07-25,107.86000061035156,100.88040161132812
2023-07-26,107.48500061035156,100.5296630859375
2023-07-27,107.62000274658203,100.65593719482422
2023-07-28,107.49500274658203,100.53902435302734
2023-07-31,107.49500274658203,100.53902435302734
2023-08-01,106.98500061035156,100.06201934814453
2023-08-02,107.12000274658203,100.18829345703125
2023-08-03,106.86499786376953,99.94979095458984
2023-08-04,106.95999908447266,100.03864288330078
2023-08-07,106.88999938964844,99.9731674194336
2023-08-08,107.69499969482422,100.72607421875
2023-08-09,107.5199966430664,100.5624008178711
2023-08-10,107.34500122070312,100.39872741699219
2023-08-11,106.70999908447266,99.80481719970703
2023-08-14,106.5999984741211,99.70193481445312
2023-08-15,106.2249984741211,99.3511962890625
2023-08-16,106.34500122070312,99.46343994140625
2023-08-17,105.99500274658203,99.13609313964844
2023-08-18,106.46499633789062,99.57567596435547
2023-08-21,105.9000015258789,99.0472412109375
2023-08-22,106.46499633789062,99.57567596435547
2023-08-23,107.44499969482422,100.49226379394531
2023-08-24,107.38999938964844,100.4408187866211
2023-08-25,107.0999984741211,100.1695785522461
2023-08-28,107.05500030517578,100.12749481201172
2023-08-29,107.5,100.543701171875
2023-08-30,107.34500122070312,100.39872741699219
2023-08-31,107.7300033569336,100.75881958007812
2023-09-01,107.25,100.30987548828125
2023-09-04,106.91999816894531,100.00122833251953
2023-09-05,106.73500061035156,99.82819366455078
2023-09-06,106.34500122070312,99.46343994140625
2023-09-07,106.625,99.72531127929688
2023-09-08,106.8499984741211,99.93575286865234
2023-09-11,106.50499725341797,99.61308288574219
2023-09-12,106.42500305175781,99.53826904296875
2023-09-13,106.33999633789062,99.4587631225586
2023-09-14,106.80000305175781,99.88899993896484
2023-09-15,106.30500030517578,99.42601776123047
2023-09-18,105.7699966430664,98.9256362915039
2023-09-19,105.68499755859375,98.84615325927734
2023-09-20,106.0199966430664,99.15946197509766
2023-09-21,105.69000244140625,98.85082244873047
2023-09-22,105.63999938964844,98.80406188964844
2023-09-25,105.26499938964844,98.45332336425781
2023-09-26,105.16000366210938,98.35511779785156
2023-09-27,104.88999938964844,98.10259246826172
2023-09-28,104.09500122070312,97.3590316772461
2023-09-29,104.81999969482422,98.03711700439453
2023-10-02,104.51499938964844,97.75186157226562
2023-10-03,104.1500015258789,97.41047668457031
2023-10-04,104.15499877929688,97.41515350341797
2023-10-05,104.41999816894531,97.66299438476562
2023-10-06,104.3550033569336,97.60221099853516
2023-10-09,105.1449966430664,98.34107971191406
2023-10-10,105.25499725341797,98.4439697265625
2023-10-11,105.8499984741211,99.00047302246094
2023-10-12,105.25,98.43929290771484
2023-10-13,105.53500366210938,98.70584869384766
2023-10-16,105.19499969482422,98.38785552978516
2023-10-17,104.62999725341797,97.85941314697266
2023-10-18,104.24500274658203,97.49933624267578
2023-10-19,104.33000183105469,97.5788345336914
2023-10-20,104.5250015258789,97.76121520996094
2023-10-23,104.87000274658203,98.08390045166016
2023-10-24,104.91999816894531,98.13064575195312
2023-10-25,104.5,97.73782348632812
2023-10-26,104.78500366210938,98.00438690185547
2023-10-27,105.0199966430664,98.22417449951172
2023-10-30,105.20999908447266,98.4018783569336
2023-10-31,105.3499984741211,98.53282165527344
2023-11-01,105.65499877929688,98.81808471679688
2023-11-02,106.19499969482422,99.3231430053711
2023-11-03,106.73500061035156,99.82819366455078
2023-11-06,106.04000091552734,99.17818450927734
2023-11-07,106.54000091552734,99.64582061767578
2023-11-08,107.02999877929688,100.10411834716797
2023-11-09,106.72000122070312,99.81417083740234
2023-11-10,106.36499786376953,99.48213958740234
2023-11-13,106.37999725341797,99.49617004394531
2023-11-14,107.26499938964844,100.32390594482422
2023-11-15,107.06500244140625,100.13684844970703
2023-11-16,107.49500274658203,100.53902435302734
2023-11-17,107.42500305175781,100.47355651855469
2023-11-20,107.47000122070312,100.51564025878906
2023-11-21,107.86499786376953,100.88507080078125
2023-11-22,107.80000305175781,100.82429504394531
2023-11-23,107.44000244140625,100.48757934570312
2023-11-24,107.26499938964844,100.32390594482422
2023-11-27,107.95500183105469,100.9692611694336
2023-11-28,108.24500274658203,101.24049377441406
2023-11-29,108.78500366210938,101.74555206298828
2023-11-30,108.5999984741211,101.57251739501953
2023-12-01,109.44499969482422,102.36283111572266
2023-12-04,109.44499969482422,102.36283111572266
2023-12-05,109.44499969482422,102.36283111572266
2023-12-06,109.44499969482422,102.36283111572266
2023-12-07,110.9000015258789,103.72368621826172
2023-12-08,110.18499755859375,103.0549545288086
2023-12-11,110.1050033569336,102.98014068603516
2023-12-12,110.51000213623047,103.35892486572266
2023-12-13,110.93000030517578,103.75173950195312
2023-12-14,111.58000183105469,104.35968017578125
2023-12-15,112.375,105.10324096679688
2023-12-18,111.93499755859375,104.69170379638672
2023-12-19,112.63500213623047,105.34642028808594
2023-12-20,112.87999725341797,105.5755615234375
2023-12-21,113.16999816894531,105.84679412841797
2023-12-22,113.1449966430664,105.82340240478516
2023-12-27,113.58000183105469,106.23026275634766
2023-12-28,113.19999694824219,105.87484741210938
2023-12-29,112.71499633789062,105.42122650146484
2024-01-02,112.19999694824219,104.93956756591797
2024-01-03,112.48999786376953,105.21078491210938
2024-01-04,111.7300033569336,104.4999771118164
2024-01-05,111.5199966430664,104.30355834960938
2024-01-08,111.6449966430664,104.42047119140625
2024-01-09,111.19000244140625,103.99491882324219
2024-01-10,111.08499908447266,103.89671325683594
2024-01-11,110.2249984741211,103.95527648925781
2024-01-12,110.81500244140625,104.51171875
2024-01-15,110.34500122070312,104.0684585571289
2024-01-16,110.26499938964844,103.99300384521484
2024-01-17,109.73999786376953,103.49787139892578
2024-01-18,109.59500122070312,103.36111450195312
2024-01-19,109.81999969482422,103.57332611083984
2024-01-22,110.06999969482422,103.80909729003906
2024-01-23,109.57499694824219,103.34224700927734
2024-01-24,109.6500015258789,103.41299438476562
2024-01-25,110.13500213623047,103.87039947509766
2024-01-26,110.12000274658203,103.85625457763672
2024-01-29,110.54499816894531,104.257080078125
2024-01-30,110.2249984741211,103.95527648925781
2024-01-31,110.91999816894531,104.61074829101562
2024-02-01,111.11000061035156,104.7899398803711
2024-02-02,110.41999816894531,104.13919067382812
2024-02-05,109.80500030517578,103.5591812133789
2024-02-06,109.91999816894531,103.66761779785156
2024-02-07,109.79499816894531,103.54973602294922
2024-02-08,109.49500274658203,103.26681518554688
2024-02-09,109.30999755859375,103.09231567382812
2024-02-12,109.54499816894531,103.31394958496094
2024-02-13,109.41500091552734,103.19135284423828
2024-02-14,109.8499984741211,103.60160827636719
2024-02-15,109.86000061035156,103.61104583740234
2024-02-16,109.62999725341797,103.39411926269531
2024-02-19,109.47000122070312,103.24322509765625
2024-02-20,109.80999755859375,103.56388092041016
2024-02-21,109.2699966430664,103.05459594726562
2024-02-22,109.44999694824219,103.22435760498047
2024-02-23,110.0,103.74308013916016
2024-02-26,109.44499969482422,103.21965789794922
2024-02-27,109.2300033569336,103.01688385009766
2024-02-28,109.24500274658203,103.0310287475586
2024-02-29,109.77999877929688,103.53558349609375
2024-03-01,109.58000183105469,103.34696960449219
2024-03-04,109.79499816894531,103.54973602294922
2024-03-05,110.51499938964844,104.2287826538086
2024-03-06,110.56500244140625,104.27594757080078
2024-03-07,110.88999938964844,104.58245086669922
2024-03-08,111.16000366210938,104.83709716796875
2024-03-11,110.8550033569336,104.54944610595703
2024-03-12,110.79499816894531,104.49285888671875
2024-03-13,110.58999633789062,104.29950714111328
2024-03-14,110.16500091552734,103.89868927001953
2024-03-15,110.08000183105469,103.81853485107422
2024-03-18,109.98999786376953,103.73365020751953
2024-03-19,109.95500183105469,103.70063781738281
2024-03-20,110.07499694824219,103.81380462646484
2024-03-21,110.3499984741211,104.07317352294922
2024-03-22,110.79000091552734,104.48814392089844
2024-03-25,110.4000015258789,104.12032318115234
2024-03-26,110.57499694824219,104.28536987304688
2024-03-27,110.99500274658203,104.68148803710938
2024-03-28,110.81500244140625,104.51171875
2024-04-02,109.99500274658203,103.73835754394531
2024-04-03,109.9800033569336,103.7242202758789
2024-04-04,110.3949966430664,104.11560821533203
2024-04-05,110.125,103.86096954345703
2024-04-08,109.94499969482422,103.69120788574219
2024-04-09,110.51499938964844,104.2287826538086
2024-04-10,110.0999984741211,103.83738708496094
2024-04-11,109.72000122070312,103.47901153564453
2024-04-12,110.5999984741211,104.30894470214844
2024-04-15,109.92500305175781,103.67234802246094
2024-04-16,109.5199966430664,103.2903823852539
2024-04-17,109.7249984741211,103.48371124267578
2024-04-18,109.58499908447266,103.35169219970703
2024-04-19,109.62000274658203,103.38468170166016
2024-04-22,109.7699966430664,103.52616119384766
2024-04-23,109.7249984741211,103.48371124267578
2024-04-24,109.03500366210938,102.83296203613281
2024-04-25,108.75,102.56417846679688
2024-04-26,109.18000030517578,102.96971893310547
2024-04-29,109.65499877929688,103.4177017211914
2024-04-30,109.28500366210938,103.0687484741211
2024-05-02,109.55999755859375,103.3281021118164
2024-05-03,109.94999694824219,103.69591522216797
2024-05-06,110.1449966430664,103.87982940673828
2024-05-07,110.49500274658203,104.20993041992188
2024-05-08,110.21499633789062,103.94583892822266
2024-05-09,109.93000030517578,103.67706298828125
2024-05-10,109.76499938964844,103.52143859863281
2024-05-13,109.80999755859375,103.56388092041016
2024-05-14,109.56500244140625,103.33281707763672
2024-05-15,110.55500030517578,104.26651000976562
2024-05-16,110.43499755859375,104.15332794189453
2024-05-17,109.88999938964844,103.63933563232422
2024-05-20,109.88999938964844,103.63933563232422
2024-05-21,109.9749984741211,103.7195053100586
2024-05-22,109.81500244140625,103.568603515625
2024-05-23,109.37000274658203,103.14891815185547
2024-05-24,109.5250015258789,103.29510498046875
2024-05-27,109.8550033569336,103.6063232421875
2024-05-28,109.5,103.27152252197266
2024-05-29,108.84500122070312,102.65377807617188
2024-05-30,109.04499816894531,102.84239196777344
2024-05-31,109.12000274658203,102.91313934326172
2024-06-03,109.6500015258789,103.41299438476562
2024-06-04,109.91000366210938,103.658203125
2024-06-05,110.2300033569336,103.95999145507812
2024-06-06,109.88999938964844,103.63933563232422
2024-06-07,109.34500122070312,103.12533569335938
2024-06-10,108.69999694824219,102.51702117919922
2024-06-11,108.75499725341797,102.56889343261719
2024-06-12,109.51000213623047,103.28095245361328
2024-06-13,109.58499908447266,103.35169219970703
2024-06-14,110.16500091552734,103.89868927001953
2024-06-17,109.94999694824219,103.69591522216797
2024-06-18,110.17500305175781,103.90812683105469
2024-06-19,109.95500183105469,103.70063781738281
2024-06-20,109.86000061035156,103.61104583740234
2024-06-21,109.8550033569336,103.6063232421875
2024-06-24,109.87999725341797,103.6299057006836
2024-06-25,110.04000091552734,103.78080749511719
2024-06-26,109.61000061035156,103.3752670288086
2024-06-27,109.61000061035156,103.3752670288086
2024-06-28,109.44999694824219,103.22435760498047
2024-07-01,108.92500305175781,102.7292251586914
2024-07-02,109.04000091552734,102.83768463134766
2024-07-03,109.49500274658203,103.26681518554688
2024-07-04,109.3499984741211,103.13004302978516
2024-07-05,109.80500030517578,103.5591812133789
2024-07-08,110.1050033569336,103.84210968017578
2024-07-09,109.58999633789062,103.35639190673828
2024-07-10,110.05500030517578,103.79495239257812
2024-07-11,110.62000274658203,104.32781219482422
2024-07-12,110.44499969482422,104.16276550292969
2024-07-15,110.69499969482422,104.3985366821289
2024-07-16,111.02999877929688,104.71448516845703
2024-07-17,111.05000305175781,104.73336029052734
2024-07-18,110.1050033569336,104.8535385131836
2024-07-19,109.68000030517578,104.44879913330078
2024-07-22,109.55500030517578,104.32976531982422
2024-07-23,109.79000091552734,104.55355834960938
2024-07-24,109.66999816894531,104.43928527832031
2024-07-25,109.80500030517578,104.5678482055664
2024-07-26,109.8949966430664,104.65354919433594
2024-07-29,110.33499908447266,105.07257080078125
2024-07-30,110.34500122070312,105.08208465576172
2024-07-31,110.83000183105469,105.54396057128906
2024-08-01,111.08499908447266,105.78679656982422
2024-08-02,111.33000183105469,106.02010345458984
2024-08-05,111.23999786376953,105.93440246582031
2024-08-06,111.25499725341797,105.94867706298828
2024-08-07,110.69000244140625,105.41063690185547
2024-08-08,110.9749984741211,105.68204498291016
2024-08-09,111.17500305175781,105.87251281738281
2024-08-12,111.30500030517578,105.99629974365234
2024-08-13,111.70999908447266,106.3819808959961
2024-08-14,111.69000244140625,106.3629379272461
2024-08-15,111.20999908447266,105.90583801269531
2024-08-16,111.09500122070312,105.79632568359375
2024-08-19,111.17500305175781,105.87251281738281
2024-08-20,111.5999984741211,106.27722930908203
2024-08-21,111.72000122070312,106.39151000976562
2024-08-22,111.47000122070312,106.15342712402344
2024-08-23,111.59500122070312,106.27246856689453
2024-08-26,111.44999694824219,106.1343765258789
2024-08-27,111.11000061035156,105.81060028076172
2024-08-28,111.26000213623047,105.95344543457031
2024-08-29,111.20999908447266,105.90583801269531
2024-08-30,111.08999633789062,105.79155731201172
2024-09-02,110.87999725341797,105.5915756225586
2024-09-03,111.28500366210938,105.97726440429688
2024-09-04,111.73500061035156,106.40579223632812
2024-09-05,111.95999908447266,106.62006378173828
2024-09-06,112.17500305175781,106.82479858398438
2024-09-09,112.1500015258789,106.8010025024414
2024-09-10,112.37999725341797,107.02002716064453
2024-09-11,112.55999755859375,107.19143676757812
2024-09-12,112.31500244140625,106.9581298828125
2024-09-13,112.51499938964844,107.14859771728516
2024-09-16,112.7300033569336,107.35334014892578
2024-09-17,112.56500244140625,107.19621276855469
2024-09-18,112.12999725341797,106.78195190429688
2024-09-19,112.06999969482422,106.72481536865234
2024-09-20,111.91999816894531,106.58197021484375
2024-09-23,112.2249984741211,106.87242889404297
2024-09-24,112.54000091552734,107.17240142822266
2024-09-25,112.15499877929688,106.8057632446289
2024-09-26,112.27999877929688,106.92479705810547
2024-09-27,112.44000244140625,107.0771713256836
2024-09-30,112.61499786376953,107.24382019042969
2024-10-01,113.2750015258789,107.87234497070312
2024-10-02,112.9000015258789,107.51522827148438
2024-10-03,112.63999938964844,107.26761627197266
2024-10-04,112.2249984741211,106.87242889404297
2024-10-07,111.91000366210938,106.57244110107422
2024-10-08,111.96499633789062,106.62481689453125
2024-10-09,111.91000366210938,106.57244110107422
2024-10-10,111.98500061035156,106.64386749267578
2024-10-11,111.8949966430664,106.55815887451172
2024-10-14,111.95500183105469,106.61530303955078
2024-10-15,112.41500091552734,107.05335998535156
2024-10-16,112.81500244140625,107.43428039550781
2024-10-17,112.76000213623047,107.38190460205078
2024-10-18,113.0,107.61046600341797
2024-10-21,112.12999725341797,106.78195190429688
2024-10-22,111.8499984741211,106.51530456542969
2024-10-23,111.9749984741211,106.63434600830078
2024-10-24,112.33000183105469,106.972412109375
2024-10-25,112.1449966430664,106.79623413085938
2024-10-28,112.20500183105469,106.8533706665039
2024-10-29,111.79499816894531,106.46292877197266
2024-10-30,111.6449966430664,106.32008361816406
2024-10-31,111.41999816894531,106.1058120727539
2024-11-01,111.2699966430664,105.96296691894531
2024-11-04,111.62000274658203,106.29627227783203
2024-11-05,111.43499755859375,106.1200942993164
2024-11-06,111.26499938964844,105.95821380615234
2024-11-07,111.13500213623047,105.83441925048828
2024-11-08,111.58499908447266,106.26294708251953
2024-11-11,112.05500030517578,106.71053314208984
2024-11-12,111.83000183105469,106.49626159667969
2024-11-13,111.80000305175781,106.46768951416016
2024-11-14,112.30500030517578,106.9486083984375
2024-11-15,112.23999786376953,106.8866958618164
2024-11-18,112.0199966430664,106.67720031738281
2024-11-19,112.27999877929688,106.92479705810547
2024-11-20,112.1500015258789,106.8010025024414
2024-11-21,112.24500274658203,106.89147186279297
2024-11-22,112.67500305175781,107.30096435546875
2024-11-25,113.0,107.61046600341797
2024-11-26,113.11499786376953,107.719970703125
2024-11-27,113.30500030517578,107.90091705322266
2024-11-28,113.70500183105469,108.2818374633789
2024-11-29,114.20500183105469,108.75799560546875
2024-12-02,114.41000366210938,108.95321655273438
2024-12-03,114.32499694824219,108.87225341796875
2024-12-04,114.50499725341797,109.04367065429688
2024-12-05,114.44000244140625,108.98178100585938
2024-12-06,114.47000122070312,109.01033782958984
2024-12-09,114.43000030517578,108.97225189208984
2024-12-10,114.47000122070312,109.01033782958984
2024-12-11,114.2750015258789,108.82464599609375
2024-12-12,113.61000061035156,108.19136810302734
2024-12-13,113.29000091552734,107.88662719726562
2024-12-16,113.15499877929688,107.75806427001953
2024-12-17,113.25499725341797,107.8532943725586
2024-12-18,113.19499969482422,107.79615020751953
2024-12-19,112.80999755859375,107.42951965332031
2024-12-20,112.92500305175781,107.5390396118164
2024-12-23,112.67500305175781,107.30096435546875
2024-12-27,112.29000091552734,106.934326171875
2024-12-30,112.38500213623047,107.02478790283203
2025-01-02,112.23500061035156,106.88194274902344
2025-01-03,111.77999877929688,106.44864654541016
2025-01-06,111.8499984741211,106.51530456542969
2025-01-07,111.6050033569336,106.28199768066406
2025-01-08,111.26000213623047,105.95344543457031
2025-01-09,111.1050033569336,105.80583953857422
2025-01-10,110.80000305175781,105.51539611816406
2025-01-13,110.5,105.22969818115234
2025-01-14,110.44499969482422,105.17732238769531
2025-01-15,111.18499755859375,105.88201904296875
2025-01-16,110.07499694824219,106.00818634033203
2025-01-17,110.23999786376953,106.16708374023438
2025-01-20,110.4000015258789,106.32118225097656
2025-01-21,110.6050033569336,106.51860809326172
2025-01-22,110.55999755859375,106.47526550292969
2025-01-23,110.26000213623047,106.18634796142578
2025-01-24,110.16999816894531,106.09967803955078
2025-01-27,110.45500183105469,106.3741455078125
2025-01-28,110.29000091552734,106.21524810791016
2025-01-29,110.0999984741211,106.03225708007812
2025-01-30,110.53500366210938,106.4511947631836
2025-01-31,111.00499725341797,106.90382385253906
2025-02-03,111.76000213623047,107.63093566894531
2025-02-04,111.6449966430664,107.52017211914062
2025-02-05,111.87999725341797,107.74649810791016
2025-02-06,111.81999969482422,107.68871307373047
2025-02-07,111.83000183105469,107.6983413696289
2025-02-10,111.91999816894531,107.78501892089844
2025-02-11,111.31999969482422,107.20718383789062
2025-02-12,111.0250015258789,106.92308807373047
2025-02-13,111.61000061035156,107.4864730834961
2025-02-14,111.4749984741211,107.35646057128906
2025-02-17,111.16500091552734,107.05790710449219
2025-02-18,111.0999984741211,106.99530792236328
2025-02-19,110.69499969482422,106.60527038574219
2025-02-20,110.83499908447266,106.74010467529297
2025-02-21,111.24500274658203,107.13495635986328
2025-02-24,111.12000274658203,107.01457977294922
2025-02-25,111.33000183105469,107.2168197631836
2025-02-26,111.37000274658203,107.25533294677734
2025-02-27,111.66000366210938,107.53462219238281
2025-02-28,111.76499938964844,107.63574981689453
2025-03-03,111.1449966430664,107.03864288330078
2025-03-04,111.02999877929688,106.92789459228516
2025-03-05,109.27999877929688,105.2425537109375
2025-03-06,108.58499908447266,104.57323455810547
2025-03-07,108.86000061035156,104.83807373046875
2025-03-10,108.90499877929688,104.88141632080078
2025-03-11,108.58999633789062,104.57804107666016
2025-03-12,108.71499633789062,104.69842529296875
2025-03-13,108.81999969482422,104.79954528808594
2025-03-14,108.68499755859375,104.6695327758789
2025-03-17,109.2699966430664,105.23291778564453
2025-03-18,109.1050033569336,105.07402038574219
2025-03-19,109.38500213623047,105.34368133544922
2025-03-20,109.37999725341797,105.33885955810547
2025-03-21,109.41999816894531,105.37738800048828
2025-03-24,109.48999786376953,105.44479370117188
2025-03-25,109.44000244140625,105.39664459228516
2025-03-26,109.43000030517578,105.38700866699219
2025-03-27,109.55500030517578,105.50739288330078
2025-03-28,109.7300033569336,105.67593383789062
2025-03-31,109.84500122070312,105.78668212890625
2025-04-01,110.12000274658203,106.05152130126953
2025-04-02,109.94000244140625,105.878173828125
2025-04-03,110.33499908447266,106.25857543945312
2025-04-04,110.9749984741211,106.87493133544922
2025-04-07,110.01000213623047,105.94558715820312
2025-04-08,110.22000122070312,106.1478271484375
2025-04-09,110.30000305175781,106.2248764038086
2025-04-10,110.66000366210938,106.57157135009766
2025-04-11,110.0,105.93595886230469
2025-04-14,111.21499633789062,107.10606384277344
2025-04-15,111.29000091552734,107.17829895019531
2025-04-16,111.36000061035156,107.24571228027344
2025-04-17,111.58999633789062,107.46720886230469
2025-04-22,111.8550033569336,107.72241973876953
2025-04-23,111.56500244140625,107.44313049316406
2025-04-24,112.09500122070312,107.95355224609375
2025-04-25,111.76499938964844,107.63574981689453
2025-04-28,111.6449966430664,107.52017211914062
2025-04-29,111.65499877929688,107.5298080444336
2025-04-30,111.95500183105469,107.81873321533203
2025-05-02,111.5250015258789,107.40460968017578
2025-05-05,111.57499694824219,107.45276641845703
2025-05-06,111.45999908447266,107.3420181274414
2025-05-07,111.8499984741211,107.71759796142578
2025-05-08,111.7699966430664,107.64055633544922
2025-05-09,111.42500305175781,107.30831909179688
2025-05-12,110.87000274658203,106.77381134033203
2025-05-13,110.66500091552734,106.57638549804688
2025-05-14,110.56500244140625,106.4800796508789
2025-05-15,111.125,107.0193862915039
2025-05-16,111.30500030517578,107.19274139404297
2025-05-19,111.47000122070312,107.35163879394531
2025-05-20,111.30999755859375,107.19755554199219
2025-05-21,110.97000122070312,106.8701171875
2025-05-22,111.00499725341797,106.90382385253906
2025-05-23,111.30999755859375,107.19755554199219
2025-05-26,111.55500030517578,107.43350982666016
2025-05-27,111.82499694824219,107.69352722167969
2025-05-28,111.7699966430664,107.64055633544922
2025-05-29,111.9749984741211,107.8379898071289
2025-05-30,112.15499877929688,108.01133728027344
2025-06-02,111.97000122070312,107.83317565917969
2025-06-03,112.12999725341797,107.98725891113281
2025-06-04,112.07499694824219,107.93428802490234
2025-06-05,111.61499786376953,107.49129486083984
2025-06-06,111.86499786376953,107.73204803466797
2025-06-09,111.83999633789062,107.70797729492188
2025-06-10,112.13500213623047,107.99208068847656
2025-06-11,111.98999786376953,107.85243225097656
2025-06-12,112.41000366210938,108.25691986083984
2025-06-13,111.875,107.74168395996094
2025-06-16,112.03500366210938,107.8957748413086
2025-06-17,111.875,107.74168395996094
2025-06-18,112.07499694824219,107.93428802490234
2025-06-19,111.875,107.74168395996094
2025-06-20,111.98999786376953,107.85243225097656
2025-06-23,112.11000061035156,107.9679946899414
2025-06-24,111.93499755859375,107.7994613647461
2025-06-25,111.91500091552734,107.78020477294922
2025-06-26,111.8499984741211,107.71759796142578
2025-06-27,111.83999633789062,107.70797729492188
2025-06-30,111.78500366210938,107.65501403808594
2025-07-01,111.9749984741211,107.8379898071289
2025-07-02,111.6500015258789,107.5250015258789
2025-07-03,111.96499633789062,107.8283462524414
2025-07-04,111.9749984741211,107.8379898071289
2025-07-07,111.70999908447266,107.58277893066406
2025-07-08,111.375,107.2601547241211
2025-07-09,111.47000122070312,107.35163879394531
2025-07-10,111.15499877929688,107.04828643798828
2025-07-11,111.05999755859375,106.95679473876953
2025-07-14,111.01000213623047,106.90864562988281
2025-07-15,111.12000274658203,107.01457977294922
2025-07-16,111.20999908447266,107.10124969482422
2025-07-17,110.13500213623047,107.3250961303711
2025-07-18,110.0,107.19353485107422
2025-07-21,110.55500030517578,107.734375
2025-07-22,110.79499816894531,107.96824645996094
2025-07-23,110.76499938964844,107.93901824951172
2025-07-24,110.12000274658203,107.31047821044922
2025-07-25,109.9000015258789,107.0960922241211
2025-07-28,110.16999816894531,107.35919189453125
2025-07-29,110.26000213623047,107.44690704345703
2025-07-30,109.98999786376953,107.18378448486328
2025-07-31,110.23500061035156,107.42254638671875
2025-08-01,110.20999908447266,107.3981704711914
2025-08-04,110.7249984741211,107.90003204345703
2025-08-05,110.7750015258789,107.94876098632812
2025-08-06,110.52999877929688,107.71000671386719
2025-08-07,110.74500274658203,107.9195327758789
2025-08-08,110.31999969482422,107.50536346435547
2025-08-11,110.2699966430664,107.4566421508789
2025-08-12,109.94999694824219,107.14480590820312
2025-08-13,110.45999908447266,107.64179229736328
2025-08-14,110.28500366210938,107.47126770019531
2025-08-15,109.70500183105469,106.90606689453125
2025-08-18,109.70999908447266,106.91093444824219
2025-08-19,109.73999786376953,106.9401626586914
2025-08-20,110.07499694824219,107.26661682128906
2025-08-21,109.79000091552734,106.9888916015625
2025-08-22,109.94999694824219,107.14480590820312
2025-08-25,109.66999816894531,106.8719482421875
2025-08-26,109.7300033569336,106.93042755126953
2025-08-27,109.80000305175781,106.99864196777344
2025-08-28,109.9749984741211,107.1691665649414
2025-08-29,109.73999786376953,106.9401626586914
2025-09-01,109.625,106.8281021118164
2025-09-02,109.25,106.4626693725586
2025-09-03,109.63500213623047,106.83785247802734
2025-09-04,109.81999969482422,107.01812744140625
2025-09-05,110.25,107.43714904785156
2025-09-08,110.5,107.68077850341797
2025-09-09,110.37999725341797,107.56383514404297
2025-09-10,110.4000015258789,107.58333587646484
2025-09-11,110.45500183105469,107.63693237304688
2025-09-12,110.11499786376953,107.30559539794922
2025-09-15,110.34500122070312,107.52973937988281
2025-09-16,110.36000061035156,107.54434967041016
2025-09-17,110.5199966430664,107.70026397705078
2025-09-18,110.15499877929688,107.34457397460938
2025-09-19,110.01499938964844,107.20814514160156
2025-09-22,109.94999694824219,107.14480590820312
2025-09-23,109.93499755859375,107.13018798828125
2025-09-24,109.9749984741211,107.1691665649414
2025-09-25,109.80000305175781,106.99864196777344
2025-09-26,110.01000213623047,107.20328521728516
2025-09-29,110.29000091552734,107.47614288330078
2025-09-30,110.29000091552734,107.47614288330078
2025-10-01,110.25,107.43714904785156
2025-10-02,110.41999816894531,107.60281372070312
2025-10-03,110.47000122070312,107.65154266357422
2025-10-06,110.26499938964844,107.45176696777344
2025-10-07,110.26000213623047,107.44690704345703
2025-10-08,110.48999786376953,107.67102813720703
2025-10-09,110.4749984741211,107.65641021728516
2025-10-10,110.88999938964844,108.06082916259766
2025-10-13,110.8949966430664,108.0656967163086
2025-10-14,111.2750015258789,108.43600463867188
2025-10-15,111.58000183105469,108.73322296142578
2025-10-16,111.62999725341797,108.78194427490234
2025-10-17,111.43000030517578,108.58705139160156
2025-10-20,111.49500274658203,108.650390625
2025-10-21,111.6500015258789,108.80143737792969
2025-10-22,111.63500213623047,108.78681945800781
2025-10-23,111.56500244140625,108.7186050415039
2025-10-24,111.12339782714844,108.28826904296875
2025-10-27,111.30999755859375,108.4701156616211
2025-10-28,111.26000213623047,108.42138671875
2025-10-29,111.42500305175781,108.5821762084961
2025-10-30,111.375,108.53345489501953
2025-10-31,111.375,108.53345489501953
2025-11-03,111.19000244140625,108.3531723022461
2025-11-04,111.19000244140625,108.3531723022461
2025-11-05,111.1050033569336,108.27033996582031
2025-11-06,111.16000366210938,108.32394409179688
2025-11-07,111.08999633789062,108.25572204589844
2025-11-10,111.20999908447266,108.37266540527344
2025-11-11,111.27999877929688,108.44087982177734
2025-11-12,111.44000244140625,108.59679412841797
2025-11-13,111.19000244140625,108.3531723022461
2025-11-14,110.86499786376953,108.03646087646484
2025-11-17,111.0,108.16802215576172
2025-11-18,110.81500244140625,107.98774719238281
2025-11-19,110.96499633789062,108.1339111328125
2025-11-20,110.79000091552734,107.96337890625
2025-11-21,110.84500122070312,108.01697540283203
2025-11-24,111.02999877929688,108.19725799560547
2025-11-25,111.2699966430664,108.4311294555664
2025-11-26,111.33499908447266,108.49447631835938
2025-11-27,111.2699966430664,108.4311294555664
2025-11-28,111.25,108.4116439819336
2025-12-01,110.8550033569336,108.02672576904297
2025-12-02,110.83499908447266,108.00723266601562
2025-12-03,110.78500366210938,107.95851135253906
2025-12-04,110.62000274658203,107.79772186279297
2025-12-05,110.54499816894531,107.72462463378906
2025-12-08,110.1050033569336,107.29586029052734
2025-12-09,110.28500366210938,107.47126770019531
2025-12-10,110.2249984741211,107.41278839111328
2025-12-11,110.30999755859375,107.49562072753906
2025-12-12,110.16000366210938,107.34945678710938
2025-12-15,110.24500274658203,107.43228912353516
2025-12-16,110.42500305175781,107.60769653320312
2025-12-17,110.2300033569336,107.41767120361328
2025-12-18,110.47000122070312,107.65154266357422
2025-12-19,110.0999984741211,107.29097747802734
2025-12-22,110.08499908447266,107.27635955810547
2025-12-23,110.45500183105469,107.63693237304688
2025-12-29,110.73500061035156,107.90978240966797
2025-12-30,110.70999908447266,107.88542175292969
2026-01-02,110.18000030517578,107.36894226074219
2026-01-05,110.37999725341797,107.56383514404297
2026-01-06,110.63999938964844,107.81720733642578
2026-01-07,110.84500122070312,108.01697540283203
2026-01-08,110.83499908447266,108.00723266601562
2026-01-09,110.8550033569336,108.02672576904297
2026-01-12,111.00499725341797,108.17288970947266
2026-01-13,110.91000366210938,108.080322265625
2026-01-14,111.18499755859375,108.34830474853516
2026-01-15,109.8499984741211,108.43022918701172
2026-01-16,109.71499633789062,108.2969741821289
2026-01-19,109.7300033569336,108.31178283691406
2026-01-20,109.56500244140625,108.14891815185547
2026-01-21,109.33000183105469,107.91695404052734
2026-01-22,109.44000244140625,108.0255355834961
2026-01-23,109.53500366210938,108.11930847167969
2026-01-26,109.81999969482422,108.40061950683594
2026-01-27,109.83000183105469,108.41049194335938
2026-01-28,109.82499694824219,108.40554809570312
2026-01-29,110.01000213623047,108.58816528320312
2026-01-30,109.8949966430664,108.47464752197266
2026-02-02,109.79499816894531,108.37593841552734
2026-02-03,109.58499908447266,108.16865539550781
2026-02-04,109.73500061035156,108.31671905517578
2026-02-05,109.9000015258789,108.47958374023438
2026-02-06,109.87999725341797,108.4598388671875
2026-02-09,109.8949966430664,108.47464752197266
2026-02-10,110.19499969482422,108.7707748413086
2026-02-11,110.32499694824219,108.89908599853516
2026-02-12,110.45500183105469,109.02741241455078
2026-02-13,110.5999984741211,109.17053985595703
2026-02-16,110.5199966430664,109.09156799316406
2026-02-17,110.73999786376953,109.30872344970703
2026-02-18,110.70500183105469,109.27418518066406
2026-02-19,110.80500030517578,109.37288665771484
2026-02-20,110.88500213623047,109.45185852050781
2026-02-23,111.0199966430664,109.5851058959961
2026-02-24,111.05500030517578,109.61965942382812
2026-02-25,111.1500015258789,109.71343231201172
2026-02-26,111.26499938964844,109.82694244384766
2026-02-27,111.5199966430664,110.07864379882812
2026-03-02,110.98500061035156,109.5505599975586
2026-03-03,110.30999755859375,108.88428497314453
2026-03-04,110.66500091552734,109.23469543457031
2026-03-05,109.92500305175781,108.50426483154297
2026-03-06,109.5199966430664,108.1044921875
2026-03-09,109.54000091552734,108.12423706054688
2026-03-10,110.03500366210938,108.61284637451172
2026-03-11,109.24500274658203,107.83305358886719
2026-03-12,108.83999633789062,107.43328094482422
2026-03-13,108.7249984741211,107.31977081298828
2026-03-16,108.94999694824219,107.54186248779297
2026-03-17,109.43499755859375,108.02059173583984
2026-03-18,109.1050033569336,107.69486236572266
2026-03-19,108.83999633789062,107.43328094482422
2026-03-20,108.08499908447266,106.68804168701172
2026-03-23,108.37000274658203,106.9693603515625
2026-03-24,108.21499633789062,106.81636047363281
2026-03-25,108.80000305175781,107.39380645751953
2026-03-26,107.8949966430664,106.50049591064453
2026-03-27,107.63500213623047,106.24385833740234
2026-03-30,108.125,106.72752380371094
2026-03-31,108.53500366210938,107.13223266601562
2026-04-01,108.68499755859375,107.28028869628906
2026-04-02,108.79499816894531,107.38886260986328
2026-04-07,107.9800033569336,106.58440399169922
2026-04-08,109.43000030517578,108.01566314697266
2026-04-09,109.0,107.59121704101562
2026-04-10,108.5250015258789,107.12236022949219
2026-04-13,108.26000213623047,106.86078643798828
2026-04-14,108.82499694824219,107.4184799194336
2026-04-15,108.7249984741211,107.31977081298828
2026-04-16,108.73500061035156,107.32964324951172
2026-04-17,109.4800033569336,108.06501770019531
2026-04-20,109.30999755859375,107.89720916748047
2026-04-21,109.0199966430664,107.61095428466797
2026-04-22,109.05500030517578,107.6455078125
2026-04-23,109.01499938964844,107.60602569580078
2026-04-24,108.94499969482422,107.53692626953125
2026-04-27,108.7699966430664,107.36418914794922
2026-04-28,108.57499694824219,107.17170715332031
2026-04-29,108.36499786376953,106.96442413330078
2026-04-30,108.83499908447266,107.42835235595703
2026-05-04,108.42500305175781,107.02365112304688
2026-05-05,108.69999694824219,107.29508972167969
2026-05-06,109.31999969482422,107.9070816040039
2026-05-07,109.30000305175781,107.88734436035156
2026-05-08,109.33999633789062,107.92681884765625
2026-05-11,109.0,107.59121704101562
2026-05-12,108.61000061035156,107.20626068115234
2026-05-13,108.56500244140625,107.1618423461914
2026-05-14,108.9749984741211,107.56653594970703
2026-05-15,108.20500183105469,106.8064956665039
2026-05-18,108.23999786376953,106.8410415649414
2026-05-19,107.9800033569336,106.58440399169922
2026-05-20,108.82499694824219,107.4184799194336
2026-05-21,108.7300033569336,107.32470703125
2026-05-22,109.12999725341797,107.71953582763672
2026-05-25,109.86499786376953,108.44503784179688
2026-05-26,109.55500030517578,108.13904571533203
2026-05-27,109.53500366210938,108.11930847167969
2026-05-28,109.80000305175781,108.3808822631836
2026-05-29,110.01499938964844,108.59310150146484
2026-06-01,109.49500274658203,108.07981872558594
2026-06-02,109.72000122070312,108.30191040039062
2026-06-03,109.18499755859375,107.7738265991211
2026-06-04,109.2300033569336,107.81824493408203
2026-06-05,109.16500091552734,107.75408935546875
2026-06-08,109.01000213623047,107.60108947753906
2026-06-09,108.95999908447266,107.5517349243164
2026-06-10,108.94000244140625,107.53199768066406
2026-06-11,109.22000122070312,107.8083724975586
2026-06-12,109.51000213623047,108.0946273803711
2026-06-15,109.8949966430664,108.47464752197266
2026-06-16,110.05000305175781,108.62764739990234
2026-06-17,110.06999969482422,108.64738464355469
2026-06-18,110.13500213623047,108.7115478515625
2026-06-19,109.65499877929688,108.23774719238281
2026-06-22,109.96499633789062,108.54373931884766
2026-06-23,110.19000244140625,108.76583862304688
2026-06-24,110.44999694824219,109.02247619628906
2026-06-25,110.59500122070312,109.16560363769531
2026-06-26,110.62000274658203,109.1902847290039
2026-06-29,110.5250015258789,109.09651184082031
2026-06-30,110.5250015258789,109.09651184082031
2026-07-01,110.3949966430664,108.96818542480469
2026-07-02,110.29000091552734,108.86454772949219
2026-07-03,110.06999969482422,108.64738464355469
2026-07-06,109.98500061035156,108.56348419189453
2026-07-07,109.66500091552734,108.24761962890625
2026-07-08,108.90499877929688,107.49744415283203
2026-07-09,109.25,107.8379898071289
2026-07-10,109.33999633789062,107.92681884765625
2026-07-13,109.0250015258789,107.61589813232422
2026-07-14,109.05000305175781,107.64057159423828
2026-07-15,109.04000091552734,107.63069915771484
2026-07-16,107.3949966430664,107.3949966430664
2026-07-17,107.44999694824219,107.44999694824219
2026-07-20,107.30999755859375,107.30999755859375
2026-07-21,107.20999908447266,107.20999908447266
2026-07-22,107.09500122070312,107.09500122070312
2026-07-23,106.80500030517578,106.80500030517578
2026-07-24,107.2249984741211,107.2249984741211
2026-07-27,107.56500244140625,107.56500244140625
2026-07-28,107.73500061035156,107.73500061035156
2026-07-29,107.36000061035156,107.36000061035156
2026-07-30,107.33999633789062,107.33999633789062
2026-07-31,107.12000274658203,107.12000274658203
2026-08-03,107.56500244140625,107.56500244140625
2026-08-04,107.86000061035156,107.86000061035156
2026-08-05,107.93499755859375,107.93499755859375
2026-08-06,107.68499755859375,107.68499755859375
2026-08-07,107.80500030517578,107.80500030517578
2026-08-10,107.37999725341797,107.37999725341797
2026-08-11,107.45999908447266,107.45999908447266
2026-08-12,107.51499938964844,107.51499938964844
2026-08-13,107.7300033569336,107.7300033569336
2026-08-14,107.20999908447266,107.20999908447266
2026-08-17,107.05500030517578,107.05500030517578
2026-08-18,106.7249984741211,106.7249984741211
2026-08-19,106.7750015258789,106.7750015258789
2026-08-20,106.7750015258789,106.7750015258789
2026-08-21,106.81500244140625,106.81500244140625
2026-08-24,106.83999633789062,106.83999633789062
2026-08-25,107.26499938964844,107.26499938964844
2026-08-26,107.0999984741211,107.0999984741211
2026-08-27,106.94499969482422,106.94499969482422
2026-08-28,106.81500244140625,106.81500244140625
2026-08-31,106.44499969482422,106.44499969482422
2026-09-01,106.4000015258789,106.4000015258789
2026-09-02,106.1050033569336,106.1050033569336
2026-09-03,106.42500305175781,106.42500305175781
2026-09-04,106.47000122070312,106.47000122070312
2026-09-07,106.1449966430664,106.1449966430664
2026-09-08,106.33499908447266,106.33499908447266
2026-09-09,105.78500366210938,105.78500366210938
2026-09-10,105.23500061035156,105.23500061035156
2026-09-11,105.26499938964844,105.26499938964844
2026-09-14,105.12000274658203,105.12000274658203
2026-09-15,104.9749984741211,104.9749984741211
2026-09-16,105.19999694824219,105.19999694824219
2026-09-17,105.46499633789062,105.46499633789062
2026-09-18,104.94499969482422,104.94499969482422
2026-09-21,105.45999908447266,105.45999908447266
2026-09-22,105.37999725341797,105.37999725341797
2026-09-23,104.69000244140625,104.69000244140625
2026-09-24,104.43499755859375,104.43499755859375
2026-09-25,104.44999694824219,104.44999694824219
2026-09-28,104.1050033569336,104.1050033569336
2026-09-29,104.09500122070312,104.09500122070312
2026-09-30,104.19000244140625,104.19000244140625
2026-10-01,103.98500061035156,103.98500061035156
2026-10-02,104.59500122070312,104.59500122070312
