Date,Close,Adj Close
2010-01-04,49.349998474121094,37.81936264038086
2010-01-05,49.369998931884766,37.834693908691406
2010-01-06,50.08000183105469,38.37879180908203
2010-01-07,49.060001373291016,37.59712219238281
2010-01-08,49.779998779296875,38.14889907836914
2010-01-11,50.09000015258789,38.3864631652832
2010-01-12,49.400001525878906,37.85768508911133
2010-01-13,49.47999954223633,37.918983459472656
2010-01-14,49.779998779296875,38.14889907836914
2010-01-15,49.400001525878906,37.85768508911133
2010-01-19,50.41999816894531,38.63935089111328
2010-01-20,49.47999954223633,37.918983459472656
2010-01-21,49.0,37.551143646240234
2010-01-22,47.61000061035156,36.48591613769531
2010-01-25,48.06999969482422,36.838443756103516
2010-01-26,46.849998474121094,35.90348815917969
2010-01-27,46.52000045776367,35.65060043334961
2010-01-28,46.27000045776367,35.459007263183594
2010-01-29,45.439998626708984,34.82293701171875
2010-02-01,46.529998779296875,35.65825653076172
2010-02-02,46.689998626708984,35.78086471557617
2010-02-03,46.47999954223633,35.619937896728516
2010-02-04,44.81999969482422,34.34779739379883
2010-02-05,44.279998779296875,33.9339714050293
2010-02-08,43.900001525878906,33.642757415771484
2010-02-09,45.16999816894531,34.61601257324219
2010-02-10,45.09000015258789,34.554718017578125
2010-02-11,46.150001525878906,35.36703109741211
2010-02-12,45.689998626708984,35.014522552490234
2010-02-16,46.599998474121094,35.71189498901367
2010-02-17,47.2599983215332,36.21769332885742
2010-02-18,47.560001373291016,36.447593688964844
2010-02-19,46.540000915527344,35.66592025756836
2010-02-22,47.029998779296875,36.04142761230469
2010-02-23,46.09000015258789,35.32106399536133
2010-02-24,46.369998931884766,35.535648345947266
2010-02-25,45.400001525878906,34.79228591918945
2010-02-26,45.560001373291016,34.91489791870117
2010-03-01,46.22999954223633,35.42835235595703
2010-03-02,46.77000045776367,35.84218215942383
2010-03-03,47.060001373291016,36.064422607421875
2010-03-04,46.86000061035156,35.911155700683594
2010-03-05,48.400001525878906,37.09132766723633
2010-03-08,48.720001220703125,37.33656311035156
2010-03-09,48.81999969482422,37.413204193115234
2010-03-10,49.2400016784668,37.735069274902344
2010-03-11,48.95000076293945,37.5128173828125
2010-03-12,48.68000030517578,37.305912017822266
2010-03-15,48.33000183105469,37.037689208984375
2010-03-16,48.58000183105469,37.229278564453125
2010-03-17,49.43000030517578,37.88066864013672
2010-03-18,49.09000015258789,37.6201171875
2010-03-19,49.25,37.74272537231445
2010-03-22,49.0099983215332,37.55880355834961
2010-03-23,49.400001525878906,37.85768508911133
2010-03-24,49.029998779296875,37.574134826660156
2010-03-25,49.040000915527344,37.5817985534668
2010-03-26,48.7400016784668,37.35188293457031
2010-03-29,49.68000030517578,38.0722541809082
2010-03-30,49.90999984741211,38.24851989746094
2010-03-31,50.0,38.31749725341797
2010-04-01,51.61000061035156,39.55131530761719
2010-04-05,52.119998931884766,39.94215774536133
2010-04-06,52.150001525878906,39.96513748168945
2010-04-07,51.650001525878906,39.58197021484375
2010-04-08,52.06999969482422,39.90383529663086
2010-04-09,52.04999923706055,39.88850784301758
2010-04-12,51.380001068115234,39.37506103515625
2010-04-13,51.31999969482422,39.32906723022461
2010-04-14,52.560001373291016,40.27934646606445
2010-04-15,52.68000030517578,40.37130355834961
2010-04-16,51.65999984741211,39.58962631225586
2010-04-19,51.06999969482422,39.13749694824219
2010-04-20,51.70000076293945,39.620277404785156
2010-04-21,52.36000061035156,40.12607955932617
2010-04-22,52.470001220703125,40.21038055419922
2010-04-23,52.7400016784668,40.417293548583984
2010-04-26,52.900001525878906,40.5399055480957
2010-04-27,51.029998779296875,39.10683059692383
2010-04-28,51.72999954223633,39.64327621459961
2010-04-29,52.400001525878906,40.156734466552734
2010-04-30,51.849998474121094,39.7352409362793
2010-05-03,51.7400016784668,39.650936126708984
2010-05-04,49.630001068115234,38.03394317626953
2010-05-05,48.68000030517578,37.305912017822266
2010-05-06,46.7400016784668,35.819183349609375
2010-05-07,46.88999938964844,35.93413543701172
2010-05-10,49.88999938964844,38.23318862915039
2010-05-11,48.970001220703125,37.52815246582031
2010-05-12,49.08000183105469,37.61245346069336
2010-05-13,49.349998474121094,37.81936264038086
2010-05-14,48.689998626708984,37.313568115234375
2010-05-17,48.04999923706055,36.82310485839844
2010-05-18,46.7400016784668,35.819183349609375
2010-05-19,46.27000045776367,35.459007263183594
2010-05-20,43.29999923706055,33.18294906616211
2010-05-21,44.099998474121094,33.7960205078125
2010-05-24,43.52000045776367,33.3515510559082
2010-05-25,42.20000076293945,32.3399658203125
2010-05-26,42.09000015258789,32.25566101074219
2010-05-27,44.810001373291016,34.34013366699219
2010-05-28,44.0,33.71939468383789
2010-06-01,43.4900016784668,33.32855224609375
2010-06-02,45.06999969482422,34.53938674926758
2010-06-03,45.47999954223633,34.85359191894531
2010-06-04,44.33000183105469,33.97228240966797
2010-06-07,43.5099983215332,33.3438835144043
2010-06-08,44.380001068115234,34.01060485839844
2010-06-09,43.900001525878906,33.642757415771484
2010-06-10,44.779998779296875,34.31714630126953
2010-06-11,45.11000061035156,34.57004165649414
2010-06-14,45.93000030517578,35.19844436645508
2010-06-15,47.119998931884766,36.11039352416992
2010-06-16,47.189998626708984,36.16405487060547
2010-06-17,47.0099983215332,36.026100158691406
2010-06-18,47.91999816894531,36.72348403930664
2010-06-21,48.88999938964844,37.46684646606445
2010-06-22,47.88999938964844,36.70048904418945
2010-06-23,47.709999084472656,36.77217102050781
2010-06-24,47.38999938964844,36.525535583496094
2010-06-25,47.400001525878906,36.53324890136719
2010-06-28,47.16999816894531,36.35597229003906
2010-06-29,45.06999969482422,34.73741149902344
2010-06-30,44.709999084472656,34.45994186401367
2010-07-01,44.90999984741211,34.61408996582031
2010-07-02,44.25,34.105403900146484
2010-07-06,45.45000076293945,35.03030014038086
2010-07-07,46.029998779296875,35.47732162475586
2010-07-08,46.5,35.83957290649414
2010-07-09,47.45000076293945,36.57178497314453
2010-07-12,47.540000915527344,36.64114761352539
2010-07-13,47.869998931884766,36.89548873901367
2010-07-14,48.36000061035156,37.27314758300781
2010-07-15,48.189998626708984,37.14213180541992
2010-07-16,46.369998931884766,35.739376068115234
2010-07-19,46.959999084472656,36.194114685058594
2010-07-20,47.810001373291016,36.8492431640625
2010-07-21,47.45000076293945,36.57178497314453
2010-07-22,48.33000183105469,37.25003433227539
2010-07-23,48.849998474121094,37.650821685791016
2010-07-26,49.560001373291016,38.198055267333984
2010-07-27,49.40999984741211,38.08244323730469
2010-07-28,49.060001373291016,37.812679290771484
2010-07-29,49.0,37.76643371582031
2010-07-30,49.04999923706055,37.80495834350586
2010-08-02,50.630001068115234,39.02273941040039
2010-08-03,50.83000183105469,39.17689514160156
2010-08-04,50.869998931884766,39.20771789550781
2010-08-05,50.599998474121094,38.99961853027344
2010-08-06,50.65999984741211,39.045867919921875
2010-08-09,50.83000183105469,39.17689514160156
2010-08-10,50.130001068115234,38.63737487792969
2010-08-11,48.08000183105469,37.057342529296875
2010-08-12,47.849998474121094,36.88007736206055
2010-08-13,48.279998779296875,37.21149444580078
2010-08-16,48.36000061035156,37.27314758300781
2010-08-17,49.2400016784668,37.951412200927734
2010-08-18,49.40999984741211,38.08244323730469
2010-08-19,49.4900016784668,38.14409255981445
2010-08-20,49.25,37.95911407470703
2010-08-23,48.959999084472656,37.7356071472168
2010-08-24,48.279998779296875,37.21149444580078
2010-08-25,47.59000015258789,36.679683685302734
2010-08-26,47.34000015258789,36.48699951171875
2010-08-27,48.0,36.995689392089844
2010-08-30,47.91999816894531,36.93403244018555
2010-08-31,47.790000915527344,36.833839416503906
2010-09-01,49.63999938964844,38.259708404541016
2010-09-02,49.65999984741211,38.27511978149414
2010-09-03,50.09000015258789,38.60654067993164
2010-09-07,49.54999923706055,38.190338134765625
2010-09-08,49.9900016784668,38.52947235107422
2010-09-09,50.4900016784668,38.914833068847656
2010-09-10,50.91999816894531,39.24626159667969
2010-09-13,51.61000061035156,39.778076171875
2010-09-14,51.56999969482422,39.74724578857422
2010-09-15,51.790000915527344,39.916805267333984
2010-09-16,51.22999954223633,39.485191345214844
2010-09-17,51.380001068115234,39.60081100463867
2010-09-20,52.25,40.27134323120117
2010-09-21,52.369998931884766,40.36383056640625
2010-09-22,52.40999984741211,40.39467239379883
2010-09-23,51.79999923706055,39.924503326416016
2010-09-24,52.77000045776367,40.67212677001953
2010-09-27,52.68000030517578,40.60276794433594
2010-09-28,52.88999938964844,40.764617919921875
2010-09-29,53.150001525878906,40.96501541137695
2010-09-30,53.4900016784668,41.22706985473633
2010-10-01,54.439998626708984,41.95927047729492
2010-10-04,54.56999969482422,42.05947494506836
2010-10-05,55.15999984741211,42.51421356201172
2010-10-06,55.970001220703125,43.13850402832031
2010-10-07,55.470001220703125,42.75314712524414
2010-10-08,55.68000030517578,42.91499710083008
2010-10-11,55.15999984741211,42.51421356201172
2010-10-12,54.31999969482422,41.86677932739258
2010-10-13,54.9900016784668,42.3831901550293
2010-10-14,55.40999984741211,42.7068977355957
2010-10-15,55.63999938964844,42.88417434692383
2010-10-18,56.0,43.1616325378418
2010-10-19,52.790000915527344,40.68755340576172
2010-10-20,53.97999954223633,41.604736328125
2010-10-21,53.97999954223633,41.604736328125
2010-10-22,54.70000076293945,42.15966796875
2010-10-25,55.63999938964844,42.88417434692383
2010-10-26,55.47999954223633,42.76084899902344
2010-10-27,54.5,42.00551986694336
2010-10-28,55.040000915527344,42.42171859741211
2010-10-29,54.38999938964844,41.92073059082031
2010-11-01,55.349998474121094,42.66065216064453
2010-11-02,56.0,43.1616325378418
2010-11-03,56.790000915527344,43.77052688598633
2010-11-04,57.790000915527344,44.54126739501953
2010-11-05,57.439998626708984,44.271507263183594
2010-11-08,57.130001068115234,44.03257751464844
2010-11-09,56.75,43.739688873291016
2010-11-10,57.630001068115234,44.41794204711914
2010-11-11,57.29999923706055,44.16360092163086
2010-11-12,55.459999084472656,42.74542999267578
2010-11-15,55.470001220703125,42.75314712524414
2010-11-16,54.189998626708984,41.7665901184082
2010-11-17,54.470001220703125,41.98239517211914
2010-11-18,56.08000183105469,43.223297119140625
2010-11-19,56.52000045776367,43.56242370605469
2010-11-22,56.56999969482422,43.6009635925293
2010-11-23,53.5,41.23477554321289
2010-11-24,55.40999984741211,42.7068977355957
2010-11-26,53.5099983215332,41.24247741699219
2010-11-29,53.70000076293945,41.388919830322266
2010-11-30,53.970001220703125,41.59703063964844
2010-12-01,55.630001068115234,42.876461029052734
2010-12-02,56.560001373291016,43.5932502746582
2010-12-03,57.310001373291016,44.171302795410156
2010-12-06,57.189998626708984,44.078819274902344
2010-12-07,57.349998474121094,44.2021369934082
2010-12-08,57.08000183105469,43.99403762817383
2010-12-09,57.91999816894531,44.64146041870117
2010-12-10,57.95000076293945,44.66459274291992
2010-12-13,58.220001220703125,44.87268829345703
2010-12-14,58.630001068115234,45.188690185546875
2010-12-15,57.54999923706055,44.356285095214844
2010-12-16,58.130001068115234,44.80331802368164
2010-12-17,58.08000183105469,44.7647819519043
2010-12-20,58.4900016784668,45.080787658691406
2010-12-21,58.630001068115234,45.31963348388672
2010-12-22,58.79999923706055,45.45103454589844
2010-12-23,58.709999084472656,45.38147735595703
2010-12-27,58.439998626708984,45.17277145385742
2010-12-28,58.93000030517578,45.5515251159668
2010-12-29,59.70000076293945,46.14672088623047
2010-12-30,60.83000183105469,47.02018356323242
2010-12-31,61.189998626708984,47.29845428466797
2011-01-03,61.779998779296875,47.7545166015625
2011-01-04,61.91999816894531,47.862735748291016
2011-01-05,61.939998626708984,47.8781852722168
2011-01-06,61.5099983215332,47.545814514160156
2011-01-07,61.84000015258789,47.8008918762207
2011-01-10,60.91999816894531,47.089752197265625
2011-01-11,61.56999969482422,47.59219741821289
2011-01-12,62.810001373291016,48.550682067871094
2011-01-13,62.34000015258789,48.1873779296875
2011-01-14,62.97999954223633,48.682090759277344
2011-01-18,62.7599983215332,48.51203155517578
2011-01-19,62.7599983215332,48.51203155517578
2011-01-20,62.29999923706055,48.15646743774414
2011-01-21,61.11000061035156,47.23661422729492
2011-01-24,61.97999954223633,47.909114837646484
2011-01-25,61.65999984741211,47.66175079345703
2011-01-26,62.900001525878906,48.6202392578125
2011-01-27,63.27000045776367,48.906246185302734
2011-01-28,61.36000061035156,47.429866790771484
2011-01-31,61.400001525878906,47.46078109741211
2011-02-01,63.31999969482422,48.94489288330078
2011-02-02,63.189998626708984,48.84441375732422
2011-02-03,63.04999923706055,48.73619842529297
2011-02-04,63.13999938964844,48.805755615234375
2011-02-07,62.95000076293945,48.65890121459961
2011-02-08,62.7400016784668,48.49658203125
2011-02-09,61.09000015258789,47.22115707397461
2011-02-10,60.040000915527344,46.40953063964844
2011-02-11,59.29999923706055,45.83753204345703
2011-02-14,59.65999984741211,46.11580276489258
2011-02-15,59.619998931884766,46.08488464355469
2011-02-16,59.599998474121094,46.06942367553711
2011-02-17,59.720001220703125,46.16218185424805
2011-02-18,60.470001220703125,46.74191665649414
2011-02-22,58.09000015258789,44.90222930908203
2011-02-23,57.79999923706055,44.67806625366211
2011-02-24,57.810001373291016,44.6858024597168
2011-02-25,58.5,45.21915817260742
2011-02-28,58.060001373291016,44.87904357910156
2011-03-01,57.20000076293945,44.21428298950195
2011-03-02,57.869998931884766,44.732173919677734
2011-03-03,59.40999984741211,45.92255783081055
2011-03-04,60.119998931884766,46.471370697021484
2011-03-07,58.90999984741211,45.53607177734375
2011-03-08,59.86000061035156,46.2703971862793
2011-03-09,59.95000076293945,46.3399658203125
2011-03-10,57.93000030517578,44.7785530090332
2011-03-11,58.099998474121094,44.90996170043945
2011-03-14,58.77000045776367,45.427860260009766
2011-03-15,57.70000076293945,44.60076904296875
2011-03-16,56.61000061035156,43.75822830200195
2011-03-17,58.189998626708984,44.97952651977539
2011-03-18,58.959999084472656,45.57472229003906
2011-03-21,60.04999923706055,46.417266845703125
2011-03-22,60.06999969482422,46.43273162841797
2011-03-23,60.09000015258789,46.44818878173828
2011-03-24,61.369998931884766,47.437599182128906
2011-03-25,62.130001068115234,48.025062561035156
2011-03-28,61.970001220703125,47.90137481689453
2011-03-29,62.779998779296875,48.527496337890625
2011-03-30,63.9900016784668,49.46280288696289
2011-03-31,64.3499984741211,49.74106979370117
2011-04-01,65.73999786376953,50.81550979614258
2011-04-04,65.37999725341797,50.53722381591797
2011-04-05,65.51000213623047,50.637725830078125
2011-04-06,65.69000244140625,50.77685546875
2011-04-07,65.05000305175781,50.28215408325195
2011-04-08,64.97000122070312,50.220314025878906
2011-04-11,64.41000366210938,49.78744888305664
2011-04-12,63.2400016784668,48.883060455322266
2011-04-13,64.79000091552734,50.081172943115234
2011-04-14,65.52999877929688,50.653175354003906
2011-04-15,65.62000274658203,50.722740173339844
2011-04-18,64.44999694824219,49.818359375
2011-04-19,65.30000305175781,50.475399017333984
2011-04-20,67.55000305175781,52.2145881652832
2011-04-21,68.36000061035156,52.840702056884766
2011-04-25,68.23999786376953,52.74794387817383
2011-04-26,68.47000122070312,52.92573165893555
2011-04-27,68.36000061035156,52.840702056884766
2011-04-28,68.33999633789062,52.825233459472656
2011-04-29,68.97000122070312,53.31222152709961
2011-05-02,69.63999938964844,53.83011245727539
2011-05-03,68.27999877929688,52.77886199951172
2011-05-04,66.91000366210938,51.71989059448242
2011-05-05,66.16999816894531,51.14787673950195
2011-05-06,66.6500015258789,51.51890563964844
2011-05-09,66.18000030517578,51.15562057495117
2011-05-10,66.80000305175781,51.63486099243164
2011-05-11,65.81999969482422,50.87733840942383
2011-05-12,65.62999725341797,50.73047637939453
2011-05-13,64.31999969482422,49.717872619628906
2011-05-16,64.06999969482422,49.524627685546875
2011-05-17,63.95000076293945,49.4318733215332
2011-05-18,65.33999633789062,50.50631332397461
2011-05-19,64.66000366210938,49.98068618774414
2011-05-20,64.25,49.66376495361328
2011-05-23,61.900001525878906,47.847267150878906
2011-05-24,62.22999954223633,48.102359771728516
2011-05-25,62.209999084472656,48.08688735961914
2011-05-26,63.63999938964844,49.19225311279297
2011-05-27,64.88999938964844,50.15847396850586
2011-05-31,66.01000213623047,51.02421188354492
2011-06-01,64.94000244140625,50.19712448120117
2011-06-02,65.13999938964844,50.351715087890625
2011-06-03,64.80999755859375,50.09663009643555
2011-06-06,64.05999755859375,49.51689529418945
2011-06-07,64.37999725341797,49.764251708984375
2011-06-08,63.5099983215332,49.09176254272461
2011-06-09,63.900001525878906,49.393226623535156
2011-06-10,62.0099983215332,47.93229675292969
2011-06-13,62.29999923706055,48.15646743774414
2011-06-14,63.869998931884766,49.37004089355469
2011-06-15,62.54999923706055,48.34970474243164
2011-06-16,62.0,47.924560546875
2011-06-17,61.90999984741211,47.855003356933594
2011-06-20,61.54999923706055,47.57672882080078
2011-06-21,63.06999969482422,48.75164794921875
2011-06-22,62.439998626708984,48.51622009277344
2011-06-23,62.290000915527344,48.39967727661133
2011-06-24,62.5099983215332,48.570613861083984
2011-06-27,62.900001525878906,48.87363815307617
2011-06-28,63.54999923706055,49.37869644165039
2011-06-29,64.31999969482422,49.97698974609375
2011-06-30,65.0,50.505348205566406
2011-07-01,66.06999969482422,51.33675003051758
2011-07-05,66.52999877929688,51.694175720214844
2011-07-06,66.70999908447266,51.83403396606445
2011-07-07,67.94000244140625,52.78974533081055
2011-07-08,67.47000122070312,52.424560546875
2011-07-11,65.69000244140625,51.0414924621582
2011-07-12,64.61000061035156,50.202327728271484
2011-07-13,65.69999694824219,51.04926300048828
2011-07-14,65.30000305175781,50.738460540771484
2011-07-15,65.62000274658203,50.987091064453125
2011-07-18,64.5,50.116851806640625
2011-07-19,65.69000244140625,51.0414924621582
2011-07-20,66.2300033569336,51.46107482910156
2011-07-21,66.63999938964844,51.77964782714844
2011-07-22,66.7699966430664,51.88064956665039
2011-07-25,66.22000122070312,51.453304290771484
2011-07-26,66.55000305175781,51.709712982177734
2011-07-27,65.72000122070312,51.064796447753906
2011-07-28,65.97000122070312,51.25904846191406
2011-07-29,65.68000030517578,51.03371047973633
2011-08-01,65.88999938964844,51.1968879699707
2011-08-02,63.720001220703125,49.51078414916992
2011-08-03,62.7599983215332,48.764862060546875
2011-08-04,58.61000061035156,45.540287017822266
2011-08-05,58.369998931884766,45.35380935668945
2011-08-08,53.0,41.18129348754883
2011-08-09,55.0,42.73530197143555
2011-08-10,51.439998626708984,39.969154357910156
2011-08-11,55.029998779296875,42.75860595703125
2011-08-12,54.22999954223633,42.13700485229492
2011-08-15,55.43000030517578,43.06941604614258
2011-08-16,55.43000030517578,43.06941604614258
2011-08-17,56.209999084472656,43.67547607421875
2011-08-18,52.689998626708984,40.9404182434082
2011-08-19,50.86000061035156,39.51850128173828
2011-08-22,50.310001373291016,39.09114456176758
2011-08-23,53.13999938964844,41.29007339477539
2011-08-24,52.650001525878906,40.90934753417969
2011-08-25,51.369998931884766,39.91476821899414
2011-08-26,53.060001373291016,41.227909088134766
2011-08-29,55.29999923706055,42.96841049194336
2011-08-30,55.15999984741211,42.859622955322266
2011-08-31,56.70000076293945,44.05621337890625
2011-09-01,56.02000045776367,43.52784729003906
2011-09-02,54.650001525878906,42.46334457397461
2011-09-06,53.970001220703125,41.93498611450195
2011-09-07,56.13999938964844,43.6210823059082
2011-09-08,54.599998474121094,42.42449951171875
2011-09-09,52.189998626708984,40.55191421508789
2011-09-12,52.18000030517578,40.54414749145508
2011-09-13,52.38999938964844,40.707313537597656
2011-09-14,52.060001373291016,40.450904846191406
2011-09-15,52.72999954223633,40.97148895263672
2011-09-16,53.58000183105469,41.63196563720703
2011-09-19,51.56999969482422,40.07017517089844
2011-09-20,51.83000183105469,40.27219772338867
2011-09-21,49.97999954223633,38.83473587036133
2011-09-22,45.66999816894531,35.48583221435547
2011-09-23,46.66999816894531,36.262840270996094
2011-09-26,47.2400016784668,36.70573806762695
2011-09-27,49.18000030517578,38.213130950927734
2011-09-28,47.41999816894531,36.84560012817383
2011-09-29,48.56999969482422,37.73915481567383
2011-09-30,46.56999969482422,36.185142517089844
2011-10-03,45.27000045776367,35.17504119873047
2011-10-04,46.79999923706055,36.363861083984375
2011-10-05,47.150001525878906,36.635807037353516
2011-10-06,48.619998931884766,37.77800750732422
2011-10-07,48.4900016784668,37.676998138427734
2011-10-10,50.75,39.43302536010742
2011-10-11,50.45000076293945,39.19992446899414
2011-10-12,52.0,40.4042854309082
2011-10-13,51.45000076293945,39.9769287109375
2011-10-14,52.81999969482422,41.04143524169922
2011-10-17,51.619998931884766,40.1090202331543
2011-10-18,52.97999954223633,41.16575241088867
2011-10-19,52.84000015258789,41.05697250366211
2011-10-20,51.63999938964844,40.12456512451172
2011-10-21,52.97999954223633,41.16575241088867
2011-10-24,55.47999954223633,43.1082649230957
2011-10-25,54.29999923706055,42.19139862060547
2011-10-26,54.630001068115234,42.44779968261719
2011-10-27,58.02000045776367,45.08185958862305
2011-10-28,57.459999084472656,44.64674377441406
2011-10-31,55.400001525878906,43.04610824584961
2011-11-01,54.529998779296875,42.3701057434082
2011-11-02,55.81999969482422,43.3724479675293
2011-11-03,55.7599983215332,43.32582092285156
2011-11-04,56.54999923706055,43.939659118652344
2011-11-07,56.68000030517578,44.040672302246094
2011-11-08,56.75,44.095062255859375
2011-11-09,53.5,41.569793701171875
2011-11-10,53.22999954223633,41.360008239746094
2011-11-11,54.83000183105469,42.603206634521484
2011-11-14,54.56999969482422,42.40119171142578
2011-11-15,54.70000076293945,42.502201080322266
2011-11-16,53.34000015258789,41.445472717285156
2011-11-17,52.25,40.598533630371094
2011-11-18,52.689998626708984,40.9404182434082
2011-11-21,50.9900016784668,39.619510650634766
2011-11-22,51.75,40.21003341674805
2011-11-23,49.77000045776367,38.67155838012695
2011-11-25,49.52000045776367,38.47731018066406
2011-11-28,51.9900016784668,40.396514892578125
2011-11-29,52.970001220703125,41.15797805786133
2011-11-30,56.060001373291016,43.55893325805664
2011-12-01,55.97999954223633,43.496768951416016
2011-12-02,55.59000015258789,43.1937370300293
2011-12-05,56.400001525878906,43.823116302490234
2011-12-06,55.7599983215332,43.32582092285156
2011-12-07,55.810001373291016,43.36467742919922
2011-12-08,54.040000915527344,41.9893684387207
2011-12-09,54.68000030517578,42.486656188964844
2011-12-12,52.939998626708984,41.134666442871094
2011-12-13,52.209999084472656,40.56745529174805
2011-12-14,51.27000045776367,39.83707809448242
2011-12-15,51.38999938964844,39.930301666259766
2011-12-16,51.77000045776367,40.2255744934082
2011-12-19,49.47999954223633,38.446231842041016
2011-12-20,51.560001373291016,40.366703033447266
2011-12-21,52.13999938964844,40.8207893371582
2011-12-22,52.66999816894531,41.23572540283203
2011-12-23,53.09000015258789,41.56455612182617
2011-12-27,51.810001373291016,40.56243133544922
2011-12-28,51.47999954223633,40.3040771484375
2011-12-29,52.20000076293945,40.86776351928711
2011-12-30,52.2599983215332,40.91474151611328
2012-01-03,54.27000045776367,42.48838806152344
2012-01-04,54.02000045776367,42.29264831542969
2012-01-05,53.380001068115234,41.79159927368164
2012-01-06,52.189998626708984,40.85993194580078
2012-01-09,52.06999969482422,40.76598358154297
2012-01-10,53.150001525878906,41.61152267456055
2012-01-11,52.58000183105469,41.16526794433594
2012-01-12,53.189998626708984,41.64284133911133
2012-01-13,53.290000915527344,41.72113800048828
2012-01-17,54.31999969482422,42.52751922607422
2012-01-18,55.209999084472656,43.22431182861328
2012-01-19,56.16999816894531,43.97590255737305
2012-01-20,56.7599983215332,44.43782424926758
2012-01-23,57.540000915527344,45.048492431640625
2012-01-24,57.529998779296875,45.0406608581543
2012-01-25,58.060001373291016,45.455596923828125
2012-01-26,57.52000045776367,45.03282928466797
2012-01-27,57.939998626708984,45.36164855957031
2012-01-30,57.0099983215332,44.633544921875
2012-01-31,57.36000061035156,44.907569885253906
2012-02-01,58.209999084472656,45.57303237915039
2012-02-02,58.470001220703125,45.77659606933594
2012-02-03,59.029998779296875,46.21501922607422
2012-02-06,58.31999969482422,45.659156799316406
2012-02-07,58.68000030517578,45.941001892089844
2012-02-08,59.16999816894531,46.324623107910156
2012-02-09,59.189998626708984,46.34028244018555
2012-02-10,57.709999084472656,45.181583404541016
2012-02-13,58.81999969482422,46.05060577392578
2012-02-14,58.380001068115234,45.70612716674805
2012-02-15,58.88999938964844,46.10541915893555
2012-02-16,58.95000076293945,46.15238571166992
2012-02-17,59.41999816894531,46.520347595214844
2012-02-21,59.15999984741211,46.316795349121094
2012-02-22,59.060001373291016,46.2385139465332
2012-02-23,58.52000045776367,45.81573486328125
2012-02-24,59.2400016784668,46.379432678222656
2012-02-27,58.38999938964844,45.71396255493164
2012-02-28,58.93000030517578,46.13672637939453
2012-02-29,59.869998931884766,46.87266159057617
2012-03-01,60.310001373291016,47.21713638305664
2012-03-02,60.13999938964844,47.08404541015625
2012-03-05,59.36000061035156,46.4733772277832
2012-03-06,57.63999938964844,45.126773834228516
2012-03-07,58.380001068115234,45.70612716674805
2012-03-08,59.709999084472656,46.74740219116211
2012-03-09,59.709999084472656,46.74740219116211
2012-03-12,58.95000076293945,46.15238571166992
2012-03-13,60.790000915527344,47.59293746948242
2012-03-14,60.029998779296875,46.9979248046875
2012-03-15,60.65999984741211,47.491153717041016
2012-03-16,60.459999084472656,47.3345832824707
2012-03-19,60.7400016784668,47.553794860839844
2012-03-20,59.900001525878906,46.896141052246094
2012-03-21,59.66999816894531,46.71607971191406
2012-03-22,59.0099983215332,46.199363708496094
2012-03-23,59.369998931884766,46.4812126159668
2012-03-26,60.18000030517578,47.115352630615234
2012-03-27,59.869998931884766,46.87266159057617
2012-03-28,59.34000015258789,46.45771789550781
2012-03-29,59.220001220703125,46.3637809753418
2012-03-30,59.540000915527344,46.614295959472656
2012-04-02,60.619998931884766,47.459842681884766
2012-04-03,61.06999969482422,47.81214904785156
2012-04-04,59.880001068115234,46.880496978759766
2012-04-05,60.310001373291016,47.21713638305664
2012-04-09,59.22999954223633,46.37160873413086
2012-04-10,57.75,45.21290969848633
2012-04-11,58.52000045776367,45.81573486328125
2012-04-12,59.400001525878906,46.50469207763672
2012-04-13,59.029998779296875,46.21501922607422
2012-04-16,58.91999816894531,46.128902435302734
2012-04-17,59.38999938964844,46.496864318847656
2012-04-18,59.02000045776367,46.20718765258789
2012-04-19,58.689998626708984,45.94883728027344
2012-04-20,58.400001525878906,45.72178649902344
2012-04-23,57.58000183105469,45.07980728149414
2012-04-24,57.81999969482422,45.2677001953125
2012-04-25,58.439998626708984,45.75310134887695
2012-04-26,58.880001068115234,46.09758758544922
2012-04-27,59.220001220703125,46.3637809753418
2012-04-30,59.2400016784668,46.379432678222656
2012-05-01,59.61000061035156,46.66911315917969
2012-05-02,59.790000915527344,46.810035705566406
2012-05-03,59.5,46.58298873901367
2012-05-04,58.34000015258789,45.67481231689453
2012-05-07,58.47999954223633,45.784423828125
2012-05-08,57.95000076293945,45.369483947753906
2012-05-09,57.209999084472656,44.79013442993164
2012-05-10,57.220001220703125,44.79795837402344
2012-05-11,56.209999084472656,44.00721740722656
2012-05-14,55.4900016784668,43.44353103637695
2012-05-15,54.83000183105469,42.92680358886719
2012-05-16,52.939998626708984,41.447113037109375
2012-05-17,52.25,40.90690994262695
2012-05-18,51.439998626708984,40.27275085449219
2012-05-21,52.66999816894531,41.23572540283203
2012-05-22,52.619998931884766,41.19658660888672
2012-05-23,52.2599983215332,40.91474151611328
2012-05-24,51.77000045776367,40.5311164855957
2012-05-25,51.68000030517578,40.460655212402344
2012-05-29,53.08000183105469,41.556724548339844
2012-05-30,52.27000045776367,40.922569274902344
2012-05-31,52.619998931884766,41.19658660888672
2012-06-01,51.41999816894531,40.25709533691406
2012-06-04,51.349998474121094,40.20228576660156
2012-06-05,51.4900016784668,40.3119010925293
2012-06-06,52.95000076293945,41.45494842529297
2012-06-07,53.79999923706055,42.12041091918945
2012-06-08,53.369998931884766,41.78376388549805
2012-06-11,52.84000015258789,41.36882400512695
2012-06-12,54.13999938964844,42.386600494384766
2012-06-13,53.810001373291016,42.12824249267578
2012-06-14,54.40999984741211,42.59798812866211
2012-06-15,54.68000030517578,42.80936813354492
2012-06-18,55.060001373291016,43.10688400268555
2012-06-19,55.959999084472656,43.81149673461914
2012-06-20,55.7400016784668,43.639259338378906
2012-06-21,54.150001525878906,42.394439697265625
2012-06-22,53.720001220703125,42.05778503417969
2012-06-25,52.029998779296875,40.73466873168945
2012-06-26,52.36000061035156,40.99302673339844
2012-06-27,52.689998626708984,41.25138854980469
2012-06-28,52.38999938964844,41.016517639160156
2012-06-29,54.810001373291016,42.91115188598633
2012-07-02,54.2400016784668,42.46489715576172
2012-07-03,55.36000061035156,43.34175109863281
2012-07-05,55.16999816894531,43.1929931640625
2012-07-06,53.72999954223633,42.065616607666016
2012-07-09,53.369998931884766,41.78376388549805
2012-07-10,52.849998474121094,41.37664794921875
2012-07-11,52.959999084472656,41.4627685546875
2012-07-12,51.72999954223633,40.49979782104492
2012-07-13,52.880001068115234,41.400142669677734
2012-07-16,52.63999938964844,41.212242126464844
2012-07-17,53.38999938964844,41.7994270324707
2012-07-18,52.86000061035156,41.38447952270508
2012-07-19,53.58000183105469,41.948184967041016
2012-07-20,52.97999954223633,41.478431701660156
2012-07-23,51.630001068115234,40.4215087890625
2012-07-24,51.529998779296875,40.34321212768555
2012-07-25,51.72999954223633,40.49979782104492
2012-07-26,52.83000183105469,41.36099624633789
2012-07-27,54.93000030517578,43.00510025024414
2012-07-30,54.529998779296875,42.69192886352539
2012-07-31,55.59000015258789,43.521827697753906
2012-08-01,55.88999938964844,43.75669479370117
2012-08-02,54.68000030517578,42.80936813354492
2012-08-03,55.959999084472656,43.81149673461914
2012-08-06,56.310001373291016,44.085514068603516
2012-08-07,56.630001068115234,44.33604049682617
2012-08-08,56.790000915527344,44.46131134033203
2012-08-09,57.7599983215332,45.22072982788086
2012-08-10,58.33000183105469,45.66698455810547
2012-08-13,57.619998931884766,45.11111831665039
2012-08-14,58.04999923706055,45.44776916503906
2012-08-15,57.720001220703125,45.18941116333008
2012-08-16,58.29999923706055,45.64350128173828
2012-08-17,57.7599983215332,45.22072982788086
2012-08-20,57.97999954223633,45.39296340942383
2012-08-21,57.58000183105469,45.07980728149414
2012-08-22,57.4900016784668,45.009342193603516
2012-08-23,57.08000183105469,44.688350677490234
2012-08-24,57.16999816894531,44.75880813598633
2012-08-27,56.41999816894531,44.171630859375
2012-08-28,56.45000076293945,44.19512176513672
2012-08-29,56.779998779296875,44.45348358154297
2012-08-30,55.83000183105469,43.709716796875
2012-08-31,56.290000915527344,44.069854736328125
2012-09-04,55.91999816894531,43.78017807006836
2012-09-05,55.08000183105469,43.122535705566406
2012-09-06,56.36000061035156,44.124656677246094
2012-09-07,57.689998626708984,45.16592025756836
2012-09-10,56.83000183105469,44.49262619018555
2012-09-11,57.33000183105469,44.88408279418945
2012-09-12,57.93000030517578,45.353824615478516
2012-09-13,59.529998779296875,46.606468200683594
2012-09-14,60.54999923706055,47.405033111572266
2012-09-17,59.84000015258789,46.84917449951172
2012-09-18,59.93000030517578,46.91963577270508
2012-09-19,60.11000061035156,47.06055450439453
2012-09-20,59.540000915527344,46.614295959472656
2012-09-21,59.52000045776367,46.5986442565918
2012-09-24,59.54999923706055,46.622127532958984
2012-09-25,58.52000045776367,45.81573486328125
2012-09-26,58.36000061035156,45.69047546386719
2012-09-27,59.61000061035156,46.66911315917969
2012-09-28,59.130001068115234,46.29331588745117
2012-10-01,59.650001525878906,46.70042037963867
2012-10-02,59.18000030517578,46.332454681396484
2012-10-03,59.310001373291016,46.43423843383789
2012-10-04,59.75,46.778709411621094
2012-10-05,59.86000061035156,46.86483383178711
2012-10-08,59.29999923706055,46.4264030456543
2012-10-09,58.45000076293945,45.76093673706055
2012-10-10,57.45000076293945,44.97802734375
2012-10-11,57.66999816894531,45.15026092529297
2012-10-12,57.2400016784668,44.81361770629883
2012-10-15,57.75,45.21290969848633
2012-10-16,58.540000915527344,45.83139419555664
2012-10-17,58.959999084472656,46.160221099853516
2012-10-18,58.939998626708984,46.144561767578125
2012-10-19,57.43000030517578,44.962364196777344
2012-10-22,58.220001220703125,45.580867767333984
2012-10-23,56.63999938964844,44.3438720703125
2012-10-24,56.630001068115234,44.33604049682617
2012-10-25,57.869998931884766,45.306846618652344
2012-10-26,57.369998931884766,44.9153938293457
2012-10-31,57.58000183105469,45.07980728149414
2012-11-01,58.08000183105469,45.47126388549805
2012-11-02,57.86000061035156,45.29901885986328
2012-11-05,58.060001373291016,45.455596923828125
2012-11-06,58.849998474121094,46.074092864990234
2012-11-07,57.95000076293945,45.369483947753906
2012-11-08,57.16999816894531,44.75880813598633
2012-11-09,57.31999969482422,44.876243591308594
2012-11-12,57.68000030517578,45.15808868408203
2012-11-13,57.130001068115234,44.727500915527344
2012-11-14,56.61000061035156,44.32038497924805
2012-11-15,56.75,44.429988861083984
2012-11-16,56.650001525878906,44.35170364379883
2012-11-19,58.09000015258789,45.479087829589844
2012-11-20,58.34000015258789,45.67481231689453
2012-11-21,58.099998474121094,45.486915588378906
2012-11-23,59.0099983215332,46.199363708496094
2012-11-26,58.7599983215332,46.00363540649414
2012-11-27,58.849998474121094,46.074092864990234
2012-11-28,59.369998931884766,46.4812126159668
2012-11-29,59.70000076293945,46.739566802978516
2012-11-30,59.63999938964844,46.692596435546875
2012-12-03,59.650001525878906,46.70042037963867
2012-12-04,59.599998474121094,46.661277770996094
2012-12-05,59.95000076293945,46.93529510498047
2012-12-06,60.47999954223633,47.35023498535156
2012-12-07,60.83000183105469,47.6242561340332
2012-12-10,61.220001220703125,47.929588317871094
2012-12-11,61.79999923706055,48.383670806884766
2012-12-12,61.83000183105469,48.40715789794922
2012-12-13,62.060001373291016,48.58722686767578
2012-12-14,62.11000061035156,48.626380920410156
2012-12-17,62.47999954223633,48.91604995727539
2012-12-18,62.31999969482422,49.077484130859375
2012-12-19,62.380001068115234,49.12473678588867
2012-12-20,62.290000915527344,49.05386734008789
2012-12-21,61.650001525878906,48.54985809326172
2012-12-24,61.529998779296875,48.45536422729492
2012-12-26,61.380001068115234,48.33723449707031
2012-12-27,61.65999984741211,48.5577278137207
2012-12-28,62.2599983215332,49.03023910522461
2012-12-31,63.349998474121094,49.88861846923828
2013-01-02,64.97000122070312,51.16438674926758
2013-01-03,63.86000061035156,50.29024887084961
2013-01-04,63.599998474121094,50.08550262451172
2013-01-07,63.06999969482422,49.66811752319336
2013-01-08,62.65999984741211,49.34524154663086
2013-01-09,62.65999984741211,49.34524154663086
2013-01-10,63.41999816894531,49.943748474121094
2013-01-11,63.060001373291016,49.66025161743164
2013-01-14,62.97999954223633,49.59724044799805
2013-01-15,62.540000915527344,49.250736236572266
2013-01-16,62.150001525878906,48.9436149597168
2013-01-17,62.720001220703125,49.392494201660156
2013-01-18,62.45000076293945,49.179866790771484
2013-01-22,62.310001373291016,49.06961441040039
2013-01-23,61.619998931884766,48.5262336730957
2013-01-24,60.9900016784668,48.03010559082031
2013-01-25,59.779998779296875,47.077213287353516
2013-01-28,59.119998931884766,46.55746078491211
2013-01-29,59.900001525878906,47.17171096801758
2013-01-30,59.58000183105469,46.91971969604492
2013-01-31,59.56999969482422,46.911842346191406
2013-02-01,59.540000915527344,46.88821029663086
2013-02-04,58.810001373291016,46.31333541870117
2013-02-05,59.029998779296875,46.48658752441406
2013-02-06,58.720001220703125,46.24245834350586
2013-02-07,58.5099983215332,46.077083587646484
2013-02-08,59.560001373291016,46.90396499633789
2013-02-11,59.79999923706055,47.09297180175781
2013-02-12,59.79999923706055,47.09297180175781
2013-02-13,60.56999969482422,47.6993522644043
2013-02-14,61.0099983215332,48.04585266113281
2013-02-15,60.97999954223633,48.02223205566406
2013-02-19,61.209999084472656,48.203346252441406
2013-02-20,61.7599983215332,48.636478424072266
2013-02-21,61.47999954223633,48.41598129272461
2013-02-22,61.97999954223633,48.80974197387695
2013-02-25,60.5099983215332,47.65209197998047
2013-02-26,61.310001373291016,48.2821044921875
2013-02-27,62.18000030517578,48.96723937988281
2013-02-28,61.689998626708984,48.58135986328125
2013-03-01,61.939998626708984,48.77823257446289
2013-03-04,61.650001525878906,48.54985809326172
2013-03-05,62.189998626708984,48.97511291503906
2013-03-06,61.779998779296875,48.65223693847656
2013-03-07,61.4900016784668,48.42386245727539
2013-03-08,61.099998474121094,48.116729736328125
2013-03-11,60.66999816894531,47.778099060058594
2013-03-12,59.90999984741211,47.179595947265625
2013-03-13,59.779998779296875,47.077213287353516
2013-03-14,59.790000915527344,47.08509826660156
2013-03-15,58.790000915527344,46.297576904296875
2013-03-18,58.400001525878906,45.990455627441406
2013-03-19,58.189998626708984,45.825077056884766
2013-03-20,58.04999923706055,45.71482849121094
2013-03-21,57.18000030517578,45.02968978881836
2013-03-22,57.77000045776367,45.494327545166016
2013-03-25,58.47999954223633,46.053462982177734
2013-03-26,59.45000076293945,46.81733703613281
2013-03-27,59.54999923706055,46.896087646484375
2013-03-28,59.43000030517578,46.80160140991211
2013-04-01,58.810001373291016,46.31333541870117
2013-04-02,58.439998626708984,46.02195358276367
2013-04-03,57.90999984741211,45.604583740234375
2013-04-04,56.869998931884766,44.78557205200195
2013-04-05,55.77000045776367,43.91931915283203
2013-04-08,55.47999954223633,43.69093322753906
2013-04-09,55.93000030517578,44.04530715942383
2013-04-10,57.0,44.8879508972168
2013-04-11,56.90999984741211,44.817073822021484
2013-04-12,55.119998931884766,43.407432556152344
2013-04-15,54.88999938964844,43.226314544677734
2013-04-16,56.58000183105469,44.55720138549805
2013-04-17,55.63999938964844,43.81694030761719
2013-04-18,54.79999923706055,43.155426025390625
2013-04-19,55.2400016784668,43.50193786621094
2013-04-22,55.880001068115234,44.00593948364258
2013-04-23,56.09000015258789,44.17131423950195
2013-04-24,56.45000076293945,44.45481872558594
2013-04-25,57.31999969482422,45.13994598388672
2013-04-26,56.849998474121094,44.76982116699219
2013-04-29,57.279998779296875,45.10844421386719
2013-04-30,58.41999816894531,46.00619888305664
2013-05-01,57.84000015258789,45.54945373535156
2013-05-02,58.18000030517578,45.81720733642578
2013-05-03,58.650001525878906,46.18733215332031
2013-05-06,58.279998779296875,45.89595413208008
2013-05-07,58.5099983215332,46.077083587646484
2013-05-08,58.63999938964844,46.17945861816406
2013-05-09,58.70000076293945,46.226707458496094
2013-05-10,57.04999923706055,44.92732620239258
2013-05-13,56.790000915527344,44.722572326660156
2013-05-14,57.81999969482422,45.5337028503418
2013-05-15,57.599998474121094,45.36045837402344
2013-05-16,58.119998931884766,45.76995849609375
2013-05-17,58.16999816894531,45.809326171875
2013-05-20,58.40999984741211,45.998329162597656
2013-05-21,58.36000061035156,45.958961486816406
2013-05-22,57.880001068115234,45.58095169067383
2013-05-23,57.45000076293945,45.24232482910156
2013-05-24,57.130001068115234,44.990325927734375
2013-05-28,57.720001220703125,45.454952239990234
2013-05-29,57.81999969482422,45.5337028503418
2013-05-30,58.36000061035156,45.958961486816406
2013-05-31,57.63999938964844,45.39194869995117
2013-06-03,58.79999923706055,46.30545425415039
2013-06-04,58.11000061035156,45.7620849609375
2013-06-05,57.119998931884766,44.982452392578125
2013-06-06,57.369998931884766,45.179325103759766
2013-06-07,56.5099983215332,44.50206756591797
2013-06-10,55.869998931884766,43.99806213378906
2013-06-11,55.119998931884766,43.407432556152344
2013-06-12,54.66999816894531,43.05305480957031
2013-06-13,54.939998626708984,43.265682220458984
2013-06-14,54.18000030517578,42.667171478271484
2013-06-17,54.5,42.9191780090332
2013-06-18,54.79999923706055,43.155426025390625
2013-06-19,53.38999938964844,42.045047760009766
2013-06-20,51.349998474121094,40.43852233886719
2013-06-21,51.29999923706055,40.39915084838867
2013-06-24,50.150001525878906,39.49352264404297
2013-06-25,51.060001373291016,40.210147857666016
2013-06-26,51.0,40.162899017333984
2013-06-27,52.79999923706055,41.58041763305664
2013-06-28,53.20000076293945,41.89542007446289
2013-07-01,53.790000915527344,42.360050201416016
2013-07-02,53.0,41.7379150390625
2013-07-03,52.41999816894531,41.28115463256836
2013-07-05,51.709999084472656,40.72202682495117
2013-07-08,51.84000015258789,40.82440948486328
2013-07-09,52.470001220703125,41.32054138183594
2013-07-10,52.31999969482422,41.20240783691406
2013-07-11,55.150001525878906,43.431060791015625
2013-07-12,54.5,42.9191780090332
2013-07-15,54.95000076293945,43.273555755615234
2013-07-16,54.810001373291016,43.163307189941406
2013-07-17,55.41999816894531,43.643672943115234
2013-07-18,54.779998779296875,43.139678955078125
2013-07-19,54.90999984741211,43.24205780029297
2013-07-22,55.220001220703125,43.48618698120117
2013-07-23,55.66999816894531,43.84056091308594
2013-07-24,55.5,43.706687927246094
2013-07-25,56.040000915527344,44.13194274902344
2013-07-26,56.439998626708984,44.44694137573242
2013-07-29,55.88999938964844,44.013816833496094
2013-07-30,56.09000015258789,44.17131423950195
2013-07-31,55.83000183105469,43.9665641784668
2013-08-01,56.439998626708984,44.44694137573242
2013-08-02,56.54999923706055,44.53356170654297
2013-08-05,56.369998931884766,44.39181900024414
2013-08-06,55.91999816894531,44.037437438964844
2013-08-07,55.15999984741211,43.43893051147461
2013-08-08,55.66999816894531,43.84056091308594
2013-08-09,55.36000061035156,43.596435546875
2013-08-12,55.56999969482422,43.76180648803711
2013-08-13,56.310001373291016,44.34457015991211
2013-08-14,56.560001373291016,44.54144287109375
2013-08-15,56.130001068115234,44.20281982421875
2013-08-16,56.5099983215332,44.50206756591797
2013-08-19,56.13999938964844,44.210689544677734
2013-08-20,55.83000183105469,43.9665641784668
2013-08-21,54.41999816894531,42.85617446899414
2013-08-22,54.83000183105469,43.17905044555664
2013-08-23,55.619998931884766,43.80118942260742
2013-08-26,55.7599983215332,43.91143798828125
2013-08-27,55.09000015258789,43.38380813598633
2013-08-28,55.900001525878906,44.021690368652344
2013-08-29,57.060001373291016,44.93519973754883
2013-08-30,57.22999954223633,45.069068908691406
2013-09-03,57.779998779296875,45.502201080322266
2013-09-04,59.13999938964844,46.573211669921875
2013-09-05,59.36000061035156,46.746463775634766
2013-09-06,60.400001525878906,47.56547927856445
2013-09-09,61.13999938964844,48.148231506347656
2013-09-10,61.650001525878906,48.54985809326172
2013-09-11,61.970001220703125,48.80186462402344
2013-09-12,61.380001068115234,48.33723449707031
2013-09-13,61.45000076293945,48.392356872558594
2013-09-16,62.029998779296875,48.8491096496582
2013-09-17,61.75,48.62861251831055
2013-09-18,64.27999877929688,50.62100601196289
2013-09-19,63.970001220703125,50.37688064575195
2013-09-20,62.68000030517578,49.36098861694336
2013-09-23,62.45000076293945,49.179866790771484
2013-09-24,62.41999816894531,49.15623092651367
2013-09-25,61.7599983215332,48.636478424072266
2013-09-26,62.43000030517578,49.164119720458984
2013-09-27,62.189998626708984,48.97511291503906
2013-09-30,61.5,48.431732177734375
2013-10-01,62.400001525878906,49.14048767089844
2013-10-02,62.4900016784668,49.21136474609375
2013-10-03,62.36000061035156,49.10898971557617
2013-10-04,62.52000045776367,49.23499298095703
2013-10-07,62.16999816894531,48.9593620300293
2013-10-08,62.0099983215332,48.83335876464844
2013-10-09,62.25,49.022369384765625
2013-10-10,63.439998626708984,49.959495544433594
2013-10-11,63.869998931884766,50.29813003540039
2013-10-14,64.06999969482422,50.45561981201172
2013-10-15,64.12000274658203,50.49500274658203
2013-10-16,64.69000244140625,50.94388198852539
2013-10-17,65.27999877929688,51.40850830078125
2013-10-18,65.5199966430664,51.597503662109375
2013-10-21,65.29000091552734,51.41638946533203
2013-10-22,65.68000030517578,51.7235107421875
2013-10-23,64.47000122070312,50.7706298828125
2013-10-24,64.66999816894531,50.92812728881836
2013-10-25,64.44999694824219,50.75487518310547
2013-10-28,64.9000015258789,51.109256744384766
2013-10-29,65.25,51.3848876953125
2013-10-30,65.05999755859375,51.235252380371094
2013-10-31,63.900001525878906,50.321746826171875
2013-11-01,64.3499984741211,50.67612838745117
2013-11-04,64.16000366210938,50.52650451660156
2013-11-05,63.34000015258789,49.8807487487793
2013-11-06,63.70000076293945,50.164249420166016
2013-11-07,62.400001525878906,49.14048767089844
2013-11-08,62.5099983215332,49.22711181640625
2013-11-11,61.959999084472656,48.79398727416992
2013-11-12,62.209999084472656,48.9908561706543
2013-11-13,61.72999954223633,48.61286163330078
2013-11-14,62.16999816894531,48.9593620300293
2013-11-15,63.810001373291016,50.25087356567383
2013-11-18,64.08999633789062,50.471378326416016
2013-11-19,64.4800033569336,50.778507232666016
2013-11-20,63.65999984741211,50.13274383544922
2013-11-21,63.2599983215332,49.81774139404297
2013-11-22,63.43000030517578,49.95162582397461
2013-11-25,63.20000076293945,49.7704963684082
2013-11-26,63.810001373291016,50.25087356567383
2013-11-27,64.29000091552734,50.62887954711914
2013-11-29,65.02999877929688,51.21162796020508
2013-12-02,63.900001525878906,50.321746826171875
2013-12-03,63.27000045776367,49.825618743896484
2013-12-04,62.70000076293945,49.37674331665039
2013-12-05,62.45000076293945,49.179866790771484
2013-12-06,63.5099983215332,50.01462173461914
2013-12-09,63.869998931884766,50.29813003540039
2013-12-10,63.63999938964844,50.11699676513672
2013-12-11,62.34000015258789,49.093238830566406
2013-12-12,62.130001068115234,48.92786407470703
2013-12-13,62.33000183105469,49.085365295410156
2013-12-16,63.15999984741211,49.738990783691406
2013-12-17,62.66999816894531,49.353118896484375
2013-12-18,62.97999954223633,50.31825256347656
2013-12-19,61.880001068115234,49.43940353393555
2013-12-20,61.88999938964844,49.447391510009766
2013-12-23,62.58000183105469,49.99867630004883
2013-12-24,62.650001525878906,50.054603576660156
2013-12-26,62.27000045776367,49.750999450683594
2013-12-27,63.7400016784668,50.92546463012695
2013-12-30,63.88999938964844,51.0452995300293
2013-12-31,64.66999816894531,51.66849136352539
2014-01-02,61.63999938964844,49.24765396118164
2014-01-03,61.2599983215332,48.94404602050781
2014-01-06,60.77000045776367,48.55256271362305
2014-01-07,61.0,48.736324310302734
2014-01-08,60.72999954223633,48.520599365234375
2014-01-09,60.52000045776367,48.35281753540039
2014-01-10,60.63999938964844,48.448692321777344
2014-01-13,60.5099983215332,48.34482955932617
2014-01-14,60.88999938964844,48.6484375
2014-01-15,60.779998779296875,48.560550689697266
2014-01-16,60.75,48.536590576171875
2014-01-17,60.38999938964844,48.24896240234375
2014-01-21,60.4900016784668,48.328853607177734
2014-01-22,60.810001373291016,48.58452224731445
2014-01-23,59.349998474121094,47.41804122924805
2014-01-24,57.63999938964844,46.051822662353516
2014-01-27,58.13999938964844,46.45130920410156
2014-01-28,58.720001220703125,46.914703369140625
2014-01-29,58.52000045776367,46.75490951538086
2014-01-30,58.93000030517578,47.082481384277344
2014-01-31,59.040000915527344,47.17036819458008
2014-02-03,57.470001220703125,45.91600799560547
2014-02-04,57.90999984741211,46.267555236816406
2014-02-05,58.029998779296875,46.36341857910156
2014-02-06,58.91999816894531,47.07449722290039
2014-02-07,59.220001220703125,47.314186096191406
2014-02-10,58.959999084472656,47.10645294189453
2014-02-11,59.880001068115234,47.841495513916016
2014-02-12,60.04999923706055,47.97731399536133
2014-02-13,59.810001373291016,47.78556442260742
2014-02-14,60.72999954223633,48.520599365234375
2014-02-18,60.130001068115234,48.041236877441406
2014-02-19,59.540000915527344,47.56983947753906
2014-02-20,59.5,47.53788757324219
2014-02-21,59.880001068115234,47.841495513916016
2014-02-24,60.22999954223633,48.121124267578125
2014-02-25,60.18000030517578,48.081172943115234
2014-02-26,60.689998626708984,48.4886474609375
2014-02-27,61.380001068115234,49.039920806884766
2014-02-28,61.08000183105469,48.80024337768555
2014-03-03,60.58000183105469,48.400760650634766
2014-03-04,61.08000183105469,48.80024337768555
2014-03-05,60.91999816894531,48.67240524291992
2014-03-06,61.619998931884766,49.23167037963867
2014-03-07,61.279998779296875,48.960025787353516
2014-03-10,60.529998779296875,48.360809326171875
2014-03-11,60.150001525878906,48.05720901489258
2014-03-12,59.77000045776367,47.753604888916016
2014-03-13,58.7599983215332,46.946659088134766
2014-03-14,58.630001068115234,46.842796325683594
2014-03-17,59.63999938964844,47.649749755859375
2014-03-18,59.900001525878906,47.85746765136719
2014-03-19,58.81999969482422,46.99459457397461
2014-03-20,58.38999938964844,46.65104675292969
2014-03-21,58.68000030517578,46.88274383544922
2014-03-24,59.09000015258789,47.2103157043457
2014-03-25,59.380001068115234,47.4420166015625
2014-03-26,60.16999816894531,48.07318878173828
2014-03-27,60.95000076293945,48.696380615234375
2014-03-28,61.130001068115234,48.84018325805664
2014-03-31,61.5099983215332,49.1437873840332
2014-04-01,62.290000915527344,49.76697540283203
2014-04-02,62.29999923706055,49.77496337890625
2014-04-03,62.34000015258789,49.806922912597656
2014-04-04,62.31999969482422,49.79093933105469
2014-04-07,62.22999954223633,49.71903991699219
2014-04-08,63.2599983215332,50.541961669921875
2014-04-09,64.12000274658203,51.22906494140625
2014-04-10,63.400001525878906,50.6538200378418
2014-04-11,63.47999954223633,50.71773147583008
2014-04-14,63.540000915527344,50.76567459106445
2014-04-15,62.970001220703125,50.31026077270508
2014-04-16,63.90999984741211,51.061283111572266
2014-04-17,63.689998626708984,50.88551330566406
2014-04-21,63.84000015258789,51.0053596496582
2014-04-22,63.849998474121094,51.013343811035156
2014-04-23,63.349998474121094,50.613861083984375
2014-04-24,63.459999084472656,50.70175552368164
2014-04-25,62.380001068115234,49.83887481689453
2014-04-28,62.849998474121094,50.214393615722656
2014-04-29,63.11000061035156,50.422115325927734
2014-04-30,62.54999923706055,49.97469711303711
2014-05-01,62.86000061035156,50.22237777709961
2014-05-02,62.689998626708984,50.08655548095703
2014-05-05,62.560001373291016,49.98269271850586
2014-05-06,62.75,50.13449478149414
2014-05-07,62.41999816894531,49.87083435058594
2014-05-08,62.75,50.13449478149414
2014-05-09,62.630001068115234,50.03861999511719
2014-05-12,63.47999954223633,50.71773147583008
2014-05-13,64.16999816894531,51.269012451171875
2014-05-14,64.55999755859375,51.580604553222656
2014-05-15,64.20999908447266,51.300968170166016
2014-05-16,65.0199966430664,51.94812774658203
2014-05-19,65.25,52.13188934326172
2014-05-20,64.5999984741211,51.6125602722168
2014-05-21,65.0,51.9321403503418
2014-05-22,65.26000213623047,52.13987731933594
2014-05-23,65.06999969482422,51.98807144165039
2014-05-27,64.43000030517578,51.47674560546875
2014-05-28,65.16000366210938,52.05998992919922
2014-05-29,65.48999786376953,52.32363510131836
2014-05-30,64.62999725341797,51.63652801513672
2014-06-02,64.66999816894531,51.66849136352539
2014-06-03,64.79000091552734,51.76436233520508
2014-06-04,64.73999786376953,51.72441864013672
2014-06-05,64.9000015258789,51.85224914550781
2014-06-06,65.38999938964844,52.24374008178711
2014-06-09,65.2699966430664,52.147857666015625
2014-06-10,65.66000366210938,52.45945739746094
2014-06-11,65.41000366210938,52.25971603393555
2014-06-12,65.0,51.9321403503418
2014-06-13,64.2699966430664,51.348899841308594
2014-06-16,64.38999938964844,51.44477844238281
2014-06-17,64.54000091552734,51.56462860107422
2014-06-18,64.73999786376953,51.72441864013672
2014-06-19,64.5199966430664,51.548641204833984
2014-06-20,63.61000061035156,50.821598052978516
2014-06-23,63.91999816894531,51.069271087646484
2014-06-24,64.61000061035156,51.62055969238281
2014-06-25,64.55000305175781,51.5726203918457
2014-06-26,64.86000061035156,51.82029342651367
2014-06-27,64.97000122070312,51.908180236816406
2014-06-30,65.0199966430664,51.94812774658203
2014-07-01,65.54000091552734,52.36357879638672
2014-07-02,65.77999877929688,52.555328369140625
2014-07-03,65.94999694824219,52.6911506652832
2014-07-07,65.19000244140625,52.083953857421875
2014-07-08,64.81999969482422,51.788330078125
2014-07-09,65.0199966430664,51.94812774658203
2014-07-10,64.54000091552734,51.56462860107422
2014-07-11,63.959999084472656,51.10123062133789
2014-07-14,64.3499984741211,51.41282272338867
2014-07-15,64.30999755859375,51.380859375
2014-07-16,64.55999755859375,51.580604553222656
2014-07-17,63.91999816894531,51.069271087646484
2014-07-18,64.75,51.73240661621094
2014-07-21,64.77999877929688,51.756378173828125
2014-07-22,65.55000305175781,52.37157440185547
2014-07-23,65.31999969482422,52.18781280517578
2014-07-24,65.16999816894531,52.067962646484375
2014-07-25,65.30999755859375,52.1798210144043
2014-07-28,66.13999938964844,52.842960357666016
2014-07-29,66.86000061035156,53.4182014465332
2014-07-30,67.36000061035156,53.81768798828125
2014-07-31,66.0999984741211,52.810997009277344
2014-08-01,66.5999984741211,53.210479736328125
2014-08-04,66.61000061035156,53.218467712402344
2014-08-05,65.61000061035156,52.41950607299805
2014-08-06,65.4000015258789,52.25173568725586
2014-08-07,64.9800033569336,51.91617202758789
2014-08-08,65.1500015258789,52.0519905090332
2014-08-11,65.36000061035156,52.21977615356445
2014-08-12,65.51000213623047,52.33961868286133
2014-08-13,65.93000030517578,52.6751708984375
2014-08-14,66.51000213623047,53.138572692871094
2014-08-15,66.30999755859375,52.9787712097168
2014-08-18,66.4000015258789,53.05067825317383
2014-08-19,66.7699966430664,53.34628677368164
2014-08-20,66.30999755859375,52.9787712097168
2014-08-21,65.43000030517578,52.27569580078125
2014-08-22,65.79000091552734,52.563323974609375
2014-08-25,66.0199966430664,52.7470817565918
2014-08-26,66.66999816894531,53.26640319824219
2014-08-27,66.68000030517578,53.274391174316406
2014-08-28,66.66000366210938,53.258419036865234
2014-08-29,66.4000015258789,53.05067825317383
2014-09-02,65.4000015258789,52.25173568725586
2014-09-03,65.23999786376953,52.1238899230957
2014-09-04,65.22000122070312,52.1079216003418
2014-09-05,65.08000183105469,51.99605941772461
2014-09-08,64.38999938964844,51.44477844238281
2014-09-09,63.599998474121094,50.8136100769043
2014-09-10,63.86000061035156,51.021331787109375
2014-09-11,63.599998474121094,50.8136100769043
2014-09-12,63.720001220703125,50.90947723388672
2014-09-15,63.470001220703125,50.70974349975586
2014-09-16,64.19999694824219,51.29297637939453
2014-09-17,64.08000183105469,51.197113037109375
2014-09-18,63.54999923706055,50.773658752441406
2014-09-19,63.41999816894531,50.6697998046875
2014-09-22,62.400001525878906,49.85486602783203
2014-09-23,62.209999084472656,49.70305252075195
2014-09-24,62.869998931884766,50.23036575317383
2014-09-25,61.72999954223633,49.31956100463867
2014-09-26,61.86000061035156,49.42341995239258
2014-09-29,61.06999969482422,48.79224395751953
2014-09-30,60.5099983215332,48.34482955932617
2014-10-01,58.93000030517578,47.082481384277344
2014-10-02,58.709999084472656,46.906715393066406
2014-10-03,58.86000061035156,47.02655792236328
2014-10-06,58.77000045776367,46.95465087890625
2014-10-07,58.2400016784668,46.53120803833008
2014-10-08,58.560001373291016,46.786865234375
2014-10-09,57.61000061035156,46.02786636352539
2014-10-10,56.470001220703125,45.1170539855957
2014-10-13,56.97999954223633,45.524513244628906
2014-10-14,57.15999984741211,45.668331146240234
2014-10-15,57.08000183105469,45.60441589355469
2014-10-16,56.880001068115234,45.44462585449219
2014-10-17,56.79999923706055,45.38071060180664
2014-10-20,57.59000015258789,46.011878967285156
2014-10-21,57.790000915527344,46.17167282104492
2014-10-22,57.54999923706055,45.979923248291016
2014-10-23,57.630001068115234,46.04383850097656
2014-10-24,57.58000183105469,46.00389099121094
2014-10-27,57.88999938964844,46.25156784057617
2014-10-28,58.439998626708984,46.69099044799805
2014-10-29,59.02000045776367,47.154388427734375
2014-10-30,59.369998931884766,47.43402862548828
2014-10-31,58.630001068115234,46.842796325683594
2014-11-03,57.650001525878906,46.059818267822266
2014-11-04,57.380001068115234,45.84410095214844
2014-11-05,56.470001220703125,45.1170539855957
2014-11-06,56.709999084472656,45.30880355834961
2014-11-07,57.040000915527344,45.57244873046875
2014-11-10,57.529998779296875,45.96394348144531
2014-11-11,57.060001373291016,45.588436126708984
2014-11-12,57.2599983215332,45.748226165771484
2014-11-13,57.060001373291016,45.588436126708984
2014-11-14,56.599998474121094,45.22091293334961
2014-11-17,56.540000915527344,45.172969818115234
2014-11-18,56.97999954223633,45.524513244628906
2014-11-19,56.13999938964844,44.8533935546875
2014-11-20,56.0,44.741539001464844
2014-11-21,56.790000915527344,45.37271499633789
2014-11-24,56.83000183105469,45.40467834472656
2014-11-25,56.7400016784668,45.332767486572266
2014-11-26,57.52000045776367,45.95595169067383
2014-11-28,56.880001068115234,45.44462585449219
2014-12-01,56.45000076293945,45.10107421875
2014-12-02,56.36000061035156,45.02915954589844
2014-12-03,56.34000015258789,45.01319122314453
2014-12-04,56.91999816894531,45.47658157348633
2014-12-05,56.59000015258789,45.212928771972656
2014-12-08,56.619998931884766,45.23689651489258
2014-12-09,57.0,45.54050064086914
2014-12-10,56.130001068115234,44.84540939331055
2014-12-11,55.650001525878906,44.4619140625
2014-12-12,54.880001068115234,43.84671401977539
2014-12-15,55.439998626708984,44.29412841796875
2014-12-16,56.2400016784668,44.93328857421875
2014-12-17,55.25,44.66891860961914
2014-12-18,55.119998931884766,44.56381607055664
2014-12-19,55.290000915527344,44.701263427734375
2014-12-22,55.93000030517578,45.218685150146484
2014-12-23,55.29999923706055,44.709346771240234
2014-12-24,55.61000061035156,44.95997619628906
2014-12-26,55.880001068115234,45.17826461791992
2014-12-29,55.66999816894531,45.008480072021484
2014-12-30,55.220001220703125,44.64466094970703
2014-12-31,55.290000915527344,44.701263427734375
2015-01-02,54.709999084472656,44.23233413696289
2015-01-05,54.029998779296875,43.682559967041016
2015-01-06,53.83000183105469,43.52086639404297
2015-01-07,54.5099983215332,44.07063293457031
2015-01-08,55.56999969482422,44.92762756347656
2015-01-09,56.08000183105469,45.33995819091797
2015-01-12,56.09000015258789,45.34804153442383
2015-01-13,56.58000183105469,45.744205474853516
2015-01-14,56.220001220703125,45.45315170288086
2015-01-15,56.310001373291016,45.525917053222656
2015-01-16,56.22999954223633,45.46123504638672
2015-01-20,56.20000076293945,45.43697738647461
2015-01-21,56.72999954223633,45.865474700927734
2015-01-22,57.380001068115234,46.390995025634766
2015-01-23,57.380001068115234,46.390995025634766
2015-01-26,57.47999954223633,46.47184371948242
2015-01-27,57.25,46.285888671875
2015-01-28,57.04999923706055,46.12419128417969
2015-01-29,56.93000030517578,46.02716827392578
2015-01-30,55.650001525878906,44.99231719970703
2015-02-02,56.58000183105469,45.744205474853516
2015-02-03,57.0,46.083770751953125
2015-02-04,57.27000045776367,46.30205535888672
2015-02-05,57.029998779296875,46.10802459716797
2015-02-06,56.150001525878906,45.39655685424805
2015-02-09,56.119998931884766,45.37229919433594
2015-02-10,55.709999084472656,45.04082107543945
2015-02-11,55.040000915527344,44.4991340637207
2015-02-12,55.58000183105469,44.93571090698242
2015-02-13,56.029998779296875,45.29953384399414
2015-02-17,55.93000030517578,45.218685150146484
2015-02-18,55.97999954223633,45.25910949707031
2015-02-19,55.720001220703125,45.04890823364258
2015-02-20,56.16999816894531,45.4127197265625
2015-02-23,56.0,45.27528381347656
2015-02-24,56.400001525878906,45.59868240356445
2015-02-25,56.720001220703125,45.85738754272461
2015-02-26,56.79999923706055,45.92207717895508
2015-02-27,56.630001068115234,45.78462600708008
2015-03-02,57.060001373291016,46.13227844238281
2015-03-03,57.2400016784668,46.277801513671875
2015-03-04,57.040000915527344,46.11610412597656
2015-03-05,57.08000183105469,46.14844512939453
2015-03-06,56.790000915527344,45.91399002075195
2015-03-09,56.349998474121094,45.558250427246094
2015-03-10,54.970001220703125,44.44253921508789
2015-03-11,55.119998931884766,44.56381607055664
2015-03-12,55.59000015258789,44.94380569458008
2015-03-13,54.790000915527344,44.29701232910156
2015-03-16,55.59000015258789,44.94380569458008
2015-03-17,57.0099983215332,46.09185028076172
2015-03-18,57.959999084472656,46.85991668701172
2015-03-19,57.209999084472656,46.25355529785156
2015-03-20,57.77000045776367,46.706302642822266
2015-03-23,57.91999816894531,46.827579498291016
2015-03-24,58.08000183105469,46.956939697265625
2015-03-25,57.79999923706055,46.730560302734375
2015-03-26,57.34000015258789,46.3586540222168
2015-03-27,57.31999969482422,46.34248352050781
2015-03-30,57.58000183105469,46.55268859863281
2015-03-31,57.2400016784668,46.277801513671875
2015-04-01,57.38999938964844,46.399078369140625
2015-04-02,58.0099983215332,46.90033721923828
2015-04-06,58.779998779296875,47.52287292480469
2015-04-07,58.11000061035156,46.98119354248047
2015-04-08,58.75,47.498619079589844
2015-04-09,58.58000183105469,47.361175537109375
2015-04-10,59.599998474121094,48.18584060668945
2015-04-13,59.41999816894531,48.04030990600586
2015-04-14,60.459999084472656,48.88113021850586
2015-04-15,60.81999969482422,49.17218780517578
2015-04-16,61.52000045776367,49.738128662109375
2015-04-17,61.02000045776367,49.333892822265625
2015-04-20,61.75,49.924076080322266
2015-04-21,61.439998626708984,49.6734504699707
2015-04-22,61.91999816894531,50.061527252197266
2015-04-23,62.91999816894531,50.87001037597656
2015-04-24,62.63999938964844,50.643638610839844
2015-04-27,62.65999984741211,50.65980911254883
2015-04-28,62.84000015258789,50.80533218383789
2015-04-29,61.959999084472656,50.09386444091797
2015-04-30,61.16999816894531,49.455162048339844
2015-05-01,61.15999984741211,49.44707489013672
2015-05-04,61.68000030517578,49.867488861083984
2015-05-05,60.97999954223633,49.30154800415039
2015-05-06,60.349998474121094,48.79220199584961
2015-05-07,59.709999084472656,48.27477264404297
2015-05-08,59.97999954223633,48.493064880371094
2015-05-11,59.2599983215332,47.91094970703125
2015-05-12,59.27000045776367,47.919036865234375
2015-05-13,59.63999938964844,48.218177795410156
2015-05-14,60.33000183105469,48.776031494140625
2015-05-15,59.77000045776367,48.32327651977539
2015-05-18,59.43000030517578,48.048397064208984
2015-05-19,59.56999969482422,48.16157531738281
2015-05-20,59.90999984741211,48.43647003173828
2015-05-21,59.56999969482422,48.16157531738281
2015-05-22,59.869998931884766,48.40412139892578
2015-05-26,58.869998931884766,47.595638275146484
2015-05-27,57.9900016784668,46.88417434692383
2015-05-28,57.83000183105469,46.754817962646484
2015-05-29,57.79999923706055,46.730560302734375
2015-06-01,57.2400016784668,46.277801513671875
2015-06-02,57.06999969482422,46.1403694152832
2015-06-03,56.70000076293945,45.84122848510742
2015-06-04,56.310001373291016,45.525917053222656
2015-06-05,55.84000015258789,45.14592361450195
2015-06-08,55.880001068115234,45.17826461791992
2015-06-09,55.720001220703125,45.04890823364258
2015-06-10,56.2400016784668,45.46931838989258
2015-06-11,55.97999954223633,45.25910949707031
2015-06-12,55.40999984741211,44.79827880859375
2015-06-15,55.13999938964844,44.579986572265625
2015-06-16,54.779998779296875,44.2889289855957
2015-06-17,55.2599983215332,44.677005767822266
2015-06-18,55.79999923706055,45.11358642578125
2015-06-19,55.689998626708984,45.02465057373047
2015-06-22,56.41999816894531,45.614845275878906
2015-06-23,56.810001373291016,45.93015670776367
2015-06-24,56.31999969482422,45.533992767333984
2015-06-25,56.08000183105469,45.33995819091797
2015-06-26,55.779998779296875,45.097412109375
2015-06-29,54.86000061035156,44.35361099243164
2015-06-30,55.11000061035156,44.55573272705078
2015-07-01,55.709999084472656,45.04082107543945
2015-07-02,55.77000045776367,45.089324951171875
2015-07-06,54.09000015258789,43.731075286865234
2015-07-07,53.65999984741211,43.383419036865234
2015-07-08,52.400001525878906,42.36473083496094
2015-07-09,53.08000183105469,42.91450119018555
2015-07-10,53.58000183105469,43.318748474121094
2015-07-13,53.65999984741211,43.383419036865234
2015-07-14,53.20000076293945,43.01152420043945
2015-07-15,52.84000015258789,42.720462799072266
2015-07-16,53.45000076293945,43.21364212036133
2015-07-17,52.95000076293945,42.80939483642578
2015-07-20,52.4900016784668,42.43749237060547
2015-07-21,52.689998626708984,42.59919357299805
2015-07-22,52.04999923706055,42.08176040649414
2015-07-23,51.5,41.63709259033203
2015-07-24,50.58000183105469,40.893287658691406
2015-07-27,50.90999984741211,41.16007995605469
2015-07-28,51.66999816894531,41.774532318115234
2015-07-29,52.0,42.04132843017578
2015-07-30,50.849998474121094,41.111568450927734
2015-07-31,51.18000030517578,41.378379821777344
2015-08-03,50.40999984741211,40.755836486816406
2015-08-04,50.869998931884766,41.127742767333984
2015-08-05,50.58000183105469,40.893287658691406
2015-08-06,50.029998779296875,40.44861602783203
2015-08-07,50.02000045776367,40.44053268432617
2015-08-10,50.59000015258789,40.901363372802734
2015-08-11,48.90999984741211,39.54310607910156
2015-08-12,48.970001220703125,39.591617584228516
2015-08-13,49.08000183105469,39.68056106567383
2015-08-14,49.189998626708984,39.76948547363281
2015-08-17,48.47999954223633,39.195457458496094
2015-08-18,48.16999816894531,38.94482421875
2015-08-19,47.849998474121094,38.68611526489258
2015-08-20,46.7599983215332,37.804866790771484
2015-08-21,45.66999816894531,36.923606872558594
2015-08-24,44.70000076293945,36.139381408691406
2015-08-25,45.59000015258789,36.858924865722656
2015-08-26,46.90999984741211,37.92613983154297
2015-08-27,48.13999938964844,38.920570373535156
2015-08-28,47.9900016784668,38.79929733276367
2015-08-31,47.84000015258789,38.67802047729492
2015-09-01,46.84000015258789,37.86954116821289
2015-09-02,47.650001525878906,38.5244140625
2015-09-03,47.38999938964844,38.314208984375
2015-09-04,46.18000030517578,37.335941314697266
2015-09-08,47.33000183105469,38.26570129394531
2015-09-09,47.939998626708984,38.75887680053711
2015-09-10,48.5,39.21162414550781
2015-09-11,48.58000183105469,39.276309967041016
2015-09-14,48.16999816894531,38.94482421875
2015-09-15,48.72999954223633,39.39757537841797
2015-09-16,50.630001068115234,40.9337043762207
2015-09-17,50.560001373291016,40.877113342285156
2015-09-18,49.9900016784668,40.41627883911133
2015-09-21,49.310001373291016,39.86650085449219
2015-09-22,48.65999984741211,39.34098434448242
2015-09-23,48.22999954223633,38.99333953857422
2015-09-24,47.970001220703125,38.78313064575195
2015-09-25,48.02000045776367,38.823551177978516
2015-09-28,47.04999923706055,38.03932189941406
2015-09-29,46.900001525878906,37.918052673339844
2015-09-30,48.779998779296875,39.43800354003906
2015-10-01,49.58000183105469,40.08479690551758
2015-10-02,50.06999969482422,40.48094940185547
2015-10-05,51.06999969482422,41.28944778442383
2015-10-06,50.95000076293945,41.19242477416992
2015-10-07,52.4900016784668,42.43749237060547
2015-10-08,52.90999984741211,42.77705764770508
2015-10-09,53.38999938964844,43.165130615234375
2015-10-12,53.189998626708984,43.00343704223633
2015-10-13,52.540000915527344,42.47792053222656
2015-10-14,53.099998474121094,42.930660247802734
2015-10-15,54.59000015258789,44.13531494140625
2015-10-16,54.310001373291016,43.908935546875
2015-10-19,54.0,43.65830993652344
2015-10-20,54.2599983215332,43.86851119995117
2015-10-21,53.849998474121094,43.53703689575195
2015-10-22,54.650001525878906,44.1838264465332
2015-10-23,54.75,44.264678955078125
2015-10-26,54.70000076293945,44.2242431640625
2015-10-27,54.29999923706055,43.90085220336914
2015-10-28,53.849998474121094,43.53703689575195
2015-10-29,53.83000183105469,43.52086639404297
2015-10-30,54.380001068115234,43.96553421020508
2015-11-02,55.31999969482422,44.72551345825195
2015-11-03,56.09000015258789,45.34804153442383
2015-11-04,55.290000915527344,44.701263427734375
2015-11-05,55.25,44.66891860961914
2015-11-06,54.189998626708984,43.81191635131836
2015-11-09,53.08000183105469,42.91450119018555
2015-11-10,52.61000061035156,42.534507751464844
2015-11-11,52.880001068115234,42.7528076171875
2015-11-12,52.279998779296875,42.2677116394043
2015-11-13,51.2599983215332,41.443050384521484
2015-11-16,51.75,41.83921432495117
2015-11-17,51.45000076293945,41.59666442871094
2015-11-18,52.029998779296875,42.06558609008789
2015-11-19,52.880001068115234,42.7528076171875
2015-11-20,53.150001525878906,42.97108840942383
2015-11-23,53.029998779296875,42.87406921386719
2015-11-24,53.72999954223633,43.44002151489258
2015-11-25,53.72999954223633,43.44002151489258
2015-11-27,53.40999984741211,43.181297302246094
2015-11-30,52.81999969482422,42.70429611206055
2015-12-01,53.7400016784668,43.4481086730957
2015-12-02,52.7400016784668,42.639610290527344
2015-12-03,52.16999816894531,42.17877197265625
2015-12-04,52.29999923706055,42.28388595581055
2015-12-07,51.099998474121094,41.31369400024414
2015-12-08,50.54999923706055,40.8690299987793
2015-12-09,50.369998931884766,40.723506927490234
2015-12-10,50.599998474121094,40.90944290161133
2015-12-11,49.650001525878906,40.14139175415039
2015-12-14,50.130001068115234,40.52946853637695
2015-12-15,50.869998931884766,41.127742767333984
2015-12-16,52.209999084472656,42.21111297607422
2015-12-17,50.88999938964844,41.143917083740234
2015-12-18,51.09000015258789,41.30561065673828
2015-12-21,50.66999816894531,41.95307922363281
2015-12-22,51.13999938964844,42.342220306396484
2015-12-23,51.560001373291016,42.689971923828125
2015-12-24,51.15999984741211,42.35877990722656
2015-12-28,50.56999969482422,41.870277404785156
2015-12-29,50.68000030517578,41.96135711669922
2015-12-30,50.08000183105469,41.464576721191406
2015-12-31,49.66999816894531,41.12510681152344
2016-01-04,48.5099983215332,40.1646728515625
2016-01-05,48.720001220703125,40.33855056762695
2016-01-06,47.75,39.5354118347168
2016-01-07,46.9900016784668,38.90616226196289
2016-01-08,46.72999954223633,38.69089126586914
2016-01-11,47.25,39.121437072753906
2016-01-12,47.11000061035156,39.00551986694336
2016-01-13,46.97999954223633,38.89788055419922
2016-01-14,47.4900016784668,39.32014846801758
2016-01-15,45.4900016784668,37.664215087890625
2016-01-19,46.790000915527344,38.74056625366211
2016-01-20,45.34000015258789,37.54001235961914
2016-01-21,45.95000076293945,38.04507827758789
2016-01-22,47.31999969482422,39.179386138916016
2016-01-25,46.68000030517578,38.64949035644531
2016-01-26,47.119998931884766,39.013790130615234
2016-01-27,46.77000045776367,38.7240104675293
2016-01-28,47.25,39.121437072753906
2016-01-29,47.7400016784668,39.52714157104492
2016-02-01,47.61000061035156,39.419498443603516
2016-02-02,46.2599983215332,38.3017463684082
2016-02-03,47.22999954223633,39.1048698425293
2016-02-04,48.130001068115234,39.85004425048828
2016-02-05,47.540000915527344,39.36154556274414
2016-02-08,47.209999084472656,39.08831024169922
2016-02-09,46.709999084472656,38.67433166503906
2016-02-10,46.939998626708984,38.86476135253906
2016-02-11,46.0,38.08647537231445
2016-02-12,46.470001220703125,38.475624084472656
2016-02-16,46.83000183105469,38.773685455322266
2016-02-17,47.380001068115234,39.22906494140625
2016-02-18,46.869998931884766,38.80680465698242
2016-02-19,46.630001068115234,38.60809326171875
2016-02-22,47.61000061035156,39.419498443603516
2016-02-23,46.810001373291016,38.75712966918945
2016-02-24,46.86000061035156,38.79852294921875
2016-02-25,47.02000045776367,38.931007385253906
2016-02-26,46.29999923706055,38.334869384765625
2016-02-29,46.59000015258789,38.57497787475586
2016-03-01,47.900001525878906,39.65960693359375
2016-03-02,48.279998779296875,39.974239349365234
2016-03-03,48.939998626708984,40.52069854736328
2016-03-04,49.7400016784668,41.18307113647461
2016-03-07,49.58000183105469,41.05059814453125
2016-03-08,48.439998626708984,40.106712341308594
2016-03-09,48.7599983215332,40.37165832519531
2016-03-10,49.56999969482422,41.04231643676758
2016-03-11,50.650001525878906,41.93651580810547
2016-03-14,50.2400016784668,41.59705352783203
2016-03-15,49.970001220703125,41.373504638671875
2016-03-16,51.029998779296875,42.25114822387695
2016-03-17,52.2599983215332,43.26954650878906
2016-03-18,52.13999938964844,43.170188903808594
2016-03-21,52.09000015258789,43.1287841796875
2016-03-22,52.40999984741211,43.39374542236328
2016-03-23,51.560001373291016,42.689971923828125
2016-03-24,51.560001373291016,42.689971923828125
2016-03-28,51.58000183105469,42.7065315246582
2016-03-29,52.70000076293945,43.633853912353516
2016-03-30,53.290000915527344,44.122352600097656
2016-03-31,52.81999969482422,43.733211517333984
2016-04-01,52.060001373291016,43.10395431518555
2016-04-04,51.689998626708984,42.79759979248047
2016-04-05,50.720001220703125,41.99448013305664
2016-04-06,51.630001068115234,42.747928619384766
2016-04-07,50.83000183105469,42.08555221557617
2016-04-08,51.45000076293945,42.59889221191406
2016-04-11,51.970001220703125,43.0294303894043
2016-04-12,52.459999084472656,43.43513488769531
2016-04-13,53.060001373291016,43.93192672729492
2016-04-14,52.939998626708984,43.83256530761719
2016-04-15,52.810001373291016,43.72492599487305
2016-04-18,53.209999084472656,44.05611038208008
2016-04-19,54.02000045776367,44.72676086425781
2016-04-20,53.75,44.50321578979492
2016-04-21,53.45000076293945,44.25482940673828
2016-04-22,52.880001068115234,43.78289031982422
2016-04-25,52.709999084472656,43.642127990722656
2016-04-26,53.119998931884766,43.981590270996094
2016-04-27,53.16999816894531,44.02299880981445
2016-04-28,52.849998474121094,43.75804138183594
2016-04-29,52.25,43.26126480102539
2016-05-02,52.58000183105469,43.53449249267578
2016-05-03,51.5099983215332,42.64856719970703
2016-05-04,50.540000915527344,41.84544372558594
2016-05-05,50.41999816894531,41.74608612060547
2016-05-06,50.470001220703125,41.78748321533203
2016-05-09,50.15999984741211,41.53081512451172
2016-05-10,51.0,42.2263069152832
2016-05-11,50.7599983215332,42.02759552001953
2016-05-12,50.58000183105469,41.87856674194336
2016-05-13,49.58000183105469,41.05059814453125
2016-05-16,49.959999084472656,41.36521911621094
2016-05-17,49.650001525878906,41.10855484008789
2016-05-18,48.84000015258789,40.43790054321289
2016-05-19,48.86000061035156,40.45446014404297
2016-05-20,49.06999969482422,40.62833023071289
2016-05-23,49.25,40.77736282348633
2016-05-24,49.04999923706055,40.61177062988281
2016-05-25,49.90999984741211,41.32381820678711
2016-05-26,49.939998626708984,41.348663330078125
2016-05-27,49.790000915527344,41.22446823120117
2016-05-31,49.7599983215332,41.19962692260742
2016-06-01,49.939998626708984,41.348663330078125
2016-06-02,50.5,41.81232452392578
2016-06-03,51.459999084472656,42.607173919677734
2016-06-06,52.060001373291016,43.10395431518555
2016-06-07,52.650001525878906,43.59245681762695
2016-06-08,53.06999969482422,43.9401969909668
2016-06-09,52.65999984741211,43.60073471069336
2016-06-10,51.75,42.847286224365234
2016-06-13,50.720001220703125,41.99448013305664
2016-06-14,50.310001373291016,41.65501022338867
2016-06-15,50.86000061035156,42.110389709472656
2016-06-16,50.61000061035156,41.903404235839844
2016-06-17,50.560001373291016,41.862003326416016
2016-06-20,51.779998779296875,42.87211990356445
2016-06-21,52.08000183105469,43.120521545410156
2016-06-22,52.5099983215332,43.476539611816406
2016-06-23,53.40999984741211,44.22170639038086
2016-06-24,49.97999954223633,41.38178634643555
2016-06-27,48.95000076293945,40.528968811035156
2016-06-28,50.4900016784668,41.80405044555664
2016-06-29,51.66999816894531,42.78104782104492
2016-06-30,52.06999969482422,43.11222839355469
2016-07-01,52.83000183105469,43.74148941040039
2016-07-05,51.9900016784668,43.045997619628906
2016-07-06,51.279998779296875,42.4581413269043
2016-07-07,51.68000030517578,42.789329528808594
2016-07-08,52.459999084472656,43.43513488769531
2016-07-11,52.68000030517578,43.61729431152344
2016-07-12,53.400001525878906,44.21343231201172
2016-07-13,53.45000076293945,44.25482940673828
2016-07-14,54.47999954223633,45.10763168334961
2016-07-15,54.34000015258789,44.99172592163086
2016-07-18,54.560001373291016,45.17387008666992
2016-07-19,53.95000076293945,44.66881561279297
2016-07-20,53.95000076293945,44.66881561279297
2016-07-21,53.79999923706055,44.54461669921875
2016-07-22,54.310001373291016,44.96687698364258
2016-07-25,53.70000076293945,44.461822509765625
2016-07-26,54.290000915527344,44.95032501220703
2016-07-27,54.59000015258789,45.198707580566406
2016-07-28,54.779998779296875,45.356021881103516
2016-07-29,55.65999984741211,46.084632873535156
2016-08-01,56.060001373291016,46.41582107543945
2016-08-02,55.2599983215332,45.75345230102539
2016-08-03,54.869998931884766,45.4305419921875
2016-08-04,55.130001068115234,45.645809173583984
2016-08-05,55.95000076293945,46.324745178222656
2016-08-08,56.33000183105469,46.63936996459961
2016-08-09,57.029998779296875,47.21895217895508
2016-08-10,57.27000045776367,47.41765594482422
2016-08-11,57.7400016784668,47.80680465698242
2016-08-12,57.209999084472656,47.367984771728516
2016-08-15,57.84000015258789,47.88960266113281
2016-08-16,57.59000015258789,47.68260955810547
2016-08-17,56.83000183105469,47.0533561706543
2016-08-18,57.650001525878906,47.7322883605957
2016-08-19,57.25,47.401100158691406
2016-08-22,56.52000045776367,46.796688079833984
2016-08-23,56.869998931884766,47.08646774291992
2016-08-24,56.79999923706055,47.02851867675781
2016-08-25,56.93000030517578,47.136146545410156
2016-08-26,56.209999084472656,46.540016174316406
2016-08-29,56.68000030517578,46.929161071777344
2016-08-30,56.70000076293945,46.94572448730469
2016-08-31,56.349998474121094,46.65592575073242
2016-09-01,56.61000061035156,46.8712043762207
2016-09-02,57.20000076293945,47.359703063964844
2016-09-06,58.970001220703125,48.8252067565918
2016-09-07,59.02000045776367,48.86660385131836
2016-09-08,58.34000015258789,48.303585052490234
2016-09-09,56.36000061035156,46.664207458496094
2016-09-12,56.4900016784668,46.77184295654297
2016-09-13,54.66999816894531,45.26494598388672
2016-09-14,54.90999984741211,45.46365737915039
2016-09-15,55.540000915527344,45.98527908325195
2016-09-16,55.20000076293945,45.70376968383789
2016-09-19,55.72999954223633,46.14258575439453
2016-09-20,56.220001220703125,46.54829788208008
2016-09-21,57.84000015258789,47.88960266113281
2016-09-22,58.29999923706055,48.27046585083008
2016-09-23,57.650001525878906,47.7322883605957
2016-09-26,57.029998779296875,47.21895217895508
2016-09-27,58.29999923706055,48.27046585083008
2016-09-28,58.630001068115234,48.54369354248047
2016-09-29,57.810001373291016,47.864768981933594
2016-09-30,58.130001068115234,48.12970733642578
2016-10-03,58.040000915527344,48.05519104003906
2016-10-04,56.91999816894531,47.12786865234375
2016-10-05,57.65999984741211,47.74056625366211
2016-10-06,57.959999084472656,47.988956451416016
2016-10-07,57.61000061035156,47.69916915893555
2016-10-10,58.20000076293945,48.18766784667969
2016-10-11,56.029998779296875,46.3909797668457
2016-10-12,56.09000015258789,46.44065475463867
2016-10-13,55.540000915527344,45.98527908325195
2016-10-14,55.36000061035156,45.836246490478516
2016-10-17,55.66999816894531,46.09291458129883
2016-10-18,56.599998474121094,46.86292266845703
2016-10-19,57.040000915527344,47.22722244262695
2016-10-20,56.40999984741211,46.70561599731445
2016-10-21,56.189998626708984,46.523460388183594
2016-10-24,56.470001220703125,46.75528335571289
2016-10-25,56.4900016784668,46.77184295654297
2016-10-26,55.58000183105469,46.018394470214844
2016-10-27,55.209999084472656,45.7120475769043
2016-10-28,55.25,45.74516677856445
2016-10-31,55.349998474121094,45.827964782714844
2016-11-01,54.900001525878906,45.45538330078125
2016-11-02,54.47999954223633,45.10763168334961
2016-11-03,54.540000915527344,45.15731430053711
2016-11-04,54.380001068115234,45.024837493896484
2016-11-07,55.7599983215332,46.16743087768555
2016-11-08,56.369998931884766,46.6724853515625
2016-11-09,53.72999954223633,44.48666000366211
2016-11-10,53.11000061035156,43.97331619262695
2016-11-11,52.849998474121094,43.75804138183594
2016-11-14,52.33000183105469,43.327510833740234
2016-11-15,52.90999984741211,43.8077278137207
2016-11-16,52.40999984741211,43.39374542236328
2016-11-17,52.38999938964844,43.37718200683594
2016-11-18,51.95000076293945,43.01287078857422
2016-11-21,52.15999984741211,43.186744689941406
2016-11-22,53.43000030517578,44.2382698059082
2016-11-23,52.79999923706055,43.716651916503906
2016-11-25,53.029998779296875,43.90707778930664
2016-11-28,53.029998779296875,43.90707778930664
2016-11-29,53.400001525878906,44.21343231201172
2016-11-30,53.2599983215332,44.09750747680664
2016-12-01,53.459999084472656,44.26310729980469
2016-12-02,53.290000915527344,44.122352600097656
2016-12-05,53.540000915527344,44.329341888427734
2016-12-06,53.790000915527344,44.53633499145508
2016-12-07,54.95000076293945,45.49677658081055
2016-12-08,55.40999984741211,45.877647399902344
2016-12-09,55.0,45.538177490234375
2016-12-12,55.060001373291016,45.587852478027344
2016-12-13,55.52000045776367,45.968719482421875
2016-12-14,54.060001373291016,44.759883880615234
2016-12-15,54.189998626708984,44.86751937866211
2016-12-16,54.22999954223633,44.900634765625
2016-12-19,54.2599983215332,44.92547607421875
2016-12-20,54.2599983215332,44.92547607421875
2016-12-21,53.349998474121094,44.703433990478516
2016-12-22,52.77000045776367,44.21742248535156
2016-12-23,53.09000015258789,44.48556900024414
2016-12-27,53.08000183105469,44.47719192504883
2016-12-28,52.9900016784668,44.40177917480469
2016-12-29,53.540000915527344,44.86263656616211
2016-12-30,53.220001220703125,44.5944938659668
2017-01-03,54.029998779296875,45.273216247558594
2017-01-04,54.400001525878906,45.583255767822266
2017-01-05,54.939998626708984,46.03573226928711
2017-01-06,54.34000015258789,45.53297805786133
2017-01-09,54.2400016784668,45.44918441772461
2017-01-10,54.470001220703125,45.641902923583984
2017-01-11,55.9900016784668,46.91555404663086
2017-01-12,56.720001220703125,47.527244567871094
2017-01-13,56.689998626708984,47.50210189819336
2017-01-17,57.08000183105469,47.828895568847656
2017-01-18,56.2599983215332,47.14179611206055
2017-01-19,56.15999984741211,47.05799865722656
2017-01-20,56.15999984741211,47.05799865722656
2017-01-23,56.959999084472656,47.72834014892578
2017-01-24,56.939998626708984,47.71159362792969
2017-01-25,57.560001373291016,48.231101989746094
2017-01-26,57.349998474121094,48.055137634277344
2017-01-27,57.20000076293945,47.92945098876953
2017-01-30,57.119998931884766,47.86241149902344
2017-01-31,57.880001068115234,48.499237060546875
2017-02-01,57.900001525878906,48.51599884033203
2017-02-02,58.439998626708984,48.968475341796875
2017-02-03,58.90999984741211,49.3623046875
2017-02-06,58.810001373291016,49.27851104736328
2017-02-07,58.22999954223633,48.792510986328125
2017-02-08,58.0099983215332,48.6081657409668
2017-02-09,58.06999969482422,48.658443450927734
2017-02-10,58.119998931884766,48.700340270996094
2017-02-13,58.08000183105469,48.66682815551758
2017-02-14,58.13999938964844,48.717105865478516
2017-02-15,58.79999923706055,49.2701301574707
2017-02-16,58.150001525878906,48.72548294067383
2017-02-17,57.970001220703125,48.57465362548828
2017-02-21,59.06999969482422,49.49637222290039
2017-02-22,59.20000076293945,49.60530471801758
2017-02-23,59.52000045776367,49.87343978881836
2017-02-24,59.06999969482422,49.49637222290039
2017-02-27,58.66999816894531,49.16120147705078
2017-02-28,58.560001373291016,49.069034576416016
2017-03-01,58.95000076293945,49.395816802978516
2017-03-02,58.15999984741211,48.733863830566406
2017-03-03,57.72999954223633,48.37355422973633
2017-03-06,57.689998626708984,48.34003448486328
2017-03-07,58.06999969482422,48.658443450927734
2017-03-08,57.83000183105469,48.457340240478516
2017-03-09,57.439998626708984,48.130550384521484
2017-03-10,58.36000061035156,48.90144348144531
2017-03-13,59.310001373291016,49.697479248046875
2017-03-14,59.349998474121094,49.730987548828125
2017-03-15,61.310001373291016,51.37333297729492
2017-03-16,61.15999984741211,51.24764633178711
2017-03-17,61.290000915527344,51.356571197509766
2017-03-20,62.25,52.16098403930664
2017-03-21,61.83000183105469,51.809051513671875
2017-03-22,62.349998474121094,52.24477005004883
2017-03-23,62.08000183105469,52.01853561401367
2017-03-24,62.470001220703125,52.3453369140625
2017-03-27,62.439998626708984,52.320194244384766
2017-03-28,62.400001525878906,52.28667449951172
2017-03-29,62.5099983215332,52.378841400146484
2017-03-30,62.150001525878906,52.07719039916992
2017-03-31,61.869998931884766,51.842567443847656
2017-04-03,62.06999969482422,52.010154724121094
2017-04-04,61.5099983215332,51.540916442871094
2017-04-05,61.040000915527344,51.147090911865234
2017-04-06,60.849998474121094,50.98788070678711
2017-04-07,60.349998474121094,50.56892013549805
2017-04-10,59.52000045776367,49.87343978881836
2017-04-11,59.11000061035156,49.52989196777344
2017-04-12,59.70000076293945,50.02427291870117
2017-04-13,59.91999816894531,50.2086067199707
2017-04-17,60.52000045776367,50.711368560791016
2017-04-18,59.560001373291016,49.90695571899414
2017-04-19,59.33000183105469,49.7142333984375
2017-04-20,60.4900016784668,50.68622970581055
2017-04-21,60.959999084472656,51.080055236816406
2017-04-24,61.380001068115234,51.431983947753906
2017-04-25,62.33000183105469,52.22801971435547
2017-04-26,62.20000076293945,52.119083404541016
2017-04-27,62.119998931884766,52.05205154418945
2017-04-28,62.099998474121094,52.03529739379883
2017-05-01,62.45000076293945,52.328575134277344
2017-05-02,63.290000915527344,53.03242492675781
2017-05-03,62.84000015258789,52.65536117553711
2017-05-04,63.0099983215332,52.79780578613281
2017-05-05,63.40999984741211,53.13298034667969
2017-05-08,65.02999877929688,54.49041748046875
2017-05-09,65.63999938964844,55.001548767089844
2017-05-10,64.94000244140625,54.415016174316406
2017-05-11,65.98999786376953,55.29482650756836
2017-05-12,65.87999725341797,55.202659606933594
2017-05-15,66.51000213623047,55.73055648803711
2017-05-16,66.58000183105469,55.78920364379883
2017-05-17,65.41000366210938,54.808837890625
2017-05-18,65.47000122070312,54.859107971191406
2017-05-19,66.7699966430664,55.948402404785156
2017-05-22,67.06999969482422,56.19979476928711
2017-05-23,66.80000305175781,55.97355651855469
2017-05-24,67.22000122070312,56.32548141479492
2017-05-25,67.91999816894531,56.91202926635742
2017-05-26,68.44000244140625,57.34775924682617
2017-05-30,67.4800033569336,56.54334259033203
2017-05-31,67.72000122070312,56.744449615478516
2017-06-01,67.73999786376953,56.76121139526367
2017-06-02,68.66000366210938,57.532100677490234
2017-06-05,68.5,57.398033142089844
2017-06-06,68.5,57.398033142089844
2017-06-07,67.81999969482422,56.82823181152344
2017-06-08,68.29000091552734,57.22206115722656
2017-06-09,67.94000244140625,56.92878341674805
2017-06-12,67.2300033569336,56.3338623046875
2017-06-13,68.13999938964844,57.09637451171875
2017-06-14,68.52999877929688,57.42316818237305
2017-06-15,67.4000015258789,56.47631072998047
2017-06-16,67.2699966430664,56.36738204956055
2017-06-19,67.66999816894531,56.70254898071289
2017-06-20,66.87999725341797,56.040584564208984
2017-06-21,66.83999633789062,56.0070686340332
2017-06-22,67.44999694824219,56.51820373535156
2017-06-23,68.04000091552734,57.0125846862793
2017-06-26,68.37999725341797,57.2974739074707
2017-06-27,67.73999786376953,56.76121139526367
2017-06-28,68.16000366210938,57.11314010620117
2017-06-29,67.33999633789062,56.42603302001953
2017-06-30,67.80999755859375,56.819862365722656
2017-07-03,67.80000305175781,56.811485290527344
2017-07-05,67.30999755859375,56.400901794433594
2017-07-06,66.55000305175781,55.76407241821289
2017-07-07,66.94999694824219,56.0992431640625
2017-07-10,67.38999938964844,56.467933654785156
2017-07-11,67.51000213623047,56.568477630615234
2017-07-12,68.69999694824219,57.565608978271484
2017-07-13,69.11000061035156,57.90916061401367
2017-07-14,70.43000030517578,59.015220642089844
2017-07-17,70.0199966430664,58.67167282104492
2017-07-18,70.45999908447266,59.04035949707031
2017-07-19,70.70999908447266,59.24985122680664
2017-07-20,70.94999694824219,59.45094680786133
2017-07-21,71.45999908447266,59.878299713134766
2017-07-24,71.6500015258789,60.03750228881836
2017-07-25,71.18000030517578,59.6436767578125
2017-07-26,71.56999969482422,59.970462799072266
2017-07-27,70.98999786376953,59.484466552734375
2017-07-28,69.63999938964844,58.353267669677734
2017-07-31,69.69999694824219,58.40353775024414
2017-08-01,70.25,58.864402770996094
2017-08-02,70.12000274658203,58.75547790527344
2017-08-03,68.68000030517578,57.548851013183594
2017-08-04,69.18000030517578,57.96782684326172
2017-08-07,69.4000015258789,58.152164459228516
2017-08-08,68.80999755859375,57.65778350830078
2017-08-09,67.47000122070312,56.53496170043945
2017-08-10,65.80999755859375,55.144004821777344
2017-08-11,66.0199966430664,55.31996154785156
2017-08-14,67.30000305175781,56.392520904541016
2017-08-15,67.62000274658203,56.660648345947266
2017-08-16,67.68000030517578,56.71092987060547
2017-08-17,66.7699966430664,55.948402404785156
2017-08-18,67.44999694824219,56.51820373535156
2017-08-21,67.44000244140625,56.509822845458984
2017-08-22,68.51000213623047,57.40641403198242
2017-08-23,68.37000274658203,57.28909683227539
2017-08-24,68.8499984741211,57.69130325317383
2017-08-25,69.30000305175781,58.06837463378906
2017-08-28,69.0999984741211,57.90078353881836
2017-08-29,68.52999877929688,57.42316818237305
2017-08-30,68.62999725341797,57.506961822509766
2017-08-31,68.47000122070312,57.372894287109375
2017-09-01,68.66000366210938,57.532100677490234
2017-09-05,66.7300033569336,55.91490173339844
2017-09-06,66.94999694824219,56.0992431640625
2017-09-07,67.81999969482422,56.82823181152344
2017-09-08,67.3499984741211,56.43441390991211
2017-09-11,68.45999908447266,57.36450958251953
2017-09-12,68.30999755859375,57.23882293701172
2017-09-13,67.93000030517578,56.92041015625
2017-09-14,68.30999755859375,57.23882293701172
2017-09-15,68.7300033569336,57.59074783325195
2017-09-18,69.83999633789062,58.520843505859375
2017-09-19,70.06999969482422,58.71357727050781
2017-09-20,69.69999694824219,58.40353775024414
2017-09-21,69.69000244140625,58.39515686035156
2017-09-22,69.33000183105469,58.093509674072266
2017-09-25,68.87999725341797,57.716434478759766
2017-09-26,68.69999694824219,57.565608978271484
2017-09-27,68.1500015258789,57.104759216308594
2017-09-28,68.05999755859375,57.02933120727539
2017-09-29,69.05999755859375,57.867271423339844
2017-10-02,69.22000122070312,58.0013427734375
2017-10-03,69.87999725341797,58.55436325073242
2017-10-04,69.97000122070312,58.629783630371094
2017-10-05,70.5,59.07388687133789
2017-10-06,70.2300033569336,58.84764862060547
2017-10-09,70.18000030517578,58.805755615234375
2017-10-10,71.06999969482422,59.5515022277832
2017-10-11,71.77999877929688,60.14642333984375
2017-10-12,72.20999908447266,60.50674057006836
2017-10-13,72.83999633789062,61.034637451171875
2017-10-16,72.36000061035156,60.63242721557617
2017-10-17,72.3499984741211,60.62404251098633
2017-10-18,72.5199966430664,60.76649475097656
2017-10-19,72.02999877929688,60.35591125488281
2017-10-20,72.58000183105469,60.816776275634766
2017-10-23,72.36000061035156,60.63242721557617
2017-10-24,72.72000122070312,60.93408966064453
2017-10-25,72.69000244140625,60.90895080566406
2017-10-26,72.3499984741211,60.62404251098633
2017-10-27,73.5199966430664,61.60441207885742
2017-10-30,73.12999725341797,61.27763366699219
2017-10-31,74.76000213623047,62.643455505371094
2017-11-01,76.2300033569336,63.875213623046875
2017-11-02,75.87000274658203,63.57355880737305
2017-11-03,75.79000091552734,63.506526947021484
2017-11-06,75.91999816894531,63.61544418334961
2017-11-07,74.9800033569336,62.82780456542969
2017-11-08,75.77999877929688,63.498130798339844
2017-11-09,74.70999908447266,62.60155487060547
2017-11-10,74.41000366210938,62.350189208984375
2017-11-13,74.2300033569336,62.19935989379883
2017-11-14,74.3499984741211,62.29990005493164
2017-11-15,74.80000305175781,62.67696762084961
2017-11-16,76.66999816894531,64.243896484375
2017-11-17,76.22000122070312,63.86683654785156
2017-11-20,76.33000183105469,63.95899963378906
2017-11-21,77.0999984741211,64.60420227050781
2017-11-22,77.41000366210938,64.86396789550781
2017-11-24,77.4000015258789,64.85558319091797
2017-11-27,75.51000213623047,63.27189636230469
2017-11-28,76.63999938964844,64.21875762939453
2017-11-29,76.12000274658203,63.78303909301758
2017-11-30,75.1500015258789,62.970245361328125
2017-12-01,75.06999969482422,62.903202056884766
2017-12-04,75.33999633789062,63.129451751708984
2017-12-05,75.5999984741211,63.34730529785156
2017-12-06,74.33999633789062,62.29151916503906
2017-12-07,74.27999877929688,62.24125289916992
2017-12-08,74.4800033569336,62.408843994140625
2017-12-11,74.6500015258789,62.5512809753418
2017-12-12,74.36000061035156,62.30828857421875
2017-12-13,75.55999755859375,63.31379318237305
2017-12-14,75.06999969482422,62.903202056884766
2017-12-15,75.08999633789062,62.91996383666992
2017-12-18,75.48999786376953,63.25514602661133
2017-12-19,72.8499984741211,62.854801177978516
2017-12-20,73.0999984741211,63.070499420166016
2017-12-21,71.94999694824219,62.07827377319336
2017-12-22,72.56999969482422,62.61322021484375
2017-12-26,72.30000305175781,62.380252838134766
2017-12-27,73.37999725341797,63.31208419799805
2017-12-28,74.79000091552734,64.52862548828125
2017-12-29,74.93000030517578,64.64942932128906
2018-01-02,75.87000274658203,65.46045684814453
2018-01-03,76.54000091552734,66.03852844238281
2018-01-04,75.98999786376953,65.5639877319336
2018-01-05,76.98999786376953,66.4267807006836
2018-01-08,77.06999969482422,66.49580383300781
2018-01-09,76.76000213623047,66.22834014892578
2018-01-10,76.38999938964844,65.90910339355469
2018-01-11,77.11000061035156,66.53031921386719
2018-01-12,77.9000015258789,67.2119369506836
2018-01-16,77.51000213623047,66.87544250488281
2018-01-17,77.87000274658203,67.18604278564453
2018-01-18,77.29000091552734,66.68561553955078
2018-01-19,77.68000030517578,67.02210998535156
2018-01-22,76.83999633789062,66.29736328125
2018-01-23,77.12000274658203,66.53895568847656
2018-01-24,77.9000015258789,67.2119369506836
2018-01-25,78.30999755859375,67.565673828125
2018-01-26,79.04000091552734,68.19552612304688
2018-01-29,78.62999725341797,67.8417739868164
2018-01-30,77.66000366210938,67.0048599243164
2018-01-31,78.23999786376953,67.5052719116211
2018-02-01,77.1500015258789,66.56483459472656
2018-02-02,74.04000091552734,63.88152313232422
2018-02-05,71.8499984741211,61.992008209228516
2018-02-06,74.66000366210938,64.41646575927734
2018-02-07,71.19000244140625,61.42256546020508
2018-02-08,68.93000030517578,59.47262954711914
2018-02-09,70.56999969482422,60.88761901855469
2018-02-12,71.5,61.690032958984375
2018-02-13,71.76000213623047,61.914344787597656
2018-02-14,73.87999725341797,63.74348449707031
2018-02-15,75.52999877929688,65.16709899902344
2018-02-16,75.73999786376953,65.34828186035156
2018-02-20,72.94000244140625,62.93244552612305
2018-02-21,72.75,62.768524169921875
2018-02-22,72.7300033569336,62.75127029418945
2018-02-23,74.27999877929688,64.08860778808594
2018-02-26,75.12000274658203,64.81336212158203
2018-02-27,73.05999755859375,63.03599166870117
2018-02-28,72.08999633789062,62.199073791503906
2018-03-01,71.72000122070312,61.87983322143555
2018-03-02,72.30000305175781,62.380252838134766
2018-03-05,71.94999694824219,62.07827377319336
2018-03-06,74.48999786376953,64.26979064941406
2018-03-07,74.29000091552734,64.09722900390625
2018-03-08,74.05000305175781,63.89017105102539
2018-03-09,76.19999694824219,65.74517059326172
2018-03-12,76.19999694824219,65.74517059326172
2018-03-13,75.79000091552734,65.39143371582031
2018-03-14,76.41000366210938,65.92636108398438
2018-03-15,76.1500015258789,65.70203399658203
2018-03-16,76.27999877929688,65.81420135498047
2018-03-19,74.8499984741211,64.58039855957031
2018-03-20,75.8499984741211,65.44318389892578
2018-03-21,76.48999786376953,65.9953842163086
2018-03-22,74.27999877929688,64.08860778808594
2018-03-23,71.83000183105469,61.974754333496094
2018-03-26,74.43000030517578,64.21802520751953
2018-03-27,72.97000122070312,62.95833206176758
2018-03-28,73.83999633789062,63.70896911621094
2018-03-29,75.44999694824219,65.09807586669922
2018-04-02,74.18000030517578,64.00233459472656
2018-04-03,75.55999755859375,65.19297790527344
2018-04-04,74.58999633789062,64.3560791015625
2018-04-05,74.7300033569336,64.47686004638672
2018-04-06,73.16999816894531,63.130889892578125
2018-04-09,73.87999725341797,63.74348449707031
2018-04-10,74.69999694824219,64.45097351074219
2018-04-11,74.18000030517578,64.00233459472656
2018-04-12,74.29000091552734,64.09722900390625
2018-04-13,74.33999633789062,64.14036560058594
2018-04-16,74.62000274658203,64.3819580078125
2018-04-17,74.94999694824219,64.66667175292969
2018-04-18,75.83000183105469,65.42593383789062
2018-04-19,75.38999938964844,65.04631042480469
2018-04-20,74.5199966430664,64.2956771850586
2018-04-23,74.12000274658203,63.9505615234375
2018-04-24,73.26000213623047,63.208553314208984
2018-04-25,73.30000305175781,63.24306869506836
2018-04-26,75.19999694824219,64.88236999511719
2018-04-27,76.08999633789062,65.65026092529297
2018-04-30,75.5999984741211,65.22748565673828
2018-05-01,75.19999694824219,64.88236999511719
2018-05-02,74.31999969482422,64.12311553955078
2018-05-03,74.47000122070312,64.2525405883789
2018-05-04,74.31999969482422,64.12311553955078
2018-05-07,73.47000122070312,63.389747619628906
2018-05-08,73.3499984741211,63.28620147705078
2018-05-09,73.38999938964844,63.320709228515625
2018-05-10,75.0,64.7098159790039
2018-05-11,74.97000122070312,64.68392944335938
2018-05-14,74.5,64.27841186523438
2018-05-15,72.93000030517578,62.92382049560547
2018-05-16,73.6500015258789,63.545047760009766
2018-05-17,73.11000061035156,63.079132080078125
2018-05-18,72.98999786376953,62.97559356689453
2018-05-21,73.41999816894531,63.34660720825195
2018-05-22,73.70999908447266,63.5968132019043
2018-05-23,74.44000244140625,64.22664642333984
2018-05-24,73.4800033569336,63.398372650146484
2018-05-25,74.12000274658203,63.9505615234375
2018-05-29,72.66999816894531,62.69950866699219
2018-05-30,72.5199966430664,62.57007598876953
2018-05-31,72.13999938964844,62.24221420288086
2018-06-01,73.4800033569336,63.398372650146484
2018-06-04,73.77999877929688,63.657203674316406
2018-06-05,73.2699966430664,63.21717071533203
2018-06-06,74.5,64.27841186523438
2018-06-07,74.01000213623047,63.855655670166016
2018-06-08,73.47000122070312,63.389747619628906
2018-06-11,73.80000305175781,63.674461364746094
2018-06-12,73.0999984741211,63.070499420166016
2018-06-13,72.66999816894531,62.69950866699219
2018-06-14,71.7300033569336,61.88847351074219
2018-06-15,70.19999694824219,60.56838607788086
2018-06-18,69.37000274658203,59.85227584838867
2018-06-19,67.87000274658203,58.55807113647461
2018-06-20,68.37000274658203,58.98946762084961
2018-06-21,67.08000183105469,57.876461029052734
2018-06-22,68.08000183105469,58.7392578125
2018-06-25,67.81999969482422,58.514923095703125
2018-06-26,67.56999969482422,58.299232482910156
2018-06-27,66.79000091552734,57.626251220703125
2018-06-28,66.87999725341797,57.70389938354492
2018-06-29,67.70999908447266,58.420021057128906
2018-07-02,66.2300033569336,57.14308547973633
2018-07-03,65.73999786376953,56.720306396484375
2018-07-05,65.58999633789062,56.59088897705078
2018-07-06,66.16000366210938,57.08269119262695
2018-07-09,67.12000274658203,57.91096878051758
2018-07-10,67.0199966430664,57.82469177246094
2018-07-11,65.66000366210938,56.65128707885742
2018-07-12,65.91000366210938,56.86698532104492
2018-07-13,66.19999694824219,57.117191314697266
2018-07-16,66.16999816894531,57.091312408447266
2018-07-17,66.51000213623047,57.38467025756836
2018-07-18,66.19000244140625,57.10857009887695
2018-07-19,65.26000213623047,56.30616760253906
2018-07-20,66.33000183105469,57.229366302490234
2018-07-23,64.9800033569336,56.06459045410156
2018-07-24,65.95999908447266,56.910125732421875
2018-07-25,66.72000122070312,57.56585693359375
2018-07-26,66.2699966430664,57.17759323120117
2018-07-27,66.58000183105469,57.4450569152832
2018-07-30,66.55999755859375,57.42780303955078
2018-07-31,67.26000213623047,58.03176498413086
2018-08-01,66.81999969482422,57.65213394165039
2018-08-02,65.36000061035156,56.392452239990234
2018-08-03,65.95999908447266,56.910125732421875
2018-08-06,65.66999816894531,56.65991973876953
2018-08-07,66.80000305175781,57.63488006591797
2018-08-08,66.68000030517578,57.531341552734375
2018-08-09,66.4000015258789,57.289756774902344
2018-08-10,64.70999908447266,55.831626892089844
2018-08-13,63.720001220703125,54.97745895385742
2018-08-14,64.73999786376953,55.857513427734375
2018-08-15,63.29999923706055,54.61508560180664
2018-08-16,63.93000030517578,55.15864562988281
2018-08-17,64.62999725341797,55.76259994506836
2018-08-20,64.6500015258789,55.77986145019531
2018-08-21,65.87000274658203,56.832489013671875
2018-08-22,66.0199966430664,56.96188735961914
2018-08-23,65.25,56.29753875732422
2018-08-24,66.7699966430664,57.60898208618164
2018-08-27,67.45999908447266,58.20432662963867
2018-08-28,67.38999938964844,58.1439323425293
2018-08-29,67.43000030517578,58.178436279296875
2018-08-30,66.76000213623047,57.60036849975586
2018-08-31,67.31999969482422,58.08353042602539
2018-09-04,66.76000213623047,57.60036849975586
2018-09-05,65.86000061035156,56.8238525390625
2018-09-06,65.5999984741211,56.59951400756836
2018-09-07,64.9000015258789,55.99556350708008
2018-09-10,65.0,56.081844329833984
2018-09-11,65.4000015258789,56.426971435546875
2018-09-12,65.61000061035156,56.60814666748047
2018-09-13,66.23999786376953,57.151710510253906
2018-09-14,66.62000274658203,57.479576110839844
2018-09-17,65.62999725341797,56.62540054321289
2018-09-18,66.55999755859375,57.42780303955078
2018-09-19,66.5999984741211,57.462318420410156
2018-09-20,67.6500015258789,58.36825180053711
2018-09-21,67.87999725341797,58.56669235229492
2018-09-24,67.47000122070312,58.212947845458984
2018-09-25,67.8499984741211,58.540809631347656
2018-09-26,67.91999816894531,58.6012077331543
2018-09-27,68.5199966430664,59.11888885498047
2018-09-28,68.2699966430664,58.9031867980957
2018-10-01,67.94999694824219,58.6270866394043
2018-10-02,66.88999938964844,57.712528228759766
2018-10-03,66.1500015258789,57.074058532714844
2018-10-04,64.33999633789062,55.51239013671875
2018-10-05,64.37000274658203,55.53828048706055
2018-10-08,64.20999908447266,55.400230407714844
2018-10-09,63.90999984741211,55.14139175415039
2018-10-10,62.02000045776367,53.51070785522461
2018-10-11,60.709999084472656,52.380435943603516
2018-10-12,62.099998474121094,53.57973098754883
2018-10-15,61.41999816894531,52.993019104003906
2018-10-16,62.63999938964844,54.04563522338867
2018-10-17,62.25,53.70914840698242
2018-10-18,60.599998474121094,52.28553771972656
2018-10-19,61.459999084472656,53.02753448486328
2018-10-22,61.540000915527344,53.09656524658203
2018-10-23,60.43000030517578,52.13885498046875
2018-10-24,58.40999984741211,50.395999908447266
2018-10-25,59.34000015258789,51.19840621948242
2018-10-26,57.689998626708984,49.7747917175293
2018-10-29,56.849998474121094,49.050045013427734
2018-10-30,58.02000045776367,50.059513092041016
2018-10-31,58.27000045776367,50.27521514892578
2018-11-01,59.5099983215332,51.34507369995117
2018-11-02,60.779998779296875,52.44083023071289
2018-11-05,60.5099983215332,52.20787811279297
2018-11-06,61.04999923706055,52.673789978027344
2018-11-07,61.95000076293945,53.450313568115234
2018-11-08,60.70000076293945,52.37181091308594
2018-11-09,59.38999938964844,51.24154281616211
2018-11-12,58.52000045776367,50.49091720581055
2018-11-13,59.349998474121094,51.20703125
2018-11-14,59.119998931884766,51.00858688354492
2018-11-15,60.619998931884766,52.30278778076172
2018-11-16,60.84000015258789,52.49259948730469
2018-11-19,59.95000076293945,51.72471237182617
2018-11-20,58.900001525878906,50.81877899169922
2018-11-21,59.68000030517578,51.49176025390625
2018-11-23,58.61000061035156,50.56856918334961
2018-11-26,60.22999954223633,51.9662971496582
2018-11-27,60.560001373291016,52.25102233886719
2018-11-28,61.86000061035156,53.372657775878906
2018-11-29,61.2400016784668,52.83772277832031
2018-11-30,60.619998931884766,52.30278778076172
2018-12-03,62.29999923706055,53.752288818359375
2018-12-04,60.7599983215332,52.42357635498047
2018-12-06,60.290000915527344,52.01805877685547
2018-12-07,58.97999954223633,50.88779830932617
2018-12-10,59.040000915527344,50.939571380615234
2018-12-11,58.95000076293945,50.86191177368164
2018-12-12,59.970001220703125,51.741966247558594
2018-12-13,59.83000183105469,51.62117385864258
2018-12-14,58.720001220703125,50.66347122192383
2018-12-17,58.38999938964844,50.378746032714844
2018-12-18,58.40999984741211,51.087196350097656
2018-12-19,57.7400016784668,50.501197814941406
2018-12-20,58.25,50.9472541809082
2018-12-21,57.939998626708984,50.67612075805664
2018-12-24,57.4900016784668,50.28253936767578
2018-12-26,58.560001373291016,51.21839904785156
2018-12-27,58.68000030517578,51.32334899902344
2018-12-28,59.16999816894531,51.751914978027344
2018-12-31,58.86000061035156,51.48078536987305
2019-01-02,58.06999969482422,50.789825439453125
2019-01-03,56.81999969482422,49.69654083251953
2019-01-04,58.619998931884766,51.2708740234375
2019-01-07,58.84000015258789,51.463294982910156
2019-01-08,58.18000030517578,50.88603973388672
2019-01-09,59.65999984741211,52.18049621582031
2019-01-10,59.900001525878906,52.390403747558594
2019-01-11,59.849998474121094,52.3466682434082
2019-01-14,59.16999816894531,51.751914978027344
2019-01-15,60.0099983215332,52.486610412597656
2019-01-16,61.02000045776367,53.369991302490234
2019-01-17,61.130001068115234,53.4661979675293
2019-01-18,61.45000076293945,53.74607849121094
2019-01-22,60.130001068115234,52.59157180786133
2019-01-23,60.959999084472656,53.317508697509766
2019-01-24,61.689998626708984,53.955989837646484
2019-01-25,63.459999084472656,55.504085540771484
2019-01-28,62.91999816894531,55.03178024291992
2019-01-29,63.2599983215332,55.32916259765625
2019-01-30,65.16000366210938,56.99095916748047
2019-01-31,64.72000122070312,56.60612487792969
2019-02-01,64.04000091552734,56.011375427246094
2019-02-04,64.25,56.195045471191406
2019-02-05,65.23999786376953,57.0609245300293
2019-02-06,64.63999938964844,56.53614807128906
2019-02-07,63.459999084472656,55.504085540771484
2019-02-08,62.66999816894531,54.81312561035156
2019-02-11,62.75,54.88309860229492
2019-02-12,63.52000045776367,55.55656433105469
2019-02-13,63.15999984741211,55.241695404052734
2019-02-14,63.54999923706055,55.582801818847656
2019-02-15,63.40999984741211,55.460357666015625
2019-02-19,63.650001525878906,55.67026901245117
2019-02-20,64.16999816894531,56.12507629394531
2019-02-21,63.869998931884766,55.8626823425293
2019-02-22,64.4800033569336,56.39621353149414
2019-02-25,64.69000244140625,56.57988357543945
2019-02-26,64.5,56.41370391845703
2019-02-27,64.3499984741211,56.282508850097656
2019-02-28,62.970001220703125,55.07551956176758
2019-03-01,63.04999923706055,55.14548873901367
2019-03-04,62.54999923706055,54.70816421508789
2019-03-05,62.400001525878906,54.57698059082031
2019-03-06,62.130001068115234,54.34082794189453
2019-03-07,61.09000015258789,53.431209564208984
2019-03-08,60.689998626708984,53.08135986328125
2019-03-11,61.290000915527344,53.606136322021484
2019-03-12,61.63999938964844,53.912254333496094
2019-03-13,61.2400016784668,53.562408447265625
2019-03-14,60.849998474121094,53.22129821777344
2019-03-15,62.0099983215332,54.23587417602539
2019-03-18,62.189998626708984,54.393306732177734
2019-03-19,62.04999923706055,54.27085494995117
2019-03-20,62.33000183105469,54.5157585144043
2019-03-21,62.880001068115234,54.99680709838867
2019-03-22,61.220001220703125,53.5449104309082
2019-03-25,61.25,53.57115173339844
2019-03-26,61.029998779296875,53.37873077392578
2019-03-27,60.36000061035156,52.79273223876953
2019-03-28,60.68000030517578,53.07261276245117
2019-03-29,60.95000076293945,53.30876541137695
2019-04-01,62.150001525878906,54.35832214355469
2019-04-02,62.0,54.22712707519531
2019-04-03,63.15999984741211,55.241695404052734
2019-04-04,63.279998779296875,55.34665298461914
2019-04-05,63.43000030517578,55.477848052978516
2019-04-08,63.029998779296875,55.12799835205078
2019-04-09,63.02000045776367,55.11924743652344
2019-04-10,63.4900016784668,55.53032302856445
2019-04-11,63.06999969482422,55.16298294067383
2019-04-12,63.95000076293945,55.932655334472656
2019-04-15,63.88999938964844,55.88018035888672
2019-04-16,64.16000366210938,56.116336822509766
2019-04-17,64.30000305175781,56.2387809753418
2019-04-18,63.290000915527344,55.35540008544922
2019-04-22,62.97999954223633,55.084259033203125
2019-04-23,63.220001220703125,55.2941780090332
2019-04-24,61.59000015258789,53.868526458740234
2019-04-25,61.2599983215332,53.579898834228516
2019-04-26,61.130001068115234,53.4661979675293
2019-04-29,62.06999969482422,54.28834915161133
2019-04-30,61.47999954223633,53.772315979003906
2019-05-01,61.0,53.35249328613281
2019-05-02,61.41999816894531,53.71983337402344
2019-05-03,61.439998626708984,53.737327575683594
2019-05-06,60.369998931884766,52.801475524902344
2019-05-07,59.29999923706055,51.86561965942383
2019-05-08,59.439998626708984,51.98807144165039
2019-05-09,57.560001373291016,50.34376525878906
2019-05-10,57.75,50.509944915771484
2019-05-13,55.61000061035156,48.63823699951172
2019-05-14,56.470001220703125,49.39042282104492
2019-05-15,56.7599983215332,49.644065856933594
2019-05-16,55.970001220703125,48.95309829711914
2019-05-17,55.27000045776367,48.340858459472656
2019-05-20,55.06999969482422,48.165931701660156
2019-05-21,55.779998779296875,48.78691864013672
2019-05-22,55.88999938964844,48.88313293457031
2019-05-23,55.36000061035156,48.41957473754883
2019-05-24,55.40999984741211,48.46330261230469
2019-05-28,55.459999084472656,48.50703811645508
2019-05-29,54.91999816894531,48.03473663330078
2019-05-30,55.59000015258789,48.62074279785156
2019-05-31,55.56999969482422,48.603248596191406
2019-06-03,56.619998931884766,49.521610260009766
2019-06-04,57.02000045776367,49.871463775634766
2019-06-05,56.45000076293945,49.372928619384766
2019-06-06,56.45000076293945,49.372928619384766
2019-06-07,56.959999084472656,49.8189811706543
2019-06-10,57.47999954223633,50.2737922668457
2019-06-11,57.959999084472656,50.69361877441406
2019-06-12,57.369998931884766,50.177581787109375
2019-06-13,57.060001373291016,49.90644836425781
2019-06-14,56.650001525878906,49.5478515625
2019-06-17,56.88999938964844,49.75775909423828
2019-06-18,58.290000915527344,50.98224639892578
2019-06-19,58.70000076293945,51.34083938598633
2019-06-20,59.630001068115234,52.15425109863281
2019-06-21,59.36000061035156,51.91809844970703
2019-06-24,59.47999954223633,52.02305603027344
2019-06-25,59.209999084472656,51.786903381347656
2019-06-26,59.7599983215332,52.26795196533203
2019-06-27,60.11000061035156,52.574073791503906
2019-06-28,59.869998931884766,52.36416244506836
2019-07-01,59.63999938964844,52.162994384765625
2019-07-02,59.20000076293945,51.778160095214844
2019-07-03,58.18000030517578,50.88603973388672
2019-07-05,57.79999923706055,50.55366897583008
2019-07-08,56.689998626708984,49.58283233642578
2019-07-09,56.47999954223633,49.399166107177734
2019-07-10,57.209999084472656,50.03764724731445
2019-07-11,57.459999084472656,50.25629806518555
2019-07-12,57.61000061035156,50.38750076293945
2019-07-15,57.41999816894531,50.2213134765625
2019-07-16,57.47999954223633,50.2737922668457
2019-07-17,56.970001220703125,49.827735900878906
2019-07-18,57.70000076293945,50.466217041015625
2019-07-19,57.720001220703125,50.483707427978516
2019-07-22,58.08000183105469,50.79857635498047
2019-07-23,58.08000183105469,50.79857635498047
2019-07-24,57.779998779296875,50.53618240356445
2019-07-25,56.9900016784668,49.84522247314453
2019-07-26,57.130001068115234,49.96767044067383
2019-07-29,56.43000030517578,49.355430603027344
2019-07-30,56.33000183105469,49.26797103881836
2019-07-31,55.400001525878906,48.454559326171875
2019-08-01,54.689998626708984,47.83357620239258
2019-08-02,53.75,47.01142501831055
2019-08-05,51.45000076293945,44.9997673034668
2019-08-06,51.83000183105469,45.33212661743164
2019-08-07,51.90999984741211,45.402099609375
2019-08-08,52.33000183105469,45.76944351196289
2019-08-09,52.13999938964844,45.603267669677734
2019-08-12,51.54999923706055,45.08723068237305
2019-08-13,52.439998626708984,45.86565017700195
2019-08-14,51.18000030517578,44.763614654541016
2019-08-15,51.459999084472656,45.00851821899414
2019-08-16,52.20000076293945,45.65574264526367
2019-08-19,52.119998931884766,45.58576965332031
2019-08-20,52.77000045776367,46.154273986816406
2019-08-21,53.43000030517578,46.73154067993164
2019-08-22,52.349998474121094,45.78693389892578
2019-08-23,51.66999816894531,45.19219207763672
2019-08-26,51.779998779296875,45.288394927978516
2019-08-27,51.900001525878906,45.39335632324219
2019-08-28,52.38999938964844,45.82191848754883
2019-08-29,52.75,46.136783599853516
2019-08-30,53.2599983215332,46.58285140991211
2019-09-03,53.06999969482422,46.41667556762695
2019-09-04,54.2599983215332,47.45747756958008
2019-09-05,55.130001068115234,48.21841049194336
2019-09-06,55.40999984741211,48.46330261230469
2019-09-09,55.790000915527344,48.7956657409668
2019-09-10,56.2400016784668,49.18925476074219
2019-09-11,56.79999923706055,49.679046630859375
2019-09-12,57.439998626708984,50.238807678222656
2019-09-13,58.029998779296875,50.75483322143555
2019-09-16,56.97999954223633,49.83647537231445
2019-09-17,57.040000915527344,49.888954162597656
2019-09-18,56.95000076293945,49.81024169921875
2019-09-19,56.869998931884766,49.740264892578125
2019-09-20,57.130001068115234,49.96767044067383
2019-09-23,57.34000015258789,50.15134811401367
2019-09-24,57.04999923706055,49.897701263427734
2019-09-25,56.5,49.41666030883789
2019-09-26,56.5099983215332,49.42539978027344
2019-09-27,55.43000030517578,48.480804443359375
2019-09-30,56.34000015258789,49.276710510253906
2019-10-01,56.040000915527344,49.01433181762695
2019-10-02,55.02000045776367,48.12220001220703
2019-10-03,55.7400016784668,48.75193405151367
2019-10-04,56.119998931884766,49.08428955078125
2019-10-07,55.779998779296875,48.78691864013672
2019-10-08,56.040000915527344,49.01433181762695
2019-10-09,56.36000061035156,49.29420852661133
2019-10-10,57.0,49.85396957397461
2019-10-11,57.81999969482422,50.5711669921875
2019-10-14,57.47999954223633,50.2737922668457
2019-10-15,58.150001525878906,50.859798431396484
2019-10-16,58.150001525878906,50.859798431396484
2019-10-17,58.40999984741211,51.087196350097656
2019-10-18,57.59000015258789,50.37000274658203
2019-10-21,58.619998931884766,51.2708740234375
2019-10-22,59.08000183105469,51.6732063293457
2019-10-23,59.02000045776367,51.620731353759766
2019-10-24,59.04999923706055,51.646968841552734
2019-10-25,59.150001525878906,51.73442459106445
2019-10-28,59.540000915527344,52.07552719116211
2019-10-29,59.29999923706055,51.86561965942383
2019-10-30,59.38999938964844,51.9443359375
2019-10-31,58.93000030517578,51.54200744628906
2019-11-01,60.09000015258789,52.556575775146484
2019-11-04,60.650001525878906,53.0463752746582
2019-11-05,61.380001068115234,53.684852600097656
2019-11-06,60.7599983215332,53.142581939697266
2019-11-07,61.5099983215332,53.79855728149414
2019-11-08,61.099998474121094,53.43995666503906
2019-11-11,60.279998779296875,52.72275924682617
2019-11-12,60.279998779296875,52.72275924682617
2019-11-13,59.72999954223633,52.2417106628418
2019-11-14,60.34000015258789,52.77524185180664
2019-11-15,61.540000915527344,53.824798583984375
2019-11-18,61.130001068115234,53.4661979675293
2019-11-19,60.72999954223633,53.1163444519043
2019-11-20,60.029998779296875,52.50410079956055
2019-11-21,58.95000076293945,51.55949783325195
2019-11-22,59.0099983215332,51.611976623535156
2019-11-25,59.970001220703125,52.451622009277344
2019-11-26,60.0099983215332,52.486610412597656
2019-11-27,59.81999969482422,52.320430755615234
2019-11-29,58.470001220703125,51.13968276977539
2019-12-02,58.099998474121094,50.81606674194336
2019-12-03,57.43000030517578,50.23006057739258
2019-12-04,57.540000915527344,50.326271057128906
2019-12-05,57.349998474121094,50.160091400146484
2019-12-06,58.130001068115234,50.84230422973633
2019-12-09,57.70000076293945,50.466217041015625
2019-12-10,58.22999954223633,50.92976379394531
2019-12-11,58.939998626708984,51.55075454711914
2019-12-12,61.029998779296875,53.37873077392578
2019-12-13,61.18000030517578,53.50992965698242
2019-12-16,60.310001373291016,53.90138626098633
2019-12-17,61.369998931884766,54.8487434387207
2019-12-18,61.36000061035156,54.839813232421875
2019-12-19,61.529998779296875,54.99174880981445
2019-12-20,61.91999816894531,55.34030532836914
2019-12-23,61.68000030517578,55.12580871582031
2019-12-24,61.209999084472656,54.705745697021484
2019-12-26,61.599998474121094,55.05430603027344
2019-12-27,62.4900016784668,55.849735260009766
2019-12-30,61.900001525878906,55.32243347167969
2019-12-31,62.189998626708984,55.58161163330078
2020-01-02,62.16999816894531,55.56373596191406
2020-01-03,60.90999984741211,54.43762969970703
2020-01-06,60.689998626708984,54.241004943847656
2020-01-07,61.34000015258789,54.821937561035156
2020-01-08,61.380001068115234,54.85768127441406
2020-01-09,61.959999084472656,55.37605667114258
2020-01-10,62.689998626708984,56.02848434448242
2020-01-13,64.08999633789062,57.27971267700195
2020-01-14,63.880001068115234,57.09203338623047
2020-01-15,63.16999816894531,56.45747756958008
2020-01-16,63.939998626708984,57.145652770996094
2020-01-17,64.04000091552734,57.23503494262695
2020-01-21,62.650001525878906,55.99273681640625
2020-01-22,63.88999938964844,57.10096740722656
2020-01-23,63.25,56.52897644042969
2020-01-24,62.900001525878906,56.21617126464844
2020-01-27,60.709999084472656,54.25887680053711
2020-01-28,60.65999984741211,54.214195251464844
2020-01-29,60.70000076293945,54.249942779541016
2020-01-30,59.349998474121094,53.04339599609375
2020-01-31,57.650001525878906,51.524044036865234
2020-02-03,58.58000183105469,52.355220794677734
2020-02-04,60.2400016784668,53.83882522583008
2020-02-05,60.79999923706055,54.33931350708008
2020-02-06,61.65999984741211,55.10792922973633
2020-02-07,60.45000076293945,54.026512145996094
2020-02-10,61.02000045776367,54.53593826293945
2020-02-11,61.91999816894531,55.34030532836914
2020-02-12,62.900001525878906,56.21617126464844
2020-02-13,61.83000183105469,55.259864807128906
2020-02-14,62.09000015258789,55.49223709106445
2020-02-18,61.08000183105469,54.58956527709961
2020-02-19,61.06999969482422,54.580623626708984
2020-02-20,59.209999084472656,52.918270111083984
2020-02-21,58.369998931884766,52.16753387451172
2020-02-24,55.31999969482422,49.44163131713867
2020-02-25,55.290000915527344,49.414817810058594
2020-02-26,55.959999084472656,50.01361846923828
2020-02-27,54.900001525878906,49.066261291503906
2020-02-28,54.959999084472656,49.1198844909668
2020-03-02,56.209999084472656,50.23705291748047
2020-03-03,55.529998779296875,49.629310607910156
2020-03-04,57.58000183105469,51.461483001708984
2020-03-05,56.31999969482422,50.335365295410156
2020-03-06,55.540000915527344,49.638248443603516
2020-03-09,52.47999954223633,46.903411865234375
2020-03-10,54.720001220703125,48.905391693115234
2020-03-11,52.040000915527344,46.510169982910156
2020-03-12,46.65999984741211,41.70185470581055
2020-03-13,49.72999954223633,44.44562530517578
2020-03-16,41.869998931884766,37.42084503173828
2020-03-17,44.88999938964844,40.119930267333984
2020-03-18,40.66999816894531,36.34835433959961
2020-03-19,39.0,34.855812072753906
2020-03-20,40.58000183105469,36.26791763305664
2020-03-23,38.970001220703125,34.829010009765625
2020-03-24,43.81999969482422,39.163631439208984
2020-03-25,46.18000030517578,41.27286148071289
2020-03-26,47.84000015258789,42.7564582824707
2020-03-27,45.310001373291016,40.495304107666016
2020-03-30,46.279998779296875,41.36222839355469
2020-03-31,46.91999816894531,41.93422317504883
2020-04-01,43.689998626708984,39.04745101928711
2020-04-02,45.880001068115234,41.00473403930664
2020-04-03,45.150001525878906,40.3523063659668
2020-04-06,48.290000915527344,43.15864562988281
2020-04-07,48.81999969482422,43.63233184814453
2020-04-08,49.08000183105469,43.86470413208008
2020-04-09,48.939998626708984,43.73957061767578
2020-04-13,48.66999816894531,43.498268127441406
2020-04-14,49.86000061035156,44.56181716918945
2020-04-15,48.34000015258789,43.20333480834961
2020-04-16,48.95000076293945,43.74850845336914
2020-04-17,50.77000045776367,45.37511444091797
2020-04-20,49.65999984741211,44.3830680847168
2020-04-21,48.209999084472656,43.08714294433594
2020-04-22,49.63999938964844,44.36519241333008
2020-04-23,49.7599983215332,44.472442626953125
2020-04-24,49.81999969482422,44.52606964111328
2020-04-27,51.18000030517578,45.74155044555664
2020-04-28,51.25,45.804107666015625
2020-04-29,52.68000030517578,47.082157135009766
2020-04-30,51.619998931884766,46.13479232788086
2020-05-01,49.84000015258789,44.543941497802734
2020-05-04,50.16999816894531,44.83887481689453
2020-05-05,50.45000076293945,45.08911895751953
2020-05-06,50.16999816894531,44.83887481689453
2020-05-07,51.06999969482422,45.64323806762695
2020-05-08,51.790000915527344,46.28673553466797
2020-05-11,50.84000015258789,45.43767547607422
2020-05-12,50.380001068115234,45.02655792236328
2020-05-13,50.470001220703125,45.10699462890625
2020-05-14,50.86000061035156,45.45555114746094
2020-05-15,49.900001525878906,44.59756851196289
2020-05-18,51.90999984741211,46.393978118896484
2020-05-19,51.95000076293945,46.429725646972656
2020-05-20,52.59000015258789,47.00172424316406
2020-05-21,51.9900016784668,46.465476989746094
2020-05-22,51.22999954223633,45.786231994628906
2020-05-26,53.0,47.36815643310547
2020-05-27,53.02000045776367,47.38603210449219
2020-05-28,52.619998931884766,47.028533935546875
2020-05-29,53.560001373291016,47.86865234375
2020-06-01,54.939998626708984,49.10200881958008
2020-06-02,56.279998779296875,50.29961395263672
2020-06-03,58.630001068115234,52.39990997314453
2020-06-04,57.470001220703125,51.36316680908203
2020-06-05,59.970001220703125,53.59751510620117
2020-06-08,60.22999954223633,53.829891204833984
2020-06-09,59.36000061035156,53.05233383178711
2020-06-10,60.02000045776367,53.6422004699707
2020-06-11,56.720001220703125,50.69286346435547
2020-06-12,57.47999954223633,51.37210464477539
2020-06-15,55.5,49.60249710083008
2020-06-16,56.779998779296875,50.746490478515625
2020-06-17,57.41999816894531,51.318477630615234
2020-06-18,57.2400016784668,51.15761184692383
2020-06-19,56.75,50.71967315673828
2020-06-22,57.720001220703125,51.586605072021484
2020-06-23,57.709999084472656,51.577667236328125
2020-06-24,57.5,51.38998031616211
2020-06-25,57.400001525878906,51.30060577392578
2020-06-26,57.06999969482422,51.00566864013672
2020-06-29,57.20000076293945,51.12186050415039
2020-06-30,57.130001068115234,51.059295654296875
2020-07-01,57.459999084472656,51.35422897338867
2020-07-02,58.38999938964844,52.18540954589844
2020-07-06,60.130001068115234,53.740516662597656
2020-07-07,58.810001373291016,52.56077575683594
2020-07-08,59.18000030517578,52.891456604003906
2020-07-09,58.81999969482422,52.5697135925293
2020-07-10,58.43000030517578,52.221153259277344
2020-07-13,58.52000045776367,52.30159378051758
2020-07-14,59.04999923706055,52.7752799987793
2020-07-15,59.5099983215332,53.1863899230957
2020-07-16,58.90999984741211,52.650150299072266
2020-07-17,59.439998626708984,53.123836517333984
2020-07-20,59.75,53.40089416503906
2020-07-21,60.099998474121094,53.71369934082031
2020-07-22,59.869998931884766,53.508140563964844
2020-07-23,58.9900016784668,52.72165298461914
2020-07-24,58.90999984741211,52.650150299072266
2020-07-27,60.08000183105469,53.69582748413086
2020-07-28,60.22999954223633,53.829891204833984
2020-07-29,61.38999938964844,54.86661911010742
2020-07-30,60.86000061035156,54.392940521240234
2020-07-31,60.2599983215332,53.85669708251953
2020-08-03,60.970001220703125,54.49125289916992
2020-08-04,61.7400016784668,55.1794319152832
2020-08-05,63.2400016784668,56.520042419433594
2020-08-06,64.04000091552734,57.23503494262695
2020-08-07,63.849998474121094,57.06521987915039
2020-08-10,65.23999786376953,58.30751419067383
2020-08-11,65.80999755859375,58.81694793701172
2020-08-12,66.87999725341797,59.77324676513672
2020-08-13,66.52999877929688,59.46044158935547
2020-08-14,65.86000061035156,58.86164093017578
2020-08-17,66.5999984741211,59.52299880981445
2020-08-18,64.5199966430664,57.66402816772461
2020-08-19,64.33999633789062,57.503150939941406
2020-08-20,62.45000076293945,55.81399154663086
2020-08-21,62.72999954223633,56.064231872558594
2020-08-24,63.56999969482422,56.814971923828125
2020-08-25,64.5199966430664,57.66402816772461
2020-08-26,64.93000030517578,58.03046417236328
2020-08-27,63.790000915527344,57.011600494384766
2020-08-28,64.62999725341797,57.762332916259766
2020-08-31,63.06999969482422,56.368106842041016
2020-09-01,63.97999954223633,57.1814079284668
2020-09-02,63.97999954223633,57.1814079284668
2020-09-03,63.29999923706055,56.573665618896484
2020-09-04,63.7400016784668,56.96691131591797
2020-09-08,63.77000045776367,56.99372482299805
2020-09-09,64.61000061035156,57.74446487426758
2020-09-10,63.810001373291016,57.029476165771484
2020-09-11,64.5,57.64615249633789
2020-09-14,65.83999633789062,58.8437614440918
2020-09-15,66.5999984741211,59.52299880981445
2020-09-16,66.62999725341797,59.54981231689453
2020-09-17,66.43000030517578,59.37106704711914
2020-09-18,66.04000091552734,59.02251052856445
2020-09-21,65.47000122070312,58.51307678222656
2020-09-22,64.44999694824219,57.601463317871094
2020-09-23,63.43000030517578,56.689849853515625
2020-09-24,62.79999923706055,56.126792907714844
2020-09-25,63.0,56.305538177490234
2020-09-28,64.3499984741211,57.512088775634766
2020-09-29,64.52999877929688,57.67296600341797
2020-09-30,65.33999633789062,58.39689254760742
2020-10-01,66.01000213623047,58.995697021484375
2020-10-02,65.19000244140625,58.26283645629883
2020-10-05,66.62999725341797,59.54981231689453
2020-10-06,65.80000305175781,58.808013916015625
2020-10-07,67.37000274658203,60.211185455322266
2020-10-08,67.70999908447266,60.51504898071289
2020-10-09,68.33999633789062,61.078102111816406
2020-10-12,67.98999786376953,60.765289306640625
2020-10-13,67.41999816894531,60.2558708190918
2020-10-14,66.88999938964844,59.78218078613281
2020-10-15,66.55000305175781,59.47831726074219
2020-10-16,66.55000305175781,59.47831726074219
2020-10-19,66.44999694824219,59.388938903808594
2020-10-20,67.27999877929688,60.130741119384766
2020-10-21,67.69999694824219,60.5061149597168
2020-10-22,67.36000061035156,60.20224380493164
2020-10-23,68.30000305175781,61.0423583984375
2020-10-26,67.16999816894531,60.032432556152344
2020-10-27,67.04000091552734,59.91624450683594
2020-10-28,66.02999877929688,59.01356887817383
2020-10-29,66.36000061035156,59.308502197265625
2020-10-30,64.9000015258789,58.0036506652832
2020-11-02,66.0199966430664,59.004634857177734
2020-11-03,67.44999694824219,60.28268051147461
2020-11-04,68.81999969482422,61.507102966308594
2020-11-05,70.44999694824219,62.96389389038086
2020-11-06,70.22000122070312,62.75833511352539
2020-11-09,70.91000366210938,63.37501907348633
2020-11-10,71.55999755859375,63.955936431884766
2020-11-11,72.51000213623047,64.80500030517578
2020-11-12,71.80999755859375,64.17937469482422
2020-11-13,73.54000091552734,65.72555541992188
2020-11-16,74.93000030517578,66.96784210205078
2020-11-17,74.87999725341797,66.92315673828125
2020-11-18,74.83999633789062,66.88739776611328
2020-11-19,74.5999984741211,66.67291259765625
2020-11-20,74.66000366210938,66.7265396118164
2020-11-23,76.11000061035156,68.02246856689453
2020-11-24,77.37999725341797,69.15750122070312
2020-11-25,76.7300033569336,68.57657623291016
2020-11-27,77.86000061035156,69.58650970458984
2020-11-30,76.41999816894531,68.29952239990234
2020-12-01,77.91000366210938,69.6312026977539
2020-12-02,79.37000274658203,70.93604278564453
2020-12-03,80.76000213623047,72.17833709716797
2020-12-04,82.98999786376953,74.17137908935547
2020-12-07,83.1500015258789,74.31438446044922
2020-12-08,81.37999725341797,72.73246002197266
2020-12-09,82.19999694824219,73.46532440185547
2020-12-10,83.02999877929688,74.2071304321289
2020-12-11,82.43000030517578,73.67089080810547
2020-12-14,81.3499984741211,73.26560974121094
2020-12-15,82.52999877929688,74.3283462524414
2020-12-16,81.9000015258789,73.76094818115234
2020-12-17,81.70999908447266,73.58983612060547
2020-12-18,81.22000122070312,73.14852905273438
2020-12-21,80.44999694824219,72.45504760742188
2020-12-22,79.19000244140625,71.32026672363281
2020-12-23,80.83000183105469,72.79728698730469
2020-12-24,82.16000366210938,73.9951171875
2020-12-28,82.93000030517578,74.6885986328125
2020-12-29,84.55999755859375,76.15660858154297
2020-12-30,86.1500015258789,77.58859252929688
2020-12-31,86.05000305175781,77.49853515625
2021-01-04,88.31999969482422,79.54293823242188
2021-01-05,90.52999877929688,81.5333251953125
2021-01-06,90.4000015258789,81.41624450683594
2021-01-07,92.0999984741211,82.9472885131836
2021-01-08,96.22000122070312,86.65786743164062
2021-01-11,95.4000015258789,85.91935729980469
2021-01-12,94.62000274658203,85.21687316894531
2021-01-13,94.5999984741211,85.1988525390625
2021-01-14,95.26000213623047,85.79325866699219
2021-01-15,92.2300033569336,83.06438446044922
2021-01-19,92.62999725341797,83.42462158203125
2021-01-20,93.91000366210938,84.57743072509766
2021-01-21,96.04000091552734,86.49574279785156
2021-01-22,93.81999969482422,84.49636840820312
2021-01-25,95.76000213623047,86.24357604980469
2021-01-26,94.2699966430664,84.90164947509766
2021-01-27,90.83000183105469,81.80351257324219
2021-01-28,92.12999725341797,82.97431945800781
2021-01-29,88.0999984741211,79.34481048583984
2021-02-01,91.68000030517578,82.56903839111328
2021-02-02,92.19000244140625,83.02835845947266
2021-02-03,93.0199966430664,83.77586364746094
2021-02-04,91.61000061035156,82.50599670410156
2021-02-05,92.95999908447266,83.7218246459961
2021-02-08,91.83000183105469,82.7041244506836
2021-02-09,92.30999755859375,83.13642883300781
2021-02-10,92.95999908447266,83.7218246459961
2021-02-11,93.9800033569336,84.64047241210938
2021-02-12,94.0999984741211,84.74853515625
2021-02-16,93.62000274658203,84.31623840332031
2021-02-17,92.98999786376953,83.74884796142578
2021-02-18,91.61000061035156,82.50599670410156
2021-02-19,93.0999984741211,83.8479232788086
2021-02-22,90.68000030517578,81.66841125488281
2021-02-23,90.98999786376953,81.94760131835938
2021-02-24,89.98999786376953,81.04698181152344
2021-02-25,89.01000213623047,80.16438293457031
2021-02-26,87.97000122070312,79.22772216796875
2021-03-01,90.31999969482422,81.34418487548828
2021-03-02,89.43000030517578,80.54263305664062
2021-03-03,89.16999816894531,80.3084716796875
2021-03-04,87.55000305175781,78.8494644165039
2021-03-05,89.01000213623047,80.16438293457031
2021-03-08,86.80999755859375,78.18299865722656
2021-03-09,87.45999908447266,78.7684097290039
2021-03-10,86.16999816894531,77.60660552978516
2021-03-11,88.75,79.93020629882812
2021-03-12,88.02999877929688,79.2817611694336
2021-03-15,89.27999877929688,80.40754699707031
2021-03-16,89.44000244140625,80.55165100097656
2021-03-17,89.63999938964844,80.73177337646484
2021-03-18,87.62999725341797,78.9215087890625
2021-03-19,88.87999725341797,80.04730224609375
2021-03-22,89.08999633789062,80.2364273071289
2021-03-23,86.4800033569336,77.88581085205078
2021-03-24,86.01000213623047,77.46250915527344
2021-03-25,87.33000183105469,78.65132904052734
2021-03-26,89.13999938964844,80.28145599365234
2021-03-29,88.22000122070312,79.45288848876953
2021-03-30,88.5999984741211,79.79512023925781
2021-03-31,89.69999694824219,80.78579711914062
2021-04-01,90.69000244140625,81.67742919921875
2021-04-05,91.86000061035156,82.73114013671875
2021-04-06,91.95999908447266,82.82120513916016
2021-04-07,91.4000015258789,82.31685638427734
2021-04-08,91.73999786376953,82.6230697631836
2021-04-09,91.30999755859375,82.23580932617188
2021-04-12,90.8499984741211,81.82151794433594
2021-04-13,92.4800033569336,83.28954315185547
2021-04-14,93.25,83.98301696777344
2021-04-15,93.9800033569336,84.64047241210938
2021-04-16,93.44000244140625,84.15412902832031
2021-04-19,93.4000015258789,84.11810302734375
2021-04-20,93.19999694824219,83.93798065185547
2021-04-21,92.97000122070312,83.73084259033203
2021-04-22,91.41999816894531,82.33486938476562
2021-04-23,92.83999633789062,83.6137466430664
2021-04-26,93.58999633789062,84.28922271728516
2021-04-27,93.12999725341797,83.87493896484375
2021-04-28,92.88999938964844,83.6587905883789
2021-04-29,92.69999694824219,83.48766326904297
2021-04-30,90.55999755859375,81.56033325195312
2021-05-03,90.37999725341797,81.39822387695312
2021-05-04,90.3499984741211,81.37120056152344
2021-05-05,90.5999984741211,81.59635925292969
2021-05-06,92.25,83.08238983154297
2021-05-07,93.5999984741211,84.29822540283203
2021-05-10,93.33000183105469,84.05506896972656
2021-05-11,92.13999938964844,82.98331451416016
2021-05-12,88.18000030517578,79.4168701171875
2021-05-13,89.22000122070312,80.35350036621094
2021-05-14,90.52999877929688,81.5333251953125
2021-05-17,88.83999633789062,80.01126861572266
2021-05-18,90.37000274658203,81.38922119140625
2021-05-19,90.08000183105469,81.12803649902344
2021-05-20,90.5999984741211,81.59635925292969
2021-05-21,89.5,80.60568237304688
2021-05-24,90.43000030517578,81.4432601928711
2021-05-25,91.20999908447266,82.14574432373047
2021-05-26,91.56999969482422,82.469970703125
2021-05-27,90.79000091552734,81.76748657226562
2021-05-28,92.02999877929688,82.8842544555664
2021-06-01,93.45999908447266,84.17213439941406
2021-06-02,92.93000030517578,83.69481658935547
2021-06-03,92.72000122070312,83.50567626953125
2021-06-04,93.80000305175781,84.47835540771484
2021-06-07,93.33999633789062,84.06407165527344
2021-06-08,92.70999908447266,83.4966812133789
2021-06-09,91.55000305175781,82.45195770263672
2021-06-10,92.68000030517578,83.46965026855469
2021-06-11,92.63999938964844,83.43362426757812
2021-06-14,92.97000122070312,83.73084259033203
2021-06-15,92.87000274658203,83.64078521728516
2021-06-16,91.87999725341797,82.74915313720703
2021-06-17,91.72000122070312,82.60505676269531
2021-06-18,91.0999984741211,82.04666900634766
2021-06-21,92.05999755859375,82.91126251220703
2021-06-22,91.97000122070312,82.8302230834961
2021-06-23,92.3499984741211,83.17245483398438
2021-06-24,93.44999694824219,84.16313934326172
2021-06-25,94.01000213623047,84.66748809814453
2021-06-28,93.44000244140625,84.15412902832031
2021-06-29,93.08999633789062,83.83891296386719
2021-06-30,93.18000030517578,83.91997528076172
2021-07-01,92.5999984741211,83.3976058959961
2021-07-02,93.0,83.75785064697266
2021-07-06,92.31999969482422,83.14543914794922
2021-07-07,91.58000183105469,82.4789810180664
2021-07-08,89.54000091552734,80.64170837402344
2021-07-09,90.20999908447266,81.2451171875
2021-07-12,90.9000015258789,81.86654663085938
2021-07-13,90.66999816894531,81.65940856933594
2021-07-14,91.27999877929688,82.20877838134766
2021-07-15,91.66000366210938,82.55103302001953
2021-07-16,90.70999908447266,81.6954345703125
2021-07-19,88.61000061035156,79.80412292480469
2021-07-20,89.94000244140625,81.001953125
2021-07-21,89.45999908447266,80.56965637207031
2021-07-22,90.19999694824219,81.2361068725586
2021-07-23,90.1500015258789,81.19107818603516
2021-07-26,90.02999877929688,81.0830078125
2021-07-27,89.12999725341797,80.27245330810547
2021-07-28,89.95999908447266,81.01995849609375
2021-07-29,90.61000061035156,81.60537719726562
2021-07-30,88.75,79.93020629882812
2021-08-02,88.7300033569336,79.91220092773438
2021-08-03,90.05000305175781,81.10102844238281
2021-08-04,91.29000091552734,82.2177963256836
2021-08-05,91.51000213623047,82.41593170166016
2021-08-06,90.38999938964844,81.40723419189453
2021-08-09,90.30000305175781,81.32617950439453
2021-08-10,89.01000213623047,80.16438293457031
2021-08-11,88.38999938964844,79.60598754882812
2021-08-12,87.33000183105469,78.65132904052734
2021-08-13,86.3499984741211,77.76872253417969
2021-08-16,85.94999694824219,77.40846252441406
2021-08-17,83.95999908447266,75.6162338256836
2021-08-18,84.37999725341797,75.99449157714844
2021-08-19,83.0,74.75164031982422
2021-08-20,82.62000274658203,74.4094009399414
2021-08-23,83.94999694824219,75.60723876953125
2021-08-24,85.48999786376953,76.99418640136719
2021-08-25,85.54000091552734,77.03922271728516
2021-08-26,84.47000122070312,76.07554626464844
2021-08-27,85.69999694824219,77.18331909179688
2021-08-30,84.98999786376953,76.54386138916016
2021-08-31,86.69000244140625,78.0749282836914
2021-09-01,87.68000030517578,78.96654510498047
2021-09-02,86.5999984741211,77.9938735961914
2021-09-03,87.69999694824219,78.98455047607422
2021-09-07,86.43000030517578,77.84076690673828
2021-09-08,84.9800033569336,76.53486633300781
2021-09-09,83.63999938964844,75.32803344726562
2021-09-10,83.61000061035156,75.30101776123047
2021-09-13,84.23999786376953,75.86840057373047
2021-09-14,84.36000061035156,75.97648620605469
2021-09-15,85.20999908447266,76.74200439453125
2021-09-16,83.62000274658203,75.31002807617188
2021-09-17,83.08000183105469,74.82369232177734
2021-09-20,81.05000305175781,72.99542999267578
2021-09-21,81.0999984741211,73.04045104980469
2021-09-22,81.98999786376953,73.84201049804688
2021-09-23,83.95999908447266,75.6162338256836
2021-09-24,82.51000213623047,74.31033325195312
2021-09-27,83.0,74.75164031982422
2021-09-28,81.0,72.95038604736328
2021-09-29,80.05999755859375,72.10379791259766
2021-09-30,80.66000366210938,72.64418029785156
2021-10-01,80.48999786376953,72.49107360839844
2021-10-04,79.36000061035156,71.4733657836914
2021-10-05,78.88999938964844,71.05007934570312
2021-10-06,77.18000030517578,69.51002502441406
2021-10-07,78.4800033569336,70.68083190917969
2021-10-08,77.94999694824219,70.2034912109375
2021-10-11,77.79000091552734,70.05939483642578
2021-10-12,76.47000122070312,68.87056732177734
2021-10-13,78.27999877929688,70.50070190429688
2021-10-14,79.51000213623047,71.60846710205078
2021-10-15,80.37000274658203,72.38300323486328
2021-10-18,79.63999938964844,71.72554016113281
2021-10-19,81.0999984741211,73.04045104980469
2021-10-20,80.6500015258789,72.63516998291016
2021-10-21,80.22000122070312,72.2479019165039
2021-10-22,80.36000061035156,72.37399291992188
2021-10-25,81.44000244140625,73.34667205810547
2021-10-26,82.02999877929688,73.8780288696289
2021-10-27,80.98999786376953,72.9413833618164
2021-10-28,81.08999633789062,73.03144836425781
2021-10-29,79.48999786376953,71.5904541015625
2021-11-01,79.83999633789062,71.9056625366211
2021-11-02,80.44999694824219,72.45504760742188
2021-11-03,79.5,71.59945678710938
2021-11-04,79.56999969482422,71.66250610351562
2021-11-05,79.47000122070312,71.57244110107422
2021-11-08,79.6500015258789,71.73455810546875
2021-11-09,79.0999984741211,71.23921203613281
2021-11-10,77.72000122070312,69.99635314941406
2021-11-11,78.6500015258789,70.83393859863281
2021-11-12,79.72000122070312,71.79759216308594
2021-11-15,79.86000061035156,71.92367553710938
2021-11-16,79.69999694824219,71.77957916259766
2021-11-17,78.68000030517578,70.8609619140625
2021-11-18,78.2300033569336,70.4556655883789
2021-11-19,78.43000030517578,70.63578796386719
2021-11-22,80.02999877929688,72.0767822265625
2021-11-23,79.41000366210938,71.5184097290039
2021-11-24,79.19000244140625,71.32026672363281
2021-11-26,75.76000213623047,68.23114013671875
2021-11-29,76.37000274658203,68.78050994873047
2021-11-30,75.7300033569336,68.20410919189453
2021-12-01,77.33000183105469,69.64510345458984
2021-12-02,79.05999755859375,71.20318603515625
2021-12-03,78.69000244140625,70.86995697021484
2021-12-06,79.77999877929688,71.85163116455078
2021-12-07,81.02999877929688,72.97740936279297
2021-12-08,81.26000213623047,73.18455505371094
2021-12-09,80.76000213623047,72.73423767089844
2021-12-10,80.73999786376953,72.71622467041016
2021-12-13,78.02999877929688,71.7679672241211
2021-12-14,77.68000030517578,71.44605255126953
2021-12-15,78.69999694824219,72.38420104980469
2021-12-16,78.2300033569336,71.9519271850586
2021-12-17,78.56999969482422,72.26463317871094
2021-12-20,77.0199966430664,70.83901977539062
2021-12-21,77.87000274658203,71.62081909179688
2021-12-22,78.41000366210938,72.11747741699219
2021-12-23,78.7699966430664,72.4485855102539
2021-12-27,79.08000183105469,72.73370361328125
2021-12-28,78.80999755859375,72.48536682128906
2021-12-29,78.87999725341797,72.54975891113281
2021-12-30,78.1500015258789,71.87834167480469
2021-12-31,77.87000274658203,71.62081909179688
2022-01-03,77.86000061035156,71.61161804199219
2022-01-04,77.69000244140625,71.45526123046875
2022-01-05,76.18000030517578,70.06643676757812
2022-01-06,75.58999633789062,69.52378845214844
2022-01-07,77.52999877929688,71.30809020996094
2022-01-10,76.31999969482422,70.1951904296875
2022-01-11,78.22000122070312,71.9427261352539
2022-01-12,79.7699966430664,73.36833190917969
2022-01-13,78.37000274658203,72.0806884765625
2022-01-14,77.27999877929688,71.07816314697266
2022-01-18,74.98999786376953,68.97193145751953
2022-01-19,75.83000183105469,69.74452209472656
2022-01-20,75.47000122070312,69.41342163085938
2022-01-21,74.5199966430664,68.5396499633789
2022-01-24,73.0999984741211,67.23361206054688
2022-01-25,72.02999877929688,66.24947357177734
2022-01-26,71.0999984741211,65.39411163330078
2022-01-27,69.20999908447266,63.655784606933594
2022-01-28,70.5999984741211,64.93423461914062
2022-01-31,72.38999938964844,66.5805892944336
2022-02-01,72.9800033569336,67.12324523925781
2022-02-02,73.5,67.60150909423828
2022-02-03,71.9800033569336,66.20349884033203
2022-02-04,72.72000122070312,66.88410186767578
2022-02-07,72.95999908447266,67.10484313964844
2022-02-08,73.18000030517578,67.30718994140625
2022-02-09,74.5,68.52125549316406
2022-02-10,73.63999938964844,67.73027801513672
2022-02-11,72.9000015258789,67.0496597290039
2022-02-14,72.23999786376953,66.44261932373047
2022-02-15,72.80000305175781,66.95768737792969
2022-02-16,73.68000030517578,67.7670669555664
2022-02-17,73.0999984741211,67.23361206054688
2022-02-18,72.9800033569336,67.12324523925781
2022-02-22,72.7699966430664,66.93009185791016
2022-02-23,71.83000183105469,66.0655288696289
2022-02-24,70.62999725341797,64.96183013916016
2022-02-25,72.66000366210938,66.82892608642578
2022-02-28,72.41000366210938,66.59899139404297
2022-03-01,71.48999786376953,65.75281524658203
2022-03-02,71.52999877929688,65.78961181640625
2022-03-03,72.0199966430664,66.24028015136719
2022-03-04,69.98999786376953,64.37319946289062
2022-03-07,67.11000061035156,61.72431564331055
2022-03-08,67.58000183105469,62.15660095214844
2022-03-09,70.25,64.6123275756836
2022-03-10,68.12999725341797,62.66245651245117
2022-03-11,67.11000061035156,61.72431564331055
2022-03-14,66.81999969482422,61.45758819580078
2022-03-15,67.55999755859375,62.13820266723633
2022-03-16,70.5199966430664,64.86065673828125
2022-03-17,71.12999725341797,65.42169952392578
2022-03-18,71.5,65.76200866699219
2022-03-21,70.0199966430664,64.40078735351562
2022-03-22,71.22000122070312,65.50448608398438
2022-03-23,70.52999877929688,64.86985778808594
2022-03-24,70.95999908447266,65.26535034179688
2022-03-25,70.16999816894531,64.53875732421875
2022-03-28,70.87999725341797,65.19176483154297
2022-03-29,72.5,66.6817626953125
2022-03-30,71.55000305175781,65.80799865722656
2022-03-31,71.2300033569336,65.51368713378906
2022-04-01,71.0199966430664,65.3205337524414
2022-04-04,72.02999877929688,66.24947357177734
2022-04-05,70.86000061035156,65.17337036132812
2022-04-06,69.98999786376953,64.37319946289062
2022-04-07,69.55000305175781,63.968502044677734
2022-04-08,68.9000015258789,63.370670318603516
2022-04-11,68.37999725341797,62.892398834228516
2022-04-12,68.5199966430664,63.02116012573242
2022-04-13,70.25,64.6123275756836
2022-04-14,68.7300033569336,63.21430587768555
2022-04-18,68.68000030517578,63.16831970214844
2022-04-19,69.16999816894531,63.6190071105957
2022-04-20,69.56999969482422,63.986900329589844
2022-04-21,68.31999969482422,62.83721160888672
2022-04-22,67.51000213623047,62.09222412109375
2022-04-25,67.02999877929688,61.65073776245117
2022-04-26,65.12999725341797,59.90321731567383
2022-04-27,65.19999694824219,59.96759796142578
2022-04-28,66.3499984741211,61.02531051635742
2022-04-29,66.63999938964844,61.292030334472656
2022-05-02,66.86000061035156,61.49437713623047
2022-05-03,67.06999969482422,61.687530517578125
2022-05-04,68.26000213623047,62.78203201293945
2022-05-05,65.87999725341797,60.593021392822266
2022-05-06,66.12999725341797,60.82296371459961
2022-05-09,64.01000213623047,58.873104095458984
2022-05-10,64.30000305175781,59.13982391357422
2022-05-11,63.599998474121094,58.496002197265625
2022-05-12,62.68000030517578,57.64983367919922
2022-05-13,65.48999786376953,60.23432159423828
2022-05-16,64.73999786376953,59.54451370239258
2022-05-17,66.44000244140625,61.10808563232422
2022-05-18,64.2300033569336,59.075443267822266
2022-05-19,65.47000122070312,60.2159309387207
2022-05-20,66.12000274658203,60.81377029418945
2022-05-23,67.12999725341797,61.74271011352539
2022-05-24,66.12000274658203,60.81377029418945
2022-05-25,66.0,60.70339584350586
2022-05-26,66.55999755859375,61.21845626831055
2022-05-27,67.5999984741211,62.17499542236328
2022-05-31,68.04000091552734,62.579681396484375
2022-06-01,67.61000061035156,62.1841926574707
2022-06-02,68.5999984741211,63.0947380065918
2022-06-03,67.0199966430664,61.64154052734375
2022-06-06,66.88999938964844,61.521976470947266
2022-06-07,66.5,61.16326904296875
2022-06-08,66.02999877929688,60.730987548828125
2022-06-09,64.77999877929688,59.581302642822266
2022-06-10,63.130001068115234,58.063716888427734
2022-06-13,60.2599983215332,55.42403793334961
2022-06-14,60.959999084472656,56.06786346435547
2022-06-15,61.0,56.10465621948242
2022-06-16,59.2400016784668,54.48590087890625
2022-06-17,59.70000076293945,54.90898513793945
2022-06-21,59.56999969482422,54.78941345214844
2022-06-22,57.810001373291016,53.170654296875
2022-06-23,57.220001220703125,52.62800216674805
2022-06-24,59.5,54.725032806396484
2022-06-27,59.5,54.725032806396484
2022-06-28,59.060001373291016,54.32034683227539
2022-06-29,58.150001525878906,53.483375549316406
2022-06-30,58.189998626708984,53.52015686035156
2022-07-01,57.400001525878906,52.79356002807617
2022-07-05,57.0,52.4256591796875
2022-07-06,56.52000045776367,51.98418426513672
2022-07-07,57.880001068115234,53.235042572021484
2022-07-08,58.29999923706055,53.621334075927734
2022-07-11,56.630001068115234,52.085350036621094
2022-07-12,56.58000183105469,52.03936767578125
2022-07-13,57.0,52.4256591796875
2022-07-14,55.959999084472656,51.469120025634766
2022-07-15,56.849998474121094,52.28770065307617
2022-07-18,57.279998779296875,52.683189392089844
2022-07-19,58.689998626708984,53.98003005981445
2022-07-20,58.2599983215332,53.58454132080078
2022-07-21,59.220001220703125,54.467498779296875
2022-07-22,58.470001220703125,53.77769470214844
2022-07-25,58.779998779296875,54.062808990478516
2022-07-26,58.630001068115234,53.92484664916992
2022-07-27,59.84000015258789,55.03774642944336
2022-07-28,60.52000045776367,55.66317367553711
2022-07-29,60.54999923706055,55.690765380859375
2022-08-01,59.86000061035156,55.0561408996582
2022-08-02,59.43000030517578,54.660648345947266
2022-08-03,60.459999084472656,55.60798645019531
2022-08-04,60.72999954223633,55.856319427490234
2022-08-05,60.72999954223633,55.856319427490234
2022-08-08,61.060001373291016,56.15984344482422
2022-08-09,60.779998779296875,55.902305603027344
2022-08-10,61.58000183105469,56.63810729980469
2022-08-11,61.31999969482422,56.39897155761719
2022-08-12,62.189998626708984,57.199153900146484
2022-08-15,61.560001373291016,56.61971664428711
2022-08-16,61.61000061035156,56.66570281982422
2022-08-17,60.66999816894531,55.80113220214844
2022-08-18,60.040000915527344,55.22169876098633
2022-08-19,58.91999816894531,54.19157791137695
2022-08-22,57.79999923706055,53.161460876464844
2022-08-23,58.08000183105469,53.41899108886719
2022-08-24,58.41999816894531,53.73170471191406
2022-08-25,59.619998931884766,54.83540344238281
2022-08-26,57.88999938964844,53.244239807128906
2022-08-29,57.279998779296875,52.683189392089844
2022-08-30,57.22999954223633,52.637203216552734
2022-08-31,57.90999984741211,53.262630462646484
2022-09-01,56.68000030517578,52.13134002685547
2022-09-02,55.93000030517578,51.441532135009766
2022-09-06,54.959999084472656,50.549373626708984
2022-09-07,55.290000915527344,50.8528938293457
2022-09-08,54.66999816894531,50.28264617919922
2022-09-09,55.849998474121094,51.367950439453125
2022-09-12,56.33000183105469,51.80943298339844
2022-09-13,54.5,50.12628936767578
2022-09-14,55.099998474121094,50.678138732910156
2022-09-15,53.95000076293945,49.620426177978516
2022-09-16,54.400001525878906,50.0343132019043
2022-09-19,54.310001373291016,49.9515380859375
2022-09-20,53.56999969482422,49.27092361450195
2022-09-21,53.029998779296875,48.77425765991211
2022-09-22,52.400001525878906,48.194820404052734
2022-09-23,50.56999969482422,46.51167678833008
2022-09-26,49.52000045776367,45.54594039916992
2022-09-27,49.209999084472656,45.26082229614258
2022-09-28,49.36000061035156,45.39878463745117
2022-09-29,48.25,44.37786102294922
2022-09-30,47.36000061035156,43.55928421020508
2022-10-03,48.41999816894531,44.53421401977539
2022-10-04,50.70000076293945,46.63124465942383
2022-10-05,49.83000183105469,45.8310661315918
2022-10-06,50.209999084472656,46.180572509765625
2022-10-07,49.36000061035156,45.39878463745117
2022-10-10,48.70000076293945,44.791751861572266
2022-10-11,48.619998931884766,44.718170166015625
2022-10-12,49.119998931884766,45.178043365478516
2022-10-13,49.09000015258789,45.15045166015625
2022-10-14,48.61000061035156,44.7089729309082
2022-10-17,50.13999938964844,46.116188049316406
2022-10-18,50.20000076293945,46.1713752746582
2022-10-19,49.54999923706055,45.57353591918945
2022-10-20,49.540000915527344,45.56433868408203
2022-10-21,50.34000015258789,46.30013656616211
2022-10-24,49.7599983215332,45.76668167114258
2022-10-25,50.599998474121094,46.539268493652344
2022-10-26,51.529998779296875,47.39463806152344
2022-10-27,51.5,47.36704635620117
2022-10-28,51.81999969482422,47.66136169433594
2022-10-31,51.810001373291016,47.65216827392578
2022-11-01,52.709999084472656,48.479942321777344
2022-11-02,51.7400016784668,47.58778762817383
2022-11-03,52.029998779296875,47.854515075683594
2022-11-04,53.93000030517578,49.60203170776367
2022-11-07,54.709999084472656,50.319435119628906
2022-11-08,55.91999816894531,51.43233108520508
2022-11-09,55.84000015258789,51.3587532043457
2022-11-10,58.380001068115234,53.694915771484375
2022-11-11,60.72999954223633,55.856319427490234
2022-11-14,59.56999969482422,54.78941345214844
2022-11-15,60.36000061035156,55.51601791381836
2022-11-16,58.56999969482422,53.86966323852539
2022-11-17,57.68000030517578,53.051090240478516
2022-11-18,58.04999923706055,53.391395568847656
2022-11-21,56.459999084472656,51.92899703979492
2022-11-22,56.86000061035156,52.296897888183594
2022-11-23,57.95000076293945,53.29942321777344
2022-11-25,57.869998931884766,53.2258415222168
2022-11-28,56.84000015258789,52.27850341796875
2022-11-29,58.36000061035156,53.676517486572266
2022-11-30,60.70000076293945,55.828731536865234
2022-12-01,60.310001373291016,55.470027923583984
2022-12-02,59.439998626708984,54.66984558105469
2022-12-05,58.060001373291016,53.400596618652344
2022-12-06,57.08000183105469,52.49924087524414
2022-12-07,57.38999938964844,52.78436279296875
2022-12-08,57.619998931884766,52.995906829833984
2022-12-09,58.040000915527344,53.38219451904297
2022-12-12,58.20000076293945,53.529361724853516
2022-12-13,58.25,54.2247428894043
2022-12-14,58.0099983215332,54.001319885253906
2022-12-15,55.5,51.664772033691406
2022-12-16,56.310001373291016,52.418800354003906
2022-12-19,56.650001525878906,52.73530578613281
2022-12-20,57.439998626708984,53.47071075439453
2022-12-21,57.31999969482422,53.359004974365234
2022-12-22,56.900001525878906,52.9680290222168
2022-12-23,57.040000915527344,53.09835433959961
2022-12-27,57.650001525878906,53.666202545166016
2022-12-28,56.61000061035156,52.69806671142578
2022-12-29,57.130001068115234,53.182132720947266
2022-12-30,56.47999954223633,52.57705307006836
2023-01-03,55.43000030517578,51.599609375
2023-01-04,57.619998931884766,53.638275146484375
2023-01-05,57.0099983215332,53.0704231262207
2023-01-06,59.88999938964844,55.75141143798828
2023-01-09,61.150001525878906,56.92434310913086
2023-01-10,61.349998474121094,57.11051940917969
2023-01-11,61.5099983215332,57.259464263916016
2023-01-12,61.959999084472656,57.67836380004883
2023-01-13,62.41999816894531,58.1065788269043
2023-01-17,62.25,57.94832992553711
2023-01-18,61.31999969482422,57.08259201049805
2023-01-19,62.16999816894531,57.87385177612305
2023-01-20,63.2400016784668,58.86991882324219
2023-01-23,63.900001525878906,59.48430633544922
2023-01-24,63.709999084472656,59.307430267333984
2023-01-25,63.86000061035156,59.44706726074219
2023-01-26,65.08999633789062,60.592071533203125
2023-01-27,65.41000366210938,60.88996505737305
2023-01-30,63.970001220703125,59.549468994140625
2023-01-31,63.470001220703125,59.084022521972656
2023-02-01,65.11000061035156,60.61069107055664
2023-02-02,65.0999984741211,60.601383209228516
2023-02-03,63.400001525878906,59.01885986328125
2023-02-06,61.59000015258789,57.33393478393555
2023-02-07,62.75,58.41377639770508
2023-02-08,62.90999984741211,58.56271743774414
2023-02-09,62.720001220703125,58.38584899902344
2023-02-10,62.47999954223633,58.16242980957031
2023-02-13,62.61000061035156,58.283451080322266
2023-02-14,62.599998474121094,58.274139404296875
2023-02-15,60.790000915527344,56.58921813964844
2023-02-16,61.45000076293945,57.203609466552734
2023-02-17,60.88999938964844,56.682308197021484
2023-02-21,60.11000061035156,55.956207275390625
2023-02-22,59.52000045776367,55.406978607177734
2023-02-23,60.52000045776367,56.33787536621094
2023-02-24,58.61000061035156,54.55986022949219
2023-02-27,58.720001220703125,54.662261962890625
2023-02-28,58.5,54.457462310791016
2023-03-01,59.619998931884766,55.50006866455078
2023-03-02,59.36000061035156,55.258033752441406
2023-03-03,60.599998474121094,56.4123420715332
2023-03-06,60.72999954223633,56.533363342285156
2023-03-07,59.029998779296875,54.950836181640625
2023-03-08,59.189998626708984,55.09978103637695
2023-03-09,57.7400016784668,53.74998474121094
2023-03-10,57.77000045776367,53.77790832519531
2023-03-13,59.02000045776367,54.9415283203125
2023-03-14,58.2400016784668,54.215431213378906
2023-03-15,57.29999923706055,53.340389251708984
2023-03-16,59.04999923706055,54.96945571899414
2023-03-17,58.33000183105469,54.29921340942383
2023-03-20,58.810001373291016,54.74604034423828
2023-03-21,59.130001068115234,55.04392623901367
2023-03-22,59.4900016784668,55.379051208496094
2023-03-23,60.470001220703125,56.29133224487305
2023-03-24,59.689998626708984,55.56522750854492
2023-03-27,59.4900016784668,55.379051208496094
2023-03-28,60.029998779296875,55.88173294067383
2023-03-29,60.0,55.85380935668945
2023-03-30,60.68000030517578,56.486820220947266
2023-03-31,61.220001220703125,56.989501953125
2023-04-03,60.86000061035156,56.65437698364258
2023-04-04,60.54999923706055,56.36579895019531
2023-04-05,60.619998931884766,56.43096160888672
2023-04-06,59.959999084472656,55.81657028198242
2023-04-10,61.2599983215332,57.026737213134766
2023-04-11,62.02000045776367,57.73421859741211
2023-04-12,62.15999984741211,57.86454772949219
2023-04-13,64.01000213623047,59.586708068847656
2023-04-14,63.349998474121094,58.972312927246094
2023-04-17,62.83000183105469,58.488250732421875
2023-04-18,62.970001220703125,58.61857223510742
2023-04-19,62.36000061035156,58.050724029541016
2023-04-20,62.15999984741211,57.86454772949219
2023-04-21,61.560001373291016,57.30601119995117
2023-04-24,61.15999984741211,56.933650970458984
2023-04-25,59.43000030517578,55.32319641113281
2023-04-26,59.7599983215332,55.63039016723633
2023-04-27,60.529998779296875,56.3471794128418
2023-04-28,60.66999816894531,56.477508544921875
2023-05-01,60.27000045776367,56.10514831542969
2023-05-02,60.400001525878906,56.22616958618164
2023-05-03,60.08000183105469,55.928279876708984
2023-05-04,60.560001373291016,56.37511444091797
2023-05-05,61.59000015258789,57.33393478393555
2023-05-08,61.54999923706055,57.296695709228516
2023-05-09,60.97999954223633,56.766090393066406
2023-05-10,61.060001373291016,56.84056091308594
2023-05-11,60.060001373291016,55.909664154052734
2023-05-12,59.27000045776367,55.174251556396484
2023-05-15,60.220001220703125,56.0586051940918
2023-05-16,59.59000015258789,55.47214126586914
2023-05-17,60.72999954223633,56.533363342285156
2023-05-18,61.20000076293945,56.97088623046875
2023-05-19,62.04999923706055,57.76214599609375
2023-05-22,63.11000061035156,58.748897552490234
2023-05-23,62.349998474121094,58.04141616821289
2023-05-24,62.349998474121094,58.04141616821289
2023-05-25,62.04999923706055,57.76214599609375
2023-05-26,63.099998474121094,58.73958969116211
2023-05-30,63.439998626708984,59.056087493896484
2023-05-31,62.779998779296875,58.44169998168945
2023-06-01,63.7599983215332,59.35397720336914
2023-06-02,65.16000366210938,60.6572380065918
2023-06-05,65.12999725341797,60.629302978515625
2023-06-06,65.69999694824219,61.159912109375
2023-06-07,64.76000213623047,60.28487777709961
2023-06-08,65.66000366210938,61.1226921081543
2023-06-09,66.68000030517578,62.07219696044922
2023-06-12,66.63999938964844,62.03496170043945
2023-06-13,67.51000213623047,62.844844818115234
2023-06-14,66.87999725341797,62.25837326049805
2023-06-15,67.04000091552734,62.407325744628906
2023-06-16,66.4800033569336,61.886024475097656
2023-06-20,65.18000030517578,60.67585372924805
2023-06-21,64.62000274658203,60.1545524597168
2023-06-22,64.63999938964844,60.17316818237305
2023-06-23,63.310001373291016,58.93507766723633
2023-06-26,63.900001525878906,59.48430633544922
2023-06-27,64.56999969482422,60.10800552368164
2023-06-28,63.279998779296875,58.90714645385742
2023-06-29,62.720001220703125,58.38584899902344
2023-06-30,63.380001068115234,59.000240325927734
2023-07-03,64.79000091552734,60.31280517578125
2023-07-05,64.05999755859375,59.63324737548828
2023-07-06,62.810001373291016,58.469627380371094
2023-07-07,63.13999938964844,58.776824951171875
2023-07-10,63.220001220703125,58.851295471191406
2023-07-11,64.3499984741211,59.9032096862793
2023-07-12,66.0999984741211,61.53227996826172
2023-07-13,66.97000122070312,62.342159271240234
2023-07-14,67.18000030517578,62.53764724731445
2023-07-17,67.54000091552734,62.872772216796875
2023-07-18,67.33999633789062,62.686588287353516
2023-07-19,67.12000274658203,62.48179626464844
2023-07-20,66.0,61.43918991088867
2023-07-21,66.02999877929688,61.46711349487305
2023-07-24,67.30000305175781,62.64936065673828
2023-07-25,67.9000015258789,63.2078971862793
2023-07-26,67.52999877929688,62.863460540771484
2023-07-27,66.31999969482422,61.7370719909668
2023-07-28,67.48999786376953,62.82622528076172
2023-07-31,67.56999969482422,62.90069580078125
2023-08-01,67.55999755859375,62.89139175415039
2023-08-02,65.4800033569336,60.95512390136719
2023-08-03,65.44999694824219,60.92719268798828
2023-08-04,64.83000183105469,60.35004425048828
2023-08-07,64.6500015258789,60.18247985839844
2023-08-08,63.77000045776367,59.3632926940918
2023-08-09,64.27999877929688,59.838043212890625
2023-08-10,63.86000061035156,59.44706726074219
2023-08-11,63.119998931884766,58.758201599121094
2023-08-14,62.560001373291016,58.236907958984375
2023-08-15,62.0099983215332,57.724910736083984
2023-08-16,60.7599983215332,56.56128692626953
2023-08-17,60.81999969482422,56.61714553833008
2023-08-18,60.66999816894531,56.477508544921875
2023-08-21,61.08000183105469,56.85917663574219
2023-08-22,60.779998779296875,56.57990646362305
2023-08-23,61.54999923706055,57.296695709228516
2023-08-24,61.5099983215332,57.259464263916016
2023-08-25,62.0099983215332,57.724910736083984
2023-08-28,62.5099983215332,58.19036102294922
2023-08-29,63.349998474121094,58.972312927246094
2023-08-30,62.939998626708984,58.590641021728516
2023-08-31,62.45000076293945,58.13450622558594
2023-09-01,63.209999084472656,58.841983795166016
2023-09-05,62.7599983215332,58.42308044433594
2023-09-06,62.02000045776367,57.73421859741211
2023-09-07,61.7400016784668,57.47357177734375
2023-09-08,61.790000915527344,57.52011489868164
2023-09-11,62.779998779296875,58.44169998168945
2023-09-12,62.0099983215332,57.724910736083984
2023-09-13,62.029998779296875,57.743526458740234
2023-09-14,62.84000015258789,58.49755859375
2023-09-15,63.119998931884766,58.758201599121094
2023-09-18,63.25,58.87922668457031
2023-09-19,62.58000183105469,58.255523681640625
2023-09-20,62.13999938964844,57.84592819213867
2023-09-21,60.5,56.31925582885742
2023-09-22,60.79999923706055,56.59852600097656
2023-09-25,60.619998931884766,56.43096160888672
2023-09-26,58.70000076293945,54.64364242553711
2023-09-27,58.720001220703125,54.662261962890625
2023-09-28,59.27000045776367,55.174251556396484
2023-09-29,58.939998626708984,54.8670539855957
2023-10-02,58.45000076293945,54.41091537475586
2023-10-03,57.86000061035156,53.86168670654297
2023-10-04,57.75,53.75929260253906
2023-10-05,57.97999954223633,53.9734001159668
2023-10-06,58.61000061035156,54.55986022949219
2023-10-09,58.470001220703125,54.42953872680664
2023-10-10,58.54999923706055,54.504005432128906
2023-10-11,59.560001373291016,55.444217681884766
2023-10-12,59.029998779296875,54.950836181640625
2023-10-13,58.7599983215332,54.699493408203125
2023-10-16,59.09000015258789,55.00669479370117
2023-10-17,59.040000915527344,54.960147857666016
2023-10-18,58.470001220703125,54.42953872680664
2023-10-19,57.709999084472656,53.72205352783203
2023-10-20,56.880001068115234,52.94941329956055
2023-10-23,57.11000061035156,53.163516998291016
2023-10-24,57.86000061035156,53.86168670654297
2023-10-25,56.38999938964844,52.49327087402344
2023-10-26,55.16999816894531,51.357574462890625
2023-10-27,54.63999938964844,50.864200592041016
2023-10-30,55.95000076293945,52.083675384521484
2023-10-31,54.95000076293945,51.15277862548828
2023-11-01,56.25,52.36294937133789
2023-11-02,58.04999923706055,54.03855895996094
2023-11-03,59.66999816894531,55.54661178588867
2023-11-06,62.68000030517578,58.34861373901367
2023-11-07,61.650001525878906,57.38978958129883
2023-11-08,60.470001220703125,56.29133224487305
2023-11-09,59.869998931884766,55.7327880859375
2023-11-10,60.29999923706055,56.133079528808594
2023-11-13,59.689998626708984,55.56522750854492
2023-11-14,61.88999938964844,57.61320114135742
2023-11-15,62.34000015258789,58.032108306884766
2023-11-16,62.779998779296875,58.44169998168945
2023-11-17,62.25,57.94832992553711
2023-11-20,63.5099983215332,59.12125778198242
2023-11-21,62.880001068115234,58.534793853759766
2023-11-22,62.90999984741211,58.56271743774414
2023-11-24,62.31999969482422,58.01348876953125
2023-11-27,62.560001373291016,58.236907958984375
2023-11-28,63.4900016784668,59.102638244628906
2023-11-29,63.380001068115234,59.000240325927734
2023-11-30,63.040000915527344,58.68373489379883
2023-12-01,63.31999969482422,58.94438552856445
2023-12-04,62.04999923706055,57.76214599609375
2023-12-05,61.540000915527344,57.28738784790039
2023-12-06,61.13999938964844,56.91503143310547
2023-12-07,61.79999923706055,57.5294189453125
2023-12-08,62.15999984741211,57.86454772949219
2023-12-11,62.709999084472656,58.37653350830078
2023-12-12,63.04999923706055,58.69304275512695
2023-12-13,63.810001373291016,59.4005241394043
2023-12-14,64.6500015258789,60.18247985839844
2023-12-15,63.939998626708984,59.521541595458984
2023-12-18,64.19000244140625,59.754268646240234
2023-12-19,64.91000366210938,60.42451477050781
2023-12-20,63.119998931884766,60.2917366027832
2023-12-21,64.12000274658203,61.24693298339844
2023-12-22,63.970001220703125,61.10365676879883
2023-12-26,64.2699966430664,61.39020538330078
2023-12-27,64.8499984741211,61.944217681884766
2023-12-28,65.9800033569336,63.023590087890625
2023-12-29,65.52999877929688,62.59375
2024-01-02,64.73999786376953,61.839149475097656
2024-01-03,63.349998474121094,60.51143264770508
2024-01-04,62.720001220703125,59.909664154052734
2024-01-05,62.880001068115234,60.062496185302734
2024-01-08,63.209999084472656,60.37770462036133
2024-01-09,61.779998779296875,59.01177978515625
2024-01-10,61.41999816894531,58.667911529541016
2024-01-11,61.529998779296875,58.772979736328125
2024-01-12,61.36000061035156,58.610599517822266
2024-01-16,58.9900016784668,56.34679412841797
2024-01-17,57.459999084472656,54.88534927368164
2024-01-18,58.529998779296875,55.907405853271484
2024-01-19,59.2599983215332,56.60469436645508
2024-01-22,58.529998779296875,55.907405853271484
2024-01-23,58.91999816894531,56.279930114746094
2024-01-24,59.119998931884766,56.470970153808594
2024-01-25,58.900001525878906,56.260826110839844
2024-01-26,59.5,56.83394241333008
2024-01-29,60.15999984741211,57.46437072753906
2024-01-30,59.90999984741211,57.22557067871094
2024-01-31,59.470001220703125,56.80529022216797
2024-02-01,61.29999923706055,58.553287506103516
2024-02-02,62.61000061035156,59.80459213256836
2024-02-05,62.130001068115234,59.346099853515625
2024-02-06,62.18000030517578,59.39385986328125
2024-02-07,63.279998779296875,60.4445686340332
2024-02-08,63.279998779296875,60.4445686340332
2024-02-09,63.66999816894531,60.81709289550781
2024-02-12,64.44999694824219,61.56214141845703
2024-02-13,62.709999084472656,59.900108337402344
2024-02-14,63.869998931884766,61.00813293457031
2024-02-15,63.790000915527344,60.93172073364258
2024-02-16,64.19000244140625,61.31379699707031
2024-02-20,64.30000305175781,61.41886901855469
2024-02-21,64.30000305175781,61.41886901855469
2024-02-22,65.12999725341797,62.211673736572266
2024-02-23,65.16000366210938,62.240333557128906
2024-02-26,64.19999694824219,61.32334518432617
2024-02-27,63.619998931884766,60.76933288574219
2024-02-28,64.1500015258789,61.27558898925781
2024-02-29,64.11000061035156,61.23738098144531
2024-03-01,64.93000030517578,62.0206413269043
2024-03-04,65.5999984741211,62.66061019897461
2024-03-05,64.30999755859375,61.42841339111328
2024-03-06,65.08000183105469,62.163917541503906
2024-03-07,65.87999725341797,62.92806625366211
2024-03-08,66.2699966430664,63.300594329833984
2024-03-11,66.2300033569336,63.26239013671875
2024-03-12,67.22000122070312,64.2080307006836
2024-03-13,67.08999633789062,64.08384704589844
2024-03-14,67.05000305175781,64.04564666748047
2024-03-15,65.58999633789062,62.65106201171875
2024-03-18,65.76000213623047,62.813453674316406
2024-03-19,65.27999877929688,62.35495376586914
2024-03-20,66.83000183105469,63.83550262451172
2024-03-21,67.52999877929688,64.50414276123047
2024-03-22,67.05000305175781,64.04564666748047
2024-03-25,67.5199966430664,64.49458312988281
2024-03-26,67.4000015258789,64.37996673583984
2024-03-27,67.30000305175781,64.2844467163086
2024-03-28,67.11000061035156,64.10295867919922
2024-04-01,66.5999984741211,63.61580276489258
2024-04-02,66.66999816894531,63.68267059326172
2024-04-03,66.5,63.520286560058594
2024-04-04,66.11000061035156,63.147762298583984
2024-04-05,66.0999984741211,63.13821029663086
2024-04-08,66.23999786376953,63.271934509277344
2024-04-09,65.87000274658203,62.918521881103516
2024-04-10,63.349998474121094,60.51143264770508
2024-04-11,64.91999816894531,62.011085510253906
2024-04-12,62.61000061035156,59.80459213256836
2024-04-15,62.2599983215332,59.470272064208984
2024-04-16,61.290000915527344,58.543739318847656
2024-04-17,60.880001068115234,58.1521110534668
2024-04-18,61.79999923706055,59.0308837890625
2024-04-19,61.31999969482422,58.572391510009766
2024-04-22,62.68000030517578,59.871456146240234
2024-04-23,62.9900016784668,60.167564392089844
2024-04-24,63.15999984741211,60.32994842529297
2024-04-25,62.900001525878906,60.08159637451172
2024-04-26,63.34000015258789,60.50188446044922
2024-04-29,64.0199966430664,61.15140914916992
2024-04-30,63.04999923706055,60.224876403808594
2024-05-01,63.09000015258789,60.263084411621094
2024-05-02,64.45999908447266,61.57169723510742
2024-05-03,65.18000030517578,62.259437561035156
2024-05-06,65.75,62.80389404296875
2024-05-07,65.69000244140625,62.746585845947266
2024-05-08,65.83000183105469,62.88031005859375
2024-05-09,65.0999984741211,62.18301773071289
2024-05-10,64.87999725341797,61.972877502441406
2024-05-13,65.02999877929688,62.116153717041016
2024-05-14,65.56999969482422,62.6319580078125
2024-05-15,66.91999816894531,63.921470642089844
2024-05-16,66.37000274658203,63.396114349365234
2024-05-17,65.45999908447266,62.52688980102539
2024-05-20,65.23999786376953,62.31674575805664
2024-05-21,64.8499984741211,61.944217681884766
2024-05-22,64.54000091552734,61.64811325073242
2024-05-23,63.880001068115234,61.0176887512207
2024-05-24,64.0999984741211,61.22782516479492
2024-05-28,64.7300033569336,61.8296012878418
2024-05-29,63.150001525878906,60.320396423339844
2024-05-30,62.4900016784668,59.68996810913086
2024-05-31,62.18000030517578,59.39385986328125
2024-06-03,63.209999084472656,60.37770462036133
2024-06-04,62.9900016784668,60.167564392089844
2024-06-05,64.18000030517578,61.30424499511719
2024-06-06,64.69000244140625,61.7913932800293
2024-06-07,63.65999984741211,60.80754089355469
2024-06-10,64.18000030517578,61.30424499511719
2024-06-11,63.779998779296875,60.92216491699219
2024-06-12,65.37000274658203,62.44092559814453
2024-06-13,64.83999633789062,61.934669494628906
2024-06-14,64.5199966430664,61.629005432128906
2024-06-17,65.04000091552734,62.125709533691406
2024-06-18,65.62999725341797,62.689273834228516
2024-06-20,65.36000061035156,62.43136978149414
2024-06-21,65.12000274658203,62.202125549316406
2024-06-24,64.9800033569336,62.068397521972656
2024-06-25,65.02999877929688,62.116153717041016
2024-06-26,65.23999786376953,62.31674575805664
2024-06-27,65.79000091552734,62.842105865478516
2024-06-28,66.08999633789062,63.12865447998047
2024-07-01,66.12000274658203,63.15732192993164
2024-07-02,66.16000366210938,63.195526123046875
2024-07-03,66.8499984741211,63.8546028137207
2024-07-05,68.95999908447266,65.87005615234375
2024-07-08,68.20999908447266,65.1536636352539
2024-07-09,68.12999725341797,65.0772476196289
2024-07-10,68.80000305175781,65.71723175048828
2024-07-11,68.8499984741211,65.7649917602539
2024-07-12,68.6500015258789,65.5739517211914
2024-07-15,67.61000061035156,64.58055877685547
2024-07-16,68.2300033569336,65.17277526855469
2024-07-17,67.08000183105469,64.07430267333984
2024-07-18,65.97000122070312,63.014041900634766
2024-07-19,65.2300033569336,62.30719757080078
2024-07-22,65.79000091552734,62.842105865478516
2024-07-23,65.48999786376953,62.5555419921875
2024-07-24,64.51000213623047,61.61946105957031
2024-07-25,64.05999755859375,61.18961715698242
2024-07-26,65.05000305175781,62.1352653503418
2024-07-29,65.05000305175781,62.1352653503418
2024-07-30,64.5199966430664,61.629005432128906
2024-07-31,66.55000305175781,63.568050384521484
2024-08-01,65.31999969482422,62.39316177368164
2024-08-02,63.54999923706055,60.70247268676758
2024-08-05,60.11000061035156,57.41661071777344
2024-08-06,59.439998626708984,56.77662658691406
2024-08-07,59.959999084472656,57.27333068847656
2024-08-08,61.470001220703125,58.715675354003906
2024-08-09,62.220001220703125,59.43206787109375
2024-08-12,62.2599983215332,59.470272064208984
2024-08-13,63.59000015258789,60.74068069458008
2024-08-14,63.709999084472656,60.85530090332031
2024-08-15,64.33999633789062,61.45707321166992
2024-08-16,65.54000091552734,62.60330581665039
2024-08-19,66.27999877929688,63.31014633178711
2024-08-20,66.31999969482422,63.348350524902344
2024-08-21,66.38999938964844,63.41521453857422
2024-08-22,65.12999725341797,62.211673736572266
2024-08-23,67.20999908447266,64.19847106933594
2024-08-26,66.08999633789062,63.12865447998047
2024-08-27,66.18000030517578,63.21462631225586
2024-08-28,65.51000213623047,62.57465362548828
2024-08-29,65.41000366210938,62.47913360595703
2024-08-30,65.5,62.56509780883789
2024-09-03,63.2400016784668,60.40636444091797
2024-09-04,63.2599983215332,60.42546463012695
2024-09-05,62.84000015258789,60.024288177490234
2024-09-06,60.5,57.78913497924805
2024-09-09,61.650001525878906,58.88760757446289
2024-09-10,61.279998779296875,58.534183502197266
2024-09-11,61.65999984741211,58.897159576416016
2024-09-12,62.5099983215332,59.70907211303711
2024-09-13,63.29999923706055,60.46367263793945
2024-09-16,63.52000045776367,60.6738166809082
2024-09-17,63.220001220703125,60.38726043701172
2024-09-18,63.2599983215332,60.42546463012695
2024-09-19,63.90999984741211,61.04634094238281
2024-09-20,63.31999969482422,60.4827766418457
2024-09-23,63.689998626708984,60.83619689941406
2024-09-24,65.04000091552734,62.125709533691406
2024-09-25,63.36000061035156,60.5209846496582
2024-09-26,67.08000183105469,64.07430267333984
2024-09-27,66.33999633789062,63.367454528808594
2024-09-30,63.959999084472656,61.09410095214844
2024-10-01,63.47999954223633,60.63560485839844
2024-10-02,63.400001525878906,60.5591926574707
2024-10-03,62.70000076293945,59.890560150146484
2024-10-04,62.70000076293945,59.890560150146484
2024-10-07,63.02000045776367,60.19622039794922
2024-10-08,63.38999938964844,60.54964065551758
2024-10-09,63.560001373291016,60.7120246887207
2024-10-10,63.310001373291016,60.47322463989258
2024-10-11,63.38999938964844,60.54964065551758
2024-10-14,63.56999969482422,60.72157287597656
2024-10-15,62.099998474121094,59.31744384765625
2024-10-16,62.869998931884766,60.052940368652344
2024-10-17,62.38999938964844,59.59444808959961
2024-10-18,62.06999969482422,59.288787841796875
2024-10-21,61.59000015258789,58.83029556274414
2024-10-22,60.880001068115234,58.1521110534668
2024-10-23,61.220001220703125,58.47687530517578
2024-10-24,61.2400016784668,58.49597930908203
2024-10-25,61.13999938964844,58.40045928955078
2024-10-28,61.720001220703125,58.954471588134766
2024-10-29,61.68000030517578,58.916263580322266
2024-10-30,60.79999923706055,58.0756950378418
2024-10-31,59.90999984741211,57.22557067871094
2024-11-01,60.02000045776367,57.33064651489258
2024-11-04,60.900001525878906,58.17121124267578
2024-11-05,61.119998931884766,58.381351470947266
2024-11-06,59.369998931884766,56.70976638793945
2024-11-07,60.720001220703125,57.9992790222168
2024-11-08,59.20000076293945,56.547386169433594
2024-11-11,58.369998931884766,55.754573822021484
2024-11-12,56.849998474121094,54.30268478393555
2024-11-13,55.880001068115234,53.37614822387695
2024-11-14,55.720001220703125,53.22331619262695
2024-11-15,56.20000076293945,53.68180847167969
2024-11-18,57.790000915527344,55.200565338134766
2024-11-19,57.529998779296875,54.952213287353516
2024-11-20,57.38999938964844,54.81848907470703
2024-11-21,58.0099983215332,55.41070556640625
2024-11-22,58.130001068115234,55.52532958984375
2024-11-25,58.7400016784668,56.10799789428711
2024-11-26,58.599998474121094,55.97426986694336
2024-11-27,58.13999938964844,55.534881591796875
2024-11-29,57.43000030517578,54.85669708251953
2024-12-02,56.709999084472656,54.1689567565918
2024-12-03,55.810001373291016,53.30928421020508
2024-12-04,56.209999084472656,53.69136047363281
2024-12-05,55.52000045776367,53.03227996826172
2024-12-06,54.959999084472656,52.49736785888672
2024-12-09,53.66999816894531,51.26517105102539
2024-12-10,53.93000030517578,51.51352310180664
2024-12-11,55.5,53.0131721496582
2024-12-12,55.47999954223633,52.99407196044922
2024-12-13,55.9900016784668,53.48121643066406
2024-12-16,55.58000183105469,53.0895881652832
2024-12-17,53.56999969482422,52.393226623535156
2024-12-18,52.11000061035156,50.965301513671875
2024-12-19,52.59000015258789,51.434757232666016
2024-12-20,52.34000015258789,51.19024658203125
2024-12-23,52.77000045776367,51.610801696777344
2024-12-24,52.709999084472656,51.552120208740234
2024-12-26,51.970001220703125,50.82837677001953
2024-12-27,51.459999084472656,50.3295783996582
2024-12-30,51.189998626708984,50.06550979614258
2024-12-31,50.88999938964844,49.772098541259766
2025-01-02,51.119998931884766,49.997047424316406
2025-01-03,52.84000015258789,51.679264068603516
2025-01-06,54.400001525878906,53.20499801635742
2025-01-07,53.720001220703125,52.53993606567383
2025-01-08,54.31999969482422,53.12675094604492
2025-01-10,53.52000045776367,52.34432601928711
2025-01-13,53.4900016784668,52.31498718261719
2025-01-14,54.0,52.81378173828125
2025-01-15,54.790000915527344,53.586429595947266
2025-01-16,54.540000915527344,53.341922760009766
2025-01-17,54.83000183105469,53.625553131103516
2025-01-21,55.68000030517578,54.456878662109375
2025-01-22,56.11000061035156,54.87743377685547
2025-01-23,55.66999816894531,54.44709396362305
2025-01-24,55.900001525878906,54.67204666137695
2025-01-27,54.54999923706055,53.35169982910156
2025-01-28,54.29999923706055,53.10719299316406
2025-01-29,54.41999816894531,53.22455596923828
2025-01-30,55.27000045776367,54.055885314941406
2025-01-31,53.970001220703125,52.78444290161133
2025-02-03,53.380001068115234,52.207401275634766
2025-02-04,54.349998474121094,53.15609359741211
2025-02-05,54.959999084472656,53.75269317626953
2025-02-06,55.220001220703125,54.00698471069336
2025-02-07,54.13999938964844,52.950706481933594
2025-02-10,55.13999938964844,53.92873764038086
2025-02-11,55.06999969482422,53.86027908325195
2025-02-12,55.15999984741211,53.948299407958984
2025-02-13,56.349998474121094,55.112159729003906
2025-02-14,56.68000030517578,55.43490982055664
2025-02-18,57.439998626708984,56.17821502685547
2025-02-19,58.279998779296875,56.99976348876953
2025-02-20,58.459999084472656,57.17580795288086
2025-02-21,57.59000015258789,56.324920654296875
2025-02-24,57.470001220703125,56.207557678222656
2025-02-25,57.54999923706055,56.285797119140625
2025-02-26,57.810001373291016,56.54008865356445
2025-02-27,55.95000076293945,54.720947265625
2025-02-28,54.66999816894531,53.46906280517578
2025-03-03,54.31999969482422,53.12675094604492
2025-03-04,54.56999969482422,53.37126159667969
2025-03-05,56.04999923706055,54.818748474121094
2025-03-06,54.939998626708984,53.733131408691406
2025-03-07,55.68000030517578,54.456878662109375
2025-03-10,54.09000015258789,52.90180587768555
2025-03-11,54.689998626708984,53.488624572753906
2025-03-12,55.95000076293945,54.720947265625
2025-03-13,55.220001220703125,54.00698471069336
2025-03-14,56.13999938964844,54.90677261352539
2025-03-17,57.86000061035156,56.5889892578125
2025-03-18,56.970001220703125,55.71854019165039
2025-03-19,57.2400016784668,55.98261260986328
2025-03-20,56.72999954223633,55.48381042480469
2025-03-21,56.86000061035156,55.610958099365234
2025-03-24,57.310001373291016,56.05107116699219
2025-03-25,57.06999969482422,55.81634521484375
2025-03-26,56.810001373291016,55.56205749511719
2025-03-27,56.4900016784668,55.24908447265625
2025-03-28,54.790000915527344,53.586429595947266
2025-03-31,54.040000915527344,52.8529052734375
2025-04-01,54.849998474121094,53.64510726928711
2025-04-02,54.630001068115234,53.4299430847168
2025-04-03,53.13999938964844,51.97267150878906
2025-04-04,51.25,50.12419128417969
2025-04-07,50.779998779296875,49.66451644897461
2025-04-08,48.91999816894531,47.84537124633789
2025-04-09,53.279998779296875,52.109596252441406
2025-04-10,51.81999969482422,50.681671142578125
2025-04-11,54.310001373291016,53.116973876953125
2025-04-14,54.349998474121094,53.15609359741211
2025-04-15,54.380001068115234,53.1854362487793
2025-04-16,54.060001373291016,52.872467041015625
2025-04-17,54.310001373291016,53.116973876953125
2025-04-21,54.38999938964844,53.195213317871094
2025-04-22,54.810001373291016,53.60599136352539
2025-04-23,55.599998474121094,54.37863540649414
2025-04-24,55.95000076293945,54.720947265625
2025-04-25,55.810001373291016,54.584022521972656
2025-04-28,55.650001525878906,54.42753982543945
2025-04-29,56.099998474121094,54.86764907836914
2025-04-30,56.189998626708984,54.95567321777344
2025-05-01,55.599998474121094,54.37863540649414
2025-05-02,57.709999084472656,56.442283630371094
2025-05-05,58.380001068115234,57.09756851196289
2025-05-06,58.5,57.21493148803711
2025-05-07,57.790000915527344,56.52052688598633
2025-05-08,57.20000076293945,55.94348907470703
2025-05-09,57.689998626708984,56.42272186279297
2025-05-12,58.040000915527344,56.765037536621094
2025-05-13,58.119998931884766,56.84327697753906
2025-05-14,58.61000061035156,57.322513580322266
2025-05-15,58.79999923706055,57.508338928222656
2025-05-16,58.790000915527344,57.49856185913086
2025-05-19,58.81999969482422,57.52790069580078
2025-05-20,58.400001525878906,57.117130279541016
2025-05-21,59.099998474121094,57.80175018310547
2025-05-22,58.290000915527344,57.009544372558594
2025-05-23,58.959999084472656,57.664825439453125
2025-05-27,59.97999954223633,58.662418365478516
2025-05-28,60.75,59.415504455566406
2025-05-29,61.79999923706055,60.442440032958984
2025-05-30,60.630001068115234,59.29814147949219
2025-06-02,61.7400016784668,60.383758544921875
2025-06-03,61.88999938964844,60.530460357666016
2025-06-04,63.97999954223633,62.57455062866211
2025-06-05,65.36000061035156,63.92423629760742
2025-06-06,65.56999969482422,64.12962341308594
2025-06-09,66.4800033569336,65.01963806152344
2025-06-10,66.16000366210938,64.7066650390625
2025-06-11,66.98999786376953,65.5184326171875
2025-06-12,67.69000244140625,66.20305633544922
2025-06-13,66.41999816894531,64.96095275878906
2025-06-16,68.19000244140625,66.69207000732422
2025-06-17,66.62999725341797,65.16633605957031
2025-06-18,67.87000274658203,66.37910461425781
2025-06-20,68.52999877929688,67.02459716796875
2025-06-23,69.41999816894531,67.89505004882812
2025-06-24,72.6500015258789,71.0541000366211
2025-06-25,72.37000274658203,70.7802505493164
2025-06-26,71.94000244140625,70.35969543457031
2025-06-27,70.73999786376953,69.18605041503906
2025-06-30,71.77999877929688,70.20320892333984
2025-07-01,71.63999938964844,70.0662841796875
2025-07-02,71.94999694824219,70.36946868896484
2025-07-03,72.69999694824219,71.10299682617188
2025-07-07,70.06999969482422,68.53076934814453
2025-07-08,72.08000183105469,70.49662017822266
2025-07-09,72.08000183105469,70.49662017822266
2025-07-10,73.13999938964844,71.53333282470703
2025-07-11,72.55999755859375,70.96607208251953
2025-07-14,73.19999694824219,71.59201049804688
2025-07-15,73.06999969482422,71.46487426757812
2025-07-16,73.08000183105469,71.47465515136719
2025-07-17,73.05999755859375,71.45508575439453
2025-07-18,72.38999938964844,70.79981231689453
2025-07-21,73.87000274658203,72.24729919433594
2025-07-22,72.88999938964844,71.28882598876953
2025-07-23,73.8499984741211,72.22773742675781
2025-07-24,73.30999755859375,71.69960021972656
2025-07-25,73.20999908447266,71.60179901123047
2025-07-28,72.70999908447266,71.11277770996094
2025-07-29,73.48999786376953,71.87564086914062
2025-07-30,73.68000030517578,72.06147003173828
2025-07-31,72.80999755859375,71.21057891845703
2025-08-01,70.6500015258789,69.09803009033203
2025-08-04,72.33000183105469,70.74112701416016
2025-08-05,72.88999938964844,71.28882598876953
2025-08-06,73.18000030517578,71.57245635986328
2025-08-07,73.44000244140625,71.82674407958984
2025-08-08,73.5,71.88542938232422
2025-08-11,73.02999877929688,71.42575073242188
2025-08-12,74.0999984741211,72.47224426269531
2025-08-13,74.72000122070312,73.07862854003906
2025-08-14,73.66000366210938,72.04191589355469
2025-08-15,73.38999938964844,71.77783966064453
2025-08-18,72.80000305175781,71.2008056640625
2025-08-19,71.44000244140625,69.87068176269531
2025-08-20,71.36000061035156,69.79243469238281
2025-08-21,71.22000122070312,69.65550994873047
2025-08-22,73.51000213623047,71.89521026611328
2025-08-25,72.7300033569336,71.1323471069336
2025-08-26,72.38999938964844,70.79981231689453
2025-08-27,72.47000122070312,70.8780517578125
2025-08-28,73.63999938964844,72.02234649658203
2025-08-29,72.23999786376953,70.6530990600586
2025-09-02,71.91999816894531,70.34013366699219
2025-09-03,72.91000366210938,71.30838775634766
2025-09-04,73.06999969482422,71.46487426757812
2025-09-05,73.62999725341797,72.01256561279297
2025-09-08,74.19000244140625,72.56027221679688
2025-09-09,74.91999816894531,73.27423095703125
2025-09-10,76.6500015258789,74.96623229980469
2025-09-11,77.86000061035156,76.14965057373047
2025-09-12,78.66000366210938,76.93208312988281
2025-09-15,79.19000244140625,77.450439453125
2025-09-16,80.69000244140625,78.91748809814453
2025-09-17,79.83000183105469,78.07637786865234
2025-09-18,80.75,78.97616577148438
2025-09-19,80.05000305175781,78.29154205322266
2025-09-22,81.55999755859375,79.76837158203125
2025-09-23,81.44999694824219,79.66078186035156
2025-09-24,80.04000091552734,78.2817611694336
2025-09-25,79.88999938964844,78.13505554199219
2025-09-26,78.87000274658203,77.13746643066406
2025-09-29,80.23999786376953,78.47736358642578
2025-09-30,80.0999984741211,78.34043884277344
2025-10-01,81.88999938964844,80.09112548828125
2025-10-02,83.52999877929688,81.69509887695312
2025-10-03,83.8499984741211,82.00806427001953
2025-10-06,84.77999877929688,82.91764068603516
2025-10-07,83.3499984741211,81.51905059814453
2025-10-08,84.19000244140625,82.3405990600586
2025-10-09,83.43000030517578,81.59729766845703
2025-10-10,80.72000122070312,78.94682312011719
2025-10-13,83.62000274658203,81.78311920166016
2025-10-14,82.69000244140625,80.87355041503906
2025-10-15,85.16999816894531,83.299072265625
2025-10-16,87.87999725341797,85.94953918457031
2025-10-17,88.5199966430664,86.57547760009766
2025-10-20,90.43000030517578,88.44352722167969
2025-10-21,88.63999938964844,86.6928482055664
2025-10-22,89.44999694824219,87.48504638671875
2025-10-23,90.06999969482422,88.0914306640625
2025-10-24,92.05000305175781,90.02793884277344
2025-10-27,94.30999755859375,92.23828887939453
2025-10-28,94.44999694824219,92.37521362304688
2025-10-29,96.9000015258789,94.77140045166016
2025-10-30,95.26000213623047,93.16742706298828
2025-10-31,97.0,94.86920166015625
2025-11-03,100.77999877929688,98.566162109375
2025-11-04,95.76000213623047,93.65644073486328
2025-11-05,96.62000274658203,94.49755096435547
2025-11-06,93.51000213623047,91.45587158203125
2025-11-07,91.80000305175781,89.78343200683594
2025-11-10,95.66999816894531,93.56841278076172
2025-11-11,95.29000091552734,93.19676971435547
2025-11-12,95.91999816894531,93.81292724609375
2025-11-13,94.06999969482422,92.0035629272461
2025-11-14,94.12999725341797,92.06224060058594
2025-11-17,93.0199966430664,90.97662353515625
2025-11-18,91.58999633789062,89.57804107666016
2025-11-19,90.55999755859375,88.57066345214844
2025-11-20,88.52999877929688,86.58525848388672
2025-11-21,89.22000122070312,87.2601089477539
2025-11-24,90.30000305175781,88.3163833618164
2025-11-25,89.79000091552734,87.81758117675781
2025-11-26,91.55000305175781,89.53892517089844
2025-11-28,90.87000274658203,88.87386322021484
2025-12-01,90.62000274658203,88.62935638427734
2025-12-02,92.06999969482422,90.04750061035156
2025-12-03,93.0,90.95706939697266
2025-12-04,91.87000274658203,89.85189819335938
2025-12-05,94.30000305175781,92.228515625
2025-12-08,95.06999969482422,92.98159790039062
2025-12-09,95.56999969482422,93.47061157226562
2025-12-10,96.75,94.62469482421875
2025-12-11,94.95999908447266,92.87401580810547
2025-12-12,92.66999816894531,90.63431549072266
2025-12-15,92.7300033569336,90.69300079345703
2025-12-16,89.5199966430664,89.5199966430664
2025-12-17,88.58000183105469,88.58000183105469
2025-12-18,90.06999969482422,90.06999969482422
2025-12-19,91.33999633789062,91.33999633789062
2025-12-22,91.75,91.75
2025-12-23,92.69999694824219,92.69999694824219
2025-12-24,94.5999984741211,94.5999984741211
2025-12-26,95.83999633789062,95.83999633789062
2025-12-29,98.72000122070312,98.72000122070312
2025-12-30,98.62000274658203,98.62000274658203
2025-12-31,97.22000122070312,97.22000122070312
2026-01-02,102.22000122070312,102.22000122070312
2026-01-05,104.83000183105469,104.83000183105469
2026-01-06,107.61000061035156,107.61000061035156
2026-01-07,107.02999877929688,107.02999877929688
2026-01-08,106.58999633789062,106.58999633789062
2026-01-09,108.88999938964844,108.88999938964844
2026-01-12,108.93000030517578,108.93000030517578
2026-01-13,107.54000091552734,107.54000091552734
2026-01-14,109.63999938964844,109.63999938964844
2026-01-15,111.05000305175781,111.05000305175781
2026-01-16,112.22000122070312,112.22000122070312
2026-01-20,110.97000122070312,110.97000122070312
2026-01-21,115.66000366210938,115.66000366210938
2026-01-22,115.98999786376953,115.98999786376953
2026-01-23,117.97000122070312,117.97000122070312
2026-01-26,117.31999969482422,117.31999969482422
2026-01-27,122.69999694824219,122.69999694824219
2026-01-28,125.55999755859375,125.55999755859375
2026-01-29,124.5,124.5
2026-01-30,122.41000366210938,122.41000366210938
2026-02-02,120.93000030517578,120.93000030517578
2026-02-03,124.31999969482422,124.31999969482422
2026-02-04,120.26000213623047,120.26000213623047
2026-02-05,120.20999908447266,120.20999908447266
2026-02-06,124.70999908447266,124.70999908447266
2026-02-09,126.05000305175781,126.05000305175781
2026-02-10,124.44999694824219,124.44999694824219
2026-02-11,130.60000610351562,130.60000610351562
2026-02-12,130.8000030517578,130.8000030517578
2026-02-13,133.97000122070312,133.97000122070312
2026-02-17,130.67999267578125,130.67999267578125
2026-02-18,132.92999267578125,132.92999267578125
2026-02-19,135.2100067138672,135.2100067138672
2026-02-20,141.8800048828125,141.8800048828125
2026-02-23,139.3000030517578,139.3000030517578
2026-02-24,144.5500030517578,144.5500030517578
2026-02-25,148.88999938964844,148.88999938964844
2026-02-26,150.41000366210938,150.41000366210938
2026-02-27,151.3699951171875,151.3699951171875
2026-03-02,147.5399932861328,147.5399932861328
2026-03-03,132.33999633789062,132.33999633789062
2026-03-04,134.3699951171875,134.3699951171875
2026-03-05,125.73999786376953,125.73999786376953
2026-03-06,126.7300033569336,126.7300033569336
2026-03-09,133.88999938964844,133.88999938964844
2026-03-10,130.3000030517578,130.3000030517578
2026-03-11,132.85000610351562,132.85000610351562
2026-03-12,123.5,123.5
2026-03-13,124.1500015258789,124.1500015258789
2026-03-16,133.10000610351562,133.10000610351562
2026-03-17,134.42999267578125,134.42999267578125
2026-03-18,131.8800048828125,131.8800048828125
2026-03-19,134.82000732421875,134.82000732421875
2026-03-20,125.77999877929688,125.77999877929688
2026-03-23,133.80999755859375,133.80999755859375
2026-03-24,128.75,128.75
2026-03-25,127.73999786376953,127.73999786376953
2026-03-26,119.98999786376953,119.98999786376953
2026-03-27,120.9800033569336,120.9800033569336
2026-03-30,116.43000030517578,116.43000030517578
2026-03-31,123.01000213623047,123.01000213623047
2026-04-01,126.22000122070312,126.22000122070312
2026-04-02,122.87000274658203,122.87000274658203
2026-04-06,125.94000244140625,125.94000244140625
2026-04-07,127.19000244140625,127.19000244140625
2026-04-08,140.07000732421875,140.07000732421875
2026-04-09,139.2899932861328,139.2899932861328
2026-04-10,138.72999572753906,138.72999572753906
2026-04-13,141.22999572753906,141.22999572753906
2026-04-14,146.67999267578125,146.67999267578125
2026-04-15,144.9199981689453,144.9199981689453
2026-04-16,147.47000122070312,147.47000122070312
2026-04-17,152.3300018310547,152.3300018310547
2026-04-20,150.08999633789062,150.08999633789062
2026-04-21,146.7899932861328,146.7899932861328
2026-04-22,155.8000030517578,155.8000030517578
2026-04-23,150.58999633789062,150.58999633789062
2026-04-24,154.57000732421875,154.57000732421875
2026-04-27,156.72999572753906,156.72999572753906
2026-04-28,154.3699951171875,154.3699951171875
2026-04-29,153.9600067138672,153.9600067138672
2026-04-30,160.75999450683594,160.75999450683594
2026-05-01,162.0,162.0
2026-05-04,163.58999633789062,163.58999633789062
2026-05-05,173.47000122070312,173.47000122070312
2026-05-06,181.97999572753906,181.97999572753906
2026-05-07,176.75,176.75
2026-05-08,190.1999969482422,190.1999969482422
2026-05-11,192.85000610351562,192.85000610351562
2026-05-12,178.5,178.5
2026-05-13,188.6300048828125,188.6300048828125
2026-05-14,190.52000427246094,190.52000427246094
2026-05-15,178.86000061035156,178.86000061035156
2026-05-18,176.10000610351562,176.10000610351562
2026-05-19,174.02000427246094,174.02000427246094
2026-05-20,180.11000061035156,180.11000061035156
2026-05-21,186.4199981689453,186.4199981689453
2026-05-22,182.02999877929688,182.02999877929688
2026-05-26,200.64999389648438,200.64999389648438
2026-05-27,198.2899932861328,198.2899932861328
2026-05-28,206.41000366210938,206.41000366210938
2026-05-29,205.8300018310547,205.8300018310547
2026-06-01,216.6999969482422,216.6999969482422
2026-06-02,214.52999877929688,214.52999877929688
2026-06-03,212.9600067138672,212.9600067138672
2026-06-04,203.97000122070312,203.97000122070312
2026-06-05,175.19000244140625,175.19000244140625
2026-06-08,185.63999938964844,185.63999938964844
2026-06-09,184.0500030517578,184.0500030517578
2026-06-10,178.4499969482422,178.4499969482422
2026-06-11,198.94000244140625,198.94000244140625
2026-06-12,197.4499969482422,197.4499969482422
2026-06-15,211.4499969482422,211.4499969482422
2026-06-16,205.91000366210938,205.91000366210938
2026-06-17,205.0800018310547,205.0800018310547
2026-06-18,219.1999969482422,219.1999969482422
2026-06-22,219.02000427246094,219.02000427246094
2026-06-23,192.1999969482422,192.1999969482422
2026-06-24,197.25999450683594,197.25999450683594
2026-06-25,205.0,205.0
2026-06-26,197.27999877929688,197.27999877929688
2026-06-29,197.5,197.5
2026-06-30,201.89999389648438,201.89999389648438
2026-07-01,185.5,185.5
2026-07-02,180.13999938964844,180.13999938964844
2026-07-06,189.85000610351562,189.85000610351562
2026-07-07,181.2899932861328,181.2899932861328
2026-07-08,182.72000122070312,182.72000122070312
2026-07-09,184.75,184.75
2026-07-10,183.52000427246094,183.52000427246094
2026-07-13,168.02000427246094,168.02000427246094
2026-07-14,176.97999572753906,176.97999572753906
2026-07-15,171.63999938964844,171.63999938964844
2026-07-16,163.36000061035156,163.36000061035156
2026-07-17,162.5399932861328,162.5399932861328
2026-07-20,162.86000061035156,162.86000061035156
2026-07-21,172.89999389648438,172.89999389648438
2026-07-22,170.42999267578125,170.42999267578125
2026-07-23,173.86000061035156,173.86000061035156
2026-07-24,162.9600067138672,162.9600067138672
2026-07-27,161.1999969482422,161.1999969482422
2026-07-28,151.4499969482422,151.4499969482422
2026-07-29,144.2100067138672,144.2100067138672
2026-07-30,161.2100067138672,161.2100067138672
2026-07-31,157.10000610351562,157.10000610351562
2026-08-03,160.24000549316406,160.24000549316406
2026-08-04,171.13999938964844,171.13999938964844
2026-08-05,169.13999938964844,169.13999938964844
2026-08-06,164.1199951171875,164.1199951171875
2026-08-07,166.08999633789062,166.08999633789062
2026-08-10,163.1199951171875,163.1199951171875
2026-08-11,167.24000549316406,167.24000549316406
2026-08-12,175.8699951171875,175.8699951171875
2026-08-13,178.6199951171875,178.6199951171875
2026-08-14,179.74000549316406,179.74000549316406
2026-08-17,185.10000610351562,185.10000610351562
2026-08-18,170.0500030517578,170.0500030517578
2026-08-19,174.42999267578125,174.42999267578125
2026-08-20,178.16000366210938,178.16000366210938
2026-08-21,178.33999633789062,178.33999633789062
2026-08-24,173.63999938964844,173.63999938964844
2026-08-25,180.14999389648438,180.14999389648438
2026-08-26,179.17999267578125,179.17999267578125
2026-08-27,182.13999938964844,182.13999938964844
2026-08-28,180.1999969482422,180.1999969482422
2026-08-31,180.86000061035156,180.86000061035156
2026-09-01,175.8000030517578,175.8000030517578
2026-09-02,178.86000061035156,178.86000061035156
2026-09-03,180.55999755859375,180.55999755859375
2026-09-04,188.8699951171875,188.8699951171875
2026-09-08,189.91000366210938,189.91000366210938
2026-09-09,190.77999877929688,190.77999877929688
2026-09-10,182.77999877929688,182.77999877929688
2026-09-11,188.72000122070312,188.72000122070312
2026-09-14,176.22000122070312,176.22000122070312
2026-09-15,176.49000549316406,176.49000549316406
2026-09-16,175.5399932861328,175.5399932861328
2026-09-17,182.38999938964844,182.38999938964844
2026-09-18,181.30999755859375,181.30999755859375
2026-09-21,189.16000366210938,189.16000366210938
2026-09-22,192.6199951171875,192.6199951171875
2026-09-23,185.64999389648438,185.64999389648438
2026-09-24,182.52999877929688,182.52999877929688
2026-09-25,187.17999267578125,187.17999267578125
2026-09-28,183.5800018310547,183.5800018310547
2026-09-29,187.10000610351562,187.10000610351562
2026-09-30,182.77999877929688,182.77999877929688
2026-10-01,186.11000061035156,186.11000061035156
2026-10-02,191.8800048828125,191.8800048828125
