Date,Close,Adj Close
2010-01-04,8.130000114440918,7.044447898864746
2010-01-05,8.182999610900879,7.090371131896973
2010-01-06,8.154999732971191,7.066109657287598
2010-01-07,8.095000267028809,7.014120578765869
2010-01-08,8.14799976348877,7.060044288635254
2010-01-11,8.11299991607666,7.029717922210693
2010-01-12,8.170000076293945,7.079103946685791
2010-01-13,8.149999618530273,7.0617780685424805
2010-01-14,8.289999961853027,7.1830854415893555
2010-01-15,8.300000190734863,7.191750526428223
2010-01-18,8.36299991607666,7.246336936950684
2010-01-19,8.390000343322754,7.2697319984436035
2010-01-20,8.260000228881836,7.1570892333984375
2010-01-21,8.347999572753906,7.233338832855225
2010-01-22,8.265000343322754,7.161421775817871
2010-01-25,8.220000267028809,7.122431755065918
2010-01-26,8.25,7.148423671722412
2010-01-27,8.15999984741211,7.0704426765441895
2010-01-28,8.197999954223633,7.103369235992432
2010-01-29,8.208000183105469,7.11203145980835
2010-02-01,8.199999809265137,7.105100154876709
2010-02-02,8.3100004196167,7.200412750244141
2010-02-03,8.248000144958496,7.146692276000977
2010-02-04,8.218000411987305,7.12069845199585
2010-02-05,8.140000343322754,7.053112030029297
2010-02-08,8.17300033569336,7.081706523895264
2010-02-09,8.149999618530273,7.0617780685424805
2010-02-10,8.137999534606934,7.051379203796387
2010-02-11,8.20300006866455,7.107702255249023
2010-02-12,8.204999923706055,7.109432220458984
2010-02-15,8.243000030517578,7.142360210418701
2010-02-16,8.199999809265137,7.105100154876709
2010-02-17,8.414999961853027,7.2913923263549805
2010-02-18,8.392999649047852,7.272329807281494
2010-02-19,8.338000297546387,7.224675178527832
2010-02-22,8.399999618530273,7.278396129608154
2010-02-23,8.375,7.256733417510986
2010-02-24,8.407999992370605,7.285329818725586
2010-02-25,8.350000381469727,7.235072612762451
2010-02-26,8.359999656677246,7.243739128112793
2010-03-01,8.539999961853027,7.399702072143555
2010-03-02,8.569999694824219,7.425696849822998
2010-03-03,8.520000457763672,7.382376194000244
2010-03-04,8.489999771118164,7.356377601623535
2010-03-05,8.57800006866455,7.4326276779174805
2010-03-08,8.645000457763672,7.490683078765869
2010-03-09,8.722999572753906,7.5582661628723145
2010-03-10,8.637999534606934,7.484617710113525
2010-03-11,8.65999984741211,7.503677845001221
2010-03-12,8.664999961853027,7.508012771606445
2010-03-15,8.670000076293945,7.512345790863037
2010-03-16,8.710000038146973,7.547002792358398
2010-03-17,8.75,7.581661701202393
2010-03-18,8.788000106811523,7.61458683013916
2010-03-19,8.788000106811523,7.61458683013916
2010-03-22,8.812999725341797,7.636250972747803
2010-03-23,8.857999801635742,7.675238609313965
2010-03-24,8.854999542236328,7.672640800476074
2010-03-25,8.914999961853027,7.724630832672119
2010-03-26,8.899999618530273,7.711632251739502
2010-03-29,8.9350004196167,7.74196195602417
2010-03-30,8.98799991607666,7.787886142730713
2010-03-31,8.854999542236328,7.672640800476074
2010-04-01,8.979999542236328,7.7809529304504395
2010-04-06,9.102999687194824,7.887529373168945
2010-04-07,9.072999954223633,7.861532211303711
2010-04-08,9.029999732971191,7.824273586273193
2010-04-09,9.043000221252441,7.835538387298584
2010-04-12,8.954999923706055,7.7592926025390625
2010-04-13,8.873000144958496,7.688238620758057
2010-04-14,8.9350004196167,7.74196195602417
2010-04-15,9.010000228881836,7.806944370269775
2010-04-16,8.838000297546387,7.657914638519287
2010-04-19,8.807999610900879,7.631917476654053
2010-04-20,8.833000183105469,7.653579235076904
2010-04-21,8.89799976348877,7.709899425506592
2010-04-22,8.78499984741211,7.611989974975586
2010-04-23,8.788000106811523,7.61458683013916
2010-04-26,8.994999885559082,7.793950080871582
2010-04-27,8.89799976348877,7.709899425506592
2010-04-28,8.833000183105469,7.653579235076904
2010-04-29,8.942999839782715,7.748891353607178
2010-04-30,8.880000114440918,7.6943039894104
2010-05-03,8.949999809265137,7.7549591064453125
2010-05-04,8.770000457763672,7.598991870880127
2010-05-05,8.852999687194824,7.670910358428955
2010-05-06,8.902999877929688,7.7142333984375
2010-05-07,8.8149995803833,7.637983798980713
2010-05-10,9.03499984741211,7.828607559204102
2010-05-11,8.970000267028809,7.772290229797363
2010-05-12,9.008000373840332,7.805212497711182
2010-05-13,9.079999923706055,7.867600917816162
2010-05-14,9.032999992370605,7.826875686645508
2010-05-17,9.043000221252441,7.835538387298584
2010-05-18,9.079999923706055,7.867600917816162
2010-05-19,8.984999656677246,7.785284042358398
2010-05-20,8.854999542236328,7.672640800476074
2010-05-21,8.699999809265137,7.538339138031006
2010-05-24,8.760000228881836,7.590328216552734
2010-05-25,8.619999885559082,7.469021320343018
2010-05-26,8.729999542236328,7.564333915710449
2010-05-27,8.807999610900879,7.631917476654053
2010-05-28,8.758000373840332,7.588597297668457
2010-05-31,8.774999618530273,7.603325366973877
2010-06-01,8.789999961853027,7.616321086883545
2010-06-02,8.704999923706055,7.542670249938965
2010-06-03,8.883000373840332,7.69690465927124
2010-06-04,8.869999885559082,7.685639381408691
2010-06-07,8.732999801635742,7.566933631896973
2010-06-08,8.720000267028809,7.555667400360107
2010-06-09,8.755000114440918,7.585993766784668
2010-06-10,8.829999923706055,7.65098237991333
2010-06-11,8.857999801635742,7.675238609313965
2010-06-14,8.843000411987305,7.662243843078613
2010-06-15,8.920000076293945,7.728965759277344
2010-06-16,8.998000144958496,7.7965474128723145
2010-06-17,8.95300006866455,7.757559299468994
2010-06-18,8.970000267028809,7.772290229797363
2010-06-21,9.11299991607666,7.8961944580078125
2010-06-22,9.119999885559082,7.902259826660156
2010-06-23,8.989999771118164,7.789616584777832
2010-06-24,8.883000373840332,7.69690465927124
2010-06-25,8.885000228881836,7.698639392852783
2010-06-28,8.90999984741211,7.720297813415527
2010-06-29,8.762999534606934,7.592925548553467
2010-06-30,8.65999984741211,7.503677845001221
2010-07-01,8.390000343322754,7.2697319984436035
2010-07-02,8.385000228881836,7.265398979187012
2010-07-05,8.425000190734863,7.300057888031006
2010-07-06,8.628000259399414,7.475953578948975
2010-07-07,8.642999649047852,7.488947868347168
2010-07-08,8.619999885559082,7.469021320343018
2010-07-09,8.65999984741211,7.503677845001221
2010-07-12,8.67300033569336,7.514944076538086
2010-07-13,8.678000450134277,7.519276142120361
2010-07-14,8.720000267028809,7.555667400360107
2010-07-15,8.472999572753906,7.341647148132324
2010-07-16,8.260000228881836,7.1570892333984375
2010-07-19,8.194999694824219,7.100767612457275
2010-07-20,8.208000183105469,7.11203145980835
2010-07-21,8.3149995803833,7.204746723175049
2010-07-22,8.369999885559082,7.252401351928711
2010-07-23,8.454999923706055,7.326051712036133
2010-07-26,8.383000373840332,7.263667106628418
2010-07-27,8.383000373840332,7.263667106628418
2010-07-28,8.458000183105469,7.328652381896973
2010-07-29,8.479999542236328,7.347713470458984
2010-07-30,8.402999877929688,7.280995845794678
2010-08-02,8.5,7.365044116973877
2010-08-03,8.479999542236328,7.347713470458984
2010-08-04,8.444999694824219,7.317387580871582
2010-08-05,8.46500015258789,7.334717750549316
2010-08-06,8.369999885559082,7.252401351928711
2010-08-09,8.4350004196167,7.308725833892822
2010-08-10,8.432999610900879,7.306990623474121
2010-08-11,8.300000190734863,7.191750526428223
2010-08-12,8.29800033569336,7.19001579284668
2010-08-13,8.343000411987305,7.229007720947266
2010-08-16,8.347999572753906,7.233338832855225
2010-08-17,8.418000221252441,7.293993949890137
2010-08-18,8.385000228881836,7.265398979187012
2010-08-19,8.375,7.256733417510986
2010-08-20,8.369999885559082,7.252401351928711
2010-08-23,8.414999961853027,7.2913923263549805
2010-08-24,8.319999694824219,7.209076404571533
2010-08-25,8.244999885559082,7.144092082977295
2010-08-26,8.244999885559082,7.144092082977295
2010-08-27,8.34000015258789,7.226407051086426
2010-08-30,8.40999984741211,7.287062168121338
2010-08-31,8.289999961853027,7.1830854415893555
2010-09-01,8.420000076293945,7.2957258224487305
2010-09-02,8.373000144958496,7.25499963760376
2010-09-03,8.432999610900879,7.306990623474121
2010-09-06,8.529999732971191,7.391038417816162
2010-09-07,8.583000183105469,7.4369611740112305
2010-09-08,8.54800033569336,7.406634330749512
2010-09-09,8.602999687194824,7.454288959503174
2010-09-10,8.642999649047852,7.488947868347168
2010-09-13,8.65999984741211,7.503677845001221
2010-09-14,8.61299991607666,7.462954998016357
2010-09-15,8.585000038146973,7.438693523406982
2010-09-16,8.489999771118164,7.356377601623535
2010-09-17,8.527999877929688,7.389302730560303
2010-09-20,8.64799976348877,7.493282318115234
2010-09-21,8.555000305175781,7.412699222564697
2010-09-22,8.39799976348877,7.276662349700928
2010-09-23,8.430000305175781,7.304389476776123
2010-09-24,8.390000343322754,7.2697319984436035
2010-09-27,8.404999732971191,7.282729148864746
2010-09-28,8.380000114440918,7.261066436767578
2010-09-29,8.418000221252441,7.293993949890137
2010-09-30,8.305000305175781,7.196080684661865
2010-10-01,8.25,7.148423671722412
2010-10-04,8.1850004196167,7.092104911804199
2010-10-05,8.352999687194824,7.237671375274658
2010-10-06,8.42300033569336,7.298325061798096
2010-10-07,8.444999694824219,7.317387580871582
2010-10-08,8.4399995803833,7.313053607940674
2010-10-11,8.46500015258789,7.334717750549316
2010-10-12,8.368000030517578,7.250669002532959
2010-10-13,8.373000144958496,7.25499963760376
2010-10-14,8.369999885559082,7.252401351928711
2010-10-15,8.383000373840332,7.263667106628418
2010-10-18,8.432999610900879,7.306990623474121
2010-10-19,8.48799991607666,7.354645729064941
2010-10-20,8.387999534606934,7.267996788024902
2010-10-21,8.354999542236328,7.239405155181885
2010-10-22,8.385000228881836,7.265398979187012
2010-10-25,8.373000144958496,7.25499963760376
2010-10-26,8.357999801635742,7.242001533508301
2010-10-27,8.343000411987305,7.229007720947266
2010-10-28,8.335000038146973,7.222075939178467
2010-10-29,8.229999542236328,7.131093502044678
2010-11-01,8.199999809265137,7.105100154876709
2010-11-02,8.164999961853027,7.074775218963623
2010-11-03,8.130000114440918,7.044447898864746
2010-11-04,8.27299976348877,7.168355941772461
2010-11-05,8.489999771118164,7.356377601623535
2010-11-08,8.623000144958496,7.471620559692383
2010-11-09,8.727999687194824,7.562601566314697
2010-11-10,8.699999809265137,7.538339138031006
2010-11-11,8.734999656677246,7.568664073944092
2010-11-12,8.692999839782715,7.532272815704346
2010-11-15,8.789999961853027,7.616321086883545
2010-11-16,8.640000343322754,7.486351490020752
2010-11-17,8.777999877929688,7.605923652648926
2010-11-18,8.949999809265137,7.7549591064453125
2010-11-19,8.883000373840332,7.69690465927124
2010-11-22,8.914999961853027,7.724630832672119
2010-11-23,8.878000259399414,7.692572116851807
2010-11-24,9.0649995803833,7.854602336883545
2010-11-25,9.100000381469727,7.884927749633789
2010-11-26,9.085000038146973,7.871931076049805
2010-11-29,9.11299991607666,7.8961944580078125
2010-11-30,9.152999877929688,7.930850982666016
2010-12-01,9.28499984741211,8.045226097106934
2010-12-02,9.32800006866455,8.08248519897461
2010-12-03,9.23799991607666,8.00450325012207
2010-12-06,9.319999694824219,8.075552940368652
2010-12-07,9.277999877929688,8.03916072845459
2010-12-08,9.25,8.014900207519531
2010-12-09,9.3100004196167,8.066888809204102
2010-12-10,9.267999649047852,8.030495643615723
2010-12-13,9.27299976348877,8.034830093383789
2010-12-14,9.329999923706055,8.084218978881836
2010-12-15,9.3100004196167,8.066888809204102
2010-12-16,9.354999542236328,8.105877876281738
2010-12-17,9.359999656677246,8.110213279724121
2010-12-20,9.40999984741211,8.15353775024414
2010-12-21,9.494999885559082,8.227184295654297
2010-12-22,9.543000221252441,8.268781661987305
2010-12-23,9.53499984741211,8.261845588684082
2010-12-27,9.529999732971191,8.257513046264648
2010-12-28,9.583000183105469,8.303437232971191
2010-12-29,9.640000343322754,8.352827072143555
2010-12-30,9.5,8.231515884399414
2011-01-03,9.550000190734863,8.274842262268066
2011-01-04,9.5600004196167,8.283509254455566
2011-01-05,9.654999732971191,8.365823745727539
2011-01-06,9.753000259399414,8.450740814208984
2011-01-07,9.800000190734863,8.491461753845215
2011-01-10,9.777999877929688,8.47239875793457
2011-01-11,9.829999923706055,8.517457008361816
2011-01-12,9.822999954223633,8.511390686035156
2011-01-13,9.670000076293945,8.378822326660156
2011-01-14,9.619999885559082,8.335495948791504
2011-01-17,9.607999801635742,8.325098037719727
2011-01-18,9.593000411987305,8.312101364135742
2011-01-19,9.53499984741211,8.261845588684082
2011-01-20,9.402999877929688,8.147470474243164
2011-01-21,9.279999732971191,8.040894508361816
2011-01-24,9.270000457763672,8.032232284545898
2011-01-25,9.317999839782715,8.073821067810059
2011-01-26,9.32800006866455,8.08248519897461
2011-01-27,9.262999534606934,8.026165008544922
2011-01-28,9.232999801635742,8.00016975402832
2011-01-31,9.210000038146973,7.980238914489746
2011-02-01,9.260000228881836,8.023564338684082
2011-02-02,9.329999923706055,8.084218978881836
2011-02-03,9.444999694824219,8.183866500854492
2011-02-04,9.529999732971191,8.257513046264648
2011-02-07,9.609999656677246,8.326830863952637
2011-02-08,9.545000076293945,8.270511627197266
2011-02-09,9.432999610900879,8.173466682434082
2011-02-10,9.46500015258789,8.201192855834961
2011-02-11,9.512999534606934,8.24278450012207
2011-02-14,9.604999542236328,8.322498321533203
2011-02-15,9.572999954223633,8.294774055480957
2011-02-16,9.649999618530273,8.361489295959473
2011-02-17,9.64799976348877,8.359758377075195
2011-02-18,9.619999885559082,8.335495948791504
2011-02-21,9.510000228881836,8.24018383026123
2011-02-22,9.458000183105469,8.195128440856934
2011-02-23,9.322999954223633,8.078153610229492
2011-02-24,9.29800033569336,8.056488990783691
2011-02-25,9.414999961853027,8.157868385314941
2011-02-28,9.505000114440918,8.23585319519043
2011-03-01,9.494999885559082,8.227184295654297
2011-03-02,9.354999542236328,8.105877876281738
2011-03-03,9.333000183105469,8.08681869506836
2011-03-04,9.274999618530273,8.036561012268066
2011-03-07,9.204999923706055,7.9759087562561035
2011-03-08,9.274999618530273,8.036561012268066
2011-03-09,9.21500015258789,7.984574317932129
2011-03-10,9.118000030517578,7.900522232055664
2011-03-11,8.895000457763672,7.707302093505859
2011-03-14,8.114999771118164,7.031450271606445
2011-03-15,8.005000114440918,6.9361395835876465
2011-03-16,7.769999980926514,6.732515811920166
2011-03-17,8.140000343322754,7.053112030029297
2011-03-18,8.100000381469727,7.018454074859619
2011-03-21,8.319999694824219,7.209076404571533
2011-03-22,8.380000114440918,7.261066436767578
2011-03-23,8.345000267028809,7.230741024017334
2011-03-24,8.399999618530273,7.278396129608154
2011-03-25,8.368000030517578,7.250669002532959
2011-03-28,8.260000228881836,7.1570892333984375
2011-03-29,8.28499984741211,7.1787519454956055
2011-03-30,8.442999839782715,7.315654277801514
2011-03-31,8.364999771118164,7.248068809509277
2011-04-01,8.345000267028809,7.230741024017334
2011-04-04,8.267999649047852,7.164021015167236
2011-04-05,8.119999885559082,7.035781383514404
2011-04-06,7.994999885559082,6.927472114562988
2011-04-07,7.894999980926514,6.840826034545898
2011-04-08,8.053000450134277,6.977730751037598
2011-04-11,8.024999618530273,6.95346736907959
2011-04-12,7.954999923706055,6.8928141593933105
2011-04-13,8.027999877929688,6.956067085266113
2011-04-14,8.050000190734863,6.975128650665283
2011-04-15,8.079999923706055,7.001123905181885
2011-04-18,8.140000343322754,7.053112030029297
2011-04-19,8.104999542236328,7.022786617279053
2011-04-20,8.178000450134277,7.0860371589660645
2011-04-21,8.208000183105469,7.11203145980835
2011-04-26,8.17300033569336,7.081706523895264
2011-04-27,8.135000228881836,7.048779487609863
2011-04-28,8.3100004196167,7.200412750244141
2011-04-29,8.352999687194824,7.237671375274658
2011-05-02,8.364999771118164,7.248068809509277
2011-05-03,8.369999885559082,7.252401351928711
2011-05-04,8.293000221252441,7.185682773590088
2011-05-05,8.447999954223633,7.319987773895264
2011-05-06,8.585000038146973,7.438693523406982
2011-05-09,8.602999687194824,7.454288959503174
2011-05-10,8.614999771118164,7.464686393737793
2011-05-11,8.602999687194824,7.454288959503174
2011-05-12,8.555000305175781,7.412699222564697
2011-05-13,8.520000457763672,7.382376194000244
2011-05-16,8.468000411987305,7.337316036224365
2011-05-17,8.387999534606934,7.267996788024902
2011-05-18,8.4350004196167,7.308725833892822
2011-05-19,8.354999542236328,7.239405155181885
2011-05-20,8.357999801635742,7.242001533508301
2011-05-23,8.300000190734863,7.191750526428223
2011-05-24,8.295000076293945,7.18741512298584
2011-05-25,8.32800006866455,7.216009140014648
2011-05-26,8.383000373840332,7.263667106628418
2011-05-27,8.375,7.256733417510986
2011-05-30,8.345000267028809,7.230741024017334
2011-05-31,8.404999732971191,7.282729148864746
2011-06-01,8.345000267028809,7.230741024017334
2011-06-02,8.265000343322754,7.161421775817871
2011-06-03,8.180000305175781,7.087772846221924
2011-06-06,8.118000030517578,7.034048557281494
2011-06-07,8.135000228881836,7.048779487609863
2011-06-08,8.208000183105469,7.11203145980835
2011-06-09,8.282999992370605,7.177016735076904
2011-06-10,8.300000190734863,7.191750526428223
2011-06-13,8.28499984741211,7.1787519454956055
2011-06-14,8.329999923706055,7.217743873596191
2011-06-15,8.368000030517578,7.250669002532959
2011-06-16,8.36299991607666,7.246336936950684
2011-06-17,8.312999725341797,7.203011512756348
2011-06-20,8.29800033569336,7.19001579284668
2011-06-21,8.380000114440918,7.261066436767578
2011-06-22,8.437999725341797,7.311323642730713
2011-06-23,8.460000038146973,7.330384731292725
2011-06-24,8.54800033569336,7.406634330749512
2011-06-27,8.444999694824219,7.317387580871582
2011-06-28,8.475000381469727,7.343380451202393
2011-06-29,8.54800033569336,7.406634330749512
2011-06-30,8.583000183105469,7.4369611740112305
2011-07-01,8.600000381469727,7.451691150665283
2011-07-04,8.609999656677246,7.460355758666992
2011-07-05,8.614999771118164,7.464686393737793
2011-07-06,8.762999534606934,7.592925548553467
2011-07-07,8.822999954223633,7.644914627075195
2011-07-08,8.850000381469727,7.66831111907959
2011-07-11,8.907999992370605,7.718565464019775
2011-07-12,9.008000373840332,7.805212497711182
2011-07-13,9.0649995803833,7.854602336883545
2011-07-14,8.982999801635742,7.783552169799805
2011-07-15,8.930000305175781,7.7376275062561035
2011-07-18,8.843000411987305,7.662243843078613
2011-07-19,8.899999618530273,7.711632251739502
2011-07-20,8.963000297546387,7.766222953796387
2011-07-21,8.95300006866455,7.757559299468994
2011-07-22,9.003000259399414,7.800881385803223
2011-07-25,8.958000183105469,7.761888027191162
2011-07-26,8.925000190734863,7.733296871185303
2011-07-27,8.90999984741211,7.720297813415527
2011-07-28,8.947999954223633,7.753223896026611
2011-07-29,8.875,7.689974308013916
2011-08-01,8.954999923706055,7.7592926025390625
2011-08-02,8.892999649047852,7.705569267272949
2011-08-03,8.729999542236328,7.564333915710449
2011-08-04,8.458000183105469,7.328652381896973
2011-08-05,8.300000190734863,7.191750526428223
2011-08-08,8.145000457763672,7.0574445724487305
2011-08-09,8.218000411987305,7.12069845199585
2011-08-10,8.097999572753906,7.016721248626709
2011-08-11,8.210000038146973,7.113765716552734
2011-08-12,8.28499984741211,7.1787519454956055
2011-08-15,8.1850004196167,7.092104911804199
2011-08-16,8.204999923706055,7.109432220458984
2011-08-17,8.194999694824219,7.100767612457275
2011-08-18,7.953000068664551,6.891079902648926
2011-08-19,7.922999858856201,6.865087032318115
2011-08-22,7.853000164031982,6.8044328689575195
2011-08-23,7.929999828338623,6.871152400970459
2011-08-24,7.873000144958496,6.82176399230957
2011-08-25,7.86299991607666,6.813098907470703
2011-08-26,7.933000087738037,6.873751640319824
2011-08-29,7.9730000495910645,6.908412456512451
2011-08-30,8.057999610900879,6.982062339782715
2011-08-31,8.192999839782715,7.099035263061523
2011-09-01,8.255000114440918,7.152760028839111
2011-09-02,8.109999656677246,7.02711820602417
2011-09-05,7.993000030517578,6.925740718841553
2011-09-06,7.96999979019165,6.905810356140137
2011-09-07,8.118000030517578,7.034048557281494
2011-09-08,8.154999732971191,7.066109657287598
2011-09-09,8.123000144958496,7.038383483886719
2011-09-12,8.074999809265137,6.996791839599609
2011-09-13,8.178000450134277,7.0860371589660645
2011-09-14,8.192999839782715,7.099035263061523
2011-09-15,8.220000267028809,7.122431755065918
2011-09-16,8.329999923706055,7.217743873596191
2011-09-19,8.333000183105469,7.220343112945557
2011-09-20,8.378000259399414,7.259335994720459
2011-09-21,8.3149995803833,7.204746723175049
2011-09-22,8.194999694824219,7.100767612457275
2011-09-23,8.218000411987305,7.12069845199585
2011-09-26,8.194999694824219,7.100767612457275
2011-09-27,8.369999885559082,7.252401351928711
2011-09-28,8.333000183105469,7.220343112945557
2011-09-29,8.380000114440918,7.261066436767578
2011-09-30,8.380000114440918,7.261066436767578
2011-10-04,8.289999961853027,7.1830854415893555
2011-10-05,8.343000411987305,7.229007720947266
2011-10-06,8.402999877929688,7.280995845794678
2011-10-07,8.354999542236328,7.239405155181885
2011-10-10,8.402999877929688,7.280995845794678
2011-10-11,8.418000221252441,7.293993949890137
2011-10-12,8.347999572753906,7.233338832855225
2011-10-13,8.352999687194824,7.237671375274658
2011-10-14,8.27299976348877,7.168355941772461
2011-10-17,8.368000030517578,7.250669002532959
2011-10-18,8.36299991607666,7.246336936950684
2011-10-19,8.347999572753906,7.233338832855225
2011-10-20,8.27299976348877,7.168355941772461
2011-10-21,8.322999954223633,7.2116780281066895
2011-10-24,8.378000259399414,7.259335994720459
2011-10-25,8.322999954223633,7.2116780281066895
2011-10-26,8.319999694824219,7.209076404571533
2011-10-27,8.413000106811523,7.289661884307861
2011-10-28,8.45300006866455,7.324320316314697
2011-10-31,8.229999542236328,7.131093502044678
2011-11-01,8.180000305175781,7.087772846221924
2011-11-02,8.128000259399414,7.042715549468994
2011-11-03,8.210000038146973,7.113765716552734
2011-11-04,8.152999877929688,7.064376354217529
2011-11-07,8.175000190734863,7.083438873291016
2011-11-08,8.145000457763672,7.0574445724487305
2011-11-09,8.213000297546387,7.116365432739258
2011-11-10,8.133000373840332,7.047046661376953
2011-11-11,8.145000457763672,7.0574445724487305
2011-11-14,8.204999923706055,7.109432220458984
2011-11-15,8.232999801635742,7.133694648742676
2011-11-16,8.220000267028809,7.122431755065918
2011-11-17,8.157999992370605,7.068709850311279
2011-11-18,8.142999649047852,7.055711269378662
2011-11-21,7.9679999351501465,6.904078483581543
2011-11-22,7.982999801635742,6.917075157165527
2011-11-23,7.942999839782715,6.882415771484375
2011-11-24,7.980000019073486,6.914477348327637
2011-11-25,7.989999771118164,6.923141002655029
2011-11-28,8.118000030517578,7.034048557281494
2011-11-29,8.208000183105469,7.11203145980835
2011-11-30,8.324999809265137,7.213409900665283
2011-12-01,8.270000457763672,7.165755271911621
2011-12-02,8.390000343322754,7.2697319984436035
2011-12-05,8.383000373840332,7.263667106628418
2011-12-06,8.322999954223633,7.2116780281066895
2011-12-07,8.364999771118164,7.248068809509277
2011-12-08,8.343000411987305,7.229007720947266
2011-12-09,8.364999771118164,7.248068809509277
2011-12-12,8.359999656677246,7.243739128112793
2011-12-13,8.477999687194824,7.345981121063232
2011-12-14,8.380000114440918,7.261066436767578
2011-12-15,8.343000411987305,7.229007720947266
2011-12-16,8.354999542236328,7.239405155181885
2011-12-19,8.248000144958496,7.146692276000977
2011-12-20,8.359999656677246,7.243739128112793
2011-12-21,8.32800006866455,7.216009140014648
2011-12-22,8.32800006866455,7.216009140014648
2011-12-23,8.4350004196167,7.308725833892822
2011-12-27,8.380000114440918,7.261066436767578
2011-12-28,8.364999771118164,7.248068809509277
2011-12-29,8.437999725341797,7.311323642730713
2011-12-30,8.46500015258789,7.334717750549316
2012-01-02,8.725000381469727,7.560002326965332
2012-01-03,8.635000228881836,7.4820170402526855
2012-01-04,8.633000373840332,7.480285167694092
2012-01-05,8.64799976348877,7.493282318115234
2012-01-06,8.607999801635742,7.45862340927124
2012-01-09,8.569999694824219,7.425696849822998
2012-01-10,8.687999725341797,7.52794075012207
2012-01-11,8.70300006866455,7.5409393310546875
2012-01-12,8.607999801635742,7.45862340927124
2012-01-13,8.720000267028809,7.555667400360107
2012-01-16,8.725000381469727,7.560002326965332
2012-01-17,8.73799991607666,7.571264743804932
2012-01-18,8.77299976348877,7.601592063903809
2012-01-19,8.812999725341797,7.636250972747803
2012-01-20,8.833000183105469,7.653579235076904
2012-01-23,8.833000183105469,7.653579235076904
2012-01-24,8.767999649047852,7.597259998321533
2012-01-25,8.78499984741211,7.611989974975586
2012-01-26,8.77299976348877,7.601592063903809
2012-01-27,8.795000076293945,7.62065315246582
2012-01-30,8.8149995803833,7.637983798980713
2012-01-31,8.883000373840332,7.69690465927124
2012-02-01,8.869999885559082,7.685639381408691
2012-02-02,8.92300033569336,7.731562614440918
2012-02-03,8.960000038146973,7.763622760772705
2012-02-06,8.928000450134277,7.735897541046143
2012-02-07,8.854999542236328,7.672640800476074
2012-02-08,8.859999656677246,7.676973342895508
2012-02-09,8.819999694824219,7.642315864562988
2012-02-10,8.765000343322754,7.594659805297852
2012-02-13,8.843000411987305,7.662243843078613
2012-02-14,8.878000259399414,7.692572116851807
2012-02-15,9.11299991607666,7.8961944580078125
2012-02-16,9.09000015258789,7.876264572143555
2012-02-17,9.118000030517578,7.900522232055664
2012-02-20,9.053000450134277,7.844204902648926
2012-02-21,9.02299976348877,7.818210124969482
2012-02-22,9.057999610900879,7.848536014556885
2012-02-23,9.032999992370605,7.826875686645508
2012-02-24,9.008000373840332,7.805212497711182
2012-02-27,8.914999961853027,7.724630832672119
2012-02-28,9.085000038146973,7.871931076049805
2012-02-29,9.07800006866455,7.865864276885986
2012-03-01,9.109999656677246,7.893594741821289
2012-03-02,9.140000343322754,7.919589519500732
2012-03-05,9.043000221252441,7.835538387298584
2012-03-06,9.038000106811523,7.831209659576416
2012-03-07,9.09000015258789,7.876264572143555
2012-03-08,9.1850004196167,7.958582401275635
2012-03-09,9.333000183105469,8.08681869506836
2012-03-12,9.213000297546387,7.982842922210693
2012-03-13,9.282999992370605,8.04349136352539
2012-03-14,9.324999809265137,8.079886436462402
2012-03-15,9.343000411987305,8.095479965209961
2012-03-16,9.305000305175781,8.0625581741333
2012-03-19,9.229999542236328,7.997570991516113
2012-03-20,9.178000450134277,7.952515125274658
2012-03-21,9.178000450134277,7.952515125274658
2012-03-22,9.243000030517578,8.008835792541504
2012-03-23,9.163000106811523,7.939518451690674
2012-03-26,9.1850004196167,7.958582401275635
2012-03-27,9.282999992370605,8.04349136352539
2012-03-28,9.3100004196167,8.066888809204102
2012-03-29,9.295000076293945,8.053892135620117
2012-03-30,9.335000038146973,8.08855152130127
2012-04-02,9.364999771118164,8.114544868469238
2012-04-03,9.277999877929688,8.03916072845459
2012-04-04,9.069999694824219,7.8589324951171875
2012-04-05,9.168000221252441,7.943850994110107
2012-04-10,9.043000221252441,7.835538387298584
2012-04-11,9.067999839782715,7.857201099395752
2012-04-12,9.107999801635742,7.891857147216797
2012-04-13,9.145000457763672,7.923921585083008
2012-04-16,9.14799976348877,7.926520824432373
2012-04-17,9.175000190734863,7.949913501739502
2012-04-18,9.142999649047852,7.922184944152832
2012-04-19,9.07800006866455,7.865864276885986
2012-04-20,9.03499984741211,7.828607559204102
2012-04-23,8.963000297546387,7.766222953796387
2012-04-24,9.008000373840332,7.805212497711182
2012-04-25,9.053000450134277,7.844204902648926
2012-04-26,9.053000450134277,7.844204902648926
2012-04-27,9.050000190734863,7.841607570648193
2012-04-30,9.045000076293945,7.837274074554443
2012-05-02,8.958000183105469,7.761888027191162
2012-05-03,8.914999961853027,7.724630832672119
2012-05-04,8.878000259399414,7.692572116851807
2012-05-07,8.9399995803833,7.7462921142578125
2012-05-08,8.852999687194824,7.670910358428955
2012-05-09,8.84000015258789,7.6596455574035645
2012-05-10,8.885000228881836,7.698639392852783
2012-05-11,8.838000297546387,7.657914638519287
2012-05-14,8.78499984741211,7.611989974975586
2012-05-15,8.824999809265137,7.646646022796631
2012-05-16,8.725000381469727,7.560002326965332
2012-05-17,8.75,7.581661701202393
2012-05-18,8.70300006866455,7.5409393310546875
2012-05-21,8.687999725341797,7.52794075012207
2012-05-22,8.755000114440918,7.585993766784668
2012-05-23,8.657999992370605,7.501947402954102
2012-05-24,8.718000411987305,7.553934574127197
2012-05-25,8.732999801635742,7.566933631896973
2012-05-28,8.73799991607666,7.571264743804932
2012-05-29,8.833000183105469,7.653579235076904
2012-05-30,8.838000297546387,7.657914638519287
2012-05-31,8.883000373840332,7.69690465927124
2012-06-01,8.720000267028809,7.555667400360107
2012-06-04,8.630000114440918,7.477686405181885
2012-06-05,8.739999771118164,7.572997570037842
2012-06-06,8.833000183105469,7.653579235076904
2012-06-07,8.774999618530273,7.603325366973877
2012-06-08,8.670000076293945,7.512345790863037
2012-06-11,8.718000411987305,7.553934574127197
2012-06-12,8.753000259399414,7.584260940551758
2012-06-13,8.720000267028809,7.555667400360107
2012-06-14,8.708000183105469,7.5452704429626465
2012-06-15,8.795000076293945,7.62065315246582
2012-06-18,8.878000259399414,7.692572116851807
2012-06-19,8.850000381469727,7.66831111907959
2012-06-20,8.833000183105469,7.653579235076904
2012-06-21,8.887999534606934,7.701234817504883
2012-06-22,8.869999885559082,7.685639381408691
2012-06-25,8.843000411987305,7.662243843078613
2012-06-26,8.890000343322754,7.702969551086426
2012-06-27,8.98799991607666,7.787886142730713
2012-06-28,9.067999839782715,7.857201099395752
2012-06-29,9.097999572753906,7.88319730758667
2012-07-02,9.180000305175781,7.95424747467041
2012-07-03,9.220000267028809,7.98890495300293
2012-07-04,9.232999801635742,8.00016975402832
2012-07-05,9.312999725341797,8.069485664367676
2012-07-06,9.279999732971191,8.040894508361816
2012-07-09,9.199999809265137,7.971577167510986
2012-07-10,9.262999534606934,8.026165008544922
2012-07-11,9.234999656677246,8.001901626586914
2012-07-12,9.114999771118164,7.89792537689209
2012-07-13,9.194999694824219,7.967245578765869
2012-07-16,9.050000190734863,7.841607570648193
2012-07-17,9.053000450134277,7.844204902648926
2012-07-18,9.074999809265137,7.863267421722412
2012-07-19,9.128000259399414,7.909191131591797
2012-07-20,9.024999618530273,7.819941520690918
2012-07-23,8.89799976348877,7.709899425506592
2012-07-24,8.918000221252441,7.727231502532959
2012-07-25,8.850000381469727,7.66831111907959
2012-07-26,8.854999542236328,7.672640800476074
2012-07-27,8.904999732971191,7.71596622467041
2012-07-30,9.008000373840332,7.805212497711182
2012-07-31,9.0,7.798280239105225
2012-08-01,9.005000114440918,7.802614688873291
2012-08-02,8.98799991607666,7.787886142730713
2012-08-03,8.949999809265137,7.7549591064453125
2012-08-06,9.029999732971191,7.824273586273193
2012-08-07,9.11299991607666,7.8961944580078125
2012-08-08,9.17300033569336,7.948182582855225
2012-08-09,9.27299976348877,8.034830093383789
2012-08-10,9.225000381469727,7.993239879608154
2012-08-13,9.1899995803833,7.962909698486328
2012-08-14,9.229999542236328,7.997570991516113
2012-08-15,9.218000411987305,7.987173080444336
2012-08-16,9.29800033569336,8.056488990783691
2012-08-17,9.392999649047852,8.138808250427246
2012-08-20,9.347999572753906,8.099815368652344
2012-08-21,9.307999610900879,8.065153121948242
2012-08-22,9.210000038146973,7.980238914489746
2012-08-23,9.218000411987305,7.987173080444336
2012-08-24,9.220000267028809,7.98890495300293
2012-08-27,9.258000373840332,8.021832466125488
2012-08-28,9.163000106811523,7.939518451690674
2012-08-29,9.187999725341797,7.961177825927734
2012-08-30,9.095000267028809,7.880598545074463
2012-08-31,9.039999961853027,7.8329386711120605
2012-09-03,8.925000190734863,7.733296871185303
2012-09-04,8.878000259399414,7.692572116851807
2012-09-05,8.807999610900879,7.631917476654053
2012-09-06,8.875,7.689974308013916
2012-09-07,8.857999801635742,7.675238609313965
2012-09-10,8.847999572753906,7.666576385498047
2012-09-11,8.835000038146973,7.6553120613098145
2012-09-12,8.928000450134277,7.735897541046143
2012-09-13,8.977999687194824,7.779221534729004
2012-09-14,8.993000030517578,7.792216777801514
2012-09-17,8.954999923706055,7.7592926025390625
2012-09-18,8.914999961853027,7.724630832672119
2012-09-19,8.98799991607666,7.787886142730713
2012-09-20,8.968000411987305,7.770551681518555
2012-09-21,8.994999885559082,7.793950080871582
2012-09-24,8.977999687194824,7.779221534729004
2012-09-25,9.02299976348877,7.818210124969482
2012-09-26,8.914999961853027,7.724630832672119
2012-09-27,9.015000343322754,7.811280250549316
2012-09-28,8.887999534606934,7.701234817504883
2012-10-01,8.869999885559082,7.685639381408691
2012-10-02,8.755000114440918,7.585993766784668
2012-10-04,8.743000030517578,7.575596809387207
2012-10-05,8.739999771118164,7.572997570037842
2012-10-08,8.722999572753906,7.5582661628723145
2012-10-09,8.678000450134277,7.519276142120361
2012-10-10,8.5600004196167,7.417032241821289
2012-10-11,8.54800033569336,7.406634330749512
2012-10-12,8.482999801635742,7.350311756134033
2012-10-15,8.532999992370605,7.3936381340026855
2012-10-16,8.593000411987305,7.445626258850098
2012-10-17,8.633000373840332,7.480285167694092
2012-10-18,8.704999923706055,7.542670249938965
2012-10-19,8.687999725341797,7.52794075012207
2012-10-22,8.708000183105469,7.5452704429626465
2012-10-23,8.657999992370605,7.501947402954102
2012-10-24,8.727999687194824,7.562601566314697
2012-10-25,8.774999618530273,7.603325366973877
2012-10-26,8.743000030517578,7.575596809387207
2012-10-29,8.734999656677246,7.568664073944092
2012-10-30,8.67300033569336,7.514944076538086
2012-10-31,8.687999725341797,7.52794075012207
2012-11-01,8.774999618530273,7.603325366973877
2012-11-02,8.8149995803833,7.637983798980713
2012-11-05,8.824999809265137,7.646646022796631
2012-11-06,8.829999923706055,7.65098237991333
2012-11-07,8.704999923706055,7.542670249938965
2012-11-08,8.720000267028809,7.555667400360107
2012-11-09,8.725000381469727,7.560002326965332
2012-11-12,8.65999984741211,7.503677845001221
2012-11-13,8.664999961853027,7.508012771606445
2012-11-14,8.585000038146973,7.438693523406982
2012-11-15,8.579999923706055,7.434361457824707
2012-11-16,8.765000343322754,7.594659805297852
2012-11-19,8.880000114440918,7.6943039894104
2012-11-20,8.8149995803833,7.637983798980713
2012-11-21,8.857999801635742,7.675238609313965
2012-11-22,8.899999618530273,7.711632251739502
2012-11-23,8.892999649047852,7.705569267272949
2012-11-26,8.845000267028809,7.66397762298584
2012-11-27,8.883000373840332,7.69690465927124
2012-11-28,8.829999923706055,7.65098237991333
2012-11-29,8.918000221252441,7.727231502532959
2012-11-30,8.892999649047852,7.705569267272949
2012-12-03,8.869999885559082,7.685639381408691
2012-12-04,8.857999801635742,7.675238609313965
2012-12-05,8.857999801635742,7.675238609313965
2012-12-06,8.977999687194824,7.779221534729004
2012-12-07,8.975000381469727,7.776621341705322
2012-12-10,9.0,7.798280239105225
2012-12-11,8.994999885559082,7.793950080871582
2012-12-12,8.963000297546387,7.766222953796387
2012-12-13,8.970000267028809,7.772290229797363
2012-12-14,8.925000190734863,7.733296871185303
2012-12-17,8.960000038146973,7.763622760772705
2012-12-18,9.0600004196167,7.850268840789795
2012-12-19,9.114999771118164,7.89792537689209
2012-12-20,9.114999771118164,7.89792537689209
2012-12-21,9.079999923706055,7.867600917816162
2012-12-27,9.157999992370605,7.935182571411133
2012-12-28,9.199999809265137,7.971577167510986
2013-01-02,9.430000305175781,8.170865058898926
2013-01-03,9.503000259399414,8.234119415283203
2013-01-04,9.387999534606934,8.13447380065918
2013-01-07,9.267999649047852,8.030495643615723
2013-01-08,9.192999839782715,7.96550989151001
2013-01-09,9.3149995803833,8.071220397949219
2013-01-10,9.267999649047852,8.030495643615723
2013-01-11,9.187999725341797,7.961177825927734
2013-01-14,9.248000144958496,8.013167381286621
2013-01-15,9.227999687194824,7.9958391189575195
2013-01-16,9.104999542236328,7.889261245727539
2013-01-17,9.062999725341797,7.852869987487793
2013-01-18,9.175000190734863,7.949913501739502
2013-01-21,9.088000297546387,7.874532699584961
2013-01-22,9.020000457763672,7.815613746643066
2013-01-23,8.960000038146973,7.763622760772705
2013-01-24,9.045000076293945,7.837274074554443
2013-01-25,9.010000228881836,7.806944370269775
2013-01-28,8.885000228881836,7.698639392852783
2013-01-29,8.960000038146973,7.763622760772705
2013-01-30,9.043000221252441,7.835538387298584
2013-01-31,8.984999656677246,7.785284042358398
2013-02-01,8.949999809265137,7.7549591064453125
2013-02-04,8.958000183105469,7.761888027191162
2013-02-05,8.899999618530273,7.711632251739502
2013-02-06,9.03499984741211,7.828607559204102
2013-02-07,9.053000450134277,7.844204902648926
2013-02-08,9.043000221252441,7.835538387298584
2013-02-11,9.102999687194824,7.887529373168945
2013-02-12,9.085000038146973,7.871931076049805
2013-02-13,9.0649995803833,7.854602336883545
2013-02-14,9.118000030517578,7.900522232055664
2013-02-15,9.095000267028809,7.880598545074463
2013-02-18,9.14799976348877,7.926520824432373
2013-02-19,9.163000106811523,7.939518451690674
2013-02-20,9.255000114440918,8.019234657287598
2013-02-21,9.199999809265137,7.971577167510986
2013-02-22,9.380000114440918,8.127541542053223
2013-02-25,9.42300033569336,8.164800643920898
2013-02-26,9.520000457763672,8.248849868774414
2013-02-27,9.484999656677246,8.218522071838379
2013-02-28,9.567999839782715,8.29043960571289
2013-03-01,9.675000190734863,8.383150100708008
2013-03-04,9.699999809265137,8.404813766479492
2013-03-05,9.78499984741211,8.478464126586914
2013-03-06,9.904999732971191,8.582441329956055
2013-03-07,9.838000297546387,8.52438735961914
2013-03-08,10.0,8.66475772857666
2013-03-11,9.913000106811523,8.589375495910645
2013-03-12,9.838000297546387,8.52438735961914
2013-03-13,9.949999809265137,8.62143325805664
2013-03-14,10.029999732971191,8.690751075744629
2013-03-15,10.069999694824219,8.725411415100098
2013-03-18,10.119999885559082,8.7687349319458
2013-03-19,10.1899995803833,8.829387664794922
2013-03-20,10.229999542236328,8.86404800415039
2013-03-21,10.300000190734863,8.924699783325195
2013-03-22,10.199999809265137,8.838051795959473
2013-03-25,10.34000015258789,8.95936107635498
2013-03-26,10.350000381469727,8.968023300170898
2013-03-27,10.449999809265137,9.054670333862305
2013-03-28,10.369999885559082,8.985352516174316
2013-04-02,10.270000457763672,8.89870548248291
2013-04-03,10.359999656677246,8.97668743133545
2013-04-04,10.59000015258789,9.17597484588623
2013-04-05,10.430000305175781,9.037341117858887
2013-04-08,10.4399995803833,9.04600715637207
2013-04-09,10.34000015258789,8.95936107635498
2013-04-10,10.449999809265137,9.054670333862305
2013-04-11,10.449999809265137,9.054670333862305
2013-04-12,10.460000038146973,9.063335418701172
2013-04-15,10.430000305175781,9.037341117858887
2013-04-16,10.5,9.097994804382324
2013-04-17,10.489999771118164,9.08932876586914
2013-04-18,10.460000038146973,9.063335418701172
2013-04-19,10.489999771118164,9.08932876586914
2013-04-22,10.569999694824219,9.158647537231445
2013-04-23,10.699999809265137,9.27129077911377
2013-04-24,10.869999885559082,9.418593406677246
2013-04-25,10.930000305175781,9.470580101013184
2013-04-26,10.930000305175781,9.470580101013184
2013-04-29,10.890000343322754,9.435921669006348
2013-04-30,10.890000343322754,9.435921669006348
2013-05-02,10.949999809265137,9.487909317016602
2013-05-03,11.020000457763672,9.548561096191406
2013-05-06,11.039999961853027,9.565892219543457
2013-05-07,11.079999923706055,9.600549697875977
2013-05-08,11.109999656677246,9.626543045043945
2013-05-09,11.109999656677246,9.626543045043945
2013-05-10,11.319999694824219,9.80850601196289
2013-05-13,11.34000015258789,9.825834274291992
2013-05-14,11.40999984741211,9.88648796081543
2013-05-15,11.630000114440918,10.07711410522461
2013-05-16,11.5,9.964470863342285
2013-05-17,11.6899995803833,10.12910270690918
2013-05-20,11.739999771118164,10.172425270080566
2013-05-21,11.789999961853027,10.215749740600586
2013-05-22,12.100000381469727,10.484357833862305
2013-05-23,11.1899995803833,9.6958646774292
2013-05-24,10.970000267028809,9.505239486694336
2013-05-27,10.739999771118164,9.305949211120605
2013-05-28,11.140000343322754,9.652538299560547
2013-05-29,10.699999809265137,9.27129077911377
2013-05-30,10.579999923706055,9.167312622070312
2013-05-31,10.539999961853027,9.132654190063477
2013-06-03,10.140000343322754,8.786067008972168
2013-06-04,10.510000228881836,9.106660842895508
2013-06-05,10.09000015258789,8.742740631103516
2013-06-06,9.90999984741211,8.586773872375488
2013-06-07,10.34000015258789,8.95936107635498
2013-06-10,10.539999961853027,9.132654190063477
2013-06-11,10.390000343322754,9.002683639526367
2013-06-12,10.380000114440918,8.994016647338867
2013-06-13,10.210000038146973,8.846715927124023
2013-06-14,10.109999656677246,8.760071754455566
2013-06-17,10.489999771118164,9.08932876586914
2013-06-18,10.489999771118164,9.08932876586914
2013-06-19,10.5,9.097994804382324
2013-06-20,10.15999984741211,8.803393363952637
2013-06-21,10.390000343322754,9.002683639526367
2013-06-24,10.149999618530273,8.794729232788086
2013-06-25,10.369999885559082,8.985352516174316
2013-06-26,10.319999694824219,8.942028999328613
2013-06-27,10.569999694824219,9.158647537231445
2013-06-28,10.75,9.314613342285156
2013-07-01,10.880000114440918,9.42725658416748
2013-07-02,11.020000457763672,9.548561096191406
2013-07-03,10.829999923706055,9.383931159973145
2013-07-04,11.069999694824219,9.591887474060059
2013-07-05,11.109999656677246,9.626543045043945
2013-07-08,11.119999885559082,9.635209083557129
2013-07-09,11.300000190734863,9.791172981262207
2013-07-10,11.239999771118164,9.739187240600586
2013-07-11,11.300000190734863,9.791172981262207
2013-07-12,11.270000457763672,9.765180587768555
2013-07-15,11.270000457763672,9.765180587768555
2013-07-16,11.140000343322754,9.652538299560547
2013-07-17,11.25,9.74785327911377
2013-07-18,11.369999885559082,9.851826667785645
2013-07-19,11.210000038146973,9.713190078735352
2013-07-22,11.15999984741211,9.669869422912598
2013-07-23,11.170000076293945,9.678533554077148
2013-07-24,11.130000114440918,9.643877029418945
2013-07-25,10.880000114440918,9.42725658416748
2013-07-26,10.65999984741211,9.23663330078125
2013-07-29,10.489999771118164,9.08932876586914
2013-07-30,10.5600004196167,9.149981498718262
2013-07-31,10.449999809265137,9.054670333862305
2013-08-01,10.819999694824219,9.375267028808594
2013-08-02,10.880000114440918,9.42725658416748
2013-08-05,10.920000076293945,9.461915969848633
2013-08-06,10.930000305175781,9.470580101013184
2013-08-07,10.739999771118164,9.305949211120605
2013-08-08,10.460000038146973,9.063335418701172
2013-08-09,10.529999732971191,9.12398910522461
2013-08-12,10.5600004196167,9.149981498718262
2013-08-13,10.65999984741211,9.23663330078125
2013-08-14,10.710000038146973,9.279953956604004
2013-08-15,10.529999732971191,9.12398910522461
2013-08-16,10.510000228881836,9.106660842895508
2013-08-19,10.5,9.097994804382324
2013-08-20,10.279999732971191,8.907366752624512
2013-08-21,10.210000038146973,8.846715927124023
2013-08-22,10.319999694824219,8.942028999328613
2013-08-23,10.350000381469727,8.968023300170898
2013-08-26,10.359999656677246,8.97668743133545
2013-08-27,10.239999771118164,8.872712135314941
2013-08-28,10.289999961853027,8.916032791137695
2013-08-29,10.449999809265137,9.054670333862305
2013-08-30,10.260000228881836,8.890040397644043
2013-09-02,10.470000267028809,9.071999549865723
2013-09-03,10.619999885559082,9.201970100402832
2013-09-04,10.670000076293945,9.245296478271484
2013-09-05,10.710000038146973,9.279953956604004
2013-09-06,10.630000114440918,9.210638999938965
2013-09-09,10.779999732971191,9.340607643127441
2013-09-10,10.9399995803833,9.479241371154785
2013-09-11,10.84000015258789,9.392597198486328
2013-09-12,10.819999694824219,9.375267028808594
2013-09-13,10.880000114440918,9.42725658416748
2013-09-16,11.010000228881836,9.539898872375488
2013-09-17,10.880000114440918,9.42725658416748
2013-09-18,10.970000267028809,9.505239486694336
2013-09-19,11.0600004196167,9.583220481872559
2013-09-20,10.979999542236328,9.51390552520752
2013-09-23,10.949999809265137,9.487909317016602
2013-09-24,11.09000015258789,9.609213829040527
2013-09-25,10.970000267028809,9.505239486694336
2013-09-26,11.119999885559082,9.635209083557129
2013-09-27,11.0600004196167,9.583220481872559
2013-09-30,10.970000267028809,9.505239486694336
2013-10-01,10.970000267028809,9.505239486694336
2013-10-02,10.739999771118164,9.305949211120605
2013-10-04,10.670000076293945,9.245296478271484
2013-10-07,10.579999923706055,9.167312622070312
2013-10-08,10.539999961853027,9.132654190063477
2013-10-09,10.699999809265137,9.27129077911377
2013-10-10,10.859999656677246,9.409926414489746
2013-10-11,10.859999656677246,9.409926414489746
2013-10-14,10.84000015258789,9.392597198486328
2013-10-15,10.930000305175781,9.470580101013184
2013-10-16,11.0,9.531232833862305
2013-10-17,10.930000305175781,9.470580101013184
2013-10-18,10.970000267028809,9.505239486694336
2013-10-21,10.989999771118164,9.522567749023438
2013-10-22,10.960000038146973,9.496572494506836
2013-10-23,10.710000038146973,9.279953956604004
2013-10-24,10.789999961853027,9.349272727966309
2013-10-25,10.630000114440918,9.210638999938965
2013-10-28,10.670000076293945,9.245296478271484
2013-10-29,10.75,9.314613342285156
2013-10-30,10.75,9.314613342285156
2013-10-31,10.84000015258789,9.392597198486328
2013-11-01,10.770000457763672,9.331947326660156
2013-11-04,10.739999771118164,9.305949211120605
2013-11-05,10.720000267028809,9.288620948791504
2013-11-06,10.819999694824219,9.375267028808594
2013-11-07,10.779999732971191,9.340607643127441
2013-11-08,10.8100004196167,9.366601943969727
2013-11-11,10.819999694824219,9.375267028808594
2013-11-12,10.899999618530273,9.444584846496582
2013-11-13,10.989999771118164,9.522567749023438
2013-11-14,11.220000267028809,9.721860885620117
2013-11-15,11.369999885559082,9.851826667785645
2013-11-18,11.289999961853027,9.782510757446289
2013-11-19,11.25,9.74785327911377
2013-11-20,11.34000015258789,9.825834274291992
2013-11-21,11.449999809265137,9.92114543914795
2013-11-22,11.350000381469727,9.834497451782227
2013-11-25,11.390000343322754,9.869158744812012
2013-11-26,11.260000228881836,9.756516456604004
2013-11-27,11.319999694824219,9.80850601196289
2013-11-28,11.329999923706055,9.817170143127441
2013-11-29,11.3100004196167,9.79983901977539
2013-12-02,11.369999885559082,9.851826667785645
2013-12-03,11.1899995803833,9.6958646774292
2013-12-04,11.119999885559082,9.635209083557129
2013-12-05,10.90999984741211,9.453248977661133
2013-12-06,11.079999923706055,9.600549697875977
2013-12-09,11.119999885559082,9.635209083557129
2013-12-10,10.989999771118164,9.522567749023438
2013-12-11,10.90999984741211,9.453248977661133
2013-12-12,10.970000267028809,9.505239486694336
2013-12-13,10.90999984741211,9.453248977661133
2013-12-16,10.869999885559082,9.418593406677246
2013-12-17,10.8100004196167,9.366601943969727
2013-12-18,11.029999732971191,9.557228088378906
2013-12-19,11.119999885559082,9.635209083557129
2013-12-20,11.180000305175781,9.687199592590332
2013-12-23,11.260000228881836,9.756516456604004
2013-12-27,11.279999732971191,9.773846626281738
2013-12-30,11.289999961853027,9.782510757446289
2014-01-02,11.279999732971191,9.773846626281738
2014-01-03,11.279999732971191,9.773846626281738
2014-01-06,11.170000076293945,9.678533554077148
2014-01-07,11.239999771118164,9.739187240600586
2014-01-08,11.289999961853027,9.782510757446289
2014-01-09,11.1899995803833,9.6958646774292
2014-01-10,11.130000114440918,9.643877029418945
2014-01-13,11.109999656677246,9.626543045043945
2014-01-14,11.039999961853027,9.565892219543457
2014-01-15,11.170000076293945,9.678533554077148
2014-01-16,11.0600004196167,9.583220481872559
2014-01-17,11.1899995803833,9.6958646774292
2014-01-20,11.15999984741211,9.669869422912598
2014-01-21,11.1899995803833,9.6958646774292
2014-01-22,11.210000038146973,9.713190078735352
2014-01-23,10.989999771118164,9.522567749023438
2014-01-24,10.770000457763672,9.331947326660156
2014-01-27,10.710000038146973,9.279953956604004
2014-01-28,10.789999961853027,9.349272727966309
2014-01-29,10.8100004196167,9.366601943969727
2014-01-30,10.920000076293945,9.461915969848633
2014-01-31,10.699999809265137,9.27129077911377
2014-02-03,10.4399995803833,9.04600715637207
2014-02-04,10.40999984741211,9.020012855529785
2014-02-05,10.350000381469727,8.968023300170898
2014-02-06,10.4399995803833,9.04600715637207
2014-02-07,10.539999961853027,9.132654190063477
2014-02-10,10.5600004196167,9.149981498718262
2014-02-11,10.640000343322754,9.219301223754883
2014-02-12,10.640000343322754,9.219301223754883
2014-02-13,10.430000305175781,9.037341117858887
2014-02-14,10.399999618530273,9.011346817016602
2014-02-17,10.420000076293945,9.028677940368652
2014-02-18,10.539999961853027,9.132654190063477
2014-02-19,10.5600004196167,9.149981498718262
2014-02-20,10.40999984741211,9.020012855529785
2014-02-21,10.59000015258789,9.17597484588623
2014-02-24,10.6899995803833,9.262627601623535
2014-02-25,10.6899995803833,9.262627601623535
2014-02-26,10.739999771118164,9.305949211120605
2014-02-27,10.649999618530273,9.2279634475708
2014-02-28,10.670000076293945,9.245296478271484
2014-03-03,10.430000305175781,9.037341117858887
2014-03-04,10.710000038146973,9.279953956604004
2014-03-05,10.649999618530273,9.2279634475708
2014-03-06,10.770000457763672,9.331947326660156
2014-03-07,10.680000305175781,9.253958702087402
2014-03-10,10.600000381469727,9.18464469909668
2014-03-11,10.579999923706055,9.167312622070312
2014-03-12,10.40999984741211,9.020012855529785
2014-03-13,10.260000228881836,8.890040397644043
2014-03-14,10.170000076293945,8.812056541442871
2014-03-17,10.270000457763672,8.89870548248291
2014-03-18,10.279999732971191,8.907366752624512
2014-03-19,10.279999732971191,8.907366752624512
2014-03-20,10.210000038146973,8.846715927124023
2014-03-21,10.270000457763672,8.89870548248291
2014-03-24,10.220000267028809,8.855380058288574
2014-03-25,10.270000457763672,8.89870548248291
2014-03-26,10.359999656677246,8.97668743133545
2014-03-27,10.449999809265137,9.054670333862305
2014-03-28,10.59000015258789,9.17597484588623
2014-03-31,10.539999961853027,9.132654190063477
2014-04-01,10.479999542236328,9.08066463470459
2014-04-02,10.609999656677246,9.193304061889648
2014-04-03,10.65999984741211,9.23663330078125
2014-04-04,10.699999809265137,9.27129077911377
2014-04-07,10.529999732971191,9.12398910522461
2014-04-08,10.34000015258789,8.95936107635498
2014-04-09,10.319999694824219,8.942028999328613
2014-04-10,10.119999885559082,8.7687349319458
2014-04-11,9.989999771118164,8.656091690063477
2014-04-14,10.119999885559082,8.7687349319458
2014-04-15,10.0600004196167,8.716741561889648
2014-04-16,10.289999961853027,8.916032791137695
2014-04-17,10.289999961853027,8.916032791137695
2014-04-22,10.3100004196167,8.93336296081543
2014-04-23,10.34000015258789,8.95936107635498
2014-04-24,10.25,8.881380081176758
2014-04-25,10.220000267028809,8.855380058288574
2014-04-28,10.199999809265137,8.838051795959473
2014-04-29,10.279999732971191,8.907366752624512
2014-04-30,10.170000076293945,8.812056541442871
2014-05-02,10.25,8.881380081176758
2014-05-05,10.210000038146973,8.846715927124023
2014-05-06,10.15999984741211,8.803393363952637
2014-05-07,10.069999694824219,8.725411415100098
2014-05-08,10.15999984741211,8.803393363952637
2014-05-09,10.199999809265137,8.838051795959473
2014-05-12,10.239999771118164,8.872712135314941
2014-05-13,10.380000114440918,8.994016647338867
2014-05-14,10.34000015258789,8.95936107635498
2014-05-15,10.210000038146973,8.846715927124023
2014-05-16,10.270000457763672,8.89870548248291
2014-05-19,10.220000267028809,8.855380058288574
2014-05-20,10.210000038146973,8.846715927124023
2014-05-21,10.329999923706055,8.95069408416748
2014-05-22,10.460000038146973,9.063335418701172
2014-05-23,10.569999694824219,9.158647537231445
2014-05-26,10.600000381469727,9.18464469909668
2014-05-27,10.640000343322754,9.219301223754883
2014-05-28,10.65999984741211,9.23663330078125
2014-05-29,10.710000038146973,9.279953956604004
2014-05-30,10.710000038146973,9.279953956604004
2014-06-02,10.885000228881836,9.431589126586914
2014-06-03,10.857999801635742,9.408191680908203
2014-06-04,10.873000144958496,9.421186447143555
2014-06-05,10.918000221252441,9.460182189941406
2014-06-06,10.9350004196167,9.474913597106934
2014-06-09,10.960000038146973,9.496572494506836
2014-06-10,10.899999618530273,9.444584846496582
2014-06-11,10.925000190734863,9.466248512268066
2014-06-12,10.932999610900879,9.473176956176758
2014-06-13,10.98799991607666,9.520834922790527
2014-06-16,10.883000373840332,9.429853439331055
2014-06-17,10.9399995803833,9.479241371154785
2014-06-18,10.989999771118164,9.522567749023438
2014-06-19,11.149999618530273,9.661202430725098
2014-06-20,11.232999801635742,9.73311996459961
2014-06-23,11.119999885559082,9.635209083557129
2014-06-24,11.232999801635742,9.73311996459961
2014-06-25,11.118000030517578,9.633474349975586
2014-06-26,11.15999984741211,9.669869422912598
2014-06-27,11.024999618530273,9.552894592285156
2014-06-30,11.029999732971191,9.557228088378906
2014-07-01,11.187999725341797,9.694131851196289
2014-07-02,11.175000190734863,9.682865142822266
2014-07-03,11.187999725341797,9.694131851196289
2014-07-04,11.229999542236328,9.730522155761719
2014-07-07,11.15999984741211,9.669869422912598
2014-07-08,11.109999656677246,9.626543045043945
2014-07-09,11.157999992370605,9.668134689331055
2014-07-10,11.04800033569336,9.572824478149414
2014-07-11,11.100000381469727,9.617881774902344
2014-07-14,11.208000183105469,9.711462020874023
2014-07-15,11.137999534606934,9.739795684814453
2014-07-16,11.220000267028809,9.811504364013672
2014-07-17,11.20300006866455,9.796634674072266
2014-07-18,11.180000305175781,9.776522636413574
2014-07-21,11.11299991607666,9.717930793762207
2014-07-22,11.253000259399414,9.840356826782227
2014-07-23,11.239999771118164,9.828991889953613
2014-07-24,11.204999923706055,9.798385620117188
2014-07-25,11.279999732971191,9.863970756530762
2014-07-28,11.34000015258789,9.916438102722168
2014-07-29,11.425000190734863,9.990766525268555
2014-07-30,11.428000450134277,9.993390083312988
2014-07-31,11.28499984741211,9.868341445922852
2014-08-01,11.21500015258789,9.807127952575684
2014-08-04,11.208000183105469,9.801009178161621
2014-08-05,11.175000190734863,9.772149085998535
2014-08-06,11.07800006866455,9.687329292297363
2014-08-07,11.067999839782715,9.678583145141602
2014-08-08,10.904999732971191,9.536046028137207
2014-08-11,11.095000267028809,9.702193260192871
2014-08-12,11.053000450134277,9.66546630859375
2014-08-13,11.187999725341797,9.783517837524414
2014-08-14,11.140000343322754,9.741543769836426
2014-08-15,11.142999649047852,9.744168281555176
2014-08-18,11.253000259399414,9.840356826782227
2014-08-19,11.289999961853027,9.872715950012207
2014-08-20,11.253000259399414,9.840356826782227
2014-08-21,11.317999839782715,9.897198677062988
2014-08-22,11.28499984741211,9.868341445922852
2014-08-25,11.36299991607666,9.936551094055176
2014-08-26,11.319999694824219,9.898948669433594
2014-08-27,11.279999732971191,9.863970756530762
2014-08-28,11.244999885559082,9.833361625671387
2014-08-29,11.277999877929688,9.862220764160156
2014-09-01,11.295000076293945,9.877087593078613
2014-09-02,11.449999809265137,10.012630462646484
2014-09-03,11.413000106811523,9.980274200439453
2014-09-04,11.545000076293945,10.095701217651367
2014-09-05,11.468000411987305,10.028368949890137
2014-09-08,11.529999732971191,10.082586288452148
2014-09-09,11.4399995803833,10.00388240814209
2014-09-10,11.5,10.056355476379395
2014-09-11,11.463000297546387,10.023998260498047
2014-09-12,11.454999923706055,10.017000198364258
2014-09-15,11.437999725341797,10.0021333694458
2014-09-16,11.468000411987305,10.028368949890137
2014-09-17,11.418000221252441,9.98464584350586
2014-09-18,11.54800033569336,10.098325729370117
2014-09-19,11.630000114440918,10.170032501220703
2014-09-22,11.583000183105469,10.128934860229492
2014-09-23,11.515000343322754,10.069467544555664
2014-09-24,11.692999839782715,10.22512435913086
2014-09-25,11.6899995803833,10.22249984741211
2014-09-26,11.807999610900879,10.325685501098633
2014-09-29,11.734999656677246,10.26185131072998
2014-09-30,11.734999656677246,10.26185131072998
2014-10-01,11.619999885559082,10.161286354064941
2014-10-02,11.282999992370605,9.866593360900879
2014-10-06,11.569999694824219,10.117566108703613
2014-10-07,11.479999542236328,10.038861274719238
2014-10-08,11.345000267028809,9.920808792114258
2014-10-09,11.279999732971191,9.863970756530762
2014-10-10,11.1899995803833,9.78526782989502
2014-10-13,11.053000450134277,9.66546630859375
2014-10-14,11.079999923706055,9.689078330993652
2014-10-15,10.833000183105469,9.473082542419434
2014-10-16,10.864999771118164,9.501067161560059
2014-10-17,10.920000076293945,9.54916000366211
2014-10-20,1517.050048828125,1326.60791015625
2014-10-21,1486.25,1299.674072265625
2014-10-22,1525.469970703125,1333.970703125
2014-10-23,1519.75,1328.9688720703125
2014-10-24,1535.0400390625,1342.3392333984375
2014-10-27,1544.6800537109375,1350.768798828125
2014-10-28,1539.3199462890625,1346.0819091796875
2014-10-29,1561.75,1365.696533203125
2014-10-30,1572.199951171875,1374.8338623046875
2014-10-31,1647.9599609375,1441.083740234375
2014-11-03,1647.969970703125,1441.0931396484375
2014-11-04,1692.93994140625,1480.417236328125
2014-11-05,1700.449951171875,1486.984619140625
2014-11-06,1685.9300537109375,1474.287353515625
2014-11-07,1694.780029296875,1482.0262451171875
2014-11-10,1684.6800537109375,1473.1947021484375
2014-11-11,1719.1500244140625,1503.3375244140625
2014-11-12,1726.43994140625,1509.7122802734375
2014-11-13,1746.0799560546875,1526.8863525390625
2014-11-14,1755.8699951171875,1535.44775390625
2014-11-17,1703.949951171875,1490.045166015625
2014-11-18,1741.050048828125,1522.4876708984375
2014-11-19,1735.469970703125,1517.6080322265625
2014-11-20,1736.6700439453125,1518.65771484375
2014-11-21,1742.3199462890625,1523.5987548828125
2014-11-24,1742.25,1523.537109375
2014-11-25,1747.25,1527.90966796875
2014-11-26,1744.81005859375,1525.776123046875
2014-11-27,1731.27001953125,1513.9356689453125
2014-11-28,1752.449951171875,1532.456787109375
2014-12-01,1765.449951171875,1543.8250732421875
2014-12-02,1772.739990234375,1550.1998291015625
2014-12-03,1778.4599609375,1555.201416015625
2014-12-04,11.994999885559082,10.489212989807129
2014-12-05,12.142999649047852,10.618635177612305
2014-12-08,12.079999923706055,10.563541412353516
2014-12-09,11.850000381469727,10.362418174743652
2014-12-10,11.767999649047852,10.290709495544434
2014-12-11,11.890000343322754,10.397391319274902
2014-12-12,11.682999610900879,10.216377258300781
2014-12-15,11.430000305175781,9.995140075683594
2014-12-16,11.520000457763672,10.073843955993652
2014-12-17,11.729999542236328,10.257477760314941
2014-12-18,12.027999877929688,10.518070220947266
2014-12-19,12.15999984741211,10.633501052856445
2014-12-22,12.102999687194824,10.58365535736084
2014-12-23,12.213000297546387,10.679844856262207
2014-12-29,12.085000038146973,10.567914009094238
2014-12-30,11.960000038146973,10.458605766296387
2015-01-02,12.0600004196167,10.546053886413574
2015-01-05,12.027999877929688,10.518070220947266
2015-01-06,11.86299991607666,10.373780250549316
2015-01-07,12.154999732971191,10.629125595092773
2015-01-08,12.368000030517578,10.815389633178711
2015-01-09,12.149999618530273,10.624755859375
2015-01-12,12.123000144958496,10.60114574432373
2015-01-13,12.324999809265137,10.777786254882812
2015-01-14,12.125,10.602893829345703
2015-01-15,12.557999610900879,10.981535911560059
2015-01-16,12.623000144958496,11.038375854492188
2015-01-19,12.562999725341797,10.985910415649414
2015-01-20,12.704999923706055,11.110086441040039
2015-01-21,12.704999923706055,11.110086441040039
2015-01-22,12.942999839782715,11.318207740783691
2015-01-23,13.15999984741211,11.507964134216309
2015-01-26,13.279999732971191,11.61290168762207
2015-01-27,13.218000411987305,11.558684349060059
2015-01-28,13.359999656677246,11.68285846710205
2015-01-29,13.303000450134277,11.633011817932129
2015-01-30,13.305000305175781,11.634761810302734
2015-02-02,13.28499984741211,11.617271423339844
2015-02-03,13.039999961853027,11.403024673461914
2015-02-04,13.23799991607666,11.576172828674316
2015-02-05,13.25,11.586668014526367
2015-02-06,13.319999694824219,11.647876739501953
2015-02-09,13.194999694824219,11.538568496704102
2015-02-10,13.1850004196167,11.529827117919922
2015-02-11,13.25,11.586668014526367
2015-02-12,13.225000381469727,11.564802169799805
2015-02-13,13.380000114440918,11.700349807739258
2015-02-16,13.383000373840332,11.702970504760742
2015-02-17,13.364999771118164,11.687228202819824
2015-02-18,13.574999809265137,11.870866775512695
2015-02-19,13.619999885559082,11.910219192504883
2015-02-20,13.704999923706055,11.984546661376953
2015-02-23,13.755000114440918,12.028271675109863
2015-02-24,13.89799976348877,12.153322219848633
2015-02-25,13.869999885559082,12.12883472442627
2015-02-26,14.180000305175781,12.399918556213379
2015-02-27,14.114999771118164,12.343076705932617
2015-03-02,14.114999771118164,12.343076705932617
2015-03-03,14.024999618530273,12.264376640319824
2015-03-04,14.123000144958496,12.350074768066406
2015-03-05,14.305000305175781,12.509228706359863
2015-03-06,14.472999572753906,12.656137466430664
2015-03-09,14.430000305175781,12.618534088134766
2015-03-10,14.333000183105469,12.533709526062012
2015-03-11,14.657999992370605,12.817914009094238
2015-03-12,14.968000411987305,13.088997840881348
2015-03-13,15.163000106811523,13.259516716003418
2015-03-16,15.1899995803833,13.28312873840332
2015-03-17,15.15999984741211,13.2568941116333
2015-03-18,15.180000305175781,13.274384498596191
2015-03-19,15.180000305175781,13.274384498596191
2015-03-20,15.135000228881836,13.235034942626953
2015-03-23,15.135000228881836,13.235034942626953
2015-03-24,15.170000076293945,13.265641212463379
2015-03-25,15.005000114440918,13.12135124206543
2015-03-26,14.968000411987305,13.088997840881348
2015-03-27,14.979999542236328,13.099489212036133
2015-03-30,15.192999839782715,13.285754203796387
2015-03-31,15.029999732971191,13.143216133117676
2015-04-01,14.95300006866455,13.075879096984863
2015-04-02,14.977999687194824,13.097743034362793
2015-04-07,15.270000457763672,13.353083610534668
2015-04-08,15.4350004196167,13.49737548828125
2015-04-09,15.619999885559082,13.659151077270508
2015-04-10,15.8100004196167,13.825298309326172
2015-04-13,15.765000343322754,13.7859468460083
2015-04-14,15.687999725341797,13.718612670898438
2015-04-15,15.838000297546387,13.849781036376953
2015-04-16,15.619999885559082,13.659151077270508
2015-04-17,15.350000381469727,13.42304515838623
2015-04-20,15.5,13.55421257019043
2015-04-21,15.670000076293945,13.70287036895752
2015-04-22,15.8100004196167,13.825298309326172
2015-04-23,15.687999725341797,13.718612670898438
2015-04-24,15.619999885559082,13.659151077270508
2015-04-27,15.614999771118164,13.654778480529785
2015-04-28,15.432999610900879,13.495620727539062
2015-04-29,15.010000228881836,13.125725746154785
2015-04-30,14.687999725341797,12.844147682189941
2015-05-04,14.822999954223633,12.962201118469238
2015-05-05,14.520000457763672,12.69723892211914
2015-05-06,14.383000373840332,12.577434539794922
2015-05-07,14.447999954223633,12.634276390075684
2015-05-08,14.762999534606934,12.909729957580566
2015-05-11,14.8149995803833,12.955205917358398
2015-05-12,14.642999649047852,12.80479621887207
2015-05-13,14.680000305175781,12.837152481079102
2015-05-14,14.628000259399414,12.791677474975586
2015-05-15,14.61299991607666,12.778562545776367
2015-05-18,14.793000221252441,12.935966491699219
2015-05-19,15.154999732971191,13.252520561218262
2015-05-20,15.21500015258789,13.304988861083984
2015-05-21,15.168000221252441,13.263890266418457
2015-05-22,15.364999771118164,13.43616008758545
2015-05-26,15.352999687194824,13.425666809082031
2015-05-27,15.449999809265137,13.510491371154785
2015-05-28,15.289999961853027,13.370573997497559
2015-05-29,15.130000114440918,13.230661392211914
2015-06-01,15.279999732971191,13.36182975769043
2015-06-02,14.972999572753906,13.09337043762207
2015-06-03,14.833000183105469,12.970943450927734
2015-06-04,14.713000297546387,12.866010665893555
2015-06-05,14.887999534606934,13.019039154052734
2015-06-08,14.657999992370605,12.817914009094238
2015-06-09,14.479999542236328,12.66225814819336
2015-06-10,14.678000450134277,12.835403442382812
2015-06-11,14.857999801635742,12.992810249328613
2015-06-12,14.748000144958496,12.896614074707031
2015-06-15,14.755000114440918,12.902740478515625
2015-06-16,14.739999771118164,12.88962173461914
2015-06-17,14.583000183105469,12.752326965332031
2015-06-18,14.46500015258789,12.649140357971191
2015-06-19,14.595000267028809,12.762824058532715
2015-06-22,14.79800033569336,12.940339088439941
2015-06-23,15.180000305175781,13.274384498596191
2015-06-24,15.104999542236328,13.208799362182617
2015-06-25,15.140000343322754,13.23940658569336
2015-06-26,15.239999771118164,13.32685375213623
2015-06-29,14.875,13.007670402526855
2015-06-30,14.993000030517578,13.110858917236328
2015-07-01,15.21500015258789,13.304988861083984
2015-07-02,15.128000259399414,13.228910446166992
2015-07-03,15.154999732971191,13.252520561218262
2015-07-06,15.09000015258789,13.195683479309082
2015-07-07,15.180000305175781,13.274384498596191
2015-07-08,14.6899995803833,12.845895767211914
2015-07-09,14.883000373840332,13.014669418334961
2015-07-10,14.800000190734863,12.942087173461914
2015-07-13,15.107999801635742,13.211423873901367
2015-07-14,15.21500015258789,13.304988861083984
2015-07-15,15.145000457763672,13.397575378417969
2015-07-16,15.262999534606934,13.501956939697266
2015-07-17,15.350000381469727,13.578924179077148
2015-07-20,15.354999542236328,13.583345413208008
2015-07-21,15.21500015258789,13.45949649810791
2015-07-22,15.229999542236328,13.47276782989502
2015-07-23,15.154999732971191,13.406418800354004
2015-07-24,15.045000076293945,13.309113502502441
2015-07-27,14.687999725341797,12.993302345275879
2015-07-28,14.838000297546387,13.125995635986328
2015-07-29,14.869999885559082,13.154302597045898
2015-07-30,15.039999961853027,13.304685592651367
2015-07-31,14.98799991607666,13.258691787719727
2015-08-03,15.074999809265137,13.335649490356445
2015-08-04,15.015000343322754,13.282575607299805
2015-08-05,15.274999618530273,13.512577056884766
2015-08-06,15.119999885559082,13.375457763671875
2015-08-07,15.095000267028809,13.353342056274414
2015-08-10,15.244999885559082,13.48603630065918
2015-08-11,14.843000411987305,13.13041877746582
2015-08-12,14.477999687194824,12.807535171508789
2015-08-13,14.803000450134277,13.095033645629883
2015-08-14,14.819999694824219,13.110074043273926
2015-08-17,14.918000221252441,13.196765899658203
2015-08-18,14.907999992370605,13.187921524047852
2015-08-19,14.654999732971191,12.96410846710205
2015-08-20,14.267999649047852,12.621764183044434
2015-08-21,13.71500015258789,12.132568359375
2015-08-24,12.850000381469727,11.367371559143066
2015-08-25,13.345000267028809,11.805255889892578
2015-08-26,13.395000457763672,11.849488258361816
2015-08-27,13.9350004196167,12.327181816101074
2015-08-28,14.057999610900879,12.435994148254395
2015-08-31,13.880000114440918,12.278531074523926
2015-09-01,13.307999610900879,11.772529602050781
2015-09-02,13.390000343322754,11.845067024230957
2015-09-03,13.710000038146973,12.128145217895508
2015-09-04,13.279999732971191,11.747759819030762
2015-09-07,13.345000267028809,11.805255889892578
2015-09-08,13.335000038146973,11.79641342163086
2015-09-09,13.710000038146973,12.128145217895508
2015-09-10,13.324999809265137,11.787569046020508
2015-09-11,13.178000450134277,11.657527923583984
2015-09-14,13.163000106811523,11.644258499145508
2015-09-15,13.300000190734863,11.765449523925781
2015-09-16,13.470000267028809,11.915836334228516
2015-09-17,13.444999694824219,11.893721580505371
2015-09-18,13.107999801635742,11.595602035522461
2015-09-21,13.307999610900879,11.772529602050781
2015-09-22,13.123000144958496,11.608874320983887
2015-09-23,13.11299991607666,11.600025177001953
2015-09-24,12.789999961853027,11.31429386138916
2015-09-25,13.293000221252441,11.759257316589355
2015-09-28,12.942999839782715,11.449644088745117
2015-09-29,12.743000030517578,11.272719383239746
2015-09-30,13.0649995803833,11.557564735412598
2015-10-01,13.102999687194824,11.591179847717285
2015-10-02,13.097999572753906,11.586756706237793
2015-10-05,13.604999542236328,12.035259246826172
2015-10-06,13.470000267028809,11.915836334228516
2015-10-07,13.569999694824219,12.00429916381836
2015-10-08,13.484999656677246,11.929105758666992
2015-10-09,13.45300006866455,11.900795936584473
2015-10-12,13.489999771118164,11.933527946472168
2015-10-13,13.40999984741211,11.862759590148926
2015-10-14,13.130000114440918,11.615065574645996
2015-10-15,13.390000343322754,11.855517387390137
2015-10-16,13.529999732971191,11.979475021362305
2015-10-19,13.477999687194824,11.933436393737793
2015-10-20,13.418000221252441,11.880311012268066
2015-10-21,13.65999984741211,12.094576835632324
2015-10-22,14.0,12.395617485046387
2015-10-23,14.28499984741211,12.647954940795898
2015-10-26,14.218000411987305,12.588629722595215
2015-10-27,14.170000076293945,12.546133041381836
2015-10-28,14.265000343322754,12.63024616241455
2015-10-29,14.288000106811523,12.650609970092773
2015-10-30,14.255000114440918,12.621393203735352
2015-11-02,14.208000183105469,12.579778671264648
2015-11-03,14.359999656677246,12.71435832977295
2015-11-04,14.454999923706055,12.79847526550293
2015-11-05,14.539999961853027,12.87373161315918
2015-11-06,14.699999809265137,13.015393257141113
2015-11-09,14.694999694824219,13.010968208312988
2015-11-10,14.932999610900879,13.22169303894043
2015-11-11,14.9399995803833,13.227890014648438
2015-11-12,14.789999961853027,13.09507942199707
2015-11-13,14.795000076293945,13.099508285522461
2015-11-16,14.838000297546387,13.13758373260498
2015-11-17,15.095000267028809,13.365130424499512
2015-11-18,15.07800006866455,13.350078582763672
2015-11-19,15.03499984741211,13.312004089355469
2015-11-20,15.25,13.502366065979004
2015-11-23,15.255000114440918,13.506792068481445
2015-11-24,15.234999656677246,13.489082336425781
2015-11-25,15.29800033569336,13.544864654541016
2015-11-26,15.369999885559082,13.608612060546875
2015-11-27,15.274999618530273,13.52449893951416
2015-11-30,15.239999771118164,13.493512153625488
2015-12-01,15.3149995803833,13.559919357299805
2015-12-02,15.300000190734863,13.546637535095215
2015-12-03,14.694999694824219,13.010968208312988
2015-12-04,14.602999687194824,12.929512023925781
2015-12-07,14.71500015258789,13.028677940368652
2015-12-08,14.489999771118164,12.829462051391602
2015-12-09,14.333000183105469,12.690452575683594
2015-12-10,14.359999656677246,12.71435832977295
2015-12-11,14.083000183105469,12.469101905822754
2015-12-14,13.96500015258789,12.364624977111816
2015-12-15,14.208000183105469,12.579778671264648
2015-12-16,14.364999771118164,12.718788146972656
2015-12-17,14.614999771118164,12.940136909484863
2015-12-18,14.322999954223633,12.681600570678711
2015-12-21,14.180000305175781,12.554987907409668
2015-12-22,14.109999656677246,12.493009567260742
2015-12-23,14.494999885559082,12.83388614654541
2015-12-28,14.288000106811523,12.650609970092773
2015-12-29,14.5649995803833,12.895864486694336
2015-12-30,14.4399995803833,12.785192489624023
2016-01-04,14.11299991607666,12.495664596557617
2016-01-05,14.425000190734863,12.771910667419434
2016-01-06,14.1850004196167,12.559412956237793
2016-01-07,13.847999572753906,12.261032104492188
2016-01-08,13.539999961853027,11.988327980041504
2016-01-11,13.555000305175781,12.00161361694336
2016-01-12,13.5600004196167,12.0060396194458
2016-01-13,13.720000267028809,12.147701263427734
2016-01-14,13.524999618530273,11.975046157836914
2016-01-15,13.03499984741211,11.60669231414795
2016-01-18,13.118000030517578,11.680597305297852
2016-01-19,13.300000190734863,11.84265422821045
2016-01-20,12.619999885559082,11.237165451049805
2016-01-21,12.864999771118164,11.455318450927734
2016-01-22,13.265000343322754,11.811492919921875
2016-01-25,13.1850004196167,11.740254402160645
2016-01-26,13.145000457763672,11.704641342163086
2016-01-27,13.307999610900879,11.849780082702637
2016-01-28,13.045000076293945,11.615596771240234
2016-01-29,13.484999656677246,12.007386207580566
2016-02-01,13.414999961853027,11.945053100585938
2016-02-02,13.324999809265137,11.864916801452637
2016-02-03,12.82800006866455,11.422372817993164
2016-02-04,12.812999725341797,11.409017562866211
2016-02-05,12.652999877929688,11.266549110412598
2016-02-08,12.579999923706055,11.201550483703613
2016-02-09,12.229999542236328,10.889899253845215
2016-02-10,12.234999656677246,10.894351959228516
2016-02-11,11.829999923706055,10.53372859954834
2016-02-12,11.925000190734863,10.61832332611084
2016-02-15,12.399999618530273,11.041274070739746
2016-02-16,12.413000106811523,11.052848815917969
2016-02-17,12.635000228881836,11.25052261352539
2016-02-18,12.732999801635742,11.337784767150879
2016-02-19,12.569999694824219,11.192646026611328
2016-02-22,12.984999656677246,11.56217098236084
2016-02-23,12.789999961853027,11.38853931427002
2016-02-24,12.645000457763672,11.259428977966309
2016-02-25,12.880000114440918,11.468674659729004
2016-02-26,13.175000190734863,11.731350898742676
2016-02-29,13.085000038146973,11.651215553283691
2016-03-01,13.265000343322754,11.811492919921875
2016-03-02,13.498000144958496,12.018960952758789
2016-03-03,13.454999923706055,11.980669975280762
2016-03-04,13.555000305175781,12.06971263885498
2016-03-07,13.460000038146973,11.985122680664062
2016-03-08,13.329999923706055,11.869366645812988
2016-03-09,13.385000228881836,11.918339729309082
2016-03-10,13.107999801635742,11.671695709228516
2016-03-11,13.444999694824219,11.971766471862793
2016-03-14,13.600000381469727,12.109781265258789
2016-03-15,13.40999984741211,11.940605163574219
2016-03-16,13.425000190734863,11.953959465026855
2016-03-17,13.282999992370605,11.82751750946045
2016-03-18,13.260000228881836,11.807040214538574
2016-03-21,13.329999923706055,11.869366645812988
2016-03-22,13.454999923706055,11.980669975280762
2016-03-23,13.444999694824219,11.971766471862793
2016-03-24,13.260000228881836,11.807040214538574
2016-03-29,13.414999961853027,11.945053100585938
2016-03-30,13.357999801635742,11.894299507141113
2016-03-31,13.130000114440918,11.691283226013184
2016-04-01,12.739999771118164,11.34401798248291
2016-04-04,12.720000267028809,11.326210021972656
2016-04-05,12.420000076293945,11.059080123901367
2016-04-06,12.515000343322754,11.143670082092285
2016-04-07,12.543000221252441,11.168601989746094
2016-04-08,12.824999809265137,11.419705390930176
2016-04-11,12.8100004196167,11.40634536743164
2016-04-12,13.020000457763672,11.593337059020996
2016-04-13,13.460000038146973,11.985122680664062
2016-04-14,13.6899995803833,12.189922332763672
2016-04-15,13.553000450134277,12.08957576751709
2016-04-18,13.468000411987305,12.013755798339844
2016-04-19,13.75,12.265304565429688
2016-04-20,13.850000381469727,12.354510307312012
2016-04-21,13.972999572753906,12.464225769042969
2016-04-22,14.104999542236328,12.5819730758667
2016-04-25,13.890000343322754,12.390190124511719
2016-04-26,13.829999923706055,12.336664199829102
2016-04-27,13.829999923706055,12.336664199829102
2016-04-28,13.454999923706055,12.002156257629395
2016-04-29,12.989999771118164,11.587368965148926
2016-05-02,13.119999885559082,11.703332901000977
2016-05-03,12.975000381469727,11.573989868164062
2016-05-04,12.913000106811523,11.518681526184082
2016-05-05,13.119999885559082,11.703332901000977
2016-05-06,13.085000038146973,11.672110557556152
2016-05-09,13.152999877929688,11.732769012451172
2016-05-10,13.444999694824219,11.993239402770996
2016-05-11,13.335000038146973,11.895115852355957
2016-05-12,13.375,11.930798530578613
2016-05-13,13.395000457763672,11.948637008666992
2016-05-17,13.470000267028809,12.015542030334473
2016-05-18,13.529999732971191,12.069059371948242
2016-05-19,13.414999961853027,11.966476440429688
2016-05-20,13.569999694824219,12.104742050170898
2016-05-23,13.520000457763672,12.060140609741211
2016-05-24,13.649999618530273,12.176103591918945
2016-05-25,13.789999961853027,12.300986289978027
2016-05-26,13.75,12.265304565429688
2016-05-27,13.760000228881836,12.274224281311035
2016-05-30,13.779999732971191,12.29206657409668
2016-05-31,13.873000144958496,12.37502670288086
2016-06-01,13.729999542236328,12.247466087341309
2016-06-02,13.630000114440918,12.158266067504883
2016-06-03,13.479999542236328,12.024460792541504
2016-06-06,13.619999885559082,12.14934253692627
2016-06-07,13.75,12.265304565429688
2016-06-08,13.78499984741211,12.296524047851562
2016-06-09,13.694999694824219,12.216243743896484
2016-06-10,13.53499984741211,12.07352066040039
2016-06-13,13.352999687194824,11.911174774169922
2016-06-14,13.220000267028809,11.792534828186035
2016-06-15,13.359999656677246,11.917418479919434
2016-06-16,13.270000457763672,11.837137222290039
2016-06-17,13.1899995803833,11.76577091217041
2016-06-20,13.59000015258789,12.122579574584961
2016-06-21,13.729999542236328,12.247466087341309
2016-06-22,13.640000343322754,12.167186737060547
2016-06-23,13.65999984741211,12.185023307800293
2016-06-24,13.460000038146973,12.006622314453125
2016-06-27,13.475000381469727,12.019999504089355
2016-06-28,13.642999649047852,12.1698579788208
2016-06-29,13.767999649047852,12.281363487243652
2016-06-30,13.704999923706055,12.225165367126465
2016-07-01,13.664999961853027,12.189483642578125
2016-07-04,13.748000144958496,12.26352310180664
2016-07-05,13.687999725341797,12.210000038146973
2016-07-06,13.61299991607666,12.143097877502441
2016-07-07,13.71500015258789,12.234087944030762
2016-07-08,13.819999694824219,12.327746391296387
2016-07-11,14.175000190734863,12.644414901733398
2016-07-12,14.260000228881836,12.720237731933594
2016-07-13,14.09000015258789,12.568592071533203
2016-07-14,14.125,12.599813461303711
2016-07-15,14.09000015258789,12.65601634979248
2016-07-18,14.038000106811523,12.609310150146484
2016-07-19,14.133000373840332,12.694643020629883
2016-07-20,14.239999771118164,12.790751457214355
2016-07-21,14.145000457763672,12.705418586730957
2016-07-22,14.1850004196167,12.741348266601562
2016-07-25,14.140000343322754,12.700928688049316
2016-07-26,14.15999984741211,12.718891143798828
2016-07-27,14.27299976348877,12.820387840270996
2016-07-28,14.020000457763672,12.5931396484375
2016-07-29,14.225000381469727,12.777277946472168
2016-08-01,14.3149995803833,12.85811710357666
2016-08-02,14.083000183105469,12.649725914001465
2016-08-03,14.069999694824219,12.638049125671387
2016-08-04,14.282999992370605,12.82937240600586
2016-08-05,14.470000267028809,12.997343063354492
2016-08-08,14.585000038146973,13.100639343261719
2016-08-09,14.649999618530273,13.159022331237793
2016-08-10,14.642999649047852,13.15273666381836
2016-08-11,14.739999771118164,13.239863395690918
2016-08-12,14.793000221252441,13.287471771240234
2016-08-15,14.812999725341797,13.30543327331543
2016-08-16,14.572999954223633,13.089859962463379
2016-08-17,14.562999725341797,13.080878257751465
2016-08-18,14.479999542236328,13.00632381439209
2016-08-19,14.432999610900879,12.964106559753418
2016-08-22,14.449999809265137,12.979377746582031
2016-08-23,14.5,13.02428913116455
2016-08-24,14.539999961853027,13.060215950012207
2016-08-25,14.460000038146973,12.988359451293945
2016-08-26,14.472999572753906,13.00003719329834
2016-08-29,14.5649995803833,13.082673072814941
2016-08-30,14.585000038146973,13.100639343261719
2016-08-31,14.52299976348877,13.04494857788086
2016-09-01,14.543000221252441,13.06291389465332
2016-09-02,14.640000343322754,13.150039672851562
2016-09-05,14.678000450134277,13.184172630310059
2016-09-06,14.64799976348877,13.157227516174316
2016-09-07,14.739999771118164,13.239863395690918
2016-09-08,14.645000457763672,13.154534339904785
2016-09-09,14.562999725341797,13.080878257751465
2016-09-12,14.458000183105469,12.986562728881836
2016-09-13,14.322999954223633,12.865304946899414
2016-09-14,14.199999809265137,12.754820823669434
2016-09-15,14.243000030517578,12.793444633483887
2016-09-16,14.25,12.79973316192627
2016-09-19,14.343000411987305,12.883270263671875
2016-09-20,14.395000457763672,12.929975509643555
2016-09-21,14.678000450134277,13.184172630310059
2016-09-22,14.789999961853027,13.284772872924805
2016-09-23,14.640000343322754,13.150039672851562
2016-09-26,14.395000457763672,12.929975509643555
2016-09-27,14.637999534606934,13.148242950439453
2016-09-28,14.623000144958496,13.134770393371582
2016-09-29,14.567999839782715,13.085367202758789
2016-09-30,14.532999992370605,13.05393123626709
2016-10-04,14.649999618530273,13.159022331237793
2016-10-05,14.57800006866455,13.094352722167969
2016-10-06,14.532999992370605,13.05393123626709
2016-10-07,14.553000450134277,13.071895599365234
2016-10-10,14.64799976348877,13.157227516174316
2016-10-11,14.75,13.248847961425781
2016-10-12,14.73799991607666,13.238066673278809
2016-10-13,14.579999923706055,13.096146583557129
2016-10-14,14.743000030517578,13.24255657196045
2016-10-17,14.713000297546387,13.225517272949219
2016-10-18,14.838000297546387,13.337878227233887
2016-10-19,14.972999572753906,13.459227561950684
2016-10-20,15.123000144958496,13.594062805175781
2016-10-21,15.232999801635742,13.692944526672363
2016-10-24,15.255000114440918,13.712718963623047
2016-10-25,15.23799991607666,13.697434425354004
2016-10-26,15.20300006866455,13.665976524353027
2016-10-27,15.187999725341797,13.652493476867676
2016-10-28,15.130000114440918,13.600356101989746
2016-10-31,15.097999572753906,13.571592330932617
2016-11-01,14.954999923706055,13.443048477172852
2016-11-02,14.805000305175781,13.308213233947754
2016-11-03,14.82800006866455,13.328888893127441
2016-11-04,14.71500015258789,13.227313041687012
2016-11-07,14.90999984741211,13.402594566345215
2016-11-08,14.875,13.371139526367188
2016-11-09,14.883000373840332,13.378327369689941
2016-11-10,14.960000038146973,13.44754409790039
2016-11-11,15.015000343322754,13.496981620788574
2016-11-14,15.1899995803833,13.654292106628418
2016-11-15,15.192999839782715,13.656988143920898
2016-11-16,15.265000343322754,13.721708297729492
2016-11-17,15.375,13.820589065551758
2016-11-18,15.32800006866455,13.778338432312012
2016-11-21,15.34000015258789,13.7891263961792
2016-11-22,15.399999618530273,13.843058586120605
2016-11-23,15.404999732971191,13.847554206848145
2016-11-24,15.359999656677246,13.807104110717773
2016-11-25,15.289999961853027,13.74417781829834
2016-11-28,15.338000297546387,13.78732967376709
2016-11-29,15.324999809265137,13.775641441345215
2016-11-30,15.364999771118164,13.81159496307373
2016-12-01,15.204999923706055,13.66777229309082
2016-12-02,15.093000411987305,13.567095756530762
2016-12-05,15.067999839782715,13.544623374938965
2016-12-06,14.994999885559082,13.479002952575684
2016-12-07,15.102999687194824,13.57608699798584
2016-12-08,15.529999732971191,13.959919929504395
2016-12-09,15.753000259399414,14.160371780395508
2016-12-12,15.645000457763672,14.0632905960083
2016-12-13,15.699999809265137,14.112728118896484
2016-12-14,15.609999656677246,14.031826972961426
2016-12-15,15.8149995803833,14.216102600097656
2016-12-16,15.668000221252441,14.083964347839355
2016-12-19,15.822999954223633,14.223292350769043
2016-12-20,15.963000297546387,14.349136352539062
2016-12-21,15.803000450134277,14.205318450927734
2016-12-22,15.760000228881836,14.166664123535156
2016-12-23,15.793000221252441,14.196328163146973
2016-12-27,15.760000228881836,14.166664123535156
2016-12-28,15.86299991607666,14.259249687194824
2016-12-29,15.524999618530273,13.955421447753906
2016-12-30,15.470000267028809,13.905980110168457
2017-01-02,15.614999771118164,14.036321640014648
2017-01-03,15.675000190734863,14.09025764465332
2017-01-04,15.907999992370605,14.299699783325195
2017-01-05,15.838000297546387,14.236776351928711
2017-01-06,15.859999656677246,14.256552696228027
2017-01-09,15.824999809265137,14.225091934204102
2017-01-10,15.819999694824219,14.220596313476562
2017-01-11,15.835000038146973,14.23408031463623
2017-01-12,15.635000228881836,14.054304122924805
2017-01-13,15.789999961853027,14.193632125854492
2017-01-16,15.675000190734863,14.154582023620605
2017-01-17,15.425000190734863,13.92883014678955
2017-01-18,15.472999572753906,13.972172737121582
2017-01-19,15.510000228881836,14.005585670471191
2017-01-20,15.5649995803833,14.055248260498047
2017-01-23,15.414999961853027,13.9197998046875
2017-01-24,15.404999732971191,13.910771369934082
2017-01-25,15.635000228881836,14.118460655212402
2017-01-26,15.864999771118164,14.326151847839355
2017-01-27,15.71500015258789,14.190701484680176
2017-01-30,15.588000297546387,14.076019287109375
2017-01-31,15.399999618530273,13.906255722045898
2017-02-01,15.645000457763672,14.127490043640137
2017-02-02,15.515000343322754,14.010103225708008
2017-02-03,15.572999954223633,14.062475204467773
2017-02-06,15.567999839782715,14.05795955657959
2017-02-07,15.668000221252441,14.148260116577148
2017-02-08,15.704999923706055,14.181671142578125
2017-02-09,15.748000144958496,14.220499992370605
2017-02-10,15.90999984741211,14.366785049438477
2017-02-13,16.049999237060547,14.493206977844238
2017-02-14,15.968000411987305,14.419161796569824
2017-02-15,15.925000190734863,14.380331993103027
2017-02-16,15.770000457763672,14.240365028381348
2017-02-17,15.829999923706055,14.294546127319336
2017-02-20,15.930000305175781,14.384846687316895
2017-02-21,16.107999801635742,14.545581817626953
2017-02-22,16.110000610351562,14.547388076782227
2017-02-23,16.059999465942383,14.502237319946289
2017-02-24,16.014999389648438,14.461601257324219
2017-02-27,15.947999954223633,14.401097297668457
2017-02-28,15.960000038146973,14.411938667297363
2017-03-01,16.219999313354492,14.646718978881836
2017-03-02,16.149999618530273,14.583508491516113
2017-03-03,16.072999954223633,14.51397705078125
2017-03-06,15.954999923706055,14.407421112060547
2017-03-07,15.954999923706055,14.407421112060547
2017-03-08,15.895000457763672,14.353241920471191
2017-03-09,15.859999656677246,14.321633338928223
2017-03-10,15.857999801635742,14.319829940795898
2017-03-13,15.944999694824219,14.398392677307129
2017-03-14,15.920000076293945,14.37581729888916
2017-03-15,15.963000297546387,14.414644241333008
2017-03-16,15.949999809265137,14.402907371520996
2017-03-17,15.932999610900879,14.387557983398438
2017-03-20,15.954999923706055,14.407421112060547
2017-03-21,15.748000144958496,14.220499992370605
2017-03-22,15.722999572753906,14.197927474975586
2017-03-23,15.835000038146973,14.299062728881836
2017-03-24,15.90999984741211,14.366785049438477
2017-03-27,15.704999923706055,14.181671142578125
2017-03-28,15.857999801635742,14.319829940795898
2017-03-29,16.023000717163086,14.468825340270996
2017-03-30,15.998000144958496,14.446250915527344
2017-03-31,15.890000343322754,14.348726272583008
2017-04-03,16.014999389648438,14.461601257324219
2017-04-04,15.975000381469727,14.425481796264648
2017-04-05,15.970000267028809,14.420967102050781
2017-04-06,15.850000381469727,14.312607765197754
2017-04-07,15.918000221252441,14.37401294708252
2017-04-10,15.875,14.335180282592773
2017-04-11,15.90999984741211,14.366785049438477
2017-04-12,15.904999732971191,14.362272262573242
2017-04-13,15.817999839782715,14.283709526062012
2017-04-18,15.694999694824219,14.193939208984375
2017-04-19,15.758000373840332,14.2509183883667
2017-04-20,15.718000411987305,14.214743614196777
2017-04-21,15.883000373840332,14.363961219787598
2017-04-24,15.788000106811523,14.278045654296875
2017-04-25,15.73799991607666,14.232828140258789
2017-04-26,15.86299991607666,14.345874786376953
2017-04-27,15.847999572753906,14.332306861877441
2017-04-28,15.782999992370605,14.273524284362793
2017-05-02,15.895000457763672,14.3748140335083
2017-05-03,15.843000411987305,14.327786445617676
2017-05-04,15.843000411987305,14.327786445617676
2017-05-05,15.847999572753906,14.332306861877441
2017-05-08,16.06800079345703,14.531270027160645
2017-05-09,16.040000915527344,14.505948066711426
2017-05-10,16.030000686645508,14.496903419494629
2017-05-11,16.023000717163086,14.490571975708008
2017-05-12,15.947999954223633,14.422740936279297
2017-05-15,15.913000106811523,14.391095161437988
2017-05-16,15.782999992370605,14.273524284362793
2017-05-17,15.668000221252441,14.169523239135742
2017-05-18,15.765000343322754,14.257247924804688
2017-05-19,15.753000259399414,14.246395111083984
2017-05-22,15.692999839782715,14.192131996154785
2017-05-23,15.687999725341797,14.187610626220703
2017-05-24,15.718000411987305,14.214743614196777
2017-05-25,15.73799991607666,14.232828140258789
2017-05-26,15.767999649047852,14.25995922088623
2017-05-29,15.770000457763672,14.26176929473877
2017-05-30,15.788000106811523,14.278045654296875
2017-05-31,15.729999542236328,14.225592613220215
2017-06-01,15.895000457763672,14.3748140335083
2017-06-02,16.113000869750977,14.571961402893066
2017-06-06,16.12299919128418,14.581009864807129
2017-06-07,16.132999420166016,14.590049743652344
2017-06-08,16.170000076293945,14.623512268066406
2017-06-09,16.170000076293945,14.623512268066406
2017-06-12,16.062999725341797,14.526745796203613
2017-06-13,16.09000015258789,14.551164627075195
2017-06-14,16.023000717163086,14.490571975708008
2017-06-15,16.003000259399414,14.47248363494873
2017-06-16,16.01300048828125,14.48153018951416
2017-06-19,16.132999420166016,14.590049743652344
2017-06-20,16.222999572753906,14.6714448928833
2017-06-21,16.158000946044922,14.612662315368652
2017-06-22,16.167999267578125,14.62170124053955
2017-06-23,16.08799934387207,14.549355506896973
2017-06-26,16.107999801635742,14.567441940307617
2017-06-27,15.887999534606934,14.36848258972168
2017-06-28,15.793000221252441,14.282567024230957
2017-06-29,15.607999801635742,14.115262985229492
2017-06-30,15.588000297546387,14.097175598144531
2017-07-03,15.649999618530273,14.153242111206055
2017-07-04,15.59000015258789,14.098982810974121
2017-07-05,15.574999809265137,14.085417747497559
2017-07-06,15.380000114440918,13.909067153930664
2017-07-07,15.375,13.904546737670898
2017-07-10,15.4350004196167,13.958808898925781
2017-07-11,15.385000228881836,13.913592338562012
2017-07-12,15.550000190734863,14.062808990478516
2017-07-13,15.53499984741211,14.04924488067627
2017-07-14,15.505000114440918,14.02210807800293
2017-07-17,15.40999984741211,14.022353172302246
2017-07-18,15.274999618530273,13.899514198303223
2017-07-19,15.414999961853027,14.026904106140137
2017-07-20,15.295000076293945,13.917710304260254
2017-07-21,15.289999961853027,13.913159370422363
2017-07-24,15.260000228881836,13.885859489440918
2017-07-25,15.28499984741211,13.908609390258789
2017-07-26,15.270000457763672,13.894960403442383
2017-07-27,15.3149995803833,13.93591022491455
2017-07-28,15.1899995803833,13.822163581848145
2017-07-31,15.175000190734863,13.808514595031738
2017-08-01,15.25,13.876762390136719
2017-08-02,15.164999961853027,13.799415588378906
2017-08-03,15.135000228881836,13.772115707397461
2017-08-04,15.265000343322754,13.890413284301758
2017-08-07,15.210000038146973,13.840361595153809
2017-08-08,15.270000457763672,13.894960403442383
2017-08-09,15.145000457763672,13.781217575073242
2017-08-10,15.055000305175781,13.699319839477539
2017-08-11,14.9399995803833,13.594676971435547
2017-08-14,15.03499984741211,13.681122779846191
2017-08-15,15.074999809265137,13.717522621154785
2017-08-16,15.104999542236328,13.744821548461914
2017-08-17,15.069999694824219,13.712970733642578
2017-08-18,15.039999961853027,13.685670852661133
2017-08-21,14.895000457763672,13.553728103637695
2017-08-22,14.975000381469727,13.62652587890625
2017-08-23,14.914999961853027,13.571927070617676
2017-08-24,14.875,13.535530090332031
2017-08-25,14.864999771118164,13.526430130004883
2017-08-28,14.744999885559082,13.417232513427734
2017-08-29,14.640000343322754,13.32169246673584
2017-08-30,14.744999885559082,13.417232513427734
2017-08-31,14.885000228881836,13.544628143310547
2017-09-01,14.914999961853027,13.571927070617676
2017-09-04,14.805000305175781,13.471832275390625
2017-09-05,14.789999961853027,13.458184242248535
2017-09-06,14.78499984741211,13.453635215759277
2017-09-07,14.760000228881836,13.43088436126709
2017-09-08,14.75,13.421788215637207
2017-09-11,14.899999618530273,13.558277130126953
2017-09-12,14.930000305175781,13.585577011108398
2017-09-13,14.96500015258789,13.617427825927734
2017-09-14,14.975000381469727,13.62652587890625
2017-09-15,14.904999732971191,13.56282901763916
2017-09-18,14.954999923706055,13.608325958251953
2017-09-19,15.024999618530273,13.672019958496094
2017-09-20,15.03499984741211,13.681122779846191
2017-09-21,15.03499984741211,13.681122779846191
2017-09-22,15.010000228881836,13.658374786376953
2017-09-25,15.180000305175781,13.813064575195312
2017-09-26,15.260000228881836,13.885859489440918
2017-09-27,15.300000190734863,13.922262191772461
2017-09-28,15.255000114440918,13.881312370300293
2017-09-29,15.234999656677246,13.863112449645996
2017-10-02,15.369999885559082,13.985955238342285
2017-10-03,15.369999885559082,13.985955238342285
2017-10-04,15.520000457763672,14.122447967529297
2017-10-05,15.585000038146973,14.181595802307129
2017-10-06,15.569999694824219,14.167946815490723
2017-10-09,15.604999542236328,14.19979476928711
2017-10-10,15.625,14.21799373626709
2017-10-11,15.654999732971191,14.245292663574219
2017-10-12,15.734999656677246,14.318089485168457
2017-10-13,15.930000305175781,14.495530128479004
2017-10-16,16.045000076293945,14.609341621398926
2017-10-17,16.094999313354492,14.654868125915527
2017-10-18,16.040000915527344,14.604787826538086
2017-10-19,15.920000076293945,14.495526313781738
2017-10-20,16.020000457763672,14.586577415466309
2017-10-23,16.204999923706055,14.755022048950195
2017-10-24,16.239999771118164,14.786892890930176
2017-10-25,16.09000015258789,14.650312423706055
2017-10-26,16.30500030517578,14.846076011657715
2017-10-27,16.65999984741211,15.169309616088867
2017-10-30,16.545000076293945,15.06459903717041
2017-10-31,16.545000076293945,15.06459903717041
2017-11-01,16.915000915527344,15.401495933532715
2017-11-02,16.850000381469727,15.342310905456543
2017-11-03,16.959999084472656,15.44247055053711
2017-11-06,16.985000610351562,15.465229034423828
2017-11-07,17.219999313354492,15.679203033447266
2017-11-08,17.325000762939453,15.774813652038574
2017-11-09,16.975000381469727,15.45612621307373
2017-11-10,16.889999389648438,15.378735542297363
2017-11-13,16.799999237060547,15.296784400939941
2017-11-14,16.65999984741211,15.169309616088867
2017-11-15,16.489999771118164,15.014519691467285
2017-11-16,16.84000015258789,15.333203315734863
2017-11-17,16.809999465942383,15.305891990661621
2017-11-20,16.915000915527344,15.401495933532715
2017-11-21,17.059999465942383,15.533519744873047
2017-11-22,16.9950008392334,15.474334716796875
2017-11-23,16.940000534057617,15.424256324768066
2017-11-24,16.915000915527344,15.401495933532715
2017-11-27,16.905000686645508,15.392387390136719
2017-11-28,16.975000381469727,15.45612621307373
2017-11-29,16.9950008392334,15.474334716796875
2017-11-30,16.9950008392334,15.474334716796875
2017-12-01,16.834999084472656,15.328651428222656
2017-12-04,16.90250015258789,15.390111923217773
2017-12-05,16.90250015258789,15.390111923217773
2017-12-06,16.752500534057617,15.253532409667969
2017-12-07,16.9325008392334,15.417428016662598
2017-12-08,17.020000457763672,15.497097969055176
2017-12-11,17.02750015258789,15.503929138183594
2017-12-12,17.137500762939453,15.604086875915527
2017-12-13,17.0625,15.535796165466309
2017-12-14,17.0049991607666,15.483445167541504
2017-12-15,17.052499771118164,15.526690483093262
2017-12-18,17.229999542236328,15.68830680847168
2017-12-19,17.014999389648438,15.492546081542969
2017-12-20,16.889999389648438,15.378735542297363
2017-12-21,16.924999237060547,15.410597801208496
2017-12-22,16.954999923706055,15.437912940979004
2017-12-27,16.959999084472656,15.44247055053711
2017-12-28,16.829999923706055,15.324100494384766
2017-12-29,16.815000534057617,15.310441970825195
2018-01-02,16.746000289916992,15.277750968933105
2018-01-03,17.0,15.509478569030762
2018-01-04,17.25200080871582,15.739386558532715
2018-01-05,17.350000381469727,15.828794479370117
2018-01-08,17.56999969482422,16.029502868652344
2018-01-09,17.6560001373291,16.10796546936035
2018-01-10,17.618000030517578,16.07329559326172
2018-01-11,17.54199981689453,16.003957748413086
2018-01-12,17.54199981689453,16.003957748413086
2018-01-15,17.378000259399414,15.854336738586426
2018-01-16,17.534000396728516,15.996663093566895
2018-01-17,17.540000915527344,16.002140045166016
2018-01-18,17.4060001373291,15.87987995147705
2018-01-19,17.47800064086914,15.945569038391113
2018-01-22,17.47599983215332,15.943745613098145
2018-01-23,17.625999450683594,16.080598831176758
2018-01-24,17.444000244140625,15.91455078125
2018-01-25,17.22800064086914,15.717490196228027
2018-01-26,17.40999984741211,15.883536338806152
2018-01-29,17.38800048828125,15.863462448120117
2018-01-30,17.101999282836914,15.602534294128418
2018-01-31,16.99799919128418,15.507657051086426
2018-02-01,17.010000228881836,15.518601417541504
2018-02-02,16.77199935913086,15.301469802856445
2018-02-05,16.374000549316406,14.938364028930664
2018-02-06,15.937999725341797,14.540595054626465
2018-02-07,16.332000732421875,14.900050163269043
2018-02-08,16.025999069213867,14.620878219604492
2018-02-09,15.829999923706055,14.442065238952637
2018-02-12,16.013999938964844,14.609928131103516
2018-02-13,15.763999938964844,14.38184642791748
2018-02-14,15.812000274658203,14.425643920898438
2018-02-15,16.010000228881836,14.606281280517578
2018-02-16,16.420000076293945,14.980334281921387
2018-02-19,16.507999420166016,15.060616493225098
2018-02-20,16.513999938964844,15.066088676452637
2018-02-21,16.52400016784668,15.075214385986328
2018-02-22,16.45199966430664,15.009527206420898
2018-02-23,16.582000732421875,15.128128051757812
2018-02-26,16.808000564575195,15.334315299987793
2018-02-27,16.83799934387207,15.361682891845703
2018-02-28,16.77199935913086,15.301469802856445
2018-03-01,16.426000595092773,14.985806465148926
2018-03-02,15.92199993133545,14.52599811553955
2018-03-05,16.173999786376953,14.755902290344238
2018-03-06,16.31399917602539,14.883625984191895
2018-03-07,16.1560001373291,14.739479064941406
2018-03-08,16.389999389648438,14.952961921691895
2018-03-09,16.447999954223633,15.005880355834961
2018-03-12,16.510000228881836,15.0624418258667
2018-03-13,16.420000076293945,14.980334281921387
2018-03-14,16.392000198364258,14.954791069030762
2018-03-15,16.558000564575195,15.106237411499023
2018-03-16,16.486000061035156,15.040549278259277
2018-03-19,16.200000762939453,14.779620170593262
2018-03-20,16.305999755859375,14.876326560974121
2018-03-21,16.354000091552734,14.920117378234863
2018-03-22,16.246000289916992,14.821585655212402
2018-03-23,15.763999938964844,14.38184642791748
2018-03-26,15.673999786376953,14.2997407913208
2018-03-27,16.06999969482422,14.661019325256348
2018-03-28,16.025999069213867,14.620878219604492
2018-03-29,16.357999801635742,14.9237699508667
2018-04-03,16.34600067138672,14.912823677062988
2018-04-04,16.256000518798828,14.830714225769043
2018-04-05,16.666000366210938,15.204763412475586
2018-04-06,16.368000030517578,14.932891845703125
2018-04-09,16.506000518798828,15.058794021606445
2018-04-10,16.530000686645508,15.08069133758545
2018-04-11,16.417999267578125,14.978507041931152
2018-04-12,16.486000061035156,15.040549278259277
2018-04-13,16.445999145507812,15.004054069519043
2018-04-16,16.437999725341797,14.996752738952637
2018-04-17,16.56999969482422,15.117179870605469
2018-04-18,16.687999725341797,15.224835395812988
2018-04-19,16.67799949645996,15.215713500976562
2018-04-20,16.711999893188477,15.246732711791992
2018-04-23,16.724000930786133,15.257678985595703
2018-04-24,16.714000701904297,15.248557090759277
2018-04-25,16.68199920654297,15.219358444213867
2018-04-26,16.889999389648438,15.409123420715332
2018-04-27,17.007999420166016,15.516779899597168
2018-04-30,17.11199951171875,15.611662864685059
2018-05-02,17.076000213623047,15.578821182250977
2018-05-03,16.972000122070312,15.483933448791504
2018-05-04,17.211999893188477,15.702893257141113
2018-05-07,17.26799964904785,15.753983497619629
2018-05-08,17.336000442504883,15.816017150878906
2018-05-09,17.219999313354492,15.710188865661621
2018-05-10,17.27199935913086,15.75762939453125
2018-05-11,17.368000030517578,15.845216751098633
2018-05-14,17.422000885009766,15.89448070526123
2018-05-15,17.38800048828125,15.863462448120117
2018-05-16,17.506000518798828,15.971115112304688
2018-05-17,17.54800033569336,16.00943374633789
2018-05-18,17.520000457763672,15.983893394470215
2018-05-21,17.520000457763672,15.983893394470215
2018-05-22,17.54599952697754,16.00760841369629
2018-05-23,17.474000930786133,15.941924095153809
2018-05-24,17.31800079345703,15.799600601196289
2018-05-25,17.516000747680664,15.980238914489746
2018-05-28,17.586000442504883,16.04410171508789
2018-05-29,17.558000564575195,16.018550872802734
2018-05-30,17.45800018310547,15.927323341369629
2018-05-31,17.4060001373291,15.87987995147705
2018-06-01,17.47599983215332,15.943745613098145
2018-06-04,17.54199981689453,16.003957748413086
2018-06-05,17.538000106811523,16.000303268432617
2018-06-06,17.507999420166016,15.972936630249023
2018-06-07,17.52400016784668,15.987533569335938
2018-06-08,17.54800033569336,16.00943374633789
2018-06-11,17.652000427246094,16.10431480407715
2018-06-12,17.577999114990234,16.03680419921875
2018-06-13,17.621999740600586,16.076946258544922
2018-06-14,17.785999298095703,16.226566314697266
2018-06-15,17.643999099731445,16.097013473510742
2018-06-18,17.634000778198242,16.087890625
2018-06-19,17.41900062561035,15.89174747467041
2018-06-20,17.583999633789062,16.042280197143555
2018-06-21,17.575000762939453,16.034067153930664
2018-06-22,17.628000259399414,16.08241844177246
2018-06-25,17.256000518798828,15.743037223815918
2018-06-26,17.34600067138672,15.82514476776123
2018-06-27,17.43000030517578,15.901779174804688
2018-06-28,17.367000579833984,15.8443021774292
2018-06-29,17.253999710083008,15.74121379852295
2018-07-02,16.95199966430664,15.465685844421387
2018-07-03,16.930999755859375,15.446531295776367
2018-07-04,16.858999252319336,15.380839347839355
2018-07-05,16.740999221801758,15.273184776306152
2018-07-06,16.812000274658203,15.337964057922363
2018-07-09,17.000999450683594,15.510394096374512
2018-07-10,17.03499984741211,15.541412353515625
2018-07-11,16.809999465942383,15.336139678955078
2018-07-12,16.95199966430664,15.465685844421387
2018-07-13,17.222000122070312,15.712014198303223
2018-07-16,17.100000381469727,15.676793098449707
2018-07-17,17.20400047302246,15.772137641906738
2018-07-18,17.329999923706055,15.887655258178711
2018-07-19,17.29199981689453,15.852813720703125
2018-07-20,17.17799949645996,15.74830150604248
2018-07-23,17.145999908447266,15.718965530395508
2018-07-24,17.285999298095703,15.847309112548828
2018-07-25,17.32200050354004,15.880318641662598
2018-07-26,17.378000259399414,15.931655883789062
2018-07-27,17.45599937438965,16.003164291381836
2018-07-30,17.238000869750977,15.803306579589844
2018-07-31,17.211999893188477,15.779472351074219
2018-08-01,17.29599952697754,15.856481552124023
2018-08-02,17.31599998474121,15.8748140335083
2018-08-03,17.356000900268555,15.911486625671387
2018-08-06,17.398000717163086,15.949990272521973
2018-08-07,17.486000061035156,16.030670166015625
2018-08-08,17.483999252319336,16.028837203979492
2018-08-09,17.510000228881836,16.05267333984375
2018-08-10,17.468000411987305,16.01416778564453
2018-08-13,17.374000549316406,15.927987098693848
2018-08-14,17.58799934387207,16.124177932739258
2018-08-15,17.444000244140625,15.99216365814209
2018-08-16,17.549999237060547,16.089340209960938
2018-08-17,17.49799919128418,16.041669845581055
2018-08-20,17.5,16.043502807617188
2018-08-21,17.444000244140625,15.99216365814209
2018-08-22,17.416000366210938,15.96649169921875
2018-08-23,17.36199951171875,15.916986465454102
2018-08-24,17.4060001373291,15.95732307434082
2018-08-27,17.538000106811523,16.07833480834961
2018-08-28,17.43000030517578,15.979329109191895
2018-08-29,17.464000701904297,16.0105037689209
2018-08-30,17.47599983215332,16.021501541137695
2018-08-31,17.586000442504883,16.122344970703125
2018-09-03,17.54599952697754,16.085674285888672
2018-09-04,17.489999771118164,16.034334182739258
2018-09-05,17.275999069213867,15.838147163391113
2018-09-06,17.29400062561035,15.854647636413574
2018-09-07,17.336000442504883,15.893148422241211
2018-09-10,17.31800079345703,15.876653671264648
2018-09-11,17.42799949645996,15.977494239807129
2018-09-12,17.4060001373291,15.95732307434082
2018-09-13,17.45400047302246,16.001327514648438
2018-09-14,17.68600082397461,16.21402359008789
2018-09-17,17.733999252319336,16.258026123046875
2018-09-18,18.003999710083008,16.505552291870117
2018-09-19,18.016000747680664,16.516555786132812
2018-09-20,17.917999267578125,16.42671012878418
2018-09-21,17.99799919128418,16.500059127807617
2018-09-24,17.847999572753906,16.36254119873047
2018-09-25,17.944000244140625,16.450546264648438
2018-09-26,18.09000015258789,16.58439826965332
2018-09-27,18.214000701904297,16.698081970214844
2018-09-28,18.29800033569336,16.775089263916016
2018-10-01,18.54800033569336,17.004281997680664
2018-10-02,18.472000122070312,16.93460464477539
2018-10-04,18.1299991607666,16.62106704711914
2018-10-05,18.055999755859375,16.5532283782959
2018-10-08,18.06999969482422,16.56606101989746
2018-10-09,18.083999633789062,16.578899383544922
2018-10-10,17.81599998474121,16.333200454711914
2018-10-11,17.347999572753906,15.904152870178223
2018-10-12,17.29400062561035,15.854647636413574
2018-10-15,17.215999603271484,15.7831392288208
2018-10-16,17.50200080871582,16.04533576965332
2018-10-17,17.579999923706055,16.11684226989746
2018-10-18,17.36400032043457,15.9188232421875
2018-10-19,17.43000030517578,15.979329109191895
2018-10-22,17.398000717163086,15.949990272521973
2018-10-23,16.93600082397461,15.52644157409668
2018-10-24,16.974000930786133,15.561284065246582
2018-10-25,16.93199920654297,15.522775650024414
2018-10-26,16.56999969482422,15.190903663635254
2018-10-29,16.624000549316406,15.240410804748535
2018-10-30,16.722000122070312,15.330255508422852
2018-10-31,17.083999633789062,15.662123680114746
2018-11-01,16.892000198364258,15.48610782623291
2018-11-02,17.027999877929688,15.610786437988281
2018-11-05,17.02400016784668,15.6071195602417
2018-11-06,17.100000381469727,15.676793098449707
2018-11-07,17.214000701904297,15.781307220458984
2018-11-08,17.260000228881836,15.823481559753418
2018-11-09,17.134000778198242,15.707962989807129
2018-11-12,17.091999053955078,15.66945743560791
2018-11-13,17.052000045776367,15.632786750793457
2018-11-14,16.889999389648438,15.484271049499512
2018-11-15,16.937999725341797,15.528277397155762
2018-11-16,16.841999053955078,15.440268516540527
2018-11-19,16.809999465942383,15.410931587219238
2018-11-20,16.59600067138672,15.214741706848145
2018-11-21,16.854000091552734,15.451271057128906
2018-11-22,16.719999313354492,15.32841968536377
2018-11-23,16.88599967956543,15.480607032775879
2018-11-26,17.06800079345703,15.64745807647705
2018-11-27,17.170000076293945,15.74096965789795
2018-11-28,17.256000518798828,15.81981372833252
2018-11-29,17.256000518798828,15.81981372833252
2018-11-30,17.336000442504883,15.893148422241211
2018-12-03,17.510000228881836,16.05267333984375
2018-12-04,17.195999145507812,15.764800071716309
2018-12-05,17.025999069213867,15.608951568603516
2018-12-06,16.54599952697754,15.168901443481445
2018-12-07,16.63599967956543,15.251410484313965
2018-12-10,16.354000091552734,14.992879867553711
2018-12-11,16.625999450683594,15.2422456741333
2018-12-12,16.899999618530273,15.493440628051758
2018-12-13,16.86199951171875,15.458600997924805
2018-12-14,16.695999145507812,15.306416511535645
2018-12-17,16.601999282836914,15.22024154663086
2018-12-18,16.540000915527344,15.16340160369873
2018-12-19,16.45800018310547,15.088225364685059
2018-12-20,15.972000122070312,14.642674446105957
2018-12-21,15.836000442504883,14.517995834350586
2018-12-27,15.621999740600586,14.321805000305176
2018-12-28,15.807999610900879,14.492323875427246
2019-01-02,15.973999977111816,14.644509315490723
2019-01-03,15.902000427246094,14.578500747680664
2019-01-04,16.22599983215332,14.87553596496582
2019-01-07,16.222000122070312,14.871867179870605
2019-01-08,16.323999404907227,14.965378761291504
2019-01-09,16.261999130249023,14.908537864685059
2019-01-10,16.323999404907227,14.965378761291504
2019-01-11,16.302000045776367,14.945211410522461
2019-01-14,16.261999130249023,14.908537864685059
2019-01-15,16.469999313354492,15.175887107849121
2019-01-16,16.516000747680664,15.21827507019043
2019-01-17,16.398000717163086,15.10954475402832
2019-01-18,16.70800018310547,15.395187377929688
2019-01-21,16.573999404907227,15.271713256835938
2019-01-22,16.503999710083008,15.20721435546875
2019-01-23,16.40399932861328,15.115070343017578
2019-01-24,16.513999938964844,15.2164306640625
2019-01-25,16.6299991607666,15.323315620422363
2019-01-28,16.378000259399414,15.091118812561035
2019-01-29,16.479999542236328,15.185100555419922
2019-01-30,16.527999877929688,15.229330062866211
2019-01-31,16.615999221801758,15.310413360595703
2019-02-01,16.538000106811523,15.238542556762695
2019-02-04,16.549999237060547,15.249600410461426
2019-02-05,16.65999984741211,15.350959777832031
2019-02-06,16.649999618530273,15.341744422912598
2019-02-07,16.43199920654297,15.140872955322266
2019-02-08,16.18400001525879,14.912359237670898
2019-02-11,16.36400032043457,15.078215599060059
2019-02-12,16.68199920654297,15.371228218078613
2019-02-13,16.788000106811523,15.468901634216309
2019-02-14,16.719999313354492,15.406244277954102
2019-02-15,16.892000198364258,15.564728736877441
2019-02-18,16.920000076293945,15.590535163879395
2019-02-19,16.923999786376953,15.594216346740723
2019-02-20,16.95199966430664,15.620010375976562
2019-02-21,16.969999313354492,15.636598587036133
2019-02-22,17.04199981689453,15.70294189453125
2019-02-25,17.082000732421875,15.739802360534668
2019-02-26,17.040000915527344,15.701101303100586
2019-02-27,17.0,15.664244651794434
2019-02-28,16.871999740600586,15.546302795410156
2019-03-01,16.941999435424805,15.610797882080078
2019-03-04,17.09000015258789,15.747173309326172
2019-03-05,17.134000778198242,15.787711143493652
2019-03-06,17.003999710083008,15.667929649353027
2019-03-07,16.937999725341797,15.607115745544434
2019-03-08,16.715999603271484,15.402555465698242
2019-03-11,16.941999435424805,15.610797882080078
2019-03-12,16.989999771118164,15.655031204223633
2019-03-13,17.00200080871582,15.666082382202148
2019-03-14,16.865999221801758,15.540769577026367
2019-03-15,16.969999313354492,15.636598587036133
2019-03-18,17.0,15.664244651794434
2019-03-19,17.04599952697754,15.706625938415527
2019-03-20,16.93199920654297,15.601583480834961
2019-03-21,17.016000747680664,15.67898178100586
2019-03-22,16.968000411987305,15.63475513458252
2019-03-25,16.81800079345703,15.496545791625977
2019-03-26,17.09000015258789,15.747173309326172
2019-03-27,17.031999588012695,15.693726539611816
2019-03-28,17.062000274658203,15.721366882324219
2019-03-29,17.128000259399414,15.782184600830078
2019-04-01,17.332000732421875,15.9701566696167
2019-04-02,17.32200050354004,15.960939407348633
2019-04-03,17.450000762939453,16.07888412475586
2019-04-04,17.422000885009766,16.053085327148438
2019-04-05,17.474000930786133,16.101001739501953
2019-04-08,17.395999908447266,16.029130935668945
2019-04-09,17.332000732421875,15.9701566696167
2019-04-10,17.36400032043457,15.999645233154297
2019-04-11,17.329999923706055,15.968313217163086
2019-04-12,17.43199920654297,16.062297821044922
2019-04-15,17.507999420166016,16.147951126098633
2019-04-16,17.63800048828125,16.267858505249023
2019-04-17,17.61400032043457,16.245718002319336
2019-04-18,17.68400001525879,16.310279846191406
2019-04-23,17.81599998474121,16.43202781677246
2019-04-24,17.742000579833984,16.36378288269043
2019-04-25,17.898000717163086,16.507661819458008
2019-04-26,17.913999557495117,16.522415161132812
2019-04-29,17.964000701904297,16.56853485107422
2019-04-30,17.941999435424805,16.54824447631836
2019-05-02,17.865999221801758,16.478145599365234
2019-05-03,18.04199981689453,16.640478134155273
2019-05-06,17.86199951171875,16.474454879760742
2019-05-07,17.5939998626709,16.227275848388672
2019-05-08,17.459999084472656,16.103683471679688
2019-05-09,17.173999786376953,15.839899063110352
2019-05-10,17.167999267578125,15.834368705749512
2019-05-13,17.006000518798828,15.684951782226562
2019-05-14,17.236000061035156,15.89708423614502
2019-05-15,17.243999481201172,15.904463768005371
2019-05-16,17.36400032043457,16.01514434814453
2019-05-17,17.3700008392334,16.02067756652832
2019-05-20,17.209999084472656,15.873102188110352
2019-05-21,17.29800033569336,15.954269409179688
2019-05-22,17.284000396728516,15.941357612609863
2019-05-23,17.100000381469727,15.771651268005371
2019-05-24,17.22800064086914,15.889707565307617
2019-05-27,17.31399917602539,15.969024658203125
2019-05-28,17.281999588012695,15.939509391784668
2019-05-29,17.142000198364258,15.810391426086426
2019-05-30,17.148000717163086,15.815924644470215
2019-05-31,16.969999313354492,15.65174674987793
2019-06-03,16.893999099731445,15.581652641296387
2019-06-04,16.972000122070312,15.653592109680176
2019-06-05,17.049999237060547,15.725537300109863
2019-06-06,17.04800033569336,15.723691940307617
2019-06-07,17.142000198364258,15.810391426086426
2019-06-11,17.284000396728516,15.941357612609863
2019-06-12,17.18400001525879,15.849127769470215
2019-06-13,17.209999084472656,15.873102188110352
2019-06-14,17.29400062561035,15.95058536529541
2019-06-17,17.333999633789062,15.987476348876953
2019-06-18,17.5,16.14057731628418
2019-06-19,17.538000106811523,16.175626754760742
2019-06-20,17.690000534057617,16.315813064575195
2019-06-21,17.54400062561035,16.181156158447266
2019-06-24,17.3799991607666,16.029897689819336
2019-06-25,17.34000015258789,15.993010520935059
2019-06-26,17.281999588012695,15.939509391784668
2019-06-27,17.350000381469727,16.002225875854492
2019-06-28,17.395999908447266,16.044658660888672
2019-07-01,17.75200080871582,16.37299919128418
2019-07-02,17.82200050354004,16.43756103515625
2019-07-03,17.889999389648438,16.500280380249023
2019-07-04,17.874000549316406,16.485525131225586
2019-07-05,17.833999633789062,16.44862937927246
2019-07-08,17.760000228881836,16.380380630493164
2019-07-09,17.68000030517578,16.306596755981445
2019-07-10,17.676000595092773,16.302906036376953
2019-07-11,17.738000869750977,16.360092163085938
2019-07-12,17.79800033569336,16.415428161621094
2019-07-15,17.697999954223633,16.447803497314453
2019-07-16,17.628000259399414,16.38275146484375
2019-07-17,17.54400062561035,16.3046817779541
2019-07-18,17.327999114990234,16.103940963745117
2019-07-19,17.56999969482422,16.328845977783203
2019-07-22,17.576000213623047,16.334423065185547
2019-07-23,17.84600067138672,16.585351943969727
2019-07-24,17.88599967956543,16.622522354125977
2019-07-25,17.790000915527344,16.533308029174805
2019-07-26,17.808000564575195,16.55003547668457
2019-07-29,17.729999542236328,16.4775447845459
2019-07-30,17.652000427246094,16.40505599975586
2019-07-31,17.709999084472656,16.45895767211914
2019-08-01,17.884000778198242,16.620664596557617
2019-08-02,17.45599937438965,16.222898483276367
2019-08-05,17.08799934387207,15.880894660949707
2019-08-06,17.04800033569336,15.84372329711914
2019-08-07,17.09600067138672,15.888325691223145
2019-08-08,17.31599998474121,16.092788696289062
2019-08-09,17.18400001525879,15.970118522644043
2019-08-12,17.118000030517578,15.908777236938477
2019-08-13,17.239999771118164,16.02216148376465
2019-08-14,17.027999877929688,15.82513427734375
2019-08-15,17.149999618530273,15.938511848449707
2019-08-16,17.329999923706055,16.105798721313477
2019-08-19,17.384000778198242,16.155986785888672
2019-08-20,17.32200050354004,16.098360061645508
2019-08-21,17.40999984741211,16.180152893066406
2019-08-22,17.34000015258789,16.11509895324707
2019-08-23,17.172000885009766,15.958959579467773
2019-08-26,17.31399917602539,16.090930938720703
2019-08-27,17.356000900268555,16.129962921142578
2019-08-28,17.3439998626709,16.118810653686523
2019-08-29,17.461999893188477,16.228479385375977
2019-08-30,17.583999633789062,16.34185791015625
2019-09-02,17.59000015258789,16.347434997558594
2019-09-03,17.610000610351562,16.366025924682617
2019-09-04,17.631999969482422,16.38646697998047
2019-09-05,17.83799934387207,16.57791519165039
2019-09-06,17.847999572753906,16.587209701538086
2019-09-09,17.93000030517578,16.663415908813477
2019-09-10,17.916000366210938,16.650405883789062
2019-09-11,18.110000610351562,16.830698013305664
2019-09-12,18.15999984741211,16.877166748046875
2019-09-13,18.326000213623047,17.03144645690918
2019-09-16,18.33799934387207,17.0426025390625
2019-09-17,18.280000686645508,16.988691329956055
2019-09-18,18.257999420166016,16.968242645263672
2019-09-19,18.47800064086914,17.172706604003906
2019-09-20,18.530000686645508,17.221036911010742
2019-09-23,18.43600082397461,17.13367462158203
2019-09-24,18.49799919128418,17.19129180908203
2019-09-25,18.51799964904785,17.20987892150879
2019-09-26,18.634000778198242,17.31768798828125
2019-09-27,18.492000579833984,17.185714721679688
2019-09-30,18.5,17.19314956665039
2019-10-01,18.465999603271484,17.161548614501953
2019-10-02,18.172000885009766,16.888324737548828
2019-10-04,18.29599952697754,17.003564834594727
2019-10-07,18.299999237060547,17.007278442382812
2019-10-08,18.23200035095215,16.9440860748291
2019-10-09,18.281999588012695,16.990550994873047
2019-10-10,18.290000915527344,16.997987747192383
2019-10-11,18.54400062561035,17.23404312133789
2019-10-14,18.441999435424805,17.13924789428711
2019-10-15,18.738000869750977,17.41434097290039
2019-10-16,18.760000228881836,17.43478775024414
2019-10-17,18.6560001373291,17.338136672973633
2019-10-18,18.6299991607666,17.313968658447266
2019-10-21,18.746000289916992,17.421770095825195
2019-10-22,18.82200050354004,17.49240493774414
2019-10-23,18.868000030517578,17.535154342651367
2019-10-24,18.947999954223633,17.60950469970703
2019-10-25,18.964000701904297,17.624374389648438
2019-10-28,18.979999542236328,17.639244079589844
2019-10-29,18.98200035095215,17.641103744506836
2019-10-30,18.8799991607666,17.546308517456055
2019-10-31,18.83799934387207,17.50727081298828
2019-11-01,18.983999252319336,17.642959594726562
2019-11-04,19.158000946044922,17.804668426513672
2019-11-05,19.351999282836914,17.984962463378906
2019-11-06,19.34600067138672,17.979385375976562
2019-11-07,19.57200050354004,18.18942642211914
2019-11-08,19.47800064086914,18.102066040039062
2019-11-11,19.38800048828125,18.01842498779297
2019-11-12,19.604000091552734,18.219165802001953
2019-11-13,19.445999145507812,18.07232666015625
2019-11-14,19.333999633789062,17.968238830566406
2019-11-15,19.461999893188477,18.087194442749023
2019-11-18,19.422000885009766,18.050018310546875
2019-11-19,19.3439998626709,17.977529525756836
2019-11-20,19.26799964904785,17.906896591186523
2019-11-21,19.173999786376953,17.819541931152344
2019-11-22,19.290000915527344,17.927349090576172
2019-11-25,19.496000289916992,18.118791580200195
2019-11-26,19.461999893188477,18.087194442749023
2019-11-27,19.554000854492188,18.172693252563477
2019-11-28,19.464000701904297,18.089054107666016
2019-11-29,19.347999572753906,17.98124885559082
2019-12-02,19.077999114990234,17.73031997680664
2019-12-03,19.100000381469727,17.750768661499023
2019-12-04,19.323999404907227,17.958938598632812
2019-12-05,19.260000228881836,17.899463653564453
2019-12-06,19.5939998626709,18.209871292114258
2019-12-09,19.459999084472656,18.08533477783203
2019-12-10,19.445999145507812,18.07232666015625
2019-12-11,19.437999725341797,18.064889907836914
2019-12-12,19.51799964904785,18.139236450195312
2019-12-13,19.642000198364258,18.254480361938477
2019-12-16,19.775999069213867,18.379009246826172
2019-12-17,19.694000244140625,18.302806854248047
2019-12-18,19.652000427246094,18.26377296447754
2019-12-19,19.652000427246094,18.26377296447754
2019-12-20,19.711999893188477,18.319534301757812
2019-12-23,19.666000366210938,18.27678108215332
2019-12-27,19.49799919128418,18.120649337768555
2019-12-30,19.36199951171875,17.994258880615234
2020-01-02,19.483999252319336,18.107635498046875
2020-01-03,19.378000259399414,18.009130477905273
2020-01-06,19.233999252319336,17.875295639038086
2020-01-07,19.408000946044922,18.037006378173828
2020-01-08,19.43600082397461,18.06303596496582
2020-01-09,19.56800079345703,18.18570899963379
2020-01-10,19.511999130249023,18.1336612701416
2020-01-13,19.47599983215332,18.100204467773438
2020-01-14,19.57200050354004,18.18942642211914
2020-01-15,19.469999313354492,18.167558670043945
2020-01-16,19.513999938964844,18.2086181640625
2020-01-17,19.5939998626709,18.283266067504883
2020-01-20,19.625999450683594,18.313125610351562
2020-01-21,19.49799919128418,18.193683624267578
2020-01-22,19.540000915527344,18.23287582397461
2020-01-23,19.52400016784668,18.217945098876953
2020-01-24,19.5939998626709,18.283266067504883
2020-01-27,19.18400001525879,17.90068817138672
2020-01-28,19.347999572753906,18.05371856689453
2020-01-29,19.365999221801758,18.07051658630371
2020-01-30,19.06599998474121,17.79058265686035
2020-01-31,18.8799991607666,17.617023468017578
2020-02-03,18.97599983215332,17.706605911254883
2020-02-04,19.308000564575195,18.01639747619629
2020-02-05,19.513999938964844,18.2086181640625
2020-02-06,19.70800018310547,18.389636993408203
2020-02-07,19.690000534057617,18.37284278869629
2020-02-10,19.68199920654297,18.36537742614746
2020-02-11,19.874000549316406,18.54453468322754
2020-02-12,19.898000717163086,18.56692886352539
2020-02-13,19.86400032043457,18.535205841064453
2020-02-14,19.719999313354492,18.400833129882812
2020-02-17,19.663999557495117,18.348581314086914
2020-02-18,19.426000595092773,18.126501083374023
2020-02-19,19.600000381469727,18.28885841369629
2020-02-20,19.302000045776367,18.01079750061035
2020-02-21,19.09000015258789,17.812978744506836
2020-02-24,18.445999145507812,17.212059020996094
2020-02-25,18.43400001525879,17.200862884521484
2020-02-26,18.573999404907227,17.331493377685547
2020-02-27,17.9060001373291,16.708179473876953
2020-02-28,17.3439998626709,16.183778762817383
2020-03-02,17.450000762939453,16.282686233520508
2020-03-03,17.468000411987305,16.299480438232422
2020-03-04,17.652000427246094,16.471174240112305
2020-03-05,17.469999313354492,16.301347732543945
2020-03-06,16.988000869750977,15.851588249206543
2020-03-09,16.134000778198242,15.054720878601074
2020-03-10,16.20800018310547,15.123769760131836
2020-03-11,16.20199966430664,15.118171691894531
2020-03-12,14.387999534606934,13.425519943237305
2020-03-13,14.675999641418457,13.694252014160156
2020-03-16,14.204000473022461,13.253828048706055
2020-03-17,14.503999710083008,13.533756256103516
2020-03-18,13.961999893188477,13.028016090393066
2020-03-19,14.40999984741211,13.446046829223633
2020-03-20,14.802000045776367,13.811823844909668
2020-03-23,14.45199966430664,13.485236167907715
2020-03-24,15.895999908447266,14.832639694213867
2020-03-25,15.85200023651123,14.791584014892578
2020-03-26,15.843999862670898,14.784120559692383
2020-03-27,15.711999893188477,14.66094970703125
2020-03-30,15.958000183105469,14.890494346618652
2020-03-31,15.996000289916992,14.925950050354004
2020-04-01,15.312000274658203,14.287708282470703
2020-04-02,15.369999885559082,14.341827392578125
2020-04-03,15.17199993133545,14.157072067260742
2020-04-06,15.911999702453613,14.847569465637207
2020-04-07,16.437999725341797,15.338380813598633
2020-04-08,16.329999923706055,15.237610816955566
2020-04-09,16.507999420166016,15.40369987487793
2020-04-14,16.621999740600586,15.510076522827148
2020-04-15,16.45199966430664,15.365291595458984
2020-04-16,16.447999954223633,15.361557960510254
2020-04-17,16.6299991607666,15.531532287597656
2020-04-20,16.763999938964844,15.656684875488281
2020-04-21,16.31599998474121,15.238274574279785
2020-04-22,16.52400016784668,15.432536125183105
2020-04-23,16.812000274658203,15.701513290405273
2020-04-24,16.718000411987305,15.613720893859863
2020-04-27,17.086000442504883,15.957409858703613
2020-04-28,17.36400032043457,16.217052459716797
2020-04-29,17.724000930786133,16.553272247314453
2020-04-30,17.110000610351562,15.979828834533691
2020-05-04,16.586000442504883,15.49044132232666
2020-05-05,17.125999450683594,15.994771003723145
2020-05-06,17.08799934387207,15.959278106689453
2020-05-07,17.27400016784668,16.132993698120117
2020-05-08,17.479999542236328,16.325389862060547
2020-05-11,17.631999969482422,16.467348098754883
2020-05-12,17.583999633789062,16.422517776489258
2020-05-13,17.479999542236328,16.325389862060547
2020-05-14,17.218000411987305,16.080699920654297
2020-05-15,17.219999313354492,16.082563400268555
2020-05-18,17.676000595092773,16.508441925048828
2020-05-19,17.472000122070312,16.317916870117188
2020-05-20,17.649999618530273,16.484163284301758
2020-05-21,17.423999786376953,16.273088455200195
2020-05-22,17.554000854492188,16.394502639770508
2020-05-25,17.922000885009766,16.738195419311523
2020-05-26,18.06999969482422,16.876415252685547
2020-05-27,18.233999252319336,17.029586791992188
2020-05-28,18.492000579833984,17.27054214477539
2020-05-29,18.214000701904297,17.010906219482422
2020-06-02,18.65999984741211,17.427446365356445
2020-06-03,18.724000930786133,17.487218856811523
2020-06-04,18.441999435424805,17.223848342895508
2020-06-05,18.790000915527344,17.548858642578125
2020-06-08,18.865999221801758,17.61983871459961
2020-06-09,18.672000885009766,17.43865203857422
2020-06-10,18.790000915527344,17.548858642578125
2020-06-11,18.134000778198242,16.936189651489258
2020-06-12,18.43000030517578,17.21263885498047
2020-06-15,17.99799919128418,16.809173583984375
2020-06-16,18.54599952697754,17.320974349975586
2020-06-17,18.790000915527344,17.548858642578125
2020-06-18,18.74799919128418,17.509632110595703
2020-06-19,18.941999435424805,17.690814971923828
2020-06-22,18.766000747680664,17.526447296142578
2020-06-23,18.871999740600586,17.62544059753418
2020-06-24,18.440000534057617,17.221975326538086
2020-06-25,18.639999389648438,17.40876579284668
2020-06-26,18.610000610351562,17.38075065612793
2020-06-29,18.511999130249023,17.28921890258789
2020-06-30,18.50200080871582,17.279884338378906
2020-07-01,18.360000610351562,17.147260665893555
2020-07-02,18.549999237060547,17.3247127532959
2020-07-03,18.423999786376953,17.207035064697266
2020-07-06,18.70400047302246,17.468542098999023
2020-07-07,18.628000259399414,17.39756202697754
2020-07-08,18.444000244140625,17.2257137298584
2020-07-09,18.493999481201172,17.272411346435547
2020-07-10,18.676000595092773,17.4423885345459
2020-07-13,18.809999465942383,17.567535400390625
2020-07-14,18.591999053955078,17.363937377929688
2020-07-15,18.756000518798828,17.63457489013672
2020-07-16,18.525999069213867,17.418323516845703
2020-07-17,18.469999313354492,17.365673065185547
2020-07-20,18.469999313354492,17.365673065185547
2020-07-21,18.510000228881836,17.403282165527344
2020-07-22,18.266000747680664,17.17387580871582
2020-07-23,18.280000686645508,17.187030792236328
2020-07-24,18.09000015258789,17.008394241333008
2020-07-27,18.218000411987305,17.12874412536621
2020-07-28,18.261999130249023,17.17011070251465
2020-07-29,18.104000091552734,17.021560668945312
2020-07-30,17.829999923706055,16.763940811157227
2020-07-31,17.45199966430664,16.408538818359375
2020-08-03,17.875999450683594,16.80718994140625
2020-08-04,17.992000579833984,16.9162540435791
2020-08-05,17.916000366210938,16.84479522705078
2020-08-06,17.790000915527344,16.72633171081543
2020-08-07,17.865999221801758,16.797786712646484
2020-08-10,17.926000595092773,16.854202270507812
2020-08-11,18.1560001373291,17.07044792175293
2020-08-12,18.329999923706055,17.23404312133789
2020-08-13,18.31999969482422,17.224637985229492
2020-08-14,18.308000564575195,17.213356018066406
2020-08-17,18.31999969482422,17.224637985229492
2020-08-18,18.238000869750977,17.147544860839844
2020-08-19,18.360000610351562,17.26224708557129
2020-08-20,18.214000701904297,17.124980926513672
2020-08-21,18.20800018310547,17.119338989257812
2020-08-24,18.374000549316406,17.275415420532227
2020-08-25,18.4060001373291,17.305498123168945
2020-08-26,18.489999771118164,17.384477615356445
2020-08-27,18.413999557495117,17.31302261352539
2020-08-28,18.148000717163086,17.06292724609375
2020-08-31,18.142000198364258,17.05728530883789
2020-09-01,18.18600082397461,17.098657608032227
2020-09-02,18.503999710083008,17.39763832092285
2020-09-03,18.326000213623047,17.230281829833984
2020-09-04,18.242000579833984,17.15130615234375
2020-09-07,18.375999450683594,17.27729606628418
2020-09-08,18.33799934387207,17.241565704345703
2020-09-09,18.36400032043457,17.26601219177246
2020-09-10,18.312000274658203,17.217119216918945
2020-09-11,18.503999710083008,17.39763832092285
2020-09-14,18.621999740600586,17.50858497619629
2020-09-15,18.691999435424805,17.574399948120117
2020-09-16,18.826000213623047,17.70039176940918
2020-09-17,18.761999130249023,17.640216827392578
2020-09-18,18.700000762939453,17.581920623779297
2020-09-21,18.374000549316406,17.275415420532227
2020-09-22,18.503999710083008,17.39763832092285
2020-09-23,18.851999282836914,17.72483253479004
2020-09-24,18.75,17.628931045532227
2020-09-25,18.775999069213867,17.65338134765625
2020-09-28,19.016000747680664,17.879030227661133
2020-09-29,18.937999725341797,17.80569076538086
2020-09-30,18.829999923706055,17.704145431518555
2020-10-01,18.79599952697754,17.672183990478516
2020-10-02,18.761999130249023,17.640216827392578
2020-10-05,18.770000457763672,17.64773941040039
2020-10-06,18.79199981689453,17.66842269897461
2020-10-07,18.81999969482422,17.694744110107422
2020-10-08,18.95199966430664,17.81885528564453
2020-10-09,18.884000778198242,17.754924774169922
2020-10-12,18.97599983215332,17.841421127319336
2020-10-13,18.99799919128418,17.862104415893555
2020-10-14,19.0939998626709,17.95236587524414
2020-10-15,18.996000289916992,17.860227584838867
2020-10-16,19.062000274658203,17.922277450561523
2020-10-19,19.040000915527344,17.901592254638672
2020-10-20,18.88599967956543,17.75680160522461
2020-10-21,18.97599983215332,17.841421127319336
2020-10-22,18.992000579833984,17.856460571289062
2020-10-23,18.97599983215332,17.841421127319336
2020-10-26,18.88800048828125,17.75868034362793
2020-10-27,18.947999954223633,17.815092086791992
2020-10-28,18.88800048828125,17.75868034362793
2020-10-29,19.101999282836914,17.959884643554688
2020-10-30,18.98200035095215,17.84706687927246
2020-11-02,19.209999084472656,18.06142807006836
2020-11-03,19.507999420166016,18.34161376953125
2020-11-04,19.56800079345703,18.398027420043945
2020-11-05,19.79400062561035,18.61051368713379
2020-11-06,19.860000610351562,18.672565460205078
2020-11-09,20.510000228881836,19.28369903564453
2020-11-10,20.354999542236328,19.137968063354492
2020-11-11,20.674999237060547,19.4388370513916
2020-11-12,20.475000381469727,19.25079917907715
2020-11-13,20.549999237060547,19.321306228637695
2020-11-16,21.079999923706055,19.819622039794922
2020-11-17,21.049999237060547,19.791414260864258
2020-11-18,21.014999389648438,19.758508682250977
2020-11-19,20.770000457763672,19.528156280517578
2020-11-20,20.8799991607666,19.631576538085938
2020-11-23,20.975000381469727,19.720897674560547
2020-11-24,21.31999969482422,20.045276641845703
2020-11-25,21.190000534057617,19.923044204711914
2020-11-26,21.34000015258789,20.06407356262207
2020-11-27,21.524999618530273,20.23801040649414
2020-11-30,21.174999237060547,19.90894317626953
2020-12-01,21.44499969482422,20.162796020507812
2020-12-02,21.2450008392334,19.974754333496094
2020-12-03,21.25,19.97945785522461
2020-12-04,21.2450008392334,19.974754333496094
2020-12-07,21.020000457763672,19.76321029663086
2020-12-08,21.010000228881836,19.753807067871094
2020-12-09,21.235000610351562,19.96535301208496
2020-12-10,21.145000457763672,19.880735397338867
2020-12-11,21.065000534057617,19.805524826049805
2020-12-14,21.165000915527344,19.8995418548584
2020-12-15,21.229999542236328,19.960655212402344
2020-12-16,21.2450008392334,19.974754333496094
2020-12-17,21.219999313354492,19.951248168945312
2020-12-18,21.174999237060547,19.90894317626953
2020-12-21,20.889999389648438,19.64097785949707
2020-12-22,21.040000915527344,19.782011032104492
2020-12-23,21.135000228881836,19.8713321685791
2020-12-28,21.2450008392334,19.974754333496094
2020-12-29,21.735000610351562,20.435457229614258
2020-12-30,21.7450008392334,20.444860458374023
2021-01-04,21.53499984741211,20.247417449951172
2021-01-05,21.489999771118164,20.20510482788086
2021-01-06,21.584999084472656,20.294424057006836
2021-01-07,21.665000915527344,20.36964225769043
2021-01-08,22.165000915527344,20.83974838256836
2021-01-11,22.170000076293945,20.844449996948242
2021-01-12,22.260000228881836,20.92906951904297
2021-01-13,22.524999618530273,21.178220748901367
2021-01-14,22.959999084472656,21.58721351623535
2021-01-15,22.559999465942383,21.260908126831055
2021-01-18,22.610000610351562,21.308025360107422
2021-01-19,22.71500015258789,21.4069766998291
2021-01-20,22.774999618530273,21.46352195739746
2021-01-21,22.700000762939453,21.392839431762695
2021-01-22,22.575000762939453,21.275041580200195
2021-01-25,22.690000534057617,21.383419036865234
2021-01-26,22.739999771118164,21.430540084838867
2021-01-27,22.549999237060547,21.251480102539062
2021-01-28,22.395000457763672,21.105405807495117
2021-01-29,21.899999618530273,20.638912200927734
2021-02-01,22.219999313354492,20.940479278564453
2021-02-02,22.450000762939453,21.157238006591797
2021-02-03,22.59000015258789,21.2891788482666
2021-02-04,22.56999969482422,21.270326614379883
2021-02-05,22.684999465942383,21.378704071044922
2021-02-08,23.149999618530273,21.816932678222656
2021-02-09,23.219999313354492,21.882898330688477
2021-02-10,23.030000686645508,21.703838348388672
2021-02-11,23.145000457763672,21.812217712402344
2021-02-12,23.219999313354492,21.882898330688477
2021-02-15,23.610000610351562,22.250438690185547
2021-02-16,23.7450008392334,22.377666473388672
2021-02-17,23.649999618530273,22.28813934326172
2021-02-18,23.44499969482422,22.094942092895508
2021-02-19,23.59000015258789,22.23159408569336
2021-02-22,23.53499984741211,22.179759979248047
2021-02-23,23.385000228881836,22.03839874267578
2021-02-24,23.260000228881836,21.920595169067383
2021-02-25,23.030000686645508,21.703838348388672
2021-02-26,22.65999984741211,21.355144500732422
2021-03-01,23.1200008392334,21.788658142089844
2021-03-02,22.84000015258789,21.5247802734375
2021-03-03,22.850000381469727,21.53420639038086
2021-03-04,22.5,21.204357147216797
2021-03-05,22.19499969482422,20.916921615600586
2021-03-08,22.424999237060547,21.133678436279297
2021-03-09,22.559999465942383,21.260908126831055
2021-03-10,22.5,21.204357147216797
2021-03-11,22.584999084472656,21.284465789794922
2021-03-12,22.674999237060547,21.369279861450195
2021-03-15,22.760000228881836,21.449384689331055
2021-03-16,23.020000457763672,21.694414138793945
2021-03-17,22.90999984741211,21.590747833251953
2021-03-18,23.170000076293945,21.835779190063477
2021-03-19,22.6200008392334,21.317447662353516
2021-03-22,22.520000457763672,21.223207473754883
2021-03-23,22.479999542236328,21.18550682067871
2021-03-24,22.204999923706055,20.926349639892578
2021-03-25,22.434999465942383,21.14310073852539
2021-03-26,22.649999618530273,21.34572410583496
2021-03-29,22.704999923706055,21.397554397583008
2021-03-30,22.770000457763672,21.458812713623047
2021-03-31,22.649999618530273,21.34572410583496
2021-04-01,22.764999389648438,21.454097747802734
2021-04-06,22.905000686645508,21.58603858947754
2021-04-07,22.770000457763672,21.458812713623047
2021-04-08,22.850000381469727,21.53420639038086
2021-04-09,22.934999465942383,21.61431121826172
2021-04-12,22.735000610351562,21.425825119018555
2021-04-13,22.885000228881836,21.567184448242188
2021-04-14,22.829999923706055,21.51535415649414
2021-04-15,22.905000686645508,21.590312957763672
2021-04-16,22.8799991607666,21.566743850708008
2021-04-19,22.670000076293945,21.36880111694336
2021-04-20,21.9950008392334,20.7325439453125
2021-04-21,22.110000610351562,20.8409423828125
2021-04-22,22.469999313354492,21.180278778076172
2021-04-23,22.424999237060547,21.137859344482422
2021-04-26,22.43000030517578,21.142576217651367
2021-04-27,22.170000076293945,20.89749526977539
2021-04-28,22.09000015258789,20.822086334228516
2021-04-29,21.9950008392334,20.7325439453125
2021-04-30,22.0,20.737253189086914
2021-05-03,22.135000228881836,20.864505767822266
2021-05-04,21.860000610351562,20.605295181274414
2021-05-05,22.229999542236328,20.954055786132812
2021-05-06,22.309999465942383,21.02945899963379
2021-05-07,22.325000762939453,21.043603897094727
2021-05-10,22.3700008392334,21.086021423339844
2021-05-11,21.635000228881836,20.393205642700195
2021-05-12,21.209999084472656,19.99260139465332
2021-05-13,20.889999389648438,19.690963745117188
2021-05-14,21.315000534057617,20.091569900512695
2021-05-17,20.93000030517578,19.72867202758789
2021-05-18,21.295000076293945,20.072721481323242
2021-05-19,20.93000030517578,19.72867202758789
2021-05-20,21.309999465942383,20.086854934692383
2021-05-21,21.43000030517578,20.19997215270996
2021-05-25,21.350000381469727,20.12456512451172
2021-05-26,21.520000457763672,20.284809112548828
2021-05-27,21.55500030517578,20.31779670715332
2021-05-28,21.770000457763672,20.520458221435547
2021-05-31,21.635000228881836,20.393205642700195
2021-06-01,21.549999237060547,20.313081741333008
2021-06-02,21.670000076293945,20.42619514465332
2021-06-03,21.735000610351562,20.487464904785156
2021-06-04,21.875,20.61943244934082
2021-06-07,21.825000762939453,20.57229995727539
2021-06-08,21.780000686645508,20.529884338378906
2021-06-09,21.68000030517578,20.43562126159668
2021-06-10,21.81999969482422,20.56758689880371
2021-06-11,21.8700008392334,20.614715576171875
2021-06-14,21.90999984741211,20.65241813659668
2021-06-15,22.024999618530273,20.760818481445312
2021-06-16,22.040000915527344,20.77495765686035
2021-06-17,22.190000534057617,20.916349411010742
2021-06-18,21.934999465942383,20.675987243652344
2021-06-21,21.774999618530273,20.525171279907227
2021-06-22,21.905000686645508,20.647708892822266
2021-06-23,21.739999771118164,20.4921817779541
2021-06-24,21.920000076293945,20.661846160888672
2021-06-25,22.0,20.737253189086914
2021-06-28,21.975000381469727,20.71368980407715
2021-06-29,21.989999771118164,20.727825164794922
2021-06-30,21.8700008392334,20.614715576171875
2021-07-01,21.760000228881836,20.511030197143555
2021-07-02,21.8700008392334,20.614715576171875
2021-07-05,21.809999465942383,20.55816078186035
2021-07-06,21.725000381469727,20.478036880493164
2021-07-07,21.809999465942383,20.55816078186035
2021-07-08,21.40999984741211,20.181121826171875
2021-07-09,21.850000381469727,20.595863342285156
2021-07-12,21.915000915527344,20.657133102416992
2021-07-13,21.979999542236328,20.71840476989746
2021-07-14,22.014999389648438,20.751394271850586
2021-07-15,21.6299991607666,20.501895904541016
2021-07-16,21.434999465942383,20.317062377929688
2021-07-19,21.045000076293945,19.947406768798828
2021-07-20,21.315000534057617,20.203325271606445
2021-07-21,21.299999237060547,20.18910026550293
2021-07-22,21.485000610351562,20.364459991455078
2021-07-23,21.639999389648438,20.511375427246094
2021-07-26,21.375,20.260196685791016
2021-07-27,21.155000686645508,20.05167007446289
2021-07-28,21.30500030517578,20.193845748901367
2021-07-29,21.329999923706055,20.21754264831543
2021-07-30,21.06999969482422,19.971101760864258
2021-08-02,21.25,20.141714096069336
2021-08-03,21.239999771118164,20.132234573364258
2021-08-04,21.19499969482422,20.089582443237305
2021-08-05,21.31999969482422,20.208065032958984
2021-08-06,21.424999237060547,20.307586669921875
2021-08-09,21.424999237060547,20.307586669921875
2021-08-10,21.454999923706055,20.336023330688477
2021-08-11,21.655000686645508,20.525592803955078
2021-08-12,21.575000762939453,20.449766159057617
2021-08-13,21.53499984741211,20.411848068237305
2021-08-16,21.360000610351562,20.245975494384766
2021-08-17,21.290000915527344,20.179630279541016
2021-08-18,21.385000228881836,20.269672393798828
2021-08-19,21.1200008392334,20.01849365234375
2021-08-20,21.104999542236328,20.004274368286133
2021-08-23,21.344999313354492,20.23175621032715
2021-08-24,21.469999313354492,20.35024070739746
2021-08-25,21.420000076293945,20.302845001220703
2021-08-26,21.31999969482422,20.208065032958984
2021-08-27,21.385000228881836,20.269672393798828
2021-08-30,21.30500030517578,20.193845748901367
2021-08-31,21.579999923706055,20.45450210571289
2021-09-01,21.815000534057617,20.67724609375
2021-09-02,21.93000030517578,20.786251068115234
2021-09-03,22.524999618530273,21.350215911865234
2021-09-06,23.045000076293945,21.843097686767578
2021-09-07,22.809999465942383,21.620349884033203
2021-09-08,22.940000534057617,21.743574142456055
2021-09-09,23.170000076293945,21.961578369140625
2021-09-10,23.264999389648438,22.051620483398438
2021-09-13,23.3799991607666,22.16062355041504
2021-09-14,23.364999771118164,22.146408081054688
2021-09-15,23.44499969482422,22.22223663330078
2021-09-16,23.46500015258789,22.241191864013672
2021-09-17,23.395000457763672,22.174840927124023
2021-09-20,23.014999389648438,21.814661026000977
2021-09-21,23.3700008392334,22.151145935058594
2021-09-22,23.200000762939453,21.990013122558594
2021-09-23,23.299999237060547,22.084796905517578
2021-09-24,23.15999984741211,21.952098846435547
2021-09-27,23.15999984741211,21.952098846435547
2021-09-28,22.7450008392334,21.558744430541992
2021-09-29,22.924999237060547,21.729354858398438
2021-09-30,22.795000076293945,21.60613250732422
2021-10-01,22.395000457763672,21.22699546813965
2021-10-04,21.53499984741211,20.411848068237305
2021-10-05,21.844999313354492,20.705684661865234
2021-10-06,21.31999969482422,20.208065032958984
2021-10-07,21.790000915527344,20.65355110168457
2021-10-08,21.674999237060547,20.544546127319336
2021-10-11,21.899999618530273,20.7578182220459
2021-10-12,21.584999084472656,20.459239959716797
2021-10-13,21.46500015258789,20.34549903869629
2021-10-14,21.80500030517578,20.667766571044922
2021-10-15,22.024999618530273,20.876293182373047
2021-10-18,21.920000076293945,20.776769638061523
2021-10-19,22.09000015258789,20.937902450561523
2021-10-20,22.045000076293945,20.89525032043457
2021-10-21,21.53499984741211,20.411848068237305
2021-10-22,21.774999618530273,20.639333724975586
2021-10-25,21.81999969482422,20.681987762451172
2021-10-26,22.020000457763672,20.871557235717773
2021-10-27,21.81999969482422,20.681987762451172
2021-10-28,21.78499984741211,20.6488094329834
2021-10-29,21.975000381469727,20.828901290893555
2021-11-01,22.34000015258789,21.174863815307617
2021-11-02,22.389999389648438,21.222259521484375
2021-11-03,22.344999313354492,21.179603576660156
2021-11-04,22.584999084472656,21.407089233398438
2021-11-05,22.690000534057617,21.506610870361328
2021-11-08,22.59000015258789,21.411828994750977
2021-11-09,22.395000457763672,21.22699546813965
2021-11-10,22.375,21.20804214477539
2021-11-11,22.559999465942383,21.383394241333008
2021-11-12,22.795000076293945,21.60613250732422
2021-11-15,22.860000610351562,21.667747497558594
2021-11-16,22.954999923706055,21.757789611816406
2021-11-17,22.895000457763672,21.700918197631836
2021-11-18,22.809999465942383,21.620349884033203
2021-11-19,23.0049991607666,21.80518341064453
2021-11-22,23.094999313354492,21.890491485595703
2021-11-23,22.829999923706055,21.63930892944336
2021-11-24,22.7549991607666,21.568222045898438
2021-11-25,22.81999969482422,21.629831314086914
2021-11-26,22.024999618530273,20.876293182373047
2021-11-29,22.100000381469727,20.9473819732666
2021-11-30,21.540000915527344,20.416589736938477
2021-12-01,22.0049991607666,20.85733985900879
2021-12-02,21.665000915527344,20.535072326660156
2021-12-03,21.780000686645508,20.644073486328125
2021-12-06,21.915000915527344,20.772031784057617
2021-12-07,22.5,21.326520919799805
2021-12-08,22.3799991607666,21.212779998779297
2021-12-09,22.395000457763672,21.22699546813965
2021-12-10,22.2549991607666,21.094295501708984
2021-12-13,22.2549991607666,21.094295501708984
2021-12-14,22.040000915527344,20.890512466430664
2021-12-15,22.235000610351562,21.075342178344727
2021-12-16,22.510000228881836,21.33599853515625
2021-12-17,22.315000534057617,21.151168823242188
2021-12-20,21.915000915527344,20.772031784057617
2021-12-21,22.219999313354492,21.061120986938477
2021-12-22,22.209999084472656,21.05164337158203
2021-12-23,22.315000534057617,21.151168823242188
2021-12-27,22.280000686645508,21.11799430847168
2021-12-28,22.375,21.20804214477539
2021-12-29,22.110000610351562,20.956863403320312
2021-12-30,22.190000534057617,21.03268814086914
2022-01-03,22.200000762939453,21.04216957092285
2022-01-04,22.354999542236328,21.189083099365234
2022-01-05,22.354999542236328,21.189083099365234
2022-01-06,21.969999313354492,20.824161529541016
2022-01-07,21.6200008392334,20.49241828918457
2022-01-10,21.5049991607666,20.3834171295166
2022-01-11,21.65999984741211,20.530332565307617
2022-01-12,21.90999984741211,20.767288208007812
2022-01-13,21.844999313354492,20.705684661865234
2022-01-14,21.690000534057617,20.558765411376953
2022-01-17,21.68000030517578,20.61453628540039
2022-01-18,21.520000457763672,20.46240234375
2022-01-19,21.260000228881836,20.215173721313477
2022-01-20,21.55500030517578,20.495677947998047
2022-01-21,21.30500030517578,20.257963180541992
2022-01-24,20.920000076293945,19.891887664794922
2022-01-25,20.959999084472656,19.92991828918457
2022-01-26,21.079999923706055,20.044021606445312
2022-01-27,20.7450008392334,19.72548484802246
2022-01-28,20.59000015258789,19.578102111816406
2022-01-31,20.885000228881836,19.858606338500977
2022-02-01,20.969999313354492,19.93942642211914
2022-02-02,21.135000228881836,20.096323013305664
2022-02-03,20.645000457763672,19.630401611328125
2022-02-04,20.610000610351562,19.597122192382812
2022-02-07,20.649999618530273,19.635154724121094
2022-02-08,20.674999237060547,19.658926010131836
2022-02-09,20.924999237060547,19.896636962890625
2022-02-10,20.719999313354492,19.70171356201172
2022-02-11,20.6200008392334,19.60662841796875
2022-02-14,20.655000686645508,19.639911651611328
2022-02-15,20.795000076293945,19.773033142089844
2022-02-16,20.774999618530273,19.754013061523438
2022-02-17,20.684999465942383,19.668434143066406
2022-02-18,20.549999237060547,19.54006576538086
2022-02-21,20.43000030517578,19.425966262817383
2022-02-22,20.44499969482422,19.440227508544922
2022-02-23,20.344999313354492,19.345142364501953
2022-02-24,19.969999313354492,18.98857307434082
2022-02-25,20.594999313354492,19.582855224609375
2022-02-28,20.719999313354492,19.70171356201172
2022-03-01,20.760000228881836,19.73974609375
2022-03-02,20.665000915527344,19.6494197845459
2022-03-03,20.594999313354492,19.582855224609375
2022-03-04,20.510000228881836,19.50203514099121
2022-03-07,20.05500030517578,19.069398880004883
2022-03-08,19.56999969482422,18.608230590820312
2022-03-09,19.663999557495117,18.69761085510254
2022-03-10,19.722000122070312,18.752761840820312
2022-03-11,19.68600082397461,18.71853256225586
2022-03-14,19.507999420166016,18.549280166625977
2022-03-15,19.68199920654297,18.714723587036133
2022-03-16,19.974000930786133,18.99237632751465
2022-03-17,20.190000534057617,19.197757720947266
2022-03-18,20.600000381469727,19.58761215209961
2022-03-21,20.65999984741211,19.644662857055664
2022-03-22,20.729999542236328,19.711219787597656
2022-03-23,20.799999237060547,19.777782440185547
2022-03-24,20.885000228881836,19.858606338500977
2022-03-25,20.94499969482422,19.9156551361084
2022-03-28,20.639999389648438,19.62565040588379
2022-03-29,20.860000610351562,19.83483123779297
2022-03-30,20.614999771118164,19.60187530517578
2022-03-31,20.68000030517578,19.663679122924805
2022-04-01,20.549999237060547,19.54006576538086
2022-04-04,20.795000076293945,19.773033142089844
2022-04-05,20.545000076293945,19.53531265258789
2022-04-06,20.145000457763672,19.15497589111328
2022-04-07,20.030000686645508,19.04562759399414
2022-04-08,20.1200008392334,19.131202697753906
2022-04-11,19.743999481201172,18.773677825927734
2022-04-12,19.621999740600586,18.657678604125977
2022-04-13,19.809999465942383,18.836437225341797
2022-04-14,20.040000915527344,19.055131912231445
2022-04-19,19.61400032043457,18.6591739654541
2022-04-20,19.718000411987305,18.758113861083984
2022-04-21,19.841999053955078,18.87607192993164
2022-04-22,19.527999877929688,18.577362060546875
2022-04-25,19.45800018310547,18.510766983032227
2022-04-26,19.398000717163086,18.453689575195312
2022-04-27,19.601999282836914,18.647756576538086
2022-04-28,19.718000411987305,18.758113861083984
2022-04-29,19.98200035095215,19.009258270263672
2022-05-02,19.579999923706055,18.626829147338867
2022-05-03,19.805999755859375,18.841829299926758
2022-05-04,19.621999740600586,18.666786193847656
2022-05-05,19.643999099731445,18.68770980834961
2022-05-06,19.56599998474121,18.61351203918457
2022-05-09,19.055999755859375,18.12833595275879
2022-05-10,19.035999298095703,18.10931396484375
2022-05-11,19.22599983215332,18.29006576538086
2022-05-12,19.417999267578125,18.472715377807617
2022-05-13,19.850000381469727,18.883684158325195
2022-05-16,19.784000396728516,18.820898056030273
2022-05-17,19.736000061035156,18.775230407714844
2022-05-18,19.780000686645508,18.817094802856445
2022-05-19,19.6560001373291,18.699132919311523
2022-05-20,19.832000732421875,18.86656379699707
2022-05-23,19.93199920654297,18.961692810058594
2022-05-24,19.643999099731445,18.68770980834961
2022-05-25,19.733999252319336,18.773334503173828
2022-05-26,19.802000045776367,18.838024139404297
2022-05-27,19.988000869750977,19.014965057373047
2022-05-30,19.988000869750977,19.014965057373047
2022-05-31,19.799999237060547,18.836118698120117
2022-06-01,19.851999282836914,18.885591506958008
2022-06-02,19.875999450683594,18.908418655395508
2022-06-03,19.756000518798828,18.79426383972168
2022-06-06,19.961999893188477,18.990230560302734
2022-06-07,19.895999908447266,18.927448272705078
2022-06-08,19.729999542236328,18.7695255279541
2022-06-09,19.836000442504883,18.870365142822266
2022-06-10,19.447999954223633,18.50125503540039
2022-06-13,19.02199935913086,18.095991134643555
2022-06-14,18.892000198364258,17.97232437133789
2022-06-15,18.937999725341797,18.016082763671875
2022-06-16,18.6200008392334,17.71356201171875
2022-06-17,18.464000701904297,17.565155029296875
2022-06-20,18.375999450683594,17.481441497802734
2022-06-21,18.496000289916992,17.59560203552246
2022-06-22,18.40999984741211,17.513784408569336
2022-06-23,18.527999877929688,17.626041412353516
2022-06-24,18.86199951171875,17.94377899169922
2022-06-27,18.777999877929688,17.863872528076172
2022-06-28,18.90399932861328,17.983736038208008
2022-06-29,18.808000564575195,17.892412185668945
2022-06-30,18.63599967956543,17.72878646850586
2022-07-01,18.672000885009766,17.76303482055664
2022-07-04,18.648000717163086,17.74020004272461
2022-07-05,18.770000457763672,17.856264114379883
2022-07-06,19.025999069213867,18.099796295166016
2022-07-07,19.350000381469727,18.408023834228516
2022-07-08,19.45199966430664,18.505062103271484
2022-07-11,19.36199951171875,18.4194393157959
2022-07-12,19.368000030517578,18.425148010253906
2022-07-13,19.18000030517578,18.246309280395508
2022-07-14,19.149999618530273,18.217761993408203
2022-07-15,19.200000762939453,18.417339324951172
2022-07-18,19.281999588012695,18.496000289916992
2022-07-19,19.25,18.465303421020508
2022-07-20,19.531999588012695,18.735803604125977
2022-07-21,19.670000076293945,18.86818504333496
2022-07-22,19.851999282836914,19.042766571044922
2022-07-25,19.781999588012695,18.975614547729492
2022-07-26,19.799999237060547,18.992881774902344
2022-07-27,19.964000701904297,19.15019989013672
2022-07-28,20.229999542236328,19.405351638793945
2022-07-29,20.375,19.54444694519043
2022-08-01,20.579999923706055,19.7410888671875
2022-08-02,20.594999313354492,19.755475997924805
2022-08-03,20.434999465942383,19.60199737548828
2022-08-04,20.399999618530273,19.56842613220215
2022-08-05,20.350000381469727,19.520462036132812
2022-08-08,20.46500015258789,19.630775451660156
2022-08-09,20.1200008392334,19.29983901977539
2022-08-10,20.395000457763672,19.563629150390625
2022-08-11,20.46500015258789,19.630775451660156
2022-08-12,20.799999237060547,19.95212173461914
2022-08-15,21.135000228881836,20.27346420288086
2022-08-16,21.079999923706055,20.2207088470459
2022-08-17,20.940000534057617,20.086416244506836
2022-08-18,21.139999389648438,20.278263092041016
2022-08-19,20.80500030517578,19.956912994384766
2022-08-22,20.825000762939453,19.976104736328125
2022-08-23,20.84000015258789,19.990489959716797
2022-08-24,20.78499984741211,19.937732696533203
2022-08-25,20.860000610351562,20.009675979614258
2022-08-26,20.6299991607666,19.789051055908203
2022-08-29,20.170000076293945,19.347801208496094
2022-08-30,20.065000534057617,19.247081756591797
2022-08-31,19.940000534057617,19.127174377441406
2022-09-01,19.76799964904785,18.962188720703125
2022-09-02,19.763999938964844,18.958349227905273
2022-09-05,19.77400016784668,18.967941284179688
2022-09-06,19.472000122070312,18.678255081176758
2022-09-07,19.143999099731445,18.363622665405273
2022-09-08,19.525999069213867,18.73004913330078
2022-09-09,19.738000869750977,18.93341064453125
2022-09-12,19.739999771118164,18.93532943725586
2022-09-13,19.416000366210938,18.624536514282227
2022-09-14,19.45599937438965,18.662904739379883
2022-09-15,19.29800033569336,18.5113468170166
2022-09-16,19.118000030517578,18.338685989379883
2022-09-19,19.125999450683594,18.346357345581055
2022-09-20,19.06599998474121,18.28880500793457
2022-09-21,19.211999893188477,18.428852081298828
2022-09-22,19.18600082397461,18.403913497924805
2022-09-23,19.07200050354004,18.2945613861084
2022-09-26,19.016000747680664,18.2408447265625
2022-09-27,18.913999557495117,18.14299964904785
2022-09-28,18.944000244140625,18.171775817871094
2022-09-29,18.562000274658203,17.805347442626953
2022-09-30,18.540000915527344,17.784244537353516
2022-10-03,18.739999771118164,17.976091384887695
2022-10-04,18.88599967956543,18.116140365600586
2022-10-05,18.9060001373291,18.13532829284668
2022-10-06,19.08799934387207,18.309907913208008
2022-10-07,18.93000030517578,18.158348083496094
2022-10-10,18.854000091552734,18.085447311401367
2022-10-11,18.733999252319336,17.9703369140625
2022-10-12,18.559999465942383,17.803428649902344
2022-10-13,18.531999588012695,17.776569366455078
2022-10-14,18.54800033569336,17.791915893554688
2022-10-17,18.54400062561035,17.793046951293945
2022-10-18,18.43400001525879,17.687498092651367
2022-10-19,18.483999252319336,17.735475540161133
2022-10-20,18.534000396728516,17.783449172973633
2022-10-21,18.538000106811523,17.787290573120117
2022-10-24,18.444000244140625,17.697099685668945
2022-10-25,18.709999084472656,17.952322006225586
2022-10-26,18.738000869750977,17.979190826416016
2022-10-27,18.72599983215332,17.96767807006836
2022-10-28,18.67799949645996,17.921621322631836
2022-10-31,18.780000686645508,18.019487380981445
2022-11-01,18.889999389648438,18.12503433227539
2022-11-02,19.013999938964844,18.2440128326416
2022-11-03,18.941999435424805,18.174924850463867
2022-11-04,18.790000915527344,18.02908706665039
2022-11-07,18.902000427246094,18.136547088623047
2022-11-08,19.13800048828125,18.36298942565918
2022-11-09,18.892000198364258,18.126955032348633
2022-11-10,19.371999740600586,18.587514877319336
2022-11-11,19.54199981689453,18.75063133239746
2022-11-14,19.378000259399414,18.593273162841797
2022-11-15,19.538000106811523,18.746789932250977
2022-11-16,19.29800033569336,18.516511917114258
2022-11-17,19.25,18.470455169677734
2022-11-18,19.323999404907227,18.541460037231445
2022-11-21,19.299999237060547,18.5184326171875
2022-11-22,19.468000411987305,18.67962646484375
2022-11-23,19.63800048828125,18.84273910522461
2022-11-24,19.73200035095215,18.932939529418945
2022-11-25,19.634000778198242,18.83890724182129
2022-11-28,19.624000549316406,18.829313278198242
2022-11-29,19.531999588012695,18.741031646728516
2022-11-30,19.555999755859375,18.764060974121094
2022-12-01,19.70599937438965,18.907989501953125
2022-12-02,19.576000213623047,18.783252716064453
2022-12-05,19.422000885009766,18.6354923248291
2022-12-06,19.31399917602539,18.531864166259766
2022-12-07,19.284000396728516,18.50307846069336
2022-12-08,19.246000289916992,18.466617584228516
2022-12-09,19.468000411987305,18.67962646484375
2022-12-12,19.285999298095703,18.50499725341797
2022-12-13,19.59000015258789,18.796688079833984
2022-12-14,19.5939998626709,18.800527572631836
2022-12-15,18.9060001373291,18.14038848876953
2022-12-16,18.881999969482422,18.117359161376953
2022-12-19,18.775999069213867,18.01565170288086
2022-12-20,18.98200035095215,18.21331214904785
2022-12-21,18.920000076293945,18.15382194519043
2022-12-22,18.68199920654297,17.925457000732422
2022-12-23,18.6200008392334,17.865968704223633
2022-12-27,18.51799964904785,17.768096923828125
2022-12-28,18.398000717163086,17.652963638305664
2022-12-29,18.56599998474121,17.814159393310547
2022-12-30,18.468000411987305,17.720123291015625
2023-01-02,18.736000061035156,17.977272033691406
2023-01-03,18.74799919128418,17.988784790039062
2023-01-04,18.525999069213867,17.775772094726562
2023-01-05,18.36400032043457,17.62033462524414
2023-01-06,18.577999114990234,17.82567024230957
2023-01-09,18.70599937438965,17.948484420776367
2023-01-10,18.486000061035156,17.737398147583008
2023-01-11,18.601999282836914,17.848697662353516
2023-01-12,18.672000885009766,17.91586685180664
2023-01-13,18.666000366210938,17.91010856628418
2023-01-16,18.554000854492188,17.889148712158203
2023-01-17,18.917999267578125,18.24010467529297
2023-01-18,19.054000854492188,18.371231079101562
2023-01-19,18.913999557495117,18.236249923706055
2023-01-20,19.059999465942383,18.37701988220215
2023-01-23,19.121999740600586,18.436796188354492
2023-01-24,19.20599937438965,18.517786026000977
2023-01-25,19.290000915527344,18.59877586364746
2023-01-26,19.29199981689453,18.600706100463867
2023-01-27,19.402000427246094,18.706764221191406
2023-01-30,19.371999740600586,18.677839279174805
2023-01-31,19.323999404907227,18.63155746459961
2023-02-01,19.26799964904785,18.577564239501953
2023-02-02,19.586000442504883,18.88416862487793
2023-02-03,19.496000289916992,18.797395706176758
2023-02-06,19.41200065612793,18.71640396118164
2023-02-07,19.531999588012695,18.832101821899414
2023-02-08,19.423999786376953,18.72797393798828
2023-02-09,19.552000045776367,18.851388931274414
2023-02-10,19.597999572753906,18.89573860168457
2023-02-13,19.398000717163086,18.702909469604492
2023-02-14,19.326000213623047,18.633487701416016
2023-02-15,19.200000762939453,18.512001037597656
2023-02-16,19.238000869750977,18.548641204833984
2023-02-17,19.11199951171875,18.427154541015625
2023-02-20,19.13599967956543,18.450292587280273
2023-02-21,18.983999252319336,18.303743362426758
2023-02-22,18.889999389648438,18.21310806274414
2023-02-23,18.947999954223633,18.26902961730957
2023-02-24,18.941999435424805,18.26324462890625
2023-02-27,19.031999588012695,18.350019454956055
2023-02-28,18.968000411987305,18.288314819335938
2023-03-01,18.8799991607666,18.203466415405273
2023-03-02,18.992000579833984,18.311452865600586
2023-03-03,19.422000885009766,18.726045608520508
2023-03-06,19.444000244140625,18.74725914001465
2023-03-07,19.531999588012695,18.832101821899414
2023-03-08,19.697999954223633,18.99215316772461
2023-03-09,19.739999771118164,19.032651901245117
2023-03-10,19.472000122070312,18.774255752563477
2023-03-13,19.158000946044922,18.471508026123047
2023-03-14,19.013999938964844,18.332666397094727
2023-03-15,18.913999557495117,18.236249923706055
2023-03-16,19.128000259399414,18.44257926940918
2023-03-17,19.118000030517578,18.43294334411621
2023-03-20,19.167999267578125,18.48114776611328
2023-03-21,19.06599998474121,18.38280487060547
2023-03-22,19.18400001525879,18.49657440185547
2023-03-23,19.29400062561035,18.60263442993164
2023-03-24,19.351999282836914,18.658552169799805
2023-03-27,19.38599967956543,18.69133758544922
2023-03-28,19.308000564575195,18.616132736206055
2023-03-29,19.417999267578125,18.722187042236328
2023-03-30,19.413999557495117,18.71833038330078
2023-03-31,19.6200008392334,18.91695213317871
2023-04-03,19.607999801635742,18.905380249023438
2023-04-04,19.579999923706055,18.878385543823242
2023-04-05,19.41200065612793,18.71640396118164
2023-04-06,19.29199981689453,18.600706100463867
2023-04-11,19.263999938964844,18.573711395263672
2023-04-12,19.233999252319336,18.54477882385254
2023-04-13,19.43000030517578,18.733760833740234
2023-04-14,19.468000411987305,18.77039909362793
2023-04-17,19.488000869750977,18.801767349243164
2023-04-18,19.555999755859375,18.867372512817383
2023-04-19,19.402000427246094,18.71879768371582
2023-04-20,19.525999069213867,18.838430404663086
2023-04-21,19.530000686645508,18.8422908782959
2023-04-24,19.43600082397461,18.751602172851562
2023-04-25,19.51799964904785,18.83070945739746
2023-04-26,19.305999755859375,18.626176834106445
2023-04-27,19.450000762939453,18.765106201171875
2023-04-28,19.341999053955078,18.660911560058594
2023-05-02,19.219999313354492,18.5432071685791
2023-05-03,19.329999923706055,18.649333953857422
2023-05-04,19.496000289916992,18.809486389160156
2023-05-05,19.618000030517578,18.927194595336914
2023-05-08,19.59600067138672,18.905967712402344
2023-05-09,19.827999114990234,19.129793167114258
2023-05-10,19.761999130249023,19.06612205505371
2023-05-11,19.899999618530273,19.199260711669922
2023-05-12,20.139999389648438,19.430810928344727
2023-05-15,20.235000610351562,19.522464752197266
2023-05-16,20.280000686645508,19.56587791442871
2023-05-17,20.530000686645508,19.807079315185547
2023-05-18,20.7450008392334,20.01450538635254
2023-05-19,20.729999542236328,20.000032424926758
2023-05-22,20.969999313354492,20.231582641601562
2023-05-23,20.725000381469727,19.995210647583008
2023-05-24,20.479999542236328,19.75883674621582
2023-05-25,20.709999084472656,19.980737686157227
2023-05-26,20.9950008392334,20.25570297241211
2023-05-29,20.915000915527344,20.17852020263672
2023-05-30,20.850000381469727,20.115808486938477
2023-05-31,20.670000076293945,19.9421443939209
2023-06-01,21.094999313354492,20.352182388305664
2023-06-02,21.405000686645508,20.651269912719727
2023-06-05,21.55500030517578,20.795984268188477
2023-06-06,21.934999465942383,21.1626033782959
2023-06-07,21.440000534057617,20.685033798217773
2023-06-08,21.260000228881836,20.511369705200195
2023-06-09,21.700000762939453,20.93587875366211
2023-06-12,21.825000762939453,21.05647850036621
2023-06-13,22.30500030517578,21.519575119018555
2023-06-14,22.25,21.46651268005371
2023-06-15,21.864999771118164,21.095067977905273
2023-06-16,21.94499969482422,21.172252655029297
2023-06-19,21.610000610351562,20.84904670715332
2023-06-20,21.579999923706055,20.82010269165039
2023-06-21,21.674999237060547,20.91175651550293
2023-06-22,21.454999923706055,20.699506759643555
2023-06-23,20.934999465942383,20.19781494140625
2023-06-26,20.93000030517578,20.1929931640625
2023-06-27,20.834999084472656,20.101335525512695
2023-06-28,21.225000381469727,20.477603912353516
2023-06-29,21.149999618530273,20.405242919921875
2023-06-30,21.325000762939453,20.574085235595703
2023-07-03,21.399999618530273,20.64644432067871
2023-07-04,21.19499969482422,20.448657989501953
2023-07-05,21.170000076293945,20.424541473388672
2023-07-06,20.719999313354492,19.990386962890625
2023-07-07,20.96500015258789,20.226760864257812
2023-07-10,20.850000381469727,20.115808486938477
2023-07-11,20.94499969482422,20.207462310791016
2023-07-12,21.030000686645508,20.28946876525879
2023-07-13,21.260000228881836,20.511369705200195
2023-07-14,20.90999984741211,20.173694610595703
2023-07-17,20.684999465942383,19.95661735534668
2023-07-18,20.920000076293945,20.327714920043945
2023-07-19,21.0,20.40544891357422
2023-07-20,20.729999542236328,20.143091201782227
2023-07-21,20.739999771118164,20.15281105041504
2023-07-24,20.84000015258789,20.249977111816406
2023-07-25,20.8799991607666,20.28884506225586
2023-07-26,20.844999313354492,20.254838943481445
2023-07-27,21.354999542236328,20.750398635864258
2023-07-28,21.309999465942383,20.70667266845703
2023-07-31,21.209999084472656,20.609500885009766
2023-08-01,21.065000534057617,20.468612670898438
2023-08-02,20.6299991607666,20.045923233032227
2023-08-03,20.385000228881836,19.807861328125
2023-08-04,20.530000686645508,19.948759078979492
2023-08-07,20.614999771118164,20.031349182128906
2023-08-08,20.459999084472656,19.880735397338867
2023-08-09,20.30500030517578,19.73012351989746
2023-08-10,20.524999618530273,19.943897247314453
2023-08-11,20.399999618530273,19.822437286376953
2023-08-14,20.260000228881836,19.686399459838867
2023-08-15,20.084999084472656,19.5163516998291
2023-08-16,19.972000122070312,19.40655517578125
2023-08-17,19.81399917602539,19.253026962280273
2023-08-18,19.871999740600586,19.30938720703125
2023-08-21,19.833999633789062,19.2724609375
2023-08-22,20.084999084472656,19.5163516998291
2023-08-23,20.309999465942383,19.734981536865234
2023-08-24,20.114999771118164,19.545503616333008
2023-08-25,20.075000762939453,19.506637573242188
2023-08-28,20.30500030517578,19.73012351989746
2023-08-29,20.360000610351562,19.783571243286133
2023-08-30,20.204999923706055,19.63295555114746
2023-08-31,20.5049991607666,19.92446517944336
2023-09-01,20.665000915527344,20.07993507385254
2023-09-04,20.774999618530273,20.186817169189453
2023-09-05,20.8799991607666,20.28884506225586
2023-09-06,20.860000610351562,20.269412994384766
2023-09-07,20.795000076293945,20.206254959106445
2023-09-08,20.65999984741211,20.075077056884766
2023-09-11,20.665000915527344,20.07993507385254
2023-09-12,20.719999313354492,20.133377075195312
2023-09-13,20.725000381469727,20.138235092163086
2023-09-14,21.174999237060547,20.57549285888672
2023-09-15,21.079999923706055,20.483184814453125
2023-09-18,20.9950008392334,20.400590896606445
2023-09-19,20.985000610351562,20.390872955322266
2023-09-20,20.93000030517578,20.337432861328125
2023-09-21,20.5049991607666,19.92446517944336
2023-09-22,20.59000015258789,20.007057189941406
2023-09-25,20.670000076293945,20.084789276123047
2023-09-26,20.3799991607666,19.80299949645996
2023-09-27,20.479999542236328,19.900171279907227
2023-09-28,20.329999923706055,19.754419326782227
2023-09-29,20.260000228881836,19.686399459838867
2023-10-02,20.190000534057617,19.61838150024414
2023-10-03,19.77400016784668,19.214160919189453
2023-10-04,19.56399917602539,19.010108947753906
2023-10-05,19.81800079345703,19.256916046142578
2023-10-06,19.826000213623047,19.26468849182129
2023-10-09,19.895999908447266,19.332704544067383
2023-10-10,20.299999237060547,19.725269317626953
2023-10-11,20.25,19.676681518554688
2023-10-12,20.56999969482422,19.987621307373047
2023-10-13,20.405000686645508,19.827295303344727
2023-10-16,20.30500030517578,19.73012351989746
2023-10-17,20.325000762939453,19.749561309814453
2023-10-18,20.174999237060547,19.603805541992188
2023-10-19,19.95599937438965,19.391006469726562
2023-10-20,19.631999969482422,19.07617950439453
2023-10-23,19.56599998474121,19.012048721313477
2023-10-24,19.694000244140625,19.136425018310547
2023-10-25,19.70800018310547,19.150028228759766
2023-10-26,19.422000885009766,18.872127532958984
2023-10-27,19.445999145507812,18.895442962646484
2023-10-30,19.332000732421875,18.78467559814453
2023-10-31,19.552000045776367,18.998445510864258
2023-11-01,19.922000885009766,19.35797119140625
2023-11-02,20.219999313354492,19.647533416748047
2023-11-03,20.485000610351562,19.905031204223633
2023-11-06,20.28499984741211,19.710693359375
2023-11-07,20.229999542236328,19.65724754333496
2023-11-08,20.03499984741211,19.467771530151367
2023-11-09,20.354999542236328,19.778709411621094
2023-11-10,20.270000457763672,19.69611930847168
2023-11-13,20.270000457763672,19.69611930847168
2023-11-14,20.315000534057617,19.739845275878906
2023-11-15,20.5049991607666,19.92446517944336
2023-11-16,20.399999618530273,19.822437286376953
2023-11-17,20.59000015258789,20.007057189941406
2023-11-20,20.53499984741211,19.953615188598633
2023-11-21,20.56999969482422,19.987621307373047
2023-11-22,20.7549991607666,20.167387008666992
2023-11-23,20.719999313354492,20.133377075195312
2023-11-24,20.690000534057617,20.10422706604004
2023-11-27,20.655000686645508,20.070215225219727
2023-11-28,20.6200008392334,20.03620719909668
2023-11-29,20.639999389648438,20.05564308166504
2023-11-30,20.764999389648438,20.177101135253906
2023-12-01,20.895000457763672,20.303422927856445
2023-12-04,20.895000457763672,20.303422927856445
2023-12-05,20.895000457763672,20.303422927856445
2023-12-06,20.895000457763672,20.303422927856445
2023-12-07,20.864999771118164,20.27427101135254
2023-12-08,20.889999389648438,20.29856300354004
2023-12-11,20.985000610351562,20.390872955322266
2023-12-12,20.954999923706055,20.361722946166992
2023-12-13,20.940000534057617,20.347148895263672
2023-12-14,21.010000228881836,20.415164947509766
2023-12-15,21.2549991607666,20.653230667114258
2023-12-18,20.989999771118164,20.395732879638672
2023-12-19,21.155000686645508,20.556058883666992
2023-12-20,21.354999542236328,20.750398635864258
2023-12-21,21.295000076293945,20.69209861755371
2023-12-22,21.31999969482422,20.716388702392578
2023-12-27,21.260000228881836,20.6580867767334
2023-12-28,21.389999389648438,20.784406661987305
2023-12-29,21.420000076293945,20.813556671142578
2024-01-02,21.46500015258789,20.857282638549805
2024-01-03,21.229999542236328,20.628936767578125
2024-01-04,21.190000534057617,20.590070724487305
2024-01-05,21.264999389648438,20.662944793701172
2024-01-08,21.344999313354492,20.740680694580078
2024-01-09,21.5,20.891292572021484
2024-01-10,21.850000381469727,21.231386184692383
2024-01-11,21.979999542236328,21.35770606994629
2024-01-12,22.5,21.86298179626465
2024-01-15,22.75,22.10590362548828
2024-01-16,22.5,21.93558120727539
2024-01-17,21.979999542236328,21.428627014160156
2024-01-18,22.30500030517578,21.745473861694336
2024-01-19,22.34000015258789,21.779592514038086
2024-01-22,22.770000457763672,22.198810577392578
2024-01-23,22.594999313354492,22.0281982421875
2024-01-24,22.59000015258789,22.023324966430664
2024-01-25,22.545000076293945,21.979454040527344
2024-01-26,22.424999237060547,21.86246109008789
2024-01-29,22.4950008392334,21.930706024169922
2024-01-30,22.450000762939453,21.88683319091797
2024-01-31,22.604999542236328,22.037944793701172
2024-02-01,22.594999313354492,22.0281982421875
2024-02-02,22.649999618530273,22.081817626953125
2024-02-05,22.655000686645508,22.086692810058594
2024-02-06,22.600000381469727,22.033071517944336
2024-02-07,22.68000030517578,22.111068725585938
2024-02-08,22.969999313354492,22.39379119873047
2024-02-09,22.954999923706055,22.379167556762695
2024-02-12,23.299999237060547,22.715511322021484
2024-02-13,23.420000076293945,22.832502365112305
2024-02-14,23.459999084472656,22.87150001525879
2024-02-15,23.770000457763672,23.173723220825195
2024-02-16,23.760000228881836,23.163972854614258
2024-02-19,23.80500030517578,23.20784568786621
2024-02-20,23.53499984741211,22.94462013244629
2024-02-21,23.604999542236328,23.012859344482422
2024-02-22,24.125,23.519819259643555
2024-02-23,24.280000686645508,23.670930862426758
2024-02-26,24.094999313354492,23.490570068359375
2024-02-27,24.06999969482422,23.466196060180664
2024-02-28,23.924999237060547,23.324832916259766
2024-02-29,24.149999618530273,23.544191360473633
2024-03-01,24.6299991607666,24.01214599609375
2024-03-04,24.530000686645508,23.914657592773438
2024-03-05,24.489999771118164,23.875659942626953
2024-03-06,24.829999923706055,24.20713233947754
2024-03-07,24.510000228881836,23.895158767700195
2024-03-08,24.354999542236328,23.744049072265625
2024-03-11,23.915000915527344,23.315088272094727
2024-03-12,24.094999313354492,23.490570068359375
2024-03-13,23.799999237060547,23.20296859741211
2024-03-14,23.829999923706055,23.23221778869629
2024-03-15,23.885000228881836,23.285839080810547
2024-03-18,24.399999618530273,23.787918090820312
2024-03-19,24.34000015258789,23.729421615600586
2024-03-20,24.459999084472656,23.846412658691406
2024-03-21,24.90999984741211,24.285127639770508
2024-03-22,24.8799991607666,24.255876541137695
2024-03-25,24.584999084472656,23.968276977539062
2024-03-26,24.719999313354492,24.099889755249023
2024-03-27,24.75,24.129138946533203
2024-03-28,24.774999618530273,24.153512954711914
2024-04-02,24.329999923706055,23.719676971435547
2024-04-03,24.450000762939453,23.8366641998291
2024-04-04,24.334999084472656,23.72454833984375
2024-04-05,23.989999771118164,23.38820457458496
2024-04-08,24.104999542236328,23.500316619873047
2024-04-09,24.020000457763672,23.417451858520508
2024-04-10,23.989999771118164,23.38820457458496
2024-04-11,24.010000228881836,23.407703399658203
2024-04-12,24.059999465942383,23.45644760131836
2024-04-15,23.989999771118164,23.404460906982422
2024-04-16,23.479999542236328,22.90690803527832
2024-04-17,23.06999969482422,22.506914138793945
2024-04-18,23.155000686645508,22.5898380279541
2024-04-19,22.7549991607666,22.199604034423828
2024-04-22,22.809999465942383,22.253259658813477
2024-04-23,22.950000762939453,22.389846801757812
2024-04-24,23.040000915527344,22.477649688720703
2024-04-25,22.4950008392334,21.945947647094727
2024-04-26,22.739999771118164,22.184968948364258
2024-04-29,22.8799991607666,22.321552276611328
2024-04-30,22.864999771118164,22.30691909790039
2024-05-02,23.024999618530273,22.4630126953125
2024-05-03,23.274999618530273,22.7069091796875
2024-05-06,23.479999542236328,22.90690803527832
2024-05-07,23.385000228881836,22.81422996520996
2024-05-08,22.9950008392334,22.433748245239258
2024-05-09,22.90999984741211,22.350818634033203
2024-05-10,22.8700008392334,22.311798095703125
2024-05-13,22.71500015258789,22.160579681396484
2024-05-14,22.7450008392334,22.189849853515625
2024-05-15,22.979999542236328,22.419111251831055
2024-05-16,23.049999237060547,22.487401962280273
2024-05-17,22.954999923706055,22.39472007751465
2024-05-20,23.2450008392334,22.677644729614258
2024-05-21,23.014999389648438,22.453256607055664
2024-05-22,22.854999542236328,22.297161102294922
2024-05-23,22.920000076293945,22.360578536987305
2024-05-24,22.834999084472656,22.277652740478516
2024-05-27,22.94499969482422,22.384963989257812
2024-05-28,22.860000610351562,22.30204200744629
2024-05-29,22.55500030517578,22.004486083984375
2024-05-30,22.56999969482422,22.01911735534668
2024-05-31,22.565000534057617,22.014240264892578
2024-06-03,22.834999084472656,22.277652740478516
2024-06-04,22.829999923706055,22.27277374267578
2024-06-05,22.954999923706055,22.39472007751465
2024-06-06,22.864999771118164,22.30691909790039
2024-06-07,22.96500015258789,22.404481887817383
2024-06-10,23.290000915527344,22.72154426574707
2024-06-11,23.135000228881836,22.570329666137695
2024-06-12,23.2450008392334,22.677644729614258
2024-06-13,22.864999771118164,22.30691909790039
2024-06-14,22.924999237060547,22.365453720092773
2024-06-17,22.674999237060547,22.12155532836914
2024-06-18,22.78499984741211,22.228870391845703
2024-06-19,22.690000534057617,22.13619041442871
2024-06-20,22.774999618530273,22.219114303588867
2024-06-21,22.665000915527344,22.111799240112305
2024-06-24,22.78499984741211,22.228870391845703
2024-06-25,22.96500015258789,22.404481887817383
2024-06-26,23.03499984741211,22.472768783569336
2024-06-27,23.040000915527344,22.477649688720703
2024-06-28,23.229999542236328,22.663007736206055
2024-07-01,22.889999389648438,22.331308364868164
2024-07-02,23.219999313354492,22.65325355529785
2024-07-03,23.364999771118164,22.79471206665039
2024-07-04,23.55500030517578,22.980079650878906
2024-07-05,23.6200008392334,23.04349136352539
2024-07-08,23.584999084472656,23.00934410095215
2024-07-09,23.850000381469727,23.26787757873535
2024-07-10,24.270000457763672,23.67762565612793
2024-07-11,24.280000686645508,23.687381744384766
2024-07-12,24.135000228881836,23.545923233032227
2024-07-15,24.059999465942383,23.472753524780273
2024-07-16,23.915000915527344,23.462554931640625
2024-07-17,23.575000762939453,23.128986358642578
2024-07-18,23.290000915527344,22.849382400512695
2024-07-19,23.1200008392334,22.68259620666504
2024-07-22,23.239999771118164,22.800323486328125
2024-07-23,23.315000534057617,22.8739070892334
2024-07-24,22.989999771118164,22.555055618286133
2024-07-25,22.690000534057617,22.260730743408203
2024-07-26,22.770000457763672,22.33922004699707
2024-07-29,22.8700008392334,22.437328338623047
2024-07-30,22.954999923706055,22.520719528198242
2024-07-31,23.7549991607666,23.30558204650879
2024-08-01,22.905000686645508,22.471664428710938
2024-08-02,21.565000534057617,21.15701675415039
2024-08-05,21.200000762939453,20.798921585083008
2024-08-06,21.114999771118164,20.715530395507812
2024-08-07,21.975000381469727,21.55925941467285
2024-08-08,22.09000015258789,21.672082901000977
2024-08-09,21.81999969482422,21.407190322875977
2024-08-12,22.014999389648438,21.598501205444336
2024-08-13,22.514999389648438,22.08904266357422
2024-08-14,22.264999389648438,21.84377098083496
2024-08-15,22.895000457763672,22.461854934692383
2024-08-16,23.104999542236328,22.66788101196289
2024-08-19,23.155000686645508,22.716936111450195
2024-08-20,23.21500015258789,22.775800704956055
2024-08-21,23.344999313354492,22.903339385986328
2024-08-22,23.524999618530273,23.079933166503906
2024-08-23,23.645000457763672,23.19766616821289
2024-08-26,23.540000915527344,23.094650268554688
2024-08-27,23.7450008392334,23.295774459838867
2024-08-28,23.735000610351562,23.285961151123047
2024-08-29,24.0049991607666,23.550851821899414
2024-08-30,24.024999618530273,23.570476531982422
2024-09-02,23.825000762939453,23.374258041381836
2024-09-03,23.59000015258789,23.143705368041992
2024-09-04,23.084999084472656,22.648258209228516
2024-09-05,23.065000534057617,22.62863540649414
2024-09-06,22.315000534057617,21.8928279876709
2024-09-09,22.895000457763672,22.461854934692383
2024-09-10,22.80500030517578,22.37355613708496
2024-09-11,22.84000015258789,22.40789222717285
2024-09-12,23.329999923706055,22.88862419128418
2024-09-13,23.385000228881836,22.942584991455078
2024-09-16,23.270000457763672,22.82975959777832
2024-09-17,23.170000076293945,22.731651306152344
2024-09-18,23.014999389648438,22.57958221435547
2024-09-19,23.6299991607666,23.182947158813477
2024-09-20,23.69499969482422,23.24671745300293
2024-09-23,23.905000686645508,23.45274543762207
2024-09-24,23.610000610351562,23.163328170776367
2024-09-25,23.65999984741211,23.212379455566406
2024-09-26,24.165000915527344,23.707826614379883
2024-09-27,23.90999984741211,23.457651138305664
2024-09-30,23.860000610351562,23.40859603881836
2024-10-01,23.94499969482422,23.49199104309082
2024-10-02,23.934999465942383,23.482177734375
2024-10-03,23.905000686645508,23.45274543762207
2024-10-04,24.209999084472656,23.75197410583496
2024-10-07,24.049999237060547,23.595001220703125
2024-10-08,24.299999237060547,23.840272903442383
2024-10-09,24.344999313354492,23.88442039489746
2024-10-10,24.229999542236328,23.771595001220703
2024-10-11,24.450000762939453,23.98743438720703
2024-10-14,24.540000915527344,24.075733184814453
2024-10-15,24.274999618530273,23.815744400024414
2024-10-16,24.235000610351562,23.77650260925293
2024-10-17,24.21500015258789,23.756877899169922
2024-10-18,24.149999618530273,23.6931095123291
2024-10-21,23.895000457763672,23.442934036254883
2024-10-22,23.479999542236328,23.035783767700195
2024-10-23,23.024999618530273,22.589393615722656
2024-10-24,23.174999237060547,22.736553192138672
2024-10-25,23.280000686645508,22.839570999145508
2024-10-28,23.360000610351562,22.918058395385742
2024-10-29,23.655000686645508,23.207473754882812
2024-10-30,23.729999542236328,23.281055450439453
2024-10-31,23.184999465942383,22.746366500854492
2024-11-01,23.40999984741211,22.967111587524414
2024-11-04,23.295000076293945,22.854284286499023
2024-11-05,23.565000534057617,23.119178771972656
2024-11-06,23.9950008392334,23.541044235229492
2024-11-07,23.895000457763672,23.442934036254883
2024-11-08,23.985000610351562,23.531232833862305
2024-11-11,24.31999969482422,23.859893798828125
2024-11-12,23.94499969482422,23.49199104309082
2024-11-13,23.639999389648438,23.19275665283203
2024-11-14,23.725000381469727,23.276151657104492
2024-11-15,23.440000534057617,22.99654197692871
2024-11-18,23.559999465942383,23.114269256591797
2024-11-19,23.5049991607666,23.06031036376953
2024-11-20,23.315000534057617,22.8739070892334
2024-11-21,23.635000228881836,23.18785285949707
2024-11-22,23.93000030517578,23.47727394104004
2024-11-25,24.0049991607666,23.550851821899414
2024-11-26,23.885000228881836,23.433124542236328
2024-11-27,23.795000076293945,23.344825744628906
2024-11-28,24.024999618530273,23.570476531982422
2024-11-29,24.25,23.791217803955078
2024-12-02,24.690000534057617,24.22289276123047
2024-12-03,24.9950008392334,24.522125244140625
2024-12-04,25.084999084472656,24.61042022705078
2024-12-05,24.950000762939453,24.477975845336914
2024-12-06,24.8700008392334,24.39948844909668
2024-12-09,24.719999313354492,24.25232696533203
2024-12-10,24.7450008392334,24.27685546875
2024-12-11,25.03499984741211,24.56136703491211
2024-12-12,24.94499969482422,24.473068237304688
2024-12-13,24.579999923706055,24.114973068237305
2024-12-16,24.549999237060547,24.085540771484375
2024-12-17,24.469999313354492,24.00705337524414
2024-12-18,24.46500015258789,24.002151489257812
2024-12-19,24.045000076293945,23.590097427368164
2024-12-20,24.030000686645508,23.575382232666016
2024-12-23,23.940000534057617,23.48708152770996
2024-12-27,24.40999984741211,23.948192596435547
2024-12-30,24.18000030517578,23.72254180908203
2025-01-02,24.604999542236328,24.139501571655273
2025-01-03,24.475000381469727,24.011962890625
2025-01-06,24.389999389648438,23.928565979003906
2025-01-07,24.44499969482422,23.982528686523438
2025-01-08,24.5,24.036487579345703
2025-01-09,24.34000015258789,23.879514694213867
2025-01-10,24.020000457763672,23.565568923950195
2025-01-13,24.010000228881836,23.555761337280273
2025-01-14,23.81999969482422,23.369354248046875
2025-01-15,23.96500015258789,23.59621238708496
2025-01-16,24.0,23.63067626953125
2025-01-17,24.1299991607666,23.7586727142334
2025-01-20,24.079999923706055,23.709444046020508
2025-01-21,24.165000915527344,23.79313850402832
2025-01-22,24.459999084472656,24.083593368530273
2025-01-23,24.485000610351562,24.108211517333984
2025-01-24,24.764999389648438,24.383899688720703
2025-01-27,24.049999237060547,23.679903030395508
2025-01-28,24.114999771118164,23.74390411376953
2025-01-29,24.274999618530273,23.901443481445312
2025-01-30,24.55500030517578,24.177135467529297
2025-01-31,24.6299991607666,24.250978469848633
2025-02-03,24.520000457763672,24.14267349243164
2025-02-04,24.344999313354492,23.970365524291992
2025-02-05,24.434999465942383,24.05898094177246
2025-02-06,24.780000686645508,24.398672103881836
2025-02-07,24.600000381469727,24.2214412689209
2025-02-10,24.825000762939453,24.44297981262207
2025-02-11,24.739999771118164,24.35928726196289
2025-02-12,24.280000686645508,23.9063663482666
2025-02-13,24.584999084472656,24.20667266845703
2025-02-14,24.405000686645508,24.029443740844727
2025-02-17,24.68000030517578,24.30021095275879
2025-02-18,24.725000381469727,24.344518661499023
2025-02-19,24.645000457763672,24.265748977661133
2025-02-20,24.514999389648438,24.13774871826172
2025-02-21,24.635000228881836,24.255903244018555
2025-02-24,24.3700008392334,23.99498176574707
2025-02-25,24.125,23.75374984741211
2025-02-26,24.454999923706055,24.078672409057617
2025-02-27,24.415000915527344,24.039289474487305
2025-02-28,23.895000457763672,23.52729034423828
2025-03-03,24.094999313354492,23.724210739135742
2025-03-04,23.31999969482422,22.961137771606445
2025-03-05,23.239999771118164,22.882369995117188
2025-03-06,23.229999542236328,22.872522354125977
2025-03-07,22.8799991607666,22.52790641784668
2025-03-10,22.8799991607666,22.52790641784668
2025-03-11,22.59000015258789,22.242372512817383
2025-03-12,22.954999923706055,22.601757049560547
2025-03-13,22.905000686645508,22.552526473999023
2025-03-14,23.21500015258789,22.85775375366211
2025-03-17,23.219999313354492,22.86267852783203
2025-03-18,23.100000381469727,22.744525909423828
2025-03-19,23.200000762939453,22.842987060546875
2025-03-20,23.290000915527344,22.931602478027344
2025-03-21,23.229999542236328,22.872522354125977
2025-03-24,23.28499984741211,22.92667579650879
2025-03-25,23.424999237060547,23.06452178955078
2025-03-26,23.260000228881836,22.902063369750977
2025-03-27,23.1200008392334,22.764217376708984
2025-03-28,22.520000457763672,22.173450469970703
2025-03-31,22.274999618530273,21.932218551635742
2025-04-01,22.18000030517578,21.838680267333984
2025-04-02,22.09000015258789,21.750064849853516
2025-04-03,21.165000915527344,20.83930206298828
2025-04-04,20.325000762939453,20.01222801208496
2025-04-07,20.020000457763672,19.71192169189453
2025-04-08,20.940000534057617,20.617765426635742
2025-04-09,19.83799934387207,19.5327205657959
2025-04-10,20.649999618530273,20.332225799560547
2025-04-11,20.434999465942383,20.120534896850586
2025-04-14,21.149999618530273,20.82453155517578
2025-04-15,21.489999771118164,21.1593017578125
2025-04-16,21.280000686645508,20.952531814575195
2025-04-17,21.46500015258789,21.134685516357422
2025-04-22,21.6200008392334,21.287302017211914
2025-04-23,21.864999771118164,21.52853012084961
2025-04-24,21.96500015258789,21.626991271972656
2025-04-25,22.0,21.66145133972168
2025-04-28,22.145000457763672,21.80422019958496
2025-04-29,22.290000915527344,21.946990966796875
2025-04-30,22.31999969482422,21.976526260375977
2025-05-02,22.670000076293945,22.32114028930664
2025-05-05,22.94499969482422,22.591909408569336
2025-05-06,22.924999237060547,22.57221794128418
2025-05-07,22.735000610351562,22.385143280029297
2025-05-08,23.014999389648438,22.660831451416016
2025-05-09,23.03499984741211,22.680522918701172
2025-05-12,23.594999313354492,23.231904983520508
2025-05-13,23.395000457763672,23.03498649597168
2025-05-14,23.09000015258789,22.734678268432617
2025-05-15,23.299999237060547,22.941444396972656
2025-05-16,23.424999237060547,23.06452178955078
2025-05-19,23.100000381469727,22.744525909423828
2025-05-20,23.225000381469727,22.867599487304688
2025-05-21,23.020000457763672,22.665754318237305
2025-05-22,22.969999313354492,22.61652374267578
2025-05-23,22.8700008392334,22.518064498901367
2025-05-26,23.239999771118164,22.882369995117188
2025-05-27,23.4950008392334,23.133445739746094
2025-05-28,23.25,22.892215728759766
2025-05-29,23.25,22.892215728759766
2025-05-30,23.165000915527344,22.80852508544922
2025-06-02,23.174999237060547,22.81836700439453
2025-06-03,23.190000534057617,22.833139419555664
2025-06-04,23.125,22.76913833618164
2025-06-05,22.989999771118164,22.636215209960938
2025-06-06,23.174999237060547,22.81836700439453
2025-06-09,23.290000915527344,22.931602478027344
2025-06-10,23.225000381469727,22.867599487304688
2025-06-11,23.34000015258789,22.980833053588867
2025-06-12,23.100000381469727,22.744525909423828
2025-06-13,23.010000228881836,22.65591049194336
2025-06-16,23.25,22.892215728759766
2025-06-17,23.094999313354492,22.739601135253906
2025-06-18,23.385000228881836,23.02513885498047
2025-06-19,23.1200008392334,22.764217376708984
2025-06-20,22.959999084472656,22.60667610168457
2025-06-23,22.8799991607666,22.52790641784668
2025-06-24,23.06999969482422,22.714984893798828
2025-06-25,23.170000076293945,22.813447952270508
2025-06-26,23.545000076293945,23.182676315307617
2025-06-27,24.059999465942383,23.68975257873535
2025-06-30,23.93000030517578,23.561752319335938
2025-07-01,23.6200008392334,23.25652313232422
2025-07-02,23.56999969482422,23.207290649414062
2025-07-03,23.665000915527344,23.300830841064453
2025-07-04,23.479999542236328,23.118677139282227
2025-07-07,23.360000610351562,23.000524520874023
2025-07-08,23.399999618530273,23.039907455444336
2025-07-09,23.334999084472656,22.97590446472168
2025-07-10,23.34000015258789,22.980833053588867
2025-07-11,23.020000457763672,22.665754318237305
2025-07-14,23.0049991607666,22.650983810424805
2025-07-15,22.920000076293945,22.7348575592041
2025-07-16,22.739999771118164,22.556312561035156
2025-07-17,23.209999084472656,23.02251434326172
2025-07-18,22.920000076293945,22.7348575592041
2025-07-21,23.1299991607666,22.943161010742188
2025-07-22,22.96500015258789,22.779495239257812
2025-07-23,24.149999618530273,23.95492172241211
2025-07-24,24.075000762939453,23.880531311035156
2025-07-25,23.81999969482422,23.627588272094727
2025-07-28,23.559999465942383,23.369688034057617
2025-07-29,23.670000076293945,23.478797912597656
2025-07-30,23.7549991607666,23.563112258911133
2025-07-31,23.68000030517578,23.488719940185547
2025-08-01,23.389999389648438,23.201061248779297
2025-08-04,23.71500015258789,23.523435592651367
2025-08-05,23.684999465942383,23.49367904663086
2025-08-06,23.770000457763672,23.577993392944336
2025-08-07,23.950000762939453,23.75653839111328
2025-08-08,24.510000228881836,24.312013626098633
2025-08-11,24.649999618530273,24.450883865356445
2025-08-12,25.010000228881836,24.807973861694336
2025-08-13,24.93000030517578,24.72862434387207
2025-08-14,24.825000762939453,24.62447166442871
2025-08-15,25.184999465942383,24.9815616607666
2025-08-18,25.375,25.170026779174805
2025-08-19,25.229999542236328,25.02619743347168
2025-08-20,24.90999984741211,24.708784103393555
2025-08-21,24.764999389648438,24.56495475769043
2025-08-22,24.979999542236328,24.778217315673828
2025-08-25,24.709999084472656,24.510398864746094
2025-08-26,24.645000457763672,24.445926666259766
2025-08-27,24.7450008392334,24.545116424560547
2025-08-28,24.989999771118164,24.788137435913086
2025-08-29,24.485000610351562,24.287216186523438
2025-09-01,24.559999465942383,24.361610412597656
2025-09-02,24.19499969482422,23.99955940246582
2025-09-03,24.309999465942383,24.113628387451172
2025-09-04,24.719999313354492,24.52031707763672
2025-09-05,24.729999542236328,24.530237197875977
2025-09-08,25.325000762939453,25.120433807373047
2025-09-09,25.0049991607666,24.803014755249023
2025-09-10,25.405000686645508,25.199785232543945
2025-09-11,25.899999618530273,25.690786361694336
2025-09-12,25.739999771118164,25.53207778930664
2025-09-15,25.790000915527344,25.581676483154297
2025-09-16,25.709999084472656,25.5023193359375
2025-09-17,25.81999969482422,25.611433029174805
2025-09-18,26.290000915527344,26.07763671875
2025-09-19,25.959999084472656,25.750301361083984
2025-09-22,26.135000228881836,25.923887252807617
2025-09-23,26.174999237060547,25.96356201171875
2025-09-24,26.1299991607666,25.918928146362305
2025-09-25,26.0,25.78997802734375
2025-09-26,25.834999084472656,25.626310348510742
2025-09-29,25.969999313354492,25.76021957397461
2025-09-30,25.829999923706055,25.62135124206543
2025-10-01,25.979999542236328,25.770139694213867
2025-10-02,26.15999984741211,25.948686599731445
2025-10-03,26.719999313354492,26.504161834716797
2025-10-06,27.774999618530273,27.550640106201172
2025-10-07,27.25,27.02988052368164
2025-10-08,27.184999465942383,26.96540641784668
2025-10-09,27.55500030517578,27.33241844177246
2025-10-10,26.53499984741211,26.32065773010254
2025-10-13,26.719999313354492,26.504161834716797
2025-10-14,26.725000381469727,26.509122848510742
2025-10-15,27.3700008392334,27.14891242980957
2025-10-16,27.489999771118164,27.267942428588867
2025-10-17,27.424999237060547,27.203466415405273
2025-10-20,28.43000030517578,28.200349807739258
2025-10-21,28.1299991607666,27.90277099609375
2025-10-22,27.7549991607666,27.53080177307129
2025-10-23,27.674999237060547,27.451448440551758
2025-10-27,28.389999389648438,28.16067123413086
2025-10-28,28.649999618530273,28.41857147216797
2025-10-29,28.96500015258789,28.731027603149414
2025-10-30,29.040000915527344,28.805423736572266
2025-10-31,29.545000076293945,29.30634307861328
2025-11-03,29.575000762939453,29.336101531982422
2025-11-04,29.2549991607666,29.018686294555664
2025-11-05,28.959999084472656,28.72606658935547
2025-11-06,28.469999313354492,28.240026473999023
2025-11-07,28.170000076293945,27.94244956970215
2025-11-10,28.655000686645508,28.423532485961914
2025-11-11,28.6200008392334,28.38881492614746
2025-11-12,28.69499969482422,28.46320915222168
2025-11-13,28.100000381469727,27.873016357421875
2025-11-14,28.28499984741211,28.056520462036133
2025-11-17,28.0,27.773822784423828
2025-11-18,27.209999084472656,26.990203857421875
2025-11-19,27.28499984741211,27.064598083496094
2025-11-20,27.350000381469727,27.129074096679688
2025-11-21,27.014999389648438,26.79677963256836
2025-11-24,27.375,27.153873443603516
2025-11-25,27.1200008392334,26.90093231201172
2025-11-26,27.655000686645508,27.431610107421875
2025-11-27,27.719999313354492,27.49608612060547
2025-11-28,27.78499984741211,27.56056022644043
2025-12-01,27.530000686645508,27.307621002197266
2025-12-02,27.389999389648438,27.168750762939453
2025-12-03,27.545000076293945,27.322500228881836
2025-12-04,28.079999923706055,27.85317611694336
2025-12-05,28.049999237060547,27.82341766357422
2025-12-08,27.834999084472656,27.61015510559082
2025-12-09,28.020000457763672,27.79366111755371
2025-12-10,27.850000381469727,27.625036239624023
2025-12-11,27.790000915527344,27.565521240234375
2025-12-12,27.334999084472656,27.114192962646484
2025-12-15,27.545000076293945,27.322500228881836
2025-12-16,27.3700008392334,27.14891242980957
2025-12-17,26.959999084472656,26.742223739624023
2025-12-18,27.18000030517578,26.960447311401367
2025-12-19,27.344999313354492,27.124113082885742
2025-12-22,27.360000610351562,27.138992309570312
2025-12-23,27.55500030517578,27.33241844177246
2025-12-29,27.479999542236328,27.25802230834961
2025-12-30,27.655000686645508,27.431610107421875
2026-01-02,27.735000610351562,27.510963439941406
2026-01-05,28.625,28.393774032592773
2026-01-06,28.530000686645508,28.299543380737305
2026-01-07,28.530000686645508,28.299543380737305
2026-01-08,28.21500015258789,27.987085342407227
2026-01-09,29.2450008392334,29.008766174316406
2026-01-12,29.360000610351562,29.12283706665039
2026-01-13,29.30500030517578,29.068281173706055
2026-01-14,29.3799991607666,29.142675399780273
2026-01-15,29.5,29.34878158569336
2026-01-16,29.34000015258789,29.189603805541992
2026-01-19,29.084999084472656,28.935909271240234
2026-01-20,28.344999313354492,28.199703216552734
2026-01-21,28.645000457763672,28.498165130615234
2026-01-22,29.020000457763672,28.87124252319336
2026-01-23,28.725000381469727,28.577754974365234
2026-01-26,28.7549991607666,28.607601165771484
2026-01-27,28.920000076293945,28.77175521850586
2026-01-28,29.219999313354492,29.07021713256836
2026-01-29,28.844999313354492,28.697139739990234
2026-01-30,29.19499969482422,29.045345306396484
2026-02-02,29.34000015258789,29.189603805541992
2026-02-03,29.350000381469727,29.199552536010742
2026-02-04,29.56999969482422,29.418424606323242
2026-02-05,29.25,29.10006332397461
2026-02-06,30.28499984741211,30.129758834838867
2026-02-09,30.69499969482422,30.537656784057617
2026-02-10,31.56999969482422,31.408170700073242
2026-02-11,31.94499969482422,31.78125
2026-02-12,31.375,31.214170455932617
2026-02-13,31.649999618530273,31.487762451171875
2026-02-16,31.190000534057617,31.030120849609375
2026-02-17,31.34000015258789,31.179351806640625
2026-02-18,31.645000457763672,31.4827880859375
2026-02-19,31.260000228881836,31.099761962890625
2026-02-20,31.21500015258789,31.054990768432617
2026-02-23,31.1299991607666,30.97042465209961
2026-02-24,31.579999923706055,31.418119430541992
2026-02-25,32.29999923706055,32.13442611694336
2026-02-26,31.860000610351562,31.696685791015625
2026-02-27,31.8799991607666,31.716581344604492
2026-03-02,31.219999313354492,31.059965133666992
2026-03-03,29.739999771118164,29.587553024291992
2026-03-04,30.684999465942383,30.527708053588867
2026-03-05,29.920000076293945,29.766630172729492
2026-03-09,29.31999969482422,29.16970443725586
2026-03-10,30.170000076293945,30.015348434448242
2026-03-11,29.719999313354492,29.56765365600586
2026-03-12,29.3799991607666,29.22939682006836
2026-03-13,29.25,29.10006332397461
2026-03-16,29.655000686645508,29.502988815307617
2026-03-17,29.594999313354492,29.443296432495117
2026-03-18,29.5,29.34878158569336
2026-03-19,28.790000915527344,28.64242172241211
2026-03-20,28.260000228881836,28.11513900756836
2026-03-23,28.78499984741211,28.637447357177734
2026-03-24,28.655000686645508,28.508115768432617
2026-03-25,29.264999389648438,29.114986419677734
2026-03-26,28.719999313354492,28.57278060913086
2026-03-27,28.110000610351562,27.96590805053711
2026-03-30,28.450000762939453,28.30416488647461
2026-03-31,28.399999618530273,28.25442123413086
2026-04-01,29.764999389648438,29.612422943115234
2026-04-02,29.079999923706055,28.93093490600586
2026-04-07,28.8700008392334,28.722013473510742
2026-04-08,30.875,30.716733932495117
2026-04-09,30.43000030517578,30.274015426635742
2026-04-10,30.815000534057617,30.657041549682617
2026-04-13,30.614999771118164,30.458066940307617
2026-04-14,31.420000076293945,31.258941650390625
2026-04-15,31.260000228881836,31.12141990661621
2026-04-16,31.690000534057617,31.549514770507812
2026-04-17,32.25,32.10702896118164
2026-04-20,31.78499984741211,31.644092559814453
2026-04-21,31.510000228881836,31.370311737060547
2026-04-22,31.954999923706055,31.813339233398438
2026-04-23,31.93000030517578,31.788450241088867
2026-04-24,32.165000915527344,32.02240753173828
2026-04-27,32.26499938964844,32.12196350097656
2026-04-28,31.684999465942383,31.54453468322754
2026-04-29,31.639999389648438,31.49973487854004
2026-04-30,32.51499938964844,32.37085723876953
2026-05-04,32.52000045776367,32.37583541870117
2026-05-05,32.915000915527344,32.76908493041992
2026-05-06,33.790000915527344,33.64020538330078
2026-05-07,34.09000015258789,33.938873291015625
2026-05-08,34.459999084472656,34.30723190307617
2026-05-11,34.13999938964844,33.988651275634766
2026-05-12,33.625,33.47593688964844
2026-05-13,34.310001373291016,34.15789794921875
2026-05-14,34.209999084472656,34.05834197998047
2026-05-15,33.7599983215332,33.61033630371094
2026-05-18,33.2400016784668,33.09264373779297
2026-05-19,32.80500030517578,32.659568786621094
2026-05-20,33.29999923706055,33.152374267578125
2026-05-21,33.46500015258789,33.31664276123047
2026-05-22,34.560001373291016,34.40679168701172
2026-05-25,35.494998931884766,35.337642669677734
2026-05-26,35.435001373291016,35.27791213989258
2026-05-27,35.125,34.96928405761719
2026-05-28,35.51499938964844,35.3575553894043
2026-05-29,35.7599983215332,35.60146713256836
2026-06-01,36.28499984741211,36.124141693115234
2026-06-02,36.334999084472656,36.173919677734375
2026-06-03,36.8849983215332,36.72148132324219
2026-06-04,36.349998474121094,36.1888542175293
2026-06-05,35.60499954223633,35.44715881347656
2026-06-08,35.720001220703125,35.561649322509766
2026-06-09,34.98500061035156,34.82990646362305
2026-06-10,34.474998474121094,34.322166442871094
2026-06-11,35.150001525878906,34.99417495727539
2026-06-12,36.415000915527344,36.25356674194336
2026-06-15,37.42499923706055,37.25908660888672
2026-06-16,37.439998626708984,37.27402114868164
2026-06-17,38.13999938964844,37.97092056274414
2026-06-18,38.915000915527344,38.74248504638672
2026-06-19,39.064998626708984,38.89181900024414
2026-06-22,39.67499923706055,39.499114990234375
2026-06-23,37.689998626708984,37.52291488647461
2026-06-24,38.06999969482422,37.90122985839844
2026-06-25,38.86000061035156,38.68772888183594
2026-06-26,38.02000045776367,37.8514518737793
2026-06-29,37.915000915527344,37.746917724609375
2026-06-30,38.39500045776367,38.224788665771484
2026-07-01,38.07500076293945,37.90620803833008
2026-07-02,37.415000915527344,37.2491340637207
2026-07-03,37.94499969482422,37.77678298950195
2026-07-06,38.025001525878906,37.85643005371094
2026-07-07,36.60499954223633,36.44272232055664
2026-07-08,36.150001525878906,35.989742279052734
2026-07-09,37.19499969482422,37.03010940551758
2026-07-10,37.5,37.33375549316406
2026-07-13,36.810001373291016,36.64681625366211
2026-07-14,37.005001068115234,36.8409538269043
2026-07-15,36.43000030517578,36.43000030517578
2026-07-16,35.78499984741211,35.78499984741211
2026-07-17,34.709999084472656,34.709999084472656
2026-07-20,35.345001220703125,35.345001220703125
2026-07-21,36.119998931884766,36.119998931884766
2026-07-22,35.63999938964844,35.63999938964844
2026-07-23,34.94499969482422,34.94499969482422
2026-07-24,34.755001068115234,34.755001068115234
2026-07-27,34.1150016784668,34.1150016784668
2026-07-28,33.57500076293945,33.57500076293945
2026-07-29,33.185001373291016,33.185001373291016
2026-07-30,34.505001068115234,34.505001068115234
2026-07-31,34.400001525878906,34.400001525878906
2026-08-03,34.98500061035156,34.98500061035156
2026-08-04,35.810001373291016,35.810001373291016
2026-08-05,36.209999084472656,36.209999084472656
2026-08-06,36.165000915527344,36.165000915527344
2026-08-07,36.3650016784668,36.3650016784668
2026-08-10,36.345001220703125,36.345001220703125
2026-08-11,36.560001373291016,36.560001373291016
2026-08-12,37.29499816894531,37.29499816894531
2026-08-13,37.665000915527344,37.665000915527344
2026-08-14,37.16999816894531,37.16999816894531
2026-08-17,37.56999969482422,37.56999969482422
2026-08-18,35.73500061035156,35.73500061035156
2026-08-19,35.79999923706055,35.79999923706055
2026-08-20,35.32500076293945,35.32500076293945
2026-08-21,35.48500061035156,35.48500061035156
2026-08-24,35.1150016784668,35.1150016784668
2026-08-25,35.474998474121094,35.474998474121094
2026-08-26,35.439998626708984,35.439998626708984
2026-08-27,35.51499938964844,35.51499938964844
2026-08-28,35.80500030517578,35.80500030517578
2026-08-31,35.470001220703125,35.470001220703125
2026-09-01,35.185001373291016,35.185001373291016
2026-09-02,35.029998779296875,35.029998779296875
2026-09-03,35.71500015258789,35.71500015258789
2026-09-04,36.209999084472656,36.209999084472656
2026-09-07,36.79499816894531,36.79499816894531
2026-09-08,36.42499923706055,36.42499923706055
2026-09-09,36.05500030517578,36.05500030517578
2026-09-10,35.814998626708984,35.814998626708984
2026-09-11,36.345001220703125,36.345001220703125
2026-09-14,35.459999084472656,35.459999084472656
2026-09-15,35.48500061035156,35.48500061035156
2026-09-16,36.125,36.125
2026-09-17,36.244998931884766,36.244998931884766
2026-09-18,36.084999084472656,36.084999084472656
2026-09-21,36.7599983215332,36.7599983215332
2026-09-22,37.099998474121094,37.099998474121094
2026-09-23,36.70500183105469,36.70500183105469
2026-09-24,36.150001525878906,36.150001525878906
2026-09-25,36.90999984741211,36.90999984741211
2026-09-28,36.53499984741211,36.53499984741211
2026-09-29,37.10499954223633,37.10499954223633
2026-09-30,37.90999984741211,37.90999984741211
2026-10-01,38.439998626708984,38.439998626708984
2026-10-02,39.31999969482422,39.31999969482422
