Date,Close,Adj Close
2010-01-04,47.709999084472656,41.39030838012695
2010-01-05,48.16999816894531,41.78938293457031
2010-01-06,49.34000015258789,42.80440139770508
2010-01-07,49.099998474121094,42.59618377685547
2010-01-08,49.84000015258789,43.23816680908203
2010-01-11,50.16999816894531,43.52445602416992
2010-01-12,48.349998474121094,41.945533752441406
2010-01-13,48.86000061035156,42.387977600097656
2010-01-14,48.599998474121094,42.16242218017578
2010-01-15,47.41999816894531,41.13872146606445
2010-01-19,47.689998626708984,41.37295913696289
2010-01-20,45.72999954223633,39.672584533691406
2010-01-21,43.75,37.954856872558594
2010-01-22,43.790000915527344,37.98955535888672
2010-01-25,43.189998626708984,37.469032287597656
2010-01-26,43.130001068115234,37.41698455810547
2010-01-27,42.77000045776367,37.104671478271484
2010-01-28,42.16999816894531,36.584144592285156
2010-01-29,40.720001220703125,35.32620620727539
2010-02-01,42.939998626708984,37.25214767456055
2010-02-02,43.0,37.304203033447266
2010-02-03,42.56999969482422,36.93115234375
2010-02-04,40.2400016784668,34.909786224365234
2010-02-05,42.40999984741211,36.79235076904297
2010-02-08,40.779998779296875,35.37825393676758
2010-02-09,42.56999969482422,36.93115234375
2010-02-10,42.349998474121094,36.74029541015625
2010-02-11,43.9900016784668,38.16306686401367
2010-02-12,43.939998626708984,38.11968994140625
2010-02-16,44.90999984741211,38.96119689941406
2010-02-17,44.709999084472656,38.78768539428711
2010-02-18,45.060001373291016,39.09133529663086
2010-02-19,44.56999969482422,38.666236877441406
2010-02-22,44.09000015258789,38.249820709228516
2010-02-23,42.5,36.870426177978516
2010-02-24,42.25,36.65354537963867
2010-02-25,43.45000076293945,37.69459915161133
2010-02-26,43.88999938964844,38.0763053894043
2010-03-01,44.63999938964844,38.726966857910156
2010-03-02,45.5099983215332,39.48170852661133
2010-03-03,46.36000061035156,40.2191276550293
2010-03-04,45.58000183105469,39.542457580566406
2010-03-05,46.43000030517578,40.27986145019531
2010-03-08,45.95000076293945,39.86344528198242
2010-03-09,45.58000183105469,39.542457580566406
2010-03-10,44.959999084472656,39.00457763671875
2010-03-11,45.31999969482422,39.3168830871582
2010-03-12,44.9900016784668,39.03060531616211
2010-03-15,44.939998626708984,38.98722457885742
2010-03-16,46.119998931884766,40.01092529296875
2010-03-17,46.27000045776367,40.14105224609375
2010-03-18,45.970001220703125,39.880794525146484
2010-03-19,45.310001373291016,39.30821990966797
2010-03-22,45.13999938964844,39.160736083984375
2010-03-23,45.279998779296875,39.28219223022461
2010-03-24,43.5,37.737972259521484
2010-03-25,42.90999984741211,37.22611999511719
2010-03-26,43.709999084472656,37.92014694213867
2010-03-29,44.33000183105469,38.45802688598633
2010-03-30,43.86000061035156,38.05028533935547
2010-03-31,44.40999984741211,38.527427673339844
2010-04-01,46.400001525878906,40.25383758544922
2010-04-05,46.900001525878906,40.68760681152344
2010-04-06,46.810001373291016,40.60952377319336
2010-04-07,48.18000030517578,41.79805374145508
2010-04-08,48.189998626708984,41.806724548339844
2010-04-09,48.68000030517578,42.2318229675293
2010-04-12,48.13999938964844,41.76334762573242
2010-04-13,47.75,41.42500686645508
2010-04-14,48.09000015258789,41.7199821472168
2010-04-15,47.56999969482422,41.26885223388672
2010-04-16,46.650001525878906,40.47071838378906
2010-04-19,46.59000015258789,40.418670654296875
2010-04-20,46.459999084472656,40.30588150024414
2010-04-21,46.97999954223633,40.75700759887695
2010-04-22,47.36000061035156,41.08667755126953
2010-04-23,48.209999084472656,41.82407760620117
2010-04-26,48.130001068115234,41.754676818847656
2010-04-27,48.279998779296875,41.88481521606445
2010-04-28,49.70000076293945,43.11670684814453
2010-04-29,50.310001373291016,43.64591598510742
2010-04-30,50.5099983215332,43.81941604614258
2010-05-03,49.880001068115234,43.27287673950195
2010-05-04,49.65999984741211,43.082008361816406
2010-05-05,49.2400016784668,42.71764373779297
2010-05-06,49.939998626708984,43.324920654296875
2010-05-07,49.130001068115234,42.62221145629883
2010-05-10,50.13999938964844,43.49843215942383
2010-05-11,53.599998474121094,46.500118255615234
2010-05-12,53.43000030517578,46.352638244628906
2010-05-13,52.65999984741211,45.68463134765625
2010-05-14,53.150001525878906,46.10972595214844
2010-05-17,51.869998931884766,44.99927520751953
2010-05-18,51.4900016784668,44.669612884521484
2010-05-19,49.45000076293945,42.89982986450195
2010-05-20,47.04999923706055,40.81773376464844
2010-05-21,47.209999084472656,40.95654296875
2010-05-24,47.63999938964844,41.329586029052734
2010-05-25,48.939998626708984,42.45738220214844
2010-05-26,48.9900016784668,42.500762939453125
2010-05-27,50.18000030517578,43.53312683105469
2010-05-28,49.86000061035156,43.25552749633789
2010-06-01,49.810001373291016,43.21213912963867
2010-06-02,50.66999816894531,43.958229064941406
2010-06-03,49.83000183105469,43.229496002197266
2010-06-04,48.810001373291016,42.344608306884766
2010-06-07,50.189998626708984,43.54180145263672
2010-06-08,50.720001220703125,44.00160217285156
2010-06-09,50.20000076293945,43.55048751831055
2010-06-10,50.65999984741211,43.94955825805664
2010-06-11,50.790000915527344,44.062339782714844
2010-06-14,49.900001525878906,43.29022979736328
2010-06-15,51.16999816894531,44.391998291015625
2010-06-16,51.65999984741211,44.81709289550781
2010-06-17,52.959999084472656,45.94488525390625
2010-06-18,54.060001373291016,46.89918899536133
2010-06-21,52.52000045776367,45.56317901611328
2010-06-22,52.13999938964844,45.23350524902344
2010-06-23,52.45000076293945,45.502445220947266
2010-06-24,52.18000030517578,45.268211364746094
2010-06-25,53.880001068115234,46.74302673339844
2010-06-28,53.400001525878906,46.32660675048828
2010-06-29,51.97999954223633,45.0947151184082
2010-06-30,51.959999084472656,45.077354431152344
2010-07-01,49.619998931884766,43.04730987548828
2010-07-02,49.58000183105469,43.012603759765625
2010-07-06,48.90999984741211,42.43135070800781
2010-07-07,49.9900016784668,43.36830139160156
2010-07-08,49.380001068115234,42.83910369873047
2010-07-09,50.47999954223633,43.79338836669922
2010-07-12,50.150001525878906,43.507110595703125
2010-07-13,50.38999938964844,43.7153205871582
2010-07-14,50.2599983215332,43.602535247802734
2010-07-15,50.16999816894531,43.52445602416992
2010-07-16,48.540000915527344,42.11037063598633
2010-07-19,47.529998779296875,41.234153747558594
2010-07-20,48.54999923706055,42.11904525756836
2010-07-21,48.18000030517578,41.79805374145508
2010-07-22,49.15999984741211,42.64823913574219
2010-07-23,49.209999084472656,42.69161605834961
2010-07-26,48.88999938964844,42.41400909423828
2010-07-27,47.09000015258789,40.85243606567383
2010-07-28,47.38999938964844,41.11269760131836
2010-07-29,47.68000030517578,41.36428451538086
2010-07-30,48.220001220703125,41.83275604248047
2010-08-02,48.04999923706055,41.68526840209961
2010-08-03,48.31999969482422,41.91950225830078
2010-08-04,49.619998931884766,43.04730987548828
2010-08-05,49.689998626708984,43.1080322265625
2010-08-06,50.16999816894531,43.52445602416992
2010-08-09,50.189998626708984,43.54180145263672
2010-08-10,50.369998931884766,43.697967529296875
2010-08-11,49.08000183105469,42.57884216308594
2010-08-12,50.310001373291016,43.64591598510742
2010-08-13,49.7400016784668,43.15141296386719
2010-08-16,50.709999084472656,43.992923736572266
2010-08-17,51.290000915527344,44.4961051940918
2010-08-18,52.130001068115234,45.22483825683594
2010-08-19,51.72999954223633,44.87781524658203
2010-08-20,51.279998779296875,44.48741912841797
2010-08-23,50.900001525878906,44.15776062011719
2010-08-24,50.29999923706055,43.63723373413086
2010-08-25,52.0,45.11205291748047
2010-08-26,52.72999954223633,45.7453498840332
2010-08-27,53.34000015258789,46.274559020996094
2010-08-30,53.119998931884766,46.08369827270508
2010-08-31,53.61000061035156,46.508792877197266
2010-09-01,52.849998474121094,45.849464416503906
2010-09-02,53.56999969482422,46.474090576171875
2010-09-03,53.689998626708984,46.578189849853516
2010-09-07,53.95000076293945,46.80376052856445
2010-09-08,53.66999816894531,46.560848236083984
2010-09-09,52.650001525878906,45.67596435546875
2010-09-10,53.040000915527344,46.01429748535156
2010-09-13,53.0,45.97958755493164
2010-09-14,54.880001068115234,47.61056900024414
2010-09-15,54.599998474121094,47.36766052246094
2010-09-16,55.36000061035156,48.0269889831543
2010-09-17,54.779998779296875,47.523807525634766
2010-09-20,55.34000015258789,48.00963592529297
2010-09-21,55.66999816894531,48.295921325683594
2010-09-22,56.369998931884766,48.9031982421875
2010-09-23,55.7599983215332,48.374000549316406
2010-09-24,55.66999816894531,48.295921325683594
2010-09-27,55.34000015258789,48.00963592529297
2010-09-28,56.65999984741211,49.154788970947266
2010-09-29,56.5099983215332,49.024658203125
2010-09-30,55.93000030517578,48.521488189697266
2010-10-01,56.599998474121094,49.10273742675781
2010-10-04,55.54999923706055,48.19182205200195
2010-10-05,57.2599983215332,49.675315856933594
2010-10-06,58.119998931884766,50.42139434814453
2010-10-07,56.58000183105469,49.08538818359375
2010-10-08,57.29999923706055,49.71000289916992
2010-10-11,57.40999984741211,49.805450439453125
2010-10-12,57.16999816894531,49.59722900390625
2010-10-13,58.59000015258789,50.82914352416992
2010-10-14,58.189998626708984,50.48212814331055
2010-10-15,57.40999984741211,49.805450439453125
2010-10-18,57.13999938964844,49.57121276855469
2010-10-19,54.529998779296875,47.30692672729492
2010-10-20,55.459999084472656,48.11374282836914
2010-10-21,54.279998779296875,47.09004211425781
2010-10-22,54.88999938964844,47.61924362182617
2010-10-25,55.7400016784668,48.356651306152344
2010-10-26,55.790000915527344,48.400028228759766
2010-10-27,54.68000030517578,47.43705749511719
2010-10-28,56.36000061035156,48.89452362060547
2010-10-29,57.29999923706055,49.71000289916992
2010-11-01,57.22999954223633,49.64928436279297
2010-11-02,57.66999816894531,50.031005859375
2010-11-03,57.22999954223633,49.64928436279297
2010-11-04,59.9900016784668,52.04368591308594
2010-11-05,60.09000015258789,52.13044738769531
2010-11-08,61.77000045776367,53.58790969848633
2010-11-09,59.66999816894531,51.76608657836914
2010-11-10,61.33000183105469,53.20619583129883
2010-11-11,61.779998779296875,53.59658432006836
2010-11-12,60.06999969482422,52.113094329833984
2010-11-15,59.470001220703125,51.59258270263672
2010-11-16,57.65999984741211,50.02232360839844
2010-11-17,58.040000915527344,50.351993560791016
2010-11-18,59.029998779296875,51.21086120605469
2010-11-19,59.279998779296875,51.42774200439453
2010-11-22,60.029998779296875,52.078392028808594
2010-11-23,59.619998931884766,51.722713470458984
2010-11-24,59.66999816894531,51.76608657836914
2010-11-26,58.61000061035156,50.846492767333984
2010-11-29,58.869998931884766,51.07205581665039
2010-11-30,59.5,51.61859893798828
2010-12-01,60.279998779296875,52.2952766418457
2010-12-02,61.18000030517578,53.0760612487793
2010-12-03,62.709999084472656,54.40339279174805
2010-12-06,63.79999923706055,55.349021911621094
2010-12-07,62.380001068115234,54.117122650146484
2010-12-08,61.20000076293945,53.093406677246094
2010-12-09,61.43000030517578,53.2929573059082
2010-12-10,61.65999984741211,53.49248504638672
2010-12-13,62.220001220703125,53.97830581665039
2010-12-14,62.130001068115234,53.90022659301758
2010-12-15,60.9900016784668,52.911231994628906
2010-12-16,60.16999816894531,52.19984817504883
2010-12-17,60.439998626708984,52.43408966064453
2010-12-20,60.56999969482422,52.546875
2010-12-21,60.54999923706055,52.529518127441406
2010-12-22,59.84000015258789,51.91356658935547
2010-12-23,59.88999938964844,52.30746841430664
2010-12-27,59.540000915527344,52.00177764892578
2010-12-28,61.09000015258789,53.35553741455078
2010-12-29,61.310001373291016,53.54768371582031
2010-12-30,60.880001068115234,53.172122955322266
2010-12-31,61.470001220703125,53.68741989135742
2011-01-03,60.77000045776367,53.0760498046875
2011-01-04,59.02000045776367,51.547611236572266
2011-01-05,58.220001220703125,50.84891128540039
2011-01-06,56.7400016784668,49.5562858581543
2011-01-07,56.7400016784668,49.5562858581543
2011-01-10,56.88999938964844,49.68729019165039
2011-01-11,58.040000915527344,50.69169616699219
2011-01-12,57.900001525878906,50.56941604614258
2011-01-13,56.04999923706055,48.953643798828125
2011-01-14,54.880001068115234,47.931766510009766
2011-01-18,55.810001373291016,48.7440299987793
2011-01-19,55.470001220703125,48.44707107543945
2011-01-20,54.63999938964844,47.7221565246582
2011-01-21,53.939998626708984,47.11077880859375
2011-01-24,53.43000030517578,46.66535186767578
2011-01-25,53.119998931884766,46.39459991455078
2011-01-26,55.099998474121094,48.12391662597656
2011-01-27,53.72999954223633,46.9273681640625
2011-01-28,54.20000076293945,47.33787536621094
2011-01-31,53.91999816894531,47.09331512451172
2011-02-01,55.439998626708984,48.420867919921875
2011-02-02,55.029998779296875,48.06277847290039
2011-02-03,56.52000045776367,49.36412811279297
2011-02-04,56.11000061035156,49.00605010986328
2011-02-07,56.119998931884766,49.014774322509766
2011-02-08,57.349998474121094,50.08905029296875
2011-02-09,56.459999084472656,49.311737060546875
2011-02-10,55.93000030517578,48.84883499145508
2011-02-11,55.72999954223633,48.67414474487305
2011-02-14,56.459999084472656,49.311737060546875
2011-02-15,57.5099983215332,50.22879409790039
2011-02-16,57.7400016784668,50.42967987060547
2011-02-17,58.45000076293945,51.049781799316406
2011-02-18,58.97999954223633,51.51267623901367
2011-02-22,58.43000030517578,51.03231430053711
2011-02-23,59.61000061035156,52.06291198730469
2011-02-24,57.7400016784668,50.42967987060547
2011-02-25,58.95000076293945,51.48647689819336
2011-02-28,59.83000183105469,52.255062103271484
2011-03-01,60.79999923706055,53.10224151611328
2011-03-02,60.790000915527344,53.09352111816406
2011-03-03,59.869998931884766,52.28999328613281
2011-03-04,60.400001525878906,52.75289535522461
2011-03-07,59.95000076293945,52.3598747253418
2011-03-08,59.40999984741211,51.888240814208984
2011-03-09,58.939998626708984,51.47774124145508
2011-03-10,56.83000183105469,49.6348876953125
2011-03-11,57.81999969482422,50.499549865722656
2011-03-14,57.810001373291016,50.490821838378906
2011-03-15,56.47999954223633,49.32919692993164
2011-03-16,55.2400016784668,48.246192932128906
2011-03-17,55.720001220703125,48.66541290283203
2011-03-18,56.65999984741211,49.486412048339844
2011-03-21,58.02000045776367,50.674224853515625
2011-03-22,58.16999816894531,50.80522537231445
2011-03-23,60.279998779296875,52.64808654785156
2011-03-24,59.9900016784668,52.39480209350586
2011-03-25,59.52000045776367,51.98430252075195
2011-03-28,58.47999954223633,51.075984954833984
2011-03-29,58.540000915527344,51.128379821777344
2011-03-30,59.63999938964844,52.08911895751953
2011-03-31,60.099998474121094,52.49087905883789
2011-04-01,59.77000045776367,52.20265197753906
2011-04-04,59.75,52.18519592285156
2011-04-05,62.709999084472656,54.77043151855469
2011-04-06,62.77000045776367,54.82283401489258
2011-04-07,62.5099983215332,54.59575653076172
2011-04-08,63.95000076293945,55.85344314575195
2011-04-11,62.099998474121094,54.2376708984375
2011-04-12,61.11000061035156,53.373008728027344
2011-04-13,60.86000061035156,53.1546630859375
2011-04-14,61.63999938964844,53.83590316772461
2011-04-15,61.439998626708984,53.66122817993164
2011-04-18,60.83000183105469,53.128456115722656
2011-04-19,61.63999938964844,53.83590316772461
2011-04-20,62.099998474121094,54.2376708984375
2011-04-21,62.630001068115234,54.7005615234375
2011-04-25,61.2400016784668,53.486549377441406
2011-04-26,60.220001220703125,52.59568405151367
2011-04-27,61.61000061035156,53.80970001220703
2011-04-28,61.279998779296875,53.52147674560547
2011-04-29,62.20000076293945,54.32500457763672
2011-05-02,60.119998931884766,52.508338928222656
2011-05-03,58.220001220703125,50.84891128540039
2011-05-04,58.34000015258789,50.95370864868164
2011-05-05,56.11000061035156,49.00605010986328
2011-05-06,56.09000015258789,48.98857116699219
2011-05-09,57.209999084472656,49.96677780151367
2011-05-10,56.7599983215332,49.57374572753906
2011-05-11,54.90999984741211,47.95796585083008
2011-05-12,54.650001525878906,47.73088836669922
2011-05-13,54.209999084472656,47.34660339355469
2011-05-16,54.470001220703125,47.57367706298828
2011-05-17,55.0099983215332,48.04531478881836
2011-05-18,55.38999938964844,48.377201080322266
2011-05-19,55.599998474121094,48.56061553955078
2011-05-20,55.7599983215332,48.700355529785156
2011-05-23,55.34000015258789,48.333534240722656
2011-05-24,56.61000061035156,49.44274139404297
2011-05-25,57.08000183105469,49.853233337402344
2011-05-26,57.099998474121094,49.87069320678711
2011-05-27,57.91999816894531,50.586883544921875
2011-05-31,58.150001525878906,50.78776168823242
2011-06-01,57.06999969482422,49.8444938659668
2011-06-02,56.61000061035156,49.44274139404297
2011-06-03,56.4900016784668,49.33793258666992
2011-06-06,54.81999969482422,47.87936782836914
2011-06-07,54.66999816894531,47.748355865478516
2011-06-08,53.43000030517578,46.66535186767578
2011-06-09,54.369998931884766,47.486331939697266
2011-06-10,53.400001525878906,46.6391487121582
2011-06-13,52.52000045776367,45.87056350708008
2011-06-14,53.38999938964844,46.63041687011719
2011-06-15,53.060001373291016,46.34219741821289
2011-06-16,51.779998779296875,45.2242546081543
2011-06-17,51.970001220703125,45.39019775390625
2011-06-20,52.25,45.6347541809082
2011-06-21,54.0099983215332,47.17192077636719
2011-06-22,54.65999984741211,47.73961639404297
2011-06-23,54.0099983215332,47.17192077636719
2011-06-24,52.58000183105469,45.922977447509766
2011-06-27,52.52000045776367,45.87056350708008
2011-06-28,53.15999984741211,46.42953872680664
2011-06-29,54.369998931884766,47.486331939697266
2011-06-30,54.59000015258789,47.678489685058594
2011-07-01,53.7400016784668,46.93611145019531
2011-07-05,55.41999816894531,48.40339279174805
2011-07-06,56.130001068115234,49.02350616455078
2011-07-07,56.25,49.128318786621094
2011-07-08,56.290000915527344,49.16324996948242
2011-07-11,55.619998931884766,48.57807540893555
2011-07-12,57.369998931884766,50.10651397705078
2011-07-13,59.27000045776367,51.76595687866211
2011-07-14,58.779998779296875,51.3380012512207
2011-07-15,59.720001220703125,52.15898513793945
2011-07-18,60.58000183105469,52.91010284423828
2011-07-19,59.68000030517578,52.12405776977539
2011-07-20,60.349998474121094,52.709228515625
2011-07-21,60.04999923706055,52.447208404541016
2011-07-22,60.7599983215332,53.06732177734375
2011-07-25,60.279998779296875,52.64808654785156
2011-07-26,60.290000915527344,52.656822204589844
2011-07-27,58.47999954223633,51.075984954833984
2011-07-28,58.130001068115234,50.77029800415039
2011-07-29,56.88999938964844,49.68729019165039
2011-08-01,57.36000061035156,50.0977783203125
2011-08-02,58.45000076293945,51.049781799316406
2011-08-03,59.20000076293945,51.70482635498047
2011-08-04,55.900001525878906,48.822635650634766
2011-08-05,55.41999816894531,48.40339279174805
2011-08-08,55.439998626708984,48.420867919921875
2011-08-09,57.70000076293945,50.39474105834961
2011-08-10,59.29999923706055,51.79216384887695
2011-08-11,59.849998474121094,52.27253341674805
2011-08-12,59.220001220703125,51.722293853759766
2011-08-15,60.900001525878906,53.1895866394043
2011-08-16,60.279998779296875,52.64808654785156
2011-08-17,60.7400016784668,53.04985427856445
2011-08-18,59.7599983215332,52.193931579589844
2011-08-19,61.2599983215332,53.5040168762207
2011-08-22,63.70000076293945,55.635093688964844
2011-08-23,61.4900016784668,53.704891204833984
2011-08-24,59.959999084472656,52.36860275268555
2011-08-25,61.06999969482422,53.33806228637695
2011-08-26,62.47999954223633,54.56955337524414
2011-08-29,61.95000076293945,54.10665512084961
2011-08-30,63.0,55.023719787597656
2011-08-31,62.79999923706055,54.849037170410156
2011-09-01,63.380001068115234,55.3556022644043
2011-09-02,64.91000366210938,56.6919059753418
2011-09-06,65.33999633789062,57.06745529174805
2011-09-07,65.43000030517578,57.146060943603516
2011-09-08,66.62999725341797,58.19411849975586
2011-09-09,65.80000305175781,57.46922302246094
2011-09-12,63.900001525878906,55.80976867675781
2011-09-13,64.38999938964844,56.237728118896484
2011-09-14,63.16999816894531,55.17219161987305
2011-09-15,62.79999923706055,54.849037170410156
2011-09-16,64.11000061035156,55.99318313598633
2011-09-19,63.47999954223633,55.44294738769531
2011-09-20,65.62999725341797,57.320735931396484
2011-09-21,64.27999877929688,56.14165115356445
2011-09-22,59.29999923706055,51.79216384887695
2011-09-23,56.40999984741211,49.26806640625
2011-09-26,57.34000015258789,50.0803108215332
2011-09-27,57.06999969482422,49.8444938659668
2011-09-28,54.540000915527344,47.63481521606445
2011-09-29,55.029998779296875,48.06277847290039
2011-09-30,55.189998626708984,48.20252227783203
2011-10-03,54.45000076293945,47.55621337890625
2011-10-04,52.5,45.85309982299805
2011-10-05,54.88999938964844,47.94050216674805
2011-10-06,56.27000045776367,49.145790100097656
2011-10-07,54.880001068115234,47.931766510009766
2011-10-10,56.84000015258789,49.643619537353516
2011-10-11,56.90999984741211,49.70475387573242
2011-10-12,57.38999938964844,50.12398147583008
2011-10-13,56.279998779296875,49.15452194213867
2011-10-14,57.959999084472656,50.62181854248047
2011-10-17,56.59000015258789,49.42526626586914
2011-10-18,56.970001220703125,49.75716018676758
2011-10-19,53.54999923706055,46.77015686035156
2011-10-20,53.130001068115234,46.4033317565918
2011-10-21,53.97999954223633,47.14570999145508
2011-10-24,56.029998779296875,48.9361686706543
2011-10-25,57.45000076293945,50.176395416259766
2011-10-26,57.970001220703125,50.630550384521484
2011-10-27,59.11000061035156,51.626224517822266
2011-10-28,60.47999954223633,52.82276916503906
2011-10-31,58.83000183105469,51.38166809082031
2011-11-01,58.5099983215332,51.10219192504883
2011-11-02,59.959999084472656,52.36860275268555
2011-11-03,61.83000183105469,54.00185012817383
2011-11-04,61.29999923706055,53.53894805908203
2011-11-07,63.29999923706055,55.28573989868164
2011-11-08,62.5,54.58702087402344
2011-11-09,60.689998626708984,53.00617980957031
2011-11-10,60.16999816894531,52.55200958251953
2011-11-11,62.310001373291016,54.421077728271484
2011-11-14,61.16999816894531,53.4254035949707
2011-11-15,61.33000183105469,53.56515121459961
2011-11-16,60.310001373291016,52.674293518066406
2011-11-17,57.869998931884766,50.543212890625
2011-11-18,57.060001373291016,49.83576965332031
2011-11-21,56.20000076293945,49.084651947021484
2011-11-22,57.040000915527344,49.81829833984375
2011-11-23,55.4900016784668,48.464542388916016
2011-11-25,54.790000915527344,47.85316848754883
2011-11-28,56.20000076293945,49.084651947021484
2011-11-29,56.459999084472656,49.311737060546875
2011-11-30,60.40999984741211,52.761627197265625
2011-12-01,60.29999923706055,52.665550231933594
2011-12-02,58.25,50.87510299682617
2011-12-05,57.86000061035156,50.53447723388672
2011-12-06,59.02000045776367,51.547611236572266
2011-12-07,58.959999084472656,51.49519729614258
2011-12-08,57.2599983215332,50.01044464111328
2011-12-09,57.83000183105469,50.508277893066406
2011-12-12,55.79999923706055,48.735294342041016
2011-12-13,54.040000915527344,47.198123931884766
2011-12-14,52.380001068115234,45.748291015625
2011-12-15,51.68000030517578,45.13691329956055
2011-12-16,52.68000030517578,46.01030731201172
2011-12-19,51.16999816894531,44.69147872924805
2011-12-20,52.9900016784668,46.281063079833984
2011-12-21,52.959999084472656,46.25485610961914
2011-12-22,52.400001525878906,45.76576232910156
2011-12-23,52.790000915527344,46.23874282836914
2011-12-27,51.869998931884766,45.432918548583984
2011-12-28,50.060001373291016,43.847530364990234
2011-12-29,51.20000076293945,44.84606170654297
2011-12-30,51.43000030517578,45.047515869140625
2012-01-03,53.79999923706055,47.12339401245117
2012-01-04,53.7400016784668,47.07085418701172
2012-01-05,53.900001525878906,47.21099853515625
2012-01-06,53.349998474121094,46.729248046875
2012-01-09,53.650001525878906,46.99201202392578
2012-01-10,54.470001220703125,47.71025466918945
2012-01-11,54.310001373291016,47.57011413574219
2012-01-12,54.720001220703125,47.92922592163086
2012-01-13,54.04999923706055,47.34237289428711
2012-01-17,53.18000030517578,46.58034133911133
2012-01-18,53.2400016784668,46.63290023803711
2012-01-19,52.150001525878906,45.678165435791016
2012-01-20,52.18000030517578,45.70443344116211
2012-01-23,53.0099983215332,46.43144607543945
2012-01-24,51.81999969482422,45.38911819458008
2012-01-25,55.22999954223633,48.37593460083008
2012-01-26,55.7599983215332,48.84016036987305
2012-01-27,57.13999938964844,50.04890823364258
2012-01-30,56.459999084472656,49.45329284667969
2012-01-31,56.459999084472656,49.45329284667969
2012-02-01,56.560001373291016,49.54088592529297
2012-02-02,57.470001220703125,50.33795166015625
2012-02-03,56.439998626708984,49.43577575683594
2012-02-06,56.18000030517578,49.208038330078125
2012-02-07,55.880001068115234,48.94527053833008
2012-02-08,55.540000915527344,48.647464752197266
2012-02-09,55.25,48.393455505371094
2012-02-10,54.4900016784668,47.7277717590332
2012-02-13,54.29999923706055,47.56135177612305
2012-02-14,53.77000045776367,47.09712600708008
2012-02-15,53.560001373291016,46.91318130493164
2012-02-16,54.95000076293945,48.13068389892578
2012-02-17,54.150001525878906,47.429962158203125
2012-02-21,55.81999969482422,48.89271545410156
2012-02-22,56.83000183105469,49.777374267578125
2012-02-23,57.2599983215332,50.154014587402344
2012-02-24,56.459999084472656,49.45329284667969
2012-02-27,56.060001373291016,49.10293960571289
2012-02-28,57.33000183105469,50.21533203125
2012-02-29,55.400001525878906,48.52484130859375
2012-03-01,55.88999938964844,48.95402908325195
2012-03-02,54.790000915527344,47.99053955078125
2012-03-05,53.619998931884766,46.965736389160156
2012-03-06,52.470001220703125,45.95846176147461
2012-03-07,52.66999816894531,46.133636474609375
2012-03-08,53.31999969482422,46.70296859741211
2012-03-09,53.2400016784668,46.63290023803711
2012-03-12,52.369998931884766,45.8708610534668
2012-03-13,52.11000061035156,45.643131256103516
2012-03-14,50.119998931884766,43.900089263916016
2012-03-15,50.13999938964844,43.9176025390625
2012-03-16,49.93000030517578,43.73366928100586
2012-03-19,49.599998474121094,43.44462585449219
2012-03-20,49.86000061035156,43.67235565185547
2012-03-21,49.7599983215332,43.58476257324219
2012-03-22,48.75,42.700103759765625
2012-03-23,49.7599983215332,43.58476257324219
2012-03-26,50.630001068115234,44.346805572509766
2012-03-27,49.90999984741211,43.716156005859375
2012-03-28,48.93000030517578,42.8577766418457
2012-03-29,49.060001373291016,42.97164535522461
2012-03-30,49.540000915527344,43.39207458496094
2012-04-02,50.38999938964844,44.13658142089844
2012-04-03,48.75,42.700103759765625
2012-04-04,46.709999084472656,40.913265228271484
2012-04-05,46.20000076293945,40.46656799316406
2012-04-09,46.47999954223633,40.711814880371094
2012-04-10,47.040000915527344,41.20232391357422
2012-04-11,46.4900016784668,40.7205696105957
2012-04-12,48.150001525878906,42.17457580566406
2012-04-13,47.5,41.605228424072266
2012-04-16,46.63999938964844,40.851951599121094
2012-04-17,47.11000061035156,41.26362991333008
2012-04-18,46.630001068115234,40.843204498291016
2012-04-19,46.61000061035156,40.825687408447266
2012-04-20,46.119998931884766,40.3964958190918
2012-04-23,45.040000915527344,39.450523376464844
2012-04-24,45.13999938964844,39.53810501098633
2012-04-25,46.290000915527344,40.54539489746094
2012-04-26,46.25,40.5103645324707
2012-04-27,46.79999923706055,40.99210739135742
2012-04-30,46.38999938964844,40.63298416137695
2012-05-01,46.439998626708984,40.67677307128906
2012-05-02,45.65999984741211,39.99357986450195
2012-05-03,43.880001068115234,38.434471130371094
2012-05-04,44.04999923706055,38.583377838134766
2012-05-07,43.66999816894531,38.25053787231445
2012-05-08,42.16999816894531,36.936683654785156
2012-05-09,43.02000045776367,37.68120193481445
2012-05-10,43.09000015258789,37.742515563964844
2012-05-11,42.41999816894531,37.15565872192383
2012-05-14,40.970001220703125,35.88561248779297
2012-05-15,39.34000015258789,34.457889556884766
2012-05-16,39.560001373291016,34.65059280395508
2012-05-17,41.34000015258789,36.209693908691406
2012-05-18,41.619998931884766,36.45493698120117
2012-05-21,43.0099983215332,37.67243957519531
2012-05-22,42.540000915527344,37.260772705078125
2012-05-23,44.439998626708984,38.92497634887695
2012-05-24,44.630001068115234,39.09140396118164
2012-05-25,44.90999984741211,39.33665084838867
2012-05-29,44.09000015258789,38.61841583251953
2012-05-30,44.2400016784668,38.74980163574219
2012-05-31,43.779998779296875,38.34688949584961
2012-06-01,46.58000183105469,40.799407958984375
2012-06-04,47.33000183105469,41.45632553100586
2012-06-05,47.529998779296875,41.631507873535156
2012-06-06,47.619998931884766,41.71034240722656
2012-06-07,45.9900016784668,40.282630920410156
2012-06-08,46.33000183105469,40.5804328918457
2012-06-11,45.65999984741211,39.99357986450195
2012-06-12,46.7599983215332,40.957069396972656
2012-06-13,46.790000915527344,40.98333740234375
2012-06-14,46.93000030517578,41.10597229003906
2012-06-15,46.91999816894531,41.09720993041992
2012-06-18,47.72999954223633,41.80669021606445
2012-06-19,47.68000030517578,41.76289367675781
2012-06-20,47.27000045776367,41.403778076171875
2012-06-21,44.81999969482422,39.2578125
2012-06-22,44.58000183105469,39.04761505126953
2012-06-25,45.15999984741211,39.55562973022461
2012-06-26,44.45000076293945,38.933738708496094
2012-06-27,44.279998779296875,38.78483200073242
2012-06-28,43.310001373291016,37.93521499633789
2012-06-29,44.77000045776367,39.21403121948242
2012-07-02,44.7599983215332,39.20526885986328
2012-07-03,46.45000076293945,40.6855354309082
2012-07-05,45.77000045776367,40.089927673339844
2012-07-06,44.43000030517578,38.91621398925781
2012-07-09,44.25,38.75856018066406
2012-07-10,42.869998931884766,37.5498161315918
2012-07-11,41.970001220703125,36.76150894165039
2012-07-12,41.709999084472656,36.53376770019531
2012-07-13,42.310001373291016,37.05931091308594
2012-07-16,42.15999984741211,36.92792892456055
2012-07-17,41.70000076293945,36.52501678466797
2012-07-18,41.119998931884766,36.01698684692383
2012-07-19,41.59000015258789,36.42866897583008
2012-07-20,41.720001220703125,36.54253387451172
2012-07-23,40.70000076293945,35.649112701416016
2012-07-24,40.720001220703125,35.6666374206543
2012-07-25,41.959999084472656,36.752742767333984
2012-07-26,42.83000183105469,37.51478958129883
2012-07-27,43.130001068115234,37.77755355834961
2012-07-30,43.720001220703125,38.294334411621094
2012-07-31,42.83000183105469,37.51478958129883
2012-08-01,42.25,37.00675964355469
2012-08-02,42.040000915527344,36.82282257080078
2012-08-03,42.86000061035156,37.54105758666992
2012-08-06,43.72999954223633,38.30309295654297
2012-08-07,44.22999954223633,38.741050720214844
2012-08-08,43.9900016784668,38.53083038330078
2012-08-09,44.560001373291016,39.030086517333984
2012-08-10,44.849998474121094,39.28409957885742
2012-08-13,44.2400016784668,38.74980163574219
2012-08-14,43.93000030517578,38.478271484375
2012-08-15,44.150001525878906,38.67097091674805
2012-08-16,45.650001525878906,39.984825134277344
2012-08-17,45.34000015258789,39.71329116821289
2012-08-20,45.619998931884766,39.95853805541992
2012-08-21,46.380001068115234,40.62423324584961
2012-08-22,47.5,41.605228424072266
2012-08-23,47.41999816894531,41.535160064697266
2012-08-24,47.56999969482422,41.66654968261719
2012-08-27,46.900001525878906,41.07969284057617
2012-08-28,46.849998474121094,41.0359001159668
2012-08-29,46.38999938964844,40.63298416137695
2012-08-30,46.02000045776367,40.30889892578125
2012-08-31,47.939998626708984,41.990631103515625
2012-09-04,47.77000045776367,41.84172821044922
2012-09-05,47.93000030517578,41.98187255859375
2012-09-06,49.130001068115234,43.0329475402832
2012-09-07,50.459999084472656,44.19789505004883
2012-09-10,49.47999954223633,43.339515686035156
2012-09-11,49.810001373291016,43.628562927246094
2012-09-12,50.0099983215332,43.803741455078125
2012-09-13,52.52000045776367,46.002254486083984
2012-09-14,53.86000061035156,47.17595291137695
2012-09-17,53.88999938964844,47.202232360839844
2012-09-18,54.31999969482422,47.5788688659668
2012-09-19,54.790000915527344,47.99053955078125
2012-09-20,54.36000061035156,47.6139030456543
2012-09-21,54.810001373291016,48.00806427001953
2012-09-24,52.959999084472656,46.38764953613281
2012-09-25,52.16999816894531,45.69568634033203
2012-09-26,52.400001525878906,45.89713668823242
2012-09-27,53.88999938964844,47.202232360839844
2012-09-28,53.689998626708984,47.02705383300781
2012-10-01,53.93000030517578,47.23727035522461
2012-10-02,53.59000015258789,46.939456939697266
2012-10-03,52.720001220703125,46.177425384521484
2012-10-04,54.25,47.51755905151367
2012-10-05,53.650001525878906,46.99201202392578
2012-10-08,53.22999954223633,46.624141693115234
2012-10-09,52.08000183105469,45.616859436035156
2012-10-10,52.47999954223633,45.96721267700195
2012-10-11,52.4900016784668,45.975975036621094
2012-10-12,51.65999984741211,45.24897384643555
2012-10-15,51.63999938964844,45.2314567565918
2012-10-16,52.66999816894531,46.133636474609375
2012-10-17,53.11000061035156,46.51902389526367
2012-10-18,51.52000045776367,45.12635040283203
2012-10-19,51.72999954223633,45.31028747558594
2012-10-22,52.43000030517578,45.92341613769531
2012-10-23,50.959999084472656,44.635841369628906
2012-10-24,50.060001373291016,43.847530364990234
2012-10-25,51.59000015258789,45.18766403198242
2012-10-26,51.2400016784668,44.881099700927734
2012-10-31,52.900001525878906,46.3350944519043
2012-11-01,52.0099983215332,45.5555419921875
2012-11-02,49.7599983215332,43.58476257324219
2012-11-05,49.38999938964844,43.26068115234375
2012-11-06,50.34000015258789,44.09279251098633
2012-11-07,51.06999969482422,44.7321891784668
2012-11-08,51.40999984741211,45.029998779296875
2012-11-09,50.66999816894531,44.3818359375
2012-11-12,50.040000915527344,43.83001708984375
2012-11-13,49.47999954223633,43.339515686035156
2012-11-14,47.220001220703125,41.359981536865234
2012-11-15,45.970001220703125,40.26511001586914
2012-11-16,46.470001220703125,40.70305252075195
2012-11-19,47.77000045776367,41.84172821044922
2012-11-20,47.36000061035156,41.48260498046875
2012-11-21,48.08000183105469,42.11325454711914
2012-11-23,48.7400016784668,42.69134521484375
2012-11-26,48.75,42.700103759765625
2012-11-27,47.459999084472656,41.5701904296875
2012-11-28,47.900001525878906,41.95559310913086
2012-11-29,48.040000915527344,42.078224182128906
2012-11-30,47.54999923706055,41.649024963378906
2012-12-03,46.47999954223633,40.711814880371094
2012-12-04,46.650001525878906,40.860713958740234
2012-12-05,45.349998474121094,39.722042083740234
2012-12-06,45.54999923706055,39.89722442626953
2012-12-07,45.93000030517578,40.23006820678711
2012-12-10,46.52000045776367,40.74685287475586
2012-12-11,46.279998779296875,40.5366325378418
2012-12-12,47.630001068115234,41.7191047668457
2012-12-13,46.34000015258789,40.589195251464844
2012-12-14,46.47999954223633,40.711814880371094
2012-12-17,46.5099983215332,40.73809051513672
2012-12-18,45.75,40.0723991394043
2012-12-19,45.36000061035156,39.73080825805664
2012-12-20,45.06999969482422,39.47679901123047
2012-12-21,45.18000030517578,39.573143005371094
2012-12-24,44.849998474121094,39.689964294433594
2012-12-26,45.150001525878906,39.955448150634766
2012-12-27,45.439998626708984,40.21207046508789
2012-12-28,44.93000030517578,39.76076126098633
2012-12-31,46.38999938964844,41.05278015136719
2013-01-02,47.099998474121094,41.681087493896484
2013-01-03,45.13999938964844,39.946590423583984
2013-01-04,45.33000183105469,40.11472702026367
2013-01-07,44.47999954223633,39.362525939941406
2013-01-08,44.650001525878906,39.51297378540039
2013-01-09,44.36000061035156,39.25632858276367
2013-01-10,45.40999984741211,40.18552780151367
2013-01-11,45.400001525878906,40.17668151855469
2013-01-14,45.22999954223633,40.0262451171875
2013-01-15,45.59000015258789,40.344825744628906
2013-01-16,45.209999084472656,40.00853729248047
2013-01-17,45.0,39.82270431518555
2013-01-18,45.11000061035156,39.920047760009766
2013-01-22,45.81999969482422,40.548362731933594
2013-01-23,44.560001373291016,39.43332290649414
2013-01-24,43.22999954223633,38.256343841552734
2013-01-25,41.91999816894531,37.09706115722656
2013-01-28,41.47999954223633,36.707679748535156
2013-01-29,42.25,37.38908767700195
2013-01-30,41.959999084472656,37.13245391845703
2013-01-31,41.619998931884766,36.83156967163086
2013-02-01,42.220001220703125,37.362545013427734
2013-02-04,42.34000015258789,37.46874237060547
2013-02-05,42.2599983215332,37.397945404052734
2013-02-06,42.540000915527344,37.64572525024414
2013-02-07,42.599998474121094,37.69882583618164
2013-02-08,42.31999969482422,37.45104217529297
2013-02-11,41.470001220703125,36.698829650878906
2013-02-12,41.91999816894531,37.09706115722656
2013-02-13,41.20000076293945,36.45989227294922
2013-02-14,41.36000061035156,36.60148239135742
2013-02-15,39.88999938964844,35.30061721801758
2013-02-19,39.369998931884766,34.8404426574707
2013-02-20,37.45000076293945,33.14133834838867
2013-02-21,38.119998931884766,33.734249114990234
2013-02-22,37.93000030517578,33.56611633300781
2013-02-25,38.56999969482422,34.132476806640625
2013-02-26,39.04999923706055,34.5572509765625
2013-02-27,38.2599983215332,33.8581428527832
2013-02-28,37.400001525878906,33.09709548950195
2013-03-01,37.11000061035156,32.840457916259766
2013-03-04,35.90999984741211,31.77851676940918
2013-03-05,35.93000030517578,31.796213150024414
2013-03-06,37.439998626708984,33.13248825073242
2013-03-07,36.90999984741211,32.66345977783203
2013-03-08,37.11000061035156,32.840457916259766
2013-03-11,36.959999084472656,32.70771408081055
2013-03-12,37.880001068115234,33.52186584472656
2013-03-13,36.869998931884766,32.62806701660156
2013-03-14,37.25,32.9643440246582
2013-03-15,37.34000015258789,33.04398727416992
2013-03-18,37.47999954223633,33.167884826660156
2013-03-19,37.58000183105469,33.25638198852539
2013-03-20,37.45000076293945,33.14133834838867
2013-03-21,38.43000030517578,34.00859069824219
2013-03-22,38.15999984741211,33.769649505615234
2013-03-25,37.66999816894531,33.336021423339844
2013-03-26,37.380001068115234,33.07939529418945
2013-03-27,38.0,33.62806701660156
2013-03-28,37.849998474121094,33.49531555175781
2013-04-01,37.45000076293945,33.14133834838867
2013-04-02,35.880001068115234,31.751970291137695
2013-04-03,34.25,30.309497833251953
2013-04-04,35.220001220703125,31.16790199279785
2013-04-05,35.060001373291016,31.026317596435547
2013-04-08,34.650001525878906,30.663482666015625
2013-04-09,36.029998779296875,31.88470458984375
2013-04-10,34.650001525878906,30.663482666015625
2013-04-11,34.18000030517578,30.247556686401367
2013-04-12,32.220001220703125,28.513057708740234
2013-04-15,29.020000457763672,25.68121910095215
2013-04-16,28.81999969482422,25.504226684570312
2013-04-17,27.3799991607666,24.229900360107422
2013-04-18,28.219999313354492,24.97325897216797
2013-04-19,28.59000015258789,25.300687789916992
2013-04-22,28.969999313354492,25.636972427368164
2013-04-23,28.31999969482422,25.061752319335938
2013-04-24,30.229999542236328,26.75200653076172
2013-04-25,30.579999923706055,27.061738967895508
2013-04-26,29.459999084472656,26.07059097290039
2013-04-29,29.90999984741211,26.46882438659668
2013-04-30,30.360000610351562,26.867050170898438
2013-05-01,29.649999618530273,26.238740921020508
2013-05-02,29.6299991607666,26.22103500366211
2013-05-03,29.690000534057617,26.274131774902344
2013-05-06,29.729999542236328,26.30953025817871
2013-05-07,28.850000381469727,25.53077507019043
2013-05-08,30.440000534057617,26.937843322753906
2013-05-09,29.850000381469727,26.415727615356445
2013-05-10,29.809999465942383,26.380329132080078
2013-05-13,29.030000686645508,25.6900691986084
2013-05-14,28.709999084472656,25.406883239746094
2013-05-15,27.399999618530273,24.247596740722656
2013-05-16,27.479999542236328,24.318397521972656
2013-05-17,26.3799991607666,23.344951629638672
2013-05-20,28.020000457763672,24.7962703704834
2013-05-21,27.31999969482422,24.176799774169922
2013-05-22,27.670000076293945,24.486536026000977
2013-05-23,27.8700008392334,24.663524627685547
2013-05-24,27.5,24.336095809936523
2013-05-28,27.219999313354492,24.08831024169922
2013-05-29,28.5,25.221044540405273
2013-05-30,30.059999465942383,26.601566314697266
2013-05-31,29.5,26.105993270874023
2013-06-03,30.360000610351562,26.867050170898438
2013-06-04,29.84000015258789,26.406877517700195
2013-06-05,29.93000030517578,26.48651885986328
2013-06-06,30.299999237060547,26.81395149230957
2013-06-07,28.989999771118164,25.6546688079834
2013-06-10,29.09000015258789,25.743162155151367
2013-06-11,28.1299991607666,24.893613815307617
2013-06-12,28.350000381469727,25.088300704956055
2013-06-13,28.6299991607666,25.33608627319336
2013-06-14,28.1200008392334,24.884765625
2013-06-17,28.190000534057617,24.94670867919922
2013-06-18,27.3799991607666,24.229900360107422
2013-06-19,26.510000228881836,23.45999526977539
2013-06-20,24.549999237060547,21.725494384765625
2013-06-21,24.899999618530273,22.035226821899414
2013-06-24,23.75,21.017534255981445
2013-06-25,23.65999984741211,20.937891006469727
2013-06-26,22.219999313354492,19.66356086730957
2013-06-27,22.790000915527344,20.167987823486328
2013-06-28,24.489999771118164,21.67239761352539
2013-07-01,24.889999389648438,22.02637481689453
2013-07-02,23.75,21.017534255981445
2013-07-03,24.18000030517578,21.3980655670166
2013-07-05,23.420000076293945,20.725505828857422
2013-07-08,22.899999618530273,20.265329360961914
2013-07-09,23.219999313354492,20.548511505126953
2013-07-10,23.190000534057617,20.52196502685547
2013-07-11,24.969999313354492,22.09717559814453
2013-07-12,24.3700008392334,21.566204071044922
2013-07-15,24.290000915527344,21.49541473388672
2013-07-16,25.649999618530273,22.698938369750977
2013-07-17,24.8799991607666,22.017526626586914
2013-07-18,24.780000686645508,21.929033279418945
2013-07-19,25.860000610351562,22.884777069091797
2013-07-22,27.440000534057617,24.282997131347656
2013-07-23,28.350000381469727,25.088300704956055
2013-07-24,26.950000762939453,23.84937858581543
2013-07-25,27.209999084472656,24.079458236694336
2013-07-26,27.579999923706055,24.406892776489258
2013-07-29,27.229999542236328,24.097158432006836
2013-07-30,27.059999465942383,23.94671630859375
2013-07-31,26.989999771118164,23.88477325439453
2013-08-01,26.170000076293945,23.15911293029785
2013-08-02,25.59000015258789,22.64583969116211
2013-08-05,25.43000030517578,22.50425148010254
2013-08-06,24.030000686645508,21.265321731567383
2013-08-07,23.940000534057617,21.185680389404297
2013-08-08,26.0,23.00867462158203
2013-08-09,26.469999313354492,23.424598693847656
2013-08-12,28.010000228881836,24.78742027282715
2013-08-13,27.190000534057617,24.0617618560791
2013-08-14,28.700000762939453,25.398035049438477
2013-08-15,30.43000030517578,26.928997039794922
2013-08-16,29.790000915527344,26.362628936767578
2013-08-19,29.229999542236328,25.867055892944336
2013-08-20,30.329999923706055,26.84050178527832
2013-08-21,28.93000030517578,25.60157585144043
2013-08-22,29.3700008392334,25.99095344543457
2013-08-23,30.139999389648438,26.672359466552734
2013-08-26,30.40999984741211,26.911296844482422
2013-08-27,29.100000381469727,25.75201416015625
2013-08-28,28.299999237060547,25.044057846069336
2013-08-29,28.540000915527344,25.256444931030273
2013-08-30,28.1299991607666,24.893613815307617
2013-09-03,28.399999618530273,25.13254737854004
2013-09-04,28.579999923706055,25.291841506958008
2013-09-05,27.530000686645508,24.362642288208008
2013-09-06,28.010000228881836,24.78742027282715
2013-09-09,27.649999618530273,24.46883773803711
2013-09-10,26.56999969482422,23.513092041015625
2013-09-11,26.790000915527344,23.707780838012695
2013-09-12,25.290000915527344,22.380361557006836
2013-09-13,25.6299991607666,22.681238174438477
2013-09-16,25.389999389648438,22.46885108947754
2013-09-17,25.93000030517578,22.94672393798828
2013-09-18,28.25,24.999805450439453
2013-09-19,27.360000610351562,24.212202072143555
2013-09-20,25.760000228881836,22.796283721923828
2013-09-23,25.170000076293945,22.2741641998291
2013-09-24,25.079999923706055,22.19451904296875
2013-09-25,25.520000457763672,22.583900451660156
2013-09-26,25.110000610351562,22.221067428588867
2013-09-27,25.170000076293945,22.2741641998291
2013-09-30,25.020000457763672,22.141420364379883
2013-10-01,24.40999984741211,21.60160255432129
2013-10-02,24.489999771118164,21.67239761352539
2013-10-03,24.260000228881836,21.4688663482666
2013-10-04,24.190000534057617,21.40691375732422
2013-10-07,24.59000015258789,21.760894775390625
2013-10-08,23.81999969482422,21.079483032226562
2013-10-09,23.920000076293945,21.16797637939453
2013-10-10,23.559999465942383,20.849395751953125
2013-10-11,23.049999237060547,20.3980712890625
2013-10-14,23.110000610351562,20.451169967651367
2013-10-15,23.760000228881836,21.026382446289062
2013-10-16,23.280000686645508,20.60161018371582
2013-10-17,24.5,21.68125343322754
2013-10-18,24.3799991607666,21.57505226135254
2013-10-21,24.93000030517578,22.061779022216797
2013-10-22,26.020000457763672,23.026376724243164
2013-10-23,25.18000030517578,22.28301429748535
2013-10-24,26.1299991607666,23.123714447021484
2013-10-25,26.31999969482422,23.291854858398438
2013-10-28,26.540000915527344,23.486543655395508
2013-10-29,25.780000686645508,22.813982009887695
2013-10-30,26.229999542236328,23.212209701538086
2013-10-31,25.100000381469727,22.212217330932617
2013-11-01,24.079999923706055,21.309572219848633
2013-11-04,24.809999465942383,21.955583572387695
2013-11-05,24.489999771118164,21.67239761352539
2013-11-06,24.790000915527344,21.93788719177246
2013-11-07,24.139999389648438,21.362667083740234
2013-11-08,24.280000686645508,21.486562728881836
2013-11-11,24.299999237060547,21.504255294799805
2013-11-12,23.780000686645508,21.04408836364746
2013-11-13,23.90999984741211,21.159128189086914
2013-11-14,24.549999237060547,21.725494384765625
2013-11-15,24.1299991607666,21.35381317138672
2013-11-18,23.670000076293945,20.94674301147461
2013-11-19,23.690000534057617,20.964439392089844
2013-11-20,22.850000381469727,20.221084594726562
2013-11-21,22.530000686645508,19.93790054321289
2013-11-22,22.25,19.69011688232422
2013-11-25,22.200000762939453,19.645864486694336
2013-11-26,21.65999984741211,19.16799545288086
2013-11-27,21.809999465942383,19.300737380981445
2013-11-29,22.280000686645508,19.71666145324707
2013-12-02,20.899999618530273,18.495433807373047
2013-12-03,20.56999969482422,18.203401565551758
2013-12-04,21.219999313354492,18.778614044189453
2013-12-05,20.670000076293945,18.291894912719727
2013-12-06,20.65999984741211,18.28304100036621
2013-12-09,21.209999084472656,18.769763946533203
2013-12-10,22.030000686645508,19.495424270629883
2013-12-11,21.190000534057617,18.752071380615234
2013-12-12,21.010000228881836,18.592777252197266
2013-12-13,21.110000610351562,18.681272506713867
2013-12-16,21.3799991607666,18.920207977294922
2013-12-17,21.190000534057617,18.752071380615234
2013-12-18,20.860000610351562,18.46003532409668
2013-12-19,20.5,18.14145278930664
2013-12-20,20.530000686645508,18.167999267578125
2013-12-23,20.389999389648438,18.213552474975586
2013-12-24,21.030000686645508,18.78524398803711
2013-12-26,21.049999237060547,18.8031063079834
2013-12-27,21.25,18.981760025024414
2013-12-30,20.639999389648438,18.436870574951172
2013-12-31,21.1299991607666,18.874570846557617
2014-01-02,22.030000686645508,19.678504943847656
2014-01-03,21.829999923706055,19.499849319458008
2014-01-06,21.93000030517578,19.589176177978516
2014-01-07,21.969999313354492,19.62490463256836
2014-01-08,21.610000610351562,19.30333709716797
2014-01-09,21.270000457763672,18.999624252319336
2014-01-10,22.010000228881836,19.66063690185547
2014-01-13,22.649999618530273,20.232322692871094
2014-01-14,22.100000381469727,19.741031646728516
2014-01-15,22.389999389648438,20.00007438659668
2014-01-16,22.6200008392334,20.20552635192871
2014-01-17,23.329999923706055,20.83974266052246
2014-01-21,23.700000762939453,21.170246124267578
2014-01-22,23.09000015258789,20.62535858154297
2014-01-23,23.719999313354492,21.188108444213867
2014-01-24,23.670000076293945,21.143449783325195
2014-01-27,22.889999389648438,20.44670295715332
2014-01-28,23.399999618530273,20.90226936340332
2014-01-29,24.010000228881836,21.44715690612793
2014-01-30,23.489999771118164,20.9826602935791
2014-01-31,23.479999542236328,20.97372817993164
2014-02-03,23.299999237060547,20.81294059753418
2014-02-04,23.59000015258789,21.071989059448242
2014-02-05,23.209999084472656,20.7325496673584
2014-02-06,23.190000534057617,20.714685440063477
2014-02-07,23.90999984741211,21.35782814025879
2014-02-10,24.700000762939453,22.063505172729492
2014-02-11,25.649999618530273,22.912099838256836
2014-02-12,24.770000457763672,22.126035690307617
2014-02-13,25.8700008392334,23.108619689941406
2014-02-14,26.350000381469727,23.537382125854492
2014-02-18,26.459999084472656,23.635644912719727
2014-02-19,25.6299991607666,22.89423370361328
2014-02-20,26.670000076293945,23.823225021362305
2014-02-21,26.530000686645508,23.698171615600586
2014-02-24,26.700000762939453,23.850025177001953
2014-02-25,26.329999923706055,23.51951789855957
2014-02-26,26.049999237060547,23.26940155029297
2014-02-27,25.969999313354492,23.19794464111328
2014-02-28,25.8799991607666,23.117549896240234
2014-03-03,26.299999237060547,23.492717742919922
2014-03-04,26.100000381469727,23.31406593322754
2014-03-05,26.5,23.671371459960938
2014-03-06,26.790000915527344,23.930416107177734
2014-03-07,26.18000030517578,23.385528564453125
2014-03-10,25.969999313354492,23.19794464111328
2014-03-11,26.1299991607666,23.340864181518555
2014-03-12,26.920000076293945,24.046541213989258
2014-03-13,27.6299991607666,24.680753707885742
2014-03-14,27.729999542236328,24.77008056640625
2014-03-17,26.799999237060547,23.939348220825195
2014-03-18,26.43000030517578,23.608840942382812
2014-03-19,25.440000534057617,22.724517822265625
2014-03-20,25.469999313354492,22.751312255859375
2014-03-21,25.520000457763672,22.795978546142578
2014-03-24,24.329999923706055,21.733001708984375
2014-03-25,24.479999542236328,21.86699104309082
2014-03-26,23.489999771118164,20.9826602935791
2014-03-27,23.81999969482422,21.277437210083008
2014-03-28,24.100000381469727,21.527551651000977
2014-03-31,23.610000610351562,21.089853286743164
2014-04-01,23.690000534057617,21.161314010620117
2014-04-02,24.31999969482422,21.72406768798828
2014-04-03,24.06999969482422,21.500751495361328
2014-04-04,24.260000228881836,21.670475006103516
2014-04-07,24.260000228881836,21.670475006103516
2014-04-08,24.8799991607666,22.224288940429688
2014-04-09,25.06999969482422,22.394010543823242
2014-04-10,24.56999969482422,21.94738006591797
2014-04-11,24.219999313354492,21.63473892211914
2014-04-14,24.520000457763672,21.902721405029297
2014-04-15,24.020000457763672,21.456092834472656
2014-04-16,23.799999237060547,21.259572982788086
2014-04-17,23.56999969482422,21.054122924804688
2014-04-21,23.510000228881836,21.000526428222656
2014-04-22,23.790000915527344,21.25064468383789
2014-04-23,24.270000457763672,21.679407119750977
2014-04-24,23.940000534057617,21.384632110595703
2014-04-25,24.459999084472656,21.849123001098633
2014-04-28,23.989999771118164,21.429292678833008
2014-04-29,24.309999465942383,21.715133666992188
2014-04-30,24.110000610351562,21.536481857299805
2014-05-01,23.790000915527344,21.25064468383789
2014-05-02,24.31999969482422,21.72406768798828
2014-05-05,24.40999984741211,21.804458618164062
2014-05-06,24.280000686645508,21.688339233398438
2014-05-07,23.809999465942383,21.268505096435547
2014-05-08,23.770000457763672,21.23277473449707
2014-05-09,23.729999542236328,21.19704246520996
2014-05-12,23.93000030517578,21.375696182250977
2014-05-13,23.75,21.214906692504883
2014-05-14,24.010000228881836,21.44715690612793
2014-05-15,23.6200008392334,21.098785400390625
2014-05-16,23.420000076293945,20.920133590698242
2014-05-19,23.40999984741211,20.91119956970215
2014-05-20,23.389999389648438,20.893335342407227
2014-05-21,23.450000762939453,20.946931838989258
2014-05-22,23.389999389648438,20.893335342407227
2014-05-23,23.309999465942383,20.82187271118164
2014-05-27,22.40999984741211,20.01793670654297
2014-05-28,22.040000915527344,19.68743896484375
2014-05-29,22.239999771118164,19.866086959838867
2014-05-30,22.5,20.09833526611328
2014-06-02,22.290000915527344,19.910751342773438
2014-06-03,22.3700008392334,19.98221206665039
2014-06-04,22.280000686645508,19.901819229125977
2014-06-05,22.649999618530273,20.232322692871094
2014-06-06,22.639999389648438,20.223390579223633
2014-06-09,22.549999237060547,20.142995834350586
2014-06-10,23.030000686645508,20.571758270263672
2014-06-11,23.40999984741211,20.91119956970215
2014-06-12,24.030000686645508,21.46502113342285
2014-06-13,24.110000610351562,21.536481857299805
2014-06-16,23.979999542236328,21.420358657836914
2014-06-17,24.1200008392334,21.5454158782959
2014-06-18,24.760000228881836,22.11709976196289
2014-06-19,26.09000015258789,23.305133819580078
2014-06-20,25.81999969482422,23.06395721435547
2014-06-23,26.270000457763672,23.465925216674805
2014-06-24,25.469999313354492,22.751312255859375
2014-06-25,25.760000228881836,23.010358810424805
2014-06-26,25.950000762939453,23.180082321166992
2014-06-27,25.979999542236328,23.206876754760742
2014-06-30,26.450000762939453,23.626712799072266
2014-07-01,26.239999771118164,23.43912696838379
2014-07-02,26.479999542236328,23.65351104736328
2014-07-03,26.5,23.671371459960938
2014-07-07,26.040000915527344,23.260475158691406
2014-07-08,26.459999084472656,23.635644912719727
2014-07-09,27.149999618530273,24.251991271972656
2014-07-10,26.610000610351562,23.769630432128906
2014-07-11,27.31999969482422,24.403841018676758
2014-07-14,26.600000381469727,23.760696411132812
2014-07-15,25.780000686645508,23.028226852416992
2014-07-16,26.280000686645508,23.4748592376709
2014-07-17,26.989999771118164,24.10906982421875
2014-07-18,26.940000534057617,24.06440544128418
2014-07-21,26.899999618530273,24.028675079345703
2014-07-22,26.59000015258789,23.75176239013672
2014-07-23,26.489999771118164,23.66244125366211
2014-07-24,26.079999923706055,23.29620361328125
2014-07-25,26.81999969482422,23.957212448120117
2014-07-28,26.989999771118164,24.10906982421875
2014-07-29,26.760000228881836,23.90361976623535
2014-07-30,26.469999313354492,23.644575119018555
2014-07-31,25.90999984741211,23.14434814453125
2014-08-01,26.200000762939453,23.40339469909668
2014-08-04,25.950000762939453,23.180082321166992
2014-08-05,26.100000381469727,23.31406593322754
2014-08-06,26.690000534057617,23.841094970703125
2014-08-07,26.760000228881836,23.90361976623535
2014-08-08,26.780000686645508,23.921483993530273
2014-08-11,26.969999313354492,24.091205596923828
2014-08-12,27.43000030517578,24.502103805541992
2014-08-13,27.399999618530273,24.475303649902344
2014-08-14,27.1299991607666,24.234127044677734
2014-08-15,26.81999969482422,23.957212448120117
2014-08-18,26.989999771118164,24.10906982421875
2014-08-19,26.690000534057617,23.841094970703125
2014-08-20,26.65999984741211,23.814292907714844
2014-08-21,26.06999969482422,23.287269592285156
2014-08-22,26.100000381469727,23.31406593322754
2014-08-25,25.6200008392334,22.885305404663086
2014-08-26,26.190000534057617,23.394460678100586
2014-08-27,26.110000610351562,23.3230037689209
2014-08-28,26.459999084472656,23.635644912719727
2014-08-29,26.690000534057617,23.841094970703125
2014-09-02,25.809999465942383,23.055021286010742
2014-09-03,25.780000686645508,23.028226852416992
2014-09-04,24.8799991607666,22.224288940429688
2014-09-05,25.06999969482422,22.394010543823242
2014-09-08,24.190000534057617,21.607942581176758
2014-09-09,24.559999465942383,21.93844985961914
2014-09-10,24.100000381469727,21.527551651000977
2014-09-11,24.270000457763672,21.679407119750977
2014-09-12,23.8799991607666,21.331029891967773
2014-09-15,23.90999984741211,21.35782814025879
2014-09-16,24.0,21.438222885131836
2014-09-17,23.43000030517578,20.929065704345703
2014-09-18,23.1299991607666,20.661090850830078
2014-09-19,22.65999984741211,20.241254806518555
2014-09-22,22.18000030517578,19.812490463256836
2014-09-23,22.540000915527344,20.134063720703125
2014-09-24,22.209999084472656,19.839284896850586
2014-09-25,22.350000381469727,19.964345932006836
2014-09-26,21.979999542236328,19.633840560913086
2014-09-29,21.75,19.42839241027832
2014-09-30,21.360000610351562,19.08002471923828
2014-10-01,21.399999618530273,19.115751266479492
2014-10-02,21.6200008392334,19.312267303466797
2014-10-03,20.6299991607666,18.42793846130371
2014-10-06,21.15999984741211,18.901371002197266
2014-10-07,20.420000076293945,18.240354537963867
2014-10-08,21.940000534057617,19.59811019897461
2014-10-09,21.219999313354492,18.954957962036133
2014-10-10,20.770000457763672,18.552997589111328
2014-10-13,21.1200008392334,18.865638732910156
2014-10-14,21.3700008392334,19.088953018188477
2014-10-15,21.450000762939453,19.16041374206543
2014-10-16,21.360000610351562,19.08002471923828
2014-10-17,20.690000534057617,18.481536865234375
2014-10-20,21.200000762939453,18.93709945678711
2014-10-21,21.100000381469727,18.84777069091797
2014-10-22,20.440000534057617,18.258220672607422
2014-10-23,20.559999465942383,18.365407943725586
2014-10-24,20.469999313354492,18.28502082824707
2014-10-27,20.110000610351562,17.96344566345215
2014-10-28,20.530000686645508,18.338611602783203
2014-10-29,19.639999389648438,17.54361343383789
2014-10-30,18.200000762939453,16.257314682006836
2014-10-31,17.209999084472656,15.372992515563965
2014-11-03,17.90999984741211,15.998270034790039
2014-11-04,17.209999084472656,15.372992515563965
2014-11-05,16.59000015258789,14.819170951843262
2014-11-06,17.209999084472656,15.372992515563965
2014-11-07,18.639999389648438,16.650348663330078
2014-11-10,17.450000762939453,15.587374687194824
2014-11-11,18.219999313354492,16.275182723999023
2014-11-12,18.239999771118164,16.293048858642578
2014-11-13,17.940000534057617,16.025074005126953
2014-11-14,19.020000457763672,16.989789962768555
2014-11-17,19.389999389648438,17.32029914855957
2014-11-18,20.299999237060547,18.13316535949707
2014-11-19,19.190000534057617,17.141647338867188
2014-11-20,19.709999084472656,17.60614013671875
2014-11-21,19.8799991607666,17.757993698120117
2014-11-24,19.59000015258789,17.498952865600586
2014-11-25,20.389999389648438,18.213552474975586
2014-11-26,20.100000381469727,17.954513549804688
2014-11-28,18.360000610351562,16.400239944458008
2014-12-01,19.719999313354492,17.61507225036621
2014-12-02,19.200000762939453,17.15058135986328
2014-12-03,19.25,17.195240020751953
2014-12-04,19.200000762939453,17.15058135986328
2014-12-05,18.75,16.748615264892578
2014-12-08,18.889999389648438,16.873666763305664
2014-12-09,19.770000457763672,17.65973663330078
2014-12-10,19.209999084472656,17.15951156616211
2014-12-11,19.0,16.9719295501709
2014-12-12,18.649999618530273,16.659282684326172
2014-12-15,17.34000015258789,15.489116668701172
2014-12-16,17.100000381469727,15.274734497070312
2014-12-17,17.979999542236328,16.060800552368164
2014-12-18,18.760000228881836,16.757549285888672
2014-12-19,18.530000686645508,16.552095413208008
2014-12-22,17.459999084472656,15.698819160461426
2014-12-23,17.299999237060547,15.554957389831543
2014-12-24,17.770000457763672,15.97755241394043
2014-12-26,18.239999771118164,16.400142669677734
2014-12-29,17.81999969482422,16.022502899169922
2014-12-30,18.450000762939453,16.588956832885742
2014-12-31,18.3799991607666,16.526018142700195
2015-01-02,18.940000534057617,17.029531478881836
2015-01-05,19.440000534057617,17.47909927368164
2015-01-06,20.469999313354492,18.405202865600586
2015-01-07,20.09000015258789,18.063535690307617
2015-01-08,19.790000915527344,17.793794631958008
2015-01-09,20.709999084472656,18.62099266052246
2015-01-12,21.489999771118164,19.322315216064453
2015-01-13,20.549999237060547,18.47713279724121
2015-01-14,20.309999465942383,18.26134490966797
2015-01-15,21.479999542236328,19.313322067260742
2015-01-16,22.15999984741211,19.924734115600586
2015-01-20,22.940000534057617,20.626056671142578
2015-01-21,22.540000915527344,20.266403198242188
2015-01-22,22.420000076293945,20.15850830078125
2015-01-23,21.739999771118164,19.54709815979004
2015-01-26,22.149999618530273,19.915742874145508
2015-01-27,22.8799991607666,20.572105407714844
2015-01-28,21.969999313354492,19.7539005279541
2015-01-29,21.59000015258789,19.412233352661133
2015-01-30,22.290000915527344,20.041622161865234
2015-02-02,22.450000762939453,20.18548011779785
2015-02-03,21.8700008392334,19.663986206054688
2015-02-04,22.270000457763672,20.023639678955078
2015-02-05,22.579999923706055,20.302371978759766
2015-02-06,21.329999923706055,19.178457260131836
2015-02-09,21.690000534057617,19.502140045166016
2015-02-10,21.280000686645508,19.133499145507812
2015-02-11,20.860000610351562,18.7558650970459
2015-02-12,21.149999618530273,19.01660919189453
2015-02-13,21.260000228881836,19.115516662597656
2015-02-17,20.56999969482422,18.4951171875
2015-02-18,21.040000915527344,18.917707443237305
2015-02-19,20.540000915527344,18.468141555786133
2015-02-20,20.450000762939453,18.387218475341797
2015-02-23,20.540000915527344,18.468141555786133
2015-02-24,20.420000076293945,18.360244750976562
2015-02-25,20.790000915527344,18.692920684814453
2015-02-26,20.959999084472656,18.845775604248047
2015-02-27,21.280000686645508,19.133499145507812
2015-03-02,20.760000228881836,18.66594886779785
2015-03-03,20.3799991607666,18.324281692504883
2015-03-04,20.040000915527344,18.018579483032227
2015-03-05,20.079999923706055,18.05454444885254
2015-03-06,18.579999923706055,16.70584487915039
2015-03-09,17.90999984741211,16.103425979614258
2015-03-10,17.670000076293945,15.8876371383667
2015-03-11,18.200000762939453,16.36417579650879
2015-03-12,18.06999969482422,16.247289657592773
2015-03-13,18.06999969482422,16.247289657592773
2015-03-16,18.110000610351562,16.28325843811035
2015-03-17,17.93000030517578,16.12141227722168
2015-03-18,18.84000015258789,16.939619064331055
2015-03-19,18.709999084472656,16.822729110717773
2015-03-20,19.329999923706055,17.380189895629883
2015-03-23,19.75,17.757827758789062
2015-03-24,19.639999389648438,17.65892219543457
2015-03-25,19.360000610351562,17.407167434692383
2015-03-26,19.06999969482422,17.14641761779785
2015-03-27,18.84000015258789,16.939619064331055
2015-03-30,18.469999313354492,16.60694694519043
2015-03-31,18.239999771118164,16.400142669677734
2015-04-01,19.209999084472656,17.272296905517578
2015-04-02,18.989999771118164,17.07448959350586
2015-04-06,19.700000762939453,17.712875366210938
2015-04-07,19.190000534057617,17.254314422607422
2015-04-08,19.09000015258789,17.16440200805664
2015-04-09,18.90999984741211,17.00255584716797
2015-04-10,19.450000762939453,17.48809051513672
2015-04-13,19.260000228881836,17.31725311279297
2015-04-14,19.40999984741211,17.452123641967773
2015-04-15,19.979999542236328,17.964628219604492
2015-04-16,19.739999771118164,17.74884033203125
2015-04-17,19.719999313354492,17.730857849121094
2015-04-20,19.829999923706055,17.829755783081055
2015-04-21,19.969999313354492,17.955638885498047
2015-04-22,19.309999465942383,17.362211227416992
2015-04-23,19.780000686645508,17.78480339050293
2015-04-24,19.360000610351562,17.407167434692383
2015-04-27,19.760000228881836,17.766820907592773
2015-04-28,20.530000686645508,18.459150314331055
2015-04-29,20.719999313354492,18.629985809326172
2015-04-30,20.110000610351562,18.08151626586914
2015-05-01,20.270000457763672,18.225374221801758
2015-05-04,20.40999984741211,18.35125732421875
2015-05-05,20.219999313354492,18.180419921875
2015-05-06,19.709999084472656,17.72186279296875
2015-05-07,19.829999923706055,17.829755783081055
2015-05-08,19.969999313354492,17.955638885498047
2015-05-11,20.020000457763672,18.000593185424805
2015-05-12,20.290000915527344,18.243358612060547
2015-05-13,20.780000686645508,18.683935165405273
2015-05-14,20.81999969482422,18.719900131225586
2015-05-15,20.719999313354492,18.629985809326172
2015-05-18,20.75,18.656959533691406
2015-05-19,20.0,17.98261070251465
2015-05-20,20.079999923706055,18.05454444885254
2015-05-21,19.940000534057617,17.928661346435547
2015-05-22,19.829999923706055,17.829755783081055
2015-05-26,19.25,17.30826187133789
2015-05-27,19.440000534057617,17.47909927368164
2015-05-28,19.600000381469727,17.62295913696289
2015-05-29,19.579999923706055,17.6049747467041
2015-06-01,19.489999771118164,17.5240535736084
2015-06-02,19.780000686645508,17.78480339050293
2015-06-03,19.40999984741211,17.452123641967773
2015-06-04,19.06999969482422,17.14641761779785
2015-06-05,18.829999923706055,16.930627822875977
2015-06-08,19.020000457763672,17.10146141052246
2015-06-09,18.780000686645508,16.885671615600586
2015-06-10,18.959999084472656,17.047515869140625
2015-06-11,18.739999771118164,16.849706649780273
2015-06-12,18.549999237060547,16.678871154785156
2015-06-15,18.59000015258789,16.71483612060547
2015-06-16,18.329999923706055,16.481061935424805
2015-06-17,18.860000610351562,16.95760726928711
2015-06-18,19.100000381469727,17.17339324951172
2015-06-19,18.639999389648438,16.75979232788086
2015-06-22,18.329999923706055,16.481061935424805
2015-06-23,18.3799991607666,16.526018142700195
2015-06-24,18.360000610351562,16.508037567138672
2015-06-25,18.170000076293945,16.337200164794922
2015-06-26,18.09000015258789,16.265270233154297
2015-06-29,17.899999618530273,16.094438552856445
2015-06-30,17.760000228881836,15.968558311462402
2015-07-01,17.280000686645508,15.53697681427002
2015-07-02,17.6299991607666,15.851668357849121
2015-07-06,17.850000381469727,16.049482345581055
2015-07-07,16.979999542236328,15.267236709594727
2015-07-08,16.860000610351562,15.159342765808105
2015-07-09,16.93000030517578,15.222281455993652
2015-07-10,16.75,15.060437202453613
2015-07-13,16.799999237060547,15.105395317077637
2015-07-14,16.690000534057617,15.006491661071777
2015-07-15,16.309999465942383,14.66481876373291
2015-07-16,16.149999618530273,14.520957946777344
2015-07-17,15.420000076293945,13.864593505859375
2015-07-20,13.760000228881836,12.37203598022461
2015-07-21,14.119999885559082,12.695723533630371
2015-07-22,14.079999923706055,12.659758567810059
2015-07-23,13.619999885559082,12.246158599853516
2015-07-24,14.079999923706055,12.659758567810059
2015-07-27,13.569999694824219,12.201202392578125
2015-07-28,13.6899995803833,12.309098243713379
2015-07-29,13.970000267028809,12.560853958129883
2015-07-30,13.460000038146973,12.10229778289795
2015-07-31,13.75,12.36304759979248
2015-08-03,13.270000457763672,11.931462287902832
2015-08-04,13.289999961853027,11.949446678161621
2015-08-05,13.09000015258789,11.76961898803711
2015-08-06,13.369999885559082,12.021374702453613
2015-08-07,13.399999618530273,12.048348426818848
2015-08-10,14.289999961853027,12.848576545715332
2015-08-11,14.520000457763672,13.055377006530762
2015-08-12,15.520000457763672,13.954506874084473
2015-08-13,14.640000343322754,13.1632719039917
2015-08-14,14.489999771118164,13.028401374816895
2015-08-17,15.039999961853027,13.522924423217773
2015-08-18,14.770000457763672,13.280158996582031
2015-08-19,15.199999809265137,13.666784286499023
2015-08-20,15.819999694824219,14.22424602508545
2015-08-21,15.390000343322754,13.837620735168457
2015-08-24,14.130000114440918,12.704713821411133
2015-08-25,13.670000076293945,12.291114807128906
2015-08-26,13.039999961853027,11.724663734436035
2015-08-27,13.789999961853027,12.39901065826416
2015-08-28,14.25,12.812609672546387
2015-08-31,14.109999656677246,12.68673324584961
2015-09-01,13.670000076293945,12.291114807128906
2015-09-02,13.630000114440918,12.25515079498291
2015-09-03,13.380000114440918,12.030367851257324
2015-09-04,13.390000343322754,12.039358139038086
2015-09-08,13.550000190734863,12.183220863342285
2015-09-09,13.130000114440918,11.805583953857422
2015-09-10,13.119999885559082,11.79659366607666
2015-09-11,13.210000038146973,11.877514839172363
2015-09-14,13.069999694824219,11.751635551452637
2015-09-15,13.109999656677246,11.787603378295898
2015-09-16,13.890000343322754,12.488924026489258
2015-09-17,14.270000457763672,12.830594062805176
2015-09-18,14.479999542236328,13.019410133361816
2015-09-21,14.0,12.587827682495117
2015-09-22,13.359999656677246,12.012384414672852
2015-09-23,13.260000228881836,11.92247200012207
2015-09-24,14.220000267028809,12.785636901855469
2015-09-25,13.979999542236328,12.569845199584961
2015-09-28,13.319999694824219,11.976421356201172
2015-09-29,13.40999984741211,12.057339668273926
2015-09-30,13.739999771118164,12.354053497314453
2015-10-01,13.40999984741211,12.057339668273926
2015-10-02,14.489999771118164,13.028401374816895
2015-10-05,15.119999885559082,13.594854354858398
2015-10-06,15.680000305175781,14.098367691040039
2015-10-07,15.609999656677246,14.03542709350586
2015-10-08,15.40999984741211,13.855603218078613
2015-10-09,16.260000228881836,14.619864463806152
2015-10-12,15.779999732971191,14.18828010559082
2015-10-13,15.869999885559082,14.26920223236084
2015-10-14,16.899999618530273,15.195305824279785
2015-10-15,16.889999389648438,15.186315536499023
2015-10-16,16.389999389648438,14.736749649047852
2015-10-19,15.699999809265137,14.116350173950195
2015-10-20,16.329999923706055,14.682801246643066
2015-10-21,15.850000381469727,14.251218795776367
2015-10-22,16.1200008392334,14.493986129760742
2015-10-23,16.520000457763672,14.853638648986816
2015-10-26,16.010000228881836,14.395079612731934
2015-10-27,16.040000915527344,14.422054290771484
2015-10-28,15.890000343322754,14.287185668945312
2015-10-29,15.119999885559082,13.594854354858398
2015-10-30,14.960000038146973,13.450994491577148
2015-11-02,15.020000457763672,13.5049409866333
2015-11-03,14.9399995803833,13.43301010131836
2015-11-04,14.619999885559082,13.145289421081543
2015-11-05,14.079999923706055,12.659758567810059
2015-11-06,13.460000038146973,12.10229778289795
2015-11-09,13.829999923706055,12.434975624084473
2015-11-10,13.470000267028809,12.111289024353027
2015-11-11,13.649999618530273,12.273131370544434
2015-11-12,13.470000267028809,12.111289024353027
2015-11-13,13.619999885559082,12.246158599853516
2015-11-16,13.739999771118164,12.354053497314453
2015-11-17,13.079999923706055,11.760627746582031
2015-11-18,13.489999771118164,12.129273414611816
2015-11-19,13.970000267028809,12.560853958129883
2015-11-20,13.399999618530273,12.048348426818848
2015-11-23,13.329999923706055,11.9854097366333
2015-11-24,13.84000015258789,12.443965911865234
2015-11-25,13.710000038146973,12.327078819274902
2015-11-27,13.449999809265137,12.093305587768555
2015-11-30,13.760000228881836,12.37203598022461
2015-12-01,14.15999984741211,12.731688499450684
2015-12-02,13.789999961853027,12.39901065826416
2015-12-03,14.079999923706055,12.659758567810059
2015-12-04,14.829999923706055,13.334107398986816
2015-12-07,14.199999809265137,12.767654418945312
2015-12-08,14.079999923706055,12.659758567810059
2015-12-09,14.270000457763672,12.830594062805176
2015-12-10,14.210000038146973,12.77664566040039
2015-12-11,14.380000114440918,12.929496765136719
2015-12-14,13.5600004196167,12.19221019744873
2015-12-15,13.630000114440918,12.25515079498291
2015-12-16,14.170000076293945,12.740680694580078
2015-12-17,13.34000015258789,11.994400978088379
2015-12-18,13.640000343322754,12.264140129089355
2015-12-21,13.760000228881836,12.478156089782715
2015-12-22,13.680000305175781,12.405608177185059
2015-12-23,13.970000267028809,12.66859245300293
2015-12-24,14.270000457763672,12.94064712524414
2015-12-28,13.789999961853027,12.505361557006836
2015-12-29,13.949999809265137,12.650455474853516
2015-12-30,13.65999984741211,12.387472152709961
2015-12-31,13.720000267028809,12.441883087158203
2016-01-04,14.09000015258789,12.777414321899414
2016-01-05,14.020000457763672,12.713935852050781
2016-01-06,14.25,12.922508239746094
2016-01-07,14.880000114440918,13.493818283081055
2016-01-08,14.520000457763672,13.167356491088867
2016-01-11,13.920000076293945,12.623250961303711
2016-01-12,13.609999656677246,12.342127799987793
2016-01-13,13.609999656677246,12.342127799987793
2016-01-14,13.130000114440918,11.906844139099121
2016-01-15,13.09000015258789,11.870573043823242
2016-01-19,12.470000267028809,11.308329582214355
2016-01-20,12.850000381469727,11.652929306030273
2016-01-21,12.90999984741211,11.7073392868042
2016-01-22,13.029999732971191,11.816160202026367
2016-01-25,13.380000114440918,12.133556365966797
2016-01-26,13.970000267028809,12.66859245300293
2016-01-27,14.199999809265137,12.877165794372559
2016-01-28,13.859999656677246,12.568840980529785
2016-01-29,14.210000038146973,12.886235237121582
2016-02-01,14.649999618530273,13.285244941711426
2016-02-02,14.300000190734863,12.967850685119629
2016-02-03,15.350000381469727,13.920036315917969
2016-02-04,16.149999618530273,14.64551067352295
2016-02-05,17.049999237060547,15.46166706085205
2016-02-08,17.469999313354492,15.842540740966797
2016-02-09,16.75,15.189614295959473
2016-02-10,17.139999389648438,15.543283462524414
2016-02-11,18.3700008392334,16.658700942993164
2016-02-12,18.84000015258789,17.084915161132812
2016-02-16,17.209999084472656,15.606764793395996
2016-02-17,17.81999969482422,16.159931182861328
2016-02-18,18.899999618530273,17.139326095581055
2016-02-19,18.3799991607666,16.667768478393555
2016-02-22,18.530000686645508,16.803800582885742
2016-02-23,18.920000076293945,17.157466888427734
2016-02-24,19.110000610351562,17.32976531982422
2016-02-25,19.389999389648438,17.583681106567383
2016-02-26,18.690000534057617,16.948890686035156
2016-02-29,19.3799991607666,17.574613571166992
2016-03-01,18.56999969482422,16.840068817138672
2016-03-02,19.049999237060547,17.275352478027344
2016-03-03,19.81999969482422,17.97362518310547
2016-03-04,19.709999084472656,17.87386703491211
2016-03-07,20.399999618530273,18.499589920043945
2016-03-08,19.420000076293945,17.610885620117188
2016-03-09,19.510000228881836,17.692502975463867
2016-03-10,20.3799991607666,18.48145294189453
2016-03-11,19.979999542236328,18.118715286254883
2016-03-14,19.1200008392334,17.338834762573242
2016-03-15,19.530000686645508,17.71063804626465
2016-03-16,20.860000610351562,18.916738510131836
2016-03-17,20.43000030517578,18.52680015563965
2016-03-18,20.610000610351562,18.690025329589844
2016-03-21,20.56999969482422,18.65375328063965
2016-03-22,20.579999923706055,18.66282081604004
2016-03-23,19.030000686645508,17.257217407226562
2016-03-24,19.459999084472656,17.647159576416016
2016-03-28,19.420000076293945,17.610885620117188
2016-03-29,20.540000915527344,18.626548767089844
2016-03-30,20.229999542236328,18.345426559448242
2016-03-31,19.969999313354492,18.109651565551758
2016-04-01,20.1200008392334,18.245676040649414
2016-04-04,19.530000686645508,17.71063804626465
2016-04-05,20.1299991607666,18.254741668701172
2016-04-06,20.149999618530273,18.272884368896484
2016-04-07,20.780000686645508,18.844192504882812
2016-04-08,21.440000534057617,19.442707061767578
2016-04-11,22.700000762939453,20.585329055786133
2016-04-12,22.8799991607666,20.748558044433594
2016-04-13,22.25,20.1772518157959
2016-04-14,21.600000381469727,19.587800979614258
2016-04-15,22.200000762939453,20.131908416748047
2016-04-18,22.18000030517578,20.113773345947266
2016-04-19,23.260000228881836,21.09316062927246
2016-04-20,22.84000015258789,20.712289810180664
2016-04-21,23.25,21.084096908569336
2016-04-22,22.59000015258789,20.485578536987305
2016-04-25,22.459999084472656,20.367685317993164
2016-04-26,22.989999771118164,20.84831428527832
2016-04-27,23.239999771118164,21.07502555847168
2016-04-28,24.280000686645508,22.018142700195312
2016-04-29,25.829999923706055,23.423749923706055
2016-05-02,25.389999389648438,23.02473258972168
2016-05-03,24.65999984741211,22.36273956298828
2016-05-04,23.40999984741211,21.229188919067383
2016-05-05,24.18000030517578,21.92745590209961
2016-05-06,25.1299991607666,22.788955688476562
2016-05-09,23.520000457763672,21.32894515991211
2016-05-10,24.399999618530273,22.12696075439453
2016-05-11,25.049999237060547,22.716407775878906
2016-05-12,24.549999237060547,22.262989044189453
2016-05-13,24.790000915527344,22.48063087463379
2016-05-16,25.239999771118164,22.888708114624023
2016-05-17,25.579999923706055,23.19703483581543
2016-05-18,23.559999465942383,21.365215301513672
2016-05-19,23.959999084472656,21.727951049804688
2016-05-20,24.049999237060547,21.8095645904541
2016-05-23,23.780000686645508,21.564720153808594
2016-05-24,22.469999313354492,20.37675666809082
2016-05-25,23.030000686645508,20.884586334228516
2016-05-26,22.950000762939453,20.812040328979492
2016-05-27,22.280000686645508,20.20445442199707
2016-05-31,22.579999923706055,20.47650909423828
2016-06-01,22.719999313354492,20.603466033935547
2016-06-02,22.770000457763672,20.6488094329834
2016-06-03,25.329999923706055,22.97032356262207
2016-06-06,25.450000762939453,23.079147338867188
2016-06-07,25.110000610351562,22.77082061767578
2016-06-08,25.93000030517578,23.514432907104492
2016-06-09,26.329999923706055,23.877168655395508
2016-06-10,25.959999084472656,23.541635513305664
2016-06-13,25.90999984741211,23.496292114257812
2016-06-14,25.34000015258789,22.97939682006836
2016-06-15,26.31999969482422,23.868099212646484
2016-06-16,25.489999771118164,23.115421295166016
2016-06-17,25.790000915527344,23.387474060058594
2016-06-20,25.639999389648438,23.251445770263672
2016-06-21,24.93000030517578,22.607587814331055
2016-06-22,25.5,23.124488830566406
2016-06-23,25.219999313354492,22.870573043823242
2016-06-24,26.75,24.258041381835938
2016-06-27,27.059999465942383,24.53916358947754
2016-06-28,26.600000381469727,24.12201690673828
2016-06-29,27.149999618530273,24.62078094482422
2016-06-30,27.709999084472656,25.128610610961914
2016-07-01,29.049999237060547,26.343780517578125
2016-07-05,29.639999389648438,26.878814697265625
2016-07-06,30.56999969482422,27.722179412841797
2016-07-07,29.610000610351562,26.851612091064453
2016-07-08,30.540000915527344,27.694976806640625
2016-07-11,30.600000381469727,27.749387741088867
2016-07-12,29.399999618530273,26.661174774169922
2016-07-13,30.3700008392334,27.540813446044922
2016-07-14,30.209999084472656,27.395715713500977
2016-07-15,29.8700008392334,27.087392807006836
2016-07-18,29.979999542236328,27.187143325805664
2016-07-19,29.670000076293945,26.906024932861328
2016-07-20,27.989999771118164,25.382526397705078
2016-07-21,28.8700008392334,26.18054962158203
2016-07-22,28.780000686645508,26.09893226623535
2016-07-25,27.729999542236328,25.14674949645996
2016-07-26,28.5,25.845016479492188
2016-07-27,29.799999237060547,27.023914337158203
2016-07-28,29.75,26.978572845458984
2016-07-29,30.59000015258789,27.740320205688477
2016-08-01,30.93000030517578,28.04864501953125
2016-08-02,31.31999969482422,28.402315139770508
2016-08-03,30.940000534057617,28.057714462280273
2016-08-04,31.229999542236328,28.320697784423828
2016-08-05,30.229999542236328,27.413854598999023
2016-08-08,30.5,27.658702850341797
2016-08-09,30.760000228881836,27.894481658935547
2016-08-10,31.299999237060547,28.384178161621094
2016-08-11,31.040000915527344,28.148401260375977
2016-08-12,31.049999237060547,28.1574649810791
2016-08-15,30.860000610351562,27.98516845703125
2016-08-16,30.809999465942383,27.9398250579834
2016-08-17,30.3700008392334,27.540813446044922
2016-08-18,30.75,27.885414123535156
2016-08-19,29.959999084472656,27.169008255004883
2016-08-22,29.459999084472656,26.715585708618164
2016-08-23,29.020000457763672,26.316574096679688
2016-08-24,26.969999313354492,24.457548141479492
2016-08-25,27.309999465942383,24.765878677368164
2016-08-26,27.18000030517578,24.647987365722656
2016-08-29,27.239999771118164,24.7023983001709
2016-08-30,25.899999618530273,23.48722267150879
2016-08-31,25.489999771118164,23.115421295166016
2016-09-01,26.420000076293945,23.958786010742188
2016-09-02,27.350000381469727,24.80214500427246
2016-09-06,28.68000030517578,26.00824737548828
2016-09-07,28.520000457763672,25.863155364990234
2016-09-08,27.899999618530273,25.30091094970703
2016-09-09,26.40999984741211,23.949716567993164
2016-09-12,27.040000915527344,24.521026611328125
2016-09-13,26.059999465942383,23.632320404052734
2016-09-14,26.010000228881836,23.586978912353516
2016-09-15,26.18000030517578,23.741146087646484
2016-09-16,25.959999084472656,23.541635513305664
2016-09-19,26.09000015258789,23.659526824951172
2016-09-20,26.059999465942383,23.632320404052734
2016-09-21,27.899999618530273,25.30091094970703
2016-09-22,27.739999771118164,25.155813217163086
2016-09-23,27.020000457763672,24.50288963317871
2016-09-26,26.780000686645508,24.285247802734375
2016-09-27,26.280000686645508,23.83182716369629
2016-09-28,26.90999984741211,24.403139114379883
2016-09-29,26.690000534057617,24.20363426208496
2016-09-30,26.43000030517578,23.967851638793945
2016-10-03,25.959999084472656,23.541635513305664
2016-10-04,23.399999618530273,21.220121383666992
2016-10-05,23.579999923706055,21.383350372314453
2016-10-06,22.84000015258789,20.712289810180664
2016-10-07,23.0,20.857383728027344
2016-10-10,23.15999984741211,21.002477645874023
2016-10-11,22.579999923706055,20.47650909423828
2016-10-12,23.06999969482422,20.920862197875977
2016-10-13,23.489999771118164,21.301733016967773
2016-10-14,22.989999771118164,20.84831428527832
2016-10-17,23.34000015258789,21.165706634521484
2016-10-18,24.200000762939453,21.945592880249023
2016-10-19,24.8700008392334,22.553180694580078
2016-10-20,24.809999465942383,22.498767852783203
2016-10-21,24.6200008392334,22.326467514038086
2016-10-24,24.09000015258789,21.845842361450195
2016-10-25,24.649999618530273,22.35367202758789
2016-10-26,24.1299991607666,21.88211441040039
2016-10-27,23.729999542236328,21.519376754760742
2016-10-28,23.809999465942383,21.5919246673584
2016-10-31,24.520000457763672,22.235780715942383
2016-11-01,25.1299991607666,22.788955688476562
2016-11-02,24.760000228881836,22.453426361083984
2016-11-03,25.299999237060547,22.943119049072266
2016-11-04,25.06999969482422,22.734548568725586
2016-11-07,24.079999923706055,21.836772918701172
2016-11-08,23.959999084472656,21.727951049804688
2016-11-09,24.59000015258789,22.29926109313965
2016-11-10,22.75,20.63067054748535
2016-11-11,20.920000076293945,18.971149444580078
2016-11-14,21.1200008392334,19.15251922607422
2016-11-15,22.020000457763672,19.968677520751953
2016-11-16,21.84000015258789,19.805444717407227
2016-11-17,21.299999237060547,19.31574821472168
2016-11-18,21.049999237060547,19.089038848876953
2016-11-21,21.479999542236328,19.478979110717773
2016-11-22,21.559999465942383,19.551528930664062
2016-11-23,20.5,18.59027671813965
2016-11-25,20.610000610351562,18.690025329589844
2016-11-28,21.399999618530273,19.406435012817383
2016-11-29,21.229999542236328,19.25227165222168
2016-11-30,20.829999923706055,18.889537811279297
2016-12-01,20.65999984741211,18.735370635986328
2016-12-02,21.3700008392334,19.379226684570312
2016-12-05,21.329999923706055,19.342954635620117
2016-12-06,21.200000762939453,19.225067138671875
2016-12-07,21.440000534057617,19.442707061767578
2016-12-08,21.459999084472656,19.460845947265625
2016-12-09,20.670000076293945,18.74444007873535
2016-12-12,20.75,18.816986083984375
2016-12-13,21.040000915527344,19.079973220825195
2016-12-14,19.889999389648438,18.037099838256836
2016-12-15,18.989999771118164,17.220943450927734
2016-12-16,19.079999923706055,17.302560806274414
2016-12-19,19.079999923706055,17.352581024169922
2016-12-20,19.1299991607666,17.398054122924805
2016-12-21,19.09000015258789,17.36167335510254
2016-12-22,19.06999969482422,17.343482971191406
2016-12-23,19.34000015258789,17.58904266357422
2016-12-27,19.8700008392334,18.071054458618164
2016-12-28,20.239999771118164,18.40755844116211
2016-12-29,21.75,19.78084945678711
2016-12-30,20.920000076293945,19.02599334716797
2017-01-03,21.760000228881836,19.789941787719727
2017-01-04,21.920000076293945,19.935461044311523
2017-01-05,23.200000762939453,21.09957504272461
2017-01-06,22.389999389648438,20.36290740966797
2017-01-09,22.459999084472656,20.42656898498535
2017-01-10,22.6200008392334,20.572084426879883
2017-01-11,22.56999969482422,20.526609420776367
2017-01-12,22.6200008392334,20.572084426879883
2017-01-13,22.739999771118164,20.681217193603516
2017-01-17,23.360000610351562,21.245086669921875
2017-01-18,23.010000228881836,20.926774978637695
2017-01-19,22.8799991607666,20.808542251586914
2017-01-20,23.1200008392334,21.026817321777344
2017-01-23,23.809999465942383,21.654346466064453
2017-01-24,23.829999923706055,21.67253303527832
2017-01-25,23.469999313354492,21.345129013061523
2017-01-26,22.8700008392334,20.79945182800293
2017-01-27,23.219999313354492,21.117761611938477
2017-01-30,23.149999618530273,21.05409812927246
2017-01-31,23.93000030517578,21.76348304748535
2017-02-01,23.850000381469727,21.690723419189453
2017-02-02,24.3799991607666,22.172739028930664
2017-02-03,24.5,22.281875610351562
2017-02-06,25.399999618530273,23.100393295288086
2017-02-07,25.290000915527344,23.000354766845703
2017-02-08,25.56999969482422,23.2550048828125
2017-02-09,24.90999984741211,22.65475845336914
2017-02-10,25.290000915527344,23.000354766845703
2017-02-13,24.950000762939453,22.69113540649414
2017-02-14,24.920000076293945,22.663848876953125
2017-02-15,24.93000030517578,22.672945022583008
2017-02-16,25.200000762939453,22.918502807617188
2017-02-17,24.790000915527344,22.545621871948242
2017-02-21,24.6200008392334,22.391014099121094
2017-02-22,24.329999923706055,22.127267837524414
2017-02-23,24.3700008392334,22.163646697998047
2017-02-24,24.1299991607666,21.945375442504883
2017-02-27,22.84000015258789,20.772165298461914
2017-02-28,22.850000381469727,20.78126335144043
2017-03-01,22.979999542236328,20.899490356445312
2017-03-02,21.93000030517578,19.94455337524414
2017-03-03,22.200000762939453,20.190109252929688
2017-03-06,21.639999389648438,19.68080711364746
2017-03-07,21.510000228881836,19.562580108642578
2017-03-08,21.350000381469727,19.417064666748047
2017-03-09,21.139999389648438,19.226076126098633
2017-03-10,21.729999542236328,19.762659072875977
2017-03-13,22.0,20.008214950561523
2017-03-14,21.34000015258789,19.40796661376953
2017-03-15,22.979999542236328,20.899490356445312
2017-03-16,22.770000457763672,20.70850372314453
2017-03-17,22.670000076293945,20.617555618286133
2017-03-20,22.889999389648438,20.817636489868164
2017-03-21,23.260000228881836,21.154138565063477
2017-03-22,23.25,21.145048141479492
2017-03-23,23.030000686645508,20.944963455200195
2017-03-24,22.920000076293945,20.844921112060547
2017-03-27,23.43000030517578,21.30875015258789
2017-03-28,22.809999465942383,20.744884490966797
2017-03-29,22.90999984741211,20.835826873779297
2017-03-30,22.549999237060547,20.508420944213867
2017-03-31,22.809999465942383,20.744884490966797
2017-04-03,23.200000762939453,21.09957504272461
2017-04-04,23.450000762939453,21.326940536499023
2017-04-05,23.479999542236328,21.354225158691406
2017-04-06,23.510000228881836,21.381505966186523
2017-04-07,23.5,21.37240982055664
2017-04-10,23.649999618530273,21.50882911682129
2017-04-11,24.360000610351562,22.154550552368164
2017-04-12,24.56999969482422,22.34554100036621
2017-04-13,24.540000915527344,22.318256378173828
2017-04-17,24.469999313354492,22.254592895507812
2017-04-18,24.270000457763672,22.07270050048828
2017-04-19,23.389999389648438,21.272371292114258
2017-04-20,23.579999923706055,21.44516944885254
2017-04-21,23.610000610351562,21.47245216369629
2017-04-24,23.200000762939453,21.09957504272461
2017-04-25,22.219999313354492,20.208295822143555
2017-04-26,22.260000228881836,20.24467658996582
2017-04-27,21.809999465942383,19.835418701171875
2017-04-28,22.229999542236328,20.217391967773438
2017-05-01,21.690000534057617,19.726282119750977
2017-05-02,21.739999771118164,19.771753311157227
2017-05-03,21.510000228881836,19.562580108642578
2017-05-04,21.100000381469727,19.189699172973633
2017-05-05,21.549999237060547,19.598957061767578
2017-05-08,21.540000915527344,19.589860916137695
2017-05-09,21.520000457763672,19.571674346923828
2017-05-10,21.93000030517578,19.94455337524414
2017-05-11,22.3700008392334,20.344717025756836
2017-05-12,22.719999313354492,20.663026809692383
2017-05-15,22.799999237060547,20.73578643798828
2017-05-16,22.959999084472656,20.88129997253418
2017-05-17,23.3700008392334,21.254180908203125
2017-05-18,22.649999618530273,20.599367141723633
2017-05-19,22.860000610351562,20.79035758972168
2017-05-22,23.15999984741211,21.063194274902344
2017-05-23,22.639999389648438,20.59027099609375
2017-05-24,22.969999313354492,20.89039421081543
2017-05-25,22.709999084472656,20.65393829345703
2017-05-26,22.940000534057617,20.863113403320312
2017-05-30,22.59000015258789,20.544801712036133
2017-05-31,22.690000534057617,20.6357421875
2017-06-01,22.600000381469727,20.553895950317383
2017-06-02,22.760000228881836,20.69940948486328
2017-06-05,22.739999771118164,20.681217193603516
2017-06-06,23.799999237060547,21.64525032043457
2017-06-07,23.649999618530273,21.50882911682129
2017-06-08,23.219999313354492,21.117761611938477
2017-06-09,22.829999923706055,20.763071060180664
2017-06-12,22.739999771118164,20.681217193603516
2017-06-13,22.969999313354492,20.89039421081543
2017-06-14,22.219999313354492,20.208295822143555
2017-06-15,22.100000381469727,20.099163055419922
2017-06-16,22.059999465942383,20.062780380249023
2017-06-19,21.93000030517578,19.94455337524414
2017-06-20,21.799999237060547,19.82632064819336
2017-06-21,22.110000610351562,20.108257293701172
2017-06-22,22.360000610351562,20.335622787475586
2017-06-23,22.739999771118164,20.681217193603516
2017-06-26,22.559999465942383,20.51751708984375
2017-06-27,22.260000228881836,20.24467658996582
2017-06-28,22.43000030517578,20.39928436279297
2017-06-29,21.950000762939453,19.96274185180664
2017-06-30,22.079999923706055,20.08097267150879
2017-07-03,21.479999542236328,19.535293579101562
2017-07-05,21.760000228881836,19.789941787719727
2017-07-06,21.489999771118164,19.544387817382812
2017-07-07,21.209999084472656,19.289737701416016
2017-07-10,21.510000228881836,19.562580108642578
2017-07-11,21.639999389648438,19.68080711364746
2017-07-12,21.739999771118164,19.771753311157227
2017-07-13,21.5,19.553483963012695
2017-07-14,21.799999237060547,19.82632064819336
2017-07-17,21.979999542236328,19.990028381347656
2017-07-18,22.139999389648438,20.135540008544922
2017-07-19,22.18000030517578,20.171920776367188
2017-07-20,22.31999969482422,20.299245834350586
2017-07-21,22.40999984741211,20.381093978881836
2017-07-24,22.049999237060547,20.053688049316406
2017-07-25,22.270000457763672,20.253772735595703
2017-07-26,22.84000015258789,20.772165298461914
2017-07-27,22.56999969482422,20.526609420776367
2017-07-28,22.90999984741211,20.835826873779297
2017-07-31,22.860000610351562,20.79035758972168
2017-08-01,22.829999923706055,20.763071060180664
2017-08-02,22.770000457763672,20.70850372314453
2017-08-03,22.700000762939453,20.644840240478516
2017-08-04,22.31999969482422,20.299245834350586
2017-08-07,22.200000762939453,20.190109252929688
2017-08-08,22.25,20.23558235168457
2017-08-09,22.600000381469727,20.553895950317383
2017-08-10,23.079999923706055,20.990436553955078
2017-08-11,23.149999618530273,21.05409812927246
2017-08-14,22.829999923706055,20.763071060180664
2017-08-15,22.559999465942383,20.51751708984375
2017-08-16,23.079999923706055,20.990436553955078
2017-08-17,23.030000686645508,20.944963455200195
2017-08-18,22.93000030517578,20.85401725769043
2017-08-21,23.309999465942383,21.199609756469727
2017-08-22,23.09000015258789,20.999530792236328
2017-08-23,23.260000228881836,21.154138565063477
2017-08-24,23.350000381469727,21.235994338989258
2017-08-25,23.40999984741211,21.290557861328125
2017-08-28,24.260000228881836,22.06360626220703
2017-08-29,24.420000076293945,22.20911979675293
2017-08-30,24.15999984741211,21.972660064697266
2017-08-31,24.719999313354492,22.481956481933594
2017-09-01,24.780000686645508,22.536527633666992
2017-09-05,25.309999465942383,23.01854133605957
2017-09-06,24.920000076293945,22.663848876953125
2017-09-07,25.489999771118164,23.182247161865234
2017-09-08,25.239999771118164,22.95488166809082
2017-09-11,24.559999465942383,22.336444854736328
2017-09-12,24.670000076293945,22.43648910522461
2017-09-13,24.219999313354492,22.02722930908203
2017-09-14,24.3700008392334,22.163646697998047
2017-09-15,24.1299991607666,21.945375442504883
2017-09-18,23.729999542236328,21.581588745117188
2017-09-19,23.850000381469727,21.690723419189453
2017-09-20,23.5,21.37240982055664
2017-09-21,23.209999084472656,21.108665466308594
2017-09-22,23.469999313354492,21.345129013061523
2017-09-25,23.829999923706055,21.67253303527832
2017-09-26,23.350000381469727,21.235994338989258
2017-09-27,22.989999771118164,20.90858268737793
2017-09-28,23.15999984741211,21.063194274902344
2017-09-29,22.959999084472656,20.88129997253418
2017-10-02,23.049999237060547,20.963151931762695
2017-10-03,23.280000686645508,21.17232894897461
2017-10-04,23.420000076293945,21.29965591430664
2017-10-05,23.219999313354492,21.117761611938477
2017-10-06,23.59000015258789,21.454267501831055
2017-10-09,23.739999771118164,21.59068489074707
2017-10-10,23.56999969482422,21.436071395874023
2017-10-11,23.799999237060547,21.64525032043457
2017-10-12,23.719999313354492,21.572492599487305
2017-10-13,23.84000015258789,21.681631088256836
2017-10-16,23.459999084472656,21.33603286743164
2017-10-17,23.420000076293945,21.29965591430664
2017-10-18,23.329999923706055,21.217803955078125
2017-10-19,23.440000534057617,21.31784439086914
2017-10-20,23.229999542236328,21.126855850219727
2017-10-23,23.139999389648438,21.04500389099121
2017-10-24,22.950000762939453,20.87220573425293
2017-10-25,22.829999923706055,20.763071060180664
2017-10-26,22.43000030517578,20.39928436279297
2017-10-27,22.56999969482422,20.526609420776367
2017-10-30,22.760000228881836,20.69940948486328
2017-10-31,22.479999542236328,20.44475746154785
2017-11-01,22.479999542236328,20.44475746154785
2017-11-02,22.579999923706055,20.53570556640625
2017-11-03,22.43000030517578,20.39928436279297
2017-11-06,22.90999984741211,20.835826873779297
2017-11-07,22.729999542236328,20.672122955322266
2017-11-08,22.889999389648438,20.817636489868164
2017-11-09,22.809999465942383,20.744884490966797
2017-11-10,22.520000457763672,20.481138229370117
2017-11-13,22.559999465942383,20.51751708984375
2017-11-14,22.59000015258789,20.544801712036133
2017-11-15,22.649999618530273,20.599367141723633
2017-11-16,22.600000381469727,20.553895950317383
2017-11-17,22.790000915527344,20.726694107055664
2017-11-20,22.540000915527344,20.49932861328125
2017-11-21,22.719999313354492,20.663026809692383
2017-11-22,22.920000076293945,20.844921112060547
2017-11-24,22.829999923706055,20.763071060180664
2017-11-27,23.049999237060547,20.963151931762695
2017-11-28,22.93000030517578,20.85401725769043
2017-11-29,22.5,20.462947845458984
2017-11-30,22.469999313354492,20.4356632232666
2017-12-01,22.489999771118164,20.453853607177734
2017-12-04,22.200000762939453,20.190109252929688
2017-12-05,21.969999313354492,19.980934143066406
2017-12-06,21.690000534057617,19.726282119750977
2017-12-07,21.579999923706055,19.62624168395996
2017-12-08,21.68000030517578,19.717187881469727
2017-12-11,21.510000228881836,19.562580108642578
2017-12-12,21.420000076293945,19.480724334716797
2017-12-13,22.15999984741211,20.153730392456055
2017-12-14,22.06999969482422,20.07187843322754
2017-12-15,21.989999771118164,19.99911880493164
2017-12-18,22.15999984741211,20.316335678100586
2017-12-19,22.1299991607666,20.28883171081543
2017-12-20,22.5,20.628047943115234
2017-12-21,22.6299991607666,20.747230529785156
2017-12-22,22.889999389648438,20.985599517822266
2017-12-26,23.200000762939453,21.26980972290039
2017-12-27,23.15999984741211,21.233137130737305
2017-12-28,23.200000762939453,21.26980972290039
2017-12-29,23.239999771118164,21.306482315063477
2018-01-02,23.81999969482422,21.838228225708008
2018-01-03,23.56999969482422,21.609025955200195
2018-01-04,23.719999313354492,21.746545791625977
2018-01-05,23.670000076293945,21.700706481933594
2018-01-08,23.420000076293945,21.471508026123047
2018-01-09,23.110000610351562,21.187297821044922
2018-01-10,23.25,21.315649032592773
2018-01-11,23.3799991607666,21.434831619262695
2018-01-12,24.010000228881836,22.012418746948242
2018-01-16,24.3700008392334,22.342466354370117
2018-01-17,23.940000534057617,21.9482479095459
2018-01-18,23.610000610351562,21.64569854736328
2018-01-19,23.649999618530273,21.682369232177734
2018-01-22,23.709999084472656,21.73737907409668
2018-01-23,24.100000381469727,22.094932556152344
2018-01-24,24.600000381469727,22.55333137512207
2018-01-25,24.1299991607666,22.122434616088867
2018-01-26,24.350000381469727,22.32413101196289
2018-01-29,23.68000030517578,21.709877014160156
2018-01-30,23.450000762939453,21.49901008605957
2018-01-31,23.75,21.774049758911133
2018-02-01,23.700000762939453,21.72821044921875
2018-02-02,22.90999984741211,21.003936767578125
2018-02-05,22.709999084472656,20.820575714111328
2018-02-06,22.110000610351562,20.270492553710938
2018-02-07,21.799999237060547,19.986286163330078
2018-02-08,21.68000030517578,19.876272201538086
2018-02-09,21.68000030517578,19.876272201538086
2018-02-12,21.969999313354492,20.142141342163086
2018-02-13,22.0,20.169647216796875
2018-02-14,23.010000228881836,21.095619201660156
2018-02-15,22.989999771118164,21.0772762298584
2018-02-16,22.510000228881836,20.6372127532959
2018-02-20,21.8700008392334,20.050464630126953
2018-02-21,21.790000915527344,19.97711753845215
2018-02-22,21.729999542236328,19.922109603881836
2018-02-23,21.969999313354492,20.142141342163086
2018-02-26,22.18000030517578,20.33466911315918
2018-02-27,21.489999771118164,19.702077865600586
2018-02-28,21.350000381469727,19.5737247467041
2018-03-01,21.56999969482422,19.775421142578125
2018-03-02,21.489999771118164,19.702077865600586
2018-03-05,21.649999618530273,19.848764419555664
2018-03-06,22.010000228881836,20.178815841674805
2018-03-07,21.56999969482422,19.775421142578125
2018-03-08,21.649999618530273,19.848764419555664
2018-03-09,21.56999969482422,19.775421142578125
2018-03-12,21.760000228881836,19.94961166381836
2018-03-13,21.670000076293945,19.867101669311523
2018-03-14,21.729999542236328,19.922109603881836
2018-03-15,21.450000762939453,19.665403366088867
2018-03-16,21.43000030517578,19.64706802368164
2018-03-19,21.510000228881836,19.720415115356445
2018-03-20,21.270000457763672,19.500381469726562
2018-03-21,21.860000610351562,20.041296005249023
2018-03-22,21.5,19.71124267578125
2018-03-23,22.1200008392334,20.2796630859375
2018-03-26,22.440000534057617,20.573041915893555
2018-03-27,21.989999771118164,20.16047477722168
2018-03-28,21.65999984741211,19.857934951782227
2018-03-29,21.979999542236328,20.15131187438965
2018-04-02,22.229999542236328,20.380508422851562
2018-04-03,21.90999984741211,20.087135314941406
2018-04-04,21.8700008392334,20.050464630126953
2018-04-05,21.969999313354492,20.142141342163086
2018-04-06,22.06999969482422,20.233821868896484
2018-04-09,21.979999542236328,20.15131187438965
2018-04-10,22.260000228881836,20.408016204833984
2018-04-11,22.75,20.857248306274414
2018-04-12,22.469999313354492,20.600543975830078
2018-04-13,22.889999389648438,20.985599517822266
2018-04-16,22.799999237060547,20.903087615966797
2018-04-17,22.93000030517578,21.022274017333984
2018-04-18,22.979999542236328,21.068113327026367
2018-04-19,23.059999465942383,21.14145851135254
2018-04-20,22.709999084472656,20.820575714111328
2018-04-23,22.40999984741211,20.5455322265625
2018-04-24,22.700000762939453,20.81140899658203
2018-04-25,22.5,20.628047943115234
2018-04-26,22.59000015258789,20.710559844970703
2018-04-27,22.729999542236328,20.838911056518555
2018-04-30,22.280000686645508,20.426349639892578
2018-05-01,22.309999465942383,20.453855514526367
2018-05-02,22.3799991607666,20.518028259277344
2018-05-03,22.649999618530273,20.765567779541016
2018-05-04,22.649999618530273,20.765567779541016
2018-05-07,22.649999618530273,20.765567779541016
2018-05-08,22.68000030517578,20.793071746826172
2018-05-09,22.6299991607666,20.747230529785156
2018-05-10,22.950000762939453,21.040607452392578
2018-05-11,22.8799991607666,20.976430892944336
2018-05-14,22.780000686645508,20.884754180908203
2018-05-15,22.260000228881836,20.408016204833984
2018-05-16,22.290000915527344,20.435522079467773
2018-05-17,22.190000534057617,20.343839645385742
2018-05-18,22.190000534057617,20.343839645385742
2018-05-21,22.329999923706055,20.472190856933594
2018-05-22,22.1299991607666,20.28883171081543
2018-05-23,22.34000015258789,20.48135757446289
2018-05-24,22.649999618530273,20.765567779541016
2018-05-25,22.309999465942383,20.453855514526367
2018-05-29,22.149999618530273,20.307167053222656
2018-05-30,22.440000534057617,20.573041915893555
2018-05-31,22.34000015258789,20.48135757446289
2018-06-01,22.309999465942383,20.453855514526367
2018-06-04,22.280000686645508,20.426349639892578
2018-06-05,22.440000534057617,20.573041915893555
2018-06-06,22.579999923706055,20.701391220092773
2018-06-07,22.450000762939453,20.58220672607422
2018-06-08,22.360000610351562,20.499698638916016
2018-06-11,22.549999237060547,20.673887252807617
2018-06-12,22.489999771118164,20.618879318237305
2018-06-13,22.479999542236328,20.609708786010742
2018-06-14,22.65999984741211,20.774736404418945
2018-06-15,22.229999542236328,20.380508422851562
2018-06-18,22.270000457763672,20.41718292236328
2018-06-19,22.049999237060547,20.215486526489258
2018-06-20,21.920000076293945,20.096302032470703
2018-06-21,21.90999984741211,20.087135314941406
2018-06-22,22.18000030517578,20.33466911315918
2018-06-25,22.010000228881836,20.178815841674805
2018-06-26,21.950000762939453,20.12380599975586
2018-06-27,21.809999465942383,19.99545669555664
2018-06-28,21.93000030517578,20.105472564697266
2018-06-29,22.309999465942383,20.453855514526367
2018-07-02,22.079999923706055,20.242992401123047
2018-07-03,22.469999313354492,20.600543975830078
2018-07-05,22.68000030517578,20.793071746826172
2018-07-06,22.610000610351562,20.728897094726562
2018-07-09,22.549999237060547,20.673887252807617
2018-07-10,22.600000381469727,20.7197265625
2018-07-11,22.0,20.169647216796875
2018-07-12,22.139999389648438,20.297998428344727
2018-07-13,21.959999084472656,20.132970809936523
2018-07-16,21.8700008392334,20.050464630126953
2018-07-17,21.8799991607666,20.059629440307617
2018-07-18,21.860000610351562,20.041296005249023
2018-07-19,21.579999923706055,19.784587860107422
2018-07-20,21.780000686645508,19.96795082092285
2018-07-23,21.329999923706055,19.555389404296875
2018-07-24,21.6200008392334,19.82126235961914
2018-07-25,21.799999237060547,19.986286163330078
2018-07-26,21.389999389648438,19.610397338867188
2018-07-27,21.31999969482422,19.546220779418945
2018-07-30,21.270000457763672,19.500381469726562
2018-07-31,21.280000686645508,19.509550094604492
2018-08-01,21.110000610351562,19.35369300842285
2018-08-02,20.940000534057617,19.197839736938477
2018-08-03,21.15999984741211,19.399532318115234
2018-08-06,20.899999618530273,19.161163330078125
2018-08-07,20.65999984741211,18.94113540649414
2018-08-08,20.760000228881836,19.032812118530273
2018-08-09,20.709999084472656,18.986968994140625
2018-08-10,20.559999465942383,18.84945297241211
2018-08-13,19.979999542236328,18.317703247070312
2018-08-14,19.770000457763672,18.125179290771484
2018-08-15,18.600000381469727,17.052518844604492
2018-08-16,18.15999984741211,16.649127960205078
2018-08-17,18.719999313354492,17.162534713745117
2018-08-20,18.790000915527344,17.226713180541992
2018-08-21,18.920000076293945,17.345897674560547
2018-08-22,19.059999465942383,17.474246978759766
2018-08-23,18.459999084472656,16.924163818359375
2018-08-24,18.950000762939453,17.373397827148438
2018-08-27,19.280000686645508,17.675947189331055
2018-08-28,18.920000076293945,17.345897674560547
2018-08-29,18.989999771118164,17.410072326660156
2018-08-30,18.690000534057617,17.135032653808594
2018-08-31,18.549999237060547,17.006677627563477
2018-09-04,18.020000457763672,16.520774841308594
2018-09-05,17.8700008392334,16.38325309753418
2018-09-06,17.84000015258789,16.355751037597656
2018-09-07,17.8799991607666,16.392419815063477
2018-09-10,17.610000610351562,16.144886016845703
2018-09-11,17.56999969482422,16.108213424682617
2018-09-12,18.110000610351562,16.603288650512695
2018-09-13,18.09000015258789,16.58494758605957
2018-09-14,17.979999542236328,16.484100341796875
2018-09-17,18.31999969482422,16.795814514160156
2018-09-18,18.43000030517578,16.896663665771484
2018-09-19,18.75,17.190040588378906
2018-09-20,18.93000030517578,17.355066299438477
2018-09-21,18.780000686645508,17.21754264831543
2018-09-24,18.799999237060547,17.235877990722656
2018-09-25,18.850000381469727,17.281721115112305
2018-09-26,18.420000076293945,16.887496948242188
2018-09-27,18.34000015258789,16.814149856567383
2018-09-28,18.520000457763672,16.979175567626953
2018-10-01,18.549999237060547,17.006677627563477
2018-10-02,19.049999237060547,17.46508026123047
2018-10-03,18.790000915527344,17.226713180541992
2018-10-04,18.75,17.190040588378906
2018-10-05,18.649999618530273,17.09836196899414
2018-10-08,18.709999084472656,17.153364181518555
2018-10-09,18.389999389648438,16.8599910736084
2018-10-10,18.6299991607666,17.08002281188965
2018-10-11,19.8700008392334,18.216856002807617
2018-10-12,19.75,18.106842041015625
2018-10-15,20.059999465942383,18.391048431396484
2018-10-16,19.989999771118164,18.326873779296875
2018-10-17,19.90999984741211,18.25353240966797
2018-10-18,20.0,18.336040496826172
2018-10-19,20.010000228881836,18.345211029052734
2018-10-22,19.860000610351562,18.207691192626953
2018-10-23,20.100000381469727,18.42772102355957
2018-10-24,19.8700008392334,18.216856002807617
2018-10-25,19.0,17.419239044189453
2018-10-26,19.059999465942383,17.474246978759766
2018-10-29,19.010000228881836,17.428409576416016
2018-10-30,19.149999618530273,17.556758880615234
2018-10-31,18.93000030517578,17.355066299438477
2018-11-01,19.56999969482422,17.941816329956055
2018-11-02,19.6299991607666,17.996826171875
2018-11-05,19.559999465942383,17.932649612426758
2018-11-06,19.399999618530273,17.78596305847168
2018-11-07,19.309999465942383,17.70345115661621
2018-11-08,19.3799991607666,17.76762580871582
2018-11-09,19.040000915527344,17.455913543701172
2018-11-12,18.610000610351562,17.061687469482422
2018-11-13,18.420000076293945,16.887496948242188
2018-11-14,18.829999923706055,17.263381958007812
2018-11-15,19.09000015258789,17.501752853393555
2018-11-16,19.3799991607666,17.76762580871582
2018-11-19,19.389999389648438,17.776790618896484
2018-11-20,19.299999237060547,17.69428062438965
2018-11-21,19.809999465942383,18.161848068237305
2018-11-23,19.360000610351562,17.749286651611328
2018-11-26,19.260000228881836,17.657608032226562
2018-11-27,18.8700008392334,17.30005645751953
2018-11-28,19.34000015258789,17.7309513092041
2018-11-29,19.170000076293945,17.575096130371094
2018-11-30,19.09000015258789,17.501752853393555
2018-12-03,19.440000534057617,17.822633743286133
2018-12-04,19.600000381469727,17.969322204589844
2018-12-06,19.709999084472656,18.070165634155273
2018-12-07,20.200000762939453,18.5194034576416
2018-12-10,20.1299991607666,18.455224990844727
2018-12-11,20.010000228881836,18.345211029052734
2018-12-12,20.440000534057617,18.73943519592285
2018-12-13,20.479999542236328,18.776105880737305
2018-12-14,20.1200008392334,18.446062088012695
2018-12-17,20.610000610351562,18.895292282104492
2018-12-18,21.09000015258789,19.335355758666992
2018-12-19,19.950000762939453,18.290203094482422
2018-12-20,20.670000076293945,19.050565719604492
2018-12-21,20.440000534057617,18.838584899902344
2018-12-24,21.09000015258789,19.437660217285156
2018-12-26,20.6200008392334,19.00448226928711
2018-12-27,20.969999313354492,19.32706069946289
2018-12-28,20.600000381469727,18.98604965209961
2018-12-31,21.09000015258789,19.437660217285156
2019-01-02,21.049999237060547,19.400794982910156
2019-01-03,21.479999542236328,19.797101974487305
2019-01-04,21.299999237060547,19.63120460510254
2019-01-07,21.040000915527344,19.391576766967773
2019-01-08,21.049999237060547,19.400794982910156
2019-01-09,21.31999969482422,19.649639129638672
2019-01-10,21.0,19.354711532592773
2019-01-11,21.079999923706055,19.428442001342773
2019-01-14,20.93000030517578,19.29019546508789
2019-01-15,20.610000610351562,18.995267868041992
2019-01-16,20.600000381469727,18.98604965209961
2019-01-17,20.65999984741211,19.041351318359375
2019-01-18,20.309999465942383,18.71877098083496
2019-01-22,20.450000762939453,18.847803115844727
2019-01-23,20.489999771118164,18.884668350219727
2019-01-24,20.5,18.893882751464844
2019-01-25,21.18000030517578,19.52060890197754
2019-01-28,21.450000762939453,19.769454956054688
2019-01-29,21.969999313354492,20.248714447021484
2019-01-30,22.18000030517578,20.442258834838867
2019-01-31,22.690000534057617,20.912303924560547
2019-02-01,22.56999969482422,20.801706314086914
2019-02-04,22.489999771118164,20.72797393798828
2019-02-05,22.610000610351562,20.83857536315918
2019-02-06,22.219999313354492,20.4791259765625
2019-02-07,22.030000686645508,20.30401611328125
2019-02-08,22.34000015258789,20.589725494384766
2019-02-11,22.079999923706055,20.35009765625
2019-02-12,22.049999237060547,20.322444915771484
2019-02-13,21.920000076293945,20.2026309967041
2019-02-14,22.139999389648438,20.4053955078125
2019-02-15,22.43000030517578,20.67267608642578
2019-02-19,23.139999389648438,21.32704734802246
2019-02-20,23.360000610351562,21.529813766479492
2019-02-21,22.979999542236328,21.179584503173828
2019-02-22,23.059999465942383,21.25331687927246
2019-02-25,22.770000457763672,20.98603630065918
2019-02-26,22.729999542236328,20.949169158935547
2019-02-27,22.350000381469727,20.598941802978516
2019-02-28,22.239999771118164,20.497560501098633
2019-03-01,21.700000762939453,19.999868392944336
2019-03-04,21.850000381469727,20.13811492919922
2019-03-05,21.969999313354492,20.248714447021484
2019-03-06,21.520000457763672,19.83397102355957
2019-03-07,21.790000915527344,20.08281707763672
2019-03-08,22.3700008392334,20.61737632751465
2019-03-11,22.290000915527344,20.54364585876465
2019-03-12,22.68000030517578,20.903087615966797
2019-03-13,22.860000610351562,21.068984985351562
2019-03-14,22.25,20.506778717041016
2019-03-15,22.299999237060547,20.552860260009766
2019-03-18,22.049999237060547,20.322444915771484
2019-03-19,22.1299991607666,20.39617919921875
2019-03-20,22.6299991607666,20.857004165649414
2019-03-21,22.75,20.96760368347168
2019-03-22,22.780000686645508,20.995254516601562
2019-03-25,23.260000228881836,21.437646865844727
2019-03-26,23.350000381469727,21.520597457885742
2019-03-27,23.010000228881836,21.20723533630371
2019-03-28,22.40999984741211,20.654239654541016
2019-03-29,22.420000076293945,20.6634578704834
2019-04-01,21.959999084472656,20.23949432373047
2019-04-02,22.100000381469727,20.368532180786133
2019-04-03,22.06999969482422,20.340879440307617
2019-04-04,22.5,20.73719024658203
2019-04-05,22.43000030517578,20.67267608642578
2019-04-08,22.690000534057617,20.912303924560547
2019-04-09,22.81999969482422,21.032119750976562
2019-04-10,22.6200008392334,20.847789764404297
2019-04-11,22.25,20.506778717041016
2019-04-12,22.209999084472656,20.469911575317383
2019-04-15,22.219999313354492,20.4791259765625
2019-04-16,21.809999465942383,20.10125160217285
2019-04-17,21.65999984741211,19.963003158569336
2019-04-18,21.34000015258789,19.668073654174805
2019-04-22,20.979999542236328,19.33627700805664
2019-04-23,20.81999969482422,19.188814163208008
2019-04-24,21.020000457763672,19.373144149780273
2019-04-25,20.8700008392334,19.23489761352539
2019-04-26,21.299999237060547,19.63120460510254
2019-04-29,20.84000015258789,19.207244873046875
2019-04-30,20.889999389648438,19.25333023071289
2019-05-01,20.520000457763672,18.91231918334961
2019-05-02,20.170000076293945,18.589740753173828
2019-05-03,20.290000915527344,18.700336456298828
2019-05-06,20.299999237060547,18.70955467224121
2019-05-07,20.709999084472656,19.08742904663086
2019-05-08,20.479999542236328,18.875450134277344
2019-05-09,20.43000030517578,18.829370498657227
2019-05-10,20.280000686645508,18.69112205505371
2019-05-13,20.93000030517578,19.29019546508789
2019-05-14,20.84000015258789,19.207244873046875
2019-05-15,20.790000915527344,19.161163330078125
2019-05-16,20.559999465942383,18.94918441772461
2019-05-17,20.75,19.124298095703125
2019-05-20,20.68000030517578,19.059782028198242
2019-05-21,20.709999084472656,19.08742904663086
2019-05-22,20.360000610351562,18.764854431152344
2019-05-23,20.440000534057617,18.838584899902344
2019-05-24,20.56999969482422,18.958398818969727
2019-05-28,20.420000076293945,18.820152282714844
2019-05-29,20.420000076293945,18.820152282714844
2019-05-30,20.770000457763672,19.142730712890625
2019-05-31,21.59000015258789,19.898487091064453
2019-06-03,22.489999771118164,20.72797393798828
2019-06-04,22.59000015258789,20.820140838623047
2019-06-05,22.6299991607666,20.857004165649414
2019-06-06,22.8700008392334,21.078205108642578
2019-06-07,22.889999389648438,21.096633911132812
2019-06-10,22.459999084472656,20.700321197509766
2019-06-11,22.59000015258789,20.820140838623047
2019-06-12,22.959999084472656,21.161149978637695
2019-06-13,23.239999771118164,21.419214248657227
2019-06-14,23.329999923706055,21.502164840698242
2019-06-17,23.459999084472656,21.62197494506836
2019-06-18,23.670000076293945,21.81552505493164
2019-06-19,24.0,22.11966896057129
2019-06-20,25.049999237060547,23.08740234375
2019-06-21,25.209999084472656,23.234867095947266
2019-06-24,26.170000076293945,24.119657516479492
2019-06-25,25.6299991607666,23.621965408325195
2019-06-26,25.520000457763672,23.520584106445312
2019-06-27,25.329999923706055,23.345468521118164
2019-06-28,25.559999465942383,23.557445526123047
2019-07-01,24.579999923706055,22.65422821044922
2019-07-02,25.549999237060547,23.54823112487793
2019-07-03,25.649999618530273,23.640396118164062
2019-07-05,25.389999389648438,23.40076446533203
2019-07-08,25.420000076293945,23.428415298461914
2019-07-09,25.649999618530273,23.640396118164062
2019-07-10,26.200000762939453,24.14730453491211
2019-07-11,25.940000534057617,23.907678604125977
2019-07-12,26.209999084472656,24.156522750854492
2019-07-15,26.18000030517578,24.128875732421875
2019-07-16,26.049999237060547,24.009057998657227
2019-07-17,27.09000015258789,24.96757698059082
2019-07-18,28.25,26.036697387695312
2019-07-19,27.979999542236328,25.78784942626953
2019-07-22,28.190000534057617,25.981395721435547
2019-07-23,27.8700008392334,25.68646812438965
2019-07-24,28.149999618530273,25.944528579711914
2019-07-25,27.43000030517578,25.280941009521484
2019-07-26,27.280000686645508,25.142690658569336
2019-07-29,27.770000457763672,25.594301223754883
2019-07-30,27.829999923706055,25.64960289001465
2019-07-31,26.5,24.42380142211914
2019-08-01,27.850000381469727,25.66803741455078
2019-08-02,27.770000457763672,25.594301223754883
2019-08-05,28.600000381469727,26.359272003173828
2019-08-06,28.670000076293945,26.42378807067871
2019-08-07,29.260000228881836,26.967561721801758
2019-08-08,29.770000457763672,27.437606811523438
2019-08-09,29.360000610351562,27.059728622436523
2019-08-12,29.0,26.727933883666992
2019-08-13,28.450000762939453,26.221027374267578
2019-08-14,28.40999984741211,26.184160232543945
2019-08-15,28.729999542236328,26.479087829589844
2019-08-16,28.280000686645508,26.064342498779297
2019-08-19,27.93000030517578,25.741764068603516
2019-08-20,28.850000381469727,26.58968734741211
2019-08-21,28.700000762939453,26.45143699645996
2019-08-22,28.489999771118164,26.257890701293945
2019-08-23,29.639999389648438,27.317790985107422
2019-08-26,29.639999389648438,27.317790985107422
2019-08-27,30.559999465942383,28.16571044921875
2019-08-28,30.40999984741211,28.027463912963867
2019-08-29,29.65999984741211,27.336225509643555
2019-08-30,29.860000610351562,27.52055549621582
2019-09-03,30.3700008392334,27.990598678588867
2019-09-04,30.950000762939453,28.525157928466797
2019-09-05,29.309999465942383,27.01364517211914
2019-09-06,28.479999542236328,26.248674392700195
2019-09-09,27.729999542236328,25.557435989379883
2019-09-10,27.510000228881836,25.35466957092285
2019-09-11,27.719999313354492,25.548219680786133
2019-09-12,27.270000457763672,25.13347816467285
2019-09-13,26.639999389648438,24.55283546447754
2019-09-16,27.290000915527344,25.15190887451172
2019-09-17,28.1200008392334,25.916881561279297
2019-09-18,27.6200008392334,25.456052780151367
2019-09-19,28.100000381469727,25.898447036743164
2019-09-20,28.690000534057617,26.442224502563477
2019-09-23,29.15999984741211,26.875398635864258
2019-09-24,29.489999771118164,27.179542541503906
2019-09-25,28.43000030517578,26.202590942382812
2019-09-26,28.110000610351562,25.907663345336914
2019-09-27,27.450000762939453,25.29937171936035
2019-09-30,26.709999084472656,24.61734962463379
2019-10-01,26.920000076293945,24.810897827148438
2019-10-02,27.40999984741211,25.262508392333984
2019-10-03,27.25,25.115039825439453
2019-10-04,27.8700008392334,25.68646812438965
2019-10-07,27.579999923706055,25.419185638427734
2019-10-08,28.360000610351562,26.138076782226562
2019-10-09,28.049999237060547,25.85236358642578
2019-10-10,28.049999237060547,25.85236358642578
2019-10-11,26.969999313354492,24.856979370117188
2019-10-14,27.06999969482422,24.949142456054688
2019-10-15,26.190000534057617,24.138090133666992
2019-10-16,26.709999084472656,24.61734962463379
2019-10-17,27.079999923706055,24.95836067199707
2019-10-18,27.1200008392334,24.99522590637207
2019-10-21,26.579999923706055,24.497533798217773
2019-10-22,26.540000915527344,24.46066665649414
2019-10-23,26.809999465942383,24.709510803222656
2019-10-24,27.520000457763672,25.363887786865234
2019-10-25,27.739999771118164,25.566648483276367
2019-10-28,27.059999465942383,24.93992805480957
2019-10-29,27.209999084472656,25.078174591064453
2019-10-30,27.450000762939453,25.29937171936035
2019-10-31,28.149999618530273,25.944528579711914
2019-11-01,28.010000228881836,25.81549835205078
2019-11-04,27.520000457763672,25.363887786865234
2019-11-05,26.969999313354492,24.856979370117188
2019-11-06,27.299999237060547,25.161121368408203
2019-11-07,26.489999771118164,24.414587020874023
2019-11-08,26.229999542236328,24.17495346069336
2019-11-11,26.239999771118164,24.184171676635742
2019-11-12,26.59000015258789,24.50674819946289
2019-11-13,26.75,24.654216766357422
2019-11-14,27.0,24.884628295898438
2019-11-15,26.739999771118164,24.644996643066406
2019-11-18,27.200000762939453,25.068960189819336
2019-11-19,27.229999542236328,25.09660530090332
2019-11-20,27.34000015258789,25.19799041748047
2019-11-21,26.81999969482422,24.718730926513672
2019-11-22,26.760000228881836,24.663433074951172
2019-11-25,26.200000762939453,24.14730453491211
2019-11-26,26.780000686645508,24.681865692138672
2019-11-27,26.65999984741211,24.571266174316406
2019-11-29,27.079999923706055,24.95836067199707
2019-12-02,27.170000076293945,25.041309356689453
2019-12-03,27.770000457763672,25.594301223754883
2019-12-04,27.479999542236328,25.327022552490234
2019-12-05,27.6200008392334,25.456052780151367
2019-12-06,26.969999313354492,24.856979370117188
2019-12-09,26.920000076293945,24.810897827148438
2019-12-10,27.1299991607666,25.00444221496582
2019-12-11,27.709999084472656,25.53900146484375
2019-12-12,27.65999984741211,25.492919921875
2019-12-13,27.719999313354492,25.548219680786133
2019-12-16,27.389999389648438,25.24407196044922
2019-12-17,27.15999984741211,25.03209114074707
2019-12-18,27.450000762939453,25.29937171936035
2019-12-19,27.479999542236328,25.327022552490234
2019-12-20,27.1299991607666,25.00444221496582
2019-12-23,27.770000457763672,25.775768280029297
2019-12-24,28.65999984741211,26.601856231689453
2019-12-26,29.079999923706055,26.991695404052734
2019-12-27,28.8700008392334,26.79677391052246
2019-12-30,29.489999771118164,27.372249603271484
2019-12-31,29.280000686645508,27.177331924438477
2020-01-02,29.350000381469727,27.2423038482666
2020-01-03,29.170000076293945,27.075231552124023
2020-01-06,29.219999313354492,27.121639251708984
2020-01-07,29.5,27.381534576416016
2020-01-08,28.350000381469727,26.314117431640625
2020-01-09,28.040000915527344,26.026378631591797
2020-01-10,28.450000762939453,26.406936645507812
2020-01-13,27.770000457763672,25.775768280029297
2020-01-14,28.260000228881836,26.23057746887207
2020-01-15,28.790000915527344,26.722518920898438
2020-01-16,28.670000076293945,26.611135482788086
2020-01-17,28.420000076293945,26.379091262817383
2020-01-21,28.950000762939453,26.871028900146484
2020-01-22,28.84000015258789,26.76892852783203
2020-01-23,28.65999984741211,26.601856231689453
2020-01-24,29.219999313354492,27.121639251708984
2020-01-27,29.079999923706055,26.991695404052734
2020-01-28,28.309999465942383,26.27699089050293
2020-01-29,28.860000610351562,26.787492752075195
2020-01-30,28.729999542236328,26.666828155517578
2020-01-31,28.989999771118164,26.908157348632812
2020-02-03,28.559999465942383,26.509035110473633
2020-02-04,28.049999237060547,26.035659790039062
2020-02-05,28.049999237060547,26.035659790039062
2020-02-06,28.399999618530273,26.36052703857422
2020-02-07,27.93000030517578,25.92427635192871
2020-02-10,28.389999389648438,26.35124397277832
2020-02-11,28.43000030517578,26.388370513916016
2020-02-12,28.1200008392334,26.100635528564453
2020-02-13,28.31999969482422,26.286270141601562
2020-02-14,28.309999465942383,26.27699089050293
2020-02-18,29.229999542236328,27.130924224853516
2020-02-19,29.75,27.613576889038086
2020-02-20,29.75,27.613576889038086
2020-02-21,30.649999618530273,28.44894790649414
2020-02-24,31.049999237060547,28.820220947265625
2020-02-25,29.969999313354492,27.817781448364258
2020-02-26,29.8700008392334,27.72496223449707
2020-02-27,28.149999618530273,26.12847900390625
2020-02-28,26.219999313354492,24.337078094482422
2020-03-02,27.290000915527344,25.330238342285156
2020-03-03,28.68000030517578,26.62041664123535
2020-03-04,29.1299991607666,27.038101196289062
2020-03-05,29.81999969482422,27.678550720214844
2020-03-06,29.40999984741211,27.29799461364746
2020-03-09,27.309999465942383,25.34880256652832
2020-03-10,27.489999771118164,25.5158748626709
2020-03-11,25.170000076293945,23.36248016357422
2020-03-12,22.309999465942383,20.707862854003906
2020-03-13,19.0,17.635562896728516
2020-03-16,22.489999771118164,20.874937057495117
2020-03-17,25.5,23.668781280517578
2020-03-18,19.68000030517578,18.26673126220703
2020-03-19,21.270000457763672,19.742549896240234
2020-03-20,20.549999237060547,19.07425308227539
2020-03-23,21.93000030517578,20.355154037475586
2020-03-24,25.149999618530273,23.343917846679688
2020-03-25,26.309999465942383,24.42061424255371
2020-03-26,25.850000381469727,23.993648529052734
2020-03-27,24.3700008392334,22.619930267333984
2020-03-30,23.93000030517578,22.211528778076172
2020-03-31,23.040000915527344,21.385440826416016
2020-04-01,24.030000686645508,22.30434799194336
2020-04-02,25.040000915527344,23.2418155670166
2020-04-03,24.950000762939453,23.158279418945312
2020-04-06,26.34000015258789,24.448463439941406
2020-04-07,26.09000015258789,24.216411590576172
2020-04-08,26.200000762939453,24.318511962890625
2020-04-09,28.950000762939453,26.871028900146484
2020-04-13,30.780000686645508,28.56961441040039
2020-04-14,30.75,28.541767120361328
2020-04-15,30.149999618530273,27.984853744506836
2020-04-16,30.920000076293945,28.699560165405273
2020-04-17,29.940000534057617,27.789936065673828
2020-04-20,30.739999771118164,28.532485961914062
2020-04-21,30.559999465942383,28.365407943725586
2020-04-22,32.5099983215332,30.175376892089844
2020-04-23,33.41999816894531,31.020023345947266
2020-04-24,33.93000030517578,31.49340057373047
2020-04-27,33.790000915527344,31.36345863342285
2020-04-28,33.810001373291016,31.38202476501465
2020-04-29,34.029998779296875,31.586225509643555
2020-04-30,32.2599983215332,29.943328857421875
2020-05-01,33.290000915527344,30.899362564086914
2020-05-04,33.9900016784668,31.549095153808594
2020-05-05,34.790000915527344,32.29164505004883
2020-05-06,33.70000076293945,31.279916763305664
2020-05-07,35.029998779296875,32.514404296875
2020-05-08,34.86000061035156,32.35661315917969
2020-05-11,33.88999938964844,31.45627784729004
2020-05-12,33.84000015258789,31.409866333007812
2020-05-13,34.08000183105469,31.63263511657715
2020-05-14,35.15999984741211,32.635074615478516
2020-05-15,36.56999969482422,33.94381332397461
2020-05-18,35.93000030517578,33.34978103637695
2020-05-19,37.209999084472656,34.53785705566406
2020-05-20,36.61000061035156,33.98094177246094
2020-05-21,35.65999984741211,33.09916687011719
2020-05-22,35.54999923706055,32.997066497802734
2020-05-26,34.08000183105469,31.63263511657715
2020-05-27,33.709999084472656,31.289201736450195
2020-05-28,34.0,31.55837631225586
2020-05-29,34.31999969482422,31.85539436340332
2020-06-01,35.380001068115234,32.83927536010742
2020-06-02,34.09000015258789,31.64191436767578
2020-06-03,32.83000183105469,30.47239875793457
2020-06-04,33.11000061035156,30.73229217529297
2020-06-05,32.459999084472656,30.12896728515625
2020-06-08,32.779998779296875,30.42598533630371
2020-06-09,33.060001373291016,30.685880661010742
2020-06-10,34.529998779296875,32.050315856933594
2020-06-11,32.83000183105469,30.47239875793457
2020-06-12,32.63999938964844,30.296039581298828
2020-06-15,33.5099983215332,31.10356330871582
2020-06-16,32.63999938964844,30.296039581298828
2020-06-17,32.849998474121094,30.49095916748047
2020-06-18,32.43000030517578,30.10112190246582
2020-06-19,33.54999923706055,31.140689849853516
2020-06-22,34.869998931884766,32.365901947021484
2020-06-23,35.369998931884766,32.82999038696289
2020-06-24,34.7400016784668,32.245235443115234
2020-06-25,34.959999084472656,32.449432373046875
2020-06-26,35.189998626708984,32.66291809082031
2020-06-29,35.560001373291016,33.00634765625
2020-06-30,36.68000030517578,34.04591751098633
2020-07-01,36.560001373291016,33.934539794921875
2020-07-02,36.16999816894531,33.572540283203125
2020-07-06,36.84000015258789,34.19443130493164
2020-07-07,37.72999954223633,35.02051544189453
2020-07-08,38.959999084472656,36.16218185424805
2020-07-09,38.790000915527344,36.00439453125
2020-07-10,38.400001525878906,35.64240264892578
2020-07-13,37.130001068115234,34.46360778808594
2020-07-14,38.59000015258789,35.81875991821289
2020-07-15,38.66999816894531,35.893009185791016
2020-07-16,38.08000183105469,35.34538269042969
2020-07-17,39.310001373291016,36.48705291748047
2020-07-20,40.380001068115234,37.48021697998047
2020-07-21,40.90999984741211,37.97215270996094
2020-07-22,41.75,38.751827239990234
2020-07-23,40.959999084472656,38.018558502197266
2020-07-24,41.83000183105469,38.826087951660156
2020-07-27,43.84000015258789,40.691741943359375
2020-07-28,43.560001373291016,40.43185043334961
2020-07-29,43.130001068115234,40.03273010253906
2020-07-30,41.630001068115234,38.640445709228516
2020-07-31,42.939998626708984,39.85637283325195
2020-08-03,42.540000915527344,39.48509979248047
2020-08-04,44.47999954223633,41.28578186035156
2020-08-05,44.529998779296875,41.332191467285156
2020-08-06,44.22999954223633,41.053741455078125
2020-08-07,42.7400016784668,39.67073440551758
2020-08-10,42.38999938964844,39.34586715698242
2020-08-11,39.04999923706055,36.245723724365234
2020-08-12,39.22999954223633,36.41279602050781
2020-08-13,40.630001068115234,37.71226119995117
2020-08-14,40.349998474121094,37.452369689941406
2020-08-17,42.959999084472656,39.87493133544922
2020-08-18,42.65999984741211,39.59648132324219
2020-08-19,41.0099983215332,38.064971923828125
2020-08-20,41.970001220703125,38.95602798461914
2020-08-21,40.88999938964844,37.953590393066406
2020-08-24,40.650001525878906,37.7308235168457
2020-08-25,40.58000183105469,37.66584777832031
2020-08-26,41.599998474121094,38.61260223388672
2020-08-27,40.65999984741211,37.74010467529297
2020-08-28,41.959999084472656,38.946746826171875
2020-08-31,42.27000045776367,39.23448944091797
2020-09-01,41.66999816894531,38.67757797241211
2020-09-02,41.7599983215332,38.761112213134766
2020-09-03,41.290000915527344,38.324867248535156
2020-09-04,40.86000061035156,37.92574691772461
2020-09-08,40.58000183105469,37.66584777832031
2020-09-09,42.34000015258789,39.29946517944336
2020-09-10,41.58000183105469,38.59403610229492
2020-09-11,41.15999984741211,38.20419692993164
2020-09-14,42.790000915527344,39.717140197753906
2020-09-15,42.790000915527344,39.717140197753906
2020-09-16,42.849998474121094,39.772830963134766
2020-09-17,42.099998474121094,39.076698303222656
2020-09-18,41.36000061035156,38.389835357666016
2020-09-21,39.84000015258789,36.97898864746094
2020-09-22,40.02000045776367,37.14606857299805
2020-09-23,37.630001068115234,34.927696228027344
2020-09-24,38.689998626708984,35.91157531738281
2020-09-25,38.41999816894531,35.66096496582031
2020-09-28,38.869998931884766,36.07864761352539
2020-09-29,39.369998931884766,36.54274368286133
2020-09-30,39.15999984741211,36.34782409667969
2020-10-01,39.56999969482422,36.7283821105957
2020-10-02,38.970001220703125,36.17147445678711
2020-10-05,39.56999969482422,36.7283821105957
2020-10-06,38.11000061035156,35.37322998046875
2020-10-07,38.349998474121094,35.59599304199219
2020-10-08,38.970001220703125,36.17147445678711
2020-10-09,40.779998779296875,37.85148620605469
2020-10-12,40.66999816894531,37.749385833740234
2020-10-13,40.25,37.35954666137695
2020-10-14,40.959999084472656,38.018558502197266
2020-10-15,40.29999923706055,37.40595245361328
2020-10-16,39.83000183105469,36.96971130371094
2020-10-19,39.15999984741211,36.34782409667969
2020-10-20,39.459999084472656,36.62628173828125
2020-10-21,39.91999816894531,37.053245544433594
2020-10-22,39.189998626708984,36.37567138671875
2020-10-23,38.81999969482422,36.0322380065918
2020-10-26,38.209999084472656,35.46604919433594
2020-10-27,38.83000183105469,36.04153060913086
2020-10-28,36.52000045776367,33.89741134643555
2020-10-29,36.95000076293945,34.29652786254883
2020-10-30,37.4900016784668,34.79774856567383
2020-11-02,38.630001068115234,35.85588455200195
2020-11-03,39.369998931884766,36.54274368286133
2020-11-04,38.470001220703125,35.707374572753906
2020-11-05,41.220001220703125,38.259891510009766
2020-11-06,41.41999816894531,38.44552230834961
2020-11-09,38.880001068115234,36.08793258666992
2020-11-10,37.560001373291016,34.86272048950195
2020-11-11,37.150001525878906,34.4821662902832
2020-11-12,37.4900016784668,34.79774856567383
2020-11-13,38.0099983215332,35.2804069519043
2020-11-16,37.7599983215332,35.04835891723633
2020-11-17,36.939998626708984,34.28725051879883
2020-11-18,35.81999969482422,33.247676849365234
2020-11-19,35.52000045776367,32.96922302246094
2020-11-20,35.900001525878906,33.321937561035156
2020-11-23,34.36000061035156,31.892526626586914
2020-11-24,33.41999816894531,31.020023345947266
2020-11-25,34.040000915527344,31.595504760742188
2020-11-27,34.22999954223633,31.771860122680664
2020-11-30,34.68000030517578,32.189544677734375
2020-12-01,35.959999084472656,33.377620697021484
2020-12-02,35.970001220703125,33.38690948486328
2020-12-03,35.5099983215332,32.95994186401367
2020-12-04,35.310001373291016,32.7743034362793
2020-12-07,36.5,33.87884521484375
2020-12-08,36.349998474121094,33.7396125793457
2020-12-09,35.400001525878906,32.85783767700195
2020-12-10,35.2400016784668,32.70933151245117
2020-12-11,35.08000183105469,32.56082534790039
2020-12-14,34.290000915527344,31.827550888061523
2020-12-15,35.369998931884766,32.82999038696289
2020-12-16,36.029998779296875,33.442596435546875
2020-12-17,37.290000915527344,34.61211395263672
2020-12-18,36.58000183105469,33.95309829711914
2020-12-21,36.349998474121094,33.915775299072266
2020-12-22,35.290000915527344,32.92676544189453
2020-12-23,35.91999816894531,33.51457595825195
2020-12-24,36.029998779296875,33.61720657348633
2020-12-28,35.689998626708984,33.29997253417969
2020-12-29,35.7400016784668,33.34662628173828
2020-12-30,36.560001373291016,34.111717224121094
2020-12-31,36.02000045776367,33.607872009277344
2021-01-04,38.5099983215332,35.93113327026367
2021-01-05,38.5,35.92179870605469
2021-01-06,38.459999084472656,35.88447570800781
2021-01-07,38.369998931884766,35.800498962402344
2021-01-08,36.52000045776367,34.07439422607422
2021-01-11,35.779998779296875,33.38395309448242
2021-01-12,36.040000915527344,33.62654113769531
2021-01-13,35.63999938964844,33.25332260131836
2021-01-14,35.61000061035156,33.225337982177734
2021-01-15,34.5099983215332,32.19898986816406
2021-01-19,34.869998931884766,32.534889221191406
2021-01-20,36.040000915527344,33.62654113769531
2021-01-21,35.709999084472656,33.31863784790039
2021-01-22,35.22999954223633,32.87078094482422
2021-01-25,35.189998626708984,32.833457946777344
2021-01-26,35.09000015258789,32.74015426635742
2021-01-27,33.7400016784668,31.48056411743164
2021-01-28,34.58000183105469,32.26430892944336
2021-01-29,34.5099983215332,32.19898986816406
2021-02-01,35.68000030517578,33.2906494140625
2021-02-02,34.619998931884766,32.301631927490234
2021-02-03,34.61000061035156,32.29229736328125
2021-02-04,33.84000015258789,31.573863983154297
2021-02-05,34.61000061035156,32.29229736328125
2021-02-08,35.220001220703125,32.861454010009766
2021-02-09,35.18000030517578,32.82412338256836
2021-02-10,35.279998779296875,32.91743087768555
2021-02-11,34.810001373291016,32.47890853881836
2021-02-12,34.779998779296875,32.45090866088867
2021-02-16,34.09000015258789,31.8071231842041
2021-02-17,33.220001220703125,30.995384216308594
2021-02-18,32.790000915527344,30.594179153442383
2021-02-19,32.7400016784668,30.547527313232422
2021-02-22,34.209999084472656,31.919086456298828
2021-02-23,33.439998626708984,31.200647354125977
2021-02-24,33.70000076293945,31.443235397338867
2021-02-25,32.33000183105469,30.16498374938965
2021-02-26,31.1299991607666,29.04534149169922
2021-03-01,30.899999618530273,28.83074378967285
2021-03-02,31.959999084472656,29.81975746154785
2021-03-03,31.350000381469727,29.250608444213867
2021-03-04,31.3700008392334,29.269269943237305
2021-03-05,31.780000686645508,29.65181541442871
2021-03-08,31.389999389648438,29.287931442260742
2021-03-09,32.29999923706055,30.13698959350586
2021-03-10,32.43000030517578,30.258285522460938
2021-03-11,33.04999923706055,30.836763381958008
2021-03-12,33.08000183105469,30.86475944519043
2021-03-15,33.619998931884766,31.36859703063965
2021-03-16,33.4900016784668,31.247304916381836
2021-03-17,34.209999084472656,31.919086456298828
2021-03-18,33.619998931884766,31.36859703063965
2021-03-19,33.88999938964844,31.62051773071289
2021-03-22,33.4900016784668,31.247304916381836
2021-03-23,32.63999938964844,30.454221725463867
2021-03-24,32.29999923706055,30.13698959350586
2021-03-25,32.2400016784668,30.081010818481445
2021-03-26,32.77000045776367,30.575517654418945
2021-03-29,32.86000061035156,30.659488677978516
2021-03-30,31.829999923706055,29.698463439941406
2021-03-31,32.5,30.323596954345703
2021-04-01,33.599998474121094,31.349937438964844
2021-04-05,33.709999084472656,31.45256805419922
2021-04-06,34.279998779296875,31.984397888183594
2021-04-07,33.93000030517578,31.657833099365234
2021-04-08,34.72999954223633,32.404266357421875
2021-04-09,34.72999954223633,32.404266357421875
2021-04-12,33.959999084472656,31.685823440551758
2021-04-13,34.560001373291016,32.24564743041992
2021-04-14,34.290000915527344,31.993728637695312
2021-04-15,35.709999084472656,33.31863784790039
2021-04-16,36.029998779296875,33.61720657348633
2021-04-19,35.790000915527344,33.393280029296875
2021-04-20,36.20000076293945,33.77582550048828
2021-04-21,36.83000183105469,34.36363220214844
2021-04-22,36.18000030517578,33.75716018676758
2021-04-23,36.060001373291016,33.645198822021484
2021-04-26,35.97999954223633,33.570552825927734
2021-04-27,35.29999923706055,32.936092376708984
2021-04-28,35.45000076293945,33.076045989990234
2021-04-29,34.77000045776367,32.44158172607422
2021-04-30,34.36000061035156,32.059043884277344
2021-05-03,35.68000030517578,33.2906494140625
2021-05-04,35.310001373291016,32.9454231262207
2021-05-05,35.61000061035156,33.225337982177734
2021-05-06,36.7599983215332,34.298316955566406
2021-05-07,37.41999816894531,34.914119720458984
2021-05-10,37.380001068115234,34.87680435180664
2021-05-11,37.63999938964844,35.11939239501953
2021-05-12,36.86000061035156,34.391624450683594
2021-05-13,36.93000030517578,34.45693588256836
2021-05-14,37.84000015258789,35.305999755859375
2021-05-17,39.68000030517578,37.02278137207031
2021-05-18,39.630001068115234,36.97612762451172
2021-05-19,39.040000915527344,36.425636291503906
2021-05-20,39.5099983215332,36.86416244506836
2021-05-21,39.290000915527344,36.65890121459961
2021-05-24,39.43000030517578,36.789527893066406
2021-05-25,39.52000045776367,36.87349319458008
2021-05-26,39.459999084472656,36.81751251220703
2021-05-27,39.209999084472656,36.58425521850586
2021-05-28,39.41999816894531,36.78018569946289
2021-06-01,39.4900016784668,36.84550476074219
2021-06-02,39.540000915527344,36.89215850830078
2021-06-03,38.16999816894531,35.61389923095703
2021-06-04,38.68000030517578,36.08974838256836
2021-06-07,38.650001525878906,36.0617561340332
2021-06-08,38.099998474121094,35.548587799072266
2021-06-09,38.0,35.455284118652344
2021-06-10,38.95000076293945,36.34166717529297
2021-06-11,38.279998779296875,35.71653366088867
2021-06-14,38.029998779296875,35.4832763671875
2021-06-15,37.59000015258789,35.0727424621582
2021-06-16,36.77000045776367,34.307655334472656
2021-06-17,34.93000030517578,32.59086990356445
2021-06-18,34.130001068115234,31.84444236755371
2021-06-21,34.77000045776367,32.44158172607422
2021-06-22,34.54999923706055,32.23631286621094
2021-06-23,34.33000183105469,32.03105163574219
2021-06-24,34.439998626708984,32.1336784362793
2021-06-25,34.36000061035156,32.059043884277344
2021-06-28,33.97999954223633,31.704486846923828
2021-06-29,33.63999938964844,31.387250900268555
2021-06-30,33.97999954223633,31.704486846923828
2021-07-01,33.959999084472656,31.685823440551758
2021-07-02,34.41999816894531,32.11502456665039
2021-07-06,34.52000045776367,32.20832824707031
2021-07-07,34.560001373291016,32.24564743041992
2021-07-08,33.68000030517578,31.424577713012695
2021-07-09,34.369998931884766,32.06836700439453
2021-07-12,33.88999938964844,31.62051773071289
2021-07-13,34.279998779296875,31.984397888183594
2021-07-14,34.7400016784668,32.41359329223633
2021-07-15,34.970001220703125,32.62819290161133
2021-07-16,33.91999816894531,31.648508071899414
2021-07-19,33.189998626708984,30.967391967773438
2021-07-20,33.29999923706055,31.070024490356445
2021-07-21,33.619998931884766,31.36859703063965
2021-07-22,33.40999984741211,31.172658920288086
2021-07-23,33.150001525878906,30.930068969726562
2021-07-26,33.5,31.25663185119629
2021-07-27,33.68000030517578,31.424577713012695
2021-07-28,34.189998626708984,31.900421142578125
2021-07-29,35.06999969482422,32.72148895263672
2021-07-30,34.91999816894531,32.58153533935547
2021-08-02,34.779998779296875,32.45090866088867
2021-08-03,35.09000015258789,32.74015426635742
2021-08-04,34.779998779296875,32.45090866088867
2021-08-05,34.2599983215332,31.96573257446289
2021-08-06,33.2400016784668,31.014041900634766
2021-08-09,32.43000030517578,30.258285522460938
2021-08-10,32.02000045776367,29.875741958618164
2021-08-11,32.65999984741211,30.472883224487305
2021-08-12,32.15999984741211,30.00636863708496
2021-08-13,32.81999969482422,30.622169494628906
2021-08-16,32.63999938964844,30.454221725463867
2021-08-17,32.25,30.09033966064453
2021-08-18,31.489999771118164,29.3812313079834
2021-08-19,30.959999084472656,28.886722564697266
2021-08-20,30.850000381469727,28.78409194946289
2021-08-23,32.119998931884766,29.96904182434082
2021-08-24,32.11000061035156,29.959714889526367
2021-08-25,31.68000030517578,29.558509826660156
2021-08-26,31.479999542236328,29.371902465820312
2021-08-27,32.61000061035156,30.426231384277344
2021-08-30,32.16999816894531,30.01569366455078
2021-08-31,32.599998474121094,30.416900634765625
2021-09-01,32.380001068115234,30.21163558959961
2021-09-02,32.5,30.323596954345703
2021-09-03,33.279998779296875,31.05136489868164
2021-09-07,32.349998474121094,30.18364143371582
2021-09-08,32.189998626708984,30.03435516357422
2021-09-09,31.959999084472656,29.81975746154785
2021-09-10,31.5,29.39056396484375
2021-09-13,32.11000061035156,29.959714889526367
2021-09-14,32.27000045776367,30.10900115966797
2021-09-15,32.2599983215332,30.099668502807617
2021-09-16,30.920000076293945,28.84940528869629
2021-09-17,30.579999923706055,28.53217315673828
2021-09-20,30.450000762939453,28.410877227783203
2021-09-21,30.469999313354492,28.42953872680664
2021-09-22,30.5,28.457529067993164
2021-09-23,29.889999389648438,27.88838005065918
2021-09-24,29.68000030517578,27.69244384765625
2021-09-27,29.68000030517578,27.69244384765625
2021-09-28,29.3700008392334,27.403202056884766
2021-09-29,28.90999984741211,26.97400665283203
2021-09-30,29.469999313354492,27.496503829956055
2021-10-01,29.329999923706055,27.365880966186523
2021-10-04,29.670000076293945,27.68311309814453
2021-10-05,29.780000686645508,27.785749435424805
2021-10-06,30.34000015258789,28.308244705200195
2021-10-07,30.399999618530273,28.364225387573242
2021-10-08,30.670000076293945,28.61614418029785
2021-10-11,30.579999923706055,28.53217315673828
2021-10-12,31.139999389648438,29.054670333862305
2021-10-13,32.150001525878906,29.997037887573242
2021-10-14,32.849998474121094,30.650157928466797
2021-10-15,32.52000045776367,30.34225845336914
2021-10-18,32.220001220703125,30.06235122680664
2021-10-19,32.5,30.323596954345703
2021-10-20,32.86000061035156,30.659488677978516
2021-10-21,32.72999954223633,30.538196563720703
2021-10-22,32.9900016784668,30.780786514282227
2021-10-25,33.45000076293945,31.20998191833496
2021-10-26,33.25,31.023374557495117
2021-10-27,33.099998474121094,30.88341522216797
2021-10-28,32.59000015258789,30.407569885253906
2021-10-29,31.709999084472656,29.58650016784668
2021-11-01,31.860000610351562,29.726455688476562
2021-11-02,31.530000686645508,29.418556213378906
2021-11-03,31.860000610351562,29.726455688476562
2021-11-04,31.75,29.623821258544922
2021-11-05,32.75,30.556854248046875
2021-11-08,32.900001525878906,30.696815490722656
2021-11-09,33.31999969482422,31.088682174682617
2021-11-10,33.90999984741211,31.639175415039062
2021-11-11,34.70000076293945,32.37627410888672
2021-11-12,34.77000045776367,32.44158172607422
2021-11-15,34.900001525878906,32.5628776550293
2021-11-16,34.290000915527344,31.993728637695312
2021-11-17,34.560001373291016,32.24564743041992
2021-11-18,34.2400016784668,31.94707679748535
2021-11-19,33.66999816894531,31.415245056152344
2021-11-22,33.0,30.790115356445312
2021-11-23,32.5,30.323596954345703
2021-11-24,32.41999816894531,30.248952865600586
2021-11-26,32.119998931884766,29.96904182434082
2021-11-29,32.130001068115234,29.978378295898438
2021-11-30,31.799999237060547,29.670473098754883
2021-12-01,30.829999923706055,28.765430450439453
2021-12-02,30.459999084472656,28.420209884643555
2021-12-03,30.690000534057617,28.634807586669922
2021-12-06,31.1200008392334,29.036012649536133
2021-12-07,31.34000015258789,29.24127960205078
2021-12-08,31.489999771118164,29.3812313079834
2021-12-09,30.68000030517578,28.625476837158203
2021-12-10,30.489999771118164,28.448200225830078
2021-12-13,30.510000228881836,28.466859817504883
2021-12-14,30.110000610351562,28.09364891052246
2021-12-15,29.700000762939453,27.711103439331055
2021-12-16,31.190000534057617,29.1013240814209
2021-12-17,31.1299991607666,29.04534149169922
2021-12-20,30.59000015258789,29.04059600830078
2021-12-21,30.81999969482422,29.25894546508789
2021-12-22,31.15999984741211,29.581724166870117
2021-12-23,31.299999237060547,29.714632034301758
2021-12-27,31.329999923706055,29.743112564086914
2021-12-28,31.09000015258789,29.515268325805664
2021-12-29,31.219999313354492,29.638683319091797
2021-12-30,31.780000686645508,30.170320510864258
2021-12-31,32.029998779296875,30.407657623291016
2022-01-03,31.25,29.66716194152832
2022-01-04,31.3799991607666,29.790578842163086
2022-01-05,30.850000381469727,29.287425994873047
2022-01-06,29.760000228881836,28.252634048461914
2022-01-07,30.010000228881836,28.489973068237305
2022-01-10,30.510000228881836,28.964645385742188
2022-01-11,31.139999389648438,29.562734603881836
2022-01-12,31.709999084472656,30.103864669799805
2022-01-13,31.239999771118164,29.657672882080078
2022-01-14,30.969999313354492,29.401348114013672
2022-01-18,30.600000381469727,29.05008888244629
2022-01-19,32.790000915527344,31.12916374206543
2022-01-20,32.33000183105469,30.69246482849121
2022-01-21,31.649999618530273,30.046903610229492
2022-01-24,31.450000762939453,29.857036590576172
2022-01-25,31.65999984741211,30.056398391723633
2022-01-26,30.6299991607666,29.07856559753418
2022-01-27,29.68000030517578,28.176687240600586
2022-01-28,29.299999237060547,27.815933227539062
2022-01-31,30.229999542236328,28.698829650878906
2022-02-01,30.530000686645508,28.98363494873047
2022-02-02,30.6299991607666,29.07856559753418
2022-02-03,30.25,28.717815399169922
2022-02-04,30.399999618530273,28.86021614074707
2022-02-07,31.299999237060547,29.714632034301758
2022-02-08,31.649999618530273,30.046903610229492
2022-02-09,31.59000015258789,29.989944458007812
2022-02-10,30.690000534057617,29.135530471801758
2022-02-11,32.43000030517578,30.787397384643555
2022-02-14,33.09000015258789,31.413970947265625
2022-02-15,32.4900016784668,30.8443603515625
2022-02-16,33.529998779296875,31.831680297851562
2022-02-17,34.779998779296875,33.01836395263672
2022-02-18,34.5,32.7525520324707
2022-02-22,34.11000061035156,32.38230514526367
2022-02-23,34.7400016784668,32.98039627075195
2022-02-24,34.06999969482422,32.344329833984375
2022-02-25,34.38999938964844,32.64812088012695
2022-02-28,34.380001068115234,32.63862991333008
2022-03-01,35.86000061035156,34.043663024902344
2022-03-02,35.72999954223633,33.920249938964844
2022-03-03,36.02000045776367,34.195560455322266
2022-03-04,37.400001525878906,35.50566864013672
2022-03-07,38.36000061035156,36.41703796386719
2022-03-08,38.56999969482422,36.61640167236328
2022-03-09,38.130001068115234,36.198692321777344
2022-03-10,38.90999984741211,36.939178466796875
2022-03-11,38.290000915527344,36.3505859375
2022-03-14,36.72999954223633,34.869598388671875
2022-03-15,36.900001525878906,35.03099060058594
2022-03-16,37.0099983215332,35.135414123535156
2022-03-17,37.70000076293945,35.790470123291016
2022-03-18,37.220001220703125,35.334781646728516
2022-03-21,38.150001525878906,36.21767807006836
2022-03-22,37.7599983215332,35.84742736816406
2022-03-23,38.720001220703125,36.7588005065918
2022-03-24,38.560001373291016,36.60691452026367
2022-03-25,38.720001220703125,36.7588005065918
2022-03-28,37.70000076293945,35.790470123291016
2022-03-29,38.220001220703125,36.28413391113281
2022-03-30,38.650001525878906,36.692352294921875
2022-03-31,38.349998474121094,36.40754318237305
2022-04-01,39.4900016784668,37.489803314208984
2022-04-04,39.13999938964844,37.15753173828125
2022-04-05,38.279998779296875,36.34109115600586
2022-04-06,38.18000030517578,36.24615478515625
2022-04-07,38.72999954223633,36.7682991027832
2022-04-08,39.66999816894531,37.66068649291992
2022-04-11,39.45000076293945,37.45182418823242
2022-04-12,39.79999923706055,37.78409957885742
2022-04-13,40.689998626708984,38.62902069091797
2022-04-14,40.86000061035156,38.7904167175293
2022-04-18,40.869998931884766,38.799903869628906
2022-04-19,39.70000076293945,37.689170837402344
2022-04-20,40.130001068115234,38.097389221191406
2022-04-21,38.09000015258789,36.16071319580078
2022-04-22,36.939998626708984,35.068965911865234
2022-04-25,35.66999816894531,33.86328125
2022-04-26,34.900001525878906,33.13228988647461
2022-04-27,34.70000076293945,32.942420959472656
2022-04-28,35.40999984741211,33.616458892822266
2022-04-29,34.9900016784668,33.21773147583008
2022-05-02,34.54999923706055,32.800018310546875
2022-05-03,35.11000061035156,33.3316535949707
2022-05-04,35.779998779296875,33.96772003173828
2022-05-05,34.630001068115234,32.8759651184082
2022-05-06,34.2400016784668,32.50571823120117
2022-05-09,32.22999954223633,30.59752655029297
2022-05-10,31.690000534057617,30.08487892150879
2022-05-11,31.649999618530273,30.046903610229492
2022-05-12,30.18000030517578,28.6513614654541
2022-05-13,30.8799991607666,29.31590461730957
2022-05-16,31.18000030517578,29.600709915161133
2022-05-17,31.239999771118164,29.657672882080078
2022-05-18,30.450000762939453,28.907684326171875
2022-05-19,32.150001525878906,30.52157974243164
2022-05-20,32.060001373291016,30.436138153076172
2022-05-23,32.25,30.616514205932617
2022-05-24,32.7400016784668,31.081697463989258
2022-05-25,32.59000015258789,30.93929100036621
2022-05-26,32.38999938964844,30.74942398071289
2022-05-27,32.5099983215332,30.863344192504883
2022-05-31,31.729999542236328,30.122852325439453
2022-06-01,31.979999542236328,30.360191345214844
2022-06-02,33.349998474121094,31.660795211791992
2022-06-03,32.560001373291016,30.91081428527832
2022-06-06,32.220001220703125,30.588035583496094
2022-06-07,32.529998779296875,30.8823299407959
2022-06-08,32.310001373291016,30.67347526550293
2022-06-09,31.09000015258789,29.515268325805664
2022-06-10,32.56999969482422,30.920305252075195
2022-06-13,30.469999313354492,28.926671981811523
2022-06-14,29.700000762939453,28.195674896240234
2022-06-15,30.190000534057617,28.66085433959961
2022-06-16,30.760000228881836,29.201984405517578
2022-06-17,30.389999389648438,28.850725173950195
2022-06-21,30.5,28.95515251159668
2022-06-22,30.079999923706055,28.556427001953125
2022-06-23,28.90999984741211,27.445688247680664
2022-06-24,29.65999984741211,28.157699584960938
2022-06-27,29.469999313354492,27.977323532104492
2022-06-28,28.8700008392334,27.40771484375
2022-06-29,28.440000534057617,26.999492645263672
2022-06-30,27.3799991607666,25.993183135986328
2022-07-01,28.15999984741211,26.733673095703125
2022-07-05,26.959999084472656,25.59445571899414
2022-07-06,26.790000915527344,25.433069229125977
2022-07-07,27.15999984741211,25.784326553344727
2022-07-08,27.059999465942383,25.689390182495117
2022-07-11,26.649999618530273,25.30015754699707
2022-07-12,26.260000228881836,24.929912567138672
2022-07-13,26.829999923706055,25.471040725708008
2022-07-14,25.709999084472656,24.40777015686035
2022-07-15,25.59000015258789,24.293848037719727
2022-07-18,25.709999084472656,24.40777015686035
2022-07-19,26.020000457763672,24.702068328857422
2022-07-20,25.260000228881836,23.98056411743164
2022-07-21,25.739999771118164,24.436248779296875
2022-07-22,25.40999984741211,24.122966766357422
2022-07-25,24.59000015258789,23.344497680664062
2022-07-26,25.100000381469727,23.82866668701172
2022-07-27,25.530000686645508,24.236888885498047
2022-07-28,26.0,24.683080673217773
2022-07-29,26.270000457763672,24.939403533935547
2022-08-01,26.209999084472656,24.882444381713867
2022-08-02,25.8799991607666,24.56915855407715
2022-08-03,25.540000915527344,24.246381759643555
2022-08-04,26.43000030517578,25.091299057006836
2022-08-05,26.280000686645508,24.94890022277832
2022-08-08,27.0,25.632431030273438
2022-08-09,26.940000534057617,25.575468063354492
2022-08-10,27.1299991607666,25.755844116210938
2022-08-11,26.6200008392334,25.271677017211914
2022-08-12,27.219999313354492,25.841285705566406
2022-08-15,26.6299991607666,25.281171798706055
2022-08-16,26.729999542236328,25.37610626220703
2022-08-17,25.780000686645508,24.474225997924805
2022-08-18,25.809999465942383,24.502702713012695
2022-08-19,25.25,23.971071243286133
2022-08-22,25.270000457763672,23.990055084228516
2022-08-23,25.700000762939453,24.398277282714844
2022-08-24,25.90999984741211,24.597639083862305
2022-08-25,26.1299991607666,24.806495666503906
2022-08-26,24.899999618530273,23.638797760009766
2022-08-29,24.610000610351562,23.36348533630371
2022-08-30,24.079999923706055,22.860328674316406
2022-08-31,23.799999237060547,22.594512939453125
2022-09-01,23.059999465942383,21.891996383666992
2022-09-02,23.790000915527344,22.585020065307617
2022-09-06,23.440000534057617,22.25274658203125
2022-09-07,24.31999969482422,23.08817481994629
2022-09-08,24.360000610351562,23.126148223876953
2022-09-09,25.100000381469727,23.82866668701172
2022-09-12,25.450000762939453,24.160940170288086
2022-09-13,24.420000076293945,23.183109283447266
2022-09-14,24.469999313354492,23.230575561523438
2022-09-15,23.739999771118164,22.537551879882812
2022-09-16,24.0,22.78438377380371
2022-09-19,24.420000076293945,23.183109283447266
2022-09-20,23.75,22.547046661376953
2022-09-21,23.829999923706055,22.62299156188965
2022-09-22,23.739999771118164,22.537551879882812
2022-09-23,22.440000534057617,21.30340003967285
2022-09-26,21.860000610351562,20.752777099609375
2022-09-27,22.0,20.885684967041016
2022-09-28,23.579999923706055,22.385656356811523
2022-09-29,23.690000534057617,22.490083694458008
2022-09-30,24.1200008392334,22.898305892944336
2022-10-03,25.040000915527344,23.771705627441406
2022-10-04,25.75,24.445743560791016
2022-10-05,25.3700008392334,24.084991455078125
2022-10-06,25.649999618530273,24.35080909729004
2022-10-07,24.389999389648438,23.15462875366211
2022-10-10,24.020000457763672,22.803369522094727
2022-10-11,23.809999465942383,22.604005813598633
2022-10-12,24.020000457763672,22.803369522094727
2022-10-13,23.739999771118164,22.537551879882812
2022-10-14,22.719999313354492,21.5692138671875
2022-10-17,23.450000762939453,22.26224136352539
2022-10-18,23.610000610351562,22.41413688659668
2022-10-19,22.889999389648438,21.73060417175293
2022-10-20,23.18000030517578,22.00591468811035
2022-10-21,24.34000015258789,23.107160568237305
2022-10-24,23.93000030517578,22.71792984008789
2022-10-25,24.40999984741211,23.173616409301758
2022-10-26,25.1299991607666,23.857147216796875
2022-10-27,24.81999969482422,23.562847137451172
2022-10-28,24.719999313354492,23.467914581298828
2022-10-31,24.15999984741211,22.936279296875
2022-11-01,24.700000762939453,23.448928833007812
2022-11-02,23.25,22.072370529174805
2022-11-03,22.68000030517578,21.531240463256836
2022-11-04,24.950000762939453,23.68626594543457
2022-11-07,25.149999618530273,23.876134872436523
2022-11-08,26.65999984741211,25.30965232849121
2022-11-09,26.239999771118164,24.910924911499023
2022-11-10,28.209999084472656,26.78114128112793
2022-11-11,28.299999237060547,26.86658477783203
2022-11-14,28.1200008392334,26.695703506469727
2022-11-15,27.850000381469727,26.439380645751953
2022-11-16,27.530000686645508,26.135587692260742
2022-11-17,27.1200008392334,25.746353149414062
2022-11-18,27.3700008392334,25.983692169189453
2022-11-21,27.18000030517578,25.803314208984375
2022-11-22,28.260000228881836,26.828609466552734
2022-11-23,28.709999084472656,27.255817413330078
2022-11-25,28.440000534057617,26.999492645263672
2022-11-28,27.299999237060547,25.917234420776367
2022-11-29,28.149999618530273,26.72418212890625
2022-11-30,29.049999237060547,27.578596115112305
2022-12-01,30.040000915527344,28.51845359802246
2022-12-02,29.920000076293945,28.404531478881836
2022-12-05,28.84000015258789,27.37923240661621
2022-12-06,28.850000381469727,27.38872718811035
2022-12-07,29.40999984741211,27.920360565185547
2022-12-08,29.40999984741211,27.920360565185547
2022-12-09,29.06999969482422,27.597583770751953
2022-12-12,28.940000534057617,27.47416877746582
2022-12-13,29.780000686645508,28.271623611450195
2022-12-14,29.6299991607666,28.12921905517578
2022-12-15,28.31999969482422,26.885570526123047
2022-12-16,28.600000381469727,27.15138816833496
2022-12-19,27.65999984741211,26.70343780517578
2022-12-20,28.739999771118164,27.74608612060547
2022-12-21,29.079999923706055,28.074329376220703
2022-12-22,28.760000228881836,27.76539421081543
2022-12-23,28.8700008392334,27.87158966064453
2022-12-27,29.600000381469727,28.576345443725586
2022-12-28,28.68000030517578,27.688161849975586
2022-12-29,28.81999969482422,27.823318481445312
2022-12-30,28.65999984741211,27.668851852416992
2023-01-03,29.65999984741211,28.63426971435547
2023-01-04,30.920000076293945,29.850696563720703
2023-01-05,30.649999618530273,29.590030670166016
2023-01-06,31.559999465942383,30.46856117248535
2023-01-09,31.260000228881836,30.178936004638672
2023-01-10,31.84000015258789,30.738880157470703
2023-01-11,31.56999969482422,30.47821617126465
2023-01-12,32.18000030517578,31.067121505737305
2023-01-13,32.650001525878906,31.5208683013916
2023-01-17,31.520000457763672,30.429946899414062
2023-01-18,31.209999084472656,30.13066291809082
2023-01-19,32.02000045776367,30.91265296936035
2023-01-20,32.41999816894531,31.298818588256836
2023-01-23,32.400001525878906,31.27951431274414
2023-01-24,32.72999954223633,31.598098754882812
2023-01-25,33.27000045776367,32.11942672729492
2023-01-26,32.7599983215332,31.627059936523438
2023-01-27,32.310001373291016,31.192626953125
2023-01-30,31.829999923706055,30.729225158691406
2023-01-31,32.02000045776367,30.91265296936035
2023-02-01,32.7400016784668,31.607755661010742
2023-02-02,31.719999313354492,30.623027801513672
2023-02-03,30.31999969482422,29.27144432067871
2023-02-06,30.209999084472656,29.16524887084961
2023-02-07,30.6299991607666,29.570722579956055
2023-02-08,30.3700008392334,29.319717407226562
2023-02-09,29.760000228881836,28.730812072753906
2023-02-10,29.6200008392334,28.595653533935547
2023-02-13,29.579999923706055,28.557035446166992
2023-02-14,29.639999389648438,28.614961624145508
2023-02-15,28.790000915527344,27.79435920715332
2023-02-16,28.670000076293945,27.67850685119629
2023-02-17,28.40999984741211,27.42749786376953
2023-02-21,28.110000610351562,27.137874603271484
2023-02-22,27.450000762939453,26.500696182250977
2023-02-23,27.309999465942383,26.36553955078125
2023-02-24,26.989999771118164,26.05660629272461
2023-02-27,27.200000762939453,26.25934410095215
2023-02-28,27.510000228881836,26.558624267578125
2023-03-01,28.110000610351562,27.137874603271484
2023-03-02,28.170000076293945,27.195798873901367
2023-03-03,28.6299991607666,27.639890670776367
2023-03-06,28.079999923706055,27.108911514282227
2023-03-07,26.889999389648438,25.96006202697754
2023-03-08,26.809999465942383,25.882831573486328
2023-03-09,26.68000030517578,25.757326126098633
2023-03-10,27.200000762939453,26.25934410095215
2023-03-13,29.100000381469727,28.093637466430664
2023-03-14,29.329999923706055,28.31568145751953
2023-03-15,29.329999923706055,28.31568145751953
2023-03-16,29.15999984741211,28.151559829711914
2023-03-17,30.579999923706055,29.52245330810547
2023-03-20,31.110000610351562,30.03412437438965
2023-03-21,30.0,28.962512969970703
2023-03-22,30.559999465942383,29.503145217895508
2023-03-23,31.309999465942383,30.227205276489258
2023-03-24,31.549999237060547,30.458906173706055
2023-03-27,31.520000457763672,30.429946899414062
2023-03-28,32.310001373291016,31.192626953125
2023-03-29,32.040000915527344,30.931962966918945
2023-03-30,32.52000045776367,31.395362854003906
2023-03-31,32.349998474121094,31.231237411499023
2023-04-03,33.08000183105469,31.935998916625977
2023-04-04,34.189998626708984,33.00761032104492
2023-04-05,34.34000015258789,33.15242004394531
2023-04-06,34.43000030517578,33.23931121826172
2023-04-10,33.9900016784668,32.81452941894531
2023-04-11,34.58000183105469,33.38412094116211
2023-04-12,34.91999816894531,33.712364196777344
2023-04-13,35.869998931884766,34.62950897216797
2023-04-14,35.09000015258789,33.87648391723633
2023-04-17,34.29999923706055,33.11380386352539
2023-04-18,34.54999923706055,33.35515594482422
2023-04-19,34.08000183105469,32.90141296386719
2023-04-20,34.060001373291016,32.88210678100586
2023-04-21,33.61000061035156,32.447669982910156
2023-04-24,33.709999084472656,32.54420852661133
2023-04-25,33.77000045776367,32.602134704589844
2023-04-26,33.33000183105469,32.17735290527344
2023-04-27,33.849998474121094,32.67936325073242
2023-04-28,33.58000183105469,32.41870880126953
2023-05-01,33.40999984741211,32.254581451416016
2023-05-02,34.7400016784668,33.53859329223633
2023-05-03,34.86000061035156,33.65443801879883
2023-05-04,35.689998626708984,34.45573043823242
2023-05-05,35.400001525878906,34.17576599121094
2023-05-08,35.36000061035156,34.137149810791016
2023-05-09,35.25,34.030948638916016
2023-05-10,35.0,33.78959655761719
2023-05-11,33.52000045776367,32.36077880859375
2023-05-12,33.599998474121094,32.43801498413086
2023-05-15,33.90999984741211,32.7372932434082
2023-05-16,33.0099983215332,31.8684139251709
2023-05-17,32.72999954223633,31.598098754882812
2023-05-18,31.8799991607666,30.777494430541992
2023-05-19,32.15999984741211,31.04781150817871
2023-05-22,31.8700008392334,30.767841339111328
2023-05-23,31.649999618530273,30.555448532104492
2023-05-24,30.920000076293945,29.850696563720703
2023-05-25,30.260000228881836,29.21352195739746
2023-05-26,30.40999984741211,29.35833168029785
2023-05-30,30.200000762939453,29.155595779418945
2023-05-31,30.90999984741211,29.841041564941406
2023-06-01,32.0099983215332,30.902997970581055
2023-06-02,31.40999984741211,30.323747634887695
2023-06-05,31.559999465942383,30.46856117248535
2023-06-06,31.6299991607666,30.536142349243164
2023-06-07,31.049999237060547,29.976198196411133
2023-06-08,31.540000915527344,30.449254989624023
2023-06-09,31.079999923706055,30.00516128540039
2023-06-12,31.239999771118164,30.15962791442871
2023-06-13,30.889999389648438,29.821731567382812
2023-06-14,30.8700008392334,29.802425384521484
2023-06-15,31.0,29.927927017211914
2023-06-16,31.389999389648438,30.304441452026367
2023-06-20,30.139999389648438,29.09766960144043
2023-06-21,30.059999465942383,29.020435333251953
2023-06-22,29.850000381469727,28.817699432373047
2023-06-23,29.790000915527344,28.759775161743164
2023-06-26,30.06999969482422,29.03009033203125
2023-06-27,29.649999618530273,28.624614715576172
2023-06-28,29.219999313354492,28.20948600769043
2023-06-29,29.6200008392334,28.595653533935547
2023-06-30,30.110000610351562,29.068708419799805
2023-07-03,30.690000534057617,29.62864875793457
2023-07-05,29.829999923706055,28.798389434814453
2023-07-06,29.06999969482422,28.064672470092773
2023-07-07,29.450000762939453,28.431533813476562
2023-07-10,30.040000915527344,29.001129150390625
2023-07-11,30.239999771118164,29.194210052490234
2023-07-12,31.81999969482422,30.71957015991211
2023-07-13,32.189998626708984,31.07677459716797
2023-07-14,31.959999084472656,30.85472869873047
2023-07-17,31.969999313354492,30.864381790161133
2023-07-18,32.630001068115234,31.501558303833008
2023-07-19,32.36000061035156,31.24089813232422
2023-07-20,31.389999389648438,30.304441452026367
2023-07-21,31.489999771118164,30.400983810424805
2023-07-24,31.290000915527344,30.207901000976562
2023-07-25,31.780000686645508,30.680953979492188
2023-07-26,31.649999618530273,30.555448532104492
2023-07-27,30.350000381469727,29.3004093170166
2023-07-28,30.719999313354492,29.657611846923828
2023-07-31,31.40999984741211,30.323747634887695
2023-08-01,30.229999542236328,29.18455696105957
2023-08-02,29.280000686645508,28.267410278320312
2023-08-03,29.280000686645508,28.267410278320312
2023-08-04,29.559999465942383,28.53772735595703
2023-08-07,29.329999923706055,28.31568145751953
2023-08-08,29.079999923706055,28.074329376220703
2023-08-09,29.1299991607666,28.12259864807129
2023-08-10,29.170000076293945,28.16121482849121
2023-08-11,29.459999084472656,28.441184997558594
2023-08-14,28.950000762939453,27.948823928833008
2023-08-15,28.209999084472656,27.234413146972656
2023-08-16,27.829999923706055,26.867555618286133
2023-08-17,27.610000610351562,26.655166625976562
2023-08-18,27.450000762939453,26.500696182250977
2023-08-21,27.709999084472656,26.751705169677734
2023-08-22,27.950000762939453,26.98340606689453
2023-08-23,28.739999771118164,27.74608612060547
2023-08-24,28.68000030517578,27.688161849975586
2023-08-25,28.399999618530273,27.417842864990234
2023-08-28,29.0,27.997095108032227
2023-08-29,29.530000686645508,28.508766174316406
2023-08-30,29.520000457763672,28.49911117553711
2023-08-31,29.260000228881836,28.24810218811035
2023-09-01,29.09000015258789,28.083982467651367
2023-09-05,28.489999771118164,27.504730224609375
2023-09-06,28.469999313354492,27.485422134399414
2023-09-07,28.280000686645508,27.30199432373047
2023-09-08,28.34000015258789,27.359920501708984
2023-09-11,28.770000457763672,27.775049209594727
2023-09-12,28.790000915527344,27.79435920715332
2023-09-13,28.719999313354492,27.726776123046875
2023-09-14,29.110000610351562,28.103290557861328
2023-09-15,29.719999313354492,28.69219207763672
2023-09-18,29.75,28.72115707397461
2023-09-19,29.399999618530273,28.38326072692871
2023-09-20,29.709999084472656,28.682540893554688
2023-09-21,28.90999984741211,27.910207748413086
2023-09-22,28.8700008392334,27.87158966064453
2023-09-25,28.510000228881836,27.52404022216797
2023-09-26,27.739999771118164,26.780668258666992
2023-09-27,26.90999984741211,25.979372024536133
2023-09-28,27.049999237060547,26.114530563354492
2023-09-29,26.90999984741211,25.979372024536133
2023-10-02,25.989999771118164,25.091188430786133
2023-10-03,26.06999969482422,25.16842269897461
2023-10-04,25.90999984741211,25.01395606994629
2023-10-05,26.31999969482422,25.409774780273438
2023-10-06,26.889999389648438,25.96006202697754
2023-10-09,27.540000915527344,26.587587356567383
2023-10-10,27.809999465942383,26.848247528076172
2023-10-11,28.31999969482422,27.340612411499023
2023-10-12,27.739999771118164,26.780668258666992
2023-10-13,28.950000762939453,27.948823928833008
2023-10-16,29.0,27.997095108032227
2023-10-17,29.530000686645508,28.508766174316406
2023-10-18,29.450000762939453,28.431533813476562
2023-10-19,29.510000228881836,28.489456176757812
2023-10-20,29.479999542236328,28.460494995117188
2023-10-23,29.239999771118164,28.228796005249023
2023-10-24,29.260000228881836,28.24810218811035
2023-10-25,28.780000686645508,27.784704208374023
2023-10-26,28.520000457763672,27.533693313598633
2023-10-27,29.200000762939453,28.19017791748047
2023-10-30,28.770000457763672,27.775049209594727
2023-10-31,28.010000228881836,27.041332244873047
2023-11-01,28.110000610351562,27.137874603271484
2023-11-02,28.260000228881836,27.282684326171875
2023-11-03,29.469999313354492,28.45083999633789
2023-11-06,29.149999618530273,28.14190673828125
2023-11-07,28.59000015258789,27.601272583007812
2023-11-08,27.690000534057617,26.732397079467773
2023-11-09,27.59000015258789,26.63585662841797
2023-11-10,27.25,26.307613372802734
2023-11-13,27.040000915527344,26.104877471923828
2023-11-14,28.329999923706055,27.350265502929688
2023-11-15,28.190000534057617,27.215106964111328
2023-11-16,28.610000610351562,27.620580673217773
2023-11-17,28.43000030517578,27.446807861328125
2023-11-20,28.510000228881836,27.52404022216797
2023-11-21,29.209999084472656,28.199831008911133
2023-11-22,29.25,28.238449096679688
2023-11-24,29.31999969482422,28.306026458740234
2023-11-27,29.790000915527344,28.759775161743164
2023-11-28,31.219999313354492,30.14031982421875
2023-11-29,31.200000762939453,30.12101173400879
2023-11-30,31.31999969482422,30.236862182617188
2023-12-01,31.809999465942383,30.709915161132812
2023-12-04,31.020000457763672,29.94723892211914
2023-12-05,30.479999542236328,29.42591094970703
2023-12-06,30.420000076293945,29.36798667907715
2023-12-07,30.31999969482422,29.27144432067871
2023-12-08,29.68000030517578,28.65357780456543
2023-12-11,29.549999237060547,28.528074264526367
2023-12-12,28.860000610351562,27.861936569213867
2023-12-13,30.700000762939453,29.638303756713867
2023-12-14,31.309999465942383,30.227205276489258
2023-12-15,30.950000762939453,29.879657745361328
2023-12-18,30.729999542236328,30.15441131591797
2023-12-19,31.549999237060547,30.95905303955078
2023-12-20,30.780000686645508,30.203475952148438
2023-12-21,31.350000381469727,30.762800216674805
2023-12-22,31.559999465942383,30.96886444091797
2023-12-26,31.670000076293945,31.076807022094727
2023-12-27,31.979999542236328,31.381000518798828
2023-12-28,31.170000076293945,30.586172103881836
2023-12-29,31.010000228881836,30.429168701171875
2024-01-02,30.559999465942383,29.98759651184082
2024-01-03,29.760000228881836,29.20258140563965
2024-01-04,29.770000457763672,29.21239471435547
2024-01-05,29.770000457763672,29.21239471435547
2024-01-08,29.700000762939453,29.143705368041992
2024-01-09,29.170000076293945,28.62363052368164
2024-01-10,29.110000610351562,28.564756393432617
2024-01-11,28.889999389648438,28.348876953125
2024-01-12,29.700000762939453,29.143705368041992
2024-01-16,28.389999389648438,27.85824203491211
2024-01-17,27.510000228881836,26.994726181030273
2024-01-18,27.59000015258789,27.073225021362305
2024-01-19,27.690000534057617,27.17135238647461
2024-01-22,27.600000381469727,27.083038330078125
2024-01-23,28.229999542236328,27.70123863220215
2024-01-24,27.700000762939453,27.18116569519043
2024-01-25,28.25,27.720863342285156
2024-01-26,28.06999969482422,27.544235229492188
2024-01-29,28.360000610351562,27.82880401611328
2024-01-30,28.149999618530273,27.62273597717285
2024-01-31,27.940000534057617,27.416671752929688
2024-02-01,29.030000686645508,28.486255645751953
2024-02-02,28.020000457763672,27.49517250061035
2024-02-05,27.360000610351562,26.847536087036133
2024-02-06,27.719999313354492,27.200790405273438
2024-02-07,27.459999084472656,26.945661544799805
2024-02-08,27.299999237060547,26.78865623474121
2024-02-09,26.969999313354492,26.4648380279541
2024-02-12,27.290000915527344,26.778844833374023
2024-02-13,25.889999389648438,25.405067443847656
2024-02-14,26.010000228881836,25.52281951904297
2024-02-15,26.770000457763672,26.268585205078125
2024-02-16,26.860000610351562,26.356901168823242
2024-02-20,26.989999771118164,26.48446273803711
2024-02-21,26.81999969482422,26.31764793395996
2024-02-22,26.15999984741211,25.67000961303711
2024-02-23,26.65999984741211,26.160646438598633
2024-02-26,26.25,25.758325576782227
2024-02-27,26.030000686645508,25.54244613647461
2024-02-28,25.780000686645508,25.297130584716797
2024-02-29,26.360000610351562,25.86626434326172
2024-03-01,27.329999923706055,26.818096160888672
2024-03-04,28.510000228881836,27.975994110107422
2024-03-05,28.65999984741211,28.123184204101562
2024-03-06,29.15999984741211,28.613819122314453
2024-03-07,29.610000610351562,29.055391311645508
2024-03-08,29.639999389648438,29.084829330444336
2024-03-11,30.1299991607666,29.565649032592773
2024-03-12,29.579999923706055,29.025951385498047
2024-03-13,30.290000915527344,29.722654342651367
2024-03-14,29.889999389648438,29.33014488220215
2024-03-15,29.889999389648438,29.33014488220215
2024-03-18,29.739999771118164,29.18295669555664
2024-03-19,29.059999465942383,28.51569175720215
2024-03-20,30.260000228881836,29.69321632385254
2024-03-21,29.959999084472656,29.398834228515625
2024-03-22,29.600000381469727,29.045578002929688
2024-03-25,29.829999923706055,29.271268844604492
2024-03-26,29.850000381469727,29.290895462036133
2024-03-27,30.959999084472656,30.380104064941406
2024-03-28,31.6200008392334,31.02774429321289
2024-04-01,32.029998779296875,31.430063247680664
2024-04-02,32.439998626708984,31.832380294799805
2024-04-03,33.13999938964844,32.51927185058594
2024-04-04,32.779998779296875,32.166015625
2024-04-05,33.84000015258789,33.20616149902344
2024-04-08,33.599998474121094,32.97065353393555
2024-04-09,34.18000030517578,33.539791107177734
2024-04-10,33.68000030517578,33.04916000366211
2024-04-11,34.45000076293945,33.80473709106445
2024-04-12,33.7599983215332,33.127655029296875
2024-04-15,33.529998779296875,32.9019660949707
2024-04-16,33.029998779296875,32.41133117675781
2024-04-17,33.54999923706055,32.92158889770508
2024-04-18,33.75,33.11784362792969
2024-04-19,34.06999969482422,33.43185043334961
2024-04-22,32.529998779296875,31.920696258544922
2024-04-23,33.04999923706055,32.43095397949219
2024-04-24,33.119998931884766,32.4996452331543
2024-04-25,34.33000183105469,33.68698501586914
2024-04-26,34.58000183105469,33.93230056762695
2024-04-29,34.77000045776367,34.11874008178711
2024-04-30,33.130001068115234,32.50946044921875
2024-05-01,33.31999969482422,32.695899963378906
2024-05-02,33.58000183105469,32.95103454589844
2024-05-03,33.439998626708984,32.81365203857422
2024-05-06,34.209999084472656,33.56922912597656
2024-05-07,34.16999816894531,33.52997589111328
2024-05-08,34.15999984741211,33.520164489746094
2024-05-09,35.36000061035156,34.697689056396484
2024-05-10,35.25,34.589752197265625
2024-05-13,34.95000076293945,34.295372009277344
2024-05-14,35.400001525878906,34.736942291259766
2024-05-15,35.90999984741211,35.23738479614258
2024-05-16,35.65999984741211,34.992069244384766
2024-05-17,36.869998931884766,36.179405212402344
2024-05-20,37.2400016784668,36.54248046875
2024-05-21,36.93000030517578,36.238285064697266
2024-05-22,35.45000076293945,34.786006927490234
2024-05-23,34.75,34.099117279052734
2024-05-24,35.2599983215332,34.59955978393555
2024-05-28,36.099998474121094,35.423828125
2024-05-29,35.189998626708984,34.5308723449707
2024-05-30,35.560001373291016,34.893943786621094
2024-05-31,35.29999923706055,34.63881301879883
2024-06-03,35.5099983215332,34.844879150390625
2024-06-04,34.18000030517578,33.539791107177734
2024-06-05,34.790000915527344,34.13836669921875
2024-06-06,36.0099983215332,35.33551025390625
2024-06-07,33.540000915527344,32.911781311035156
2024-06-10,34.029998779296875,33.392601013183594
2024-06-11,33.75,33.11784362792969
2024-06-12,34.0,33.363162994384766
2024-06-13,33.150001525878906,32.529083251953125
2024-06-14,33.40999984741211,32.78421401977539
2024-06-17,33.20000076293945,32.578147888183594
2024-06-18,33.70000076293945,33.068782806396484
2024-06-20,34.54999923706055,33.902862548828125
2024-06-21,33.9900016784668,33.353355407714844
2024-06-24,34.25,33.608482360839844
2024-06-25,33.84000015258789,33.20616149902344
2024-06-26,33.81999969482422,33.1865348815918
2024-06-27,34.22999954223633,33.5888557434082
2024-06-28,33.93000030517578,33.29447555541992
2024-07-01,33.88999938964844,33.255226135253906
2024-07-02,34.02000045776367,33.382789611816406
2024-07-03,35.279998779296875,34.61918640136719
2024-07-05,36.27000045776367,35.59064483642578
2024-07-08,36.099998474121094,35.423828125
2024-07-09,36.11000061035156,35.43363952636719
2024-07-10,37.04999923706055,36.35603713989258
2024-07-11,38.09000015258789,37.376556396484375
2024-07-12,38.16999816894531,37.455055236816406
2024-07-15,37.95000076293945,37.23918151855469
2024-07-16,39.279998779296875,38.54426574707031
2024-07-17,38.439998626708984,37.71999740600586
2024-07-18,37.869998931884766,37.160675048828125
2024-07-19,37.38999938964844,36.689666748046875
2024-07-22,37.45000076293945,36.7485466003418
2024-07-23,37.45000076293945,36.7485466003418
2024-07-24,37.22999954223633,36.53266143798828
2024-07-25,36.189998626708984,35.512142181396484
2024-07-26,36.47999954223633,35.79671096801758
2024-07-29,36.63999938964844,35.95371627807617
2024-07-30,36.95000076293945,36.257911682128906
2024-07-31,37.93000030517578,37.21955108642578
2024-08-01,37.27000045776367,36.57191467285156
2024-08-02,36.47999954223633,35.79671096801758
2024-08-05,35.34000015258789,34.67806625366211
2024-08-06,35.630001068115234,34.9626350402832
2024-08-07,34.709999084472656,34.05986404418945
2024-08-08,35.54999923706055,34.884132385253906
2024-08-09,35.84000015258789,35.168701171875
2024-08-12,36.900001525878906,36.20884704589844
2024-08-13,37.380001068115234,36.67985534667969
2024-08-14,37.11000061035156,36.414913177490234
2024-08-15,37.290000915527344,36.5915412902832
2024-08-16,38.4900016784668,37.769065856933594
2024-08-19,39.220001220703125,38.485389709472656
2024-08-20,39.5,38.76014709472656
2024-08-21,39.77000045776367,39.025089263916016
2024-08-22,38.779998779296875,38.05363082885742
2024-08-23,39.34000015258789,38.60314178466797
2024-08-26,39.22999954223633,38.495201110839844
2024-08-27,39.220001220703125,38.485389709472656
2024-08-28,38.36000061035156,37.641502380371094
2024-08-29,38.880001068115234,38.15176010131836
2024-08-30,38.619998931884766,37.89662551879883
2024-09-03,37.27000045776367,36.57191467285156
2024-09-04,36.90999984741211,36.218658447265625
2024-09-05,37.33000183105469,36.63079071044922
2024-09-06,36.31999969482422,35.63970947265625
2024-09-09,36.7599983215332,36.071468353271484
2024-09-10,37.220001220703125,36.522850036621094
2024-09-11,37.38999938964844,36.689666748046875
2024-09-12,39.209999084472656,38.47557830810547
2024-09-13,40.09000015258789,39.33909606933594
2024-09-16,39.88999938964844,39.14284133911133
2024-09-17,39.4900016784668,38.750335693359375
2024-09-18,39.060001373291016,38.32838821411133
2024-09-19,39.720001220703125,38.97602844238281
2024-09-20,40.5099983215332,39.75122833251953
2024-09-23,40.33000183105469,39.57460021972656
2024-09-24,41.40999984741211,40.63437271118164
2024-09-25,41.310001373291016,40.53624725341797
2024-09-26,41.63999938964844,40.86006164550781
2024-09-27,40.36000061035156,39.60403823852539
2024-09-30,39.81999969482422,39.074153900146484
2024-10-01,40.45000076293945,39.692352294921875
2024-10-02,40.369998931884766,39.61384963989258
2024-10-03,39.560001373291016,38.81902313232422
2024-10-04,39.54999923706055,38.809207916259766
2024-10-07,39.029998779296875,38.298946380615234
2024-10-08,38.9900016784668,38.259700775146484
2024-10-09,38.790000915527344,38.063446044921875
2024-10-10,39.869998931884766,39.12321472167969
2024-10-11,40.04999923706055,39.299842834472656
2024-10-14,40.15999984741211,39.40778350830078
2024-10-15,40.68000030517578,39.91804122924805
2024-10-16,41.0,40.232051849365234
2024-10-17,41.4900016784668,40.71287155151367
2024-10-18,43.150001525878906,42.34178161621094
2024-10-21,43.220001220703125,42.41046905517578
2024-10-22,44.09000015258789,43.2641716003418
2024-10-23,43.2599983215332,42.4497184753418
2024-10-24,42.130001068115234,41.340885162353516
2024-10-25,41.560001373291016,40.78156280517578
2024-10-28,41.36000061035156,40.58530807495117
2024-10-29,42.02000045776367,41.232948303222656
2024-10-30,41.5099983215332,40.73249816894531
2024-10-31,40.34000015258789,39.58441162109375
2024-11-01,39.849998474121094,39.10358810424805
2024-11-04,39.900001525878906,39.15265655517578
2024-11-05,40.11000061035156,39.35872268676758
2024-11-06,38.63999938964844,37.91625213623047
2024-11-07,39.56999969482422,38.82883834838867
2024-11-08,39.02000045776367,38.28913497924805
2024-11-11,36.72999954223633,36.042030334472656
2024-11-12,36.11000061035156,35.43363952636719
2024-11-13,35.560001373291016,34.893943786621094
2024-11-14,35.720001220703125,35.05094909667969
2024-11-15,35.5099983215332,34.844879150390625
2024-11-18,37.02000045776367,36.326595306396484
2024-11-19,37.880001068115234,37.17049026489258
2024-11-20,37.720001220703125,37.013484954833984
2024-11-21,38.13999938964844,37.42561721801758
2024-11-22,38.279998779296875,37.56299591064453
2024-11-25,37.13999938964844,36.44435119628906
2024-11-26,37.290000915527344,36.5915412902832
2024-11-27,37.45000076293945,36.7485466003418
2024-11-29,37.65999984741211,36.954612731933594
2024-12-02,36.83000183105469,36.140159606933594
2024-12-03,37.70000076293945,36.99386215209961
2024-12-04,37.599998474121094,36.89573287963867
2024-12-05,37.529998779296875,36.82704162597656
2024-12-06,36.81999969482422,36.130340576171875
2024-12-09,37.90999984741211,37.199928283691406
2024-12-10,37.97999954223633,37.26861572265625
2024-12-11,39.09000015258789,38.357826232910156
2024-12-12,37.65999984741211,36.954612731933594
2024-12-13,36.650001525878906,35.963531494140625
2024-12-16,36.41999816894531,35.73783493041992
2024-12-17,36.189998626708984,35.512142181396484
2024-12-18,34.529998779296875,33.883235931396484
2024-12-19,34.38999938964844,33.7458610534668
2024-12-20,34.72999954223633,34.079490661621094
2024-12-23,34.40999984741211,34.16189193725586
2024-12-24,34.40999984741211,34.16189193725586
2024-12-26,34.470001220703125,34.221458435058594
2024-12-27,34.2599983215332,34.012969970703125
2024-12-30,33.77000045776367,33.52650451660156
2024-12-31,33.90999984741211,33.665496826171875
2025-01-02,35.34000015258789,35.08518600463867
2025-01-03,35.0,34.74763870239258
2025-01-06,34.58000183105469,34.330665588378906
2025-01-07,35.04999923706055,34.79727554321289
2025-01-08,35.900001525878906,35.64114761352539
2025-01-10,35.970001220703125,35.71064376831055
2025-01-13,35.380001068115234,35.12489700317383
2025-01-14,36.31999969482422,36.05812072753906
2025-01-15,36.720001220703125,36.45523452758789
2025-01-16,36.619998931884766,36.355953216552734
2025-01-17,36.75,36.48501968383789
2025-01-21,37.61000061035156,37.33881759643555
2025-01-22,37.529998779296875,37.25939178466797
2025-01-23,37.5,37.229610443115234
2025-01-24,37.95000076293945,37.676368713378906
2025-01-27,37.349998474121094,37.080692291259766
2025-01-28,37.70000076293945,37.42816925048828
2025-01-29,37.900001525878906,37.62672805786133
2025-01-30,39.41999816894531,39.135765075683594
2025-01-31,38.959999084472656,38.67908477783203
2025-02-03,39.560001373291016,39.274757385253906
2025-02-04,40.029998779296875,39.74136734008789
2025-02-05,41.040000915527344,40.74408721923828
2025-02-06,41.130001068115234,40.833438873291016
2025-02-07,40.86000061035156,40.56538391113281
2025-02-10,41.959999084472656,41.65745162963867
2025-02-11,41.439998626708984,41.14120101928711
2025-02-12,42.130001068115234,41.826229095458984
2025-02-13,42.5099983215332,42.20348358154297
2025-02-14,41.08000183105469,40.78379821777344
2025-02-18,41.540000915527344,41.240482330322266
2025-02-19,41.540000915527344,41.240482330322266
2025-02-20,42.2400016784668,41.9354362487793
2025-02-21,40.79999923706055,40.50581741333008
2025-02-24,40.970001220703125,40.674591064453125
2025-02-25,40.380001068115234,40.088844299316406
2025-02-26,40.86000061035156,40.56538391113281
2025-02-27,39.459999084472656,39.17547607421875
2025-02-28,39.720001220703125,39.4336051940918
2025-03-03,39.709999084472656,39.423675537109375
2025-03-04,40.279998779296875,39.989566802978516
2025-03-05,41.70000076293945,41.39932632446289
2025-03-06,41.36000061035156,41.0617790222168
2025-03-07,41.63999938964844,41.339759826660156
2025-03-10,40.5099983215332,40.2179069519043
2025-03-11,41.84000015258789,41.5383186340332
2025-03-12,41.900001525878906,41.59788513183594
2025-03-13,43.209999084472656,42.8984375
2025-03-14,43.63999938964844,43.325340270996094
2025-03-17,44.56999969482422,44.248634338378906
2025-03-18,44.849998474121094,44.526611328125
2025-03-19,45.22999954223633,44.903873443603516
2025-03-20,45.15999984741211,44.834381103515625
2025-03-21,44.5,44.17913818359375
2025-03-24,44.25,43.93094253540039
2025-03-25,45.02000045776367,44.69538879394531
2025-03-26,44.66999816894531,44.3479118347168
2025-03-27,45.7599983215332,45.430049896240234
2025-03-28,45.56999969482422,45.241424560546875
2025-03-31,45.970001220703125,45.63854217529297
2025-04-01,45.79999923706055,45.469764709472656
2025-04-02,45.7599983215332,45.430049896240234
2025-04-03,45.720001220703125,45.390342712402344
2025-04-04,41.68000030517578,41.37947082519531
2025-04-07,41.45000076293945,41.15113067626953
2025-04-08,41.5,41.20077133178711
2025-04-09,44.9900016784668,44.66560745239258
2025-04-10,47.16999816894531,46.82988357543945
2025-04-11,49.70000076293945,49.341644287109375
2025-04-14,50.02000045776367,49.65933609008789
2025-04-15,50.529998779296875,50.16565704345703
2025-04-16,51.90999984741211,51.535709381103516
2025-04-17,50.91999816894531,50.5528450012207
2025-04-21,51.65999984741211,51.287513732910156
2025-04-22,50.22999954223633,49.867820739746094
2025-04-23,48.72999954223633,48.378639221191406
2025-04-24,49.7599983215332,49.40121078491211
2025-04-25,48.810001373291016,48.45806121826172
2025-04-28,49.43000030517578,49.07359313964844
2025-04-29,48.47999954223633,48.13043975830078
2025-04-30,49.0099983215332,48.6566162109375
2025-05-01,47.20000076293945,46.85967254638672
2025-05-02,47.08000183105469,46.740535736083984
2025-05-05,48.720001220703125,48.36871337890625
2025-05-06,50.790000915527344,50.42378616333008
2025-05-07,49.81999969482422,49.460777282714844
2025-05-08,48.880001068115234,48.527557373046875
2025-05-09,50.369998931884766,50.006813049316406
2025-05-12,46.619998931884766,46.283851623535156
2025-05-13,46.540000915527344,46.204429626464844
2025-05-14,45.54999923706055,45.22156524658203
2025-05-15,46.4900016784668,46.15479278564453
2025-05-16,46.33000183105469,45.99594497680664
2025-05-19,47.34000015258789,46.998661041259766
2025-05-20,48.810001373291016,48.45806121826172
2025-05-21,49.439998626708984,49.083518981933594
2025-05-22,49.18000030517578,48.82539367675781
2025-05-23,50.529998779296875,50.16565704345703
2025-05-27,49.77000045776367,49.41114044189453
2025-05-28,50.349998474121094,49.98695755004883
2025-05-29,50.279998779296875,49.91746139526367
2025-05-30,50.650001525878906,50.28479766845703
2025-06-02,53.77000045776367,53.38229751586914
2025-06-03,53.09000015258789,52.70720291137695
2025-06-04,53.209999084472656,52.82633590698242
2025-06-05,53.150001525878906,52.76676940917969
2025-06-06,51.619998931884766,51.247798919677734
2025-06-09,52.130001068115234,51.75412368774414
2025-06-10,51.43000030517578,51.05916976928711
2025-06-11,51.939998626708984,51.56549072265625
2025-06-12,53.529998779296875,53.14402770996094
2025-06-13,54.459999084472656,54.06732177734375
2025-06-16,53.54999923706055,53.163883209228516
2025-06-17,53.5099983215332,53.12417221069336
2025-06-18,53.0,52.61785125732422
2025-06-20,52.290000915527344,51.91297149658203
2025-06-23,53.11000061035156,52.72705841064453
2025-06-24,51.86000061035156,51.48606872558594
2025-06-25,51.91999816894531,51.54563522338867
2025-06-26,52.619998931884766,52.2405891418457
2025-06-27,50.72999954223633,50.36421585083008
2025-06-30,52.060001373291016,51.684627532958984
2025-07-01,52.040000915527344,51.664772033691406
2025-07-02,52.65999984741211,52.28030014038086
2025-07-03,52.90999984741211,52.528499603271484
2025-07-07,53.16999816894531,52.78662109375
2025-07-08,50.790000915527344,50.42378616333008
2025-07-09,51.5,51.128665924072266
2025-07-10,51.900001525878906,51.52578353881836
2025-07-11,52.41999816894531,52.042030334472656
2025-07-14,52.45000076293945,52.071815490722656
2025-07-15,51.619998931884766,51.247798919677734
2025-07-16,51.81999969482422,51.44635772705078
2025-07-17,51.2400016784668,50.870540618896484
2025-07-18,51.130001068115234,50.76133346557617
2025-07-21,53.02000045776367,52.6377067565918
2025-07-22,54.47999954223633,54.08717727661133
2025-07-23,53.84000015258789,53.4517936706543
2025-07-24,53.33000183105469,52.945472717285156
2025-07-25,53.959999084472656,53.570926666259766
2025-07-28,52.59000015258789,52.21080780029297
2025-07-29,53.25,52.86604690551758
2025-07-30,51.779998779296875,51.406646728515625
2025-07-31,51.63999938964844,51.26765441894531
2025-08-01,52.45000076293945,52.071815490722656
2025-08-04,54.939998626708984,54.543861389160156
2025-08-05,56.459999084472656,56.05290222167969
2025-08-06,57.38999938964844,56.9761962890625
2025-08-07,57.939998626708984,57.5222282409668
2025-08-08,58.060001373291016,57.6413688659668
2025-08-11,57.689998626708984,57.27403259277344
2025-08-12,58.209999084472656,57.790283203125
2025-08-13,58.06999969482422,57.65129470825195
2025-08-14,57.70000076293945,57.28396224975586
2025-08-15,58.279998779296875,57.859779357910156
2025-08-18,58.099998474121094,57.68107604980469
2025-08-19,56.599998474121094,56.191890716552734
2025-08-20,58.31999969482422,57.89949035644531
2025-08-21,59.290000915527344,58.86249923706055
2025-08-22,60.18000030517578,59.74607849121094
2025-08-25,60.2599983215332,59.82550048828125
2025-08-26,61.599998474121094,61.15583801269531
2025-08-27,61.47999954223633,61.036705017089844
2025-08-28,61.33000183105469,60.88779067993164
2025-08-29,63.16999816894531,62.71451950073242
2025-09-02,64.80000305175781,64.33277130126953
2025-09-03,65.19999694824219,64.7298812866211
2025-09-04,64.56999969482422,64.10442352294922
2025-09-05,66.33999633789062,65.86166381835938
2025-09-08,67.23999786376953,66.75517272949219
2025-09-09,66.8499984741211,66.36798858642578
2025-09-10,68.5,68.00608825683594
2025-09-11,69.76000213623047,69.25700378417969
2025-09-12,69.75,69.24707794189453
2025-09-15,70.4800033569336,69.97181701660156
2025-09-16,69.0199966430664,68.5223388671875
2025-09-17,68.66000366210938,68.1649398803711
2025-09-18,68.79000091552734,68.29399871826172
2025-09-19,72.36000061035156,71.8382568359375
2025-09-22,74.33000183105469,73.79405212402344
2025-09-23,74.2300033569336,73.69477844238281
2025-09-24,72.31999969482422,71.79854583740234
2025-09-25,73.12999725341797,72.60269927978516
2025-09-26,74.68000030517578,74.14153289794922
2025-09-29,75.72000122070312,75.17403411865234
2025-09-30,76.4000015258789,75.84912872314453
2025-10-01,77.12999725341797,76.57386016845703
2025-10-02,77.0999984741211,76.54407501220703
2025-10-03,77.08000183105469,76.52422332763672
2025-10-06,78.61000061035156,78.0431900024414
2025-10-07,76.97000122070312,76.4150161743164
2025-10-08,79.1500015258789,78.57929992675781
2025-10-09,75.61000061035156,75.06482696533203
2025-10-10,75.77999877929688,75.23359680175781
2025-10-13,79.37000274658203,78.79771423339844
2025-10-14,78.44999694824219,77.88434600830078
2025-10-15,81.47000122070312,80.882568359375
2025-10-16,84.44000244140625,83.83116149902344
2025-10-17,78.7300033569336,78.1623306274414
2025-10-20,80.36000061035156,79.78057861328125
2025-10-21,72.79000091552734,72.2651596069336
2025-10-22,72.94999694824219,72.42400360107422
2025-10-23,73.79000091552734,73.25794982910156
2025-10-24,72.80000305175781,72.27508544921875
2025-10-27,69.91000366210938,69.40592956542969
2025-10-28,71.0199966430664,70.50791931152344
2025-10-29,71.06999969482422,70.55755615234375
2025-10-30,72.9000015258789,72.3743667602539
2025-10-31,72.05999755859375,71.54042053222656
2025-11-03,71.30000305175781,70.78590393066406
2025-11-04,68.27999877929688,67.78767395019531
2025-11-05,70.66999816894531,70.16043853759766
2025-11-06,70.76000213623047,70.24979400634766
2025-11-07,72.55000305175781,72.02689361572266
2025-11-10,75.9800033569336,75.43215942382812
2025-11-11,76.70999908447266,76.15689086914062
2025-11-12,79.25,78.67858123779297
2025-11-13,77.05000305175781,76.49444580078125
2025-11-14,76.16000366210938,75.6108627319336
2025-11-17,74.94999694824219,74.40957641601562
2025-11-18,75.62999725341797,75.08467864990234
2025-11-19,76.38999938964844,75.83919525146484
2025-11-20,72.97000122070312,72.44386291503906
2025-11-21,73.6500015258789,73.11895751953125
2025-11-24,77.95999908447266,77.39788055419922
2025-11-25,77.80000305175781,77.2390365600586
2025-11-26,81.55000305175781,80.96199798583984
2025-11-28,83.2300033569336,82.6298828125
2025-12-01,82.81999969482422,82.22283935546875
2025-12-02,81.61000061035156,81.02156066894531
2025-12-03,81.05999755859375,80.47552490234375
2025-12-04,81.38999938964844,80.80314636230469
2025-12-05,81.02999877929688,80.44573974609375
2025-12-08,79.16000366210938,78.5892333984375
2025-12-09,81.94000244140625,81.34918212890625
2025-12-10,83.31999969482422,82.71923065185547
2025-12-11,86.26000213623047,85.6380386352539
2025-12-12,85.66000366210938,85.04236602783203
2025-12-15,84.8499984741211,84.23819732666016
2025-12-16,84.83000183105469,84.21834564208984
2025-12-17,85.83000183105469,85.21113586425781
2025-12-18,85.66999816894531,85.05228424072266
2025-12-19,87.79000091552734,87.1570053100586
2025-12-22,90.18000030517578,90.18000030517578
2025-12-23,90.2699966430664,90.2699966430664
2025-12-24,89.69999694824219,89.69999694824219
2025-12-26,91.29000091552734,91.29000091552734
2025-12-29,85.8499984741211,85.8499984741211
2025-12-30,86.83999633789062,86.83999633789062
2025-12-31,85.7699966430664,85.7699966430664
2026-01-02,85.7300033569336,85.7300033569336
2026-01-05,88.44999694824219,88.44999694824219
2026-01-06,92.13999938964844,92.13999938964844
2026-01-07,91.05999755859375,91.05999755859375
2026-01-08,91.54000091552734,91.54000091552734
2026-01-09,92.55999755859375,92.55999755859375
2026-01-12,95.72000122070312,95.72000122070312
2026-01-13,96.47000122070312,96.47000122070312
2026-01-14,96.86000061035156,96.86000061035156
2026-01-15,97.11000061035156,97.11000061035156
2026-01-16,97.23999786376953,97.23999786376953
2026-01-20,102.77999877929688,102.77999877929688
2026-01-21,101.29000091552734,101.29000091552734
2026-01-22,105.16999816894531,105.16999816894531
2026-01-23,107.0199966430664,107.0199966430664
2026-01-26,107.4800033569336,107.4800033569336
2026-01-27,109.29000091552734,109.29000091552734
2026-01-28,112.16000366210938,112.16000366210938
2026-01-29,107.9800033569336,107.9800033569336
2026-01-30,94.19999694824219,94.19999694824219
2026-02-02,94.19000244140625,94.19000244140625
2026-02-03,98.22000122070312,98.22000122070312
2026-02-04,98.69999694824219,98.69999694824219
2026-02-05,92.44000244140625,92.44000244140625
2026-02-06,97.38999938964844,97.38999938964844
2026-02-09,102.88999938964844,102.88999938964844
2026-02-10,103.01000213623047,103.01000213623047
2026-02-11,105.97000122070312,105.97000122070312
2026-02-12,98.27999877929688,98.27999877929688
2026-02-13,103.94000244140625,103.94000244140625
2026-02-17,100.25,100.25
2026-02-18,102.55999755859375,102.55999755859375
2026-02-19,104.23999786376953,104.23999786376953
2026-02-20,106.26000213623047,106.26000213623047
2026-02-23,110.29000091552734,110.29000091552734
2026-02-24,110.69999694824219,110.69999694824219
2026-02-25,111.16000366210938,111.16000366210938
2026-02-26,113.88999938964844,113.88999938964844
2026-02-27,115.83999633789062,115.83999633789062
2026-03-02,115.33999633789062,115.33999633789062
2026-03-03,105.23999786376953,105.23999786376953
2026-03-04,105.87999725341797,105.87999725341797
2026-03-05,101.81999969482422,101.81999969482422
2026-03-06,101.37999725341797,101.37999725341797
2026-03-09,102.44000244140625,102.44000244140625
2026-03-10,103.37000274658203,103.37000274658203
2026-03-11,101.36000061035156,101.36000061035156
2026-03-12,99.30000305175781,99.30000305175781
2026-03-13,93.26000213623047,93.26000213623047
2026-03-16,94.37999725341797,94.37999725341797
2026-03-17,93.95999908447266,93.95999908447266
2026-03-18,88.11000061035156,88.11000061035156
2026-03-19,82.9000015258789,82.9000015258789
2026-03-20,80.12000274658203,80.12000274658203
2026-03-23,83.37999725341797,83.37999725341797
2026-03-24,83.5,83.5
2026-03-25,86.31999969482422,86.31999969482422
2026-03-26,82.38999938964844,82.38999938964844
2026-03-27,85.79000091552734,85.79000091552734
2026-03-30,85.79000091552734,85.79000091552734
2026-03-31,91.7699966430664,91.7699966430664
2026-04-01,96.01000213623047,96.01000213623047
2026-04-02,94.58999633789062,94.58999633789062
2026-04-06,93.81999969482422,93.81999969482422
2026-04-07,94.97000122070312,94.97000122070312
2026-04-08,98.18000030517578,98.18000030517578
2026-04-09,98.3499984741211,98.3499984741211
2026-04-10,99.38999938964844,99.38999938964844
2026-04-13,98.77999877929688,98.77999877929688
2026-04-14,100.75,100.75
2026-04-15,97.7699966430664,97.7699966430664
2026-04-16,97.66000366210938,97.66000366210938
2026-04-17,100.33999633789062,100.33999633789062
2026-04-20,99.12999725341797,99.12999725341797
2026-04-21,92.98999786376953,92.98999786376953
2026-04-22,94.4800033569336,94.4800033569336
2026-04-23,92.19000244140625,92.19000244140625
2026-04-24,94.33999633789062,94.33999633789062
2026-04-27,92.58999633789062,92.58999633789062
2026-04-28,88.54000091552734,88.54000091552734
2026-04-29,86.22000122070312,86.22000122070312
2026-04-30,88.29000091552734,88.29000091552734
2026-05-01,87.11000061035156,87.11000061035156
2026-05-04,85.6500015258789,85.6500015258789
2026-05-05,85.80999755859375,85.80999755859375
2026-05-06,92.44000244140625,92.44000244140625
2026-05-07,91.72000122070312,91.72000122070312
2026-05-08,94.58999633789062,94.58999633789062
2026-05-11,97.5999984741211,97.5999984741211
2026-05-12,97.13999938964844,97.13999938964844
2026-05-13,96.2300033569336,96.2300033569336
2026-05-14,93.94999694824219,93.94999694824219
2026-05-15,87.3499984741211,87.3499984741211
2026-05-18,87.13999938964844,87.13999938964844
2026-05-19,83.77999877929688,83.77999877929688
2026-05-20,86.36000061035156,86.36000061035156
2026-05-21,85.98999786376953,85.98999786376953
2026-05-22,85.0199966430664,85.0199966430664
2026-05-26,88.5,88.5
2026-05-27,85.44000244140625,85.44000244140625
2026-05-28,87.18000030517578,87.18000030517578
2026-05-29,89.48999786376953,89.48999786376953
2026-06-01,86.68000030517578,86.68000030517578
2026-06-02,88.05000305175781,88.05000305175781
2026-06-03,85.0,85.0
2026-06-04,86.4000015258789,86.4000015258789
2026-06-05,78.83999633789062,78.83999633789062
2026-06-08,78.66999816894531,78.66999816894531
2026-06-09,77.58999633789062,77.58999633789062
2026-06-10,73.80999755859375,73.80999755859375
2026-06-11,77.72000122070312,77.72000122070312
2026-06-12,80.02999877929688,80.02999877929688
2026-06-15,85.2699966430664,85.2699966430664
2026-06-16,87.23999786376953,87.23999786376953
2026-06-17,84.36000061035156,84.36000061035156
2026-06-18,82.51000213623047,82.51000213623047
2026-06-22,81.44000244140625,81.44000244140625
2026-06-23,77.66000366210938,77.66000366210938
2026-06-24,74.58999633789062,74.58999633789062
2026-06-25,75.66999816894531,75.66999816894531
2026-06-26,77.0,77.0
2026-06-29,75.68000030517578,75.68000030517578
2026-06-30,75.44999694824219,75.44999694824219
2026-07-01,75.06999969482422,75.06999969482422
2026-07-02,78.43000030517578,78.43000030517578
2026-07-06,78.73999786376953,78.73999786376953
2026-07-07,75.76000213623047,75.76000213623047
2026-07-08,73.52999877929688,73.52999877929688
2026-07-09,75.77999877929688,75.77999877929688
2026-07-10,75.52999877929688,75.52999877929688
2026-07-13,73.37000274658203,73.37000274658203
2026-07-14,74.87999725341797,74.87999725341797
2026-07-15,74.0,74.0
2026-07-16,71.4000015258789,71.4000015258789
2026-07-17,71.31999969482422,71.31999969482422
2026-07-20,70.73999786376953,70.73999786376953
2026-07-21,74.19000244140625,74.19000244140625
2026-07-22,76.68000030517578,76.68000030517578
2026-07-23,75.0199966430664,75.0199966430664
2026-07-24,75.2300033569336,75.2300033569336
2026-07-27,75.7300033569336,75.7300033569336
2026-07-28,74.20999908447266,74.20999908447266
2026-07-29,73.56999969482422,73.56999969482422
2026-07-30,76.77999877929688,76.77999877929688
2026-07-31,74.0999984741211,74.0999984741211
2026-08-03,76.05000305175781,76.05000305175781
2026-08-04,77.91999816894531,77.91999816894531
2026-08-05,83.68000030517578,83.68000030517578
2026-08-06,83.91999816894531,83.91999816894531
2026-08-07,89.88999938964844,89.88999938964844
2026-08-10,90.48999786376953,90.48999786376953
2026-08-11,90.12000274658203,90.12000274658203
2026-08-12,90.95999908447266,90.95999908447266
2026-08-13,88.2699966430664,88.2699966430664
2026-08-14,89.97000122070312,89.97000122070312
2026-08-17,91.88999938964844,91.88999938964844
2026-08-18,88.94999694824219,88.94999694824219
2026-08-19,97.33000183105469,97.33000183105469
2026-08-20,99.8499984741211,99.8499984741211
2026-08-21,102.83000183105469,102.83000183105469
2026-08-24,103.54000091552734,103.54000091552734
2026-08-25,105.5199966430664,105.5199966430664
2026-08-26,102.41999816894531,102.41999816894531
2026-08-27,103.69000244140625,103.69000244140625
2026-08-28,99.6500015258789,99.6500015258789
2026-08-31,98.51000213623047,98.51000213623047
2026-09-01,94.66999816894531,94.66999816894531
2026-09-02,97.62999725341797,97.62999725341797
2026-09-03,101.48999786376953,101.48999786376953
2026-09-04,99.26000213623047,99.26000213623047
2026-09-08,98.41000366210938,98.41000366210938
2026-09-09,99.47000122070312,99.47000122070312
2026-09-10,96.02999877929688,96.02999877929688
2026-09-11,97.0999984741211,97.0999984741211
2026-09-14,94.13999938964844,94.13999938964844
2026-09-15,94.12999725341797,94.12999725341797
2026-09-16,92.80000305175781,92.80000305175781
2026-09-17,95.91999816894531,95.91999816894531
2026-09-18,95.4800033569336,95.4800033569336
2026-09-21,94.43000030517578,94.43000030517578
2026-09-22,97.83000183105469,97.83000183105469
2026-09-23,93.55999755859375,93.55999755859375
2026-09-24,92.3499984741211,92.3499984741211
2026-09-25,92.87000274658203,92.87000274658203
2026-09-28,87.88999938964844,87.88999938964844
2026-09-29,89.06999969482422,89.06999969482422
2026-09-30,87.80000305175781,87.80000305175781
2026-10-01,86.73999786376953,86.73999786376953
2026-10-02,87.77999877929688,87.77999877929688
