Date,Close,Adj Close
2010-01-04,136.75,123.14579010009766
2010-01-05,136.85000610351562,123.23584747314453
2010-01-06,136.85000610351562,123.23584747314453
2010-01-07,136.9600067138672,123.33490753173828
2010-01-08,137.0,123.37092590332031
2010-01-11,137.05999755859375,123.4249267578125
2010-01-12,137.1199951171875,123.47895812988281
2010-01-13,137.16000366210938,123.5150146484375
2010-01-14,137.19000244140625,123.5419921875
2010-01-15,137.25,123.59602355957031
2010-01-18,137.24000549316406,123.58705139160156
2010-01-19,137.13999938964844,123.4969711303711
2010-01-20,137.1300048828125,123.48798370361328
2010-01-21,137.1999969482422,123.55103302001953
2010-01-22,137.22000122070312,123.56900787353516
2010-01-25,137.30999755859375,123.65005493164062
2010-01-26,137.32000732421875,123.65909576416016
2010-01-27,137.25999450683594,123.60506439208984
2010-01-28,137.1199951171875,123.47895812988281
2010-01-29,137.02000427246094,123.38893127441406
2010-02-01,137.08999633789062,123.45196533203125
2010-02-02,137.1300048828125,123.48798370361328
2010-02-03,137.13999938964844,123.4969711303711
2010-02-04,137.22000122070312,123.56900787353516
2010-02-05,137.3300018310547,123.66808319091797
2010-02-08,137.27000427246094,123.61405181884766
2010-02-09,137.41000366210938,123.74010467529297
2010-02-10,137.49000549316406,123.81216430664062
2010-02-11,137.50999450683594,123.8301773071289
2010-02-12,137.6199951171875,123.92922973632812
2010-02-15,137.64999389648438,123.95621490478516
2010-02-16,137.66000366210938,123.9652328491211
2010-02-17,137.75999450683594,124.05529022216797
2010-02-18,137.74000549316406,124.03730010986328
2010-02-19,137.72999572753906,124.02828216552734
2010-02-22,137.74000549316406,124.03730010986328
2010-02-23,137.85000610351562,124.1363296508789
2010-02-24,136.77000427246094,123.1637954711914
2010-02-25,136.83999633789062,123.22682189941406
2010-02-26,136.83999633789062,123.22682189941406
2010-03-01,136.92999267578125,123.30784606933594
2010-03-02,136.92999267578125,123.30784606933594
2010-03-03,136.94000244140625,123.31687927246094
2010-03-04,136.99000549316406,123.3619155883789
2010-03-05,136.94000244140625,123.31687927246094
2010-03-08,136.9499969482422,123.32588195800781
2010-03-09,136.94000244140625,123.31687927246094
2010-03-10,136.91000366210938,123.28988647460938
2010-03-11,136.82000732421875,123.20884704589844
2010-03-12,136.82000732421875,123.20884704589844
2010-03-15,136.86000061035156,123.24482727050781
2010-03-16,136.92999267578125,123.30784606933594
2010-03-17,137.0399932861328,123.40692138671875
2010-03-18,136.97999572753906,123.3529052734375
2010-03-19,136.9600067138672,123.33490753173828
2010-03-22,137.00999450683594,123.37989807128906
2010-03-23,137.07000732421875,123.4339599609375
2010-03-24,137.08999633789062,123.45196533203125
2010-03-25,137.05999755859375,123.4249267578125
2010-03-26,137.08999633789062,123.45196533203125
2010-03-29,137.1199951171875,123.47895812988281
2010-03-30,137.10000610351562,123.46096801757812
2010-03-31,137.1300048828125,123.48798370361328
2010-04-01,137.08999633789062,123.45196533203125
2010-04-06,137.0399932861328,123.40692138671875
2010-04-07,137.1300048828125,123.48798370361328
2010-04-08,137.16000366210938,123.5150146484375
2010-04-09,137.10000610351562,123.46096801757812
2010-04-12,137.0800018310547,123.4429702758789
2010-04-13,137.1199951171875,123.47895812988281
2010-04-14,137.16000366210938,123.5150146484375
2010-04-15,137.25,123.59602355957031
2010-04-16,137.32000732421875,123.65909576416016
2010-04-19,137.3300018310547,123.66808319091797
2010-04-20,137.27999877929688,123.623046875
2010-04-21,137.3000030517578,123.64108276367188
2010-04-22,137.25,123.59602355957031
2010-04-23,137.1199951171875,123.47895812988281
2010-04-26,137.1199951171875,123.47895812988281
2010-04-27,136.19000244140625,122.64151763916016
2010-04-28,136.8699951171875,123.25383758544922
2010-04-29,137.1300048828125,123.48798370361328
2010-04-30,137.1699981689453,123.52400970458984
2010-05-03,137.22999572753906,123.57805633544922
2010-05-04,137.02000427246094,123.38893127441406
2010-05-05,136.97000122070312,123.34390258789062
2010-05-06,136.67999267578125,123.0827407836914
2010-05-07,136.77000427246094,123.1637954711914
2010-05-10,137.44000244140625,123.76715087890625
2010-05-11,137.44000244140625,123.76715087890625
2010-05-12,137.52000427246094,123.83919525146484
2010-05-13,137.61000061035156,123.92025756835938
2010-05-14,137.52999877929688,123.84817504882812
2010-05-17,137.55999755859375,123.87519836425781
2010-05-18,137.55999755859375,123.87519836425781
2010-05-19,137.61000061035156,123.92025756835938
2010-05-20,137.50999450683594,123.8301773071289
2010-05-21,137.50999450683594,123.8301773071289
2010-05-24,137.50999450683594,123.8301773071289
2010-05-25,137.3800048828125,123.71310424804688
2010-05-26,136.77999877929688,123.17279815673828
2010-05-27,136.72999572753906,123.1277847290039
2010-05-28,136.8300018310547,123.21783447265625
2010-05-31,136.8000030517578,123.19081115722656
2010-06-01,136.74000549316406,123.13676452636719
2010-06-02,136.75999450683594,123.15479278564453
2010-06-03,136.69000244140625,123.09173583984375
2010-06-04,136.6999969482422,123.10076141357422
2010-06-07,136.6699981689453,123.07373046875
2010-06-08,136.75,123.14579010009766
2010-06-09,136.94000244140625,123.31687927246094
2010-06-10,137.08999633789062,123.45196533203125
2010-06-11,137.16000366210938,123.5150146484375
2010-06-14,137.0399932861328,123.40692138671875
2010-06-15,137.11000061035156,123.469970703125
2010-06-16,137.14999389648438,123.5059814453125
2010-06-17,137.13999938964844,123.4969711303711
2010-06-18,137.08999633789062,123.45196533203125
2010-06-21,136.94000244140625,123.31687927246094
2010-06-22,136.9600067138672,123.33490753173828
2010-06-23,136.94000244140625,123.31687927246094
2010-06-24,136.9600067138672,123.33490753173828
2010-06-25,136.83999633789062,123.22682189941406
2010-06-28,136.75,123.14579010009766
2010-06-29,136.8000030517578,123.19081115722656
2010-06-30,136.77000427246094,123.1637954711914
2010-07-01,136.0,122.47037506103516
2010-07-02,136.7899932861328,123.18180084228516
2010-07-05,136.9499969482422,123.32588195800781
2010-07-06,136.94000244140625,123.31687927246094
2010-07-07,136.8699951171875,123.25383758544922
2010-07-08,136.88999938964844,123.2718505859375
2010-07-09,136.9199981689453,123.29885864257812
2010-07-12,137.0399932861328,123.40692138671875
2010-07-13,136.9600067138672,123.33490753173828
2010-07-14,136.8300018310547,123.21783447265625
2010-07-15,136.82000732421875,123.20884704589844
2010-07-16,136.97000122070312,123.34390258789062
2010-07-19,136.9199981689453,123.29885864257812
2010-07-20,137.02000427246094,123.38893127441406
2010-07-21,137.0800018310547,123.4429702758789
2010-07-22,137.16000366210938,123.5150146484375
2010-07-23,137.0399932861328,123.40692138671875
2010-07-26,136.99000549316406,123.3619155883789
2010-07-27,136.91000366210938,123.28988647460938
2010-07-28,136.92999267578125,123.30784606933594
2010-07-29,136.92999267578125,123.30784606933594
2010-07-30,137.0,123.37092590332031
2010-08-02,136.99000549316406,123.3619155883789
2010-08-03,137.16000366210938,123.5150146484375
2010-08-04,137.13999938964844,123.4969711303711
2010-08-05,137.05999755859375,123.4249267578125
2010-08-06,137.1199951171875,123.47895812988281
2010-08-09,137.24000549316406,123.58705139160156
2010-08-10,137.2100067138672,123.55999755859375
2010-08-11,137.32000732421875,123.65909576416016
2010-08-12,137.3699951171875,123.7041244506836
2010-08-13,137.33999633789062,123.67709350585938
2010-08-16,137.36000061035156,123.69510650634766
2010-08-17,137.39999389648438,123.73112487792969
2010-08-18,137.41000366210938,123.74010467529297
2010-08-19,137.4499969482422,123.7761459350586
2010-08-20,137.5500030517578,123.86621856689453
2010-08-23,137.5500030517578,123.86621856689453
2010-08-24,137.52000427246094,123.83919525146484
2010-08-25,137.0800018310547,123.4429702758789
2010-08-26,137.0399932861328,123.40692138671875
2010-08-27,136.97999572753906,123.3529052734375
2010-08-30,137.02000427246094,123.38893127441406
2010-08-31,137.0399932861328,123.40692138671875
2010-09-01,137.0500030517578,123.41596221923828
2010-09-02,137.05999755859375,123.4249267578125
2010-09-03,137.0500030517578,123.41596221923828
2010-09-06,137.02999877929688,123.39791107177734
2010-09-07,137.02999877929688,123.39791107177734
2010-09-08,136.97999572753906,123.3529052734375
2010-09-09,136.91000366210938,123.28988647460938
2010-09-10,136.91000366210938,123.28988647460938
2010-09-13,136.86000061035156,123.24482727050781
2010-09-14,136.8699951171875,123.25383758544922
2010-09-15,136.82000732421875,123.20884704589844
2010-09-16,136.6999969482422,123.10076141357422
2010-09-17,136.75,123.14579010009766
2010-09-20,136.66000366210938,123.06473541259766
2010-09-21,136.75,123.14579010009766
2010-09-22,136.83999633789062,123.22682189941406
2010-09-23,136.91000366210938,123.28988647460938
2010-09-24,136.8300018310547,123.21783447265625
2010-09-27,136.85000610351562,123.23584747314453
2010-09-28,136.8000030517578,123.19081115722656
2010-09-29,136.69000244140625,123.09173583984375
2010-09-30,136.63999938964844,123.0467300415039
2010-10-01,136.66000366210938,123.06473541259766
2010-10-04,136.74000549316406,123.13676452636719
2010-10-05,136.80999755859375,123.19981384277344
2010-10-06,136.91000366210938,123.28988647460938
2010-10-07,136.86000061035156,123.24482727050781
2010-10-08,136.94000244140625,123.31687927246094
2010-10-11,136.97000122070312,123.34390258789062
2010-10-12,137.0500030517578,123.41596221923828
2010-10-13,137.0399932861328,123.40692138671875
2010-10-14,137.00999450683594,123.37989807128906
2010-10-15,136.99000549316406,123.3619155883789
2010-10-18,136.86000061035156,123.24482727050781
2010-10-19,136.83999633789062,123.22682189941406
2010-10-20,136.7899932861328,123.18180084228516
2010-10-21,136.64999389648438,123.05574035644531
2010-10-22,136.7100067138672,123.10975646972656
2010-10-25,136.77000427246094,123.1637954711914
2010-10-26,136.6199951171875,123.0287094116211
2010-10-27,136.55999755859375,122.97467803955078
2010-10-28,136.5399932861328,122.95668029785156
2010-10-29,136.57000732421875,122.98371124267578
2010-11-01,136.5399932861328,122.95668029785156
2010-11-02,136.47000122070312,122.89362335205078
2010-11-03,136.52000427246094,122.93865203857422
2010-11-04,136.57000732421875,122.98371124267578
2010-11-05,136.5399932861328,122.95668029785156
2010-11-08,136.42999267578125,122.85762023925781
2010-11-09,136.42999267578125,122.85762023925781
2010-11-10,136.33999633789062,122.77656555175781
2010-11-11,136.27000427246094,122.71355438232422
2010-11-12,136.3300018310547,122.76757049560547
2010-11-15,136.3699951171875,122.80357360839844
2010-11-16,136.24000549316406,122.6865234375
2010-11-17,136.32000732421875,122.7585678100586
2010-11-18,136.1699981689453,122.62348937988281
2010-11-19,136.27000427246094,122.71355438232422
2010-11-22,136.3800048828125,122.8125991821289
2010-11-23,136.39999389648438,122.83058166503906
2010-11-24,136.36000061035156,122.7945785522461
2010-11-25,136.35000610351562,122.78557586669922
2010-11-26,136.2899932861328,122.73152923583984
2010-11-29,136.0399932861328,122.50640106201172
2010-11-30,135.94000244140625,122.4163589477539
2010-12-01,136.1300048828125,122.58747100830078
2010-12-02,136.38999938964844,122.82157897949219
2010-12-03,136.50999450683594,122.92967987060547
2010-12-06,136.5399932861328,122.95668029785156
2010-12-07,136.4499969482422,122.8756332397461
2010-12-08,136.3300018310547,122.76757049560547
2010-12-09,136.24000549316406,122.6865234375
2010-12-10,136.16000366210938,122.614501953125
2010-12-13,136.2100067138672,122.65948486328125
2010-12-14,136.17999267578125,122.63248443603516
2010-12-15,136.32000732421875,122.7585678100586
2010-12-16,136.25,122.69552612304688
2010-12-17,136.17999267578125,122.63248443603516
2010-12-20,136.17999267578125,122.63248443603516
2010-12-21,136.19000244140625,122.64151763916016
2010-12-22,136.3300018310547,122.76757049560547
2010-12-23,136.33999633789062,122.77656555175781
2010-12-24,136.33999633789062,122.77656555175781
2010-12-27,136.3300018310547,122.76757049560547
2010-12-28,136.3699951171875,122.80357360839844
2010-12-29,136.1999969482422,122.65047454833984
2010-12-30,136.24000549316406,122.6865234375
2011-01-03,136.38999938964844,122.82157897949219
2011-01-04,136.49000549316406,122.91165161132812
2011-01-05,136.42999267578125,122.85762023925781
2011-01-06,136.32000732421875,122.7585678100586
2011-01-07,136.35000610351562,122.78557586669922
2011-01-10,136.3000030517578,122.74055480957031
2011-01-11,136.44000244140625,122.86661529541016
2011-01-12,136.4199981689453,122.84859466552734
2011-01-13,136.30999755859375,122.74957275390625
2011-01-14,136.16000366210938,122.614501953125
2011-01-17,136.11000061035156,122.5694580078125
2011-01-18,136.10000610351562,122.56046295166016
2011-01-19,136.27000427246094,122.71355438232422
2011-01-20,136.07000732421875,122.53343200683594
2011-01-21,136.08999633789062,122.55144500732422
2011-01-24,136.17999267578125,122.63248443603516
2011-01-25,136.08999633789062,122.55144500732422
2011-01-26,136.0500030517578,122.51543426513672
2011-01-27,135.97000122070312,122.44334411621094
2011-01-28,135.9499969482422,122.42538452148438
2011-01-31,135.99000549316406,122.46141052246094
2011-02-01,136.1300048828125,122.58747100830078
2011-02-02,136.17999267578125,122.63248443603516
2011-02-03,136.25,122.69552612304688
2011-02-04,136.11000061035156,122.5694580078125
2011-02-07,136.24000549316406,122.6865234375
2011-02-08,136.0500030517578,122.51543426513672
2011-02-09,136.0399932861328,122.50640106201172
2011-02-10,136.0,122.47037506103516
2011-02-11,136.08999633789062,122.55144500732422
2011-02-14,136.02999877929688,122.49739074707031
2011-02-15,136.0399932861328,122.50640106201172
2011-02-16,136.19000244140625,122.64151763916016
2011-02-17,136.35000610351562,122.78557586669922
2011-02-18,136.1699981689453,122.62348937988281
2011-02-21,136.22000122070312,122.66850280761719
2011-02-22,136.08999633789062,122.55144500732422
2011-02-23,135.22999572753906,121.77699279785156
2011-02-24,135.25,121.79499053955078
2011-02-25,135.24000549316406,121.78601837158203
2011-02-28,135.27999877929688,121.82201385498047
2011-03-01,135.3000030517578,121.84004211425781
2011-03-02,135.36000061035156,121.89405822753906
2011-03-03,134.82000732421875,121.40778350830078
2011-03-04,134.9199981689453,121.49784088134766
2011-03-07,134.89999389648438,121.47981262207031
2011-03-08,134.8699951171875,121.45279693603516
2011-03-09,134.89999389648438,121.47981262207031
2011-03-10,134.97999572753906,121.5518798828125
2011-03-11,135.2100067138672,121.75900268554688
2011-03-14,135.33999633789062,121.87605285644531
2011-03-15,135.5800018310547,122.0921859741211
2011-03-16,135.6999969482422,122.20024871826172
2011-03-17,135.47000122070312,121.99312591552734
2011-03-18,135.5399932861328,122.05615234375
2011-03-21,135.35000610351562,121.88506317138672
2011-03-22,135.3800048828125,121.912109375
2011-03-23,135.38999938964844,121.92108154296875
2011-03-24,135.47000122070312,121.99312591552734
2011-03-25,135.32000732421875,121.85803985595703
2011-03-28,135.3000030517578,121.84004211425781
2011-03-29,135.24000549316406,121.78601837158203
2011-03-30,135.27000427246094,121.8130111694336
2011-03-31,135.2100067138672,121.75900268554688
2011-04-01,135.2100067138672,121.75900268554688
2011-04-04,135.32000732421875,121.85803985595703
2011-04-05,135.2899932861328,121.83102416992188
2011-04-06,135.35000610351562,121.88506317138672
2011-04-07,135.30999755859375,121.84905242919922
2011-04-08,135.19000244140625,121.7409896850586
2011-04-11,135.1699981689453,121.72294616699219
2011-04-12,135.2899932861328,121.83102416992188
2011-04-13,135.25,121.79499053955078
2011-04-14,135.24000549316406,121.78601837158203
2011-04-15,135.1300048828125,121.68696594238281
2011-04-18,135.22999572753906,121.77699279785156
2011-04-19,135.25999450683594,121.80400085449219
2011-04-20,135.22000122070312,121.76799011230469
2011-04-21,135.2899932861328,121.83102416992188
2011-04-26,135.22999572753906,121.77699279785156
2011-04-27,135.1199951171875,121.6779556274414
2011-04-28,135.25999450683594,121.80400085449219
2011-04-29,135.32000732421875,121.85803985595703
2011-05-02,135.2899932861328,121.83102416992188
2011-05-03,135.24000549316406,121.78601837158203
2011-05-04,135.17999267578125,121.73197937011719
2011-05-05,135.4499969482422,121.97512817382812
2011-05-06,135.41000366210938,121.93909454345703
2011-05-09,135.47999572753906,122.00212860107422
2011-05-10,135.5,122.0201187133789
2011-05-11,135.52000427246094,122.03816223144531
2011-05-12,135.66000366210938,122.16423797607422
2011-05-13,135.64999389648438,122.15519714355469
2011-05-16,135.60000610351562,122.11019134521484
2011-05-17,135.6199951171875,122.12818908691406
2011-05-18,135.5800018310547,122.0921859741211
2011-05-19,135.52000427246094,122.03816223144531
2011-05-20,135.58999633789062,122.1011734008789
2011-05-23,135.57000732421875,122.08318328857422
2011-05-24,135.60000610351562,122.11019134521484
2011-05-25,135.77999877929688,122.27227783203125
2011-05-26,135.8300018310547,122.31732177734375
2011-05-27,135.9199981689453,122.39837646484375
2011-05-30,135.77000427246094,122.2632827758789
2011-05-31,135.8000030517578,122.29027557373047
2011-06-01,135.85000610351562,122.33533477783203
2011-06-02,135.8699951171875,122.35331726074219
2011-06-03,135.91000366210938,122.38935089111328
2011-06-06,135.89999389648438,122.38032531738281
2011-06-07,135.80999755859375,122.2992935180664
2011-06-08,135.85000610351562,122.33533477783203
2011-06-09,135.8699951171875,122.35331726074219
2011-06-10,135.94000244140625,122.4163589477539
2011-06-13,135.97000122070312,122.44334411621094
2011-06-14,135.9600067138672,122.43438720703125
2011-06-15,135.97999572753906,122.45240020751953
2011-06-16,135.9600067138672,122.43438720703125
2011-06-17,136.0399932861328,122.50640106201172
2011-06-20,135.97000122070312,122.44334411621094
2011-06-21,135.97999572753906,122.45240020751953
2011-06-22,136.02000427246094,122.48843383789062
2011-06-23,136.02999877929688,122.49739074707031
2011-06-24,135.89999389648438,122.38032531738281
2011-06-27,135.8699951171875,122.35331726074219
2011-06-28,135.75,122.2452621459961
2011-06-29,135.82000732421875,122.30830383300781
2011-06-30,135.9499969482422,122.42538452148438
2011-07-01,135.9600067138672,122.43438720703125
2011-07-04,135.97000122070312,122.44334411621094
2011-07-05,135.89999389648438,122.38032531738281
2011-07-06,135.7899932861328,122.28130340576172
2011-07-07,135.72000122070312,122.21825408935547
2011-07-08,135.63999938964844,122.14620208740234
2011-07-11,134.99000549316406,121.5608901977539
2011-07-12,135.1199951171875,121.6779556274414
2011-07-13,135.22999572753906,121.77699279785156
2011-07-14,135.22000122070312,121.76799011230469
2011-07-15,135.07000732421875,121.63291931152344
2011-07-18,134.66000366210938,121.26373291015625
2011-07-19,135.0399932861328,121.60589599609375
2011-07-20,135.27000427246094,121.8130111694336
2011-07-21,135.63999938964844,122.14620208740234
2011-07-22,135.66000366210938,122.16423797607422
2011-07-25,135.25999450683594,121.80400085449219
2011-07-26,135.25,121.79499053955078
2011-07-27,135.16000366210938,121.7139663696289
2011-07-28,135.11000061035156,121.6689453125
2011-07-29,135.1199951171875,121.6779556274414
2011-08-01,135.02999877929688,121.59688568115234
2011-08-02,134.88999938964844,121.4708251953125
2011-08-03,135.0500030517578,121.6148910522461
2011-08-04,135.14999389648438,121.70496368408203
2011-08-05,135.44000244140625,121.96612548828125
2011-08-08,136.5800018310547,122.99270629882812
2011-08-09,136.6699981689453,123.07373046875
2011-08-10,137.02000427246094,123.38893127441406
2011-08-11,137.0,123.37092590332031
2011-08-12,136.92999267578125,123.30784606933594
2011-08-15,136.9499969482422,123.32588195800781
2011-08-16,136.9499969482422,123.32588195800781
2011-08-17,137.13999938964844,123.4969711303711
2011-08-18,137.25,123.59602355957031
2011-08-19,137.2899932861328,123.63207244873047
2011-08-22,137.24000549316406,123.58705139160156
2011-08-23,137.16000366210938,123.5150146484375
2011-08-24,135.92999267578125,122.4073486328125
2011-08-25,136.02999877929688,122.49739074707031
2011-08-26,135.97999572753906,122.45240020751953
2011-08-29,135.86000061035156,122.34431457519531
2011-08-30,135.9499969482422,122.42538452148438
2011-08-31,135.89999389648438,122.38032531738281
2011-09-01,135.9499969482422,122.42538452148438
2011-09-02,135.9600067138672,122.43438720703125
2011-09-05,135.5500030517578,122.06517028808594
2011-09-06,135.49000549316406,122.0111312866211
2011-09-07,135.86000061035156,122.34431457519531
2011-09-08,135.74000549316406,122.23626708984375
2011-09-09,135.8300018310547,122.31732177734375
2011-09-12,135.2899932861328,121.83102416992188
2011-09-13,135.0800018310547,121.64189147949219
2011-09-14,135.22999572753906,121.77699279785156
2011-09-15,135.24000549316406,121.78601837158203
2011-09-16,135.58999633789062,122.1011734008789
2011-09-19,135.5800018310547,122.0921859741211
2011-09-20,135.49000549316406,122.0111312866211
2011-09-21,135.47999572753906,122.00212860107422
2011-09-22,135.61000061035156,122.11919403076172
2011-09-23,135.67999267578125,122.18221282958984
2011-09-26,135.5800018310547,122.0921859741211
2011-09-27,135.5500030517578,122.06517028808594
2011-09-28,135.39999389648438,121.93004608154297
2011-09-29,135.52000427246094,122.03816223144531
2011-09-30,135.6300048828125,122.13722229003906
2011-10-03,135.67999267578125,122.18221282958984
2011-10-04,135.77000427246094,122.2632827758789
2011-10-05,135.75999450683594,122.25428009033203
2011-10-06,135.80999755859375,122.2992935180664
2011-10-07,135.8000030517578,122.29027557373047
2011-10-10,135.77999877929688,122.27227783203125
2011-10-11,135.75999450683594,122.25428009033203
2011-10-12,135.60000610351562,122.11019134521484
2011-10-13,135.52999877929688,122.0471420288086
2011-10-14,135.49000549316406,122.0111312866211
2011-10-17,135.52999877929688,122.0471420288086
2011-10-18,135.3800048828125,121.912109375
2011-10-19,135.25999450683594,121.80400085449219
2011-10-20,135.13999938964844,121.69593811035156
2011-10-21,135.19000244140625,121.7409896850586
2011-10-24,135.1699981689453,121.72294616699219
2011-10-25,135.2899932861328,121.83102416992188
2011-10-26,135.36000061035156,121.89405822753906
2011-10-27,135.38999938964844,121.92108154296875
2011-10-28,135.07000732421875,121.63291931152344
2011-10-31,134.9499969482422,121.52484893798828
2011-11-01,134.8699951171875,121.45279693603516
2011-11-02,134.9199981689453,121.49784088134766
2011-11-03,134.97999572753906,121.5518798828125
2011-11-04,134.64999389648438,121.25469970703125
2011-11-07,134.1300048828125,120.78644561767578
2011-11-08,133.9499969482422,120.62431335449219
2011-11-09,133.1199951171875,119.87690734863281
2011-11-10,133.75999450683594,120.45323944091797
2011-11-11,134.4199981689453,121.04759216308594
2011-11-14,134.02000427246094,120.6873550415039
2011-11-15,133.4600067138672,120.18309783935547
2011-11-16,133.52999877929688,120.24613952636719
2011-11-17,133.77000427246094,120.46224975585938
2011-11-18,133.72999572753906,120.42621612548828
2011-11-21,133.72000122070312,120.4172134399414
2011-11-22,133.14999389648438,119.90389251708984
2011-11-23,132.8300018310547,119.61573791503906
2011-11-24,132.72000122070312,119.51670837402344
2011-11-25,132.4199981689453,119.24654388427734
2011-11-28,132.97999572753906,119.7508316040039
2011-11-29,133.1300048828125,119.88591003417969
2011-11-30,133.47999572753906,120.20106506347656
2011-12-01,134.35000610351562,120.98455810546875
2011-12-02,134.17999267578125,120.8314437866211
2011-12-05,135.16000366210938,121.7139663696289
2011-12-06,135.08999633789062,121.65092468261719
2011-12-07,135.05999755859375,121.62393188476562
2011-12-08,134.39999389648438,121.0295639038086
2011-12-09,134.6999969482422,121.29972839355469
2011-12-12,134.8699951171875,121.45279693603516
2011-12-13,135.0399932861328,121.60589599609375
2011-12-14,134.85000610351562,121.4347915649414
2011-12-15,135.49000549316406,122.0111312866211
2011-12-16,135.83999633789062,122.32630920410156
2011-12-19,136.02000427246094,122.48843383789062
2011-12-20,136.27000427246094,122.71355438232422
2011-12-21,136.1199951171875,122.57844543457031
2011-12-22,135.97999572753906,122.45240020751953
2011-12-23,136.1699981689453,122.62348937988281
2011-12-27,136.24000549316406,122.6865234375
2011-12-28,136.42999267578125,122.85762023925781
2011-12-29,136.4199981689453,122.84859466552734
2011-12-30,136.5500030517578,122.96568298339844
2012-01-02,136.61000061035156,123.01969146728516
2012-01-03,136.6199951171875,123.0287094116211
2012-01-04,136.60000610351562,123.0107192993164
2012-01-05,136.17999267578125,122.63248443603516
2012-01-06,136.05999755859375,122.5244140625
2012-01-09,136.11000061035156,122.5694580078125
2012-01-10,136.24000549316406,122.6865234375
2012-01-11,136.64999389648438,123.05574035644531
2012-01-12,137.2899932861328,123.63207244873047
2012-01-13,137.22000122070312,123.56900787353516
2012-01-16,137.2899932861328,123.63207244873047
2012-01-17,137.41000366210938,123.74010467529297
2012-01-18,137.4600067138672,123.78516387939453
2012-01-19,137.41000366210938,123.74010467529297
2012-01-20,137.5500030517578,123.86621856689453
2012-01-23,137.9199981689453,124.19937896728516
2012-01-24,137.8699951171875,124.15437316894531
2012-01-25,137.88999938964844,124.17235565185547
2012-01-26,138.16000366210938,124.41553497314453
2012-01-27,138.19000244140625,124.44252014160156
2012-01-30,137.97000122070312,124.24442291259766
2012-01-31,138.22999572753906,124.47855377197266
2012-02-01,138.6999969482422,124.90179443359375
2012-02-02,138.97000122070312,125.14495086669922
2012-02-03,138.8800048828125,125.06387329101562
2012-02-06,138.94000244140625,125.11793518066406
2012-02-07,138.8800048828125,125.06387329101562
2012-02-08,138.9600067138672,125.13593292236328
2012-02-09,139.00999450683594,125.18096160888672
2012-02-10,138.75999450683594,124.95584106445312
2012-02-13,138.80999755859375,125.00084686279297
2012-02-14,138.77999877929688,124.97380828857422
2012-02-15,138.67999267578125,124.8837890625
2012-02-16,138.69000244140625,124.89279174804688
2012-02-17,138.8000030517578,124.99185180664062
2012-02-20,138.8699951171875,125.05487823486328
2012-02-21,139.00999450683594,125.18096160888672
2012-02-22,137.55999755859375,123.87519836425781
2012-02-23,137.5500030517578,123.86621856689453
2012-02-24,137.66000366210938,123.9652328491211
2012-02-27,137.9199981689453,124.19937896728516
2012-02-28,138.17999267578125,124.43351745605469
2012-02-29,138.4600067138672,124.6856460571289
2012-03-01,138.89999389648438,125.08190155029297
2012-03-02,139.0,125.17193603515625
2012-03-05,138.9499969482422,125.12691497802734
2012-03-06,138.83999633789062,125.02786254882812
2012-03-07,138.97000122070312,125.14495086669922
2012-03-08,138.97000122070312,125.14495086669922
2012-03-09,138.91000366210938,125.09091186523438
2012-03-12,138.8300018310547,125.01886749267578
2012-03-13,138.7899932861328,124.98283386230469
2012-03-14,138.72999572753906,124.9288101196289
2012-03-15,138.6699981689453,124.87479400634766
2012-03-16,138.6300048828125,124.8387451171875
2012-03-19,138.60000610351562,124.81175231933594
2012-03-20,138.6300048828125,124.8387451171875
2012-03-21,138.55999755859375,124.77571105957031
2012-03-22,138.5,124.7217025756836
2012-03-23,138.5399932861328,124.75769805908203
2012-03-26,138.5500030517578,124.76671600341797
2012-03-27,138.3800048828125,124.61361694335938
2012-03-28,138.4199981689453,124.649658203125
2012-03-29,138.08999633789062,124.35249328613281
2012-03-30,138.17999267578125,124.43351745605469
2012-04-02,138.25,124.4965591430664
2012-04-03,138.22999572753906,124.47855377197266
2012-04-04,137.88999938964844,124.17235565185547
2012-04-05,137.75999450683594,124.05529022216797
2012-04-10,137.3000030517578,123.64108276367188
2012-04-11,137.42999267578125,123.75814819335938
2012-04-12,137.67999267578125,123.98326110839844
2012-04-13,137.57000732421875,123.88420867919922
2012-04-16,137.47000122070312,123.79415893554688
2012-04-17,137.67999267578125,123.98326110839844
2012-04-18,137.74000549316406,124.03730010986328
2012-04-19,137.5800018310547,123.89321899414062
2012-04-20,137.55999755859375,123.87519836425781
2012-04-23,137.44000244140625,123.76715087890625
2012-04-24,137.6199951171875,123.92922973632812
2012-04-25,137.77000427246094,124.06434631347656
2012-04-26,137.72999572753906,124.02828216552734
2012-04-27,137.80999755859375,124.10032653808594
2012-04-30,138.02999877929688,124.2984390258789
2012-05-02,137.99000549316406,124.26238250732422
2012-05-03,138.1300048828125,124.38848114013672
2012-05-04,138.24000549316406,124.4875717163086
2012-05-07,138.33999633789062,124.57759857177734
2012-05-08,138.3000030517578,124.54158782958984
2012-05-09,138.05999755859375,124.32544708251953
2012-05-10,138.17999267578125,124.43351745605469
2012-05-11,138.11000061035156,124.3705062866211
2012-05-14,137.7100067138672,124.01031494140625
2012-05-15,137.39999389648438,123.73112487792969
2012-05-16,137.47999572753906,123.80315399169922
2012-05-17,137.3300018310547,123.66808319091797
2012-05-18,137.3000030517578,123.64108276367188
2012-05-21,137.30999755859375,123.65005493164062
2012-05-22,137.5800018310547,123.89321899414062
2012-05-23,137.42999267578125,123.75814819335938
2012-05-24,137.52999877929688,123.84817504882812
2012-05-25,137.38999938964844,123.72210693359375
2012-05-28,137.1300048828125,123.48798370361328
2012-05-29,136.9499969482422,123.32588195800781
2012-05-30,136.55999755859375,122.97467803955078
2012-05-31,136.5500030517578,122.96568298339844
2012-06-01,136.72000122070312,123.11878967285156
2012-06-04,136.9499969482422,123.32588195800781
2012-06-05,136.94000244140625,123.31687927246094
2012-06-06,137.2100067138672,123.55999755859375
2012-06-07,137.3300018310547,123.66808319091797
2012-06-08,137.22000122070312,123.56900787353516
2012-06-11,136.82000732421875,123.20884704589844
2012-06-12,136.38999938964844,122.82157897949219
2012-06-13,136.2899932861328,122.73152923583984
2012-06-14,136.3699951171875,122.80357360839844
2012-06-15,136.6300048828125,123.03775024414062
2012-06-18,136.52000427246094,122.93865203857422
2012-06-19,136.6699981689453,123.07373046875
2012-06-20,136.97000122070312,123.34390258789062
2012-06-21,137.36000061035156,123.69510650634766
2012-06-22,137.35000610351562,123.68609619140625
2012-06-25,136.77999877929688,123.17279815673828
2012-06-26,136.33999633789062,122.77656555175781
2012-06-27,136.39999389648438,122.83058166503906
2012-06-28,136.66000366210938,123.06473541259766
2012-06-29,137.7100067138672,124.01031494140625
2012-07-02,137.82000732421875,124.10932922363281
2012-07-03,138.17999267578125,124.43351745605469
2012-07-04,137.91000366210938,124.19039916992188
2012-07-05,137.52999877929688,123.84817504882812
2012-07-06,137.33999633789062,123.67709350585938
2012-07-09,136.97999572753906,123.3529052734375
2012-07-10,137.22999572753906,123.57805633544922
2012-07-11,137.69000244140625,123.99227142333984
2012-07-12,137.5800018310547,123.89321899414062
2012-07-13,137.77000427246094,124.06434631347656
2012-07-16,137.7100067138672,124.01031494140625
2012-07-17,137.77999877929688,124.07330322265625
2012-07-18,137.7100067138672,124.01031494140625
2012-07-19,137.7100067138672,124.01031494140625
2012-07-20,137.17999267578125,123.5329818725586
2012-07-23,136.55999755859375,122.97467803955078
2012-07-24,136.00999450683594,122.47940826416016
2012-07-25,136.24000549316406,122.6865234375
2012-07-26,137.41000366210938,123.74010467529297
2012-07-27,137.83999633789062,124.12735748291016
2012-07-30,138.00999450683594,124.28044128417969
2012-07-31,137.6300048828125,123.938232421875
2012-08-01,138.0500030517578,124.31643676757812
2012-08-02,138.13999938964844,124.39749908447266
2012-08-03,139.0,125.17193603515625
2012-08-06,139.2899932861328,125.43309020996094
2012-08-07,139.02999877929688,125.19895935058594
2012-08-08,138.97999572753906,125.15394592285156
2012-08-09,138.94000244140625,125.11793518066406
2012-08-10,138.75999450683594,124.95584106445312
2012-08-13,138.66000366210938,124.86575317382812
2012-08-14,138.7100067138672,124.91080474853516
2012-08-15,138.8800048828125,125.06387329101562
2012-08-16,138.99000549316406,125.16295623779297
2012-08-17,139.24000549316406,125.3880844116211
2012-08-20,139.32000732421875,125.4601058959961
2012-08-21,139.35000610351562,125.48711395263672
2012-08-22,137.94000244140625,124.21739959716797
2012-08-23,137.77000427246094,124.06434631347656
2012-08-24,137.74000549316406,124.03730010986328
2012-08-27,137.8000030517578,124.09134674072266
2012-08-28,137.9199981689453,124.19937896728516
2012-08-29,138.0800018310547,124.34346771240234
2012-08-30,138.0500030517578,124.31643676757812
2012-08-31,138.22999572753906,124.47855377197266
2012-09-03,138.47000122070312,124.69467163085938
2012-09-04,138.86000061035156,125.04586791992188
2012-09-05,138.94000244140625,125.11793518066406
2012-09-06,139.0500030517578,125.21700286865234
2012-09-07,139.2100067138672,125.361083984375
2012-09-10,139.00999450683594,125.18096160888672
2012-09-11,139.05999755859375,125.22595977783203
2012-09-12,139.22999572753906,125.37907409667969
2012-09-13,139.14999389648438,125.30703735351562
2012-09-14,138.9499969482422,125.12691497802734
2012-09-17,138.9499969482422,125.12691497802734
2012-09-18,138.97000122070312,125.14495086669922
2012-09-19,139.25,125.39708709716797
2012-09-20,139.25,125.39708709716797
2012-09-21,139.11000061035156,125.27100372314453
2012-09-24,139.17999267578125,125.33403778076172
2012-09-25,139.02999877929688,125.19895935058594
2012-09-26,138.8699951171875,125.05487823486328
2012-09-27,138.9600067138672,125.13593292236328
2012-09-28,139.0,125.17193603515625
2012-10-01,139.05999755859375,125.22595977783203
2012-10-02,139.27999877929688,125.42408752441406
2012-10-03,139.25,125.39708709716797
2012-10-04,139.10000610351562,125.26197814941406
2012-10-05,139.27999877929688,125.42408752441406
2012-10-08,139.24000549316406,125.3880844116211
2012-10-09,139.11000061035156,125.27100372314453
2012-10-10,139.02999877929688,125.19895935058594
2012-10-11,139.17999267578125,125.33403778076172
2012-10-12,139.3800048828125,125.5141372680664
2012-10-15,139.35000610351562,125.48711395263672
2012-10-16,139.47000122070312,125.59518432617188
2012-10-17,139.63999938964844,125.74826049804688
2012-10-18,139.6300048828125,125.73929595947266
2012-10-19,139.6199951171875,125.73027801513672
2012-10-22,139.50999450683594,125.63118743896484
2012-10-23,139.36000061035156,125.49614715576172
2012-10-24,139.36000061035156,125.49614715576172
2012-10-25,139.27000427246094,125.41508483886719
2012-10-26,139.3699951171875,125.50513458251953
2012-10-29,139.22999572753906,125.37907409667969
2012-10-30,139.30999755859375,125.45111083984375
2012-10-31,139.4499969482422,125.57717895507812
2012-11-01,139.52999877929688,125.64921569824219
2012-11-02,139.47999572753906,125.6042251586914
2012-11-05,139.44000244140625,125.56815338134766
2012-11-06,139.61000061035156,125.72125244140625
2012-11-07,139.61000061035156,125.72125244140625
2012-11-08,139.52999877929688,125.64921569824219
2012-11-09,139.6300048828125,125.73929595947266
2012-11-12,139.57000732421875,125.68524932861328
2012-11-13,139.58999633789062,125.7032470703125
2012-11-14,139.67999267578125,125.7842788696289
2012-11-15,139.67999267578125,125.7842788696289
2012-11-16,139.69000244140625,125.79332733154297
2012-11-19,139.66000366210938,125.76631164550781
2012-11-20,139.83999633789062,125.9283447265625
2012-11-21,139.88999938964844,125.97342681884766
2012-11-22,140.05999755859375,126.12646484375
2012-11-23,140.14999389648438,126.20752716064453
2012-11-26,140.16000366210938,126.21653747558594
2012-11-27,140.24000549316406,126.28857421875
2012-11-28,140.52000427246094,126.5407485961914
2012-11-29,140.3800048828125,126.41464233398438
2012-11-30,140.32000732421875,126.3606185913086
2012-12-03,140.4199981689453,126.45068359375
2012-12-04,140.4600067138672,126.48672485351562
2012-12-05,140.42999267578125,126.45967102050781
2012-12-06,140.1999969482422,126.2525863647461
2012-12-07,140.39999389648438,126.43267059326172
2012-12-10,139.83999633789062,125.9283447265625
2012-12-11,140.10000610351562,126.16252899169922
2012-12-12,140.27000427246094,126.31562042236328
2012-12-13,140.32000732421875,126.3606185913086
2012-12-14,140.36000061035156,126.39665222167969
2012-12-17,140.41000366210938,126.44166564941406
2012-12-18,140.60000610351562,126.61278533935547
2012-12-19,140.64999389648438,126.65779876708984
2012-12-20,140.8000030517578,126.79287719726562
2012-12-21,140.6999969482422,126.70279693603516
2012-12-24,140.69000244140625,126.69384765625
2012-12-27,140.5399932861328,126.55873107910156
2012-12-28,140.47000122070312,126.49571990966797
2012-12-31,140.52999877929688,126.54973602294922
2013-01-02,141.05999755859375,127.02701568603516
2013-01-03,141.2100067138672,127.16209411621094
2013-01-04,141.17999267578125,127.13508605957031
2013-01-07,141.02999877929688,126.99998474121094
2013-01-08,141.16000366210938,127.11705780029297
2013-01-09,141.4499969482422,127.37821197509766
2013-01-10,141.88999938964844,127.77445983886719
2013-01-11,141.80999755859375,127.70240020751953
2013-01-14,141.67999267578125,127.58533477783203
2013-01-15,141.72999572753906,127.63036346435547
2013-01-16,141.75999450683594,127.6573486328125
2013-01-17,141.63999938964844,127.54931640625
2013-01-18,141.7100067138672,127.61238098144531
2013-01-21,141.55999755859375,127.47726440429688
2013-01-22,141.52999877929688,127.45026397705078
2013-01-23,141.60000610351562,127.5132827758789
2013-01-24,141.6199951171875,127.53131866455078
2013-01-25,141.49000549316406,127.41423034667969
2013-01-28,141.3699951171875,127.30619049072266
2013-01-29,141.52000427246094,127.44124603271484
2013-01-30,141.22000122070312,127.17110443115234
2013-01-31,141.25999450683594,127.20712280273438
2013-02-01,141.24000549316406,127.1891098022461
2013-02-04,140.9199981689453,126.90093994140625
2013-02-05,141.08999633789062,127.05403900146484
2013-02-06,140.94000244140625,126.9189682006836
2013-02-07,141.0500030517578,127.01802062988281
2013-02-08,141.0800018310547,127.04502868652344
2013-02-11,141.0399932861328,127.00897979736328
2013-02-12,141.2100067138672,127.16209411621094
2013-02-13,141.3699951171875,127.30619049072266
2013-02-14,141.47000122070312,127.39623260498047
2013-02-15,141.4600067138672,127.38722229003906
2013-02-18,141.3800048828125,127.315185546875
2013-02-19,141.3699951171875,127.30619049072266
2013-02-20,139.7899932861328,127.30032348632812
2013-02-21,139.6699981689453,127.1910400390625
2013-02-22,139.77999877929688,127.29125213623047
2013-02-25,139.83999633789062,127.34583282470703
2013-02-26,138.91000366210938,126.49898529052734
2013-02-27,139.24000549316406,126.79949188232422
2013-02-28,139.47000122070312,127.00891876220703
2013-03-01,139.4600067138672,126.9998550415039
2013-03-04,139.41000366210938,126.95429229736328
2013-03-05,139.61000061035156,127.13641357421875
2013-03-06,139.85000610351562,127.35497283935547
2013-03-07,139.94000244140625,127.43695831298828
2013-03-08,139.92999267578125,127.42782592773438
2013-03-11,139.8800048828125,127.3823013305664
2013-03-12,139.92999267578125,127.42782592773438
2013-03-13,139.8000030517578,127.30946350097656
2013-03-14,139.85000610351562,127.35497283935547
2013-03-15,139.8699951171875,127.3731918334961
2013-03-18,139.89999389648438,127.40050506591797
2013-03-19,139.77999877929688,127.29125213623047
2013-03-20,139.83999633789062,127.34583282470703
2013-03-21,139.97999572753906,127.473388671875
2013-03-22,139.97999572753906,127.473388671875
2013-03-25,139.9199981689453,127.41874694824219
2013-03-26,139.89999389648438,127.40050506591797
2013-03-27,139.67999267578125,127.20015716552734
2013-03-28,139.6999969482422,127.2183837890625
2013-04-02,140.05999755859375,127.54619598388672
2013-04-03,140.13999938964844,127.61907958984375
2013-04-04,140.3000030517578,127.76478576660156
2013-04-05,140.57000732421875,128.0106658935547
2013-04-08,140.5800018310547,128.019775390625
2013-04-09,140.47000122070312,127.91959381103516
2013-04-10,140.5800018310547,128.019775390625
2013-04-11,140.57000732421875,128.0106658935547
2013-04-12,140.5800018310547,128.019775390625
2013-04-15,140.5800018310547,128.019775390625
2013-04-16,140.6199951171875,128.05618286132812
2013-04-17,140.77999877929688,128.20187377929688
2013-04-18,140.82000732421875,128.2383270263672
2013-04-19,140.8699951171875,128.28387451171875
2013-04-22,141.0800018310547,128.47511291503906
2013-04-23,141.25999450683594,128.63900756835938
2013-04-24,141.1300048828125,128.52061462402344
2013-04-25,141.0800018310547,128.47511291503906
2013-04-26,141.13999938964844,128.5297393798828
2013-04-29,141.39999389648438,128.76649475097656
2013-04-30,141.52999877929688,128.88487243652344
2013-05-02,141.7100067138672,129.048828125
2013-05-03,141.6999969482422,129.0396728515625
2013-05-06,141.66000366210938,129.0032501220703
2013-05-07,141.67999267578125,129.02149963378906
2013-05-08,141.72999572753906,129.06700134277344
2013-05-09,141.64999389648438,128.9941864013672
2013-05-10,141.61000061035156,128.95774841308594
2013-05-13,141.4499969482422,128.81201171875
2013-05-14,141.35000610351562,128.720947265625
2013-05-15,141.35000610351562,128.720947265625
2013-05-16,141.47000122070312,128.8302459716797
2013-05-17,141.7100067138672,129.048828125
2013-05-20,141.64999389648438,128.9941864013672
2013-05-21,141.57000732421875,128.9213104248047
2013-05-22,141.58999633789062,128.9394989013672
2013-05-23,141.41000366210938,128.77561950683594
2013-05-24,141.19000244140625,128.57525634765625
2013-05-27,141.33999633789062,128.7118682861328
2013-05-28,141.3699951171875,128.7391815185547
2013-05-29,141.16000366210938,128.5479278564453
2013-05-30,141.25999450683594,128.63900756835938
2013-05-31,141.1999969482422,128.5843505859375
2013-06-03,141.22000122070312,128.6025848388672
2013-06-04,141.27999877929688,128.65721130371094
2013-06-05,141.27000427246094,128.6481170654297
2013-06-06,140.88999938964844,128.3020782470703
2013-06-07,140.99000549316406,128.3931427001953
2013-06-10,140.8300018310547,128.2474365234375
2013-06-11,140.77999877929688,128.20187377929688
2013-06-12,140.72000122070312,128.14724731445312
2013-06-13,140.63999938964844,128.0744171142578
2013-06-14,140.75999450683594,128.18368530273438
2013-06-17,140.77999877929688,128.20187377929688
2013-06-18,140.75,128.17457580566406
2013-06-19,140.85000610351562,128.265625
2013-06-20,140.44000244140625,127.89228057861328
2013-06-21,140.24000549316406,127.71012878417969
2013-06-24,139.88999938964844,127.39143371582031
2013-06-25,139.83999633789062,127.34583282470703
2013-06-26,140.22000122070312,127.6919174194336
2013-06-27,140.5,127.94690704345703
2013-06-28,140.52000427246094,127.96513366699219
2013-07-01,140.74000549316406,128.1654815673828
2013-07-02,140.8300018310547,128.2474365234375
2013-07-03,140.74000549316406,128.1654815673828
2013-07-04,141.16000366210938,128.5479278564453
2013-07-05,141.25999450683594,128.63900756835938
2013-07-08,141.33999633789062,128.7118682861328
2013-07-09,141.30999755859375,128.68453979492188
2013-07-10,141.1199951171875,128.51148986816406
2013-07-11,141.05999755859375,128.45687866210938
2013-07-12,140.97000122070312,128.37490844726562
2013-07-15,141.02000427246094,128.42047119140625
2013-07-16,141.05999755859375,128.45687866210938
2013-07-17,141.02999877929688,128.42955017089844
2013-07-18,141.19000244140625,128.57525634765625
2013-07-19,141.2899932861328,128.6663055419922
2013-07-22,141.3800048828125,128.74827575683594
2013-07-23,141.32000732421875,128.6936492919922
2013-07-24,141.3699951171875,128.7391815185547
2013-07-25,141.38999938964844,128.7574005126953
2013-07-26,141.33999633789062,128.7118682861328
2013-07-29,141.22999572753906,128.61166381835938
2013-07-30,141.2899932861328,128.6663055419922
2013-07-31,141.2899932861328,128.6663055419922
2013-08-01,141.36000061035156,128.73007202148438
2013-08-02,141.52999877929688,128.88487243652344
2013-08-05,141.44000244140625,128.80291748046875
2013-08-06,141.4600067138672,128.82115173339844
2013-08-07,141.5399932861328,128.8939971923828
2013-08-08,141.60000610351562,128.9486083984375
2013-08-09,141.61000061035156,128.95774841308594
2013-08-12,141.67999267578125,129.02149963378906
2013-08-13,141.57000732421875,128.9213104248047
2013-08-14,141.7100067138672,129.048828125
2013-08-15,141.63999938964844,128.98504638671875
2013-08-16,141.7100067138672,129.048828125
2013-08-19,141.58999633789062,128.9394989013672
2013-08-20,141.52999877929688,128.88487243652344
2013-08-21,141.50999450683594,128.86666870117188
2013-08-22,141.52999877929688,128.88487243652344
2013-08-23,141.52999877929688,128.88487243652344
2013-08-26,141.44000244140625,128.80291748046875
2013-08-27,141.33999633789062,128.7118682861328
2013-08-28,140.1199951171875,128.73831176757812
2013-08-29,140.14999389648438,128.765869140625
2013-08-30,140.1999969482422,128.8118133544922
2013-09-02,140.25,128.85775756835938
2013-09-03,140.24000549316406,128.8485870361328
2013-09-04,140.1999969482422,128.8118133544922
2013-09-05,139.99000549316406,128.61886596679688
2013-09-06,140.05999755859375,128.6831817626953
2013-09-09,140.07000732421875,128.6923828125
2013-09-10,140.05999755859375,128.6831817626953
2013-09-11,140.1300048828125,128.7475128173828
2013-09-12,140.17999267578125,128.79344177246094
2013-09-13,140.10000610351562,128.71995544433594
2013-09-16,140.30999755859375,128.91287231445312
2013-09-17,140.3300018310547,128.93125915527344
2013-09-18,140.41000366210938,129.0047607421875
2013-09-19,140.61000061035156,129.1885223388672
2013-09-20,140.72999572753906,129.2987823486328
2013-09-23,140.77999877929688,129.34471130371094
2013-09-24,140.75,129.317138671875
2013-09-25,140.8000030517578,129.36306762695312
2013-09-26,140.69000244140625,129.2620086669922
2013-09-27,140.57000732421875,129.15176391601562
2013-09-30,140.61000061035156,129.1885223388672
2013-10-01,140.86000061035156,129.418212890625
2013-10-02,140.9499969482422,129.50088500976562
2013-10-03,140.88999938964844,129.44577026367188
2013-10-04,141.02000427246094,129.56521606445312
2013-10-07,141.0,129.5468292236328
2013-10-08,140.97000122070312,129.51927185058594
2013-10-09,140.91000366210938,129.46414184570312
2013-10-10,140.97999572753906,129.52845764160156
2013-10-11,141.02000427246094,129.56521606445312
2013-10-14,141.07000732421875,129.6111602783203
2013-10-15,141.08999633789062,129.62953186035156
2013-10-16,141.14999389648438,129.68466186523438
2013-10-17,141.25,129.77655029296875
2013-10-18,141.2899932861328,129.8132781982422
2013-10-21,141.3000030517578,129.82247924804688
2013-10-22,141.39999389648438,129.91433715820312
2013-10-23,141.44000244140625,129.95111083984375
2013-10-24,141.33999633789062,129.85922241210938
2013-10-25,141.25,129.77655029296875
2013-10-28,141.2899932861328,129.8132781982422
2013-10-29,141.36000061035156,129.87759399414062
2013-10-30,141.3800048828125,129.89593505859375
2013-10-31,141.52999877929688,130.03378295898438
2013-11-01,141.6199951171875,130.116455078125
2013-11-04,141.63999938964844,130.13485717773438
2013-11-05,141.58999633789062,130.0889129638672
2013-11-06,141.57000732421875,130.070556640625
2013-11-07,141.83999633789062,130.31861877441406
2013-11-08,141.85000610351562,130.32778930664062
2013-11-11,141.86000061035156,130.3369598388672
2013-11-12,141.80999755859375,130.29104614257812
2013-11-13,141.92999267578125,130.4012908935547
2013-11-14,141.94000244140625,130.4104766845703
2013-11-15,141.9199981689453,130.39210510253906
2013-11-18,141.89999389648438,130.37374877929688
2013-11-19,141.88999938964844,130.3645477294922
2013-11-20,141.9199981689453,130.39210510253906
2013-11-21,141.97000122070312,130.4380645751953
2013-11-22,141.9600067138672,130.4288787841797
2013-11-25,141.97999572753906,130.4472198486328
2013-11-26,142.08999633789062,130.5482940673828
2013-11-27,142.07000732421875,130.52993774414062
2013-11-28,142.0500030517578,130.51153564453125
2013-11-29,142.00999450683594,130.47479248046875
2013-12-02,142.0,130.46560668945312
2013-12-03,142.00999450683594,130.47479248046875
2013-12-04,141.8300018310547,130.30941772460938
2013-12-05,141.69000244140625,130.1807861328125
2013-12-06,141.77000427246094,130.2542724609375
2013-12-09,141.8800048828125,130.3553466796875
2013-12-10,141.99000549316406,130.4564208984375
2013-12-11,141.97999572753906,130.4472198486328
2013-12-12,141.88999938964844,130.3645477294922
2013-12-13,141.91000366210938,130.38291931152344
2013-12-16,141.94000244140625,130.4104766845703
2013-12-17,141.9199981689453,130.39210510253906
2013-12-18,141.9199981689453,130.39210510253906
2013-12-19,141.9199981689453,130.39210510253906
2013-12-20,141.9199981689453,130.39210510253906
2013-12-23,141.8300018310547,130.30941772460938
2013-12-24,141.83999633789062,130.31861877441406
2013-12-27,141.8000030517578,130.28184509277344
2013-12-30,141.9499969482422,130.41966247558594
2013-12-31,141.9199981689453,130.39210510253906
2014-01-02,142.22000122070312,130.66775512695312
2014-01-03,142.36000061035156,130.79635620117188
2014-01-06,142.25999450683594,130.70449829101562
2014-01-07,142.33999633789062,130.77798461914062
2014-01-08,142.35000610351562,130.7871856689453
2014-01-09,142.42999267578125,130.8606719970703
2014-01-10,142.4199981689453,130.8514862060547
2014-01-13,142.42999267578125,130.8606719970703
2014-01-14,142.39999389648438,130.83311462402344
2014-01-15,142.4199981689453,130.8514862060547
2014-01-16,142.4600067138672,130.8882598876953
2014-01-17,142.4499969482422,130.87905883789062
2014-01-20,142.49000549316406,130.91580200195312
2014-01-21,142.4499969482422,130.87905883789062
2014-01-22,142.42999267578125,130.8606719970703
2014-01-23,142.42999267578125,130.8606719970703
2014-01-24,142.3699951171875,130.80555725097656
2014-01-27,142.33999633789062,130.77798461914062
2014-01-28,142.42999267578125,130.8606719970703
2014-01-29,142.41000366210938,130.84230041503906
2014-01-30,142.5,130.9249725341797
2014-01-31,142.66000366210938,131.07199096679688
2014-02-03,142.67999267578125,131.0903778076172
2014-02-04,142.75,131.1547088623047
2014-02-05,142.8300018310547,131.22817993164062
2014-02-06,142.75,131.1547088623047
2014-02-07,142.83999633789062,131.2373809814453
2014-02-10,142.8000030517578,131.20062255859375
2014-02-11,142.77000427246094,131.17306518554688
2014-02-12,142.72000122070312,131.1271209716797
2014-02-13,142.72000122070312,131.1271209716797
2014-02-14,142.82000732421875,131.218994140625
2014-02-17,142.9199981689453,131.31089782714844
2014-02-18,142.99000549316406,131.37518310546875
2014-02-19,142.89999389648438,131.29249572753906
2014-02-20,142.8800048828125,131.2741241455078
2014-02-21,142.9499969482422,131.3384552001953
2014-02-24,142.9499969482422,131.3384552001953
2014-02-25,142.9600067138672,131.34762573242188
2014-02-26,142.1300048828125,131.4120635986328
2014-02-27,142.16000366210938,131.43980407714844
2014-02-28,142.10000610351562,131.38433837890625
2014-03-03,142.14999389648438,131.43057250976562
2014-03-04,142.27999877929688,131.55078125
2014-03-05,142.38999938964844,131.6524658203125
2014-03-06,142.1999969482422,131.47679138183594
2014-03-07,142.27999877929688,131.55078125
2014-03-10,142.3300018310547,131.5970001220703
2014-03-11,142.3000030517578,131.5692596435547
2014-03-12,142.27000427246094,131.54150390625
2014-03-13,142.27000427246094,131.54150390625
2014-03-14,142.25999450683594,131.5322723388672
2014-03-17,142.27000427246094,131.54150390625
2014-03-18,142.27999877929688,131.55078125
2014-03-19,142.30999755859375,131.5784912109375
2014-03-20,142.1999969482422,131.47679138183594
2014-03-21,142.27000427246094,131.54150390625
2014-03-24,142.22999572753906,131.50454711914062
2014-03-25,142.30999755859375,131.5784912109375
2014-03-26,142.39999389648438,131.66171264648438
2014-03-27,142.42999267578125,131.68943786621094
2014-03-28,142.4199981689453,131.68020629882812
2014-03-31,142.44000244140625,131.6986846923828
2014-04-01,142.4499969482422,131.70794677734375
2014-04-02,142.4199981689453,131.68020629882812
2014-04-03,142.5399932861328,131.79112243652344
2014-04-04,142.69000244140625,131.92982482910156
2014-04-07,142.66000366210938,131.90213012695312
2014-04-08,142.61000061035156,131.8558807373047
2014-04-09,142.57000732421875,131.81887817382812
2014-04-10,142.6300048828125,131.87435913085938
2014-04-11,142.52000427246094,131.7726593017578
2014-04-14,142.5399932861328,131.79112243652344
2014-04-15,142.5500030517578,131.80039978027344
2014-04-16,142.58999633789062,131.83738708496094
2014-04-17,142.5,131.75416564941406
2014-04-22,142.50999450683594,131.763427734375
2014-04-23,142.5399932861328,131.79112243652344
2014-04-24,142.47999572753906,131.73568725585938
2014-04-25,142.47000122070312,131.7264404296875
2014-04-28,142.4199981689453,131.68020629882812
2014-04-29,142.5,131.75416564941406
2014-04-30,142.52999877929688,131.78192138671875
2014-05-02,142.57000732421875,131.81887817382812
2014-05-05,142.6199951171875,131.8651123046875
2014-05-06,142.60000610351562,131.8466339111328
2014-05-07,142.6199951171875,131.8651123046875
2014-05-08,142.67999267578125,131.9205780029297
2014-05-09,142.60000610351562,131.8466339111328
2014-05-12,142.57000732421875,131.81887817382812
2014-05-13,142.6300048828125,131.87435913085938
2014-05-14,142.69000244140625,131.92982482910156
2014-05-15,142.5399932861328,131.79112243652344
2014-05-16,142.58999633789062,131.83738708496094
2014-05-19,142.47999572753906,131.73568725585938
2014-05-20,142.3300018310547,131.5970001220703
2014-05-21,142.4499969482422,131.70794677734375
2014-05-22,142.41000366210938,131.6709747314453
2014-05-23,142.5500030517578,131.80039978027344
2014-05-26,142.6699981689453,131.91134643554688
2014-05-27,142.6699981689453,131.91134643554688
2014-05-28,142.72000122070312,131.9575653076172
2014-05-29,142.7100067138672,131.9483642578125
2014-05-30,142.7100067138672,131.9483642578125
2014-06-02,142.74000549316406,131.97607421875
2014-06-03,142.72000122070312,131.9575653076172
2014-06-04,142.77999877929688,132.01304626464844
2014-06-05,143.0,132.2164764404297
2014-06-06,143.1300048828125,132.33668518066406
2014-06-09,143.11000061035156,132.3181610107422
2014-06-10,142.97999572753906,132.19798278808594
2014-06-11,143.02000427246094,132.23495483398438
2014-06-12,143.07000732421875,132.28118896484375
2014-06-13,143.1300048828125,132.33668518066406
2014-06-16,143.10000610351562,132.30892944335938
2014-06-17,142.97999572753906,132.19798278808594
2014-06-18,142.97000122070312,132.188720703125
2014-06-19,143.02000427246094,132.23495483398438
2014-06-20,142.99000549316406,132.2072296142578
2014-06-23,143.08999633789062,132.29966735839844
2014-06-24,143.14999389648438,132.3551483154297
2014-06-25,143.16000366210938,132.36441040039062
2014-06-26,143.14999389648438,132.3551483154297
2014-06-27,143.19000244140625,132.39215087890625
2014-06-30,143.1999969482422,132.40138244628906
2014-07-01,143.24000549316406,132.43836975097656
2014-07-02,143.2100067138672,132.41062927246094
2014-07-03,143.30999755859375,132.5030975341797
2014-07-04,143.3699951171875,132.55857849121094
2014-07-07,143.3800048828125,132.5678253173828
2014-07-08,143.35000610351562,132.54010009765625
2014-07-09,143.25999450683594,132.45684814453125
2014-07-10,143.1999969482422,132.40138244628906
2014-07-11,143.27999877929688,132.47532653808594
2014-07-14,143.27000427246094,132.46612548828125
2014-07-15,143.27000427246094,132.46612548828125
2014-07-16,143.27000427246094,132.46612548828125
2014-07-17,143.3300018310547,132.5215606689453
2014-07-18,143.3800048828125,132.5678253173828
2014-07-21,143.39999389648438,132.5863037109375
2014-07-22,143.3800048828125,132.5678253173828
2014-07-23,143.41000366210938,132.59555053710938
2014-07-24,143.41000366210938,132.59555053710938
2014-07-25,143.4199981689453,132.6048126220703
2014-07-28,143.42999267578125,132.61402893066406
2014-07-29,143.52000427246094,132.697265625
2014-07-30,143.42999267578125,132.61402893066406
2014-07-31,143.42999267578125,132.61402893066406
2014-08-01,143.39999389648438,132.5863037109375
2014-08-04,143.49000549316406,132.66954040527344
2014-08-05,143.4499969482422,132.63253784179688
2014-08-06,143.42999267578125,132.61402893066406
2014-08-07,143.41000366210938,132.59555053710938
2014-08-08,143.47000122070312,132.65101623535156
2014-08-11,143.5500030517578,132.7250213623047
2014-08-12,143.60000610351562,132.77122497558594
2014-08-13,143.60000610351562,132.77122497558594
2014-08-14,143.6199951171875,132.78970336914062
2014-08-15,143.6199951171875,132.78970336914062
2014-08-18,143.6300048828125,132.7989959716797
2014-08-19,143.64999389648438,132.8174591064453
2014-08-20,143.07000732421875,132.83937072753906
2014-08-21,143.08999633789062,132.85794067382812
2014-08-22,143.1300048828125,132.8950653076172
2014-08-25,143.22999572753906,132.9879150390625
2014-08-26,143.2100067138672,132.96939086914062
2014-08-27,143.1699981689453,132.9322052001953
2014-08-28,143.08999633789062,132.85794067382812
2014-08-29,143.10000610351562,132.86721801757812
2014-09-01,143.07000732421875,132.83937072753906
2014-09-02,143.11000061035156,132.8765106201172
2014-09-03,143.10000610351562,132.86721801757812
2014-09-04,143.36000061035156,133.10861206054688
2014-09-05,143.33999633789062,133.0900421142578
2014-09-08,143.3300018310547,133.080810546875
2014-09-09,143.27000427246094,133.02508544921875
2014-09-10,143.22999572753906,132.9879150390625
2014-09-11,143.16000366210938,132.9229278564453
2014-09-12,143.13999938964844,132.9043426513672
2014-09-15,143.1300048828125,132.8950653076172
2014-09-16,143.13999938964844,132.9043426513672
2014-09-17,143.17999267578125,132.9414825439453
2014-09-18,143.13999938964844,132.9043426513672
2014-09-19,143.25,133.00648498535156
2014-09-22,143.24000549316406,132.99722290039062
2014-09-23,143.1699981689453,132.9322052001953
2014-09-24,143.1300048828125,132.8950653076172
2014-09-25,143.1699981689453,132.9322052001953
2014-09-26,143.17999267578125,132.9414825439453
2014-09-29,143.13999938964844,132.9043426513672
2014-09-30,143.19000244140625,132.95079040527344
2014-10-01,143.22999572753906,132.9879150390625
2014-10-02,143.16000366210938,132.9229278564453
2014-10-03,143.1300048828125,132.8950653076172
2014-10-06,143.13999938964844,132.9043426513672
2014-10-07,143.08999633789062,132.85794067382812
2014-10-08,143.0500030517578,132.82081604003906
2014-10-09,143.05999755859375,132.830078125
2014-10-10,143.05999755859375,132.830078125
2014-10-13,143.07000732421875,132.83937072753906
2014-10-14,143.0500030517578,132.82081604003906
2014-10-15,143.0,132.7743682861328
2014-10-16,142.64999389648438,132.4493865966797
2014-10-17,142.8300018310547,132.61651611328125
2014-10-20,142.74000549316406,132.53298950195312
2014-10-21,142.77999877929688,132.5701141357422
2014-10-22,142.8300018310547,132.61651611328125
2014-10-23,142.82000732421875,132.6072235107422
2014-10-24,142.77999877929688,132.5701141357422
2014-10-27,142.75999450683594,132.55152893066406
2014-10-28,142.77999877929688,132.5701141357422
2014-10-29,142.72999572753906,132.52366638183594
2014-10-30,142.75,132.542236328125
2014-10-31,142.8000030517578,132.58868408203125
2014-11-03,142.82000732421875,132.6072235107422
2014-11-04,142.77999877929688,132.5701141357422
2014-11-05,142.83999633789062,132.62582397460938
2014-11-06,142.9199981689453,132.70008850097656
2014-11-07,142.91000366210938,132.69081115722656
2014-11-10,142.9199981689453,132.70008850097656
2014-11-11,142.97999572753906,132.7557830810547
2014-11-12,142.99000549316406,132.7650909423828
2014-11-13,142.97000122070312,132.74652099609375
2014-11-14,142.97999572753906,132.7557830810547
2014-11-17,142.97999572753906,132.7557830810547
2014-11-18,142.9600067138672,132.7372283935547
2014-11-19,142.9499969482422,132.7279510498047
2014-11-20,142.97999572753906,132.7557830810547
2014-11-21,143.08999633789062,132.85794067382812
2014-11-24,143.1199951171875,132.88580322265625
2014-11-25,143.13999938964844,132.9043426513672
2014-11-26,143.1300048828125,132.8950653076172
2014-11-27,143.1199951171875,132.88580322265625
2014-11-28,143.08999633789062,132.85794067382812
2014-12-01,143.05999755859375,132.830078125
2014-12-02,143.07000732421875,132.83937072753906
2014-12-03,143.1300048828125,132.8950653076172
2014-12-04,143.0500030517578,132.82081604003906
2014-12-05,143.0800018310547,132.84864807128906
2014-12-08,143.13999938964844,132.9043426513672
2014-12-09,143.0,132.7743682861328
2014-12-10,142.94000244140625,132.71865844726562
2014-12-11,142.9600067138672,132.7372283935547
2014-12-12,142.91000366210938,132.69081115722656
2014-12-15,142.86000061035156,132.64439392089844
2014-12-16,142.88999938964844,132.6722412109375
2014-12-17,142.82000732421875,132.6072235107422
2014-12-18,143.0,132.7743682861328
2014-12-19,143.0500030517578,132.82081604003906
2014-12-22,143.07000732421875,132.83937072753906
2014-12-23,143.1699981689453,132.9322052001953
2014-12-24,143.1300048828125,132.8950653076172
2014-12-29,143.14999389648438,132.91363525390625
2014-12-30,143.17999267578125,132.9414825439453
2014-12-31,143.19000244140625,132.95079040527344
2015-01-02,143.3800048828125,133.12721252441406
2015-01-05,143.30999755859375,133.06219482421875
2015-01-06,143.24000549316406,132.99722290039062
2015-01-07,143.14999389648438,132.91363525390625
2015-01-08,143.24000549316406,132.99722290039062
2015-01-09,143.24000549316406,132.99722290039062
2015-01-12,143.24000549316406,132.99722290039062
2015-01-13,143.27999877929688,133.03433227539062
2015-01-14,143.30999755859375,133.06219482421875
2015-01-15,143.33999633789062,133.0900421142578
2015-01-16,143.39999389648438,133.145751953125
2015-01-19,143.4600067138672,133.2014617919922
2015-01-20,143.4499969482422,133.1921844482422
2015-01-21,143.38999938964844,133.13648986816406
2015-01-22,143.60000610351562,133.3314666748047
2015-01-23,143.6300048828125,133.35931396484375
2015-01-26,143.55999755859375,133.29434204101562
2015-01-27,143.50999450683594,133.2478790283203
2015-01-28,143.41000366210938,133.155029296875
2015-01-29,143.47999572753906,133.22006225585938
2015-01-30,143.52000427246094,133.25718688964844
2015-02-02,143.52999877929688,133.26646423339844
2015-02-03,143.5800018310547,133.31288146972656
2015-02-04,143.6199951171875,133.3500518798828
2015-02-05,143.60000610351562,133.3314666748047
2015-02-06,143.6300048828125,133.35931396484375
2015-02-09,143.55999755859375,133.29434204101562
2015-02-10,143.55999755859375,133.29434204101562
2015-02-11,143.5500030517578,133.28504943847656
2015-02-12,143.58999633789062,133.32217407226562
2015-02-13,143.60000610351562,133.3314666748047
2015-02-16,143.58999633789062,133.32217407226562
2015-02-17,143.5800018310547,133.31288146972656
2015-02-18,143.6300048828125,133.35931396484375
2015-02-19,143.63999938964844,133.3686065673828
2015-02-20,143.7100067138672,133.43360900878906
2015-02-23,143.72999572753906,133.45216369628906
2015-02-24,143.8000030517578,133.51718139648438
2015-02-25,143.8000030517578,133.51718139648438
2015-02-26,143.6199951171875,133.59231567382812
2015-02-27,143.63999938964844,133.61093139648438
2015-03-02,143.6300048828125,133.60165405273438
2015-03-03,143.5800018310547,133.5551300048828
2015-03-04,143.57000732421875,133.5458221435547
2015-03-05,143.69000244140625,133.6574249267578
2015-03-06,143.67999267578125,133.64813232421875
2015-03-09,143.7100067138672,133.67604064941406
2015-03-10,143.72999572753906,133.69464111328125
2015-03-11,143.7100067138672,133.67604064941406
2015-03-12,143.72000122070312,133.6853485107422
2015-03-13,143.6999969482422,133.66676330566406
2015-03-16,143.6999969482422,133.66676330566406
2015-03-17,143.64999389648438,133.62022399902344
2015-03-18,143.63999938964844,133.61093139648438
2015-03-19,143.67999267578125,133.64813232421875
2015-03-20,143.64999389648438,133.62022399902344
2015-03-23,143.6300048828125,133.60165405273438
2015-03-24,143.6199951171875,133.59231567382812
2015-03-25,143.5800018310547,133.5551300048828
2015-03-26,143.64999389648438,133.62022399902344
2015-03-27,143.67999267578125,133.64813232421875
2015-03-30,143.6999969482422,133.66676330566406
2015-03-31,143.75999450683594,133.72254943847656
2015-04-01,143.77999877929688,133.74111938476562
2015-04-02,143.69000244140625,133.6574249267578
2015-04-07,143.77000427246094,133.73187255859375
2015-04-08,143.82000732421875,133.7783660888672
2015-04-09,143.8000030517578,133.759765625
2015-04-10,143.83999633789062,133.79696655273438
2015-04-13,143.7899932861328,133.75045776367188
2015-04-14,143.7899932861328,133.75045776367188
2015-04-15,143.83999633789062,133.79696655273438
2015-04-16,143.72000122070312,133.6853485107422
2015-04-17,143.75,133.71324157714844
2015-04-20,143.69000244140625,133.6574249267578
2015-04-21,143.72000122070312,133.6853485107422
2015-04-22,143.82000732421875,133.7783660888672
2015-04-23,143.72000122070312,133.6853485107422
2015-04-24,143.8000030517578,133.759765625
2015-04-27,143.8300018310547,133.7876739501953
2015-04-28,143.86000061035156,133.81558227539062
2015-04-29,143.72999572753906,133.69464111328125
2015-04-30,143.74000549316406,133.70394897460938
2015-05-04,143.74000549316406,133.70394897460938
2015-05-05,143.69000244140625,133.6574249267578
2015-05-06,143.6699981689453,133.63882446289062
2015-05-07,143.72000122070312,133.6853485107422
2015-05-08,143.74000549316406,133.70394897460938
2015-05-11,143.75,133.71324157714844
2015-05-12,143.6999969482422,133.66676330566406
2015-05-13,143.72000122070312,133.6853485107422
2015-05-14,143.6999969482422,133.66676330566406
2015-05-15,143.75999450683594,133.72254943847656
2015-05-18,143.74000549316406,133.70394897460938
2015-05-19,143.83999633789062,133.79696655273438
2015-05-20,143.8000030517578,133.759765625
2015-05-21,143.8000030517578,133.759765625
2015-05-22,143.8000030517578,133.759765625
2015-05-25,143.83999633789062,133.79696655273438
2015-05-26,143.75999450683594,133.72254943847656
2015-05-27,143.75,133.71324157714844
2015-05-28,143.7100067138672,133.67604064941406
2015-05-29,143.75,133.71324157714844
2015-06-01,143.6999969482422,133.66676330566406
2015-06-02,143.63999938964844,133.61093139648438
2015-06-03,143.61000061035156,133.5830078125
2015-06-04,143.67999267578125,133.64813232421875
2015-06-05,143.5500030517578,133.52720642089844
2015-06-08,143.5399932861328,133.5178985595703
2015-06-09,143.5399932861328,133.5178985595703
2015-06-10,143.52000427246094,133.4993133544922
2015-06-11,143.5,133.48069763183594
2015-06-12,143.33999633789062,133.33187866210938
2015-06-15,143.02000427246094,133.0342254638672
2015-06-16,143.0800018310547,133.09002685546875
2015-06-17,143.19000244140625,133.1923370361328
2015-06-18,143.22999572753906,133.22955322265625
2015-06-19,143.27000427246094,133.2667694091797
2015-06-22,143.38999938964844,133.3783721923828
2015-06-23,143.5,133.48069763183594
2015-06-24,143.47000122070312,133.45281982421875
2015-06-25,143.47999572753906,133.4621124267578
2015-06-26,143.44000244140625,133.4248809814453
2015-06-29,143.17999267578125,133.18304443359375
2015-06-30,143.19000244140625,133.1923370361328
2015-07-01,143.30999755859375,133.303955078125
2015-07-02,143.25999450683594,133.25746154785156
2015-07-03,143.30999755859375,133.303955078125
2015-07-06,143.17999267578125,133.18304443359375
2015-07-07,143.24000549316406,133.23887634277344
2015-07-08,143.27000427246094,133.2667694091797
2015-07-09,143.36000061035156,133.35047912597656
2015-07-10,143.47999572753906,133.4621124267578
2015-07-13,143.58999633789062,133.56442260742188
2015-07-14,143.6300048828125,133.60165405273438
2015-07-15,143.66000366210938,133.62953186035156
2015-07-16,143.74000549316406,133.70394897460938
2015-07-17,143.77000427246094,133.73187255859375
2015-07-20,143.83999633789062,133.79696655273438
2015-07-21,143.75999450683594,133.72254943847656
2015-07-22,143.77000427246094,133.73187255859375
2015-07-23,143.82000732421875,133.7783660888672
2015-07-24,143.82000732421875,133.7783660888672
2015-07-27,143.8000030517578,133.759765625
2015-07-28,143.8000030517578,133.759765625
2015-07-29,143.80999755859375,133.76905822753906
2015-07-30,143.82000732421875,133.7783660888672
2015-07-31,143.86000061035156,133.81558227539062
2015-08-03,143.89999389648438,133.85275268554688
2015-08-04,143.88999938964844,133.84347534179688
2015-08-05,143.8800048828125,133.8341827392578
2015-08-06,143.8699951171875,133.82485961914062
2015-08-07,143.9199981689453,133.8713836669922
2015-08-10,143.9199981689453,133.8713836669922
2015-08-11,143.9499969482422,133.8992919921875
2015-08-12,143.8800048828125,133.8341827392578
2015-08-13,143.88999938964844,133.84347534179688
2015-08-14,143.8800048828125,133.8341827392578
2015-08-17,143.88999938964844,133.84347534179688
2015-08-18,143.8000030517578,133.759765625
2015-08-19,143.8300018310547,133.7876739501953
2015-08-20,143.77000427246094,133.73187255859375
2015-08-21,143.75,133.71324157714844
2015-08-24,143.69000244140625,133.6574249267578
2015-08-25,143.6699981689453,133.63882446289062
2015-08-26,143.63999938964844,133.61093139648438
2015-08-27,143.50999450683594,133.62936401367188
2015-08-28,143.5,133.6200408935547
2015-08-31,143.50999450683594,133.62936401367188
2015-09-01,143.52999877929688,133.64801025390625
2015-09-02,143.50999450683594,133.62936401367188
2015-09-03,143.61000061035156,133.72247314453125
2015-09-04,143.7100067138672,133.81561279296875
2015-09-07,143.6699981689453,133.77833557128906
2015-09-08,143.72999572753906,133.834228515625
2015-09-09,143.67999267578125,133.78765869140625
2015-09-10,143.6999969482422,133.8062744140625
2015-09-11,143.6300048828125,133.74110412597656
2015-09-14,143.6199951171875,133.73179626464844
2015-09-15,143.60000610351562,133.7131805419922
2015-09-16,143.58999633789062,133.70387268066406
2015-09-17,143.5399932861328,133.65728759765625
2015-09-18,143.66000366210938,133.76904296875
2015-09-21,143.58999633789062,133.70387268066406
2015-09-22,143.61000061035156,133.72247314453125
2015-09-23,143.6199951171875,133.73179626464844
2015-09-24,143.61000061035156,133.72247314453125
2015-09-25,143.5800018310547,133.6945343017578
2015-09-28,143.61000061035156,133.72247314453125
2015-09-29,143.63999938964844,133.7504119873047
2015-09-30,143.63999938964844,133.7504119873047
2015-10-01,143.6999969482422,133.8062744140625
2015-10-02,143.75,133.8528289794922
2015-10-05,143.77999877929688,133.88076782226562
2015-10-06,143.77000427246094,133.87149047851562
2015-10-07,143.75,133.8528289794922
2015-10-08,143.77000427246094,133.87149047851562
2015-10-09,143.74000549316406,133.84353637695312
2015-10-12,143.72999572753906,133.834228515625
2015-10-13,143.7899932861328,133.89007568359375
2015-10-14,143.72999572753906,133.834228515625
2015-10-15,143.77999877929688,133.88076782226562
2015-10-16,143.75999450683594,133.8621368408203
2015-10-19,143.75999450683594,133.8621368408203
2015-10-20,143.74000549316406,133.84353637695312
2015-10-21,143.75,133.8528289794922
2015-10-22,143.94000244140625,134.02976989746094
2015-10-23,143.9199981689453,134.01112365722656
2015-10-26,143.89999389648438,133.99249267578125
2015-10-27,143.94000244140625,134.02976989746094
2015-10-28,143.9600067138672,134.04840087890625
2015-10-29,143.9600067138672,134.04840087890625
2015-10-30,143.91000366210938,134.0018310546875
2015-11-02,143.85000610351562,133.9459686279297
2015-11-03,143.8699951171875,133.96458435058594
2015-11-04,143.8800048828125,133.97389221191406
2015-11-05,143.88999938964844,133.9832305908203
2015-11-06,143.80999755859375,133.90870666503906
2015-11-09,143.82000732421875,133.9180145263672
2015-11-10,143.88999938964844,133.9832305908203
2015-11-11,143.91000366210938,134.0018310546875
2015-11-12,143.94000244140625,134.02976989746094
2015-11-13,143.9600067138672,134.04840087890625
2015-11-16,143.9499969482422,134.03907775878906
2015-11-17,143.97999572753906,134.0670166015625
2015-11-18,143.97999572753906,134.0670166015625
2015-11-19,143.97999572753906,134.0670166015625
2015-11-20,144.00999450683594,134.09494018554688
2015-11-23,144.0,134.08563232421875
2015-11-24,144.02000427246094,134.10426330566406
2015-11-25,144.11000061035156,134.18804931640625
2015-11-26,144.13999938964844,134.2159881591797
2015-11-27,144.08999633789062,134.16944885253906
2015-11-30,144.07000732421875,134.1508331298828
2015-12-01,144.10000610351562,134.17874145507812
2015-12-02,144.1699981689453,134.24391174316406
2015-12-03,143.86000061035156,133.95526123046875
2015-12-04,143.85000610351562,133.9459686279297
2015-12-07,143.92999267578125,134.0204315185547
2015-12-08,143.94000244140625,134.02976989746094
2015-12-09,143.8800048828125,133.97389221191406
2015-12-10,143.83999633789062,133.9366455078125
2015-12-11,143.8300018310547,133.92733764648438
2015-12-14,143.77999877929688,133.88076782226562
2015-12-15,143.72999572753906,133.834228515625
2015-12-16,143.69000244140625,133.79698181152344
2015-12-17,143.77000427246094,133.87149047851562
2015-12-18,143.7899932861328,133.89007568359375
2015-12-21,143.7899932861328,133.89007568359375
2015-12-22,143.77000427246094,133.87149047851562
2015-12-23,143.85000610351562,133.9459686279297
2015-12-24,143.88999938964844,133.9832305908203
2015-12-28,143.94000244140625,134.02976989746094
2015-12-29,144.02999877929688,134.1135711669922
2015-12-30,144.0,134.08563232421875
2016-01-04,144.0800018310547,134.1601104736328
2016-01-05,144.07000732421875,134.1508331298828
2016-01-06,144.07000732421875,134.1508331298828
2016-01-07,144.02999877929688,134.1135711669922
2016-01-08,144.05999755859375,134.14146423339844
2016-01-11,144.0,134.08563232421875
2016-01-12,143.99000549316406,134.0762939453125
2016-01-13,144.0,134.08563232421875
2016-01-14,143.97000122070312,134.0576934814453
2016-01-15,143.99000549316406,134.0762939453125
2016-01-18,143.97000122070312,134.0576934814453
2016-01-19,143.97999572753906,134.0670166015625
2016-01-20,143.92999267578125,134.0204315185547
2016-01-21,144.00999450683594,134.09494018554688
2016-01-22,144.02999877929688,134.1135711669922
2016-01-25,144.0500030517578,134.1322021484375
2016-01-26,144.0800018310547,134.1601104736328
2016-01-27,144.0399932861328,134.1228790283203
2016-01-28,144.02000427246094,134.10426330566406
2016-01-29,144.08999633789062,134.16944885253906
2016-02-01,144.07000732421875,134.1508331298828
2016-02-02,144.02999877929688,134.1135711669922
2016-02-03,144.10000610351562,134.17874145507812
2016-02-04,144.07000732421875,134.1508331298828
2016-02-05,144.0399932861328,134.1228790283203
2016-02-08,143.91000366210938,134.0018310546875
2016-02-09,143.9199981689453,134.01112365722656
2016-02-10,143.9499969482422,134.03907775878906
2016-02-11,143.8000030517578,133.8994140625
2016-02-12,143.8699951171875,133.96458435058594
2016-02-15,143.89999389648438,133.99249267578125
2016-02-16,143.8699951171875,133.96458435058594
2016-02-17,143.88999938964844,133.9832305908203
2016-02-18,143.92999267578125,134.0204315185547
2016-02-19,143.91000366210938,134.0018310546875
2016-02-22,143.91000366210938,134.0018310546875
2016-02-23,143.92999267578125,134.0204315185547
2016-02-24,143.94000244140625,134.02976989746094
2016-02-25,143.9499969482422,134.03907775878906
2016-02-26,143.97999572753906,134.0670166015625
2016-02-29,144.11000061035156,134.18804931640625
2016-03-01,144.14999389648438,134.2252960205078
2016-03-02,144.1199951171875,134.19735717773438
2016-03-03,144.16000366210938,134.23463439941406
2016-03-04,144.1199951171875,134.19735717773438
2016-03-07,144.19000244140625,134.26255798339844
2016-03-08,144.16000366210938,134.23463439941406
2016-03-09,144.1300048828125,134.20669555664062
2016-03-10,144.02999877929688,134.17201232910156
2016-03-11,144.0500030517578,134.19064331054688
2016-03-14,144.08999633789062,134.22792053222656
2016-03-15,143.97999572753906,134.12542724609375
2016-03-16,143.9600067138672,134.1068115234375
2016-03-17,143.97999572753906,134.12542724609375
2016-03-18,143.97999572753906,134.12542724609375
2016-03-21,144.00999450683594,134.15341186523438
2016-03-22,143.9499969482422,134.09751892089844
2016-03-23,143.97999572753906,134.12542724609375
2016-03-24,143.9499969482422,134.09751892089844
2016-03-29,143.99000549316406,134.134765625
2016-03-30,144.0399932861328,134.1813507080078
2016-03-31,144.00999450683594,134.15341186523438
2016-04-01,144.02999877929688,134.17201232910156
2016-04-04,144.02000427246094,134.16270446777344
2016-04-05,143.97999572753906,134.12542724609375
2016-04-06,143.97000122070312,134.11614990234375
2016-04-07,143.8699951171875,134.02294921875
2016-04-08,143.94000244140625,134.0881805419922
2016-04-11,143.9600067138672,134.1068115234375
2016-04-12,143.97000122070312,134.11614990234375
2016-04-13,144.02000427246094,134.16270446777344
2016-04-14,143.99000549316406,134.134765625
2016-04-15,144.00999450683594,134.15341186523438
2016-04-18,144.0399932861328,134.1813507080078
2016-04-19,144.02000427246094,134.16270446777344
2016-04-20,144.0399932861328,134.1813507080078
2016-04-21,144.0500030517578,134.19064331054688
2016-04-22,144.02999877929688,134.17201232910156
2016-04-25,144.00999450683594,134.15341186523438
2016-04-26,144.00999450683594,134.15341186523438
2016-04-27,144.07000732421875,134.20928955078125
2016-04-28,144.07000732421875,134.20928955078125
2016-04-29,144.08999633789062,134.22792053222656
2016-05-02,144.11000061035156,134.2465362548828
2016-05-03,144.1199951171875,134.255859375
2016-05-04,144.1199951171875,134.255859375
2016-05-05,144.10000610351562,134.23724365234375
2016-05-06,144.11000061035156,134.2465362548828
2016-05-09,144.1199951171875,134.255859375
2016-05-10,144.1199951171875,134.255859375
2016-05-11,144.1300048828125,134.2652130126953
2016-05-12,144.10000610351562,134.23724365234375
2016-05-13,144.10000610351562,134.23724365234375
2016-05-16,144.11000061035156,134.2465362548828
2016-05-17,144.11000061035156,134.2465362548828
2016-05-18,144.08999633789062,134.22792053222656
2016-05-19,144.0800018310547,134.21861267089844
2016-05-20,144.08999633789062,134.22792053222656
2016-05-23,144.1199951171875,134.255859375
2016-05-24,144.1300048828125,134.2652130126953
2016-05-25,144.1699981689453,134.3024444580078
2016-05-26,144.1999969482422,134.33038330078125
2016-05-27,144.14999389648438,134.2838134765625
2016-05-30,144.13999938964844,134.2744903564453
2016-05-31,144.16000366210938,134.29312133789062
2016-06-01,144.16000366210938,134.29312133789062
2016-06-02,144.19000244140625,134.3210906982422
2016-06-03,144.16000366210938,134.29312133789062
2016-06-06,144.1199951171875,134.255859375
2016-06-07,144.1300048828125,134.2652130126953
2016-06-08,144.1300048828125,134.2652130126953
2016-06-09,144.1300048828125,134.2652130126953
2016-06-10,144.10000610351562,134.23724365234375
2016-06-13,143.9199981689453,134.06954956054688
2016-06-14,143.7899932861328,133.9484405517578
2016-06-15,143.80999755859375,133.96707153320312
2016-06-16,143.72999572753906,133.89256286621094
2016-06-17,143.86000061035156,134.013671875
2016-06-20,143.9600067138672,134.1068115234375
2016-06-21,143.94000244140625,134.0881805419922
2016-06-22,143.9199981689453,134.06954956054688
2016-06-23,144.0,134.14407348632812
2016-06-24,143.77000427246094,133.92984008789062
2016-06-27,143.94000244140625,134.0881805419922
2016-06-28,144.11000061035156,134.2465362548828
2016-06-29,144.1699981689453,134.3024444580078
2016-06-30,144.25,134.37698364257812
2016-07-01,144.33999633789062,134.46080017089844
2016-07-04,144.3300018310547,134.45150756835938
2016-07-05,144.27999877929688,134.40492248535156
2016-07-06,144.22000122070312,134.34901428222656
2016-07-07,144.17999267578125,134.31173706054688
2016-07-08,144.1999969482422,134.33038330078125
2016-07-11,144.17999267578125,134.31173706054688
2016-07-12,144.17999267578125,134.31173706054688
2016-07-13,144.1999969482422,134.33038330078125
2016-07-14,144.1699981689453,134.3024444580078
2016-07-15,144.17999267578125,134.31173706054688
2016-07-18,144.1999969482422,134.33038330078125
2016-07-19,144.22999572753906,134.3583221435547
2016-07-20,144.24000549316406,134.36766052246094
2016-07-21,144.22000122070312,134.34901428222656
2016-07-22,144.25,134.37698364257812
2016-07-25,144.22000122070312,134.34901428222656
2016-07-26,144.19000244140625,134.3210906982422
2016-07-27,144.2100067138672,134.3397216796875
2016-07-28,144.22000122070312,134.34901428222656
2016-07-29,144.22000122070312,134.34901428222656
2016-08-01,144.1999969482422,134.33038330078125
2016-08-02,144.2100067138672,134.3397216796875
2016-08-03,144.1999969482422,134.33038330078125
2016-08-04,144.24000549316406,134.36766052246094
2016-08-05,144.25,134.37698364257812
2016-08-08,144.25,134.37698364257812
2016-08-09,144.24000549316406,134.36766052246094
2016-08-10,144.25999450683594,134.3862762451172
2016-08-11,144.25999450683594,134.3862762451172
2016-08-12,144.25999450683594,134.3862762451172
2016-08-15,144.25,134.37698364257812
2016-08-16,144.22000122070312,134.34901428222656
2016-08-17,144.22999572753906,134.3583221435547
2016-08-18,144.25999450683594,134.3862762451172
2016-08-19,144.25,134.37698364257812
2016-08-22,144.25999450683594,134.3862762451172
2016-08-23,144.27999877929688,134.40492248535156
2016-08-24,144.27000427246094,134.39561462402344
2016-08-25,144.27000427246094,134.39561462402344
2016-08-26,144.27999877929688,134.40492248535156
2016-08-29,144.27000427246094,134.39561462402344
2016-08-30,144.27000427246094,134.39561462402344
2016-08-31,144.22999572753906,134.3583221435547
2016-09-01,144.16000366210938,134.29312133789062
2016-09-02,144.19000244140625,134.3210906982422
2016-09-05,144.19000244140625,134.3210906982422
2016-09-06,144.27999877929688,134.40492248535156
2016-09-07,144.27999877929688,134.40492248535156
2016-09-08,144.1999969482422,134.33038330078125
2016-09-09,144.13999938964844,134.2744903564453
2016-09-12,144.1300048828125,134.2652130126953
2016-09-13,144.0800018310547,134.21861267089844
2016-09-14,144.1199951171875,134.255859375
2016-09-15,144.13999938964844,134.2744903564453
2016-09-16,144.13999938964844,134.2744903564453
2016-09-19,144.19000244140625,134.3210906982422
2016-09-20,144.1999969482422,134.33038330078125
2016-09-21,144.2100067138672,134.3397216796875
2016-09-22,144.27000427246094,134.39561462402344
2016-09-23,144.25,134.37698364257812
2016-09-26,144.2899932861328,134.4142303466797
2016-09-27,144.25999450683594,134.3862762451172
2016-09-28,144.25,134.37698364257812
2016-09-29,144.25,134.37698364257812
2016-09-30,144.25999450683594,134.3862762451172
2016-10-03,144.25999450683594,134.3862762451172
2016-10-04,144.27000427246094,134.39561462402344
2016-10-05,144.2100067138672,134.3397216796875
2016-10-06,144.1999969482422,134.33038330078125
2016-10-07,144.19000244140625,134.3210906982422
2016-10-10,144.22000122070312,134.34901428222656
2016-10-11,144.22999572753906,134.3583221435547
2016-10-12,144.1999969482422,134.33038330078125
2016-10-13,144.17999267578125,134.31173706054688
2016-10-14,144.19000244140625,134.3210906982422
2016-10-17,144.1699981689453,134.3024444580078
2016-10-18,144.1699981689453,134.3024444580078
2016-10-19,144.17999267578125,134.31173706054688
2016-10-20,144.16000366210938,134.29312133789062
2016-10-21,144.16000366210938,134.29312133789062
2016-10-24,144.16000366210938,134.29312133789062
2016-10-25,144.17999267578125,134.31173706054688
2016-10-26,144.17999267578125,134.31173706054688
2016-10-27,144.08999633789062,134.22792053222656
2016-10-28,143.97999572753906,134.12542724609375
2016-10-31,144.0,134.14407348632812
2016-11-01,143.94000244140625,134.0881805419922
2016-11-02,144.00999450683594,134.15341186523438
2016-11-03,144.0399932861328,134.1813507080078
2016-11-04,144.07000732421875,134.20928955078125
2016-11-07,144.08999633789062,134.22792053222656
2016-11-08,144.0800018310547,134.21861267089844
2016-11-09,144.05999755859375,134.19996643066406
2016-11-10,143.97000122070312,134.11614990234375
2016-11-11,143.75999450683594,133.92050170898438
2016-11-14,143.67999267578125,133.84597778320312
2016-11-15,143.82000732421875,133.9763946533203
2016-11-16,143.75,133.91119384765625
2016-11-17,143.75999450683594,133.92050170898438
2016-11-18,143.75,133.91119384765625
2016-11-21,143.72999572753906,133.89256286621094
2016-11-22,143.8000030517578,133.957763671875
2016-11-23,143.6999969482422,133.86460876464844
2016-11-24,143.67999267578125,133.84597778320312
2016-11-25,143.60000610351562,133.77146911621094
2016-11-28,143.6199951171875,133.7900848388672
2016-11-29,143.66000366210938,133.82736206054688
2016-11-30,143.67999267578125,133.84597778320312
2016-12-01,143.6199951171875,133.7900848388672
2016-12-02,143.77000427246094,133.92984008789062
2016-12-05,143.77999877929688,133.93911743164062
2016-12-06,143.91000366210938,134.0602264404297
2016-12-07,143.9499969482422,134.09751892089844
2016-12-08,144.0500030517578,134.19064331054688
2016-12-09,144.13999938964844,134.2744903564453
2016-12-12,144.22999572753906,134.3583221435547
2016-12-13,144.2899932861328,134.4142303466797
2016-12-14,144.3800048828125,134.49807739257812
2016-12-15,144.2899932861328,134.4142303466797
2016-12-16,144.27999877929688,134.40492248535156
2016-12-19,144.3000030517578,134.4235382080078
2016-12-20,144.25999450683594,134.3862762451172
2016-12-21,144.33999633789062,134.46080017089844
2016-12-22,144.32000732421875,134.4421844482422
2016-12-23,144.3699951171875,134.48875427246094
2016-12-27,144.38999938964844,134.50738525390625
2016-12-28,144.41000366210938,134.52601623535156
2016-12-29,144.44000244140625,134.55397033691406
2016-12-30,144.4499969482422,134.56329345703125
2017-01-02,144.49000549316406,134.60055541992188
2017-01-03,144.39999389648438,134.51669311523438
2017-01-04,144.35000610351562,134.47012329101562
2017-01-05,144.25999450683594,134.3862762451172
2017-01-06,144.2100067138672,134.3397216796875
2017-01-09,144.25,134.37698364257812
2017-01-10,144.25999450683594,134.3862762451172
2017-01-11,144.2899932861328,134.4142303466797
2017-01-12,144.27999877929688,134.40492248535156
2017-01-13,144.27000427246094,134.39561462402344
2017-01-16,144.3000030517578,134.4235382080078
2017-01-17,144.32000732421875,134.4421844482422
2017-01-18,144.3300018310547,134.45150756835938
2017-01-19,144.27999877929688,134.40492248535156
2017-01-20,144.3300018310547,134.45150756835938
2017-01-23,144.3300018310547,134.45150756835938
2017-01-24,144.2899932861328,134.4142303466797
2017-01-25,144.25999450683594,134.3862762451172
2017-01-26,144.1999969482422,134.33038330078125
2017-01-27,144.13999938964844,134.2744903564453
2017-01-30,143.99000549316406,134.134765625
2017-01-31,144.08999633789062,134.22792053222656
2017-02-01,144.02999877929688,134.17201232910156
2017-02-02,144.1199951171875,134.255859375
2017-02-03,144.0800018310547,134.21861267089844
2017-02-06,143.9600067138672,134.1068115234375
2017-02-07,144.02999877929688,134.17201232910156
2017-02-08,144.1199951171875,134.255859375
2017-02-09,144.16000366210938,134.29312133789062
2017-02-10,144.08999633789062,134.22792053222656
2017-02-13,144.1300048828125,134.2652130126953
2017-02-14,144.1199951171875,134.255859375
2017-02-15,144.1199951171875,134.255859375
2017-02-16,144.1699981689453,134.3024444580078
2017-02-17,144.08999633789062,134.22792053222656
2017-02-20,144.10000610351562,134.23724365234375
2017-02-21,143.9600067138672,134.1068115234375
2017-02-22,143.9600067138672,134.1068115234375
2017-02-23,143.9600067138672,134.1068115234375
2017-02-24,144.0,134.14407348632812
2017-02-27,144.02000427246094,134.16270446777344
2017-02-28,144.00999450683594,134.15341186523438
2017-03-01,144.0500030517578,134.19064331054688
2017-03-02,144.07000732421875,134.20928955078125
2017-03-03,144.19000244140625,134.3210906982422
2017-03-06,144.14999389648438,134.2838134765625
2017-03-07,144.13999938964844,134.2744903564453
2017-03-08,144.0500030517578,134.19064331054688
2017-03-09,143.9600067138672,134.1068115234375
2017-03-10,143.91000366210938,134.0602264404297
2017-03-13,143.8800048828125,134.03231811523438
2017-03-14,143.92999267578125,134.07887268066406
2017-03-15,144.00999450683594,134.15341186523438
2017-03-16,144.0,134.14407348632812
2017-03-17,143.9600067138672,134.1068115234375
2017-03-20,143.97999572753906,134.12542724609375
2017-03-21,144.02000427246094,134.16270446777344
2017-03-22,144.0800018310547,134.21861267089844
2017-03-23,144.08999633789062,134.22792053222656
2017-03-24,144.13999938964844,134.2744903564453
2017-03-27,144.1199951171875,134.255859375
2017-03-28,144.1300048828125,134.2652130126953
2017-03-29,144.13999938964844,134.2744903564453
2017-03-30,144.11000061035156,134.2465362548828
2017-03-31,144.07000732421875,134.20928955078125
2017-04-03,144.11000061035156,134.2465362548828
2017-04-04,144.13999938964844,134.2744903564453
2017-04-05,144.08999633789062,134.22792053222656
2017-04-06,144.11000061035156,134.2465362548828
2017-04-07,144.13999938964844,134.2744903564453
2017-04-10,144.10000610351562,134.23724365234375
2017-04-11,144.0500030517578,134.19064331054688
2017-04-12,144.02999877929688,134.17201232910156
2017-04-13,144.0399932861328,134.1813507080078
2017-04-18,144.1199951171875,134.255859375
2017-04-19,144.1300048828125,134.2652130126953
2017-04-20,144.08999633789062,134.22792053222656
2017-04-21,144.0399932861328,134.1813507080078
2017-04-24,144.14999389648438,134.2838134765625
2017-04-25,144.11000061035156,134.2465362548828
2017-04-26,144.1300048828125,134.2652130126953
2017-04-27,144.16000366210938,134.29312133789062
2017-04-28,144.19000244140625,134.3210906982422
2017-05-02,144.1999969482422,134.33038330078125
2017-05-03,144.24000549316406,134.36766052246094
2017-05-04,144.27999877929688,134.40492248535156
2017-05-05,144.27999877929688,134.40492248535156
2017-05-08,144.25,134.37698364257812
2017-05-09,144.27000427246094,134.39561462402344
2017-05-10,144.27999877929688,134.40492248535156
2017-05-11,144.27999877929688,134.40492248535156
2017-05-12,144.27999877929688,134.40492248535156
2017-05-15,144.2899932861328,134.4142303466797
2017-05-16,144.3800048828125,134.49807739257812
2017-05-17,144.47000122070312,134.5819091796875
2017-05-18,144.4499969482422,134.56329345703125
2017-05-19,144.4499969482422,134.56329345703125
2017-05-22,144.4199981689453,134.53533935546875
2017-05-23,144.42999267578125,134.54464721679688
2017-05-24,144.41000366210938,134.52601623535156
2017-05-25,144.3699951171875,134.48875427246094
2017-05-26,144.39999389648438,134.51669311523438
2017-05-29,144.3800048828125,134.49807739257812
2017-05-30,144.33999633789062,134.46080017089844
2017-05-31,144.3699951171875,134.48875427246094
2017-06-01,144.3000030517578,134.4235382080078
2017-06-02,144.32000732421875,134.4421844482422
2017-06-05,144.32000732421875,134.4421844482422
2017-06-06,144.33999633789062,134.46080017089844
2017-06-07,144.35000610351562,134.47012329101562
2017-06-08,144.4199981689453,134.53533935546875
2017-06-09,144.5,134.60984802246094
2017-06-12,144.52999877929688,134.6378173828125
2017-06-13,144.5500030517578,134.65643310546875
2017-06-14,144.55999755859375,134.66575622558594
2017-06-15,144.49000549316406,134.60055541992188
2017-06-16,144.49000549316406,134.60055541992188
2017-06-19,144.52000427246094,134.6284942626953
2017-06-20,144.5399932861328,134.64710998535156
2017-06-21,144.57000732421875,134.67507934570312
2017-06-22,144.55999755859375,134.66575622558594
2017-06-23,144.52999877929688,134.6378173828125
2017-06-26,144.50999450683594,134.61917114257812
2017-06-27,144.41000366210938,134.52601623535156
2017-06-28,144.44000244140625,134.55397033691406
2017-06-29,144.3300018310547,134.45150756835938
2017-06-30,144.35000610351562,134.47012329101562
2017-07-03,144.3699951171875,134.48875427246094
2017-07-04,144.38999938964844,134.50738525390625
2017-07-05,144.32000732421875,134.4421844482422
2017-07-06,144.22999572753906,134.3583221435547
2017-07-07,144.2100067138672,134.3397216796875
2017-07-10,144.27000427246094,134.39561462402344
2017-07-11,144.22000122070312,134.34901428222656
2017-07-12,144.35000610351562,134.47012329101562
2017-07-13,144.2100067138672,134.3397216796875
2017-07-14,144.27999877929688,134.40492248535156
2017-07-17,144.30999755859375,134.432861328125
2017-07-18,144.3800048828125,134.49807739257812
2017-07-19,144.3800048828125,134.49807739257812
2017-07-20,144.42999267578125,134.54464721679688
2017-07-21,144.44000244140625,134.55397033691406
2017-07-24,144.47000122070312,134.5819091796875
2017-07-25,144.44000244140625,134.55397033691406
2017-07-26,144.44000244140625,134.55397033691406
2017-07-27,144.50999450683594,134.61917114257812
2017-07-28,144.49000549316406,134.60055541992188
2017-07-31,144.5,134.60984802246094
2017-08-01,144.55999755859375,134.66575622558594
2017-08-02,144.55999755859375,134.66575622558594
2017-08-03,144.5500030517578,134.65643310546875
2017-08-04,144.52999877929688,134.6378173828125
2017-08-07,144.5399932861328,134.64710998535156
2017-08-08,144.52000427246094,134.6284942626953
2017-08-09,144.5399932861328,134.64710998535156
2017-08-10,144.52999877929688,134.6378173828125
2017-08-11,144.52999877929688,134.6378173828125
2017-08-14,144.58999633789062,134.6936798095703
2017-08-15,144.5500030517578,134.65643310546875
2017-08-16,144.5500030517578,134.65643310546875
2017-08-17,144.55999755859375,134.66575622558594
2017-08-18,144.57000732421875,134.67507934570312
2017-08-21,144.5500030517578,134.65643310546875
2017-08-22,144.49000549316406,134.60055541992188
2017-08-23,144.47000122070312,134.5819091796875
2017-08-24,144.47000122070312,134.5819091796875
2017-08-25,144.47000122070312,134.5819091796875
2017-08-28,144.4600067138672,134.5725860595703
2017-08-29,144.49000549316406,134.60055541992188
2017-08-30,144.47999572753906,134.59121704101562
2017-08-31,144.5399932861328,134.64710998535156
2017-09-01,144.5500030517578,134.65643310546875
2017-09-04,144.5500030517578,134.65643310546875
2017-09-05,144.60000610351562,134.70301818847656
2017-09-06,144.52000427246094,134.6284942626953
2017-09-07,144.66000366210938,134.7589111328125
2017-09-08,144.60000610351562,134.70301818847656
2017-09-11,144.55999755859375,134.66575622558594
2017-09-12,144.49000549316406,134.60055541992188
2017-09-13,144.49000549316406,134.60055541992188
2017-09-14,144.47000122070312,134.5819091796875
2017-09-15,144.47999572753906,134.59121704101562
2017-09-18,144.5,134.60984802246094
2017-09-19,144.5399932861328,134.64710998535156
2017-09-20,144.52999877929688,134.6378173828125
2017-09-21,144.50999450683594,134.61917114257812
2017-09-22,144.52999877929688,134.6378173828125
2017-09-25,144.52000427246094,134.6284942626953
2017-09-26,144.50999450683594,134.61917114257812
2017-09-27,144.49000549316406,134.60055541992188
2017-09-28,144.50999450683594,134.61917114257812
2017-09-29,144.5399932861328,134.64710998535156
2017-10-02,144.47999572753906,134.59121704101562
2017-10-03,144.47999572753906,134.59121704101562
2017-10-04,144.44000244140625,134.55397033691406
2017-10-05,144.44000244140625,134.55397033691406
2017-10-06,144.44000244140625,134.55397033691406
2017-10-09,144.4499969482422,134.56329345703125
2017-10-10,144.39999389648438,134.51669311523438
2017-10-11,144.44000244140625,134.55397033691406
2017-10-12,144.4499969482422,134.56329345703125
2017-10-13,144.47000122070312,134.5819091796875
2017-10-16,144.5,134.60984802246094
2017-10-17,144.55999755859375,134.66575622558594
2017-10-18,144.52999877929688,134.6378173828125
2017-10-19,144.5500030517578,134.65643310546875
2017-10-20,144.5399932861328,134.64710998535156
2017-10-23,144.57000732421875,134.67507934570312
2017-10-24,144.52999877929688,134.6378173828125
2017-10-25,144.5500030517578,134.65643310546875
2017-10-26,144.64999389648438,134.74957275390625
2017-10-27,144.6300048828125,134.73097229003906
2017-10-30,144.69000244140625,134.78684997558594
2017-10-31,144.67999267578125,134.7775421142578
2017-11-01,144.7100067138672,134.80548095703125
2017-11-02,144.72999572753906,134.8240966796875
2017-11-03,144.72999572753906,134.8240966796875
2017-11-06,144.75,134.84275817871094
2017-11-07,144.82000732421875,134.907958984375
2017-11-08,144.8000030517578,134.8893280029297
2017-11-09,144.72000122070312,134.81480407714844
2017-11-10,144.72000122070312,134.81480407714844
2017-11-13,144.72000122070312,134.81480407714844
2017-11-14,144.72999572753906,134.8240966796875
2017-11-15,144.75999450683594,134.85205078125
2017-11-16,144.74000549316406,134.83343505859375
2017-11-17,144.77999877929688,134.8706817626953
2017-11-20,144.77999877929688,134.8706817626953
2017-11-21,144.86000061035156,134.9452362060547
2017-11-22,144.8699951171875,134.95452880859375
2017-11-23,144.83999633789062,134.9265899658203
2017-11-24,144.77999877929688,134.8706817626953
2017-11-27,144.75,134.84275817871094
2017-11-28,144.8000030517578,134.8893280029297
2017-11-29,144.77000427246094,134.86138916015625
2017-11-30,144.8300018310547,134.91726684570312
2017-12-01,144.85000610351562,134.93588256835938
2017-12-04,144.88999938964844,134.97314453125
2017-12-05,144.91000366210938,134.9917755126953
2017-12-06,144.94000244140625,135.01974487304688
2017-12-07,144.9499969482422,135.02906799316406
2017-12-08,144.97000122070312,135.0476837158203
2017-12-11,144.9499969482422,135.02906799316406
2017-12-12,144.83999633789062,134.9265899658203
2017-12-13,144.74000549316406,134.83343505859375
2017-12-14,144.75999450683594,134.85205078125
2017-12-15,144.74000549316406,134.83343505859375
2017-12-18,144.8300018310547,134.91726684570312
2017-12-19,144.63999938964844,134.7402801513672
2017-12-20,144.64999389648438,134.74957275390625
2017-12-21,144.66000366210938,134.7589111328125
2017-12-22,144.69000244140625,134.78684997558594
2017-12-27,144.63999938964844,134.7402801513672
2017-12-28,144.5,134.60984802246094
2017-12-29,144.4499969482422,134.56329345703125
2018-01-02,144.41000366210938,134.52601623535156
2018-01-03,144.50999450683594,134.61917114257812
2018-01-04,144.57000732421875,134.67507934570312
2018-01-05,144.61000061035156,134.71231079101562
2018-01-08,144.6199951171875,134.72164916992188
2018-01-09,144.5800018310547,134.6843719482422
2018-01-10,144.5800018310547,134.6843719482422
2018-01-11,144.47999572753906,134.59121704101562
2018-01-12,144.50999450683594,134.61917114257812
2018-01-15,144.50999450683594,134.61917114257812
2018-01-16,144.5399932861328,134.64710998535156
2018-01-17,144.52000427246094,134.6284942626953
2018-01-18,144.5500030517578,134.65643310546875
2018-01-19,144.57000732421875,134.67507934570312
2018-01-22,144.58999633789062,134.6936798095703
2018-01-23,144.6300048828125,134.73097229003906
2018-01-24,144.6199951171875,134.72164916992188
2018-01-25,144.55999755859375,134.66575622558594
2018-01-26,144.49000549316406,134.60055541992188
2018-01-29,144.44000244140625,134.55397033691406
2018-01-30,144.47000122070312,134.5819091796875
2018-01-31,144.49000549316406,134.60055541992188
2018-02-01,144.5800018310547,134.6843719482422
2018-02-02,144.5,134.60984802246094
2018-02-05,144.5399932861328,134.64710998535156
2018-02-06,144.5399932861328,134.64710998535156
2018-02-07,144.61000061035156,134.71231079101562
2018-02-08,144.5399932861328,134.64710998535156
2018-02-09,144.52999877929688,134.6378173828125
2018-02-12,144.55999755859375,134.66575622558594
2018-02-13,144.47999572753906,134.59121704101562
2018-02-14,144.50999450683594,134.61917114257812
2018-02-15,144.47999572753906,134.59121704101562
2018-02-16,144.52999877929688,134.6378173828125
2018-02-19,144.47999572753906,134.59121704101562
2018-02-20,144.47000122070312,134.5819091796875
2018-02-21,144.4600067138672,134.5725860595703
2018-02-22,144.42999267578125,134.54464721679688
2018-02-23,144.42999267578125,134.54464721679688
2018-02-26,144.42999267578125,134.54464721679688
2018-02-27,144.44000244140625,134.55397033691406
2018-02-28,144.50999450683594,134.61917114257812
2018-03-01,144.50999450683594,134.61917114257812
2018-03-02,144.4600067138672,134.5725860595703
2018-03-05,144.4600067138672,134.5725860595703
2018-03-06,144.49000549316406,134.60055541992188
2018-03-07,144.5399932861328,134.64710998535156
2018-03-08,144.57000732421875,134.67507934570312
2018-03-09,144.52999877929688,134.6378173828125
2018-03-12,144.5800018310547,134.6843719482422
2018-03-13,144.5800018310547,134.6843719482422
2018-03-14,144.5500030517578,134.65643310546875
2018-03-15,144.57000732421875,134.67507934570312
2018-03-16,144.58999633789062,134.6936798095703
2018-03-19,144.6199951171875,134.72164916992188
2018-03-20,144.6999969482422,134.79615783691406
2018-03-21,144.64999389648438,134.74957275390625
2018-03-22,144.72999572753906,134.8240966796875
2018-03-23,144.75999450683594,134.85205078125
2018-03-26,144.7100067138672,134.80548095703125
2018-03-27,144.75999450683594,134.85205078125
2018-03-28,144.80999755859375,134.89865112304688
2018-03-29,144.8699951171875,134.95452880859375
2018-04-03,144.8300018310547,134.91726684570312
2018-04-04,144.88999938964844,134.97314453125
2018-04-05,144.7899932861328,134.8800048828125
2018-04-06,144.75999450683594,134.85205078125
2018-04-09,144.77000427246094,134.86138916015625
2018-04-10,144.72999572753906,134.8240966796875
2018-04-11,144.72999572753906,134.8240966796875
2018-04-12,144.72000122070312,134.81480407714844
2018-04-13,144.72999572753906,134.8240966796875
2018-04-16,144.6999969482422,134.79615783691406
2018-04-17,144.77000427246094,134.86138916015625
2018-04-18,144.77000427246094,134.86138916015625
2018-04-19,144.72000122070312,134.81480407714844
2018-04-20,144.72999572753906,134.8240966796875
2018-04-23,144.72000122070312,134.81480407714844
2018-04-24,144.72999572753906,134.8240966796875
2018-04-25,144.72000122070312,134.81480407714844
2018-04-26,144.77000427246094,134.86138916015625
2018-04-27,144.74000549316406,134.83343505859375
2018-04-30,144.69000244140625,134.78684997558594
2018-05-02,144.69000244140625,134.78684997558594
2018-05-03,144.72000122070312,134.81480407714844
2018-05-04,144.69000244140625,134.78684997558594
2018-05-07,144.6999969482422,134.79615783691406
2018-05-08,144.64999389648438,134.74957275390625
2018-05-09,144.63999938964844,134.7402801513672
2018-05-10,144.61000061035156,134.71231079101562
2018-05-11,144.6199951171875,134.72164916992188
2018-05-14,144.55999755859375,134.66575622558594
2018-05-15,144.52000427246094,134.6284942626953
2018-05-16,144.36000061035156,134.4794464111328
2018-05-17,144.39999389648438,134.51669311523438
2018-05-18,144.38999938964844,134.50738525390625
2018-05-21,144.2100067138672,134.3397216796875
2018-05-22,144.2899932861328,134.4142303466797
2018-05-23,144.24000549316406,134.36766052246094
2018-05-24,144.25999450683594,134.3862762451172
2018-05-25,144.02999877929688,134.17201232910156
2018-05-28,143.6699981689453,133.83665466308594
2018-05-29,142.35000610351562,132.60702514648438
2018-05-30,142.67999267578125,132.9144287109375
2018-05-31,143.41000366210938,133.594482421875
2018-06-01,143.5,133.67831420898438
2018-06-04,143.75,133.91119384765625
2018-06-05,143.5800018310547,133.75283813476562
2018-06-06,143.1199951171875,133.3242950439453
2018-06-07,143.02999877929688,133.24046325683594
2018-06-08,142.9199981689453,133.13800048828125
2018-06-11,143.3699951171875,133.55718994140625
2018-06-12,143.47999572753906,133.65966796875
2018-06-13,143.57000732421875,133.74351501464844
2018-06-14,143.75999450683594,133.92050170898438
2018-06-15,143.88999938964844,134.04161071777344
2018-06-18,144.00999450683594,134.15341186523438
2018-06-19,144.0,134.14407348632812
2018-06-20,143.97999572753906,134.12542724609375
2018-06-21,143.7100067138672,133.87393188476562
2018-06-22,143.6699981689453,133.83665466308594
2018-06-25,143.60000610351562,133.77146911621094
2018-06-26,143.52999877929688,133.7062530517578
2018-06-27,143.66000366210938,133.82736206054688
2018-06-28,143.69000244140625,133.85528564453125
2018-06-29,143.7899932861328,133.9484405517578
2018-07-02,143.85000610351562,134.0043487548828
2018-07-03,143.88999938964844,134.04161071777344
2018-07-04,143.85000610351562,134.0043487548828
2018-07-05,143.69000244140625,133.85528564453125
2018-07-06,143.67999267578125,133.84597778320312
2018-07-09,143.7899932861328,133.9484405517578
2018-07-10,143.75999450683594,133.92050170898438
2018-07-11,143.72999572753906,133.89256286621094
2018-07-12,143.77999877929688,133.93911743164062
2018-07-13,143.80999755859375,133.96707153320312
2018-07-16,143.8000030517578,133.957763671875
2018-07-17,143.88999938964844,134.04161071777344
2018-07-18,143.85000610351562,134.0043487548828
2018-07-19,143.91000366210938,134.0602264404297
2018-07-20,143.83999633789062,133.9950408935547
2018-07-23,143.80999755859375,133.96707153320312
2018-07-24,143.75999450683594,133.92050170898438
2018-07-25,143.75,133.91119384765625
2018-07-26,143.8300018310547,133.9857177734375
2018-07-27,143.7100067138672,133.87393188476562
2018-07-30,143.6300048828125,133.79940795898438
2018-07-31,143.63999938964844,133.8087158203125
2018-08-01,143.58999633789062,133.76214599609375
2018-08-02,143.4199981689453,133.60377502441406
2018-08-03,143.39999389648438,133.5851287841797
2018-08-06,143.4600067138672,133.64105224609375
2018-08-07,143.47999572753906,133.65966796875
2018-08-08,143.4499969482422,133.63172912597656
2018-08-09,143.4499969482422,133.63172912597656
2018-08-10,143.30999755859375,133.50128173828125
2018-08-13,143.16000366210938,133.361572265625
2018-08-14,143.22999572753906,133.42677307128906
2018-08-15,143.13999938964844,133.34292602539062
2018-08-16,143.17999267578125,133.3802032470703
2018-08-17,143.1999969482422,133.39881896972656
2018-08-20,143.3300018310547,133.5199432373047
2018-08-21,143.39999389648438,133.5851287841797
2018-08-22,143.30999755859375,133.50128173828125
2018-08-23,143.30999755859375,133.50128173828125
2018-08-24,143.25,133.44540405273438
2018-08-27,143.17999267578125,133.3802032470703
2018-08-28,143.13999938964844,133.34292602539062
2018-08-29,143.24000549316406,133.4361114501953
2018-08-30,143.13999938964844,133.34292602539062
2018-08-31,143.00999450683594,133.22181701660156
2018-09-03,143.07000732421875,133.27772521972656
2018-09-04,143.25999450683594,133.45472717285156
2018-09-05,143.3699951171875,133.55718994140625
2018-09-06,143.39999389648438,133.5851287841797
2018-09-07,143.4199981689453,133.60377502441406
2018-09-10,143.5399932861328,133.715576171875
2018-09-11,143.5,133.67831420898438
2018-09-12,143.49000549316406,133.66897583007812
2018-09-13,143.4499969482422,133.63172912597656
2018-09-14,143.44000244140625,133.62240600585938
2018-09-17,143.50999450683594,133.68759155273438
2018-09-18,143.61000061035156,133.78077697753906
2018-09-19,143.5,133.67831420898438
2018-09-20,143.4600067138672,133.64105224609375
2018-09-21,143.52000427246094,133.6969451904297
2018-09-24,143.38999938964844,133.57583618164062
2018-09-25,143.42999267578125,133.6130828857422
2018-09-26,143.50999450683594,133.68759155273438
2018-09-27,143.44000244140625,133.62240600585938
2018-09-28,143.24000549316406,133.4361114501953
2018-10-01,142.97000122070312,133.18458557128906
2018-10-02,142.9199981689453,133.13800048828125
2018-10-03,143.07000732421875,133.27772521972656
2018-10-04,143.0500030517578,133.25909423828125
2018-10-05,142.92999267578125,133.14730834960938
2018-10-08,142.77000427246094,132.99827575683594
2018-10-09,142.85000610351562,133.0727996826172
2018-10-10,142.85000610351562,133.0727996826172
2018-10-11,142.8000030517578,133.02621459960938
2018-10-12,142.8300018310547,133.0541534423828
2018-10-15,142.8699951171875,133.09140014648438
2018-10-16,143.00999450683594,133.22181701660156
2018-10-17,143.00999450683594,133.22181701660156
2018-10-18,142.86000061035156,133.08212280273438
2018-10-19,143.00999450683594,133.22181701660156
2018-10-22,143.17999267578125,133.3802032470703
2018-10-23,143.11000061035156,133.3149871826172
2018-10-24,143.10000610351562,133.30567932128906
2018-10-25,143.19000244140625,133.38951110839844
2018-10-26,143.25,133.44540405273438
2018-10-29,143.38999938964844,133.57583618164062
2018-10-30,143.24000549316406,133.4361114501953
2018-10-31,143.30999755859375,133.50128173828125
2018-11-01,143.3699951171875,133.55718994140625
2018-11-02,143.49000549316406,133.66897583007812
2018-11-05,143.4499969482422,133.63172912597656
2018-11-06,143.3800048828125,133.56651306152344
2018-11-07,143.4199981689453,133.60377502441406
2018-11-08,143.36000061035156,133.54788208007812
2018-11-09,143.35000610351562,133.53857421875
2018-11-12,143.30999755859375,133.50128173828125
2018-11-13,143.2899932861328,133.482666015625
2018-11-14,143.22999572753906,133.42677307128906
2018-11-15,143.25999450683594,133.45472717285156
2018-11-16,143.25999450683594,133.45472717285156
2018-11-19,143.1999969482422,133.39881896972656
2018-11-20,143.22000122070312,133.41746520996094
2018-11-21,143.41000366210938,133.594482421875
2018-11-22,143.50999450683594,133.68759155273438
2018-11-23,143.5500030517578,133.72486877441406
2018-11-26,143.6699981689453,133.83665466308594
2018-11-27,143.63999938964844,133.8087158203125
2018-11-28,143.61000061035156,133.78077697753906
2018-11-29,143.66000366210938,133.82736206054688
2018-11-30,143.66000366210938,133.82736206054688
2018-12-03,143.8000030517578,133.957763671875
2018-12-04,143.8699951171875,134.02294921875
2018-12-05,143.8699951171875,134.02294921875
2018-12-06,143.72000122070312,133.88323974609375
2018-12-07,143.72999572753906,133.89256286621094
2018-12-10,143.74000549316406,133.90187072753906
2018-12-11,143.75,133.91119384765625
2018-12-12,143.8000030517578,133.957763671875
2018-12-13,143.85000610351562,134.0043487548828
2018-12-14,143.91000366210938,134.0602264404297
2018-12-17,143.8800048828125,134.03231811523438
2018-12-18,143.88999938964844,134.04161071777344
2018-12-19,144.00999450683594,134.15341186523438
2018-12-20,144.05999755859375,134.19996643066406
2018-12-21,143.97999572753906,134.12542724609375
2018-12-24,143.9600067138672,134.1068115234375
2018-12-27,144.00999450683594,134.15341186523438
2018-12-28,144.02000427246094,134.16270446777344
2018-12-31,144.0,134.14407348632812
2019-01-02,144.02000427246094,134.16270446777344
2019-01-03,143.8699951171875,134.02294921875
2019-01-04,143.9199981689453,134.06954956054688
2019-01-07,143.8699951171875,134.02294921875
2019-01-08,143.86000061035156,134.013671875
2019-01-09,143.88999938964844,134.04161071777344
2019-01-10,143.88999938964844,134.04161071777344
2019-01-11,143.92999267578125,134.07887268066406
2019-01-14,143.99000549316406,134.134765625
2019-01-15,144.0,134.14407348632812
2019-01-16,144.07000732421875,134.20928955078125
2019-01-17,144.0500030517578,134.19064331054688
2019-01-18,144.08999633789062,134.22792053222656
2019-01-21,144.05999755859375,134.19996643066406
2019-01-22,144.08999633789062,134.22792053222656
2019-01-23,144.07000732421875,134.20928955078125
2019-01-24,144.1300048828125,134.2652130126953
2019-01-25,144.1199951171875,134.255859375
2019-01-28,144.08999633789062,134.22792053222656
2019-01-29,144.11000061035156,134.2465362548828
2019-01-30,144.08999633789062,134.22792053222656
2019-01-31,144.0800018310547,134.21861267089844
2019-02-01,143.9600067138672,134.1068115234375
2019-02-04,143.94000244140625,134.0881805419922
2019-02-05,143.91000366210938,134.0602264404297
2019-02-06,143.8800048828125,134.03231811523438
2019-02-07,143.75999450683594,133.92050170898438
2019-02-08,143.69000244140625,133.85528564453125
2019-02-11,143.75999450683594,133.92050170898438
2019-02-12,143.8300018310547,133.9857177734375
2019-02-13,143.88999938964844,134.04161071777344
2019-02-14,143.8699951171875,134.02294921875
2019-02-15,143.8800048828125,134.03231811523438
2019-02-18,143.9499969482422,134.09751892089844
2019-02-19,143.9199981689453,134.06954956054688
2019-02-20,143.86000061035156,134.013671875
2019-02-21,143.86000061035156,134.013671875
2019-02-22,143.8300018310547,133.9857177734375
2019-02-25,143.97000122070312,134.11614990234375
2019-02-26,144.00999450683594,134.15341186523438
2019-02-27,143.92999267578125,134.07887268066406
2019-02-28,143.97000122070312,134.11614990234375
2019-03-01,143.9199981689453,134.06954956054688
2019-03-04,143.99000549316406,134.134765625
2019-03-05,143.97000122070312,134.11614990234375
2019-03-06,144.11000061035156,134.2465362548828
2019-03-07,144.30999755859375,134.432861328125
2019-03-08,144.1999969482422,134.33038330078125
2019-03-11,144.17999267578125,134.31173706054688
2019-03-12,144.1300048828125,134.2652130126953
2019-03-13,144.10000610351562,134.23724365234375
2019-03-14,144.2100067138672,134.3397216796875
2019-03-15,144.17999267578125,134.31173706054688
2019-03-18,144.24000549316406,134.36766052246094
2019-03-19,144.13999938964844,134.2744903564453
2019-03-20,144.14999389648438,134.2838134765625
2019-03-21,144.13999938964844,134.2744903564453
2019-03-22,144.2100067138672,134.3397216796875
2019-03-25,144.14999389648438,134.2838134765625
2019-03-26,144.16000366210938,134.29312133789062
2019-03-27,144.27999877929688,134.40492248535156
2019-03-28,144.24000549316406,134.36766052246094
2019-03-29,144.19000244140625,134.3210906982422
2019-04-01,144.16000366210938,134.29312133789062
2019-04-02,144.19000244140625,134.3210906982422
2019-04-03,144.13999938964844,134.2744903564453
2019-04-04,144.08999633789062,134.22792053222656
2019-04-05,144.10000610351562,134.23724365234375
2019-04-08,144.10000610351562,134.23724365234375
2019-04-09,144.1300048828125,134.2652130126953
2019-04-10,144.2100067138672,134.3397216796875
2019-04-11,144.19000244140625,134.3210906982422
2019-04-12,144.1999969482422,134.33038330078125
2019-04-15,144.1699981689453,134.3024444580078
2019-04-16,144.14999389648438,134.2838134765625
2019-04-17,144.10000610351562,134.23724365234375
2019-04-18,144.14999389648438,134.2838134765625
2019-04-23,144.07000732421875,134.20928955078125
2019-04-24,144.1199951171875,134.255859375
2019-04-25,144.0800018310547,134.21861267089844
2019-04-26,144.13999938964844,134.2744903564453
2019-04-29,144.1199951171875,134.255859375
2019-04-30,144.11000061035156,134.2465362548828
2019-05-02,144.2100067138672,134.3397216796875
2019-05-03,144.19000244140625,134.3210906982422
2019-05-06,144.19000244140625,134.3210906982422
2019-05-07,144.24000549316406,134.36766052246094
2019-05-08,144.16000366210938,134.29312133789062
2019-05-09,144.16000366210938,134.29312133789062
2019-05-10,144.13999938964844,134.2744903564453
2019-05-13,144.10000610351562,134.23724365234375
2019-05-14,144.02000427246094,134.16270446777344
2019-05-15,144.0399932861328,134.1813507080078
2019-05-16,144.10000610351562,134.23724365234375
2019-05-17,144.0800018310547,134.21861267089844
2019-05-20,144.0500030517578,134.19064331054688
2019-05-21,144.0800018310547,134.21861267089844
2019-05-22,144.10000610351562,134.23724365234375
2019-05-23,144.1199951171875,134.255859375
2019-05-24,144.22000122070312,134.34901428222656
2019-05-27,144.10000610351562,134.23724365234375
2019-05-28,144.05999755859375,134.19996643066406
2019-05-29,144.1199951171875,134.255859375
2019-05-30,144.11000061035156,134.2465362548828
2019-05-31,144.11000061035156,134.2465362548828
2019-06-03,144.11000061035156,134.2465362548828
2019-06-04,144.1999969482422,134.33038330078125
2019-06-05,144.22999572753906,134.3583221435547
2019-06-06,144.19000244140625,134.3210906982422
2019-06-07,144.32000732421875,134.4421844482422
2019-06-10,144.27000427246094,134.39561462402344
2019-06-11,144.30999755859375,134.432861328125
2019-06-12,144.22999572753906,134.3583221435547
2019-06-13,144.27999877929688,134.40492248535156
2019-06-14,144.3000030517578,134.4235382080078
2019-06-17,144.33999633789062,134.46080017089844
2019-06-18,144.47999572753906,134.59121704101562
2019-06-19,144.49000549316406,134.60055541992188
2019-06-20,144.47000122070312,134.5819091796875
2019-06-21,144.4199981689453,134.53533935546875
2019-06-24,144.47000122070312,134.5819091796875
2019-06-25,144.38999938964844,134.50738525390625
2019-06-26,144.42999267578125,134.54464721679688
2019-06-27,144.4499969482422,134.56329345703125
2019-06-28,144.44000244140625,134.55397033691406
2019-07-01,144.58999633789062,134.6936798095703
2019-07-02,144.63999938964844,134.7402801513672
2019-07-03,144.75,134.84275817871094
2019-07-04,144.69000244140625,134.78684997558594
2019-07-05,144.61000061035156,134.71231079101562
2019-07-08,144.58999633789062,134.6936798095703
2019-07-09,144.5399932861328,134.64710998535156
2019-07-10,144.57000732421875,134.67507934570312
2019-07-11,144.5800018310547,134.6843719482422
2019-07-12,144.52999877929688,134.6378173828125
2019-07-15,144.6199951171875,134.72164916992188
2019-07-16,144.6699981689453,134.76820373535156
2019-07-17,144.6699981689453,134.76820373535156
2019-07-18,144.61000061035156,134.71231079101562
2019-07-19,144.64999389648438,134.74957275390625
2019-07-22,144.67999267578125,134.7775421142578
2019-07-23,144.63999938964844,134.7402801513672
2019-07-24,144.7100067138672,134.80548095703125
2019-07-25,144.6999969482422,134.79615783691406
2019-07-26,144.66000366210938,134.7589111328125
2019-07-29,144.6199951171875,134.72164916992188
2019-07-30,144.6300048828125,134.73097229003906
2019-07-31,144.72000122070312,134.81480407714844
2019-08-01,144.69000244140625,134.78684997558594
2019-08-02,144.6199951171875,134.72164916992188
2019-08-05,144.66000366210938,134.7589111328125
2019-08-06,144.72999572753906,134.8240966796875
2019-08-07,144.82000732421875,134.907958984375
2019-08-08,144.7100067138672,134.80548095703125
2019-08-09,144.41000366210938,134.52601623535156
2019-08-12,144.5,134.60984802246094
2019-08-13,144.5399932861328,134.64710998535156
2019-08-14,144.64999389648438,134.74957275390625
2019-08-15,144.7899932861328,134.8800048828125
2019-08-16,144.7100067138672,134.80548095703125
2019-08-19,144.7100067138672,134.80548095703125
2019-08-20,144.77999877929688,134.8706817626953
2019-08-21,144.6699981689453,134.76820373535156
2019-08-22,144.72000122070312,134.81480407714844
2019-08-23,144.72000122070312,134.81480407714844
2019-08-26,144.67999267578125,134.7775421142578
2019-08-27,144.8699951171875,134.95452880859375
2019-08-28,144.8800048828125,134.9638671875
2019-08-29,144.97000122070312,135.0476837158203
2019-08-30,144.97000122070312,135.0476837158203
2019-09-02,145.02999877929688,135.10357666015625
2019-09-03,145.11000061035156,135.1781005859375
2019-09-04,145.07000732421875,135.14085388183594
2019-09-05,144.9600067138672,135.0383758544922
2019-09-06,145.0500030517578,135.12220764160156
2019-09-09,144.97999572753906,135.05699157714844
2019-09-10,144.94000244140625,135.01974487304688
2019-09-11,144.97000122070312,135.0476837158203
2019-09-12,144.6999969482422,134.79615783691406
2019-09-13,144.63999938964844,134.7402801513672
2019-09-16,144.77000427246094,134.86138916015625
2019-09-17,144.72000122070312,134.81480407714844
2019-09-18,144.77000427246094,134.86138916015625
2019-09-19,144.72999572753906,134.8240966796875
2019-09-20,144.72000122070312,134.81480407714844
2019-09-23,144.7899932861328,134.8800048828125
2019-09-24,144.72000122070312,134.81480407714844
2019-09-25,144.74000549316406,134.83343505859375
2019-09-26,144.67999267578125,134.7775421142578
2019-09-27,144.77000427246094,134.86138916015625
2019-09-30,144.8300018310547,134.91726684570312
2019-10-01,144.80999755859375,134.89865112304688
2019-10-02,144.77000427246094,134.86138916015625
2019-10-03,144.75999450683594,134.85205078125
2019-10-04,144.74000549316406,134.83343505859375
2019-10-07,144.74000549316406,134.83343505859375
2019-10-08,144.75,134.84275817871094
2019-10-09,144.66000366210938,134.7589111328125
2019-10-10,144.64999389648438,134.74957275390625
2019-10-11,144.6699981689453,134.76820373535156
2019-10-14,144.5800018310547,134.6843719482422
2019-10-15,144.6300048828125,134.73097229003906
2019-10-16,144.58999633789062,134.6936798095703
2019-10-17,144.55999755859375,134.66575622558594
2019-10-18,144.57000732421875,134.67507934570312
2019-10-21,144.47000122070312,134.5819091796875
2019-10-22,144.55999755859375,134.66575622558594
2019-10-23,144.50999450683594,134.61917114257812
2019-10-24,144.57000732421875,134.67507934570312
2019-10-25,144.47000122070312,134.5819091796875
2019-10-28,144.44000244140625,134.55397033691406
2019-10-29,144.47000122070312,134.5819091796875
2019-10-30,144.4199981689453,134.53533935546875
2019-10-31,144.52999877929688,134.6378173828125
2019-11-01,144.44000244140625,134.55397033691406
2019-11-04,144.47999572753906,134.59121704101562
2019-11-05,144.42999267578125,134.54464721679688
2019-11-06,144.47000122070312,134.5819091796875
2019-11-07,144.32000732421875,134.4421844482422
2019-11-08,144.30999755859375,134.432861328125
2019-11-11,144.24000549316406,134.36766052246094
2019-11-12,144.33999633789062,134.46080017089844
2019-11-13,144.2899932861328,134.4142303466797
2019-11-14,144.27000427246094,134.39561462402344
2019-11-15,144.25999450683594,134.3862762451172
2019-11-18,144.32000732421875,134.4421844482422
2019-11-19,144.2899932861328,134.4142303466797
2019-11-20,144.32000732421875,134.4421844482422
2019-11-21,144.2899932861328,134.4142303466797
2019-11-22,144.30999755859375,134.432861328125
2019-11-25,144.35000610351562,134.47012329101562
2019-11-26,144.35000610351562,134.47012329101562
2019-11-27,144.30999755859375,134.432861328125
2019-11-28,144.3000030517578,134.4235382080078
2019-11-29,144.27000427246094,134.39561462402344
2019-12-02,144.24000549316406,134.36766052246094
2019-12-03,144.27000427246094,134.39561462402344
2019-12-04,144.2899932861328,134.4142303466797
2019-12-05,144.24000549316406,134.36766052246094
2019-12-06,144.27000427246094,134.39561462402344
2019-12-09,144.30999755859375,134.432861328125
2019-12-10,144.35000610351562,134.47012329101562
2019-12-11,144.36000061035156,134.4794464111328
2019-12-12,144.27000427246094,134.39561462402344
2019-12-13,144.3699951171875,134.48875427246094
2019-12-16,144.33999633789062,134.46080017089844
2019-12-17,144.35000610351562,134.47012329101562
2019-12-18,144.3300018310547,134.45150756835938
2019-12-19,144.3300018310547,134.45150756835938
2019-12-20,144.30999755859375,134.432861328125
2019-12-23,144.2899932861328,134.4142303466797
2019-12-24,144.3000030517578,134.4235382080078
2019-12-27,144.33999633789062,134.46080017089844
2019-12-30,144.22000122070312,134.34901428222656
2019-12-31,144.22000122070312,134.34901428222656
2020-01-02,144.22000122070312,134.34901428222656
2020-01-03,144.22000122070312,134.34901428222656
2020-01-06,144.25,134.37698364257812
2020-01-07,144.25999450683594,134.3862762451172
2020-01-08,144.25,134.37698364257812
2020-01-09,144.17999267578125,134.31173706054688
2020-01-10,144.22000122070312,134.34901428222656
2020-01-13,144.17999267578125,134.31173706054688
2020-01-14,144.19000244140625,134.3210906982422
2020-01-15,144.11000061035156,134.2465362548828
2020-01-16,144.1300048828125,134.2652130126953
2020-01-17,144.13999938964844,134.2744903564453
2020-01-20,144.13999938964844,134.2744903564453
2020-01-21,144.08999633789062,134.22792053222656
2020-01-22,144.11000061035156,134.2465362548828
2020-01-23,144.08999633789062,134.22792053222656
2020-01-24,144.11000061035156,134.2465362548828
2020-01-27,144.25,134.37698364257812
2020-01-28,144.25999450683594,134.3862762451172
2020-01-29,144.25,134.37698364257812
2020-01-30,144.25,134.37698364257812
2020-01-31,144.35000610351562,134.47012329101562
2020-02-03,144.3300018310547,134.45150756835938
2020-02-04,144.30999755859375,134.432861328125
2020-02-05,144.2899932861328,134.4142303466797
2020-02-06,144.24000549316406,134.36766052246094
2020-02-07,144.3000030517578,134.4235382080078
2020-02-10,144.27999877929688,134.40492248535156
2020-02-11,144.24000549316406,134.36766052246094
2020-02-12,144.2899932861328,134.4142303466797
2020-02-13,144.30999755859375,134.432861328125
2020-02-14,144.27000427246094,134.39561462402344
2020-02-17,144.25999450683594,134.3862762451172
2020-02-18,144.27000427246094,134.39561462402344
2020-02-19,144.22000122070312,134.34901428222656
2020-02-20,144.2899932861328,134.4142303466797
2020-02-21,144.24000549316406,134.36766052246094
2020-02-24,144.25,134.37698364257812
2020-02-25,144.27000427246094,134.39561462402344
2020-02-26,144.27999877929688,134.40492248535156
2020-02-27,144.25999450683594,134.3862762451172
2020-02-28,144.0,134.14407348632812
2020-03-02,144.27999877929688,134.40492248535156
2020-03-03,143.86000061035156,134.013671875
2020-03-04,144.27000427246094,134.39561462402344
2020-03-05,144.24000549316406,134.36766052246094
2020-03-06,144.1300048828125,134.2652130126953
2020-03-09,143.8300018310547,133.9857177734375
2020-03-10,143.9600067138672,134.1068115234375
2020-03-11,143.8800048828125,134.03231811523438
2020-03-12,143.80999755859375,133.96707153320312
2020-03-13,141.8000030517578,132.0946502685547
2020-03-16,142.57000732421875,132.8119659423828
2020-03-17,142.6999969482422,132.9330596923828
2020-03-18,140.97000122070312,131.3214569091797
2020-03-19,142.52000427246094,132.765380859375
2020-03-20,142.94000244140625,133.15663146972656
2020-03-23,143.50999450683594,133.68759155273438
2020-03-24,143.0,133.2125244140625
2020-03-25,143.27000427246094,133.46405029296875
2020-03-26,143.52000427246094,133.6969451904297
2020-03-27,143.77999877929688,133.93911743164062
2020-03-30,143.77999877929688,133.93911743164062
2020-03-31,143.67999267578125,133.84597778320312
2020-04-01,143.4499969482422,133.63172912597656
2020-04-02,143.47000122070312,133.65036010742188
2020-04-03,143.39999389648438,133.5851287841797
2020-04-06,143.3800048828125,133.56651306152344
2020-04-07,143.22000122070312,133.41746520996094
2020-04-08,143.19000244140625,133.38951110839844
2020-04-09,143.2100067138672,133.40817260742188
2020-04-14,143.19000244140625,133.38951110839844
2020-04-15,142.91000366210938,133.12869262695312
2020-04-16,142.9499969482422,133.16595458984375
2020-04-17,143.0500030517578,133.25909423828125
2020-04-20,142.8699951171875,133.09140014648438
2020-04-21,142.8000030517578,133.02621459960938
2020-04-22,142.67999267578125,132.9144287109375
2020-04-23,142.92999267578125,133.14730834960938
2020-04-24,142.99000549316406,133.2032012939453
2020-04-27,143.10000610351562,133.30567932128906
2020-04-28,143.24000549316406,133.4361114501953
2020-04-29,143.25,133.44540405273438
2020-04-30,143.4199981689453,133.60377502441406
2020-05-04,143.3300018310547,133.5199432373047
2020-05-05,143.32000732421875,133.51063537597656
2020-05-06,143.17999267578125,133.3802032470703
2020-05-07,143.24000549316406,133.4361114501953
2020-05-08,143.36000061035156,133.54788208007812
2020-05-11,143.3000030517578,133.49200439453125
2020-05-12,143.22999572753906,133.42677307128906
2020-05-13,143.33999633789062,133.52926635742188
2020-05-14,143.2899932861328,133.482666015625
2020-05-15,143.22000122070312,133.41746520996094
2020-05-18,143.30999755859375,133.50128173828125
2020-05-19,143.3699951171875,133.55718994140625
2020-05-20,143.41000366210938,133.594482421875
2020-05-21,143.3699951171875,133.55718994140625
2020-05-22,143.41000366210938,133.594482421875
2020-05-25,143.3800048828125,133.56651306152344
2020-05-26,143.4199981689453,133.60377502441406
2020-05-27,143.49000549316406,133.66897583007812
2020-05-28,143.52000427246094,133.6969451904297
2020-05-29,143.47999572753906,133.65966796875
2020-06-01,143.50999450683594,133.68759155273438
2020-06-02,143.57000732421875,133.74351501464844
2020-06-03,143.4600067138672,133.64105224609375
2020-06-04,143.5399932861328,133.715576171875
2020-06-05,143.58999633789062,133.76214599609375
2020-06-08,143.52999877929688,133.7062530517578
2020-06-09,143.5399932861328,133.715576171875
2020-06-10,143.50999450683594,133.68759155273438
2020-06-11,143.57000732421875,133.74351501464844
2020-06-12,143.60000610351562,133.77146911621094
2020-06-15,143.66000366210938,133.82736206054688
2020-06-16,143.64999389648438,133.8180389404297
2020-06-17,143.69000244140625,133.85528564453125
2020-06-18,143.66000366210938,133.82736206054688
2020-06-19,143.72999572753906,133.89256286621094
2020-06-22,143.75,133.91119384765625
2020-06-23,143.75999450683594,133.92050170898438
2020-06-24,143.72999572753906,133.89256286621094
2020-06-25,143.72999572753906,133.89256286621094
2020-06-26,143.75,133.91119384765625
2020-06-29,143.77999877929688,133.93911743164062
2020-06-30,143.7899932861328,133.9484405517578
2020-07-01,143.75,133.91119384765625
2020-07-02,143.75,133.91119384765625
2020-07-03,143.75999450683594,133.92050170898438
2020-07-06,143.75,133.91119384765625
2020-07-07,143.75999450683594,133.92050170898438
2020-07-08,143.75,133.91119384765625
2020-07-09,143.75,133.91119384765625
2020-07-10,143.77999877929688,133.93911743164062
2020-07-13,143.67999267578125,133.84597778320312
2020-07-14,143.7100067138672,133.87393188476562
2020-07-15,143.6999969482422,133.86460876464844
2020-07-16,143.77999877929688,133.93911743164062
2020-07-17,143.72999572753906,133.89256286621094
2020-07-20,143.7899932861328,133.9484405517578
2020-07-21,143.82000732421875,133.9763946533203
2020-07-22,143.9199981689453,134.06954956054688
2020-07-23,143.88999938964844,134.04161071777344
2020-07-24,143.8000030517578,133.957763671875
2020-07-27,143.83999633789062,133.9950408935547
2020-07-28,143.82000732421875,133.9763946533203
2020-07-29,143.88999938964844,134.04161071777344
2020-07-30,143.9199981689453,134.06954956054688
2020-07-31,143.85000610351562,134.0043487548828
2020-08-03,143.8300018310547,133.9857177734375
2020-08-04,143.8800048828125,134.03231811523438
2020-08-05,143.82000732421875,133.9763946533203
2020-08-06,143.86000061035156,134.013671875
2020-08-07,143.8800048828125,134.03231811523438
2020-08-10,143.9199981689453,134.06954956054688
2020-08-11,143.83999633789062,133.9950408935547
2020-08-12,143.8300018310547,133.9857177734375
2020-08-13,143.77000427246094,133.92984008789062
2020-08-14,143.80999755859375,133.96707153320312
2020-08-17,143.88999938964844,134.04161071777344
2020-08-18,143.85000610351562,134.0043487548828
2020-08-19,143.88999938964844,134.04161071777344
2020-08-20,143.88999938964844,134.04161071777344
2020-08-21,143.8699951171875,134.02294921875
2020-08-24,143.8800048828125,134.03231811523438
2020-08-25,143.75999450683594,133.92050170898438
2020-08-26,143.77999877929688,133.93911743164062
2020-08-27,143.77999877929688,133.93911743164062
2020-08-28,143.77999877929688,133.93911743164062
2020-08-31,143.77999877929688,133.93911743164062
2020-09-01,143.8300018310547,133.9857177734375
2020-09-02,143.86000061035156,134.013671875
2020-09-03,143.83999633789062,133.9950408935547
2020-09-04,143.82000732421875,133.9763946533203
2020-09-07,143.7899932861328,133.9484405517578
2020-09-08,143.77999877929688,133.93911743164062
2020-09-09,143.77999877929688,133.93911743164062
2020-09-10,143.7899932861328,133.9484405517578
2020-09-11,143.8300018310547,133.9857177734375
2020-09-14,143.83999633789062,133.9950408935547
2020-09-15,143.8800048828125,134.03231811523438
2020-09-16,143.88999938964844,134.04161071777344
2020-09-17,143.91000366210938,134.0602264404297
2020-09-18,143.88999938964844,134.04161071777344
2020-09-21,143.92999267578125,134.07887268066406
2020-09-22,143.97000122070312,134.11614990234375
2020-09-23,143.99000549316406,134.134765625
2020-09-24,143.94000244140625,134.0881805419922
2020-09-25,143.94000244140625,134.0881805419922
2020-09-28,143.91000366210938,134.0602264404297
2020-09-29,143.9600067138672,134.1068115234375
2020-09-30,143.89999389648438,134.0509033203125
2020-10-01,143.9499969482422,134.09751892089844
2020-10-02,143.99000549316406,134.134765625
2020-10-05,143.97000122070312,134.11614990234375
2020-10-06,143.97000122070312,134.11614990234375
2020-10-07,144.02000427246094,134.16270446777344
2020-10-08,144.02999877929688,134.17201232910156
2020-10-09,144.0399932861328,134.1813507080078
2020-10-12,144.08999633789062,134.22792053222656
2020-10-13,144.08999633789062,134.22792053222656
2020-10-14,144.10000610351562,134.23724365234375
2020-10-15,144.05999755859375,134.19996643066406
2020-10-16,144.1300048828125,134.2652130126953
2020-10-19,144.0800018310547,134.21861267089844
2020-10-20,144.07000732421875,134.20928955078125
2020-10-21,144.07000732421875,134.20928955078125
2020-10-22,144.0399932861328,134.1813507080078
2020-10-23,144.0500030517578,134.19064331054688
2020-10-26,144.08999633789062,134.22792053222656
2020-10-27,144.1199951171875,134.255859375
2020-10-28,144.07000732421875,134.20928955078125
2020-10-29,144.16000366210938,134.29312133789062
2020-10-30,144.1300048828125,134.2652130126953
2020-11-02,144.13999938964844,134.2744903564453
2020-11-03,144.13999938964844,134.2744903564453
2020-11-04,144.1699981689453,134.3024444580078
2020-11-05,144.17999267578125,134.31173706054688
2020-11-06,144.19000244140625,134.3210906982422
2020-11-09,144.0399932861328,134.1813507080078
2020-11-10,144.0500030517578,134.19064331054688
2020-11-11,144.0500030517578,134.19064331054688
2020-11-12,144.0800018310547,134.21861267089844
2020-11-13,144.08999633789062,134.22792053222656
2020-11-16,144.1300048828125,134.2652130126953
2020-11-17,144.11000061035156,134.2465362548828
2020-11-18,144.13999938964844,134.2744903564453
2020-11-19,144.11000061035156,134.2465362548828
2020-11-20,144.17999267578125,134.31173706054688
2020-11-23,144.16000366210938,134.29312133789062
2020-11-24,144.17999267578125,134.31173706054688
2020-11-25,144.14999389648438,134.2838134765625
2020-11-26,144.17999267578125,134.31173706054688
2020-11-27,144.16000366210938,134.29312133789062
2020-11-30,144.1199951171875,134.255859375
2020-12-01,144.0800018310547,134.21861267089844
2020-12-02,144.07000732421875,134.20928955078125
2020-12-03,144.1199951171875,134.255859375
2020-12-04,144.08999633789062,134.22792053222656
2020-12-07,144.1300048828125,134.2652130126953
2020-12-08,144.14999389648438,134.2838134765625
2020-12-09,144.1699981689453,134.3024444580078
2020-12-10,144.17999267578125,134.31173706054688
2020-12-11,144.2100067138672,134.3397216796875
2020-12-14,144.1699981689453,134.3024444580078
2020-12-15,144.16000366210938,134.29312133789062
2020-12-16,144.11000061035156,134.2465362548828
2020-12-17,144.1199951171875,134.255859375
2020-12-18,144.08999633789062,134.22792053222656
2020-12-21,144.0399932861328,134.1813507080078
2020-12-22,144.08999633789062,134.22792053222656
2020-12-23,144.02999877929688,134.17201232910156
2020-12-24,144.00999450683594,134.15341186523438
2020-12-28,144.05999755859375,134.19996643066406
2020-12-29,144.0500030517578,134.19064331054688
2020-12-30,144.07000732421875,134.20928955078125
2020-12-31,144.02999877929688,134.17201232910156
2021-01-04,144.02999877929688,134.17201232910156
2021-01-05,144.00999450683594,134.15341186523438
2021-01-06,143.9600067138672,134.1068115234375
2021-01-07,143.9499969482422,134.09751892089844
2021-01-08,143.97999572753906,134.12542724609375
2021-01-11,143.9199981689453,134.06954956054688
2021-01-12,143.80999755859375,133.96707153320312
2021-01-13,143.86000061035156,134.013671875
2021-01-14,143.8300018310547,133.9857177734375
2021-01-15,143.82000732421875,133.9763946533203
2021-01-18,143.82000732421875,133.9763946533203
2021-01-19,143.85000610351562,134.0043487548828
2021-01-20,143.8000030517578,133.957763671875
2021-01-21,143.75,133.91119384765625
2021-01-22,143.6699981689453,133.83665466308594
2021-01-25,143.82000732421875,133.9763946533203
2021-01-26,143.80999755859375,133.96707153320312
2021-01-27,143.82000732421875,133.9763946533203
2021-01-28,143.7899932861328,133.9484405517578
2021-01-29,143.83999633789062,133.9950408935547
2021-02-01,143.8300018310547,133.9857177734375
2021-02-02,143.72000122070312,133.88323974609375
2021-02-03,143.8000030517578,133.957763671875
2021-02-04,143.85000610351562,134.0043487548828
2021-02-05,143.83999633789062,133.9950408935547
2021-02-08,143.8699951171875,134.02294921875
2021-02-09,143.91000366210938,134.0602264404297
2021-02-10,143.89999389648438,134.0509033203125
2021-02-11,143.8699951171875,134.02294921875
2021-02-12,143.86000061035156,134.013671875
2021-02-15,143.8000030517578,133.957763671875
2021-02-16,143.77999877929688,133.93911743164062
2021-02-17,143.72999572753906,133.89256286621094
2021-02-18,143.67999267578125,133.84597778320312
2021-02-19,143.7100067138672,133.87393188476562
2021-02-22,143.6999969482422,133.86460876464844
2021-02-23,143.64999389648438,133.8180389404297
2021-02-24,143.63999938964844,133.8087158203125
2021-02-25,143.52000427246094,133.6969451904297
2021-02-26,143.52999877929688,133.7062530517578
2021-03-01,143.67999267578125,133.84597778320312
2021-03-02,143.6699981689453,133.83665466308594
2021-03-03,143.60000610351562,133.77146911621094
2021-03-04,143.66000366210938,133.82736206054688
2021-03-05,143.6300048828125,133.79940795898438
2021-03-08,143.64999389648438,133.8180389404297
2021-03-09,143.6699981689453,133.83665466308594
2021-03-10,143.67999267578125,133.84597778320312
2021-03-11,143.74000549316406,133.90187072753906
2021-03-12,143.6699981689453,133.83665466308594
2021-03-15,143.72000122070312,133.88323974609375
2021-03-16,143.72999572753906,133.89256286621094
2021-03-17,143.64999389648438,133.8180389404297
2021-03-18,143.72999572753906,133.89256286621094
2021-03-19,143.72000122070312,133.88323974609375
2021-03-22,143.74000549316406,133.90187072753906
2021-03-23,143.75999450683594,133.92050170898438
2021-03-24,143.77000427246094,133.92984008789062
2021-03-25,143.77000427246094,133.92984008789062
2021-03-26,143.75999450683594,133.92050170898438
2021-03-29,143.6999969482422,133.86460876464844
2021-03-30,143.64999389648438,133.8180389404297
2021-03-31,143.66000366210938,133.82736206054688
2021-04-01,143.7100067138672,133.87393188476562
2021-04-06,143.6699981689453,133.83665466308594
2021-04-07,143.64999389648438,133.8180389404297
2021-04-08,143.67999267578125,133.84597778320312
2021-04-09,143.58999633789062,133.76214599609375
2021-04-12,143.6199951171875,133.7900848388672
2021-04-13,143.58999633789062,133.76214599609375
2021-04-14,143.5500030517578,133.72486877441406
2021-04-15,143.61000061035156,133.78077697753906
2021-04-16,143.57000732421875,133.74351501464844
2021-04-19,143.55999755859375,133.73419189453125
2021-04-20,143.5500030517578,133.72486877441406
2021-04-21,143.5800018310547,133.75283813476562
2021-04-22,143.5800018310547,133.75283813476562
2021-04-23,143.55999755859375,133.73419189453125
2021-04-26,143.52999877929688,133.7062530517578
2021-04-27,143.52000427246094,133.6969451904297
2021-04-28,143.5,133.67831420898438
2021-04-29,143.5,133.67831420898438
2021-04-30,143.49000549316406,133.66897583007812
2021-05-03,143.52000427246094,133.6969451904297
2021-05-04,143.57000732421875,133.74351501464844
2021-05-05,143.50999450683594,133.68759155273438
2021-05-06,143.52000427246094,133.6969451904297
2021-05-07,143.47000122070312,133.65036010742188
2021-05-10,143.47000122070312,133.65036010742188
2021-05-11,143.41000366210938,133.594482421875
2021-05-12,143.38999938964844,133.57583618164062
2021-05-13,143.33999633789062,133.52926635742188
2021-05-14,143.3300018310547,133.5199432373047
2021-05-17,143.3000030517578,133.49200439453125
2021-05-18,143.32000732421875,133.51063537597656
2021-05-19,143.32000732421875,133.51063537597656
2021-05-20,143.3300018310547,133.5199432373047
2021-05-21,143.3699951171875,133.55718994140625
2021-05-24,143.3699951171875,133.55718994140625
2021-05-25,143.39999389648438,133.5851287841797
2021-05-26,143.4499969482422,133.63172912597656
2021-05-27,143.4199981689453,133.60377502441406
2021-05-28,143.4499969482422,133.63172912597656
2021-05-31,143.4600067138672,133.64105224609375
2021-06-01,143.4600067138672,133.64105224609375
2021-06-02,143.5,133.67831420898438
2021-06-03,143.4600067138672,133.64105224609375
2021-06-04,143.5,133.67831420898438
2021-06-07,143.47999572753906,133.65966796875
2021-06-08,143.52000427246094,133.6969451904297
2021-06-09,143.5500030517578,133.72486877441406
2021-06-10,143.52999877929688,133.7062530517578
2021-06-11,143.5800018310547,133.75283813476562
2021-06-14,143.5399932861328,133.715576171875
2021-06-15,143.52000427246094,133.6969451904297
2021-06-16,143.55999755859375,133.73419189453125
2021-06-17,143.47999572753906,133.65966796875
2021-06-18,143.42999267578125,133.6130828857422
2021-06-21,143.3800048828125,133.56651306152344
2021-06-22,143.3800048828125,133.56651306152344
2021-06-23,143.38999938964844,133.57583618164062
2021-06-24,143.39999389648438,133.5851287841797
2021-06-25,143.3300018310547,133.5199432373047
2021-06-28,143.3800048828125,133.56651306152344
2021-06-29,143.41000366210938,133.594482421875
2021-06-30,143.42999267578125,133.6130828857422
2021-07-01,143.44000244140625,133.62240600585938
2021-07-02,143.44000244140625,133.62240600585938
2021-07-05,143.39999389648438,133.5851287841797
2021-07-06,143.4600067138672,133.64105224609375
2021-07-07,143.4499969482422,133.63172912597656
2021-07-08,143.41000366210938,133.594482421875
2021-07-09,143.44000244140625,133.62240600585938
2021-07-12,143.4499969482422,133.63172912597656
2021-07-13,143.4199981689453,133.60377502441406
2021-07-14,143.47000122070312,133.65036010742188
2021-07-15,143.4499969482422,133.63172912597656
2021-07-16,143.47999572753906,133.65966796875
2021-07-19,143.50999450683594,133.68759155273438
2021-07-20,143.52999877929688,133.7062530517578
2021-07-21,143.49000549316406,133.66897583007812
2021-07-22,143.5399932861328,133.715576171875
2021-07-23,143.55999755859375,133.73419189453125
2021-07-26,143.5500030517578,133.72486877441406
2021-07-27,143.55999755859375,133.73419189453125
2021-07-28,143.5800018310547,133.75283813476562
2021-07-29,143.60000610351562,133.77146911621094
2021-07-30,143.57000732421875,133.74351501464844
2021-08-02,143.6199951171875,133.7900848388672
2021-08-03,143.60000610351562,133.77146911621094
2021-08-04,143.63999938964844,133.8087158203125
2021-08-05,143.64999389648438,133.8180389404297
2021-08-06,143.60000610351562,133.77146911621094
2021-08-09,143.58999633789062,133.76214599609375
2021-08-10,143.6300048828125,133.79940795898438
2021-08-11,143.5800018310547,133.75283813476562
2021-08-12,143.58999633789062,133.76214599609375
2021-08-13,143.57000732421875,133.74351501464844
2021-08-16,143.55999755859375,133.73419189453125
2021-08-17,143.57000732421875,133.74351501464844
2021-08-18,143.58999633789062,133.76214599609375
2021-08-19,143.57000732421875,133.74351501464844
2021-08-20,143.60000610351562,133.77146911621094
2021-08-23,143.55999755859375,133.73419189453125
2021-08-24,143.57000732421875,133.74351501464844
2021-08-25,143.47999572753906,133.65966796875
2021-08-26,143.47999572753906,133.65966796875
2021-08-27,143.49000549316406,133.66897583007812
2021-08-30,143.5500030517578,133.72486877441406
2021-08-31,143.4600067138672,133.64105224609375
2021-09-01,143.4600067138672,133.64105224609375
2021-09-02,143.49000549316406,133.66897583007812
2021-09-03,143.47000122070312,133.65036010742188
2021-09-06,143.47999572753906,133.65966796875
2021-09-07,143.3800048828125,133.56651306152344
2021-09-08,143.41000366210938,133.594482421875
2021-09-09,143.4600067138672,133.64105224609375
2021-09-10,143.4499969482422,133.63172912597656
2021-09-13,143.44000244140625,133.62240600585938
2021-09-14,143.47000122070312,133.65036010742188
2021-09-15,143.41000366210938,133.594482421875
2021-09-16,143.4199981689453,133.60377502441406
2021-09-17,143.38999938964844,133.57583618164062
2021-09-20,143.4199981689453,133.60377502441406
2021-09-21,143.47000122070312,133.65036010742188
2021-09-22,143.4499969482422,133.63172912597656
2021-09-23,143.39999389648438,133.5851287841797
2021-09-24,143.35000610351562,133.53857421875
2021-09-27,143.3300018310547,133.5199432373047
2021-09-28,143.32000732421875,133.51063537597656
2021-09-29,143.30999755859375,133.50128173828125
2021-09-30,143.30999755859375,133.50128173828125
2021-10-01,143.36000061035156,133.54788208007812
2021-10-04,143.36000061035156,133.54788208007812
2021-10-05,143.33999633789062,133.52926635742188
2021-10-06,143.30999755859375,133.50128173828125
2021-10-07,143.35000610351562,133.53857421875
2021-10-08,143.3000030517578,133.49200439453125
2021-10-11,143.27000427246094,133.46405029296875
2021-10-12,143.24000549316406,133.4361114501953
2021-10-13,143.24000549316406,133.4361114501953
2021-10-14,143.3000030517578,133.49200439453125
2021-10-15,143.25,133.44540405273438
2021-10-18,143.14999389648438,133.35226440429688
2021-10-19,143.1300048828125,133.3336181640625
2021-10-20,143.19000244140625,133.38951110839844
2021-10-21,143.13999938964844,133.34292602539062
2021-10-22,143.08999633789062,133.29637145996094
2021-10-25,143.13999938964844,133.34292602539062
2021-10-26,143.14999389648438,133.35226440429688
2021-10-27,143.1300048828125,133.3336181640625
2021-10-28,142.9600067138672,133.1752471923828
2021-10-29,142.8300018310547,133.0541534423828
2021-11-01,142.8300018310547,133.0541534423828
2021-11-02,143.0800018310547,133.28704833984375
2021-11-03,143.08999633789062,133.29637145996094
2021-11-04,143.24000549316406,133.4361114501953
2021-11-05,143.3800048828125,133.56651306152344
2021-11-08,143.36000061035156,133.54788208007812
2021-11-09,143.35000610351562,133.53857421875
2021-11-10,143.27999877929688,133.47335815429688
2021-11-11,143.27999877929688,133.47335815429688
2021-11-12,143.25999450683594,133.45472717285156
2021-11-15,143.27000427246094,133.46405029296875
2021-11-16,143.32000732421875,133.51063537597656
2021-11-17,143.3000030517578,133.49200439453125
2021-11-18,143.3300018310547,133.5199432373047
2021-11-19,143.38999938964844,133.57583618164062
2021-11-22,143.33999633789062,133.52926635742188
2021-11-23,143.27000427246094,133.46405029296875
2021-11-24,143.22999572753906,133.42677307128906
2021-11-25,143.22999572753906,133.42677307128906
2021-11-26,143.2899932861328,133.482666015625
2021-11-29,143.25999450683594,133.45472717285156
2021-11-30,143.24000549316406,133.4361114501953
2021-12-01,143.1199951171875,133.3242950439453
2021-12-02,143.16000366210938,133.361572265625
2021-12-03,143.17999267578125,133.3802032470703
2021-12-06,143.22999572753906,133.42677307128906
2021-12-07,143.1199951171875,133.3242950439453
2021-12-08,143.0399932861328,133.24978637695312
2021-12-09,143.10000610351562,133.30567932128906
2021-12-10,143.1199951171875,133.3242950439453
2021-12-13,143.16000366210938,133.361572265625
2021-12-14,143.1199951171875,133.3242950439453
2021-12-15,143.0800018310547,133.28704833984375
2021-12-16,143.0399932861328,133.24978637695312
2021-12-17,143.1199951171875,133.3242950439453
2021-12-20,143.1199951171875,133.3242950439453
2021-12-21,143.0500030517578,133.25909423828125
2021-12-22,142.97999572753906,133.1938934326172
2021-12-23,142.91000366210938,133.12869262695312
2021-12-24,142.8800048828125,133.10073852539062
2021-12-27,142.85000610351562,133.0727996826172
2021-12-28,142.8699951171875,133.09140014648438
2021-12-29,142.8699951171875,133.09140014648438
2021-12-30,142.85000610351562,133.0727996826172
2021-12-31,142.88999938964844,133.1100616455078
2022-01-03,142.77999877929688,133.00758361816406
2022-01-04,142.82000732421875,133.0448455810547
2022-01-05,142.80999755859375,133.0355224609375
2022-01-06,142.72999572753906,132.96099853515625
2022-01-07,142.6999969482422,132.9330596923828
2022-01-10,142.72000122070312,132.95169067382812
2022-01-11,142.72000122070312,132.95169067382812
2022-01-12,142.75,132.97964477539062
2022-01-13,142.77999877929688,133.00758361816406
2022-01-14,142.67999267578125,132.9144287109375
2022-01-17,142.7100067138672,132.94236755371094
2022-01-18,142.72000122070312,132.95169067382812
2022-01-19,142.64999389648438,132.886474609375
2022-01-20,142.69000244140625,132.92372131347656
2022-01-21,142.77999877929688,133.00758361816406
2022-01-24,142.8000030517578,133.02621459960938
2022-01-25,142.75999450683594,132.9889373779297
2022-01-26,142.74000549316406,132.9703369140625
2022-01-27,142.69000244140625,132.92372131347656
2022-01-28,142.6999969482422,132.9330596923828
2022-01-31,142.63999938964844,132.87716674804688
2022-02-01,142.5399932861328,132.7840118408203
2022-02-02,142.49000549316406,132.7374267578125
2022-02-03,142.0800018310547,132.35548400878906
2022-02-04,141.82000732421875,132.11329650878906
2022-02-07,141.83999633789062,132.13189697265625
2022-02-08,141.8300018310547,132.1226043701172
2022-02-09,141.99000549316406,132.27166748046875
2022-02-10,141.86000061035156,132.15054321289062
2022-02-11,141.9199981689453,132.2064208984375
2022-02-14,141.88999938964844,132.17848205566406
2022-02-15,141.88999938964844,132.17848205566406
2022-02-16,142.02999877929688,132.3089141845703
2022-02-17,142.22999572753906,132.4952392578125
2022-02-18,142.2100067138672,132.4766082763672
2022-02-21,142.14999389648438,132.42071533203125
2022-02-22,142.08999633789062,132.36480712890625
2022-02-23,142.02000427246094,132.29959106445312
2022-02-24,142.1999969482422,132.46726989746094
2022-02-25,142.16000366210938,132.4300079345703
2022-02-28,142.3699951171875,132.62564086914062
2022-03-01,142.8800048828125,133.10073852539062
2022-03-02,142.57000732421875,132.8119659423828
2022-03-03,142.5500030517578,132.79335021972656
2022-03-04,142.7899932861328,133.0168914794922
2022-03-07,142.66000366210938,132.89581298828125
2022-03-08,142.49000549316406,132.7374267578125
2022-03-09,142.41000366210938,132.6629180908203
2022-03-10,141.99000549316406,132.27166748046875
2022-03-11,142.0399932861328,132.3181915283203
2022-03-14,141.97000122070312,132.25302124023438
2022-03-15,142.17999267578125,132.4486541748047
2022-03-16,142.02000427246094,132.29959106445312
2022-03-17,142.0399932861328,132.3181915283203
2022-03-18,142.11000061035156,132.38345336914062
2022-03-21,141.97999572753906,132.2623291015625
2022-03-22,141.8699951171875,132.15988159179688
2022-03-23,141.91000366210938,132.19712829589844
2022-03-24,141.85000610351562,132.1412353515625
2022-03-25,141.77999877929688,132.07601928710938
2022-03-28,141.6699981689453,131.97354125976562
2022-03-29,141.5,131.81520080566406
2022-03-30,141.36000061035156,131.6847686767578
2022-03-31,141.52999877929688,131.8431396484375
2022-04-01,141.5,131.81520080566406
2022-04-04,141.42999267578125,131.74996948242188
2022-04-05,141.36000061035156,131.6847686767578
2022-04-06,141.30999755859375,131.63818359375
2022-04-07,141.3000030517578,131.62887573242188
2022-04-08,141.07000732421875,131.4146270751953
2022-04-11,141.00999450683594,131.35873413085938
2022-04-12,141.10000610351562,131.4425811767578
2022-04-13,141.08999633789062,131.4332275390625
2022-04-14,141.10000610351562,131.4425811767578
2022-04-19,141.16000366210938,131.49847412109375
2022-04-20,141.19000244140625,131.5264129638672
2022-04-21,140.9600067138672,131.31216430664062
2022-04-22,140.72000122070312,131.0885772705078
2022-04-25,140.97999572753906,131.3307647705078
2022-04-26,140.97000122070312,131.3214569091797
2022-04-27,141.0,131.34939575195312
2022-04-28,140.7899932861328,131.15379333496094
2022-04-29,140.57000732421875,130.9488525390625
2022-05-02,140.63999938964844,131.01405334472656
2022-05-03,140.5500030517578,130.93020629882812
2022-05-04,140.25999450683594,130.6600341796875
2022-05-05,140.32000732421875,130.71595764160156
2022-05-06,140.13999938964844,130.54827880859375
2022-05-09,140.2899932861328,130.68798828125
2022-05-10,140.49000549316406,130.87432861328125
2022-05-11,140.60000610351562,130.976806640625
2022-05-12,140.92999267578125,131.2841796875
2022-05-13,140.77999877929688,131.14447021484375
2022-05-16,140.75999450683594,131.12583923339844
2022-05-17,140.4199981689453,130.80909729003906
2022-05-18,140.39999389648438,130.7904815673828
2022-05-19,140.42999267578125,130.81842041015625
2022-05-20,140.38999938964844,130.78115844726562
2022-05-23,140.22000122070312,130.62278747558594
2022-05-24,140.38999938964844,130.78115844726562
2022-05-25,140.5,130.8836212158203
2022-05-26,140.5800018310547,130.95814514160156
2022-05-27,140.57000732421875,130.9488525390625
2022-05-30,140.36000061035156,130.7532196044922
2022-05-31,140.17999267578125,130.58551025390625
2022-06-01,140.0800018310547,130.49240112304688
2022-06-02,139.9199981689453,130.3433380126953
2022-06-03,139.77999877929688,130.21292114257812
2022-06-06,139.7899932861328,130.2222137451172
2022-06-07,139.8300018310547,130.25949096679688
2022-06-08,139.75,130.18495178222656
2022-06-09,139.25,129.7191925048828
2022-06-10,138.97000122070312,129.45834350585938
2022-06-13,138.30999755859375,128.84352111816406
2022-06-14,138.1699981689453,128.7130889892578
2022-06-15,138.74000549316406,129.24411010742188
2022-06-16,138.64999389648438,129.16026306152344
2022-06-17,138.94000244140625,129.430419921875
2022-06-20,138.86000061035156,129.35586547851562
2022-06-21,138.86000061035156,129.35586547851562
2022-06-22,139.10000610351562,129.5794677734375
2022-06-23,139.47000122070312,129.9241180419922
2022-06-24,139.47000122070312,129.9241180419922
2022-06-27,139.22999572753906,129.70053100585938
2022-06-28,139.25,129.7191925048828
2022-06-29,139.50999450683594,129.9613800048828
2022-06-30,139.7899932861328,130.2222137451172
2022-07-01,140.22000122070312,130.62278747558594
2022-07-04,140.02000427246094,130.4364776611328
2022-07-05,140.3300018310547,130.7252655029297
2022-07-06,140.42999267578125,130.81842041015625
2022-07-07,140.13999938964844,130.54827880859375
2022-07-08,140.13999938964844,130.54827880859375
2022-07-11,140.32000732421875,130.71595764160156
2022-07-12,140.5,130.8836212158203
2022-07-13,140.22999572753906,130.63211059570312
2022-07-14,139.92999267578125,130.35264587402344
2022-07-15,139.97999572753906,130.39923095703125
2022-07-18,139.92999267578125,130.35264587402344
2022-07-19,139.72000122070312,130.15701293945312
2022-07-20,139.6300048828125,130.07318115234375
2022-07-21,139.41000366210938,129.8682403564453
2022-07-22,139.97999572753906,130.39923095703125
2022-07-25,140.02999877929688,130.44578552246094
2022-07-26,140.1300048828125,130.53895568847656
2022-07-27,139.94000244140625,130.36196899414062
2022-07-28,140.3699951171875,130.76254272460938
2022-07-29,140.49000549316406,130.87432861328125
2022-08-01,140.66000366210938,131.03268432617188
2022-08-02,140.5500030517578,130.93020629882812
2022-08-03,140.39999389648438,130.7904815673828
2022-08-04,140.5399932861328,130.92088317871094
2022-08-05,140.30999755859375,130.7066192626953
2022-08-08,140.27999877929688,130.6787109375
2022-08-09,140.22000122070312,130.62278747558594
2022-08-10,140.33999633789062,130.73458862304688
2022-08-11,140.2899932861328,130.68798828125
2022-08-12,140.17999267578125,130.58551025390625
2022-08-15,140.30999755859375,130.7066192626953
2022-08-16,140.16000366210938,130.56690979003906
2022-08-17,139.8000030517578,130.23155212402344
2022-08-18,139.72999572753906,130.1663360595703
2022-08-19,139.52999877929688,129.98001098632812
2022-08-22,139.3800048828125,129.8402862548828
2022-08-23,139.39999389648438,129.85891723632812
2022-08-24,139.3000030517578,129.7657928466797
2022-08-25,139.47000122070312,129.9241180419922
2022-08-26,139.25999450683594,129.72850036621094
2022-08-29,138.9600067138672,129.44903564453125
2022-08-30,138.88999938964844,129.3838348388672
2022-08-31,138.7100067138672,129.21615600585938
2022-09-01,138.67999267578125,129.18817138671875
2022-09-02,138.94000244140625,129.430419921875
2022-09-05,138.88999938964844,129.3838348388672
2022-09-06,138.86000061035156,129.35586547851562
2022-09-07,138.9499969482422,129.43971252441406
2022-09-08,138.4499969482422,128.9739532470703
2022-09-09,138.3300018310547,128.86216735839844
2022-09-12,138.3800048828125,128.9087371826172
2022-09-13,138.1699981689453,128.7130889892578
2022-09-14,138.14999389648438,128.69447326660156
2022-09-15,137.97000122070312,128.52679443359375
2022-09-16,137.83999633789062,128.4056854248047
2022-09-19,137.77999877929688,128.34979248046875
2022-09-20,137.5500030517578,128.1355438232422
2022-09-21,137.5,128.08895874023438
2022-09-22,137.32000732421875,127.92129516601562
2022-09-23,137.11000061035156,127.72565460205078
2022-09-26,136.91000366210938,127.53936004638672
2022-09-27,136.64999389648438,127.29714965820312
2022-09-28,137.0500030517578,127.6697769165039
2022-09-29,137.14999389648438,127.7629165649414
2022-09-30,137.3000030517578,127.90264892578125
2022-10-03,137.69000244140625,128.2659454345703
2022-10-04,137.83999633789062,128.4056854248047
2022-10-05,137.60000610351562,128.18212890625
2022-10-06,137.3800048828125,127.97718811035156
2022-10-07,137.07000732421875,127.68840026855469
2022-10-10,137.2899932861328,127.8933334350586
2022-10-11,137.25999450683594,127.86537170410156
2022-10-12,137.16000366210938,127.7722396850586
2022-10-13,137.13999938964844,127.75360107421875
2022-10-14,137.05999755859375,127.6790771484375
2022-10-17,137.08999633789062,127.70703887939453
2022-10-18,137.10000610351562,127.7163314819336
2022-10-19,136.91000366210938,127.53936004638672
2022-10-20,137.00999450683594,127.63250732421875
2022-10-21,136.9600067138672,127.58592224121094
2022-10-24,137.1300048828125,127.74429321289062
2022-10-25,137.3800048828125,127.97718811035156
2022-10-26,137.38999938964844,127.98648071289062
2022-10-27,137.86000061035156,128.42433166503906
2022-10-28,137.5800018310547,128.16348266601562
2022-10-31,137.39999389648438,127.99581146240234
2022-11-01,137.47000122070312,128.06103515625
2022-11-02,137.41000366210938,128.005126953125
2022-11-03,137.1699981689453,127.78154754638672
2022-11-04,137.1300048828125,127.74429321289062
2022-11-07,137.0500030517578,127.6697769165039
2022-11-08,137.0500030517578,127.6697769165039
2022-11-09,137.25,127.8560791015625
2022-11-10,137.61000061035156,128.19143676757812
2022-11-11,137.25,127.8560791015625
2022-11-14,137.25999450683594,127.86537170410156
2022-11-15,137.3699951171875,127.96783447265625
2022-11-16,137.4600067138672,128.05169677734375
2022-11-17,137.4600067138672,128.05169677734375
2022-11-18,137.5800018310547,128.16348266601562
2022-11-21,137.5500030517578,128.1355438232422
2022-11-22,137.52999877929688,128.11691284179688
2022-11-23,137.57000732421875,128.15415954589844
2022-11-24,137.67999267578125,128.25665283203125
2022-11-25,137.52000427246094,128.10760498046875
2022-11-28,137.5,128.08895874023438
2022-11-29,137.6999969482422,128.27528381347656
2022-11-30,137.6300048828125,128.21006774902344
2022-12-01,137.92999267578125,128.48951721191406
2022-12-02,137.75999450683594,128.33116149902344
2022-12-05,137.77999877929688,128.34979248046875
2022-12-06,137.92999267578125,128.48951721191406
2022-12-07,138.00999450683594,128.56405639648438
2022-12-08,137.92999267578125,128.48951721191406
2022-12-09,137.75999450683594,128.33116149902344
2022-12-12,137.66000366210938,128.23800659179688
2022-12-13,137.8000030517578,128.36843872070312
2022-12-14,137.6699981689453,128.24732971191406
2022-12-15,137.22999572753906,127.83744049072266
2022-12-16,137.08999633789062,127.70703887939453
2022-12-19,137.0500030517578,127.6697769165039
2022-12-20,136.92999267578125,127.55797576904297
2022-12-21,136.94000244140625,127.56729125976562
2022-12-22,136.92999267578125,127.55797576904297
2022-12-23,136.8300018310547,127.46481323242188
2022-12-27,136.72999572753906,127.37166595458984
2022-12-28,136.75,127.39029693603516
2022-12-29,136.86000061035156,127.49275970458984
2022-12-30,136.75,127.39029693603516
2023-01-02,136.8000030517578,127.4368667602539
2023-01-03,136.75999450683594,127.39961242675781
2023-01-04,137.02999877929688,127.6511459350586
2023-01-05,136.91000366210938,127.53936004638672
2023-01-06,137.10000610351562,127.7163314819336
2023-01-09,137.0399932861328,127.66043853759766
2023-01-10,137.00999450683594,127.63250732421875
2023-01-11,137.11000061035156,127.72565460205078
2023-01-12,137.25999450683594,127.86537170410156
2023-01-13,137.25999450683594,127.86537170410156
2023-01-16,137.3000030517578,127.90264892578125
2023-01-17,137.49000549316406,128.07965087890625
2023-01-18,137.57000732421875,128.15415954589844
2023-01-19,137.44000244140625,128.0330810546875
2023-01-20,137.30999755859375,127.91197204589844
2023-01-23,137.25999450683594,127.86537170410156
2023-01-24,137.35000610351562,127.94922637939453
2023-01-25,137.3800048828125,127.97718811035156
2023-01-26,137.3699951171875,127.96783447265625
2023-01-27,137.25,127.8560791015625
2023-01-30,137.13999938964844,127.75360107421875
2023-01-31,137.1999969482422,127.80950927734375
2023-02-01,137.1999969482422,127.80950927734375
2023-02-02,137.61000061035156,128.19143676757812
2023-02-03,137.5,128.08895874023438
2023-02-06,137.36000061035156,127.95856475830078
2023-02-07,137.3300018310547,127.93060302734375
2023-02-08,137.17999267578125,127.79087829589844
2023-02-09,137.22000122070312,127.82811737060547
2023-02-10,137.0500030517578,127.6697769165039
2023-02-13,137.07000732421875,127.68840026855469
2023-02-14,136.94000244140625,127.56729125976562
2023-02-15,136.80999755859375,127.4461898803711
2023-02-16,136.8000030517578,127.4368667602539
2023-02-17,136.88999938964844,127.52070617675781
2023-02-20,136.86000061035156,127.49275970458984
2023-02-21,136.66000366210938,127.30646514892578
2023-02-22,136.7100067138672,127.35302734375
2023-02-23,136.85000610351562,127.48346710205078
2023-02-24,136.52999877929688,127.18536376953125
2023-02-27,136.55999755859375,127.21331024169922
2023-02-28,136.50999450683594,127.16671752929688
2023-03-01,136.27000427246094,126.94316101074219
2023-03-02,136.27999877929688,126.95245361328125
2023-03-03,136.32000732421875,126.98975372314453
2023-03-06,136.22000122070312,126.89657592773438
2023-03-07,136.17999267578125,126.85930633544922
2023-03-08,136.24000549316406,126.91519927978516
2023-03-09,136.3800048828125,127.0456314086914
2023-03-10,136.67999267578125,127.32508087158203
2023-03-13,137.58999633789062,128.1728057861328
2023-03-14,137.1199951171875,127.7349853515625
2023-03-15,137.91000366210938,128.4709014892578
2023-03-16,137.85000610351562,128.41502380371094
2023-03-17,137.99000549316406,128.54542541503906
2023-03-20,138.27999877929688,128.8155517578125
2023-03-21,137.8800048828125,128.44296264648438
2023-03-22,137.58999633789062,128.1728057861328
2023-03-23,137.97999572753906,128.53611755371094
2023-03-24,138.1699981689453,128.7130889892578
2023-03-27,138.02999877929688,128.58270263671875
2023-03-28,137.83999633789062,128.4056854248047
2023-03-29,137.77000427246094,128.34048461914062
2023-03-30,137.64999389648438,128.2286834716797
2023-03-31,137.6999969482422,128.27528381347656
2023-04-03,137.72999572753906,128.30320739746094
2023-04-04,137.88999938964844,128.45225524902344
2023-04-05,138.05999755859375,128.61062622070312
2023-04-06,138.1199951171875,128.66653442382812
2023-04-11,137.75,128.32183837890625
2023-04-12,137.60000610351562,128.18212890625
2023-04-13,137.63999938964844,128.21937561035156
2023-04-14,137.38999938964844,127.98648071289062
2023-04-17,137.47999572753906,128.0703125
2023-04-18,137.52999877929688,128.11691284179688
2023-04-19,137.30999755859375,127.91197204589844
2023-04-20,137.4600067138672,128.05169677734375
2023-04-21,137.41000366210938,128.005126953125
2023-04-24,137.36000061035156,127.95856475830078
2023-04-25,137.5500030517578,128.1355438232422
2023-04-26,137.67999267578125,128.25665283203125
2023-04-27,137.52000427246094,128.10760498046875
2023-04-28,137.8699951171875,128.4336395263672
2023-05-02,137.9600067138672,128.5175018310547
2023-05-03,137.92999267578125,128.48951721191406
2023-05-04,138.1999969482422,128.74105834960938
2023-05-05,138.14999389648438,128.69447326660156
2023-05-08,138.0500030517578,128.601318359375
2023-05-09,138.0,128.55474853515625
2023-05-10,138.1300048828125,128.67584228515625
2023-05-11,138.24000549316406,128.7783203125
2023-05-12,138.1300048828125,128.67584228515625
2023-05-15,138.1199951171875,128.66653442382812
2023-05-16,138.02999877929688,128.58270263671875
2023-05-17,137.9600067138672,128.5175018310547
2023-05-18,137.82000732421875,128.38705444335938
2023-05-19,137.88999938964844,128.45225524902344
2023-05-22,137.83999633789062,128.4056854248047
2023-05-23,137.80999755859375,128.37774658203125
2023-05-24,137.74000549316406,128.31256103515625
2023-05-25,137.74000549316406,128.31256103515625
2023-05-26,137.63999938964844,128.21937561035156
2023-05-29,137.8000030517578,128.36843872070312
2023-05-30,137.97000122070312,128.52679443359375
2023-05-31,138.16000366210938,128.70379638671875
2023-06-01,138.1999969482422,128.74105834960938
2023-06-02,138.1199951171875,128.66653442382812
2023-06-05,137.92999267578125,128.48951721191406
2023-06-06,138.0,128.55474853515625
2023-06-07,137.8000030517578,128.36843872070312
2023-06-08,137.88999938964844,128.45225524902344
2023-06-09,137.97000122070312,128.52679443359375
2023-06-12,138.0,128.55474853515625
2023-06-13,137.88999938964844,128.45225524902344
2023-06-14,137.82000732421875,128.38705444335938
2023-06-15,137.57000732421875,128.15415954589844
2023-06-16,137.6699981689453,128.24732971191406
2023-06-19,137.5399932861328,128.126220703125
2023-06-20,137.6199951171875,128.20074462890625
2023-06-21,137.5800018310547,128.16348266601562
2023-06-22,137.39999389648438,127.99581146240234
2023-06-23,137.6300048828125,128.21006774902344
2023-06-26,137.72000122070312,128.29393005371094
2023-06-27,137.5399932861328,128.126220703125
2023-06-28,137.63999938964844,128.21937561035156
2023-06-29,137.4600067138672,128.05169677734375
2023-06-30,137.42999267578125,128.0237579345703
2023-07-03,137.3300018310547,127.93060302734375
2023-07-04,137.38999938964844,127.98648071289062
2023-07-05,137.47000122070312,128.06103515625
2023-07-06,137.2100067138672,127.8188247680664
2023-07-07,137.42999267578125,128.0237579345703
2023-07-10,137.3699951171875,127.96783447265625
2023-07-11,137.32000732421875,127.92129516601562
2023-07-12,137.57000732421875,128.15415954589844
2023-07-13,137.7899932861328,128.35911560058594
2023-07-14,137.7100067138672,128.2845916748047
2023-07-17,137.7100067138672,128.2845916748047
2023-07-18,138.02000427246094,128.57337951660156
2023-07-19,137.9600067138672,128.5175018310547
2023-07-20,137.8699951171875,128.4336395263672
2023-07-21,137.94000244140625,128.4988555908203
2023-07-24,138.05999755859375,128.61062622070312
2023-07-25,138.02000427246094,128.57337951660156
2023-07-26,137.8699951171875,128.4336395263672
2023-07-27,138.02999877929688,128.58270263671875
2023-07-28,138.07000732421875,128.61996459960938
2023-07-31,138.1300048828125,128.67584228515625
2023-08-01,138.11000061035156,128.6572265625
2023-08-02,138.17999267578125,128.722412109375
2023-08-03,138.2100067138672,128.75038146972656
2023-08-04,138.17999267578125,128.722412109375
2023-08-07,138.24000549316406,128.7783203125
2023-08-08,138.3800048828125,128.9087371826172
2023-08-09,138.33999633789062,128.8714599609375
2023-08-10,138.3300018310547,128.86216735839844
2023-08-11,138.22999572753906,128.7689971923828
2023-08-14,138.13999938964844,128.68516540527344
2023-08-15,138.0800018310547,128.6292724609375
2023-08-16,138.14999389648438,128.69447326660156
2023-08-17,138.1199951171875,128.66653442382812
2023-08-18,138.27000427246094,128.8062744140625
2023-08-21,138.16000366210938,128.70379638671875
2023-08-22,138.25999450683594,128.79693603515625
2023-08-23,138.52999877929688,129.0484619140625
2023-08-24,138.5500030517578,129.0670928955078
2023-08-25,138.41000366210938,128.9366912841797
2023-08-28,138.36000061035156,128.89010620117188
2023-08-29,138.4499969482422,128.9739532470703
2023-08-30,138.32000732421875,128.8528289794922
2023-08-31,138.6300048828125,129.14166259765625
2023-09-01,138.52999877929688,129.0484619140625
2023-09-04,138.4499969482422,128.9739532470703
2023-09-05,138.4499969482422,128.9739532470703
2023-09-06,138.30999755859375,128.84352111816406
2023-09-07,138.44000244140625,128.96461486816406
2023-09-08,138.42999267578125,128.95529174804688
2023-09-11,138.4199981689453,128.9459991455078
2023-09-12,138.35000610351562,128.88079833984375
2023-09-13,138.2100067138672,128.75038146972656
2023-09-14,138.36000061035156,128.89010620117188
2023-09-15,138.24000549316406,128.7783203125
2023-09-18,138.14999389648438,128.69447326660156
2023-09-19,138.1199951171875,128.66653442382812
2023-09-20,138.24000549316406,128.7783203125
2023-09-21,138.1699981689453,128.7130889892578
2023-09-22,138.1999969482422,128.74105834960938
2023-09-25,138.25999450683594,128.79693603515625
2023-09-26,138.2100067138672,128.75038146972656
2023-09-27,138.19000244140625,128.73171997070312
2023-09-28,138.0500030517578,128.601318359375
2023-09-29,138.25999450683594,128.79693603515625
2023-10-02,138.3000030517578,128.83421325683594
2023-10-03,138.24000549316406,128.7783203125
2023-10-04,138.2899932861328,128.82489013671875
2023-10-05,138.47999572753906,129.0018768310547
2023-10-06,138.39999389648438,128.92735290527344
2023-10-09,138.66000366210938,129.16957092285156
2023-10-10,138.64999389648438,129.16026306152344
2023-10-11,138.67999267578125,129.18817138671875
2023-10-12,138.5,129.02052307128906
2023-10-13,138.52000427246094,129.03915405273438
2023-10-16,138.55999755859375,129.07640075683594
2023-10-17,138.36000061035156,128.89010620117188
2023-10-18,138.30999755859375,128.84352111816406
2023-10-19,138.3300018310547,128.86216735839844
2023-10-20,138.5500030517578,129.0670928955078
2023-10-23,138.60000610351562,129.11367797851562
2023-10-24,138.6699981689453,129.17889404296875
2023-10-25,138.5500030517578,129.0670928955078
2023-10-26,138.75999450683594,129.26272583007812
2023-10-27,138.8800048828125,129.37451171875
2023-10-30,138.99000549316406,129.47698974609375
2023-10-31,139.0399932861328,129.52354431152344
2023-11-01,139.14999389648438,129.6260223388672
2023-11-02,139.1999969482422,129.67259216308594
2023-11-03,139.3699951171875,129.8309783935547
2023-11-06,139.19000244140625,129.66331481933594
2023-11-07,139.25,129.7191925048828
2023-11-08,139.27999877929688,129.7471466064453
2023-11-09,139.27999877929688,129.7471466064453
2023-11-10,139.2100067138672,129.68194580078125
2023-11-13,139.1699981689453,129.6446533203125
2023-11-14,139.42999267578125,129.88687133789062
2023-11-15,139.4199981689453,129.87754821777344
2023-11-16,139.66000366210938,130.1011199951172
2023-11-17,139.5800018310547,130.026611328125
2023-11-20,139.60000610351562,130.0452423095703
2023-11-21,139.64999389648438,130.09181213378906
2023-11-22,139.61000061035156,130.05455017089844
2023-11-23,139.52999877929688,129.98001098632812
2023-11-24,139.49000549316406,129.94276428222656
2023-11-27,139.74000549316406,130.17567443847656
2023-11-28,139.89999389648438,130.32470703125
2023-11-29,140.10000610351562,130.5110321044922
2023-11-30,140.11000061035156,130.52032470703125
2023-12-01,140.55999755859375,130.93951416015625
2023-12-04,140.4600067138672,130.84637451171875
2023-12-05,140.6199951171875,130.9954071044922
2023-12-06,140.7100067138672,131.0792694091797
2023-12-07,140.75,131.11651611328125
2023-12-08,140.5,130.8836212158203
2023-12-11,140.52000427246094,130.9022674560547
2023-12-12,140.47000122070312,130.85568237304688
2023-12-13,140.6300048828125,131.00473022460938
2023-12-14,140.99000549316406,131.34010314941406
2023-12-15,141.11000061035156,131.45187377929688
2023-12-18,140.99000549316406,131.34010314941406
2023-12-19,141.13999938964844,131.47984313964844
2023-12-20,141.2899932861328,131.6195526123047
2023-12-21,141.42999267578125,131.74996948242188
2023-12-22,141.5800018310547,131.88970947265625
2023-12-27,141.60000610351562,131.90834045410156
2023-12-28,141.58999633789062,131.89903259277344
2023-12-29,141.4199981689453,131.7406463623047
2024-01-02,141.39999389648438,131.72203063964844
2024-01-03,141.41000366210938,131.73135375976562
2024-01-04,141.25,131.58229064941406
2024-01-05,141.14999389648438,131.48912048339844
2024-01-08,141.22000122070312,131.55433654785156
2024-01-09,141.00999450683594,131.35873413085938
2024-01-10,141.00999450683594,131.35873413085938
2024-01-11,141.00999450683594,131.35873413085938
2024-01-12,141.3300018310547,131.6568145751953
2024-01-15,141.17999267578125,131.51707458496094
2024-01-16,141.22999572753906,131.5636749267578
2024-01-17,140.99000549316406,131.34010314941406
2024-01-18,141.00999450683594,131.35873413085938
2024-01-19,140.99000549316406,131.34010314941406
2024-01-22,141.0399932861328,131.38665771484375
2024-01-23,141.02000427246094,131.3680419921875
2024-01-24,140.97999572753906,131.3307647705078
2024-01-25,141.27999877929688,131.61026000976562
2024-01-26,141.30999755859375,131.63818359375
2024-01-29,141.42999267578125,131.74996948242188
2024-01-30,141.3699951171875,131.69407653808594
2024-01-31,141.52999877929688,131.8431396484375
2024-02-01,141.55999755859375,131.87109375
2024-02-02,141.30999755859375,131.63818359375
2024-02-05,141.17999267578125,131.51707458496094
2024-02-06,141.2100067138672,131.5450439453125
2024-02-07,141.14999389648438,131.48912048339844
2024-02-08,141.02999877929688,131.3773651123047
2024-02-09,140.9199981689453,131.27488708496094
2024-02-12,141.05999755859375,131.40528869628906
2024-02-13,140.91000366210938,131.26556396484375
2024-02-14,141.00999450683594,131.35873413085938
2024-02-15,140.9600067138672,131.31216430664062
2024-02-16,140.92999267578125,131.2841796875
2024-02-19,140.88999938964844,131.2469482421875
2024-02-20,141.0,131.34939575195312
2024-02-21,140.8699951171875,131.22830200195312
2024-02-22,140.8300018310547,131.1910400390625
2024-02-23,140.97000122070312,131.3214569091797
2024-02-26,140.82000732421875,131.18173217773438
2024-02-27,140.80999755859375,131.17242431640625
2024-02-28,140.7899932861328,131.15379333496094
2024-02-29,140.8699951171875,131.22830200195312
2024-03-01,140.91000366210938,131.26556396484375
2024-03-04,140.91000366210938,131.26556396484375
2024-03-05,141.07000732421875,131.4146270751953
2024-03-06,141.02999877929688,131.3773651123047
2024-03-07,141.19000244140625,131.5264129638672
2024-03-08,141.41000366210938,131.73135375976562
2024-03-11,141.32000732421875,131.6475372314453
2024-03-12,141.22000122070312,131.55433654785156
2024-03-13,141.22000122070312,131.55433654785156
2024-03-14,139.72999572753906,131.49082946777344
2024-03-15,139.6300048828125,131.39674377441406
2024-03-18,139.6300048828125,131.39674377441406
2024-03-19,139.75,131.50965881347656
2024-03-20,139.74000549316406,131.50025939941406
2024-03-21,139.86000061035156,131.61318969726562
2024-03-22,139.91000366210938,131.66021728515625
2024-03-25,139.8000030517578,131.5567169189453
2024-03-26,139.8699951171875,131.62257385253906
2024-03-27,140.0500030517578,131.79197692871094
2024-03-28,139.9600067138672,131.707275390625
2024-04-02,139.8800048828125,131.6320037841797
2024-04-03,139.92999267578125,131.6790313720703
2024-04-04,140.0,131.74490356445312
2024-04-05,139.97000122070312,131.71669006347656
2024-04-08,139.82000732421875,131.57553100585938
2024-04-09,139.94000244140625,131.68844604492188
2024-04-10,139.8699951171875,131.62257385253906
2024-04-11,139.77999877929688,131.53790283203125
2024-04-12,140.05999755859375,131.80137634277344
2024-04-15,139.9600067138672,131.707275390625
2024-04-16,139.83999633789062,131.5943603515625
2024-04-17,139.85000610351562,131.603759765625
2024-04-18,139.77000427246094,131.52847290039062
2024-04-19,139.7899932861328,131.54727172851562
2024-04-22,139.88999938964844,131.6414031982422
2024-04-23,139.8800048828125,131.6320037841797
2024-04-24,139.75,131.50965881347656
2024-04-25,139.67999267578125,131.4437713623047
2024-04-26,139.75999450683594,131.51905822753906
2024-04-29,139.89999389648438,131.6508026123047
2024-04-30,139.72999572753906,131.49082946777344
2024-05-02,139.85000610351562,131.603759765625
2024-05-03,139.99000549316406,131.7355194091797
2024-05-06,140.11000061035156,131.8484344482422
2024-05-07,140.02999877929688,131.77313232421875
2024-05-08,140.0,131.74490356445312
2024-05-09,139.97999572753906,131.72608947753906
2024-05-10,140.0399932861328,131.7825469970703
2024-05-13,140.0399932861328,131.7825469970703
2024-05-14,140.0,131.74490356445312
2024-05-15,140.24000549316406,131.97076416015625
2024-05-16,140.27000427246094,131.99900817871094
2024-05-17,140.00999450683594,131.75433349609375
2024-05-20,140.10000610351562,131.83901977539062
2024-05-21,140.11000061035156,131.8484344482422
2024-05-22,140.0500030517578,131.79197692871094
2024-05-23,139.89999389648438,131.6508026123047
2024-05-24,139.9499969482422,131.6978759765625
2024-05-27,140.1199951171875,131.8578338623047
2024-05-28,139.97999572753906,131.72608947753906
2024-05-29,139.92999267578125,131.6790313720703
2024-05-30,140.0,131.74490356445312
2024-05-31,140.07000732421875,131.810791015625
2024-06-03,140.1699981689453,131.9049072265625
2024-06-04,140.3000030517578,132.0272216796875
2024-06-05,140.4600067138672,132.17779541015625
2024-06-06,140.22999572753906,131.9613494873047
2024-06-07,140.1199951171875,131.8578338623047
2024-06-10,139.97000122070312,131.71669006347656
2024-06-11,140.13999938964844,131.8766632080078
2024-06-12,140.32000732421875,132.04605102539062
2024-06-13,140.42999267578125,132.14955139160156
2024-06-14,140.5,132.21543884277344
2024-06-17,140.30999755859375,132.03662109375
2024-06-18,140.5399932861328,132.25306701660156
2024-06-19,140.52000427246094,132.23426818847656
2024-06-20,140.55999755859375,132.27188110351562
2024-06-21,140.60000610351562,132.30953979492188
2024-06-24,140.66000366210938,132.36599731445312
2024-06-25,140.6699981689453,132.3754119873047
2024-06-26,140.60000610351562,132.30953979492188
2024-06-27,140.57000732421875,132.2812957763672
2024-06-28,140.6300048828125,132.3377685546875
2024-07-01,140.5500030517578,132.26248168945312
2024-07-02,140.5500030517578,132.26248168945312
2024-07-03,140.6300048828125,132.3377685546875
2024-07-04,140.57000732421875,132.2812957763672
2024-07-05,140.77000427246094,132.46951293945312
2024-07-08,140.83999633789062,132.53538513183594
2024-07-09,140.75,132.45069885253906
2024-07-10,140.8800048828125,132.57301330566406
2024-07-11,141.1699981689453,132.84591674804688
2024-07-12,141.08999633789062,132.77061462402344
2024-07-15,141.1999969482422,132.87416076660156
2024-07-16,141.25,132.9212188720703
2024-07-17,141.24000549316406,132.91180419921875
2024-07-18,141.39999389648438,133.06234741210938
2024-07-19,141.35000610351562,133.01531982421875
2024-07-22,141.22999572753906,132.9023895263672
2024-07-23,141.2899932861328,132.95884704589844
2024-07-24,141.44000244140625,133.1000213623047
2024-07-25,141.44000244140625,133.1000213623047
2024-07-26,141.60000610351562,133.2505645751953
2024-07-29,141.60000610351562,133.2505645751953
2024-07-30,141.72000122070312,133.36349487304688
2024-07-31,141.8000030517578,133.4387664794922
2024-08-01,141.97999572753906,133.608154296875
2024-08-02,142.22000122070312,133.83401489257812
2024-08-05,142.11000061035156,133.7305145263672
2024-08-06,142.1300048828125,133.74932861328125
2024-08-07,142.02000427246094,133.6457977294922
2024-08-08,142.1300048828125,133.74932861328125
2024-08-09,142.19000244140625,133.8057861328125
2024-08-12,142.11000061035156,133.7305145263672
2024-08-13,142.33999633789062,133.94692993164062
2024-08-14,142.35000610351562,133.9563446044922
2024-08-15,142.13999938964844,133.75872802734375
2024-08-16,142.14999389648438,133.7681427001953
2024-08-19,142.1199951171875,133.73989868164062
2024-08-20,142.2899932861328,133.89987182617188
2024-08-21,142.3699951171875,133.97515869140625
2024-08-22,142.36000061035156,133.9657440185547
2024-08-23,142.4499969482422,134.05043029785156
2024-08-26,142.4199981689453,134.022216796875
2024-08-27,142.30999755859375,133.918701171875
2024-08-28,142.4199981689453,134.022216796875
2024-08-29,142.52000427246094,134.1163330078125
2024-08-30,142.3699951171875,133.97515869140625
2024-09-02,142.41000366210938,134.0128173828125
2024-09-03,142.39999389648438,134.00340270996094
2024-09-04,142.6699981689453,134.25747680664062
2024-09-05,142.74000549316406,134.3233642578125
2024-09-06,142.74000549316406,134.3233642578125
2024-09-09,142.85000610351562,134.4268798828125
2024-09-10,143.0399932861328,134.60565185546875
2024-09-11,143.05999755859375,134.62449645996094
2024-09-12,140.9600067138672,134.6158905029297
2024-09-13,140.97999572753906,134.63497924804688
2024-09-16,141.0500030517578,134.70184326171875
2024-09-17,140.8699951171875,134.52992248535156
2024-09-18,140.9499969482422,134.6063232421875
2024-09-19,140.9499969482422,134.6063232421875
2024-09-20,140.88999938964844,134.5490264892578
2024-09-23,141.08999633789062,134.74002075195312
2024-09-24,141.3300018310547,134.96923828125
2024-09-25,141.1999969482422,134.8450927734375
2024-09-26,141.36000061035156,134.9978790283203
2024-09-27,141.3800048828125,135.01699829101562
2024-09-30,141.33999633789062,134.97877502441406
2024-10-01,141.4600067138672,135.09339904785156
2024-10-02,141.49000549316406,135.12203979492188
2024-10-03,141.39999389648438,135.0360870361328
2024-10-04,141.22000122070312,134.8641815185547
2024-10-07,141.11000061035156,134.75914001464844
2024-10-08,141.1300048828125,134.77822875976562
2024-10-09,141.00999450683594,134.66363525390625
2024-10-10,141.22999572753906,134.8737335205078
2024-10-11,141.14999389648438,134.7973175048828
2024-10-14,141.1300048828125,134.77822875976562
2024-10-15,141.19000244140625,134.83554077148438
2024-10-16,141.30999755859375,134.95013427734375
2024-10-17,141.4199981689453,135.05519104003906
2024-10-18,141.52000427246094,135.1506805419922
2024-10-21,141.35000610351562,134.98834228515625
2024-10-22,141.30999755859375,134.95013427734375
2024-10-23,141.4600067138672,135.09339904785156
2024-10-24,141.50999450683594,135.14112854003906
2024-10-25,141.39999389648438,135.0360870361328
2024-10-28,141.5399932861328,135.16976928710938
2024-10-29,141.36000061035156,134.9978790283203
2024-10-30,141.1199951171875,134.7686767578125
2024-10-31,141.08999633789062,134.74002075195312
2024-11-01,141.19000244140625,134.83554077148438
2024-11-04,141.1699981689453,134.81643676757812
2024-11-05,141.1699981689453,134.81643676757812
2024-11-06,141.3800048828125,135.01699829101562
2024-11-07,141.25999450683594,134.90237426757812
2024-11-08,141.38999938964844,135.02651977539062
2024-11-11,141.52999877929688,135.16024780273438
2024-11-12,141.49000549316406,135.12203979492188
2024-11-13,141.4600067138672,135.09339904785156
2024-11-14,141.7100067138672,135.33213806152344
2024-11-15,141.61000061035156,135.2366485595703
2024-11-18,141.57000732421875,135.1984405517578
2024-11-19,141.63999938964844,135.26528930664062
2024-11-20,141.64999389648438,135.2748260498047
2024-11-21,141.69000244140625,135.3130340576172
2024-11-22,141.97999572753906,135.5899658203125
2024-11-25,141.91000366210938,135.52313232421875
2024-11-26,141.7899932861328,135.40853881835938
2024-11-27,141.8800048828125,135.49449157714844
2024-11-28,142.0399932861328,135.6472625732422
2024-11-29,142.17999267578125,135.78097534179688
2024-12-02,142.3000030517578,135.89556884765625
2024-12-03,142.3000030517578,135.89556884765625
2024-12-04,142.30999755859375,135.90512084960938
2024-12-05,142.27999877929688,135.87648010253906
2024-12-06,142.32000732421875,135.91468811035156
2024-12-09,142.3699951171875,135.96241760253906
2024-12-10,142.41000366210938,136.00064086914062
2024-12-11,142.49000549316406,136.0770263671875
2024-12-12,142.25,135.8478240966797
2024-12-13,142.14999389648438,135.75233459472656
2024-12-16,142.14999389648438,135.75233459472656
2024-12-17,142.2899932861328,135.88601684570312
2024-12-18,142.25999450683594,135.8573760986328
2024-12-19,142.25,135.8478240966797
2024-12-20,142.25,135.8478240966797
2024-12-23,142.1699981689453,135.77142333984375
2024-12-24,142.16000366210938,135.76187133789062
2024-12-27,142.19000244140625,135.79052734375
2024-12-30,142.27000427246094,135.86692810058594
2024-12-31,142.3300018310547,135.92422485351562
2025-01-02,142.3000030517578,135.89556884765625
2025-01-03,142.1699981689453,135.77142333984375
2025-01-06,142.07000732421875,135.67593383789062
2025-01-07,142.07000732421875,135.67593383789062
2025-01-08,142.0399932861328,135.6472625732422
2025-01-09,142.00999450683594,135.61862182617188
2025-01-10,141.8699951171875,135.4849395751953
2025-01-13,141.80999755859375,135.42764282226562
2025-01-14,141.83999633789062,135.45628356933594
2025-01-15,142.08999633789062,135.69503784179688
2025-01-16,142.19000244140625,135.79052734375
2025-01-17,142.1300048828125,135.7332305908203
2025-01-20,142.10000610351562,135.70457458496094
2025-01-21,142.22000122070312,135.81918334960938
2025-01-22,142.1199951171875,135.7236785888672
2025-01-23,142.16000366210938,135.76187133789062
2025-01-24,142.0800018310547,135.6854705810547
2025-01-27,142.24000549316406,135.83828735351562
2025-01-28,142.17999267578125,135.78097534179688
2025-01-29,142.16000366210938,135.76187133789062
2025-01-30,142.27000427246094,135.86692810058594
2025-01-31,142.5500030517578,136.1343231201172
2025-02-03,142.7100067138672,136.28713989257812
2025-02-04,142.7899932861328,136.363525390625
2025-02-05,142.77999877929688,136.35397338867188
2025-02-06,142.75,136.3253173828125
2025-02-07,142.72999572753906,136.30621337890625
2025-02-10,142.8000030517578,136.3730926513672
2025-02-11,142.75,136.3253173828125
2025-02-12,142.5800018310547,136.16297912597656
2025-02-13,142.67999267578125,136.25848388671875
2025-02-14,142.77000427246094,136.3444366455078
2025-02-17,142.6699981689453,136.24893188476562
2025-02-18,142.67999267578125,136.25848388671875
2025-02-19,142.5800018310547,136.16297912597656
2025-02-20,142.67999267578125,136.25848388671875
2025-02-21,142.8000030517578,136.3730926513672
2025-02-24,142.85000610351562,136.42083740234375
2025-02-25,142.89999389648438,136.46856689453125
2025-02-26,142.92999267578125,136.49722290039062
2025-02-27,142.9499969482422,136.51634216308594
2025-02-28,143.13999938964844,136.69775390625
2025-03-03,143.0399932861328,136.60227966308594
2025-03-04,143.02000427246094,136.58319091796875
2025-03-05,142.63999938964844,136.22027587890625
2025-03-06,142.6199951171875,136.201171875
2025-03-07,142.66000366210938,136.2393798828125
2025-03-10,142.7899932861328,136.363525390625
2025-03-11,142.6999969482422,136.27757263183594
2025-03-12,142.7899932861328,136.363525390625
2025-03-13,140.97000122070312,136.42274475097656
2025-03-14,140.9499969482422,136.4033966064453
2025-03-17,141.02000427246094,136.4711456298828
2025-03-18,140.92999267578125,136.38404846191406
2025-03-19,141.0,136.4517822265625
2025-03-20,141.02999877929688,136.48081970214844
2025-03-21,141.14999389648438,136.596923828125
2025-03-24,141.11000061035156,136.55824279785156
2025-03-25,141.14999389648438,136.596923828125
2025-03-26,141.2100067138672,136.65501403808594
2025-03-27,141.3699951171875,136.80984497070312
2025-03-28,141.47000122070312,136.90663146972656
2025-03-31,141.52000427246094,136.95501708984375
2025-04-01,141.5500030517578,136.98403930664062
2025-04-02,141.38999938964844,136.82919311523438
2025-04-03,141.7100067138672,137.13888549804688
2025-04-04,141.86000061035156,137.28404235839844
2025-04-07,141.6300048828125,137.0614776611328
2025-04-08,141.94000244140625,137.36146545410156
2025-04-09,141.9499969482422,137.37112426757812
2025-04-10,142.11000061035156,137.52598571777344
2025-04-11,142.08999633789062,137.50662231445312
2025-04-14,142.02000427246094,137.4388885498047
2025-04-15,142.16000366210938,137.57435607910156
2025-04-16,141.97999572753906,137.40016174316406
2025-04-17,142.1300048828125,137.5453338623047
2025-04-22,142.16000366210938,137.57435607910156
2025-04-23,142.1300048828125,137.5453338623047
2025-04-24,142.42999267578125,137.8356475830078
2025-04-25,142.3000030517578,137.70985412597656
2025-04-28,142.32000732421875,137.72921752929688
2025-04-29,142.22999572753906,137.64210510253906
2025-04-30,142.36000061035156,137.76791381835938
2025-05-02,142.27000427246094,137.68081665039062
2025-05-05,142.3000030517578,137.70985412597656
2025-05-06,142.35000610351562,137.75823974609375
2025-05-07,142.33999633789062,137.74855041503906
2025-05-08,142.36000061035156,137.76791381835938
2025-05-09,142.24000549316406,137.65179443359375
2025-05-12,142.11000061035156,137.52598571777344
2025-05-13,142.0,137.41954040527344
2025-05-14,142.0399932861328,137.45822143554688
2025-05-15,142.22999572753906,137.64210510253906
2025-05-16,142.14999389648438,137.56468200683594
2025-05-19,142.32000732421875,137.72921752929688
2025-05-20,142.27999877929688,137.69049072265625
2025-05-21,142.22000122070312,137.63243103027344
2025-05-22,142.30999755859375,137.7195281982422
2025-05-23,142.4499969482422,137.85499572753906
2025-05-26,142.42999267578125,137.8356475830078
2025-05-27,142.42999267578125,137.8356475830078
2025-05-28,142.4199981689453,137.8259735107422
2025-05-29,142.50999450683594,137.91307067871094
2025-05-30,142.49000549316406,137.8937225341797
2025-06-02,142.55999755859375,137.96145629882812
2025-06-03,142.58999633789062,137.99049377441406
2025-06-04,142.49000549316406,137.8937225341797
2025-06-05,142.35000610351562,137.75823974609375
2025-06-06,142.3800048828125,137.7872772216797
2025-06-09,142.38999938964844,137.79693603515625
2025-06-10,142.39999389648438,137.80662536621094
2025-06-11,142.44000244140625,137.8453369140625
2025-06-12,142.50999450683594,137.91307067871094
2025-06-13,142.39999389648438,137.80662536621094
2025-06-16,142.4600067138672,137.86468505859375
2025-06-17,142.41000366210938,137.81631469726562
2025-06-18,142.4499969482422,137.85499572753906
2025-06-19,142.52999877929688,137.93243408203125
2025-06-20,142.47999572753906,137.884033203125
2025-06-23,142.4199981689453,137.8259735107422
2025-06-24,142.52000427246094,137.92276000976562
2025-06-25,142.4600067138672,137.86468505859375
2025-06-26,142.63999938964844,138.03887939453125
2025-06-27,142.52000427246094,137.92276000976562
2025-06-30,142.5,137.90341186523438
2025-07-01,142.60000610351562,138.00018310546875
2025-07-02,142.50999450683594,137.91307067871094
2025-07-03,142.63999938964844,138.03887939453125
2025-07-04,142.75999450683594,138.15501403808594
2025-07-07,142.6300048828125,138.02920532226562
2025-07-08,142.58999633789062,137.99049377441406
2025-07-09,142.6300048828125,138.02920532226562
2025-07-10,142.5500030517578,137.9517822265625
2025-07-11,142.57000732421875,137.9711456298828
2025-07-14,142.58999633789062,137.99049377441406
2025-07-15,142.6300048828125,138.02920532226562
2025-07-16,142.72999572753906,138.1259765625
2025-07-17,142.75,138.14532470703125
2025-07-18,142.72000122070312,138.1162872314453
2025-07-21,142.8300018310547,138.22276306152344
2025-07-22,142.92999267578125,138.31951904296875
2025-07-23,142.80999755859375,138.20339965820312
2025-07-24,142.5,137.90341186523438
2025-07-25,142.58999633789062,137.99049377441406
2025-07-28,142.6699981689453,138.0679168701172
2025-07-29,142.6999969482422,138.09695434570312
2025-07-30,142.58999633789062,137.99049377441406
2025-07-31,142.6300048828125,138.02920532226562
2025-08-01,142.7100067138672,138.1066436767578
2025-08-04,142.77000427246094,138.16470336914062
2025-08-05,142.7100067138672,138.1066436767578
2025-08-06,142.72999572753906,138.1259765625
2025-08-07,142.77000427246094,138.16470336914062
2025-08-08,142.72000122070312,138.1162872314453
2025-08-11,142.6300048828125,138.02920532226562
2025-08-12,142.6999969482422,138.09695434570312
2025-08-13,142.80999755859375,138.20339965820312
2025-08-14,142.85000610351562,138.2421112060547
2025-08-15,142.72000122070312,138.1162872314453
2025-08-18,142.69000244140625,138.08726501464844
2025-08-19,142.82000732421875,138.21307373046875
2025-08-20,142.83999633789062,138.232421875
2025-08-21,142.75999450683594,138.15501403808594
2025-08-22,142.8300018310547,138.22276306152344
2025-08-25,142.74000549316406,138.1356658935547
2025-08-26,142.77999877929688,138.1743621826172
2025-08-27,142.8800048828125,138.27114868164062
2025-08-28,142.92999267578125,138.31951904296875
2025-08-29,142.85000610351562,138.2421112060547
2025-09-01,142.77000427246094,138.16470336914062
2025-09-02,142.75999450683594,138.15501403808594
2025-09-03,142.75999450683594,138.15501403808594
2025-09-04,142.94000244140625,138.32920837402344
2025-09-05,142.9600067138672,138.3485565185547
2025-09-08,143.0,138.3872833251953
2025-09-09,142.9499969482422,138.33888244628906
2025-09-10,142.92999267578125,138.31951904296875
2025-09-11,141.36000061035156,138.3492889404297
2025-09-12,141.25999450683594,138.25140380859375
2025-09-15,141.3300018310547,138.31991577148438
2025-09-16,141.3000030517578,138.2905731201172
2025-09-17,141.24000549316406,138.23184204101562
2025-09-18,141.3300018310547,138.31991577148438
2025-09-19,141.32000732421875,138.3101348876953
2025-09-22,141.3300018310547,138.31991577148438
2025-09-23,141.36000061035156,138.3492889404297
2025-09-24,141.3300018310547,138.31991577148438
2025-09-25,141.33999633789062,138.3297119140625
2025-09-26,141.33999633789062,138.3297119140625
2025-09-29,141.41000366210938,138.39822387695312
2025-09-30,141.3800048828125,138.3688507080078
2025-10-01,141.4499969482422,138.43736267089844
2025-10-02,141.3800048828125,138.3688507080078
2025-10-03,141.4199981689453,138.40798950195312
2025-10-06,141.36000061035156,138.3492889404297
2025-10-07,141.44000244140625,138.42758178710938
2025-10-08,141.5399932861328,138.5254364013672
2025-10-09,141.57000732421875,138.55482482910156
2025-10-10,141.63999938964844,138.62330627441406
2025-10-13,141.69000244140625,138.67225646972656
2025-10-14,141.75999450683594,138.74075317382812
2025-10-15,141.80999755859375,138.78968811035156
2025-10-16,141.88999938964844,138.8679962158203
2025-10-17,141.80999755859375,138.78968811035156
2025-10-20,141.77999877929688,138.7603302001953
2025-10-21,141.89999389648438,138.87777709960938
2025-10-22,141.85000610351562,138.828857421875
2025-10-23,141.83999633789062,138.81906127929688
2025-10-27,141.72999572753906,138.71139526367188
2025-10-28,141.72000122070312,138.7016143798828
2025-10-29,141.7899932861328,138.77012634277344
2025-10-30,141.80999755859375,138.78968811035156
2025-10-31,141.80999755859375,138.78968811035156
2025-11-03,141.77000427246094,138.75054931640625
2025-11-04,141.75,138.73097229003906
2025-11-05,141.8000030517578,138.7799072265625
2025-11-06,141.8000030517578,138.7799072265625
2025-11-07,141.80999755859375,138.78968811035156
2025-11-10,141.80999755859375,138.78968811035156
2025-11-11,141.83999633789062,138.81906127929688
2025-11-12,141.8699951171875,138.84840393066406
2025-11-13,141.7899932861328,138.77012634277344
2025-11-14,141.72999572753906,138.71139526367188
2025-11-17,141.72000122070312,138.7016143798828
2025-11-18,141.8000030517578,138.7799072265625
2025-11-19,141.82000732421875,138.7994842529297
2025-11-20,141.83999633789062,138.81906127929688
2025-11-21,141.8699951171875,138.84840393066406
2025-11-24,141.86000061035156,138.838623046875
2025-11-25,141.88999938964844,138.8679962158203
2025-11-26,141.9499969482422,138.9267120361328
2025-11-27,141.9199981689453,138.89735412597656
2025-11-28,141.91000366210938,138.88755798339844
2025-12-01,141.86000061035156,138.838623046875
2025-12-02,141.8699951171875,138.84840393066406
2025-12-03,141.85000610351562,138.828857421875
2025-12-04,141.8300018310547,138.8092803955078
2025-12-05,141.85000610351562,138.828857421875
2025-12-08,141.7100067138672,138.69183349609375
2025-12-09,141.6999969482422,138.68203735351562
2025-12-10,141.63999938964844,138.62330627441406
2025-12-11,141.74000549316406,138.72120666503906
2025-12-12,141.75,138.73097229003906
2025-12-15,141.8000030517578,138.7799072265625
2025-12-16,141.8300018310547,138.8092803955078
2025-12-17,141.83999633789062,138.81906127929688
2025-12-18,141.8800048828125,138.85821533203125
2025-12-19,141.80999755859375,138.78968811035156
2025-12-22,141.7899932861328,138.77012634277344
2025-12-23,141.8300018310547,138.8092803955078
2025-12-24,141.89999389648438,138.87777709960938
2025-12-29,142.1199951171875,139.0930938720703
2025-12-30,141.99000549316406,138.9658660888672
2025-12-31,142.11000061035156,139.08331298828125
2026-01-02,141.99000549316406,138.9658660888672
2026-01-05,142.02000427246094,138.99522399902344
2026-01-06,142.16000366210938,139.1322479248047
2026-01-07,142.1699981689453,139.14202880859375
2026-01-08,142.22999572753906,139.2007598876953
2026-01-09,142.13999938964844,139.11265563964844
2026-01-12,142.22999572753906,139.2007598876953
2026-01-13,142.1699981689453,139.14202880859375
2026-01-14,142.25999450683594,139.2301025390625
2026-01-15,142.25,139.22032165527344
2026-01-16,142.2100067138672,139.18118286132812
2026-01-19,142.27999877929688,139.24969482421875
2026-01-20,142.35000610351562,139.3181915283203
2026-01-21,142.3300018310547,139.2986297607422
2026-01-22,142.27999877929688,139.24969482421875
2026-01-23,142.25999450683594,139.2301025390625
2026-01-26,142.36000061035156,139.32797241210938
2026-01-27,142.35000610351562,139.3181915283203
2026-01-28,142.39999389648438,139.36712646484375
2026-01-29,142.4499969482422,139.4160614013672
2026-01-30,142.44000244140625,139.40628051757812
2026-02-02,142.3699951171875,139.3377685546875
2026-02-03,142.3699951171875,139.3377685546875
2026-02-04,142.4600067138672,139.4258575439453
2026-02-05,142.47999572753906,139.44541931152344
2026-02-06,142.47999572753906,139.44541931152344
2026-02-09,142.57000732421875,139.53350830078125
2026-02-10,142.58999633789062,139.55308532714844
2026-02-11,142.58999633789062,139.55308532714844
2026-02-12,142.61000061035156,139.57266235351562
2026-02-13,142.6699981689453,139.63137817382812
2026-02-16,142.6300048828125,139.59222412109375
2026-02-17,142.69000244140625,139.6509552001953
2026-02-18,142.67999267578125,139.6411590576172
2026-02-19,142.69000244140625,139.6509552001953
2026-02-20,142.6699981689453,139.63137817382812
2026-02-23,142.75999450683594,139.71945190429688
2026-02-24,142.74000549316406,139.69989013671875
2026-02-25,142.72999572753906,139.6901092529297
2026-02-26,142.77000427246094,139.72926330566406
2026-02-27,142.86000061035156,139.8173370361328
2026-03-02,142.63999938964844,139.60202026367188
2026-03-03,142.42999267578125,139.396484375
2026-03-04,142.5399932861328,139.50413513183594
2026-03-05,142.32000732421875,139.28884887695312
2026-03-06,142.0800018310547,139.05393981933594
2026-03-09,142.02999877929688,139.0050048828125
2026-03-10,142.2899932861328,139.2594757080078
2026-03-11,141.9499969482422,138.9267120361328
2026-03-12,141.89999389648438,138.87777709960938
2026-03-13,141.85000610351562,138.828857421875
2026-03-16,141.91000366210938,138.88755798339844
2026-03-17,141.99000549316406,138.9658660888672
2026-03-18,141.85000610351562,138.828857421875
2026-03-19,140.16000366210938,138.60792541503906
2026-03-20,139.82000732421875,138.2716827392578
2026-03-23,140.6199951171875,139.0628204345703
2026-03-24,139.8699951171875,138.3211212158203
2026-03-25,140.0,138.44969177246094
2026-03-26,139.83999633789062,138.2914581298828
2026-03-27,139.85000610351562,138.30136108398438
2026-03-30,139.97999572753906,138.42990112304688
2026-03-31,140.07000732421875,138.5189208984375
2026-04-01,140.16000366210938,138.60792541503906
2026-04-02,140.2100067138672,138.65736389160156
2026-04-07,139.86000061035156,138.3112335205078
2026-04-08,140.5,138.94415283203125
2026-04-09,140.4199981689453,138.8650360107422
2026-04-10,140.33999633789062,138.78591918945312
2026-04-13,140.25,138.69691467285156
2026-04-14,140.49000549316406,138.93426513671875
2026-04-15,140.5,138.94415283203125
2026-04-16,140.52999877929688,138.97381591796875
2026-04-17,140.83999633789062,139.28038024902344
2026-04-20,140.77000427246094,139.21116638183594
2026-04-21,140.64999389648438,139.0924835205078
2026-04-22,140.55999755859375,139.00347900390625
2026-04-23,140.5399932861328,138.98370361328125
2026-04-24,140.52000427246094,138.96392822265625
2026-04-27,140.49000549316406,138.93426513671875
2026-04-28,140.38999938964844,138.8353729248047
2026-04-29,140.25,138.69691467285156
2026-04-30,140.35000610351562,138.7958221435547
2026-05-04,140.27000427246094,138.71670532226562
2026-05-05,140.39999389648438,138.8452606201172
2026-05-06,140.67999267578125,139.1221466064453
2026-05-07,140.75,139.19139099121094
2026-05-08,140.6999969482422,139.14193725585938
2026-05-11,140.5800018310547,139.0232696533203
2026-05-12,140.47000122070312,138.91448974609375
2026-05-13,140.41000366210938,138.8551483154297
2026-05-14,140.5800018310547,139.0232696533203
2026-05-15,140.3800048828125,138.8254852294922
2026-05-18,140.47999572753906,138.9243621826172
2026-05-19,140.39999389648438,138.8452606201172
2026-05-20,140.6699981689453,139.11227416992188
2026-05-21,140.5500030517578,138.9936065673828
2026-05-22,140.72999572753906,139.17160034179688
2026-05-25,141.0,139.43861389160156
2026-05-26,140.80999755859375,139.25071716308594
2026-05-27,140.8800048828125,139.3199462890625
2026-05-28,140.91000366210938,139.349609375
2026-05-29,141.0,139.43861389160156
2026-06-01,140.77999877929688,139.22105407714844
2026-06-02,140.80999755859375,139.25071716308594
2026-06-03,140.67999267578125,139.1221466064453
2026-06-04,140.75999450683594,139.20126342773438
2026-06-05,140.6699981689453,139.11227416992188
2026-06-08,140.69000244140625,139.13204956054688
2026-06-09,140.74000549316406,139.18150329589844
2026-06-10,140.7100067138672,139.15184020996094
2026-06-11,140.8300018310547,139.27049255371094
2026-06-12,140.9199981689453,139.3594970703125
2026-06-15,141.0500030517578,139.48806762695312
2026-06-16,141.0800018310547,139.51773071289062
2026-06-17,141.02000427246094,139.45840454101562
2026-06-18,141.0399932861328,139.47816467285156
2026-06-19,140.97000122070312,139.40895080566406
2026-06-22,141.0500030517578,139.48806762695312
2026-06-23,141.14999389648438,139.58694458007812
2026-06-24,141.22000122070312,139.6561737060547
2026-06-25,141.25,139.68585205078125
2026-06-26,141.33999633789062,139.77484130859375
2026-06-29,141.27999877929688,139.71551513671875
2026-06-30,141.27000427246094,139.70562744140625
2026-07-01,141.30999755859375,139.74517822265625
2026-07-02,141.41000366210938,139.84408569335938
2026-07-03,141.32000732421875,139.7550811767578
2026-07-06,141.32000732421875,139.7550811767578
2026-07-07,141.24000549316406,139.67596435546875
2026-07-08,140.97000122070312,139.40895080566406
2026-07-09,141.1199951171875,139.55728149414062
2026-07-10,141.14999389648438,139.58694458007812
2026-07-13,141.0,139.43861389160156
2026-07-14,141.0,139.43861389160156
2026-07-15,141.05999755859375,139.49795532226562
2026-07-16,140.9499969482422,139.38916015625
2026-07-17,140.91000366210938,139.349609375
2026-07-20,140.94000244140625,139.37928771972656
2026-07-21,140.8800048828125,139.3199462890625
2026-07-22,140.8000030517578,139.24082946777344
2026-07-23,140.75999450683594,139.20126342773438
2026-07-24,140.88999938964844,139.329833984375
2026-07-27,140.9600067138672,139.39906311035156
2026-07-28,141.1300048828125,139.5671844482422
2026-07-29,140.97000122070312,139.40895080566406
2026-07-30,141.05999755859375,139.49795532226562
2026-07-31,141.02000427246094,139.45840454101562
2026-08-03,141.10000610351562,139.5375213623047
2026-08-04,141.24000549316406,139.67596435546875
2026-08-05,141.27000427246094,139.70562744140625
2026-08-06,141.22999572753906,139.6660614013672
2026-08-07,141.25,139.68585205078125
2026-08-10,141.17999267578125,139.61660766601562
2026-08-11,141.1999969482422,139.6363983154297
2026-08-12,141.22000122070312,139.6561737060547
2026-08-13,141.3000030517578,139.73529052734375
2026-08-14,141.22000122070312,139.6561737060547
2026-08-17,141.22999572753906,139.6660614013672
2026-08-18,141.11000061035156,139.54739379882812
2026-08-19,141.08999633789062,139.52761840820312
2026-08-20,141.16000366210938,139.5968475341797
2026-08-21,141.19000244140625,139.6265106201172
2026-08-24,141.14999389648438,139.58694458007812
2026-08-25,141.25999450683594,139.6957244873047
2026-08-26,141.24000549316406,139.67596435546875
2026-08-27,141.1999969482422,139.6363983154297
2026-08-28,141.14999389648438,139.58694458007812
2026-08-31,141.10000610351562,139.5375213623047
2026-09-01,141.0399932861328,139.47816467285156
2026-09-02,140.9499969482422,139.38916015625
2026-09-03,141.05999755859375,139.49795532226562
2026-09-04,141.16000366210938,139.5968475341797
2026-09-07,141.02999877929688,139.46827697753906
2026-09-08,141.05999755859375,139.49795532226562
2026-09-09,140.88999938964844,139.329833984375
2026-09-10,140.5800018310547,139.0232696533203
2026-09-11,140.6699981689453,139.11227416992188
2026-09-14,140.4600067138672,138.90460205078125
2026-09-15,140.55999755859375,139.00347900390625
2026-09-16,140.63999938964844,139.0825958251953
2026-09-17,139.08999633789062,139.08999633789062
2026-09-18,138.9199981689453,138.9199981689453
2026-09-21,139.10000610351562,139.10000610351562
2026-09-22,139.10000610351562,139.10000610351562
2026-09-23,138.8699951171875,138.8699951171875
2026-09-24,138.8699951171875,138.8699951171875
2026-09-25,138.99000549316406,138.99000549316406
2026-09-28,138.94000244140625,138.94000244140625
2026-09-29,138.9600067138672,138.9600067138672
2026-09-30,139.0800018310547,139.0800018310547
2026-10-01,139.1199951171875,139.1199951171875
2026-10-02,139.16000366210938,139.16000366210938
