Date,Close,Adj Close
2010-01-04,22.790000915527344,16.077163696289062
2010-01-05,23.399999618530273,16.50748634338379
2010-01-06,23.600000381469727,16.648576736450195
2010-01-07,23.649999618530273,16.683849334716797
2010-01-08,23.860000610351562,16.831993103027344
2010-01-11,24.010000228881836,16.93781280517578
2010-01-12,23.290000915527344,16.429889678955078
2010-01-13,23.450000762939453,16.542757034301758
2010-01-14,22.81999969482422,16.098325729370117
2010-01-15,22.219999313354492,15.675060272216797
2010-01-19,22.079999923706055,15.576294898986816
2010-01-20,21.200000762939453,14.955503463745117
2010-01-21,20.770000457763672,14.652158737182617
2010-01-22,20.0,14.108963966369629
2010-01-25,20.25,14.285321235656738
2010-01-26,20.25,14.285321235656738
2010-01-27,19.8799991607666,14.024309158325195
2010-01-28,19.709999084472656,13.904383659362793
2010-01-29,19.239999771118164,13.572822570800781
2010-02-01,19.8700008392334,14.017257690429688
2010-02-02,20.0,14.108963966369629
2010-02-03,20.0,14.108963966369629
2010-02-04,18.809999465942383,13.269482612609863
2010-02-05,18.8799991607666,13.318860054016113
2010-02-08,18.420000076293945,12.994354248046875
2010-02-09,18.959999084472656,13.375296592712402
2010-02-10,18.530000686645508,13.0719575881958
2010-02-11,18.729999542236328,13.213042259216309
2010-02-12,18.68000030517578,13.17777156829834
2010-02-16,19.34000015258789,13.643367767333984
2010-02-17,19.1299991607666,13.495220184326172
2010-02-18,19.190000534057617,13.537551879882812
2010-02-19,18.809999465942383,13.269482612609863
2010-02-22,18.6299991607666,13.142501831054688
2010-02-23,18.059999465942383,12.740392684936523
2010-02-24,17.90999984741211,12.634575843811035
2010-02-25,17.829999923706055,12.578141212463379
2010-02-26,17.8799991607666,12.61341381072998
2010-03-01,17.969999313354492,12.676901817321777
2010-03-02,18.030000686645508,12.719232559204102
2010-03-03,18.520000457763672,13.064901351928711
2010-03-04,18.610000610351562,13.128390312194824
2010-03-05,18.8700008392334,13.311806678771973
2010-03-08,18.639999389648438,13.149552345275879
2010-03-09,18.5,13.050790786743164
2010-03-10,18.75,13.227151870727539
2010-03-11,18.940000534057617,13.361191749572754
2010-03-12,18.989999771118164,13.396462440490723
2010-03-15,18.729999542236328,13.213042259216309
2010-03-16,18.790000915527344,13.255373001098633
2010-03-17,19.030000686645508,13.424678802490234
2010-03-18,18.65999984741211,13.16366195678711
2010-03-19,18.290000915527344,12.90264892578125
2010-03-22,18.200000762939453,12.839158058166504
2010-03-23,18.440000534057617,13.008461952209473
2010-03-24,18.360000610351562,12.952030181884766
2010-03-25,18.299999237060547,12.909698486328125
2010-03-26,18.56999969482422,13.100171089172363
2010-03-29,18.889999389648438,13.32591438293457
2010-03-30,18.84000015258789,13.290643692016602
2010-03-31,18.84000015258789,13.290643692016602
2010-04-01,19.010000228881836,13.410571098327637
2010-04-05,19.100000381469727,13.474061965942383
2010-04-06,19.079999923706055,13.459951400756836
2010-04-07,19.420000076293945,13.699804306030273
2010-04-08,19.399999618530273,13.685693740844727
2010-04-09,19.360000610351562,13.657475471496582
2010-04-12,19.540000915527344,13.784456253051758
2010-04-13,19.68000030517578,13.883218765258789
2010-04-14,19.920000076293945,14.05252456665039
2010-04-15,20.06999969482422,14.15834903717041
2010-04-16,19.510000228881836,13.76329517364502
2010-04-19,19.110000610351562,13.48111343383789
2010-04-20,19.329999923706055,13.636310577392578
2010-04-21,19.030000686645508,13.424678802490234
2010-04-22,19.030000686645508,13.424678802490234
2010-04-23,19.209999084472656,13.551658630371094
2010-04-26,18.989999771118164,13.396462440490723
2010-04-27,18.329999923706055,12.930865287780762
2010-04-28,18.170000076293945,12.817992210388184
2010-04-29,18.889999389648438,13.32591438293457
2010-04-30,18.399999618530273,12.980247497558594
2010-05-03,18.809999465942383,13.269482612609863
2010-05-04,17.889999389648438,12.620466232299805
2010-05-05,17.15999984741211,12.10549259185791
2010-05-06,16.469999313354492,11.618733406066895
2010-05-07,16.059999465942383,11.32949447631836
2010-05-10,17.219999313354492,12.147818565368652
2010-05-11,16.809999465942383,11.85858154296875
2010-05-12,16.959999084472656,11.964397430419922
2010-05-13,16.600000381469727,11.710436820983887
2010-05-14,16.18000030517578,11.414151191711426
2010-05-17,15.75,11.110806465148926
2010-05-18,15.350000381469727,10.828628540039062
2010-05-19,15.319999694824219,10.807464599609375
2010-05-20,14.930000305175781,10.532341957092285
2010-05-21,15.140000343322754,10.6804838180542
2010-05-24,14.779999732971191,10.42652416229248
2010-05-25,14.640000343322754,10.327760696411133
2010-05-26,14.460000038146973,10.20077896118164
2010-05-27,15.289999961853027,10.786304473876953
2010-05-28,15.210000038146973,10.729866027832031
2010-06-01,14.6899995803833,10.36303424835205
2010-06-02,14.960000038146973,10.55350399017334
2010-06-03,15.140000343322754,10.6804838180542
2010-06-04,14.5600004196167,10.271324157714844
2010-06-07,14.239999771118164,10.045580863952637
2010-06-08,14.229999542236328,10.03852653503418
2010-06-09,14.149999618530273,9.982091903686523
2010-06-10,14.989999771118164,10.574666976928711
2010-06-11,15.300000190734863,10.793356895446777
2010-06-14,15.390000343322754,10.856846809387207
2010-06-15,16.1200008392334,11.371824264526367
2010-06-16,16.010000228881836,11.29422664642334
2010-06-17,16.059999465942383,11.32949447631836
2010-06-18,16.18000030517578,11.414151191711426
2010-06-21,16.079999923706055,11.45261287689209
2010-06-22,15.65999984741211,11.153475761413574
2010-06-23,15.850000381469727,11.288799285888672
2010-06-24,15.390000343322754,10.961173057556152
2010-06-25,15.609999656677246,11.117864608764648
2010-06-28,15.380000114440918,10.954051971435547
2010-06-29,14.649999618530273,10.434126853942871
2010-06-30,14.600000381469727,10.398516654968262
2010-07-01,14.890000343322754,10.605058670043945
2010-07-02,15.149999618530273,10.790237426757812
2010-07-06,15.350000381469727,10.932686805725098
2010-07-07,16.079999923706055,11.45261287689209
2010-07-08,16.170000076293945,11.51671028137207
2010-07-09,16.459999084472656,11.72325611114502
2010-07-12,16.139999389648438,11.495343208312988
2010-07-13,16.299999237060547,11.60930347442627
2010-07-14,16.360000610351562,11.652036666870117
2010-07-15,16.510000228881836,11.758868217468262
2010-07-16,16.1299991607666,11.488222122192383
2010-07-19,16.280000686645508,11.595056533813477
2010-07-20,16.610000610351562,11.83009147644043
2010-07-21,16.350000381469727,11.644912719726562
2010-07-22,16.889999389648438,12.02951717376709
2010-07-23,17.100000381469727,12.179084777832031
2010-07-26,17.229999542236328,12.2716703414917
2010-07-27,17.0,12.107861518859863
2010-07-28,16.860000610351562,12.008149147033691
2010-07-29,16.739999771118164,11.92268180847168
2010-07-30,16.25,11.573689460754395
2010-08-02,16.690000534057617,11.887068748474121
2010-08-03,16.690000534057617,11.887068748474121
2010-08-04,16.809999465942383,11.9725341796875
2010-08-05,16.8700008392334,12.01526927947998
2010-08-06,16.8799991607666,12.022392272949219
2010-08-09,17.079999923706055,12.164839744567871
2010-08-10,16.799999237060547,11.965414047241211
2010-08-11,16.06999969482422,11.445489883422852
2010-08-12,16.030000686645508,11.416997909545898
2010-08-13,15.989999771118164,11.388511657714844
2010-08-16,16.020000457763672,11.409880638122559
2010-08-17,16.309999465942383,11.616426467895508
2010-08-18,16.1299991607666,11.488222122192383
2010-08-19,15.84000015258789,11.281676292419434
2010-08-20,15.59000015258789,11.103622436523438
2010-08-23,15.600000381469727,11.110740661621094
2010-08-24,15.270000457763672,10.875707626342773
2010-08-25,15.279999732971191,10.882829666137695
2010-08-26,15.34000015258789,10.92556381225586
2010-08-27,15.75,11.217576026916504
2010-08-30,15.449999809265137,11.003908157348633
2010-08-31,15.529999732971191,11.060884475708008
2010-09-01,16.030000686645508,11.416997909545898
2010-09-02,16.239999771118164,11.56656551361084
2010-09-03,16.389999389648438,11.6734037399292
2010-09-07,16.1299991607666,11.488222122192383
2010-09-08,16.209999084472656,11.54520034790039
2010-09-09,16.25,11.573689460754395
2010-09-10,16.270000457763672,11.587935447692871
2010-09-13,16.489999771118164,11.744622230529785
2010-09-14,16.729999542236328,11.915557861328125
2010-09-15,16.559999465942383,11.794482231140137
2010-09-16,16.670000076293945,11.872827529907227
2010-09-17,16.399999618530273,11.680522918701172
2010-09-20,16.520000457763672,11.765989303588867
2010-09-21,16.530000686645508,11.773115158081055
2010-09-22,16.56999969482422,11.801604270935059
2010-09-23,16.520000457763672,11.765989303588867
2010-09-24,16.84000015258789,11.993903160095215
2010-09-27,16.770000457763672,11.944048881530762
2010-09-28,17.0,12.107861518859863
2010-09-29,17.049999237060547,12.143470764160156
2010-09-30,17.270000457763672,12.300163269042969
2010-10-01,17.18000030517578,12.236059188842773
2010-10-04,16.920000076293945,12.050884246826172
2010-10-05,17.3700008392334,12.371383666992188
2010-10-06,17.350000381469727,12.35714054107666
2010-10-07,17.3799991607666,12.378507614135742
2010-10-08,17.399999618530273,12.392748832702637
2010-10-11,17.690000534057617,12.599297523498535
2010-10-12,17.549999237060547,12.499585151672363
2010-10-13,17.760000228881836,12.649155616760254
2010-10-14,17.8799991607666,12.734624862670898
2010-10-15,17.690000534057617,12.599297523498535
2010-10-18,17.799999237060547,12.677637100219727
2010-10-19,17.040000915527344,12.136347770690918
2010-10-20,17.34000015258789,12.350017547607422
2010-10-21,17.100000381469727,12.179084777832031
2010-10-22,17.200000762939453,12.250306129455566
2010-10-25,17.389999389648438,12.385627746582031
2010-10-26,17.229999542236328,12.2716703414917
2010-10-27,17.170000076293945,12.228939056396484
2010-10-28,17.219999313354492,12.264551162719727
2010-10-29,16.959999084472656,12.079368591308594
2010-11-01,16.780000686645508,11.951170921325684
2010-11-02,17.15999984741211,12.221817016601562
2010-11-03,17.299999237060547,12.321529388427734
2010-11-04,17.610000610351562,12.542318344116211
2010-11-05,17.479999542236328,12.449728965759277
2010-11-08,17.489999771118164,12.4568510055542
2010-11-09,17.219999313354492,12.264551162719727
2010-11-10,17.239999771118164,12.27879524230957
2010-11-11,16.799999237060547,11.965414047241211
2010-11-12,16.389999389648438,11.6734037399292
2010-11-15,16.420000076293945,11.694766998291016
2010-11-16,15.9399995803833,11.352898597717285
2010-11-17,15.670000076293945,11.160595893859863
2010-11-18,15.9399995803833,11.352898597717285
2010-11-19,16.030000686645508,11.416997909545898
2010-11-22,15.770000457763672,11.231820106506348
2010-11-23,15.460000038146973,11.011027336120605
2010-11-24,15.59000015258789,11.103622436523438
2010-11-26,15.40999984741211,10.975419044494629
2010-11-29,15.170000076293945,10.804482460021973
2010-11-30,14.869999885559082,10.590816497802734
2010-12-01,15.140000343322754,10.78311538696289
2010-12-02,15.510000228881836,11.04664134979248
2010-12-03,15.710000038146973,11.1890869140625
2010-12-06,15.800000190734863,11.25318717956543
2010-12-07,15.699999809265137,11.181965827941895
2010-12-08,15.710000038146973,11.1890869140625
2010-12-09,15.829999923706055,11.274553298950195
2010-12-10,16.030000686645508,11.416997909545898
2010-12-13,16.0,11.395631790161133
2010-12-14,16.049999237060547,11.431242942810059
2010-12-15,15.800000190734863,11.25318717956543
2010-12-16,15.90999984741211,11.331533432006836
2010-12-17,15.800000190734863,11.25318717956543
2010-12-20,15.65999984741211,11.230956077575684
2010-12-21,15.859999656677246,11.374390602111816
2010-12-22,15.859999656677246,11.374390602111816
2010-12-23,15.800000190734863,11.33135986328125
2010-12-27,15.760000228881836,11.302674293518066
2010-12-28,15.649999618530273,11.223784446716309
2010-12-29,15.779999732971191,11.34383487701416
2010-12-30,15.819999694824219,11.372590065002441
2010-12-31,15.84000015258789,11.386966705322266
2011-01-03,16.06999969482422,11.552308082580566
2011-01-04,16.010000228881836,11.509176254272461
2011-01-05,15.970000267028809,11.48042106628418
2011-01-06,15.899999618530273,11.43010139465332
2011-01-07,15.770000457763672,11.336647033691406
2011-01-10,15.949999809265137,11.466044425964355
2011-01-11,16.1200008392334,11.58825397491455
2011-01-12,16.5,11.861424446105957
2011-01-13,16.549999237060547,11.897369384765625
2011-01-14,16.469999313354492,11.839859008789062
2011-01-18,16.959999084472656,12.192106246948242
2011-01-19,16.790000915527344,12.069899559020996
2011-01-20,16.760000228881836,12.048333168029785
2011-01-21,16.809999465942383,12.084275245666504
2011-01-24,17.219999313354492,12.379013061523438
2011-01-25,16.8700008392334,12.12740707397461
2011-01-26,16.68000030517578,11.990823745727539
2011-01-27,16.780000686645508,12.062708854675293
2011-01-28,16.229999542236328,11.667326927185059
2011-01-31,16.489999771118164,11.854233741760254
2011-02-01,16.889999389648438,12.1417875289917
2011-02-02,17.290000915527344,12.429336547851562
2011-02-03,17.149999618530273,12.328695297241211
2011-02-04,16.969999313354492,12.199294090270996
2011-02-07,17.15999984741211,12.335881233215332
2011-02-08,17.049999237060547,12.256803512573242
2011-02-09,17.0,12.220865249633789
2011-02-10,16.8700008392334,12.12740707397461
2011-02-11,17.049999237060547,12.256803512573242
2011-02-14,17.350000381469727,12.472467422485352
2011-02-15,17.280000686645508,12.422148704528809
2011-02-16,17.579999923706055,12.637812614440918
2011-02-17,17.760000228881836,12.76720905303955
2011-02-18,17.90999984741211,12.87503719329834
2011-02-22,17.350000381469727,12.472467422485352
2011-02-23,17.100000381469727,12.292754173278809
2011-02-24,17.420000076293945,12.52278995513916
2011-02-25,17.399999618530273,12.50840950012207
2011-02-28,17.18000030517578,12.350258827209473
2011-03-01,16.989999771118164,12.21367359161377
2011-03-02,17.0,12.220865249633789
2011-03-03,17.049999237060547,12.256803512573242
2011-03-04,16.950000762939453,12.184917449951172
2011-03-07,16.75,12.041147232055664
2011-03-08,16.760000228881836,12.048333168029785
2011-03-09,16.90999984741211,12.156161308288574
2011-03-10,16.3799991607666,11.775160789489746
2011-03-11,16.309999465942383,11.724838256835938
2011-03-14,17.079999923706055,12.278369903564453
2011-03-15,17.899999618530273,12.867846488952637
2011-03-16,17.31999969482422,12.450901985168457
2011-03-17,17.639999389648438,12.68094253540039
2011-03-18,17.510000228881836,12.587488174438477
2011-03-21,17.790000915527344,12.788774490356445
2011-03-22,17.59000015258789,12.644999504089355
2011-03-23,17.84000015258789,12.824718475341797
2011-03-24,17.989999771118164,12.932546615600586
2011-03-25,17.989999771118164,12.932546615600586
2011-03-28,18.459999084472656,13.270416259765625
2011-03-29,18.600000381469727,13.371062278747559
2011-03-30,18.809999465942383,13.522024154663086
2011-03-31,18.850000381469727,13.550782203674316
2011-04-01,18.770000457763672,13.493271827697754
2011-04-04,18.81999969482422,13.529212951660156
2011-04-05,18.739999771118164,13.471705436706543
2011-04-06,18.610000610351562,13.378252029418945
2011-04-07,18.3700008392334,13.205718994140625
2011-04-08,18.399999618530273,13.22728443145752
2011-04-11,18.209999084472656,13.09070110321045
2011-04-12,18.030000686645508,12.961305618286133
2011-04-13,18.139999389648438,13.040380477905273
2011-04-14,18.059999465942383,12.982867240905762
2011-04-15,17.850000381469727,12.83190631866455
2011-04-18,17.25,12.400580406188965
2011-04-19,17.309999465942383,12.443713188171387
2011-04-20,17.549999237060547,12.616241455078125
2011-04-21,17.600000381469727,12.652186393737793
2011-04-25,17.6200008392334,12.666565895080566
2011-04-26,17.790000915527344,12.788774490356445
2011-04-27,17.860000610351562,12.839095115661621
2011-04-28,17.889999389648438,12.860663414001465
2011-04-29,18.3700008392334,13.205718994140625
2011-05-02,18.15999984741211,13.054755210876465
2011-05-03,17.90999984741211,12.87503719329834
2011-05-04,17.549999237060547,12.616241455078125
2011-05-05,17.280000686645508,12.422148704528809
2011-05-06,17.290000915527344,12.429336547851562
2011-05-09,17.420000076293945,12.52278995513916
2011-05-10,17.579999923706055,12.637812614440918
2011-05-11,17.280000686645508,12.422148704528809
2011-05-12,17.450000762939453,12.544356346130371
2011-05-13,17.1200008392334,12.30712890625
2011-05-16,16.959999084472656,12.192106246948242
2011-05-17,16.8700008392334,12.12740707397461
2011-05-18,17.020000457763672,12.235237121582031
2011-05-19,17.100000381469727,12.292754173278809
2011-05-20,16.719999313354492,12.019577980041504
2011-05-23,16.399999618530273,11.789538383483887
2011-05-24,16.260000228881836,11.688895225524902
2011-05-25,16.200000762939453,11.64576530456543
2011-05-26,16.170000076293945,11.624197006225586
2011-05-27,16.329999923706055,11.739215850830078
2011-05-31,17.020000457763672,12.235237121582031
2011-06-01,16.399999618530273,11.789538383483887
2011-06-02,16.540000915527344,11.890178680419922
2011-06-03,16.559999465942383,11.904557228088379
2011-06-06,16.329999923706055,11.739215850830078
2011-06-07,16.510000228881836,11.868613243103027
2011-06-08,16.040000915527344,11.530742645263672
2011-06-09,16.1299991607666,11.595442771911621
2011-06-10,15.869999885559082,11.408533096313477
2011-06-13,15.880000114440918,11.41572380065918
2011-06-14,16.43000030517578,11.811102867126465
2011-06-15,15.779999732971191,11.34383487701416
2011-06-16,15.720000267028809,11.300703048706055
2011-06-17,15.890000343322754,11.42291259765625
2011-06-20,15.630000114440918,11.236006736755371
2011-06-21,15.770000457763672,11.463532447814941
2011-06-22,15.770000457763672,11.463532447814941
2011-06-23,15.670000076293945,11.390838623046875
2011-06-24,15.359999656677246,11.16549301147461
2011-06-27,15.479999542236328,11.252723693847656
2011-06-28,15.6899995803833,11.405378341674805
2011-06-29,15.979999542236328,11.616183280944824
2011-06-30,16.200000762939453,11.77610969543457
2011-07-01,16.329999923706055,11.870604515075684
2011-07-05,16.170000076293945,11.75429916381836
2011-07-06,15.869999885559082,11.536223411560059
2011-07-07,15.949999809265137,11.594375610351562
2011-07-08,15.670000076293945,11.390838623046875
2011-07-11,15.100000381469727,10.976495742797852
2011-07-12,14.779999732971191,10.743879318237305
2011-07-13,15.010000228881836,10.911073684692383
2011-07-14,14.800000190734863,10.758417129516602
2011-07-15,14.920000076293945,10.845648765563965
2011-07-18,14.609999656677246,10.6203031539917
2011-07-19,14.920000076293945,10.845648765563965
2011-07-20,15.130000114440918,10.99830150604248
2011-07-21,15.350000381469727,11.158228874206543
2011-07-22,15.550000190734863,11.303609848022461
2011-07-25,15.25,11.085532188415527
2011-07-26,15.239999771118164,11.078264236450195
2011-07-27,14.760000228881836,10.729340553283691
2011-07-28,14.710000038146973,10.692996978759766
2011-07-29,14.670000076293945,10.663919448852539
2011-08-01,14.579999923706055,10.598493576049805
2011-08-02,14.100000381469727,10.249573707580566
2011-08-03,14.010000228881836,10.184152603149414
2011-08-04,12.960000038146973,9.42088508605957
2011-08-05,12.930000305175781,9.399079322814941
2011-08-08,11.779999732971191,8.563118934631348
2011-08-09,12.430000305175781,9.035616874694824
2011-08-10,12.079999923706055,8.781192779541016
2011-08-11,12.869999885559082,9.355460166931152
2011-08-12,12.770000457763672,9.282772064208984
2011-08-15,13.279999732971191,9.653496742248535
2011-08-16,13.039999961853027,9.479039192199707
2011-08-17,13.119999885559082,9.537193298339844
2011-08-18,12.279999732971191,8.926578521728516
2011-08-19,11.859999656677246,8.621272087097168
2011-08-22,11.899999618530273,8.650348663330078
2011-08-23,12.470000267028809,9.06469440460205
2011-08-24,12.65999984741211,9.202808380126953
2011-08-25,12.420000076293945,9.028347969055176
2011-08-26,12.75,9.268233299255371
2011-08-29,13.270000457763672,9.646230697631836
2011-08-30,13.220000267028809,9.609884262084961
2011-08-31,13.220000267028809,9.609884262084961
2011-09-01,12.920000076293945,9.391807556152344
2011-09-02,12.359999656677246,8.984732627868652
2011-09-06,11.869999885559082,8.628540992736816
2011-09-07,12.1899995803833,8.861154556274414
2011-09-08,11.84000015258789,8.606733322143555
2011-09-09,11.260000228881836,8.185121536254883
2011-09-12,11.100000381469727,8.068815231323242
2011-09-13,11.229999542236328,8.163312911987305
2011-09-14,11.430000305175781,8.308694839477539
2011-09-15,11.390000343322754,8.279622077941895
2011-09-16,11.119999885559082,8.083352088928223
2011-09-19,10.819999694824219,7.865273475646973
2011-09-20,10.34000015258789,7.516352653503418
2011-09-21,9.90999984741211,7.203778266906738
2011-09-22,9.489999771118164,6.898472309112549
2011-09-23,9.670000076293945,7.0293169021606445
2011-09-26,9.720000267028809,7.065665245056152
2011-09-27,9.880000114440918,7.181971549987793
2011-09-28,9.569999694824219,6.956626892089844
2011-09-29,9.65999984741211,7.022048473358154
2011-09-30,9.270000457763672,6.73854923248291
2011-10-03,8.739999771118164,6.353281497955322
2011-10-04,8.979999542236328,6.527744293212891
2011-10-05,9.25,6.724010944366455
2011-10-06,9.720000267028809,7.065665245056152
2011-10-07,9.3100004196167,6.767627716064453
2011-10-10,9.600000381469727,6.978433609008789
2011-10-11,9.4399995803833,6.862124919891357
2011-10-12,9.680000305175781,7.036587238311768
2011-10-13,9.75,7.087470054626465
2011-10-14,9.859999656677246,7.167430877685547
2011-10-17,9.470000267028809,6.883935928344727
2011-10-18,9.800000190734863,7.1238179206848145
2011-10-19,9.430000305175781,6.854857444763184
2011-10-20,9.539999961853027,6.934817314147949
2011-10-21,9.640000343322754,7.007511615753174
2011-10-24,9.90999984741211,7.203778266906738
2011-10-25,9.59000015258789,6.971165180206299
2011-10-26,9.75,7.087470054626465
2011-10-27,10.510000228881836,7.639930725097656
2011-10-28,10.479999542236328,7.61812162399292
2011-10-31,9.800000190734863,7.1238179206848145
2011-11-01,9.390000343322754,6.825780391693115
2011-11-02,9.569999694824219,6.956626892089844
2011-11-03,9.6899995803833,7.043856143951416
2011-11-04,9.649999618530273,7.0147809982299805
2011-11-07,9.770000457763672,7.102007865905762
2011-11-08,9.699999809265137,7.051126003265381
2011-11-09,9.239999771118164,6.716742515563965
2011-11-10,9.300000190734863,6.7603583335876465
2011-11-11,9.579999923706055,6.963893413543701
2011-11-14,9.34000015258789,6.789434909820557
2011-11-15,9.239999771118164,6.716742515563965
2011-11-16,9.109999656677246,6.622241973876953
2011-11-17,8.989999771118164,6.535012722015381
2011-11-18,9.0,6.542281627655029
2011-11-21,8.770000457763672,6.3750901222229
2011-11-22,8.760000228881836,6.367821216583252
2011-11-23,8.59000015258789,6.2442426681518555
2011-11-25,8.569999694824219,6.229705810546875
2011-11-28,8.75,6.3605499267578125
2011-11-29,8.75,6.3605499267578125
2011-11-30,9.329999923706055,6.782164573669434
2011-12-01,9.229999542236328,6.70947265625
2011-12-02,9.170000076293945,6.665857791900635
2011-12-05,9.220000267028809,6.702203273773193
2011-12-06,9.109999656677246,6.622241973876953
2011-12-07,9.239999771118164,6.716742515563965
2011-12-08,8.859999656677246,6.440512180328369
2011-12-09,9.100000381469727,6.614973545074463
2011-12-12,8.770000457763672,6.3750901222229
2011-12-13,8.630000114440918,6.273321628570557
2011-12-14,8.449999809265137,6.1424736976623535
2011-12-15,8.489999771118164,6.171551704406738
2011-12-16,8.489999771118164,6.171551704406738
2011-12-19,8.119999885559082,6.065480709075928
2011-12-20,8.470000267028809,6.326925277709961
2011-12-21,8.380000114440918,6.259696960449219
2011-12-22,8.520000457763672,6.364274024963379
2011-12-23,8.5600004196167,6.3941521644592285
2011-12-27,8.479999542236328,6.334394454956055
2011-12-28,8.4399995803833,6.304512977600098
2011-12-29,8.460000038146973,6.319454669952393
2011-12-30,8.539999961853027,6.379211902618408
2012-01-03,8.760000228881836,6.543549060821533
2012-01-04,8.75,6.536077499389648
2012-01-05,8.619999885559082,6.438969612121582
2012-01-06,8.539999961853027,6.379211902618408
2012-01-09,8.699999809265137,6.498729228973389
2012-01-10,8.850000381469727,6.610776424407959
2012-01-11,9.199999809265137,6.872220516204834
2012-01-12,9.3100004196167,6.95438814163208
2012-01-13,9.029999732971191,6.745233535766602
2012-01-17,9.15999984741211,6.842339992523193
2012-01-18,9.380000114440918,7.00667667388916
2012-01-19,9.3100004196167,6.95438814163208
2012-01-20,9.270000457763672,6.9245076179504395
2012-01-23,9.239999771118164,6.902099609375
2012-01-24,9.15999984741211,6.842339992523193
2012-01-25,9.3100004196167,6.95438814163208
2012-01-26,9.279999732971191,6.931978225708008
2012-01-27,9.579999923706055,7.156071186065674
2012-01-30,9.380000114440918,7.00667667388916
2012-01-31,9.279999732971191,6.931978225708008
2012-02-01,9.449999809265137,7.058963298797607
2012-02-02,9.510000228881836,7.103784084320068
2012-02-03,9.720000267028809,7.260650157928467
2012-02-06,9.729999542236328,7.268118858337402
2012-02-07,9.84000015258789,7.350287437438965
2012-02-08,9.970000267028809,7.447393894195557
2012-02-09,10.34000015258789,7.723776817321777
2012-02-10,10.100000381469727,7.544504165649414
2012-02-13,10.039999961853027,7.4996819496154785
2012-02-14,9.850000381469727,7.357758522033691
2012-02-15,9.859999656677246,7.365224361419678
2012-02-16,9.960000038146973,7.439924240112305
2012-02-17,10.079999923706055,7.529562950134277
2012-02-21,10.180000305175781,7.604257583618164
2012-02-22,10.069999694824219,7.522091865539551
2012-02-23,9.850000381469727,7.357758522033691
2012-02-24,9.739999771118164,7.275589466094971
2012-02-27,9.6899995803833,7.238239288330078
2012-02-28,9.75,7.283057689666748
2012-02-29,9.550000190734863,7.13366174697876
2012-03-01,9.569999694824219,7.148601531982422
2012-03-02,9.569999694824219,7.148601531982422
2012-03-05,9.479999542236328,7.08137321472168
2012-03-06,9.1899995803833,6.864750862121582
2012-03-07,9.1899995803833,6.864750862121582
2012-03-08,9.300000190734863,6.9469170570373535
2012-03-09,9.40999984741211,7.0290846824646
2012-03-12,9.260000228881836,6.91703987121582
2012-03-13,9.460000038146973,7.066434860229492
2012-03-14,9.369999885559082,6.999207019805908
2012-03-15,9.420000076293945,7.036554336547852
2012-03-16,9.470000267028809,7.073904037475586
2012-03-19,9.470000267028809,7.073904037475586
2012-03-20,9.449999809265137,7.058963298797607
2012-03-21,9.329999923706055,6.969326972961426
2012-03-22,9.270000457763672,6.9245076179504395
2012-03-23,9.369999885559082,6.999207019805908
2012-03-26,9.369999885559082,6.999207019805908
2012-03-27,9.390000343322754,7.01414680480957
2012-03-28,9.1899995803833,6.864750862121582
2012-03-29,9.15999984741211,6.842339992523193
2012-03-30,9.100000381469727,6.797522068023682
2012-04-02,9.140000343322754,6.827401638031006
2012-04-03,9.069999694824219,6.775112628936768
2012-04-04,8.850000381469727,6.610776424407959
2012-04-05,8.890000343322754,6.640656471252441
2012-04-09,8.800000190734863,6.573426246643066
2012-04-10,8.699999809265137,6.498729228973389
2012-04-11,8.869999885559082,6.625714302062988
2012-04-12,8.850000381469727,6.610776424407959
2012-04-13,8.710000038146973,6.506199836730957
2012-04-16,8.739999771118164,6.528608322143555
2012-04-17,8.869999885559082,6.625714302062988
2012-04-18,8.789999961853027,6.565959453582764
2012-04-19,8.699999809265137,6.498729228973389
2012-04-20,8.729999542236328,6.52113676071167
2012-04-23,8.449999809265137,6.311984539031982
2012-04-24,8.460000038146973,6.319454669952393
2012-04-25,8.550000190734863,6.386683940887451
2012-04-26,8.489999771118164,6.341863632202148
2012-04-27,8.579999923706055,6.409092426300049
2012-04-30,8.529999732971191,6.3717427253723145
2012-05-01,8.640000343322754,6.453910827636719
2012-05-02,8.5,6.349332332611084
2012-05-03,8.289999961853027,6.19246768951416
2012-05-04,8.260000228881836,6.170057773590088
2012-05-07,8.1899995803833,6.117769241333008
2012-05-08,8.140000343322754,6.08042049407959
2012-05-09,8.039999961853027,6.005721569061279
2012-05-10,8.09000015258789,6.043071269989014
2012-05-11,8.0,5.975842475891113
2012-05-14,7.820000171661377,5.841386318206787
2012-05-15,7.599999904632568,5.677050590515137
2012-05-16,7.429999828338623,5.5500640869140625
2012-05-17,7.269999980926514,5.43054723739624
2012-05-18,7.110000133514404,5.311030864715576
2012-05-21,7.130000114440918,5.325970649719238
2012-05-22,7.170000076293945,5.355849266052246
2012-05-23,7.150000095367432,5.340911865234375
2012-05-24,7.119999885559082,5.318500518798828
2012-05-25,7.039999961853027,5.258742332458496
2012-05-29,7.170000076293945,5.355849266052246
2012-05-30,7.119999885559082,5.318500518798828
2012-05-31,7.050000190734863,5.26621150970459
2012-06-01,6.860000133514404,5.124286651611328
2012-06-04,6.840000152587891,5.109346389770508
2012-06-05,6.920000076293945,5.16910457611084
2012-06-06,7.059999942779541,5.273681163787842
2012-06-07,7.070000171661377,5.28115177154541
2012-06-08,7.079999923706055,5.288621425628662
2012-06-11,6.929999828338623,5.176575183868408
2012-06-12,7.110000133514404,5.311030864715576
2012-06-13,7.079999923706055,5.288621425628662
2012-06-14,7.079999923706055,5.288621425628662
2012-06-15,7.25,5.4156084060668945
2012-06-18,7.25,5.4156084060668945
2012-06-19,7.380000114440918,5.512716293334961
2012-06-20,7.25,5.5294952392578125
2012-06-21,7.099999904632568,5.415091037750244
2012-06-22,7.119999885559082,5.430345058441162
2012-06-25,6.980000019073486,5.3235673904418945
2012-06-26,6.940000057220459,5.293060779571533
2012-06-27,7.050000190734863,5.376956462860107
2012-06-28,6.989999771118164,5.33119535446167
2012-06-29,7.21999979019165,5.506613731384277
2012-07-02,7.239999771118164,5.5218682289123535
2012-07-03,7.360000133514404,5.6133904457092285
2012-07-05,7.199999809265137,5.491360187530518
2012-07-06,7.110000133514404,5.422718048095703
2012-07-09,7.010000228881836,5.34644889831543
2012-07-10,6.929999828338623,5.285435199737549
2012-07-11,6.960000038146973,5.308313846588135
2012-07-12,6.949999809265137,5.300687313079834
2012-07-13,6.909999847412109,5.270179271697998
2012-07-16,6.860000133514404,5.232047080993652
2012-07-17,6.829999923706055,5.209164619445801
2012-07-18,6.71999979019165,5.125268936157227
2012-07-19,6.699999809265137,5.110016345977783
2012-07-20,6.559999942779541,5.003239631652832
2012-07-23,6.320000171661377,4.820194244384766
2012-07-24,6.210000038146973,4.736298561096191
2012-07-25,6.170000076293945,4.705790042877197
2012-07-26,6.28000020980835,4.789687156677246
2012-07-27,6.380000114440918,4.865955352783203
2012-07-30,6.230000019073486,4.751551151275635
2012-07-31,6.309999942779541,4.812565803527832
2012-08-01,6.300000190734863,4.804940223693848
2012-08-02,6.269999980926514,4.782059192657471
2012-08-03,6.440000057220459,4.911716461181641
2012-08-06,6.619999885559082,5.049000263214111
2012-08-07,6.78000020980835,5.171031475067139
2012-08-08,6.820000171661377,5.2015380859375
2012-08-09,6.820000171661377,5.2015380859375
2012-08-10,6.789999961853027,5.178657531738281
2012-08-13,6.730000019073486,5.132895469665527
2012-08-14,6.760000228881836,5.1557769775390625
2012-08-15,6.699999809265137,5.110016345977783
2012-08-16,6.889999866485596,5.254925727844238
2012-08-17,6.909999847412109,5.270179271697998
2012-08-20,6.949999809265137,5.300687313079834
2012-08-21,7.03000020980835,5.361703395843506
2012-08-22,7.019999980926514,5.354075908660889
2012-08-23,6.96999979019165,5.31594181060791
2012-08-24,7.0,5.338821887969971
2012-08-27,6.880000114440918,5.247300148010254
2012-08-28,6.929999828338623,5.285435199737549
2012-08-29,6.849999904632568,5.224419116973877
2012-08-30,6.630000114440918,5.056628227233887
2012-08-31,6.71999979019165,5.125268936157227
2012-09-04,6.690000057220459,5.102388381958008
2012-09-05,6.630000114440918,5.056628227233887
2012-09-06,6.71999979019165,5.125268936157227
2012-09-07,6.820000171661377,5.2015380859375
2012-09-10,6.860000133514404,5.232047080993652
2012-09-11,6.920000076293945,5.277807235717773
2012-09-12,6.710000038146973,5.117641925811768
2012-09-13,6.840000152587891,5.216792583465576
2012-09-14,6.989999771118164,5.33119535446167
2012-09-17,6.920000076293945,5.277807235717773
2012-09-18,6.960000038146973,5.308313846588135
2012-09-19,7.070000171661377,5.392210960388184
2012-09-20,6.900000095367432,5.262552261352539
2012-09-21,6.929999828338623,5.285435199737549
2012-09-24,6.960000038146973,5.308313846588135
2012-09-25,6.900000095367432,5.262552261352539
2012-09-26,6.769999980926514,5.1634039878845215
2012-09-27,6.96999979019165,5.31594181060791
2012-09-28,6.849999904632568,5.224419116973877
2012-10-01,6.909999847412109,5.270179271697998
2012-10-02,6.889999866485596,5.254925727844238
2012-10-03,6.840000152587891,5.216792583465576
2012-10-04,6.849999904632568,5.224419116973877
2012-10-05,6.869999885559082,5.239673614501953
2012-10-08,6.840000152587891,5.216792583465576
2012-10-09,6.699999809265137,5.110016345977783
2012-10-10,6.659999847412109,5.079507827758789
2012-10-11,6.800000190734863,5.186284065246582
2012-10-12,6.75,5.148149490356445
2012-10-15,6.789999961853027,5.178657531738281
2012-10-16,6.940000057220459,5.293060779571533
2012-10-17,6.989999771118164,5.33119535446167
2012-10-18,7.03000020980835,5.361703395843506
2012-10-19,6.909999847412109,5.270179271697998
2012-10-22,6.829999923706055,5.209164619445801
2012-10-23,6.599999904632568,5.033746719360352
2012-10-24,6.559999942779541,5.003239631652832
2012-10-25,6.570000171661377,5.010865688323975
2012-10-26,6.539999961853027,4.987985610961914
2012-10-31,6.510000228881836,4.9651055335998535
2012-11-01,6.559999942779541,5.003239631652832
2012-11-02,6.46999979019165,4.934597492218018
2012-11-05,6.429999828338623,4.904089450836182
2012-11-06,6.570000171661377,5.010865688323975
2012-11-07,6.5,4.95747709274292
2012-11-08,6.420000076293945,4.896462440490723
2012-11-09,6.349999904632568,4.843074321746826
2012-11-12,6.309999942779541,4.812565803527832
2012-11-13,6.300000190734863,4.804940223693848
2012-11-14,6.210000038146973,4.736298561096191
2012-11-15,6.239999771118164,4.759178638458252
2012-11-16,6.340000152587891,4.835446834564209
2012-11-19,6.429999828338623,4.904089450836182
2012-11-20,6.349999904632568,4.843074321746826
2012-11-21,6.420000076293945,4.896462440490723
2012-11-23,6.519999980926514,4.972732067108154
2012-11-26,6.630000114440918,5.056628227233887
2012-11-27,6.550000190734863,4.995612621307373
2012-11-28,6.579999923706055,5.01849365234375
2012-11-29,6.639999866485596,5.064252853393555
2012-11-30,6.650000095367432,5.071879863739014
2012-12-03,6.590000152587891,5.026119232177734
2012-12-04,6.650000095367432,5.071879863739014
2012-12-05,6.699999809265137,5.110016345977783
2012-12-06,6.75,5.148149490356445
2012-12-07,6.869999885559082,5.239673614501953
2012-12-10,6.829999923706055,5.209164619445801
2012-12-11,6.860000133514404,5.232047080993652
2012-12-12,6.96999979019165,5.31594181060791
2012-12-13,6.989999771118164,5.33119535446167
2012-12-14,7.099999904632568,5.415091037750244
2012-12-17,7.289999961853027,5.628976345062256
2012-12-18,7.170000076293945,5.536318778991699
2012-12-19,7.289999961853027,5.628976345062256
2012-12-20,7.389999866485596,5.706191539764404
2012-12-21,7.360000133514404,5.683027267456055
2012-12-24,7.309999942779541,5.6444196701049805
2012-12-26,7.400000095367432,5.713913917541504
2012-12-27,7.300000190734863,5.6650238037109375
2012-12-28,7.099999904632568,5.509816646575928
2012-12-31,7.170000076293945,5.564139366149902
2013-01-02,7.400000095367432,5.742626667022705
2013-01-03,7.53000020980835,5.843510150909424
2013-01-04,7.570000171661377,5.874552249908447
2013-01-07,7.5,5.820230007171631
2013-01-08,7.409999847412109,5.750386714935303
2013-01-09,7.550000190734863,5.859029293060303
2013-01-10,7.679999828338623,5.9599151611328125
2013-01-11,7.659999847412109,5.944395065307617
2013-01-14,7.610000133514404,5.90559196472168
2013-01-15,7.570000171661377,5.874552249908447
2013-01-16,7.510000228881836,5.827991008758545
2013-01-17,7.599999904632568,5.89783239364624
2013-01-18,7.550000190734863,5.859029293060303
2013-01-22,7.550000190734863,5.859029293060303
2013-01-23,7.579999923706055,5.8823113441467285
2013-01-24,7.539999961853027,5.8512701988220215
2013-01-25,7.489999771118164,5.812468528747559
2013-01-28,7.380000114440918,5.727106094360352
2013-01-29,7.369999885559082,5.719344615936279
2013-01-30,7.409999847412109,5.750386714935303
2013-01-31,7.320000171661377,5.680544376373291
2013-02-01,7.309999942779541,5.672783851623535
2013-02-04,7.150000095367432,5.548619747161865
2013-02-05,7.230000019073486,5.610700607299805
2013-02-06,7.269999980926514,5.641743183135986
2013-02-07,7.289999961853027,5.657262325286865
2013-02-08,7.190000057220459,5.579659938812256
2013-02-11,7.269999980926514,5.641743183135986
2013-02-12,7.380000114440918,5.727106094360352
2013-02-13,7.349999904632568,5.7038254737854
2013-02-14,7.460000038146973,5.789187908172607
2013-02-15,7.539999961853027,5.8512701988220215
2013-02-19,7.480000019073486,5.804709434509277
2013-02-20,7.489999771118164,5.812468528747559
2013-02-21,7.369999885559082,5.719344615936279
2013-02-22,7.369999885559082,5.719344615936279
2013-02-25,7.300000190734863,5.6650238037109375
2013-02-26,7.289999961853027,5.657262325286865
2013-02-27,7.340000152587891,5.696063995361328
2013-02-28,7.289999961853027,5.657262325286865
2013-03-01,7.289999961853027,5.657262325286865
2013-03-04,7.260000228881836,5.633982181549072
2013-03-05,7.320000171661377,5.680544376373291
2013-03-06,7.380000114440918,5.727106094360352
2013-03-07,7.449999809265137,5.781428337097168
2013-03-08,7.449999809265137,5.781428337097168
2013-03-11,7.409999847412109,5.750386714935303
2013-03-12,7.260000228881836,5.633982181549072
2013-03-13,7.190000057220459,5.579659938812256
2013-03-14,7.300000190734863,5.6650238037109375
2013-03-15,7.329999923706055,5.688305377960205
2013-03-18,7.239999771118164,5.618462562561035
2013-03-19,7.260000228881836,5.633982181549072
2013-03-20,7.309999942779541,5.672783851623535
2013-03-21,7.420000076293945,5.758146286010742
2013-03-22,7.519999980926514,5.835750579833984
2013-03-25,7.230000019073486,5.610700607299805
2013-03-26,7.329999923706055,5.688305377960205
2013-03-27,7.369999885559082,5.719344615936279
2013-03-28,7.360000133514404,5.711585521697998
2013-04-01,7.360000133514404,5.711585521697998
2013-04-02,7.269999980926514,5.641743183135986
2013-04-03,7.21999979019165,5.602939605712891
2013-04-04,7.28000020980835,5.649501800537109
2013-04-05,7.21999979019165,5.602939605712891
2013-04-08,7.320000171661377,5.680544376373291
2013-04-09,7.679999828338623,5.9599151611328125
2013-04-10,7.760000228881836,6.021996974945068
2013-04-11,7.840000152587891,6.084080219268799
2013-04-12,8.140000343322754,6.316888809204102
2013-04-15,8.130000114440918,6.309128284454346
2013-04-16,8.1899995803833,6.355690956115723
2013-04-17,7.949999809265137,6.1694440841674805
2013-04-18,7.800000190734863,6.053038597106934
2013-04-19,8.050000190734863,6.247045993804932
2013-04-22,8.050000190734863,6.247045993804932
2013-04-23,8.130000114440918,6.309128284454346
2013-04-24,8.239999771118164,6.394493103027344
2013-04-25,8.279999732971191,6.425533771514893
2013-04-26,8.239999771118164,6.394493103027344
2013-04-29,8.430000305175781,6.541937828063965
2013-04-30,8.5,6.596259117126465
2013-05-01,8.520000457763672,6.611780166625977
2013-05-02,8.520000457763672,6.611780166625977
2013-05-03,8.569999694824219,6.650583267211914
2013-05-06,8.619999885559082,6.689383029937744
2013-05-07,8.649999618530273,6.712664604187012
2013-05-08,8.819999694824219,6.8445892333984375
2013-05-09,8.739999771118164,6.782507419586182
2013-05-10,8.8100004196167,6.836830139160156
2013-05-13,8.819999694824219,6.8445892333984375
2013-05-14,9.0600004196167,7.030836582183838
2013-05-15,9.09000015258789,7.054117679595947
2013-05-16,9.0600004196167,7.030836582183838
2013-05-17,9.100000381469727,7.061878681182861
2013-05-20,9.3100004196167,7.224844932556152
2013-05-21,9.40999984741211,7.30244779586792
2013-05-22,9.0,6.984276294708252
2013-05-23,8.8100004196167,6.836830139160156
2013-05-24,9.020000457763672,6.999795436859131
2013-05-28,8.960000038146973,6.9532341957092285
2013-05-29,9.149999618530273,7.10067892074585
2013-05-30,9.229999542236328,7.16276216506958
2013-05-31,9.0,6.984276294708252
2013-06-03,9.029999732971191,7.007557392120361
2013-06-04,8.989999771118164,6.9765143394470215
2013-06-05,8.8100004196167,6.836830139160156
2013-06-06,8.770000457763672,6.805788040161133
2013-06-07,8.859999656677246,6.875630855560303
2013-06-10,9.0,6.984276294708252
2013-06-11,8.789999961853027,6.821309566497803
2013-06-12,8.75,6.790267467498779
2013-06-13,8.960000038146973,6.9532341957092285
2013-06-14,8.8100004196167,6.836830139160156
2013-06-17,9.079999923706055,7.046358108520508
2013-06-18,9.1899995803833,7.1317219734191895
2013-06-19,8.949999809265137,6.945472717285156
2013-06-20,8.640000343322754,6.704904079437256
2013-06-21,8.65999984741211,6.720425128936768
2013-06-24,8.369999885559082,6.4953765869140625
2013-06-25,8.380000114440918,6.579385280609131
2013-06-26,8.569999694824219,6.728560924530029
2013-06-27,8.800000190734863,6.909139156341553
2013-06-28,8.739999771118164,6.86203145980835
2013-07-01,8.770000457763672,6.885584831237793
2013-07-02,8.770000457763672,6.885584831237793
2013-07-03,8.680000305175781,6.814924240112305
2013-07-05,8.720000267028809,6.8463287353515625
2013-07-08,8.859999656677246,6.956246376037598
2013-07-09,8.920000076293945,7.003354549407959
2013-07-10,8.899999618530273,6.987649440765381
2013-07-11,9.109999656677246,7.152529239654541
2013-07-12,9.100000381469727,7.144677639007568
2013-07-15,9.270000457763672,7.2781500816345215
2013-07-16,9.300000190734863,7.3017048835754395
2013-07-17,9.319999694824219,7.317405700683594
2013-07-18,9.34000015258789,7.333110809326172
2013-07-19,9.40999984741211,7.388068199157715
2013-07-22,9.460000038146973,7.4273223876953125
2013-07-23,9.449999809265137,7.4194746017456055
2013-07-24,9.470000267028809,7.435175895690918
2013-07-25,9.449999809265137,7.4194746017456055
2013-07-26,9.380000114440918,7.364515781402588
2013-07-29,9.300000190734863,7.3017048835754395
2013-07-30,9.34000015258789,7.333110809326172
2013-07-31,9.319999694824219,7.317405700683594
2013-08-01,9.529999732971191,7.482283592224121
2013-08-02,9.609999656677246,7.5450921058654785
2013-08-05,9.680000305175781,7.6000518798828125
2013-08-06,9.619999885559082,7.552944660186768
2013-08-07,9.34000015258789,7.333110809326172
2013-08-08,9.460000038146973,7.4273223876953125
2013-08-09,9.5,7.4587321281433105
2013-08-12,9.579999923706055,7.52154016494751
2013-08-13,9.579999923706055,7.52154016494751
2013-08-14,9.529999732971191,7.482283592224121
2013-08-15,9.34000015258789,7.333110809326172
2013-08-16,9.359999656677246,7.348811626434326
2013-08-19,9.109999656677246,7.152529239654541
2013-08-20,9.109999656677246,7.152529239654541
2013-08-21,9.029999732971191,7.089720249176025
2013-08-22,9.229999542236328,7.2467451095581055
2013-08-23,9.289999961853027,7.293853282928467
2013-08-26,9.09000015258789,7.136826515197754
2013-08-27,8.850000381469727,6.9483962059021
2013-08-28,8.869999885559082,6.9640984535217285
2013-08-29,8.890000343322754,6.979801654815674
2013-08-30,8.90999984741211,6.9955034255981445
2013-09-03,9.140000343322754,7.176083564758301
2013-09-04,9.09000015258789,7.136826515197754
2013-09-05,9.3100004196167,7.309554576873779
2013-09-06,9.399999618530273,7.3802170753479
2013-09-09,9.449999809265137,7.4194746017456055
2013-09-10,9.539999961853027,7.490135192871094
2013-09-11,9.600000381469727,7.537243843078613
2013-09-12,9.470000267028809,7.435175895690918
2013-09-13,9.529999732971191,7.482283592224121
2013-09-16,9.619999885559082,7.552944660186768
2013-09-17,9.59000015258789,7.529390335083008
2013-09-18,9.84000015258789,7.725672245025635
2013-09-19,9.779999732971191,7.678565502166748
2013-09-20,9.65999984741211,7.584351062774658
2013-09-23,9.760000228881836,7.662862777709961
2013-09-24,9.770000457763672,7.670714855194092
2013-09-25,9.800000190734863,7.69426965713501
2013-09-26,9.989999771118164,7.843441486358643
2013-09-27,10.119999885559082,7.945510387420654
2013-09-30,10.239999771118164,8.039725303649902
2013-10-01,10.369999885559082,8.141792297363281
2013-10-02,10.460000038146973,8.21245288848877
2013-10-03,10.449999809265137,8.20460319519043
2013-10-04,10.579999923706055,8.306669235229492
2013-10-07,10.40999984741211,8.173194885253906
2013-10-08,10.399999618530273,8.165346145629883
2013-10-09,10.4399995803833,8.196751594543457
2013-10-10,10.630000114440918,8.345927238464355
2013-10-11,10.630000114440918,8.345927238464355
2013-10-14,10.6899995803833,8.39303207397461
2013-10-15,10.680000305175781,8.38518238067627
2013-10-16,10.829999923706055,8.502950668334961
2013-10-17,11.0,8.63642406463623
2013-10-18,11.15999984741211,8.762046813964844
2013-10-21,11.149999618530273,8.754193305969238
2013-10-22,11.239999771118164,8.82485580444336
2013-10-23,10.949999809265137,8.597167015075684
2013-10-24,10.899999618530273,8.557909965515137
2013-10-25,10.729999542236328,8.424439430236816
2013-10-28,10.619999885559082,8.33807373046875
2013-10-29,10.699999809265137,8.400886535644531
2013-10-30,10.619999885559082,8.33807373046875
2013-10-31,10.59000015258789,8.314521789550781
2013-11-01,10.619999885559082,8.33807373046875
2013-11-04,10.850000381469727,8.518655776977539
2013-11-05,10.800000190734863,8.479399681091309
2013-11-06,10.880000114440918,8.54220962524414
2013-11-07,10.5,8.24385929107666
2013-11-08,10.640000343322754,8.353778839111328
2013-11-11,10.65999984741211,8.36948299407959
2013-11-12,10.539999961853027,8.275263786315918
2013-11-13,10.680000305175781,8.38518238067627
2013-11-14,10.829999923706055,8.502950668334961
2013-11-15,10.890000343322754,8.55005931854248
2013-11-18,10.890000343322754,8.55005931854248
2013-11-19,10.65999984741211,8.36948299407959
2013-11-20,10.5600004196167,8.290966033935547
2013-11-21,10.670000076293945,8.37733268737793
2013-11-22,10.640000343322754,8.353778839111328
2013-11-25,10.510000228881836,8.251709938049316
2013-11-26,10.5,8.24385929107666
2013-11-27,10.5600004196167,8.290966033935547
2013-11-29,10.579999923706055,8.306669235229492
2013-12-02,10.470000267028809,8.220306396484375
2013-12-03,10.3100004196167,8.094685554504395
2013-12-04,10.350000381469727,8.126091003417969
2013-12-05,10.279999732971191,8.071130752563477
2013-12-06,10.380000114440918,8.149643898010254
2013-12-09,10.239999771118164,8.039725303649902
2013-12-10,10.279999732971191,8.071130752563477
2013-12-11,10.09000015258789,7.921955108642578
2013-12-12,10.130000114440918,7.953361988067627
2013-12-13,10.149999618530273,7.969063758850098
2013-12-16,10.199999809265137,8.008317947387695
2013-12-17,10.020000457763672,7.963022708892822
2013-12-18,10.069999694824219,8.002758026123047
2013-12-19,10.199999809265137,8.106069564819336
2013-12-20,10.050000190734863,7.986863136291504
2013-12-23,10.15999984741211,8.074281692504883
2013-12-24,10.079999923706055,8.010705947875977
2013-12-26,10.170000076293945,8.082228660583496
2013-12-27,10.300000190734863,8.185540199279785
2013-12-30,10.380000114440918,8.249120712280273
2013-12-31,10.4399995803833,8.29680061340332
2014-01-02,10.579999923706055,8.408061981201172
2014-01-03,10.670000076293945,8.479585647583008
2014-01-06,10.579999923706055,8.408061981201172
2014-01-07,10.739999771118164,8.535216331481934
2014-01-08,10.720000267028809,8.519320487976074
2014-01-09,10.739999771118164,8.535216331481934
2014-01-10,10.739999771118164,8.535216331481934
2014-01-13,10.600000381469727,8.423954963684082
2014-01-14,10.699999809265137,8.503425598144531
2014-01-15,10.8100004196167,8.590845108032227
2014-01-16,10.880000114440918,8.646475791931152
2014-01-17,10.899999618530273,8.662368774414062
2014-01-21,10.880000114440918,8.646475791931152
2014-01-22,10.90999984741211,8.670318603515625
2014-01-23,10.710000038146973,8.511374473571777
2014-01-24,10.270000457763672,8.161699295043945
2014-01-27,10.1899995803833,8.098123550415039
2014-01-28,10.430000305175781,8.28885555267334
2014-01-29,10.3100004196167,8.193489074707031
2014-01-30,10.449999809265137,8.30474853515625
2014-01-31,10.350000381469727,8.2252779006958
2014-02-03,10.079999923706055,8.010705947875977
2014-02-04,10.100000381469727,8.02659797668457
2014-02-05,10.079999923706055,8.010705947875977
2014-02-06,10.260000228881836,8.153754234313965
2014-02-07,10.520000457763672,8.36037826538086
2014-02-10,10.609999656677246,8.431902885437012
2014-02-11,10.640000343322754,8.455744743347168
2014-02-12,10.680000305175781,8.487532615661621
2014-02-13,10.699999809265137,8.503425598144531
2014-02-14,10.75,8.543163299560547
2014-02-18,10.829999923706055,8.606739044189453
2014-02-19,10.739999771118164,8.535216331481934
2014-02-20,10.739999771118164,8.535216331481934
2014-02-21,10.8100004196167,8.590845108032227
2014-02-24,11.069999694824219,8.797469139099121
2014-02-25,10.989999771118164,8.733894348144531
2014-02-26,11.010000228881836,8.749788284301758
2014-02-27,11.239999771118164,8.932570457458496
2014-02-28,11.170000076293945,8.87693977355957
2014-03-03,11.140000343322754,8.853102684020996
2014-03-04,11.5600004196167,9.186883926391602
2014-03-05,11.479999542236328,9.123302459716797
2014-03-06,11.65999984741211,9.266350746154785
2014-03-07,11.609999656677246,9.226614952087402
2014-03-10,11.489999771118164,9.131246566772461
2014-03-11,11.470000267028809,9.115355491638184
2014-03-12,11.399999618530273,9.05972671508789
2014-03-13,11.180000305175781,8.884889602661133
2014-03-14,11.039999961853027,8.773626327514648
2014-03-17,11.180000305175781,8.884889602661133
2014-03-18,11.239999771118164,8.932570457458496
2014-03-19,11.329999923706055,9.004094123840332
2014-03-20,11.279999732971191,8.96435832977295
2014-03-21,11.130000114440918,8.845155715942383
2014-03-24,11.109999656677246,8.82926082611084
2014-03-25,11.0,8.741839408874512
2014-03-26,10.930000305175781,8.686211585998535
2014-03-27,11.09000015258789,8.813365936279297
2014-03-28,11.170000076293945,8.87693977355957
2014-03-31,11.199999809265137,8.90078353881836
2014-04-01,11.229999542236328,8.9246244430542
2014-04-02,11.34000015258789,9.012042045593262
2014-04-03,11.149999618530273,8.86104679107666
2014-04-04,11.09000015258789,8.813365936279297
2014-04-07,10.960000038146973,8.710051536560059
2014-04-08,10.90999984741211,8.670318603515625
2014-04-09,11.140000343322754,8.853102684020996
2014-04-10,10.789999961853027,8.574950218200684
2014-04-11,10.699999809265137,8.503425598144531
2014-04-14,10.600000381469727,8.423954963684082
2014-04-15,10.550000190734863,8.3842191696167
2014-04-16,10.779999732971191,8.56700325012207
2014-04-17,10.84000015258789,8.6146879196167
2014-04-21,10.8100004196167,8.590845108032227
2014-04-22,11.109999656677246,8.82926082611084
2014-04-23,11.050000190734863,8.781575202941895
2014-04-24,11.010000228881836,8.749788284301758
2014-04-25,10.800000190734863,8.58289909362793
2014-04-28,10.649999618530273,8.463689804077148
2014-04-29,10.649999618530273,8.463689804077148
2014-04-30,10.699999809265137,8.503425598144531
2014-05-01,10.720000267028809,8.519320487976074
2014-05-02,10.819999694824219,8.598791122436523
2014-05-05,10.8100004196167,8.590845108032227
2014-05-06,10.720000267028809,8.519320487976074
2014-05-07,10.600000381469727,8.423954963684082
2014-05-08,10.40999984741211,8.272957801818848
2014-05-09,10.470000267028809,8.320642471313477
2014-05-12,10.800000190734863,8.58289909362793
2014-05-13,10.789999961853027,8.574950218200684
2014-05-14,10.819999694824219,8.598791122436523
2014-05-15,10.569999694824219,8.400114059448242
2014-05-16,10.470000267028809,8.320642471313477
2014-05-19,10.550000190734863,8.3842191696167
2014-05-20,10.470000267028809,8.320642471313477
2014-05-21,10.739999771118164,8.535216331481934
2014-05-22,10.869999885559082,8.638528823852539
2014-05-23,11.0,8.741839408874512
2014-05-27,11.09000015258789,8.813365936279297
2014-05-28,11.069999694824219,8.797469139099121
2014-05-29,11.210000038146973,8.908727645874023
2014-05-30,11.140000343322754,8.853102684020996
2014-06-02,11.1899995803833,8.89283561706543
2014-06-03,11.15999984741211,8.868996620178223
2014-06-04,11.079999923706055,8.80541706085205
2014-06-05,11.229999542236328,8.9246244430542
2014-06-06,11.300000190734863,8.980254173278809
2014-06-09,11.350000381469727,9.019989013671875
2014-06-10,11.300000190734863,8.980254173278809
2014-06-11,11.3100004196167,8.988200187683105
2014-06-12,11.329999923706055,9.004094123840332
2014-06-13,11.510000228881836,9.147143363952637
2014-06-16,11.539999961853027,9.170985221862793
2014-06-17,11.739999771118164,9.329926490783691
2014-06-18,11.920000076293945,9.472973823547363
2014-06-19,11.850000381469727,9.417346000671387
2014-06-20,11.890000343322754,9.44913387298584
2014-06-23,11.819999694824219,9.393505096435547
2014-06-24,11.5600004196167,9.263687133789062
2014-06-25,11.6899995803833,9.367862701416016
2014-06-26,11.770000457763672,9.43196964263916
2014-06-27,11.850000381469727,9.496079444885254
2014-06-30,11.859999656677246,9.504095077514648
2014-07-01,11.829999923706055,9.480053901672363
2014-07-02,11.819999694824219,9.472038269042969
2014-07-03,11.979999542236328,9.600255966186523
2014-07-07,11.789999961853027,9.447998046875
2014-07-08,11.40999984741211,9.143482208251953
2014-07-09,11.479999542236328,9.199573516845703
2014-07-10,11.319999694824219,9.071361541748047
2014-07-11,11.350000381469727,9.095401763916016
2014-07-14,11.380000114440918,9.119441986083984
2014-07-15,11.350000381469727,9.095401763916016
2014-07-16,11.380000114440918,9.119441986083984
2014-07-17,11.210000038146973,8.983209609985352
2014-07-18,11.420000076293945,9.151497840881348
2014-07-21,11.430000305175781,9.159509658813477
2014-07-22,11.579999923706055,9.27971363067627
2014-07-23,11.510000228881836,9.22361946105957
2014-07-24,11.5600004196167,9.263687133789062
2014-07-25,11.529999732971191,9.239645004272461
2014-07-28,11.59000015258789,9.287725448608398
2014-07-29,11.489999771118164,9.207589149475098
2014-07-30,11.520000457763672,9.231629371643066
2014-07-31,11.1899995803833,8.967181205749512
2014-08-01,11.09000015258789,8.887048721313477
2014-08-04,11.239999771118164,9.00724983215332
2014-08-05,11.170000076293945,8.951154708862305
2014-08-06,11.270000457763672,9.031291961669922
2014-08-07,11.239999771118164,9.00724983215332
2014-08-08,11.329999923706055,9.079371452331543
2014-08-11,11.510000228881836,9.22361946105957
2014-08-12,11.470000267028809,9.191561698913574
2014-08-13,11.630000114440918,9.319781303405762
2014-08-14,11.630000114440918,9.319781303405762
2014-08-15,11.680000305175781,9.359848976135254
2014-08-18,11.8100004196167,9.46402359008789
2014-08-19,11.869999885559082,9.512104034423828
2014-08-20,11.880000114440918,9.520119667053223
2014-08-21,11.819999694824219,9.472038269042969
2014-08-22,11.779999732971191,9.439983367919922
2014-08-25,11.90999984741211,9.544157981872559
2014-08-26,11.869999885559082,9.512104034423828
2014-08-27,11.890000343322754,9.5281343460083
2014-08-28,11.779999732971191,9.439983367919922
2014-08-29,11.779999732971191,9.439983367919922
2014-09-02,11.779999732971191,9.439983367919922
2014-09-03,11.880000114440918,9.520119667053223
2014-09-04,11.920000076293945,9.552173614501953
2014-09-05,11.979999542236328,9.600255966186523
2014-09-08,11.970000267028809,9.592242240905762
2014-09-09,11.609999656677246,9.303750991821289
2014-09-10,11.699999809265137,9.375876426696777
2014-09-11,11.6899995803833,9.367862701416016
2014-09-12,11.649999618530273,9.335806846618652
2014-09-15,11.399999618530273,9.135467529296875
2014-09-16,11.390000343322754,9.127455711364746
2014-09-17,11.420000076293945,9.151497840881348
2014-09-18,11.40999984741211,9.143482208251953
2014-09-19,11.289999961853027,9.047316551208496
2014-09-22,11.180000305175781,8.959168434143066
2014-09-23,11.109999656677246,8.90307331085205
2014-09-24,11.25,9.015263557434082
2014-09-25,11.029999732971191,8.838964462280273
2014-09-26,11.140000343322754,8.927114486694336
2014-09-29,10.9399995803833,8.766844749450684
2014-09-30,10.869999885559082,8.710746765136719
2014-10-01,10.59000015258789,8.486367225646973
2014-10-02,10.510000228881836,8.422259330749512
2014-10-03,10.640000343322754,8.52643871307373
2014-10-06,10.34000015258789,8.286030769348145
2014-10-07,10.260000228881836,8.221922874450684
2014-10-08,10.369999885559082,8.310070037841797
2014-10-09,10.039999961853027,8.045621871948242
2014-10-10,9.84000015258789,7.885351657867432
2014-10-13,9.739999771118164,7.8052167892456055
2014-10-14,9.720000267028809,7.789188385009766
2014-10-15,9.770000457763672,7.8292555809021
2014-10-16,9.739999771118164,7.8052167892456055
2014-10-17,9.949999809265137,7.973500728607178
2014-10-20,10.010000228881836,8.021584510803223
2014-10-21,10.199999809265137,8.173840522766113
2014-10-22,10.09000015258789,8.08569049835205
2014-10-23,10.140000343322754,8.125758171081543
2014-10-24,10.180000305175781,8.157812118530273
2014-10-27,9.930000305175781,7.9574713706970215
2014-10-28,10.239999771118164,8.205892562866211
2014-10-29,10.170000076293945,8.149799346923828
2014-10-30,10.279999732971191,8.23794937133789
2014-10-31,10.449999809265137,8.374178886413574
2014-11-03,10.430000305175781,8.358150482177734
2014-11-04,10.3100004196167,8.261988639831543
2014-11-05,10.210000038146973,8.181853294372559
2014-11-06,10.109999656677246,8.101716041564941
2014-11-07,10.210000038146973,8.181853294372559
2014-11-10,10.15999984741211,8.141783714294434
2014-11-11,10.149999618530273,8.133771896362305
2014-11-12,10.0600004196167,8.06164836883545
2014-11-13,10.039999961853027,8.045621871948242
2014-11-14,10.09000015258789,8.08569049835205
2014-11-17,10.0600004196167,8.06164836883545
2014-11-18,10.130000114440918,8.117745399475098
2014-11-19,10.149999618530273,8.133771896362305
2014-11-20,10.210000038146973,8.181853294372559
2014-11-21,10.350000381469727,8.294045448303223
2014-11-24,10.399999618530273,8.334110260009766
2014-11-25,10.430000305175781,8.358150482177734
2014-11-26,10.539999961853027,8.446301460266113
2014-11-28,10.229999542236328,8.197881698608398
2014-12-01,9.920000076293945,7.949460506439209
2014-12-02,10.010000228881836,8.021584510803223
2014-12-03,10.0600004196167,8.06164836883545
2014-12-04,10.039999961853027,8.045621871948242
2014-12-05,10.069999694824219,8.069663047790527
2014-12-08,9.899999618530273,7.93343448638916
2014-12-09,9.869999885559082,7.909390449523926
2014-12-10,9.880000114440918,7.91740608215332
2014-12-11,9.880000114440918,7.91740608215332
2014-12-12,9.720000267028809,7.789188385009766
2014-12-15,9.630000114440918,7.717066764831543
2014-12-16,9.619999885559082,7.709052562713623
2014-12-17,9.579999923706055,7.676997661590576
2014-12-18,9.819999694824219,7.869325637817383
2014-12-19,9.59000015258789,7.825262546539307
2014-12-22,9.640000343322754,7.866057872772217
2014-12-23,9.680000305175781,7.898702144622803
2014-12-24,9.699999809265137,7.915018558502197
2014-12-26,9.75,7.955816745758057
2014-12-29,9.720000267028809,7.931338787078857
2014-12-30,9.680000305175781,7.898702144622803
2014-12-31,9.680000305175781,7.898702144622803
2015-01-02,9.75,7.955816745758057
2015-01-05,9.539999961853027,7.784460544586182
2015-01-06,9.520000457763672,7.768141269683838
2015-01-07,9.609999656677246,7.841577053070068
2015-01-08,9.84000015258789,8.029254913330078
2015-01-09,9.8100004196167,8.004776000976562
2015-01-12,9.640000343322754,7.866057872772217
2015-01-13,9.670000076293945,7.890539169311523
2015-01-14,9.6899995803833,7.906858444213867
2015-01-15,9.5600004196167,7.800782203674316
2015-01-16,9.640000343322754,7.866057872772217
2015-01-20,9.59000015258789,7.825262546539307
2015-01-21,9.710000038146973,7.923180103302002
2015-01-22,9.75,7.955816745758057
2015-01-23,9.789999961853027,7.988456726074219
2015-01-26,10.119999885559082,8.257732391357422
2015-01-27,10.170000076293945,8.298530578613281
2015-01-28,9.970000267028809,8.135334968566895
2015-01-29,10.039999961853027,8.192452430725098
2015-01-30,9.979999542236328,8.14349365234375
2015-02-02,10.199999809265137,8.323010444641113
2015-02-03,10.489999771118164,8.55964469909668
2015-02-04,10.4399995803833,8.518843650817871
2015-02-05,10.529999732971191,8.592283248901367
2015-02-06,10.399999618530273,8.4862060546875
2015-02-09,10.420000076293945,8.502528190612793
2015-02-10,10.489999771118164,8.55964469909668
2015-02-11,10.449999809265137,8.527007102966309
2015-02-12,10.640000343322754,8.682042121887207
2015-02-13,10.6899995803833,8.722841262817383
2015-02-17,10.680000305175781,8.714680671691895
2015-02-18,10.640000343322754,8.682042121887207
2015-02-19,10.550000190734863,8.608602523803711
2015-02-20,10.609999656677246,8.657559394836426
2015-02-23,10.619999885559082,8.665721893310547
2015-02-24,10.65999984741211,8.698358535766602
2015-02-25,10.880000114440918,8.877878189086914
2015-02-26,10.880000114440918,8.877878189086914
2015-02-27,10.930000305175781,8.918676376342773
2015-03-02,11.100000381469727,9.057391166687012
2015-03-03,11.229999542236328,9.163471221923828
2015-03-04,11.539999961853027,9.416424751281738
2015-03-05,12.079999923706055,9.857054710388184
2015-03-06,11.699999809265137,9.54698371887207
2015-03-09,11.569999694824219,9.440900802612305
2015-03-10,11.289999961853027,9.212428092956543
2015-03-11,11.420000076293945,9.318507194519043
2015-03-12,11.510000228881836,9.391944885253906
2015-03-13,11.329999923706055,9.245068550109863
2015-03-16,11.470000267028809,9.359306335449219
2015-03-17,11.539999961853027,9.416424751281738
2015-03-18,11.65999984741211,9.514342308044434
2015-03-19,11.600000381469727,9.465381622314453
2015-03-20,11.800000190734863,9.628578186035156
2015-03-23,11.819999694824219,9.64490032196045
2015-03-24,11.930000305175781,9.734658241271973
2015-03-25,11.739999771118164,9.579619407653809
2015-03-26,11.600000381469727,9.465381622314453
2015-03-27,11.630000114440918,9.48986530303955
2015-03-30,11.890000343322754,9.702016830444336
2015-03-31,11.859999656677246,9.677536964416504
2015-04-01,12.029999732971191,9.816255569458008
2015-04-02,12.109999656677246,9.881531715393066
2015-04-06,12.1899995803833,9.946812629699707
2015-04-07,12.229999542236328,9.979449272155762
2015-04-08,12.380000114440918,10.101849555969238
2015-04-09,12.65999984741211,10.33032512664795
2015-04-10,12.600000381469727,10.281366348266602
2015-04-13,12.649999618530273,10.322164535522461
2015-04-14,12.600000381469727,10.281366348266602
2015-04-15,12.75,10.403759002685547
2015-04-16,12.819999694824219,10.460881233215332
2015-04-17,12.609999656677246,10.289523124694824
2015-04-20,12.470000267028809,10.175289154052734
2015-04-21,12.550000190734863,10.24056339263916
2015-04-22,12.729999542236328,10.387442588806152
2015-04-23,12.869999885559082,10.501678466796875
2015-04-24,12.789999961853027,10.436402320861816
2015-04-27,12.770000457763672,10.420083045959473
2015-04-28,13.020000457763672,10.624077796936035
2015-04-29,12.619999885559082,10.297682762145996
2015-04-30,12.489999771118164,10.191605567932129
2015-05-01,12.600000381469727,10.281366348266602
2015-05-04,12.65999984741211,10.33032512664795
2015-05-05,12.550000190734863,10.24056339263916
2015-05-06,12.449999809265137,10.158967971801758
2015-05-07,12.5600004196167,10.248725891113281
2015-05-08,12.789999961853027,10.436402320861816
2015-05-11,12.640000343322754,10.314004898071289
2015-05-12,12.609999656677246,10.289523124694824
2015-05-13,12.760000228881836,10.411922454833984
2015-05-14,12.8100004196167,10.452720642089844
2015-05-15,12.869999885559082,10.501678466796875
2015-05-18,12.859999656677246,10.493520736694336
2015-05-19,12.699999809265137,10.36296272277832
2015-05-20,12.369999885559082,10.093688011169434
2015-05-21,12.279999732971191,10.02025032043457
2015-05-22,12.359999656677246,10.085531234741211
2015-05-26,12.270000457763672,10.012092590332031
2015-05-27,12.34000015258789,10.069210052490234
2015-05-28,12.029999732971191,9.816255569458008
2015-05-29,12.149999618530273,9.914175033569336
2015-06-01,11.949999809265137,9.7509765625
2015-06-02,11.979999542236328,9.775456428527832
2015-06-03,12.010000228881836,9.799936294555664
2015-06-04,11.84000015258789,9.661219596862793
2015-06-05,11.770000457763672,9.604100227355957
2015-06-08,11.6899995803833,9.538822174072266
2015-06-09,11.539999961853027,9.416424751281738
2015-06-10,11.720000267028809,9.563299179077148
2015-06-11,11.729999542236328,9.57146167755127
2015-06-12,11.6899995803833,9.538822174072266
2015-06-15,11.550000190734863,9.42458438873291
2015-06-16,11.609999656677246,9.473542213439941
2015-06-17,11.65999984741211,9.514342308044434
2015-06-18,11.779999732971191,9.612258911132812
2015-06-19,11.630000114440918,9.48986530303955
2015-06-22,11.770000457763672,9.604100227355957
2015-06-23,11.859999656677246,9.677536964416504
2015-06-24,11.579999923706055,9.5750093460083
2015-06-25,11.460000038146973,9.475785255432129
2015-06-26,11.34000015258789,9.376559257507324
2015-06-29,10.989999771118164,9.087162971496582
2015-06-30,11.119999885559082,9.194652557373047
2015-07-01,11.100000381469727,9.178114891052246
2015-07-02,11.09000015258789,9.169846534729004
2015-07-06,10.640000343322754,8.797762870788574
2015-07-07,10.510000228881836,8.690271377563477
2015-07-08,10.069999694824219,8.326455116271973
2015-07-09,10.59000015258789,8.756418228149414
2015-07-10,10.920000076293945,9.029282569885254
2015-07-13,11.050000190734863,9.136772155761719
2015-07-14,11.069999694824219,9.153311729431152
2015-07-15,10.760000228881836,8.896986961364746
2015-07-16,10.989999771118164,9.087162971496582
2015-07-17,10.850000381469727,8.971402168273926
2015-07-20,10.869999885559082,8.987937927246094
2015-07-21,10.899999618530273,9.012744903564453
2015-07-22,10.729999542236328,8.872180938720703
2015-07-23,10.680000305175781,8.830836296081543
2015-07-24,10.600000381469727,8.764689445495605
2015-07-27,10.40999984741211,8.607584953308105
2015-07-28,10.539999961853027,8.715078353881836
2015-07-29,10.770000457763672,8.905253410339355
2015-07-30,10.529999732971191,8.706807136535645
2015-07-31,10.5,8.682003021240234
2015-08-03,10.479999542236328,8.66546630859375
2015-08-04,10.390000343322754,8.591048240661621
2015-08-05,10.640000343322754,8.797762870788574
2015-08-06,10.470000267028809,8.657198905944824
2015-08-07,10.359999656677246,8.566241264343262
2015-08-10,10.5,8.682003021240234
2015-08-11,10.300000190734863,8.516630172729492
2015-08-12,10.300000190734863,8.516630172729492
2015-08-13,10.279999732971191,8.500094413757324
2015-08-14,10.279999732971191,8.500094413757324
2015-08-17,10.300000190734863,8.516630172729492
2015-08-18,10.239999771118164,8.467018127441406
2015-08-19,10.130000114440918,8.376067161560059
2015-08-20,9.6899995803833,8.012247085571289
2015-08-21,9.420000076293945,7.78899621963501
2015-08-24,9.0,7.441717147827148
2015-08-25,9.029999732971191,7.466521739959717
2015-08-26,9.279999732971191,7.673235893249512
2015-08-27,9.65999984741211,7.9874420166015625
2015-08-28,9.6899995803833,8.012247085571289
2015-08-31,9.4399995803833,7.805534839630127
2015-09-01,9.140000343322754,7.557475566864014
2015-09-02,9.289999961853027,7.6815056800842285
2015-09-03,9.260000228881836,7.656699180603027
2015-09-04,9.069999694824219,7.49959659576416
2015-09-08,9.420000076293945,7.78899621963501
2015-09-09,9.380000114440918,7.755924224853516
2015-09-10,9.479999542236328,7.838604927062988
2015-09-11,9.460000038146973,7.8220696449279785
2015-09-14,9.380000114440918,7.755924224853516
2015-09-15,9.449999809265137,7.81380033493042
2015-09-16,9.609999656677246,7.9460954666137695
2015-09-17,9.640000343322754,7.970902919769287
2015-09-18,9.390000343322754,7.764190673828125
2015-09-21,9.40999984741211,7.780727863311768
2015-09-22,9.199999809265137,7.607087135314941
2015-09-23,9.0600004196167,7.49132776260376
2015-09-24,9.020000457763672,7.458252429962158
2015-09-25,9.029999732971191,7.466521739959717
2015-09-28,8.800000190734863,7.27634334564209
2015-09-29,8.859999656677246,7.325955390930176
2015-09-30,9.0600004196167,7.49132776260376
2015-10-01,9.170000076293945,7.5822834968566895
2015-10-02,9.489999771118164,7.846874713897705
2015-10-05,9.699999809265137,8.020515441894531
2015-10-06,9.789999961853027,8.094932556152344
2015-10-07,9.979999542236328,8.252036094665527
2015-10-08,10.079999923706055,8.334721565246582
2015-10-09,10.140000343322754,8.384333610534668
2015-10-12,10.0,8.268571853637695
2015-10-13,9.90999984741211,8.1941556930542
2015-10-14,10.0600004196167,8.318185806274414
2015-10-15,10.270000457763672,8.491826057434082
2015-10-16,10.1899995803833,8.425677299499512
2015-10-19,10.020000457763672,8.285109519958496
2015-10-20,10.130000114440918,8.376067161560059
2015-10-21,10.020000457763672,8.285109519958496
2015-10-22,10.109999656677246,8.359526634216309
2015-10-23,10.109999656677246,8.359526634216309
2015-10-26,10.029999732971191,8.293378829956055
2015-10-27,9.8100004196167,8.111470222473145
2015-10-28,9.880000114440918,8.169352531433105
2015-10-29,9.899999618530273,8.185888290405273
2015-10-30,9.800000190734863,8.103202819824219
2015-11-02,9.949999809265137,8.2272310256958
2015-11-03,9.989999771118164,8.260303497314453
2015-11-04,9.920000076293945,8.202424049377441
2015-11-05,9.899999618530273,8.185888290405273
2015-11-06,9.9399995803833,8.218961715698242
2015-11-09,9.770000457763672,8.078396797180176
2015-11-10,9.5600004196167,7.904756546020508
2015-11-11,9.520000457763672,7.871681213378906
2015-11-12,9.390000343322754,7.764190673828125
2015-11-13,9.279999732971191,7.673235893249512
2015-11-16,9.4399995803833,7.805534839630127
2015-11-17,9.300000190734863,7.689772129058838
2015-11-18,9.380000114440918,7.755924224853516
2015-11-19,9.40999984741211,7.780727863311768
2015-11-20,9.40999984741211,7.780727863311768
2015-11-23,9.420000076293945,7.78899621963501
2015-11-24,9.460000038146973,7.8220696449279785
2015-11-25,9.449999809265137,7.81380033493042
2015-11-27,9.4399995803833,7.805534839630127
2015-11-30,9.420000076293945,7.78899621963501
2015-12-01,9.569999694824219,7.913023471832275
2015-12-02,9.619999885559082,7.954369068145752
2015-12-03,9.670000076293945,7.995710372924805
2015-12-04,9.75,8.061858177185059
2015-12-07,9.569999694824219,7.913023471832275
2015-12-08,9.479999542236328,7.838604927062988
2015-12-09,9.479999542236328,7.838604927062988
2015-12-10,9.329999923706055,7.714578151702881
2015-12-11,9.119999885559082,7.540939807891846
2015-12-14,9.380000114440918,7.755924224853516
2015-12-15,9.600000381469727,7.937829971313477
2015-12-16,10.029999732971191,8.293378829956055
2015-12-17,9.930000305175781,8.210694313049316
2015-12-18,9.890000343322754,8.177619934082031
2015-12-21,9.880000114440918,8.232614517211914
2015-12-22,9.75,8.124290466308594
2015-12-23,9.9399995803833,8.282609939575195
2015-12-24,9.970000267028809,8.307607650756836
2015-12-28,9.90999984741211,8.257613182067871
2015-12-29,9.880000114440918,8.232614517211914
2015-12-30,9.869999885559082,8.224281311035156
2015-12-31,9.84000015258789,8.199284553527832
2016-01-04,9.75,8.124290466308594
2016-01-05,9.710000038146973,8.090958595275879
2016-01-06,9.5600004196167,7.965969085693359
2016-01-07,9.210000038146973,7.67432975769043
2016-01-08,9.119999885559082,7.599335193634033
2016-01-11,9.010000228881836,7.507678031921387
2016-01-12,8.9399995803833,7.449349880218506
2016-01-13,8.619999885559082,7.182705402374268
2016-01-14,8.600000381469727,7.166040897369385
2016-01-15,8.289999961853027,6.907729148864746
2016-01-19,8.289999961853027,6.907729148864746
2016-01-20,8.079999923706055,6.732745170593262
2016-01-21,8.0,6.666083812713623
2016-01-22,8.369999885559082,6.974389553070068
2016-01-25,8.220000267028809,6.84940242767334
2016-01-26,8.420000076293945,7.016054153442383
2016-01-27,8.380000114440918,6.982723712921143
2016-01-28,8.380000114440918,6.982723712921143
2016-01-29,8.699999809265137,7.249364376068115
2016-02-01,8.75,7.291029453277588
2016-02-02,8.449999809265137,7.041051864624023
2016-02-03,8.550000190734863,7.124377250671387
2016-02-04,8.529999732971191,7.107712745666504
2016-02-05,8.369999885559082,6.974389553070068
2016-02-08,8.079999923706055,6.732745170593262
2016-02-09,8.039999961853027,6.69941520690918
2016-02-10,7.929999828338623,6.6077561378479
2016-02-11,7.769999980926514,6.474435329437256
2016-02-12,7.760000228881836,6.466102123260498
2016-02-16,8.050000190734863,6.707747459411621
2016-02-17,8.289999961853027,6.907729148864746
2016-02-18,8.289999961853027,6.907729148864746
2016-02-19,8.210000038146973,6.841068267822266
2016-02-22,8.319999694824219,6.932727813720703
2016-02-23,8.229999542236328,6.857733726501465
2016-02-24,8.369999885559082,6.974389553070068
2016-02-25,8.390000343322754,6.9910569190979
2016-02-26,8.399999618530273,6.999388217926025
2016-02-29,8.40999984741211,7.007719993591309
2016-03-01,8.630000114440918,7.191037654876709
2016-03-02,8.720000267028809,7.266031742095947
2016-03-03,8.859999656677246,7.382688045501709
2016-03-04,8.949999809265137,7.457683086395264
2016-03-07,9.029999732971191,7.524343013763428
2016-03-08,8.789999961853027,7.32435941696167
2016-03-09,8.930000305175781,7.441017150878906
2016-03-10,8.930000305175781,7.441017150878906
2016-03-11,9.100000381469727,7.582671165466309
2016-03-14,9.15999984741211,7.632665634155273
2016-03-15,9.010000228881836,7.507678031921387
2016-03-16,9.170000076293945,7.640999794006348
2016-03-17,9.319999694824219,7.765989303588867
2016-03-18,9.359999656677246,7.799320697784424
2016-03-21,9.319999694824219,7.765989303588867
2016-03-22,9.270000457763672,7.7243266105651855
2016-03-23,9.0600004196167,7.54934024810791
2016-03-24,8.989999771118164,7.4910125732421875
2016-03-28,9.09000015258789,7.574337005615234
2016-03-29,9.229999542236328,7.690993785858154
2016-03-30,9.350000381469727,7.790985584259033
2016-03-31,9.34000015258789,7.782652378082275
2016-04-01,9.279999732971191,7.732658386230469
2016-04-04,9.130000114440918,7.607667922973633
2016-04-05,9.0,7.499345779418945
2016-04-06,9.050000190734863,7.541008472442627
2016-04-07,8.899999618530273,7.416017532348633
2016-04-08,9.010000228881836,7.507678031921387
2016-04-11,9.050000190734863,7.541008472442627
2016-04-12,9.239999771118164,7.699326515197754
2016-04-13,9.380000114440918,7.815984725952148
2016-04-14,9.279999732971191,7.732658386230469
2016-04-15,9.229999542236328,7.690993785858154
2016-04-18,9.260000228881836,7.715994834899902
2016-04-19,9.34000015258789,7.782652378082275
2016-04-20,9.359999656677246,7.799320697784424
2016-04-21,9.329999923706055,7.774322032928467
2016-04-22,9.3100004196167,7.757655143737793
2016-04-25,9.170000076293945,7.640999794006348
2016-04-26,9.229999542236328,7.690993785858154
2016-04-27,9.390000343322754,7.824315547943115
2016-04-28,9.210000038146973,7.67432975769043
2016-04-29,9.199999809265137,7.66599702835083
2016-05-02,9.069999694824219,7.55767297744751
2016-05-03,8.850000381469727,7.374356269836426
2016-05-04,8.819999694824219,7.349358081817627
2016-05-05,8.699999809265137,7.249364376068115
2016-05-06,8.800000190734863,7.332695007324219
2016-05-09,8.630000114440918,7.191037654876709
2016-05-10,8.739999771118164,7.2826972007751465
2016-05-11,8.859999656677246,7.382688045501709
2016-05-12,8.729999542236328,7.274364948272705
2016-05-13,8.5600004196167,7.1327104568481445
2016-05-16,8.680000305175781,7.232701778411865
2016-05-17,8.640000343322754,7.199370861053467
2016-05-18,8.5,7.0827155113220215
2016-05-19,8.399999618530273,6.999388217926025
2016-05-20,8.550000190734863,7.124377250671387
2016-05-23,8.5600004196167,7.1327104568481445
2016-05-24,8.670000076293945,7.224370956420898
2016-05-25,8.699999809265137,7.249364376068115
2016-05-26,8.6899995803833,7.241034984588623
2016-05-27,8.65999984741211,7.216037273406982
2016-05-31,8.720000267028809,7.266031742095947
2016-06-01,8.890000343322754,7.407686710357666
2016-06-02,8.930000305175781,7.441017150878906
2016-06-03,8.90999984741211,7.424351692199707
2016-06-06,9.069999694824219,7.55767297744751
2016-06-07,9.119999885559082,7.599335193634033
2016-06-08,9.119999885559082,7.599335193634033
2016-06-09,9.020000457763672,7.5160112380981445
2016-06-10,8.640000343322754,7.199370861053467
2016-06-13,8.390000343322754,6.9910569190979
2016-06-14,8.300000190734863,6.916062831878662
2016-06-15,8.34000015258789,6.949393272399902
2016-06-16,8.430000305175781,7.024387359619141
2016-06-17,8.479999542236328,7.066050052642822
2016-06-20,8.739999771118164,7.2826972007751465
2016-06-21,8.539999961853027,7.249588966369629
2016-06-22,8.539999961853027,7.249588966369629
2016-06-23,8.739999771118164,7.419369697570801
2016-06-24,8.289999961853027,7.037364959716797
2016-06-27,8.15999984741211,6.927008628845215
2016-06-28,8.529999732971191,7.2411017417907715
2016-06-29,8.670000076293945,7.359948635101318
2016-06-30,8.779999732971191,7.453326225280762
2016-07-01,8.779999732971191,7.453326225280762
2016-07-05,8.710000038146973,7.39390230178833
2016-07-06,8.770000457763672,7.4448370933532715
2016-07-07,8.710000038146973,7.39390230178833
2016-07-08,8.920000076293945,7.572172164916992
2016-07-11,9.029999732971191,7.665550231933594
2016-07-12,9.09000015258789,7.716483116149902
2016-07-13,8.970000267028809,7.6146159172058105
2016-07-14,9.050000190734863,7.682529449462891
2016-07-15,9.0,7.640083312988281
2016-07-18,9.020000457763672,7.6570611000061035
2016-07-19,8.979999542236328,7.623104572296143
2016-07-20,9.100000381469727,7.724975109100342
2016-07-21,9.0600004196167,7.69101619720459
2016-07-22,9.130000114440918,7.750438690185547
2016-07-25,9.109999656677246,7.733462810516357
2016-07-26,9.229999542236328,7.835329055786133
2016-07-27,9.210000038146973,7.818353176116943
2016-07-28,9.100000381469727,7.724975109100342
2016-07-29,9.100000381469727,7.724975109100342
2016-08-01,9.130000114440918,7.750438690185547
2016-08-02,9.100000381469727,7.724975109100342
2016-08-03,9.149999618530273,7.767417907714844
2016-08-04,9.229999542236328,7.835329055786133
2016-08-05,9.199999809265137,7.809863090515137
2016-08-08,9.289999961853027,7.8862624168396
2016-08-09,9.289999961853027,7.8862624168396
2016-08-10,9.109999656677246,7.733462810516357
2016-08-11,9.15999984741211,7.775906085968018
2016-08-12,9.109999656677246,7.733462810516357
2016-08-15,9.260000228881836,7.8607988357543945
2016-08-16,9.220000267028809,7.826839447021484
2016-08-17,9.210000038146973,7.818353176116943
2016-08-18,9.390000343322754,7.9711527824401855
2016-08-19,9.369999885559082,7.95417594909668
2016-08-22,9.300000190734863,7.894753456115723
2016-08-23,9.300000190734863,7.894753456115723
2016-08-24,9.279999732971191,7.877774238586426
2016-08-25,9.270000457763672,7.869287967681885
2016-08-26,9.229999542236328,7.835329055786133
2016-08-29,9.260000228881836,7.8607988357543945
2016-08-30,9.279999732971191,7.877774238586426
2016-08-31,9.1899995803833,7.801373481750488
2016-09-01,9.220000267028809,7.826839447021484
2016-09-02,9.34000015258789,7.928708553314209
2016-09-06,9.579999923706055,8.1324462890625
2016-09-07,9.550000190734863,8.106977462768555
2016-09-08,9.640000343322754,8.183377265930176
2016-09-09,9.369999885559082,7.95417594909668
2016-09-12,9.420000076293945,7.996621131896973
2016-09-13,9.109999656677246,7.733462810516357
2016-09-14,9.010000228881836,7.648574352264404
2016-09-15,9.119999885559082,7.741950988769531
2016-09-16,9.029999732971191,7.665550231933594
2016-09-19,9.149999618530273,7.767417907714844
2016-09-20,9.170000076293945,7.784395694732666
2016-09-21,9.289999961853027,7.8862624168396
2016-09-22,9.420000076293945,7.996621131896973
2016-09-23,9.3100004196167,7.903243064880371
2016-09-26,9.220000267028809,7.826839447021484
2016-09-27,9.289999961853027,7.8862624168396
2016-09-28,9.350000381469727,7.937196731567383
2016-09-29,9.289999961853027,7.8862624168396
2016-09-30,9.15999984741211,7.775906085968018
2016-10-03,9.170000076293945,7.784395694732666
2016-10-04,9.0600004196167,7.69101619720459
2016-10-05,9.260000228881836,7.8607988357543945
2016-10-06,9.1899995803833,7.801373481750488
2016-10-07,9.0600004196167,7.69101619720459
2016-10-10,9.15999984741211,7.775906085968018
2016-10-11,8.949999809265137,7.597638130187988
2016-10-12,8.949999809265137,7.597638130187988
2016-10-13,9.0,7.640083312988281
2016-10-14,9.0600004196167,7.69101619720459
2016-10-17,9.0600004196167,7.69101619720459
2016-10-18,9.130000114440918,7.750438690185547
2016-10-19,9.199999809265137,7.809863090515137
2016-10-20,9.140000343322754,7.758930206298828
2016-10-21,9.020000457763672,7.6570611000061035
2016-10-24,9.050000190734863,7.682529449462891
2016-10-25,8.970000267028809,7.6146159172058105
2016-10-26,8.970000267028809,7.6146159172058105
2016-10-27,8.890000343322754,7.5467047691345215
2016-10-28,8.8100004196167,7.478792667388916
2016-10-31,8.859999656677246,7.521238327026367
2016-11-01,8.65999984741211,7.351458549499512
2016-11-02,8.550000190734863,7.258080005645752
2016-11-03,8.390000343322754,7.122255802154541
2016-11-04,8.359999656677246,7.09678840637207
2016-11-07,8.619999885559082,7.317501544952393
2016-11-08,8.649999618530273,7.3429694175720215
2016-11-09,8.220000267028809,6.977943420410156
2016-11-10,8.0,6.7911858558654785
2016-11-11,7.949999809265137,6.748739719390869
2016-11-14,7.860000133514404,6.67233943939209
2016-11-15,7.980000019073486,6.774208068847656
2016-11-16,7.869999885559082,6.680829048156738
2016-11-17,7.920000076293945,6.723273277282715
2016-11-18,7.889999866485596,6.697806358337402
2016-11-21,7.880000114440918,6.6893181800842285
2016-11-22,7.949999809265137,6.748739719390869
2016-11-23,7.989999771118164,6.7826948165893555
2016-11-25,8.020000457763672,6.808163166046143
2016-11-28,8.140000343322754,6.910031795501709
2016-11-29,8.020000457763672,6.808163166046143
2016-11-30,8.039999961853027,6.825141429901123
2016-12-01,7.96999979019165,6.765717506408691
2016-12-02,7.940000057220459,6.740251064300537
2016-12-05,8.020000457763672,6.808163166046143
2016-12-06,8.020000457763672,6.808163166046143
2016-12-07,8.170000076293945,6.935497283935547
2016-12-08,8.119999885559082,6.893052577972412
2016-12-09,8.079999923706055,6.859097003936768
2016-12-12,8.010000228881836,6.7996745109558105
2016-12-13,8.130000114440918,6.901541709899902
2016-12-14,7.909999847412109,6.714784145355225
2016-12-15,7.880000114440918,6.6893181800842285
2016-12-16,7.869999885559082,6.680829048156738
2016-12-19,8.0,6.7911858558654785
2016-12-20,7.940000057220459,6.740251064300537
2016-12-21,7.920000076293945,6.723273277282715
2016-12-22,7.860000133514404,6.796776294708252
2016-12-23,7.769999980926514,6.718950271606445
2016-12-27,7.849999904632568,6.788128852844238
2016-12-28,7.829999923706055,6.7708330154418945
2016-12-29,7.909999847412109,6.840012550354004
2016-12-30,7.880000114440918,6.814069747924805
2017-01-03,7.96999979019165,6.891895294189453
2017-01-04,8.109999656677246,7.01295804977417
2017-01-05,8.15999984741211,7.05619478225708
2017-01-06,8.119999885559082,7.021605014801025
2017-01-09,8.149999618530273,7.047545909881592
2017-01-10,8.15999984741211,7.05619478225708
2017-01-11,8.25,7.134021759033203
2017-01-12,8.279999732971191,7.159961700439453
2017-01-13,8.260000228881836,7.142665863037109
2017-01-17,8.350000381469727,7.220493316650391
2017-01-18,8.300000190734863,7.1772565841674805
2017-01-19,8.260000228881836,7.142665863037109
2017-01-20,8.289999961853027,7.168610095977783
2017-01-23,8.289999961853027,7.168610095977783
2017-01-24,8.329999923706055,7.203197479248047
2017-01-25,8.390000343322754,7.255085468292236
2017-01-26,8.319999694824219,7.194551944732666
2017-01-27,8.319999694824219,7.194551944732666
2017-01-30,8.229999542236328,7.116724967956543
2017-01-31,8.25,7.134021759033203
2017-02-01,8.359999656677246,7.229140758514404
2017-02-02,8.350000381469727,7.220493316650391
2017-02-03,8.430000305175781,7.2896728515625
2017-02-06,8.329999923706055,7.203197479248047
2017-02-07,8.300000190734863,7.1772565841674805
2017-02-08,8.359999656677246,7.229140758514404
2017-02-09,8.399999618530273,7.263728618621826
2017-02-10,8.510000228881836,7.358849048614502
2017-02-13,8.59000015258789,7.428029537200928
2017-02-14,8.649999618530273,7.479912281036377
2017-02-15,8.699999809265137,7.523147106170654
2017-02-16,8.720000267028809,7.540443420410156
2017-02-17,8.729999542236328,7.549090385437012
2017-02-21,8.829999923706055,7.635563373565674
2017-02-22,8.760000228881836,7.575033187866211
2017-02-23,8.729999542236328,7.549090385437012
2017-02-24,8.649999618530273,7.479912281036377
2017-02-27,8.65999984741211,7.488560199737549
2017-02-28,8.609999656677246,7.4453229904174805
2017-03-01,8.699999809265137,7.523147106170654
2017-03-02,8.630000114440918,7.462615966796875
2017-03-03,8.670000076293945,7.497204303741455
2017-03-06,8.600000381469727,7.436672687530518
2017-03-07,8.619999885559082,7.453970909118652
2017-03-08,8.59000015258789,7.428029537200928
2017-03-09,8.520000457763672,7.367498397827148
2017-03-10,8.539999961853027,7.384790897369385
2017-03-13,8.609999656677246,7.4453229904174805
2017-03-14,8.5600004196167,7.4020867347717285
2017-03-15,8.680000305175781,7.505855083465576
2017-03-16,8.739999771118164,7.557736873626709
2017-03-17,8.710000038146973,7.531796932220459
2017-03-20,8.680000305175781,7.505855083465576
2017-03-21,8.510000228881836,7.358849048614502
2017-03-22,8.479999542236328,7.3329081535339355
2017-03-23,8.479999542236328,7.3329081535339355
2017-03-24,8.5,7.350203037261963
2017-03-27,8.479999542236328,7.3329081535339355
2017-03-28,8.550000190734863,7.393439292907715
2017-03-29,8.579999923706055,7.4193806648254395
2017-03-30,8.5,7.350203037261963
2017-03-31,8.5600004196167,7.4020867347717285
2017-04-03,8.550000190734863,7.393439292907715
2017-04-04,8.59000015258789,7.428029537200928
2017-04-05,8.5,7.350203037261963
2017-04-06,8.5,7.350203037261963
2017-04-07,8.5,7.350203037261963
2017-04-10,8.5600004196167,7.4020867347717285
2017-04-11,8.550000190734863,7.393439292907715
2017-04-12,8.529999732971191,7.376141548156738
2017-04-13,8.460000038146973,7.315614223480225
2017-04-17,8.579999923706055,7.4193806648254395
2017-04-18,8.5,7.350203037261963
2017-04-19,8.449999809265137,7.306966304779053
2017-04-20,8.470000267028809,7.32426118850708
2017-04-21,8.430000305175781,7.2896728515625
2017-04-24,8.529999732971191,7.376141548156738
2017-04-25,8.5600004196167,7.4020867347717285
2017-04-26,8.520000457763672,7.367498397827148
2017-04-27,8.479999542236328,7.3329081535339355
2017-04-28,8.479999542236328,7.3329081535339355
2017-05-01,8.550000190734863,7.393439292907715
2017-05-02,8.649999618530273,7.479912281036377
2017-05-03,8.619999885559082,7.453970909118652
2017-05-04,8.59000015258789,7.428029537200928
2017-05-05,8.739999771118164,7.557736873626709
2017-05-08,8.59000015258789,7.428029537200928
2017-05-09,8.6899995803833,7.514500141143799
2017-05-10,8.699999809265137,7.523147106170654
2017-05-11,8.619999885559082,7.453970909118652
2017-05-12,8.670000076293945,7.497204303741455
2017-05-15,8.770000457763672,7.583680152893066
2017-05-16,8.729999542236328,7.549090385437012
2017-05-17,8.630000114440918,7.462615966796875
2017-05-18,8.460000038146973,7.315614223480225
2017-05-19,8.59000015258789,7.428029537200928
2017-05-22,8.579999923706055,7.4193806648254395
2017-05-23,8.65999984741211,7.488560199737549
2017-05-24,8.680000305175781,7.505855083465576
2017-05-25,8.739999771118164,7.557736873626709
2017-05-26,8.729999542236328,7.549090385437012
2017-05-30,8.720000267028809,7.540443420410156
2017-05-31,8.6899995803833,7.514500141143799
2017-06-01,8.710000038146973,7.531796932220459
2017-06-02,8.710000038146973,7.531796932220459
2017-06-05,8.710000038146973,7.531796932220459
2017-06-06,8.699999809265137,7.523147106170654
2017-06-07,8.640000343322754,7.47126579284668
2017-06-08,8.65999984741211,7.488560199737549
2017-06-09,8.579999923706055,7.4193806648254395
2017-06-12,8.579999923706055,7.4193806648254395
2017-06-13,8.579999923706055,7.4193806648254395
2017-06-14,8.579999923706055,7.4193806648254395
2017-06-15,8.5,7.350203037261963
2017-06-16,8.550000190734863,7.393439292907715
2017-06-19,8.579999923706055,7.4193806648254395
2017-06-20,8.3100004196167,7.3076982498168945
2017-06-21,8.359999656677246,7.351668834686279
2017-06-22,8.449999809265137,7.430813312530518
2017-06-23,8.489999771118164,7.465987205505371
2017-06-26,8.5600004196167,7.527545928955078
2017-06-27,8.529999732971191,7.501161098480225
2017-06-28,8.640000343322754,7.597897529602051
2017-06-29,8.489999771118164,7.465987205505371
2017-06-30,8.5600004196167,7.527545928955078
2017-07-03,8.600000381469727,7.562718391418457
2017-07-05,8.520000457763672,7.49237060546875
2017-07-06,8.550000190734863,7.518751621246338
2017-07-07,8.569999694824219,7.536341190338135
2017-07-10,8.579999923706055,7.545132637023926
2017-07-11,8.550000190734863,7.518751621246338
2017-07-12,8.680000305175781,7.633072376251221
2017-07-13,8.65999984741211,7.615484714508057
2017-07-14,8.800000190734863,7.7385993003845215
2017-07-17,8.789999961853027,7.72980260848999
2017-07-18,8.869999885559082,7.800156116485596
2017-07-19,8.989999771118164,7.905679702758789
2017-07-20,9.0,7.914472579956055
2017-07-21,8.989999771118164,7.905679702758789
2017-07-24,8.979999542236328,7.896888732910156
2017-07-25,8.989999771118164,7.905679702758789
2017-07-26,9.109999656677246,8.011207580566406
2017-07-27,8.899999618530273,7.826535701751709
2017-07-28,9.010000228881836,7.9232683181762695
2017-07-31,9.029999732971191,7.940857887268066
2017-08-01,9.039999961853027,7.949648857116699
2017-08-02,9.010000228881836,7.9232683181762695
2017-08-03,9.050000190734863,7.958445072174072
2017-08-04,9.100000381469727,8.00241470336914
2017-08-07,9.1899995803833,8.081561088562012
2017-08-08,9.149999618530273,8.046381950378418
2017-08-09,9.069999694824219,7.976031303405762
2017-08-10,8.949999809265137,7.8705034255981445
2017-08-11,8.960000038146973,7.879298686981201
2017-08-14,9.039999961853027,7.949648857116699
2017-08-15,9.0600004196167,7.967237949371338
2017-08-16,9.119999885559082,8.020002365112305
2017-08-17,8.90999984741211,7.835332870483398
2017-08-18,9.029999732971191,7.940857887268066
2017-08-21,8.930000305175781,7.8529181480407715
2017-08-22,8.949999809265137,7.8705034255981445
2017-08-23,9.020000457763672,7.932063579559326
2017-08-24,9.020000457763672,7.932063579559326
2017-08-25,9.050000190734863,7.958445072174072
2017-08-28,9.069999694824219,7.976031303405762
2017-08-29,9.069999694824219,7.976031303405762
2017-08-30,9.109999656677246,8.011207580566406
2017-08-31,9.130000114440918,8.02879524230957
2017-09-01,9.15999984741211,8.055177688598633
2017-09-05,9.0600004196167,7.967237949371338
2017-09-06,9.140000343322754,8.037588119506836
2017-09-07,9.130000114440918,8.02879524230957
2017-09-08,9.100000381469727,8.00241470336914
2017-09-11,9.15999984741211,8.055177688598633
2017-09-12,9.199999809265137,8.090352058410645
2017-09-13,9.130000114440918,8.02879524230957
2017-09-14,9.270000457763672,8.151908874511719
2017-09-15,9.239999771118164,8.125528335571289
2017-09-18,9.170000076293945,8.063972473144531
2017-09-19,9.220000267028809,8.107941627502441
2017-09-20,9.180000305175781,8.072765350341797
2017-09-21,9.149999618530273,8.046381950378418
2017-09-22,9.170000076293945,8.063972473144531
2017-09-25,8.970000267028809,7.888092517852783
2017-09-26,8.960000038146973,7.879298686981201
2017-09-27,9.010000228881836,7.9232683181762695
2017-09-28,8.970000267028809,7.888092517852783
2017-09-29,8.979999542236328,7.896888732910156
2017-10-02,9.029999732971191,7.940857887268066
2017-10-03,9.119999885559082,8.020002365112305
2017-10-04,9.100000381469727,8.00241470336914
2017-10-05,9.100000381469727,8.00241470336914
2017-10-06,9.100000381469727,8.00241470336914
2017-10-09,9.0600004196167,7.967237949371338
2017-10-10,9.149999618530273,8.046381950378418
2017-10-11,9.170000076293945,8.063972473144531
2017-10-12,9.199999809265137,8.090352058410645
2017-10-13,9.239999771118164,8.125528335571289
2017-10-16,9.149999618530273,8.046381950378418
2017-10-17,9.25,8.134323120117188
2017-10-18,9.239999771118164,8.125528335571289
2017-10-19,9.15999984741211,8.055177688598633
2017-10-20,9.140000343322754,8.037588119506836
2017-10-23,9.15999984741211,8.055177688598633
2017-10-24,9.140000343322754,8.037588119506836
2017-10-25,9.15999984741211,8.055177688598633
2017-10-26,9.15999984741211,8.055177688598633
2017-10-27,9.3100004196167,8.187088012695312
2017-10-30,9.3100004196167,8.187088012695312
2017-10-31,9.3100004196167,8.187088012695312
2017-11-01,9.300000190734863,8.178292274475098
2017-11-02,9.329999923706055,8.204672813415527
2017-11-03,9.25,8.134323120117188
2017-11-06,9.329999923706055,8.204672813415527
2017-11-07,9.15999984741211,8.055177688598633
2017-11-08,9.279999732971191,8.160703659057617
2017-11-09,9.119999885559082,8.020002365112305
2017-11-10,9.050000190734863,7.958445072174072
2017-11-13,9.069999694824219,7.976031303405762
2017-11-14,9.0600004196167,7.967237949371338
2017-11-15,8.979999542236328,7.896888732910156
2017-11-16,9.069999694824219,7.976031303405762
2017-11-17,8.979999542236328,7.896888732910156
2017-11-20,8.970000267028809,7.888092517852783
2017-11-21,8.970000267028809,7.888092517852783
2017-11-22,9.010000228881836,7.9232683181762695
2017-11-24,9.029999732971191,7.940857887268066
2017-11-27,8.920000076293945,7.844125270843506
2017-11-28,9.050000190734863,7.958445072174072
2017-11-29,8.9399995803833,7.861711025238037
2017-11-30,8.90999984741211,7.835332870483398
2017-12-01,8.84000015258789,7.773776054382324
2017-12-04,8.65999984741211,7.615484714508057
2017-12-05,8.699999809265137,7.650658130645752
2017-12-06,8.699999809265137,7.650658130645752
2017-12-07,8.789999961853027,7.72980260848999
2017-12-08,8.930000305175781,7.8529181480407715
2017-12-11,8.920000076293945,7.844125270843506
2017-12-12,8.90999984741211,7.835332870483398
2017-12-13,8.979999542236328,7.896888732910156
2017-12-14,9.0,7.914472579956055
2017-12-15,9.050000190734863,7.958445072174072
2017-12-18,9.130000114440918,8.02879524230957
2017-12-19,9.050000190734863,7.958445072174072
2017-12-20,9.109999656677246,8.011207580566406
2017-12-21,9.130000114440918,8.10800552368164
2017-12-22,9.140000343322754,8.116886138916016
2017-12-26,9.149999618530273,8.125767707824707
2017-12-27,9.229999542236328,8.19681167602539
2017-12-28,9.279999732971191,8.241215705871582
2017-12-29,9.319999694824219,8.276739120483398
2018-01-02,9.460000038146973,8.401066780090332
2018-01-03,9.4399995803833,8.383306503295898
2018-01-04,9.369999885559082,8.32114028930664
2018-01-05,9.399999618530273,8.347782135009766
2018-01-08,9.539999961853027,8.472111701965332
2018-01-09,9.520000457763672,8.454351425170898
2018-01-10,9.5,8.4365873336792
2018-01-11,9.6899995803833,8.605320930480957
2018-01-12,9.65999984741211,8.578680992126465
2018-01-16,9.619999885559082,8.543157577514648
2018-01-17,9.680000305175781,8.596439361572266
2018-01-18,9.609999656677246,8.534273147583008
2018-01-19,9.630000114440918,8.552038192749023
2018-01-22,9.630000114440918,8.552038192749023
2018-01-23,9.600000381469727,8.525397300720215
2018-01-24,9.5600004196167,8.489872932434082
2018-01-25,9.59000015258789,8.51651382446289
2018-01-26,9.59000015258789,8.51651382446289
2018-01-29,9.5600004196167,8.489872932434082
2018-01-30,9.5600004196167,8.489872932434082
2018-01-31,9.569999694824219,8.498754501342773
2018-02-01,9.520000457763672,8.454351425170898
2018-02-02,9.3100004196167,8.267860412597656
2018-02-05,9.020000457763672,8.010318756103516
2018-02-06,9.100000381469727,8.081364631652832
2018-02-07,9.050000190734863,8.036962509155273
2018-02-08,8.8100004196167,7.823826313018799
2018-02-09,8.850000381469727,7.859350204467773
2018-02-12,9.010000228881836,8.001439094543457
2018-02-13,9.130000114440918,8.10800552368164
2018-02-14,9.25,8.214573860168457
2018-02-15,9.449999809265137,8.39218521118164
2018-02-16,9.489999771118164,8.427709579467773
2018-02-20,9.449999809265137,8.39218521118164
2018-02-21,9.5,8.4365873336792
2018-02-22,9.520000457763672,8.454351425170898
2018-02-23,9.460000038146973,8.401066780090332
2018-02-26,9.579999923706055,8.5076322555542
2018-02-27,9.4399995803833,8.383306503295898
2018-02-28,9.359999656677246,8.31225872039795
2018-03-01,9.300000190734863,8.258978843688965
2018-03-02,9.359999656677246,8.31225872039795
2018-03-05,9.390000343322754,8.338905334472656
2018-03-06,9.460000038146973,8.401066780090332
2018-03-07,9.479999542236328,8.418829917907715
2018-03-08,9.470000267028809,8.409945487976074
2018-03-09,9.539999961853027,8.472111701965332
2018-03-12,9.59000015258789,8.51651382446289
2018-03-13,9.569999694824219,8.498754501342773
2018-03-14,9.59000015258789,8.51651382446289
2018-03-15,9.600000381469727,8.525397300720215
2018-03-16,9.529999732971191,8.463232040405273
2018-03-19,9.579999923706055,8.5076322555542
2018-03-20,9.65999984741211,8.578680992126465
2018-03-21,9.6899995803833,8.605320930480957
2018-03-22,9.520000457763672,8.454351425170898
2018-03-23,9.390000343322754,8.338905334472656
2018-03-26,9.720000267028809,8.631963729858398
2018-03-27,9.569999694824219,8.498754501342773
2018-03-28,9.479999542236328,8.418829917907715
2018-03-29,9.520000457763672,8.454351425170898
2018-04-02,9.380000114440918,8.330021858215332
2018-04-03,9.600000381469727,8.525397300720215
2018-04-04,9.6899995803833,8.605320930480957
2018-04-05,9.760000228881836,8.667487144470215
2018-04-06,9.619999885559082,8.543157577514648
2018-04-09,9.75,8.658607482910156
2018-04-10,9.8100004196167,8.711889266967773
2018-04-11,9.779999732971191,8.685246467590332
2018-04-12,9.829999923706055,8.729650497436523
2018-04-13,9.739999771118164,8.649725914001465
2018-04-16,9.680000305175781,8.596439361572266
2018-04-17,9.75,8.658607482910156
2018-04-18,9.84000015258789,8.738530158996582
2018-04-19,9.829999923706055,8.729650497436523
2018-04-20,9.789999961853027,8.69412612915039
2018-04-23,9.710000038146973,8.62308406829834
2018-04-24,9.640000343322754,8.560919761657715
2018-04-25,9.609999656677246,8.534273147583008
2018-04-26,9.729999542236328,8.640843391418457
2018-04-27,9.899999618530273,8.791813850402832
2018-04-30,9.850000381469727,8.747413635253906
2018-05-01,9.859999656677246,8.756292343139648
2018-05-02,9.8100004196167,8.711889266967773
2018-05-03,9.789999961853027,8.69412612915039
2018-05-04,9.8100004196167,8.711889266967773
2018-05-07,9.859999656677246,8.756292343139648
2018-05-08,9.739999771118164,8.649725914001465
2018-05-09,9.829999923706055,8.729650497436523
2018-05-10,10.010000228881836,8.889500617980957
2018-05-11,9.930000305175781,8.818455696105957
2018-05-14,9.979999542236328,8.862857818603516
2018-05-15,9.949999809265137,8.836217880249023
2018-05-16,9.979999542236328,8.862857818603516
2018-05-17,9.949999809265137,8.836217880249023
2018-05-18,9.869999885559082,8.765172004699707
2018-05-21,9.989999771118164,8.87174129486084
2018-05-22,10.020000457763672,8.8983793258667
2018-05-23,9.979999542236328,8.862857818603516
2018-05-24,9.859999656677246,8.756292343139648
2018-05-25,9.739999771118164,8.649725914001465
2018-05-29,9.59000015258789,8.51651382446289
2018-05-30,9.75,8.658607482910156
2018-05-31,9.710000038146973,8.62308406829834
2018-06-01,9.65999984741211,8.578680992126465
2018-06-04,9.4399995803833,8.383306503295898
2018-06-05,9.300000190734863,8.258978843688965
2018-06-06,9.289999961853027,8.250096321105957
2018-06-07,9.199999809265137,8.170170783996582
2018-06-08,9.270000457763672,8.232337951660156
2018-06-11,9.210000038146973,8.179054260253906
2018-06-12,9.210000038146973,8.179054260253906
2018-06-13,9.210000038146973,8.179054260253906
2018-06-14,9.1899995803833,8.161291122436523
2018-06-15,9.15999984741211,8.134650230407715
2018-06-18,9.109999656677246,8.09024429321289
2018-06-19,8.9399995803833,8.04883098602295
2018-06-20,8.9399995803833,8.04883098602295
2018-06-21,8.880000114440918,7.994812488555908
2018-06-22,8.949999809265137,8.057830810546875
2018-06-25,8.899999618530273,8.0128173828125
2018-06-26,8.819999694824219,7.940792560577393
2018-06-27,8.65999984741211,7.796742916107178
2018-06-28,8.65999984741211,7.796742916107178
2018-06-29,8.729999542236328,7.8597636222839355
2018-07-02,8.729999542236328,7.8597636222839355
2018-07-03,8.770000457763672,7.895778179168701
2018-07-05,8.789999961853027,7.913783550262451
2018-07-06,8.880000114440918,7.994812488555908
2018-07-09,9.0,8.102850914001465
2018-07-10,8.970000267028809,8.07583999633789
2018-07-11,8.859999656677246,7.976806640625
2018-07-12,8.970000267028809,8.07583999633789
2018-07-13,8.920000076293945,8.03082275390625
2018-07-16,8.880000114440918,7.994812488555908
2018-07-17,8.880000114440918,7.994812488555908
2018-07-18,8.899999618530273,8.0128173828125
2018-07-19,8.899999618530273,8.0128173828125
2018-07-20,8.949999809265137,8.057830810546875
2018-07-23,8.9399995803833,8.04883098602295
2018-07-24,9.050000190734863,8.147867202758789
2018-07-25,9.199999809265137,8.282913208007812
2018-07-26,9.079999923706055,8.17487621307373
2018-07-27,9.100000381469727,8.19288158416748
2018-07-30,9.119999885559082,8.21088981628418
2018-07-31,9.109999656677246,8.201884269714355
2018-08-01,9.0600004196167,8.156868934631348
2018-08-02,9.020000457763672,8.120855331420898
2018-08-03,8.970000267028809,8.07583999633789
2018-08-06,8.9399995803833,8.04883098602295
2018-08-07,8.930000305175781,8.03982925415039
2018-08-08,8.930000305175781,8.03982925415039
2018-08-09,8.90999984741211,8.021822929382324
2018-08-10,8.739999771118164,7.868767738342285
2018-08-13,8.649999618530273,7.787740230560303
2018-08-14,8.510000228881836,7.6616950035095215
2018-08-15,8.380000114440918,7.54465389251709
2018-08-16,8.479999542236328,7.6346845626831055
2018-08-17,8.529999732971191,7.679699420928955
2018-08-20,8.649999618530273,7.787740230560303
2018-08-21,8.739999771118164,7.868767738342285
2018-08-22,8.720000267028809,7.850761890411377
2018-08-23,8.609999656677246,7.751725673675537
2018-08-24,8.6899995803833,7.823749542236328
2018-08-27,8.770000457763672,7.895778179168701
2018-08-28,8.729999542236328,7.8597636222839355
2018-08-29,8.779999732971191,7.90477991104126
2018-08-30,8.649999618530273,7.787740230560303
2018-08-31,8.720000267028809,7.850761890411377
2018-09-04,8.59000015258789,7.733719348907471
2018-09-05,8.539999961853027,7.688704490661621
2018-09-06,8.539999961853027,7.688704490661621
2018-09-07,8.489999771118164,7.643685817718506
2018-09-10,8.489999771118164,7.643685817718506
2018-09-11,8.520000457763672,7.670698642730713
2018-09-12,8.539999961853027,7.688704490661621
2018-09-13,8.489999771118164,7.643685817718506
2018-09-14,8.470000267028809,7.625682830810547
2018-09-17,8.489999771118164,7.643685817718506
2018-09-18,8.59000015258789,7.733719348907471
2018-09-19,8.619999885559082,7.7607293128967285
2018-09-20,8.710000038146973,7.841759204864502
2018-09-21,8.739999771118164,7.868767738342285
2018-09-24,8.65999984741211,7.796742916107178
2018-09-25,8.619999885559082,7.7607293128967285
2018-09-26,8.619999885559082,7.7607293128967285
2018-09-27,8.609999656677246,7.751725673675537
2018-09-28,8.600000381469727,7.742722988128662
2018-10-01,8.579999923706055,7.724714279174805
2018-10-02,8.649999618530273,7.787740230560303
2018-10-03,8.609999656677246,7.751725673675537
2018-10-04,8.489999771118164,7.643685817718506
2018-10-05,8.430000305175781,7.5896711349487305
2018-10-08,8.5,7.65269136428833
2018-10-09,8.510000228881836,7.6616950035095215
2018-10-10,8.25,7.427614212036133
2018-10-11,8.149999618530273,7.337579727172852
2018-10-12,8.300000190734863,7.472628116607666
2018-10-15,8.270000457763672,7.445618629455566
2018-10-16,8.4399995803833,7.598671913146973
2018-10-17,8.420000076293945,7.5806660652160645
2018-10-18,8.329999923706055,7.499637126922607
2018-10-19,8.359999656677246,7.526647567749023
2018-10-22,8.369999885559082,7.535650253295898
2018-10-23,8.210000038146973,7.391599178314209
2018-10-24,8.020000457763672,7.220540523529053
2018-10-25,8.140000343322754,7.328578472137451
2018-10-26,8.079999923706055,7.2745585441589355
2018-10-29,7.909999847412109,7.121504783630371
2018-10-30,8.020000457763672,7.220540523529053
2018-10-31,8.109999656677246,7.301568508148193
2018-11-01,8.34000015258789,7.508641719818115
2018-11-02,8.34000015258789,7.508641719818115
2018-11-05,8.460000038146973,7.616680145263672
2018-11-06,8.550000190734863,7.697707176208496
2018-11-07,8.789999961853027,7.913783550262451
2018-11-08,8.729999542236328,7.8597636222839355
2018-11-09,8.649999618530273,7.787740230560303
2018-11-12,8.619999885559082,7.7607293128967285
2018-11-13,8.619999885559082,7.7607293128967285
2018-11-14,8.600000381469727,7.742722988128662
2018-11-15,8.65999984741211,7.796742916107178
2018-11-16,8.720000267028809,7.850761890411377
2018-11-19,8.630000114440918,7.769733428955078
2018-11-20,8.489999771118164,7.643685817718506
2018-11-21,8.649999618530273,7.787740230560303
2018-11-23,8.640000343322754,7.778736591339111
2018-11-26,8.699999809265137,7.832753658294678
2018-11-27,8.850000381469727,7.967803478240967
2018-11-28,9.029999732971191,8.129860877990723
2018-11-29,9.0,8.102850914001465
2018-11-30,8.989999771118164,8.09384536743164
2018-12-03,9.09000015258789,8.183879852294922
2018-12-04,8.970000267028809,8.07583999633789
2018-12-06,8.930000305175781,8.03982925415039
2018-12-07,8.720000267028809,7.850761890411377
2018-12-10,8.729999542236328,7.8597636222839355
2018-12-11,8.729999542236328,7.8597636222839355
2018-12-12,8.859999656677246,7.976806640625
2018-12-13,8.75,7.877771854400635
2018-12-14,8.760000228881836,7.886774063110352
2018-12-17,8.550000190734863,7.697707176208496
2018-12-18,8.399999618530273,7.656689167022705
2018-12-19,8.300000190734863,7.56553840637207
2018-12-20,8.210000038146973,7.48350191116333
2018-12-21,8.029999732971191,7.319430828094482
2018-12-24,8.010000228881836,7.3012003898620605
2018-12-26,8.25,7.519964694976807
2018-12-27,8.210000038146973,7.48350191116333
2018-12-28,8.229999542236328,7.501732349395752
2018-12-31,8.260000228881836,7.52907657623291
2019-01-02,8.319999694824219,7.58376932144165
2019-01-03,8.25,7.519964694976807
2019-01-04,8.5,7.747840404510498
2019-01-07,8.569999694824219,7.811648368835449
2019-01-08,8.670000076293945,7.90279483795166
2019-01-09,8.739999771118164,7.966602802276611
2019-01-10,8.84000015258789,8.057756423950195
2019-01-11,8.890000343322754,8.1033296585083
2019-01-14,8.850000381469727,8.066869735717773
2019-01-15,8.800000190734863,8.021294593811035
2019-01-16,8.829999923706055,8.048640251159668
2019-01-17,8.960000038146973,8.167136192321777
2019-01-18,8.949999809265137,8.158018112182617
2019-01-22,8.84000015258789,8.057756423950195
2019-01-23,8.949999809265137,8.158018112182617
2019-01-24,9.149999618530273,8.340322494506836
2019-01-25,9.210000038146973,8.395015716552734
2019-01-28,9.15999984741211,8.349438667297363
2019-01-29,9.260000228881836,8.440589904785156
2019-01-30,9.319999694824219,8.495280265808105
2019-01-31,9.489999771118164,8.650237083435059
2019-02-01,9.5,8.65934944152832
2019-02-04,9.489999771118164,8.650237083435059
2019-02-05,9.5600004196167,8.714041709899902
2019-02-06,9.5,8.65934944152832
2019-02-07,9.399999618530273,8.568199157714844
2019-02-08,9.380000114440918,8.549970626831055
2019-02-11,9.460000038146973,8.622891426086426
2019-02-12,9.539999961853027,8.69581127166748
2019-02-13,9.550000190734863,8.704926490783691
2019-02-14,9.640000343322754,8.786964416503906
2019-02-15,9.600000381469727,8.750503540039062
2019-02-19,9.670000076293945,8.814308166503906
2019-02-20,9.619999885559082,8.768733024597168
2019-02-21,9.680000305175781,8.823421478271484
2019-02-22,9.770000457763672,8.905461311340332
2019-02-25,9.8100004196167,8.941919326782227
2019-02-26,9.829999923706055,8.960149765014648
2019-02-27,9.760000228881836,8.896345138549805
2019-02-28,9.699999809265137,8.841652870178223
2019-03-01,9.6899995803833,8.832537651062012
2019-03-04,9.710000038146973,8.850770950317383
2019-03-05,9.779999732971191,8.914573669433594
2019-03-06,9.649999618530273,8.796077728271484
2019-03-07,9.510000228881836,8.668466567993164
2019-03-08,9.5,8.65934944152832
2019-03-11,9.720000267028809,8.859884262084961
2019-03-12,9.800000190734863,8.9328031539917
2019-03-13,9.880000114440918,9.005725860595703
2019-03-14,9.829999923706055,8.960149765014648
2019-03-15,9.829999923706055,8.960149765014648
2019-03-18,9.930000305175781,9.051301002502441
2019-03-19,9.880000114440918,9.005725860595703
2019-03-20,9.949999809265137,9.069531440734863
2019-03-21,9.829999923706055,8.960149765014648
2019-03-22,9.640000343322754,8.786964416503906
2019-03-25,9.619999885559082,8.768733024597168
2019-03-26,9.6899995803833,8.832537651062012
2019-03-27,9.600000381469727,8.750503540039062
2019-03-28,9.720000267028809,8.859884262084961
2019-03-29,9.760000228881836,8.896345138549805
2019-04-01,9.850000381469727,8.97838306427002
2019-04-02,9.890000343322754,9.014839172363281
2019-04-03,9.899999618530273,9.023953437805176
2019-04-04,9.979999542236328,9.096874237060547
2019-04-05,10.100000381469727,9.206260681152344
2019-04-08,10.09000015258789,9.197142601013184
2019-04-09,10.020000457763672,9.133334159851074
2019-04-10,10.140000343322754,9.242716789245605
2019-04-11,10.039999961853027,9.151565551757812
2019-04-12,10.020000457763672,9.133334159851074
2019-04-15,10.09000015258789,9.197142601013184
2019-04-16,10.079999923706055,9.188029289245605
2019-04-17,10.130000114440918,9.233602523803711
2019-04-18,10.100000381469727,9.206260681152344
2019-04-22,10.100000381469727,9.206260681152344
2019-04-23,10.1899995803833,9.288293838500977
2019-04-24,10.140000343322754,9.242716789245605
2019-04-25,10.100000381469727,9.206260681152344
2019-04-26,10.119999885559082,9.224488258361816
2019-04-29,10.119999885559082,9.224488258361816
2019-04-30,10.15999984741211,9.260946273803711
2019-05-01,10.119999885559082,9.224488258361816
2019-05-02,10.069999694824219,9.178912162780762
2019-05-03,10.220000267028809,9.315638542175293
2019-05-06,10.0600004196167,9.169798851013184
2019-05-07,10.119999885559082,9.224488258361816
2019-05-08,10.079999923706055,9.188029289245605
2019-05-09,10.0,9.115104675292969
2019-05-10,10.079999923706055,9.188029289245605
2019-05-13,9.800000190734863,8.9328031539917
2019-05-14,9.90999984741211,9.033068656921387
2019-05-15,9.930000305175781,9.051301002502441
2019-05-16,10.010000228881836,9.124220848083496
2019-05-17,9.880000114440918,9.005725860595703
2019-05-20,9.850000381469727,8.97838306427002
2019-05-21,9.979999542236328,9.096874237060547
2019-05-22,10.039999961853027,9.151565551757812
2019-05-23,9.850000381469727,8.97838306427002
2019-05-24,9.899999618530273,9.023953437805176
2019-05-28,10.039999961853027,9.151565551757812
2019-05-29,9.960000038146973,9.078646659851074
2019-05-30,10.039999961853027,9.151565551757812
2019-05-31,9.989999771118164,9.105993270874023
2019-06-03,10.149999618530273,9.25183391571045
2019-06-04,10.270000457763672,9.361213684082031
2019-06-05,10.25,9.34298324584961
2019-06-06,10.229999542236328,9.324752807617188
2019-06-07,10.40999984741211,9.488825798034668
2019-06-10,10.40999984741211,9.488825798034668
2019-06-11,10.449999809265137,9.525284767150879
2019-06-12,10.390000343322754,9.470596313476562
2019-06-13,10.5,9.570862770080566
2019-06-14,10.420000076293945,9.497940063476562
2019-06-17,10.289999961853027,9.45018482208252
2019-06-18,10.470000267028809,9.615494728088379
2019-06-19,10.5,9.643047332763672
2019-06-20,10.649999618530273,9.780802726745605
2019-06-21,10.609999656677246,9.744067192077637
2019-06-24,10.609999656677246,9.744067192077637
2019-06-25,10.5,9.643047332763672
2019-06-26,10.520000457763672,9.661413192749023
2019-06-27,10.609999656677246,9.744067192077637
2019-06-28,10.640000343322754,9.771620750427246
2019-07-01,10.720000267028809,9.845093727111816
2019-07-02,10.75,9.872641563415527
2019-07-03,10.850000381469727,9.964481353759766
2019-07-05,10.850000381469727,9.964481353759766
2019-07-08,10.84000015258789,9.955296516418457
2019-07-09,10.84000015258789,9.955296516418457
2019-07-10,10.850000381469727,9.964481353759766
2019-07-11,10.829999923706055,9.946113586425781
2019-07-12,10.779999732971191,9.900193214416504
2019-07-15,10.75,9.872641563415527
2019-07-16,10.739999771118164,9.863457679748535
2019-07-17,10.779999732971191,9.900193214416504
2019-07-18,10.850000381469727,9.964481353759766
2019-07-19,10.8100004196167,9.927746772766113
2019-07-22,10.84000015258789,9.955296516418457
2019-07-23,10.760000228881836,9.881827354431152
2019-07-24,10.779999732971191,9.900193214416504
2019-07-25,10.720000267028809,9.845093727111816
2019-07-26,10.739999771118164,9.863457679748535
2019-07-29,10.75,9.872641563415527
2019-07-30,10.630000114440918,9.762435913085938
2019-07-31,10.729999542236328,9.854275703430176
2019-08-01,10.75,9.872641563415527
2019-08-02,10.770000457763672,9.891009330749512
2019-08-05,10.380000114440918,9.53283977508545
2019-08-06,10.520000457763672,9.661413192749023
2019-08-07,10.789999961853027,9.909377098083496
2019-08-08,10.989999771118164,10.093053817749023
2019-08-09,10.9399995803833,10.047136306762695
2019-08-12,10.850000381469727,9.964481353759766
2019-08-13,10.960000038146973,10.06550407409668
2019-08-14,10.680000305175781,9.808356285095215
2019-08-15,10.619999885559082,9.753252029418945
2019-08-16,10.779999732971191,9.900193214416504
2019-08-19,10.90999984741211,10.019583702087402
2019-08-20,10.90999984741211,10.019583702087402
2019-08-21,11.069999694824219,10.166525840759277
2019-08-22,10.949999809265137,10.056318283081055
2019-08-23,10.6899995803833,9.81753921508789
2019-08-26,10.899999618530273,10.010400772094727
2019-08-27,10.819999694824219,9.936927795410156
2019-08-28,10.829999923706055,9.946113586425781
2019-08-29,10.899999618530273,10.010400772094727
2019-08-30,10.869999885559082,9.982848167419434
2019-09-03,10.9399995803833,10.047136306762695
2019-09-04,11.100000381469727,10.19407844543457
2019-09-05,11.100000381469727,10.19407844543457
2019-09-06,11.0,10.102237701416016
2019-09-09,10.970000267028809,10.074687957763672
2019-09-10,10.899999618530273,10.010400772094727
2019-09-11,11.050000190734863,10.148159980773926
2019-09-12,11.0,10.102237701416016
2019-09-13,11.020000457763672,10.120604515075684
2019-09-16,11.079999923706055,10.175710678100586
2019-09-17,11.199999809265137,10.285916328430176
2019-09-18,11.199999809265137,10.285916328430176
2019-09-19,11.390000343322754,10.460409164428711
2019-09-20,11.380000114440918,10.451225280761719
2019-09-23,11.34000015258789,10.414488792419434
2019-09-24,11.229999542236328,10.31346607208252
2019-09-25,11.170000076293945,10.258363723754883
2019-09-26,11.069999694824219,10.166525840759277
2019-09-27,10.829999923706055,9.946113586425781
2019-09-30,10.899999618530273,10.010400772094727
2019-10-01,10.859999656677246,9.973665237426758
2019-10-02,10.680000305175781,9.808356285095215
2019-10-03,10.800000190734863,9.918560981750488
2019-10-04,11.050000190734863,10.148159980773926
2019-10-07,10.989999771118164,10.093053817749023
2019-10-08,10.899999618530273,10.010400772094727
2019-10-09,10.979999542236328,10.083870887756348
2019-10-10,10.989999771118164,10.093053817749023
2019-10-11,11.039999961853027,10.138973236083984
2019-10-14,11.0,10.102237701416016
2019-10-15,10.880000114440918,9.992033004760742
2019-10-16,10.829999923706055,9.946113586425781
2019-10-17,10.899999618530273,10.010400772094727
2019-10-18,10.949999809265137,10.056318283081055
2019-10-21,11.079999923706055,10.175710678100586
2019-10-22,10.920000076293945,10.028768539428711
2019-10-23,10.890000343322754,10.001215934753418
2019-10-24,10.899999618530273,10.010400772094727
2019-10-25,10.829999923706055,9.946113586425781
2019-10-28,10.880000114440918,9.992033004760742
2019-10-29,10.850000381469727,9.964481353759766
2019-10-30,10.65999984741211,9.789987564086914
2019-10-31,10.65999984741211,9.789987564086914
2019-11-01,10.699999809265137,9.826723098754883
2019-11-04,10.640000343322754,9.771620750427246
2019-11-05,10.630000114440918,9.762435913085938
2019-11-06,10.569999694824219,9.707334518432617
2019-11-07,10.550000190734863,9.688965797424316
2019-11-08,10.59000015258789,9.725701332092285
2019-11-11,10.699999809265137,9.826723098754883
2019-11-12,10.609999656677246,9.744067192077637
2019-11-13,10.600000381469727,9.734885215759277
2019-11-14,10.6899995803833,9.81753921508789
2019-11-15,10.75,9.872641563415527
2019-11-18,10.670000076293945,9.799173355102539
2019-11-19,10.6899995803833,9.81753921508789
2019-11-20,10.59000015258789,9.725701332092285
2019-11-21,10.609999656677246,9.744067192077637
2019-11-22,10.600000381469727,9.734885215759277
2019-11-25,10.800000190734863,9.918560981750488
2019-11-26,10.84000015258789,9.955296516418457
2019-11-27,10.979999542236328,10.083870887756348
2019-11-29,11.010000228881836,10.111421585083008
2019-12-02,11.010000228881836,10.111421585083008
2019-12-03,11.09000015258789,10.184894561767578
2019-12-04,11.15999984741211,10.249178886413574
2019-12-05,11.119999885559082,10.212447166442871
2019-12-06,11.220000267028809,10.304282188415527
2019-12-09,11.170000076293945,10.258363723754883
2019-12-10,11.09000015258789,10.184894561767578
2019-12-11,11.25,10.331832885742188
2019-12-12,11.329999923706055,10.405306816101074
2019-12-13,11.380000114440918,10.451225280761719
2019-12-16,11.529999732971191,10.665836334228516
2019-12-17,11.579999923706055,10.712090492248535
2019-12-18,11.5600004196167,10.69359016418457
2019-12-19,11.579999923706055,10.712090492248535
2019-12-20,11.630000114440918,10.758343696594238
2019-12-23,11.710000038146973,10.832345008850098
2019-12-24,11.739999771118164,10.860095977783203
2019-12-26,11.8100004196167,10.924850463867188
2019-12-27,11.770000457763672,10.887850761413574
2019-12-30,11.710000038146973,10.832345008850098
2019-12-31,11.75,10.869346618652344
2020-01-02,11.930000305175781,11.035858154296875
2020-01-03,11.869999885559082,10.980353355407715
2020-01-06,11.84000015258789,10.95260238647461
2020-01-07,11.8100004196167,10.924850463867188
2020-01-08,11.90999984741211,11.017356872558594
2020-01-09,11.930000305175781,11.035858154296875
2020-01-10,11.949999809265137,11.054356575012207
2020-01-13,12.130000114440918,11.220867156982422
2020-01-14,12.229999542236328,11.313372611999512
2020-01-15,12.25,11.33187484741211
2020-01-16,12.350000381469727,11.424378395080566
2020-01-17,12.489999771118164,11.553884506225586
2020-01-21,12.430000305175781,11.498384475708008
2020-01-22,12.390000343322754,11.461381912231445
2020-01-23,12.420000076293945,11.48913288116455
2020-01-24,12.430000305175781,11.498384475708008
2020-01-27,12.140000343322754,11.230118751525879
2020-01-28,12.380000114440918,11.452129364013672
2020-01-29,12.4399995803833,11.5076322555542
2020-01-30,12.3100004196167,11.387375831604004
2020-01-31,12.119999885559082,11.211617469787598
2020-02-03,12.279999732971191,11.359625816345215
2020-02-04,12.699999809265137,11.748146057128906
2020-02-05,12.859999656677246,11.896154403686523
2020-02-06,12.899999618530273,11.933155059814453
2020-02-07,12.760000228881836,11.80364990234375
2020-02-10,12.800000190734863,11.840651512145996
2020-02-11,13.130000114440918,12.145916938781738
2020-02-12,13.420000076293945,12.414182662963867
2020-02-13,13.350000381469727,12.3494291305542
2020-02-14,13.34000015258789,12.340180397033691
2020-02-18,13.390000343322754,12.386435508728027
2020-02-19,14.140000343322754,13.080219268798828
2020-02-20,14.239999771118164,13.172723770141602
2020-02-21,14.109999656677246,13.052468299865723
2020-02-24,13.609999656677246,12.589941024780273
2020-02-25,13.239999771118164,12.247673034667969
2020-02-26,13.0600004196167,12.081164360046387
2020-02-27,12.5600004196167,11.61863899230957
2020-02-28,12.5600004196167,11.61863899230957
2020-03-02,12.6899995803833,11.738895416259766
2020-03-03,12.789999961853027,11.831402778625488
2020-03-04,13.279999732971191,12.284674644470215
2020-03-05,13.140000343322754,12.155169486999512
2020-03-06,12.739999771118164,11.785148620605469
2020-03-09,11.300000190734863,10.45307445526123
2020-03-10,11.5600004196167,10.69359016418457
2020-03-11,10.850000381469727,10.036803245544434
2020-03-12,9.460000038146973,8.750982284545898
2020-03-13,9.960000038146973,9.213507652282715
2020-03-16,8.779999732971191,8.1219482421875
2020-03-17,9.470000267028809,8.76023006439209
2020-03-18,8.5,7.8629326820373535
2020-03-19,8.699999809265137,8.047941207885742
2020-03-20,8.6899995803833,8.038692474365234
2020-03-23,8.329999923706055,7.705673694610596
2020-03-24,9.279999732971191,8.584471702575684
2020-03-25,9.739999771118164,9.009995460510254
2020-03-26,10.100000381469727,9.34301471710205
2020-03-27,9.489999771118164,8.778733253479004
2020-03-30,9.569999694824219,8.852736473083496
2020-03-31,9.550000190734863,8.834236145019531
2020-04-01,9.1899995803833,8.501218795776367
2020-04-02,9.270000457763672,8.57522201538086
2020-04-03,9.199999809265137,8.510467529296875
2020-04-06,9.819999694824219,9.083999633789062
2020-04-07,10.010000228881836,9.259759902954102
2020-04-08,10.300000190734863,9.528024673461914
2020-04-09,10.510000228881836,9.722284317016602
2020-04-13,10.430000305175781,9.648280143737793
2020-04-14,10.600000381469727,9.80553913116455
2020-04-15,10.260000228881836,9.4910249710083
2020-04-16,10.239999771118164,9.47252082824707
2020-04-17,10.520000457763672,9.731534957885742
2020-04-20,10.380000114440918,9.602027893066406
2020-04-21,10.020000457763672,9.26900863647461
2020-04-22,10.270000457763672,9.500273704528809
2020-04-23,10.3100004196167,9.537275314331055
2020-04-24,10.1899995803833,9.426268577575684
2020-04-27,10.40999984741211,9.629778861999512
2020-04-28,10.619999885559082,9.824039459228516
2020-04-29,11.0600004196167,10.231063842773438
2020-04-30,10.760000228881836,9.9535493850708
2020-05-01,10.390000343322754,9.611279487609863
2020-05-04,10.449999809265137,9.66678237915039
2020-05-05,10.550000190734863,9.759286880493164
2020-05-06,10.65999984741211,9.861042976379395
2020-05-07,10.779999732971191,9.97204875946045
2020-05-08,11.130000114440918,10.295816421508789
2020-05-11,11.180000305175781,10.342068672180176
2020-05-12,11.09000015258789,10.258814811706543
2020-05-13,10.779999732971191,9.97204875946045
2020-05-14,10.859999656677246,10.046053886413574
2020-05-15,10.789999961853027,9.981298446655273
2020-05-18,11.399999618530273,10.54557991027832
2020-05-19,11.350000381469727,10.4993257522583
2020-05-20,11.539999961853027,10.675086975097656
2020-05-21,11.470000267028809,10.610334396362305
2020-05-22,11.329999923706055,10.480826377868652
2020-05-26,11.75,10.869346618652344
2020-05-27,11.850000381469727,10.961853981018066
2020-05-28,11.699999809265137,10.82309627532959
2020-05-29,11.920000076293945,11.026607513427734
2020-06-01,12.140000343322754,11.230118751525879
2020-06-02,12.239999771118164,11.322622299194336
2020-06-03,12.380000114440918,11.452129364013672
2020-06-04,12.369999885559082,11.442879676818848
2020-06-05,12.59000015258789,11.646390914916992
2020-06-08,12.960000038146973,11.988659858703613
2020-06-09,12.729999542236328,11.775898933410645
2020-06-10,12.65999984741211,11.711146354675293
2020-06-11,11.8100004196167,10.924850463867188
2020-06-12,12.079999923706055,11.174614906311035
2020-06-15,12.260000228881836,11.391101837158203
2020-06-16,12.4399995803833,11.558343887329102
2020-06-17,12.1899995803833,11.326062202453613
2020-06-18,12.279999732971191,11.409684181213379
2020-06-19,12.289999961853027,11.418974876403809
2020-06-22,12.399999618530273,11.52117919921875
2020-06-23,12.550000190734863,11.660550117492676
2020-06-24,12.350000381469727,11.474722862243652
2020-06-25,12.34000015258789,11.465432167053223
2020-06-26,12.010000228881836,11.158819198608398
2020-06-29,12.399999618530273,11.52117919921875
2020-06-30,12.520000457763672,11.632678031921387
2020-07-01,12.680000305175781,11.781335830688477
2020-07-02,12.859999656677246,11.948576927185059
2020-07-06,13.359999656677246,12.413139343261719
2020-07-07,13.3100004196167,12.366686820983887
2020-07-08,13.75,12.775501251220703
2020-07-09,13.579999923706055,12.617549896240234
2020-07-10,13.5600004196167,12.598966598510742
2020-07-13,13.399999618530273,12.450307846069336
2020-07-14,13.779999732971191,12.803376197814941
2020-07-15,14.09000015258789,13.091404914855957
2020-07-16,13.979999542236328,12.989201545715332
2020-07-17,14.210000038146973,13.202899932861328
2020-07-20,14.470000267028809,13.444472312927246
2020-07-21,14.539999961853027,13.509513854980469
2020-07-22,14.65999984741211,13.621006965637207
2020-07-23,14.699999809265137,13.658170700073242
2020-07-24,14.430000305175781,13.407307624816895
2020-07-27,14.720000267028809,13.676755905151367
2020-07-28,14.350000381469727,13.332980155944824
2020-07-29,14.430000305175781,13.407307624816895
2020-07-30,14.5,13.4723482131958
2020-07-31,14.399999618530273,13.379434585571289
2020-08-03,14.75,13.704627990722656
2020-08-04,15.199999809265137,14.122735023498535
2020-08-05,15.59000015258789,14.48509693145752
2020-08-06,15.649999618530273,14.54084300994873
2020-08-07,15.880000114440918,14.75454330444336
2020-08-10,15.9399995803833,14.810290336608887
2020-08-11,15.680000305175781,14.568717956542969
2020-08-12,15.949999809265137,14.819581985473633
2020-08-13,16.219999313354492,15.070446968078613
2020-08-14,16.100000381469727,14.958952903747559
2020-08-17,16.290000915527344,15.135483741760254
2020-08-18,16.350000381469727,15.191231727600098
2020-08-19,16.40999984741211,15.246979713439941
2020-08-20,16.299999237060547,15.144774436950684
2020-08-21,16.290000915527344,15.135483741760254
2020-08-24,16.489999771118164,15.321310043334961
2020-08-25,16.8700008392334,15.674382209777832
2020-08-26,16.8700008392334,15.674382209777832
2020-08-27,16.81999969482422,15.627922058105469
2020-08-28,17.200000762939453,15.98099136352539
2020-08-31,17.139999389648438,15.92524528503418
2020-09-01,17.420000076293945,16.185400009155273
2020-09-02,17.350000381469727,16.120359420776367
2020-09-03,16.270000457763672,15.116904258728027
2020-09-04,16.100000381469727,14.958952903747559
2020-09-08,16.010000228881836,14.875329971313477
2020-09-09,16.56999969482422,15.395637512207031
2020-09-10,16.200000762939453,15.051863670349121
2020-09-11,16.190000534057617,15.042573928833008
2020-09-14,16.639999389648438,15.460680961608887
2020-09-15,16.959999084472656,15.758000373840332
2020-09-16,17.059999465942383,15.850909233093262
2020-09-17,16.739999771118164,15.553592681884766
2020-09-18,16.719999313354492,15.535009384155273
2020-09-21,16.579999923706055,15.404932975769043
2020-09-22,16.670000076293945,15.488551139831543
2020-09-23,16.520000457763672,15.349183082580566
2020-09-24,16.440000534057617,15.274853706359863
2020-09-25,16.799999237060547,15.609338760375977
2020-09-28,17.559999465942383,16.315479278564453
2020-09-29,17.979999542236328,16.70570945739746
2020-09-30,18.489999771118164,17.1795654296875
2020-10-01,19.09000015258789,17.737041473388672
2020-10-02,19.079999923706055,17.72774887084961
2020-10-05,19.950000762939453,18.536094665527344
2020-10-06,20.09000015258789,18.666170120239258
2020-10-07,21.09000015258789,19.595293045043945
2020-10-08,21.06999969482422,19.576709747314453
2020-10-09,21.399999618530273,19.883323669433594
2020-10-12,20.959999084472656,19.47450828552246
2020-10-13,20.889999389648438,19.409467697143555
2020-10-14,21.139999389648438,19.641754150390625
2020-10-15,20.979999542236328,19.493093490600586
2020-10-16,20.889999389648438,19.409467697143555
2020-10-19,20.729999542236328,19.26081085205078
2020-10-20,21.149999618530273,19.651039123535156
2020-10-21,20.229999542236328,18.796245574951172
2020-10-22,20.15999984741211,18.7312068939209
2020-10-23,20.219999313354492,18.78695297241211
2020-10-26,19.799999237060547,18.396718978881836
2020-10-27,19.649999618530273,18.257352828979492
2020-10-28,19.350000381469727,17.978614807128906
2020-10-29,19.75,18.350265502929688
2020-10-30,19.559999465942383,18.17373275756836
2020-11-02,19.90999984741211,18.498926162719727
2020-11-03,20.149999618530273,18.7219181060791
2020-11-04,19.889999389648438,18.4803409576416
2020-11-05,21.290000915527344,19.781124114990234
2020-11-06,21.450000762939453,19.92978286743164
2020-11-09,21.489999771118164,19.966947555541992
2020-11-10,21.170000076293945,19.669626235961914
2020-11-11,21.850000381469727,20.301435470581055
2020-11-12,21.600000381469727,20.069150924682617
2020-11-13,21.700000762939453,20.162067413330078
2020-11-16,21.809999465942383,20.264266967773438
2020-11-17,21.850000381469727,20.301435470581055
2020-11-18,21.530000686645508,20.004114151000977
2020-11-19,21.84000015258789,20.292144775390625
2020-11-20,22.09000015258789,20.524425506591797
2020-11-23,22.510000228881836,20.91465950012207
2020-11-24,22.81999969482422,21.202686309814453
2020-11-25,23.209999084472656,21.565046310424805
2020-11-27,23.59000015258789,21.91811752319336
2020-11-30,23.530000686645508,21.862367630004883
2020-12-01,23.309999465942383,21.657960891723633
2020-12-02,23.100000381469727,21.46284294128418
2020-12-03,22.940000534057617,21.314184188842773
2020-12-04,23.010000228881836,21.379220962524414
2020-12-07,23.110000610351562,21.47213363647461
2020-12-08,23.729999542236328,22.048192977905273
2020-12-09,23.149999618530273,21.50929832458496
2020-12-10,23.5,21.834489822387695
2020-12-11,23.6299991607666,21.95528221130371
2020-12-14,23.940000534057617,22.27158546447754
2020-12-15,25.059999465942383,23.31353187561035
2020-12-16,25.059999465942383,23.31353187561035
2020-12-17,25.559999465942383,23.778682708740234
2020-12-18,25.90999984741211,24.104293823242188
2020-12-21,26.360000610351562,24.522932052612305
2020-12-22,27.31999969482422,25.416027069091797
2020-12-23,27.760000228881836,25.825359344482422
2020-12-24,27.709999084472656,25.77884864807129
2020-12-28,27.93000030517578,25.9835147857666
2020-12-29,27.65999984741211,25.73233413696289
2020-12-30,28.290000915527344,26.331758499145508
2020-12-31,28.239999771118164,26.285215377807617
2021-01-04,28.68000030517578,26.694759368896484
2021-01-05,29.290000915527344,27.26253318786621
2021-01-06,31.399999618530273,29.226478576660156
2021-01-07,33.40999984741211,31.09735107421875
2021-01-08,33.15999984741211,30.864656448364258
2021-01-11,32.040000915527344,29.822179794311523
2021-01-12,32.43000030517578,30.185182571411133
2021-01-13,32.59000015258789,30.334110260009766
2021-01-14,32.29999923706055,30.064180374145508
2021-01-15,30.559999465942383,28.444623947143555
2021-01-19,31.399999618530273,29.226478576660156
2021-01-20,31.280000686645508,29.114789962768555
2021-01-21,32.65999984741211,30.399263381958008
2021-01-22,32.900001525878906,30.622652053833008
2021-01-25,32.47999954223633,30.231721878051758
2021-01-26,32.15999984741211,29.933874130249023
2021-01-27,30.139999389648438,28.05369758605957
2021-01-28,30.81999969482422,28.686628341674805
2021-01-29,29.799999237060547,27.73723602294922
2021-02-01,30.469999313354492,28.36085319519043
2021-02-02,30.799999237060547,28.668010711669922
2021-02-03,31.350000381469727,29.179943084716797
2021-02-04,30.950000762939453,28.807632446289062
2021-02-05,31.18000030517578,29.021711349487305
2021-02-08,31.489999771118164,29.310253143310547
2021-02-09,31.209999084472656,29.04962921142578
2021-02-10,30.790000915527344,28.658706665039062
2021-02-11,30.950000762939453,28.807632446289062
2021-02-12,30.31999969482422,28.221235275268555
2021-02-16,29.979999542236328,27.904775619506836
2021-02-17,29.479999542236328,27.43938446044922
2021-02-18,27.950000762939453,26.015291213989258
2021-02-19,28.489999771118164,26.517911911010742
2021-02-22,26.600000381469727,24.758739471435547
2021-02-23,26.229999542236328,24.414350509643555
2021-02-24,26.790000915527344,24.935588836669922
2021-02-25,25.5,23.734880447387695
2021-02-26,25.850000381469727,24.06065559387207
2021-03-01,26.829999923706055,24.972820281982422
2021-03-02,25.969999313354492,24.172348022460938
2021-03-03,24.270000457763672,22.590024948120117
2021-03-04,23.299999237060547,21.687164306640625
2021-03-05,22.969999313354492,21.380006790161133
2021-03-08,22.270000457763672,20.72846221923828
2021-03-09,24.1299991607666,22.4597110748291
2021-03-10,24.1200008392334,22.450403213500977
2021-03-11,25.649999618530273,23.87449836730957
2021-03-12,25.450000762939453,23.688343048095703
2021-03-15,25.309999465942383,23.55803108215332
2021-03-16,24.729999542236328,23.01818084716797
2021-03-17,24.049999237060547,22.38524627685547
2021-03-18,22.739999771118164,21.16592788696289
2021-03-19,23.34000015258789,21.724395751953125
2021-03-22,23.899999618530273,22.24563217163086
2021-03-23,23.450000762939453,21.826784133911133
2021-03-24,22.399999618530273,20.84946060180664
2021-03-25,22.510000228881836,20.95184898376465
2021-03-26,22.959999084472656,21.370698928833008
2021-03-29,22.40999984741211,20.85877227783203
2021-03-30,23.489999771118164,21.864011764526367
2021-03-31,24.299999237060547,22.617942810058594
2021-04-01,24.18000030517578,22.50625228881836
2021-04-05,23.809999465942383,22.161863327026367
2021-04-06,23.809999465942383,22.161863327026367
2021-04-07,23.139999389648438,21.538240432739258
2021-04-08,23.440000534057617,21.81747817993164
2021-04-09,23.469999313354492,21.84539794921875
2021-04-12,23.0,21.407930374145508
2021-04-13,23.469999313354492,21.84539794921875
2021-04-14,23.389999389648438,21.770933151245117
2021-04-15,23.049999237060547,21.454471588134766
2021-04-16,23.81999969482422,22.17116928100586
2021-04-19,23.239999771118164,21.631319046020508
2021-04-20,23.030000686645508,21.43585968017578
2021-04-21,23.479999542236328,21.854705810546875
2021-04-22,24.049999237060547,22.38524627685547
2021-04-23,24.5,22.804101943969727
2021-04-26,24.6200008392334,22.915796279907227
2021-04-27,24.540000915527344,22.841333389282227
2021-04-28,24.040000915527344,22.37594223022461
2021-04-29,23.670000076293945,22.031553268432617
2021-04-30,23.239999771118164,21.631319046020508
2021-05-03,22.90999984741211,21.324161529541016
2021-05-04,21.969999313354492,20.44922637939453
2021-05-05,21.940000534057617,20.421302795410156
2021-05-06,21.649999618530273,20.151378631591797
2021-05-07,22.040000915527344,20.51438331604004
2021-05-10,21.3799991607666,19.900068283081055
2021-05-11,21.43000030517578,19.94660758972168
2021-05-12,20.709999084472656,19.276447296142578
2021-05-13,20.790000915527344,19.350910186767578
2021-05-14,21.600000381469727,20.10483741760254
2021-05-17,21.399999618530273,19.918684005737305
2021-05-18,21.799999237060547,20.290996551513672
2021-05-19,21.969999313354492,20.44922637939453
2021-05-20,22.530000686645508,20.970468521118164
2021-05-21,22.579999923706055,21.01700210571289
2021-05-24,22.6200008392334,21.054237365722656
2021-05-25,22.559999465942383,20.99838638305664
2021-05-26,22.829999923706055,21.24970054626465
2021-05-27,22.809999465942383,21.231082916259766
2021-05-28,22.920000076293945,21.333471298217773
2021-06-01,22.8700008392334,21.286928176879883
2021-06-02,22.5,20.94253921508789
2021-06-03,22.09000015258789,20.560924530029297
2021-06-04,22.299999237060547,20.756383895874023
2021-06-07,22.420000076293945,20.868078231811523
2021-06-08,22.510000228881836,20.95184898376465
2021-06-09,22.3700008392334,20.8215389251709
2021-06-10,22.34000015258789,20.90951919555664
2021-06-11,22.530000686645508,21.08735466003418
2021-06-14,22.799999237060547,21.340065002441406
2021-06-15,22.540000915527344,21.09671401977539
2021-06-16,22.65999984741211,21.20903205871582
2021-06-17,22.790000915527344,21.330707550048828
2021-06-18,22.40999984741211,20.975038528442383
2021-06-21,22.639999389648438,21.190309524536133
2021-06-22,22.8700008392334,21.40558433532715
2021-06-23,22.829999923706055,21.368144989013672
2021-06-24,22.979999542236328,21.508541107177734
2021-06-25,23.049999237060547,21.57405662536621
2021-06-28,23.65999984741211,22.14499855041504
2021-06-29,23.809999465942383,22.2853946685791
2021-06-30,23.459999084472656,21.957801818847656
2021-07-01,23.540000915527344,22.032684326171875
2021-07-02,23.489999771118164,21.985881805419922
2021-07-06,23.649999618530273,22.135637283325195
2021-07-07,23.56999969482422,22.060760498046875
2021-07-08,23.15999984741211,21.677013397216797
2021-07-09,23.219999313354492,21.733169555664062
2021-07-12,23.489999771118164,21.985881805419922
2021-07-13,23.209999084472656,21.723812103271484
2021-07-14,22.639999389648438,21.190309524536133
2021-07-15,22.190000534057617,20.76912498474121
2021-07-16,22.100000381469727,20.684892654418945
2021-07-19,21.940000534057617,20.535131454467773
2021-07-20,22.15999984741211,20.741046905517578
2021-07-21,22.860000610351562,21.396223068237305
2021-07-22,22.8700008392334,21.40558433532715
2021-07-23,22.559999465942383,21.115432739257812
2021-07-26,22.3799991607666,20.946956634521484
2021-07-27,22.219999313354492,20.797204971313477
2021-07-28,22.829999923706055,21.368144989013672
2021-07-29,22.770000457763672,21.31199073791504
2021-07-30,22.709999084472656,21.255830764770508
2021-08-02,22.729999542236328,21.27454948425293
2021-08-03,23.170000076293945,21.68637466430664
2021-08-04,23.1200008392334,21.63957977294922
2021-08-05,22.950000762939453,21.480459213256836
2021-08-06,22.920000076293945,21.45238494873047
2021-08-09,23.280000686645508,21.789331436157227
2021-08-10,23.25,21.761253356933594
2021-08-11,23.110000610351562,21.630212783813477
2021-08-12,22.81999969482422,21.358783721923828
2021-08-13,22.600000381469727,21.152870178222656
2021-08-16,22.420000076293945,20.984397888183594
2021-08-17,22.18000030517578,20.759767532348633
2021-08-18,22.31999969482422,20.890798568725586
2021-08-19,22.31999969482422,20.890798568725586
2021-08-20,22.68000030517578,21.227750778198242
2021-08-23,22.969999313354492,21.499177932739258
2021-08-24,23.110000610351562,21.630212783813477
2021-08-25,23.190000534057617,21.70509147644043
2021-08-26,22.920000076293945,21.45238494873047
2021-08-27,23.1200008392334,21.63957977294922
2021-08-30,23.350000381469727,21.854846954345703
2021-08-31,23.329999923706055,21.83612823486328
2021-09-01,23.510000228881836,22.004602432250977
2021-09-02,23.790000915527344,22.266674041748047
2021-09-03,23.600000381469727,22.088838577270508
2021-09-07,23.40999984741211,21.911008834838867
2021-09-08,22.959999084472656,21.48982048034668
2021-09-09,22.93000030517578,21.461740493774414
2021-09-10,22.56999969482422,21.124794006347656
2021-09-13,23.020000457763672,21.545978546142578
2021-09-14,22.8799991607666,21.41494369506836
2021-09-15,22.559999465942383,21.115432739257812
2021-09-16,22.40999984741211,20.975038528442383
2021-09-17,22.520000457763672,21.077991485595703
2021-09-20,21.920000076293945,20.516414642333984
2021-09-21,22.18000030517578,20.759767532348633
2021-09-22,22.489999771118164,21.049917221069336
2021-09-23,22.690000534057617,21.237112045288086
2021-09-24,22.25,20.825284957885742
2021-09-27,22.43000030517578,20.993759155273438
2021-09-28,21.940000534057617,20.535131454467773
2021-09-29,21.709999084472656,20.319860458374023
2021-09-30,21.649999618530273,20.263700485229492
2021-10-01,21.770000457763672,20.376018524169922
2021-10-04,21.200000762939453,19.84251594543457
2021-10-05,21.239999771118164,19.879955291748047
2021-10-06,21.290000915527344,19.926755905151367
2021-10-07,21.510000228881836,20.132667541503906
2021-10-08,21.34000015258789,19.973552703857422
2021-10-11,21.420000076293945,20.048429489135742
2021-10-12,22.229999542236328,20.80656623840332
2021-10-13,22.950000762939453,21.480459213256836
2021-10-14,22.860000610351562,21.396223068237305
2021-10-15,22.93000030517578,21.461740493774414
2021-10-18,23.020000457763672,21.545978546142578
2021-10-19,23.579999923706055,22.07012176513672
2021-10-20,23.719999313354492,22.201152801513672
2021-10-21,23.75,22.229236602783203
2021-10-22,23.559999465942383,22.05139923095703
2021-10-25,23.90999984741211,22.378990173339844
2021-10-26,23.75,22.229236602783203
2021-10-27,24.459999084472656,22.89377212524414
2021-10-28,25.309999465942383,23.689342498779297
2021-10-29,25.270000457763672,23.651905059814453
2021-11-01,25.790000915527344,24.13861083984375
2021-11-02,25.299999237060547,23.67998504638672
2021-11-03,24.719999313354492,23.137121200561523
2021-11-04,24.59000015258789,23.015445709228516
2021-11-05,24.280000686645508,22.725299835205078
2021-11-08,24.719999313354492,23.137121200561523
2021-11-09,24.59000015258789,23.015445709228516
2021-11-10,24.239999771118164,22.6878604888916
2021-11-11,24.8799991607666,23.286876678466797
2021-11-12,25.079999923706055,23.474069595336914
2021-11-15,24.780000686645508,23.193279266357422
2021-11-16,24.719999313354492,23.137121200561523
2021-11-17,24.56999969482422,22.996728897094727
2021-11-18,24.229999542236328,22.678497314453125
2021-11-19,24.690000534057617,23.109046936035156
2021-11-22,24.1200008392334,22.575544357299805
2021-11-23,23.84000015258789,22.313472747802734
2021-11-24,23.90999984741211,22.378990173339844
2021-11-26,23.600000381469727,22.088838577270508
2021-11-29,23.860000610351562,22.332189559936523
2021-11-30,23.489999771118164,21.985881805419922
2021-12-01,22.760000228881836,21.302623748779297
2021-12-02,22.65999984741211,21.20903205871582
2021-12-03,21.950000762939453,20.54449462890625
2021-12-06,22.209999084472656,20.787843704223633
2021-12-07,22.93000030517578,21.461740493774414
2021-12-08,23.0,21.527259826660156
2021-12-09,22.34000015258789,20.90951919555664
2021-12-10,22.190000534057617,20.76912498474121
2021-12-13,21.959999084472656,20.659990310668945
2021-12-14,21.299999237060547,20.039060592651367
2021-12-15,21.65999984741211,20.377750396728516
2021-12-16,21.18000030517578,19.926166534423828
2021-12-17,21.219999313354492,19.96379852294922
2021-12-20,20.440000534057617,19.229978561401367
2021-12-21,21.1200008392334,19.869720458984375
2021-12-22,21.239999771118164,19.982614517211914
2021-12-23,21.239999771118164,19.982614517211914
2021-12-27,21.209999084472656,19.95439338684082
2021-12-28,21.0,19.756824493408203
2021-12-29,20.93000030517578,19.69096565246582
2021-12-30,21.209999084472656,19.965839385986328
2021-12-31,21.170000076293945,19.92818260192871
2022-01-03,21.34000015258789,20.088211059570312
2022-01-04,21.010000228881836,19.777570724487305
2022-01-05,20.030000686645508,18.855058670043945
2022-01-06,19.75,18.59147834777832
2022-01-07,19.65999984741211,18.50676155090332
2022-01-10,19.56999969482422,18.422040939331055
2022-01-11,19.739999771118164,18.58206558227539
2022-01-12,19.790000915527344,18.629133224487305
2022-01-13,19.56999969482422,18.422040939331055
2022-01-14,19.450000762939453,18.309080123901367
2022-01-18,18.90999984741211,17.80075454711914
2022-01-19,18.860000610351562,17.75368881225586
2022-01-20,18.979999542236328,17.866647720336914
2022-01-21,18.299999237060547,17.22653579711914
2022-01-24,18.3700008392334,17.292430877685547
2022-01-25,17.81999969482422,16.774690628051758
2022-01-26,17.8799991607666,16.831172943115234
2022-01-27,17.600000381469727,16.567596435546875
2022-01-28,17.760000228881836,16.71821403503418
2022-01-31,18.75,17.6501407623291
2022-02-01,18.719999313354492,17.621898651123047
2022-02-02,18.639999389648438,17.54659080505371
2022-02-03,18.170000076293945,17.104164123535156
2022-02-04,18.34000015258789,17.264188766479492
2022-02-07,18.229999542236328,17.160640716552734
2022-02-08,18.270000457763672,17.198293685913086
2022-02-09,18.93000030517578,17.819583892822266
2022-02-10,18.450000762939453,17.367738723754883
2022-02-11,17.969999313354492,16.915891647338867
2022-02-14,17.829999923706055,16.784107208251953
2022-02-15,18.729999542236328,17.631311416625977
2022-02-16,18.739999771118164,17.64072608947754
2022-02-17,18.479999542236328,17.395978927612305
2022-02-18,18.139999389648438,17.0759220123291
2022-02-22,17.690000534057617,16.652320861816406
2022-02-23,17.56999969482422,16.539356231689453
2022-02-24,18.90999984741211,17.80075454711914
2022-02-25,19.440000534057617,18.299667358398438
2022-02-28,20.709999084472656,19.495166778564453
2022-03-01,20.510000228881836,19.306900024414062
2022-03-02,20.18000030517578,18.996257781982422
2022-03-03,19.56999969482422,18.422040939331055
2022-03-04,19.420000076293945,18.280839920043945
2022-03-07,19.899999618530273,18.732681274414062
2022-03-08,21.270000457763672,20.02231788635254
2022-03-09,21.329999923706055,20.078800201416016
2022-03-10,21.030000686645508,19.796396255493164
2022-03-11,20.709999084472656,19.495166778564453
2022-03-14,19.959999084472656,18.78916358947754
2022-03-15,20.280000686645508,19.090389251708984
2022-03-16,20.81999969482422,19.598716735839844
2022-03-17,21.079999923706055,19.84346580505371
2022-03-18,21.149999618530273,19.90935707092285
2022-03-21,21.0,19.768157958984375
2022-03-22,21.290000915527344,20.041149139404297
2022-03-23,20.959999084472656,19.730501174926758
2022-03-24,21.290000915527344,20.041149139404297
2022-03-25,21.040000915527344,19.805810928344727
2022-03-28,21.1299991607666,19.890531539916992
2022-03-29,21.440000534057617,20.182348251342773
2022-03-30,21.389999389648438,20.135282516479492
2022-03-31,21.520000457763672,20.257652282714844
2022-04-01,21.639999389648438,20.370615005493164
2022-04-04,22.079999923706055,20.78480339050293
2022-04-05,22.020000457763672,20.72832489013672
2022-04-06,21.760000228881836,20.48357582092285
2022-04-07,21.5,20.238828659057617
2022-04-08,21.229999542236328,19.984664916992188
2022-04-11,21.010000228881836,19.777570724487305
2022-04-12,20.770000457763672,19.55164909362793
2022-04-13,21.030000686645508,19.796396255493164
2022-04-14,20.780000686645508,19.56106185913086
2022-04-18,20.6299991607666,19.41986083984375
2022-04-19,21.059999465942383,19.824636459350586
2022-04-20,20.690000534057617,19.476341247558594
2022-04-21,19.68000030517578,18.52558708190918
2022-04-22,19.350000381469727,18.214946746826172
2022-04-25,19.350000381469727,18.214946746826172
2022-04-26,18.81999969482422,17.716033935546875
2022-04-27,19.049999237060547,17.932540893554688
2022-04-28,19.1299991607666,18.007850646972656
2022-04-29,18.84000015258789,17.734861373901367
2022-05-02,18.8700008392334,17.763099670410156
2022-05-03,19.170000076293945,18.045507431030273
2022-05-04,19.969999313354492,18.798572540283203
2022-05-05,19.190000534057617,18.064329147338867
2022-05-06,18.56999969482422,17.480697631835938
2022-05-09,17.459999084472656,16.435810089111328
2022-05-10,17.450000762939453,16.426395416259766
2022-05-11,16.940000534057617,15.94631576538086
2022-05-12,16.81999969482422,15.833349227905273
2022-05-13,17.639999389648438,16.60525131225586
2022-05-16,17.5,16.47346305847168
2022-05-17,18.239999771118164,17.17005729675293
2022-05-18,18.15999984741211,17.094749450683594
2022-05-19,18.860000610351562,17.75368881225586
2022-05-20,18.959999084472656,17.847820281982422
2022-05-23,19.190000534057617,18.064329147338867
2022-05-24,18.90999984741211,17.80075454711914
2022-05-25,19.18000030517578,18.054914474487305
2022-05-26,19.65999984741211,18.50676155090332
2022-05-27,20.139999389648438,18.95860481262207
2022-05-31,19.8799991607666,18.713857650756836
2022-06-01,19.649999618530273,18.497346878051758
2022-06-02,20.450000762939453,19.250423431396484
2022-06-03,20.290000915527344,19.099809646606445
2022-06-06,20.690000534057617,19.476341247558594
2022-06-07,20.8700008392334,19.645784378051758
2022-06-08,20.610000610351562,19.401033401489258
2022-06-09,19.90999984741211,18.870277404785156
2022-06-10,19.549999237060547,18.529077529907227
2022-06-13,18.43000030517578,17.467565536499023
2022-06-14,18.219999313354492,17.268531799316406
2022-06-15,18.65999984741211,17.6855525970459
2022-06-16,17.969999313354492,17.031585693359375
2022-06-17,18.6200008392334,17.64764404296875
2022-06-21,19.079999923706055,18.083621978759766
2022-06-22,18.959999084472656,17.969890594482422
2022-06-23,19.31999969482422,18.31108856201172
2022-06-24,19.40999984741211,18.396390914916992
2022-06-27,19.68000030517578,18.65229034423828
2022-06-28,19.149999618530273,18.14996337890625
2022-06-29,18.729999542236328,17.75189781188965
2022-06-30,19.049999237060547,18.055185317993164
2022-07-01,19.31999969482422,18.31108856201172
2022-07-05,19.040000915527344,18.045713424682617
2022-07-06,18.959999084472656,17.969890594482422
2022-07-07,19.739999771118164,18.709156036376953
2022-07-08,19.989999771118164,18.946102142333984
2022-07-11,19.450000762939453,18.434301376342773
2022-07-12,19.100000381469727,18.102577209472656
2022-07-13,19.209999084472656,18.206830978393555
2022-07-14,19.1299991607666,18.131010055541992
2022-07-15,18.809999465942383,17.827722549438477
2022-07-18,19.190000534057617,18.187881469726562
2022-07-19,19.540000915527344,18.519601821899414
2022-07-20,19.649999618530273,18.623855590820312
2022-07-21,19.610000610351562,18.58594512939453
2022-07-22,19.5,18.481687545776367
2022-07-25,19.75,18.71863555908203
2022-07-26,19.440000534057617,18.424823760986328
2022-07-27,20.360000610351562,19.29677963256836
2022-07-28,21.790000915527344,20.652103424072266
2022-07-29,22.290000915527344,21.125993728637695
2022-08-01,22.010000228881836,20.860612869262695
2022-08-02,22.290000915527344,21.125993728637695
2022-08-03,21.81999969482422,20.680538177490234
2022-08-04,22.239999771118164,21.07859992980957
2022-08-05,22.40999984741211,21.239727020263672
2022-08-08,22.510000228881836,21.334505081176758
2022-08-09,22.59000015258789,21.410324096679688
2022-08-10,23.610000610351562,22.377065658569336
2022-08-11,23.280000686645508,22.064294815063477
2022-08-12,23.549999237060547,22.3201904296875
2022-08-15,23.520000457763672,22.291759490966797
2022-08-16,23.219999313354492,22.00742530822754
2022-08-17,23.1299991607666,21.92212677001953
2022-08-18,23.18000030517578,21.969514846801758
2022-08-19,22.540000915527344,21.362939834594727
2022-08-22,22.190000534057617,21.03121566772461
2022-08-23,22.229999542236328,21.069128036499023
2022-08-24,22.670000076293945,21.486146926879883
2022-08-25,23.139999389648438,21.93160057067871
2022-08-26,22.610000610351562,21.42928123474121
2022-08-29,22.360000610351562,21.192337036132812
2022-08-30,22.139999389648438,20.983823776245117
2022-08-31,22.18000030517578,21.021739959716797
2022-09-01,21.790000915527344,20.652103424072266
2022-09-02,21.440000534057617,20.32038116455078
2022-09-06,21.670000076293945,20.53837013244629
2022-09-07,22.719999313354492,21.533536911010742
2022-09-08,22.8700008392334,21.675704956054688
2022-09-09,22.93000030517578,21.73257064819336
2022-09-12,23.09000015258789,21.884214401245117
2022-09-13,22.479999542236328,21.306072235107422
2022-09-14,22.829999923706055,21.63779067993164
2022-09-15,22.190000534057617,21.03121566772461
2022-09-16,22.110000610351562,20.95539093017578
2022-09-19,22.049999237060547,20.89852523803711
2022-09-20,21.389999389648438,20.272991180419922
2022-09-21,21.280000686645508,20.16873550415039
2022-09-22,20.610000610351562,19.533723831176758
2022-09-23,20.020000457763672,18.974533081054688
2022-09-26,19.530000686645508,18.510122299194336
2022-09-27,19.65999984741211,18.633333206176758
2022-09-28,19.969999313354492,18.927143096923828
2022-09-29,19.100000381469727,18.102577209472656
2022-09-30,19.09000015258789,18.093101501464844
2022-10-03,19.68000030517578,18.65229034423828
2022-10-04,20.299999237060547,19.239912033081055
2022-10-05,19.489999771118164,18.472213745117188
2022-10-06,18.969999313354492,17.97936248779297
2022-10-07,18.43000030517578,17.467565536499023
2022-10-10,18.350000381469727,17.391742706298828
2022-10-11,18.15999984741211,17.211668014526367
2022-10-12,17.700000762939453,16.77568817138672
2022-10-13,17.899999618530273,16.965240478515625
2022-10-14,17.540000915527344,16.624040603637695
2022-10-17,17.860000610351562,16.927331924438477
2022-10-18,18.31999969482422,17.363311767578125
2022-10-19,17.780000686645508,16.851512908935547
2022-10-20,17.6299991607666,16.709341049194336
2022-10-21,17.940000534057617,17.00315284729004
2022-10-24,17.799999237060547,16.870460510253906
2022-10-25,18.329999923706055,17.372787475585938
2022-10-26,18.809999465942383,17.827722549438477
2022-10-27,18.899999618530273,17.913021087646484
2022-10-28,18.8700008392334,17.88458824157715
2022-10-31,18.889999389648438,17.90354347229004
2022-11-01,18.920000076293945,17.931976318359375
2022-11-02,18.6299991607666,17.657119750976562
2022-11-03,19.020000457763672,18.02675437927246
2022-11-04,19.15999984741211,18.15944480895996
2022-11-07,18.959999084472656,17.969890594482422
2022-11-08,19.420000076293945,18.405866622924805
2022-11-09,19.329999923706055,18.320566177368164
2022-11-10,20.65999984741211,19.58111000061035
2022-11-11,20.450000762939453,19.382078170776367
2022-11-14,20.270000457763672,19.21147918701172
2022-11-15,20.639999389648438,19.562156677246094
2022-11-16,20.420000076293945,19.35364532470703
2022-11-17,20.520000457763672,19.44842529296875
2022-11-18,20.489999771118164,19.41998863220215
2022-11-21,20.34000015258789,19.27782440185547
2022-11-22,20.600000381469727,19.524248123168945
2022-11-23,20.81999969482422,19.732757568359375
2022-11-25,20.799999237060547,19.713802337646484
2022-11-28,20.420000076293945,19.35364532470703
2022-11-29,20.309999465942383,19.249387741088867
2022-11-30,21.15999984741211,20.055004119873047
2022-12-01,20.959999084472656,19.86544418334961
2022-12-02,21.270000457763672,20.159255981445312
2022-12-05,21.0,19.903356552124023
2022-12-06,20.559999465942383,19.4863338470459
2022-12-07,20.479999542236328,19.410512924194336
2022-12-08,20.639999389648438,19.562156677246094
2022-12-09,20.579999923706055,19.505290985107422
2022-12-12,20.770000457763672,19.68537139892578
2022-12-13,20.979999542236328,19.91892433166504
2022-12-14,21.219999313354492,20.146787643432617
2022-12-15,20.780000686645508,19.729040145874023
2022-12-16,20.40999984741211,19.377756118774414
2022-12-19,20.190000534057617,19.168882369995117
2022-12-20,20.15999984741211,19.140399932861328
2022-12-21,20.450000762939453,19.41573143005371
2022-12-22,20.100000381469727,19.083433151245117
2022-12-23,19.989999771118164,18.9789981842041
2022-12-27,19.760000228881836,18.7606258392334
2022-12-28,19.559999465942383,18.570741653442383
2022-12-29,19.8700008392334,18.86506462097168
2022-12-30,19.850000381469727,18.84607696533203
2023-01-03,19.6299991607666,18.63719940185547
2023-01-04,19.790000915527344,18.789112091064453
2023-01-05,19.3799991607666,18.399845123291016
2023-01-06,19.8799991607666,18.874557495117188
2023-01-09,20.049999237060547,19.035959243774414
2023-01-10,20.350000381469727,19.32078742980957
2023-01-11,20.940000534057617,19.88094711303711
2023-01-12,21.25,20.175270080566406
2023-01-13,21.219999313354492,20.146787643432617
2023-01-17,21.360000610351562,20.279706954956055
2023-01-18,21.110000610351562,20.04235076904297
2023-01-19,20.399999618530273,19.368257522583008
2023-01-20,20.600000381469727,19.558147430419922
2023-01-23,20.969999313354492,19.90943145751953
2023-01-24,20.809999465942383,19.757522583007812
2023-01-25,20.639999389648438,19.59612464904785
2023-01-26,20.6299991607666,19.586626052856445
2023-01-27,20.530000686645508,19.491683959960938
2023-01-30,20.15999984741211,19.140399932861328
2023-01-31,20.739999771118164,19.691062927246094
2023-02-01,20.950000762939453,19.890445709228516
2023-02-02,20.81999969482422,19.767019271850586
2023-02-03,20.280000686645508,19.25432777404785
2023-02-06,20.219999313354492,19.197362899780273
2023-02-07,20.209999084472656,19.187868118286133
2023-02-08,20.049999237060547,19.035959243774414
2023-02-09,19.709999084472656,18.713157653808594
2023-02-10,19.68000030517578,18.684675216674805
2023-02-13,19.8700008392334,18.86506462097168
2023-02-14,19.729999542236328,18.73214340209961
2023-02-15,20.149999618530273,19.130901336669922
2023-02-16,19.610000610351562,18.618213653564453
2023-02-17,19.6200008392334,18.62771224975586
2023-02-21,19.309999465942383,18.333389282226562
2023-02-22,19.229999542236328,18.257431030273438
2023-02-23,19.290000915527344,18.314401626586914
2023-02-24,18.93000030517578,17.97260856628418
2023-02-27,19.25,18.27642059326172
2023-02-28,19.200000762939453,18.228952407836914
2023-03-01,19.479999542236328,18.494789123535156
2023-03-02,19.3799991607666,18.399845123291016
2023-03-03,19.780000686645508,18.779617309570312
2023-03-06,19.950000762939453,18.94101905822754
2023-03-07,19.739999771118164,18.74163818359375
2023-03-08,19.760000228881836,18.7606258392334
2023-03-09,19.459999084472656,18.475799560546875
2023-03-10,19.170000076293945,18.200468063354492
2023-03-13,19.270000457763672,18.29541015625
2023-03-14,19.479999542236328,18.494789123535156
2023-03-15,19.020000457763672,18.058053970336914
2023-03-16,18.959999084472656,18.001089096069336
2023-03-17,18.31999969482422,17.393457412719727
2023-03-20,18.59000015258789,17.64980125427246
2023-03-21,19.010000228881836,18.048559188842773
2023-03-22,18.709999084472656,17.763731002807617
2023-03-23,18.850000381469727,17.896652221679688
2023-03-24,18.770000457763672,17.820697784423828
2023-03-27,18.790000915527344,17.839689254760742
2023-03-28,18.790000915527344,17.839689254760742
2023-03-29,19.15999984741211,18.190975189208984
2023-03-30,19.479999542236328,18.494789123535156
2023-03-31,19.780000686645508,18.779617309570312
2023-04-03,19.559999465942383,18.570741653442383
2023-04-04,19.459999084472656,18.475799560546875
2023-04-05,19.18000030517578,18.2099609375
2023-04-06,19.219999313354492,18.24793815612793
2023-04-10,19.40999984741211,18.428329467773438
2023-04-11,19.469999313354492,18.48529624938965
2023-04-12,19.420000076293945,18.43782615661621
2023-04-13,19.790000915527344,18.789112091064453
2023-04-14,19.59000015258789,18.599225997924805
2023-04-17,19.90999984741211,18.903039932250977
2023-04-18,19.899999618530273,18.89354705810547
2023-04-19,19.780000686645508,18.779617309570312
2023-04-20,19.760000228881836,18.7606258392334
2023-04-21,19.799999237060547,18.79860496520996
2023-04-24,19.799999237060547,18.79860496520996
2023-04-25,19.40999984741211,18.428329467773438
2023-04-26,18.610000610351562,17.668792724609375
2023-04-27,18.940000534057617,17.982101440429688
2023-04-28,18.709999084472656,17.763731002807617
2023-05-01,18.520000457763672,17.583343505859375
2023-05-02,18.18000030517578,17.260536193847656
2023-05-03,18.15999984741211,17.241552352905273
2023-05-04,18.280000686645508,17.355480194091797
2023-05-05,18.6299991607666,17.68777847290039
2023-05-08,18.579999923706055,17.64030647277832
2023-05-09,18.469999313354492,17.53586769104004
2023-05-10,18.579999923706055,17.64030647277832
2023-05-11,18.5,17.564353942871094
2023-05-12,19.06999969482422,18.10552406311035
2023-05-15,19.239999771118164,18.266929626464844
2023-05-16,18.84000015258789,17.887157440185547
2023-05-17,18.950000762939453,17.991594314575195
2023-05-18,18.729999542236328,17.782718658447266
2023-05-19,18.6299991607666,17.68777847290039
2023-05-22,18.829999923706055,17.877660751342773
2023-05-23,18.649999618530273,17.706768035888672
2023-05-24,18.56999969482422,17.63081169128418
2023-05-25,18.549999237060547,17.611825942993164
2023-05-26,18.5,17.564353942871094
2023-05-30,18.540000915527344,17.602333068847656
2023-05-31,18.34000015258789,17.412446975708008
2023-06-01,18.670000076293945,17.725753784179688
2023-06-02,18.770000457763672,17.820697784423828
2023-06-05,18.700000762939453,17.75423812866211
2023-06-06,18.709999084472656,17.763731002807617
2023-06-07,18.530000686645508,17.711164474487305
2023-06-08,18.579999923706055,17.758955001831055
2023-06-09,18.5,17.6824893951416
2023-06-12,18.700000762939453,17.8736515045166
2023-06-13,18.719999313354492,17.892765045166016
2023-06-14,18.56999969482422,17.7493953704834
2023-06-15,18.8700008392334,18.036136627197266
2023-06-16,18.760000228881836,17.930997848510742
2023-06-20,18.3700008392334,17.558237075805664
2023-06-21,18.270000457763672,17.4626522064209
2023-06-22,18.079999923706055,17.281047821044922
2023-06-23,17.780000686645508,16.994308471679688
2023-06-26,17.81999969482422,17.03253746032715
2023-06-27,17.979999542236328,17.18546485900879
2023-06-28,18.030000686645508,17.233257293701172
2023-06-29,17.950000762939453,17.15679359436035
2023-06-30,18.399999618530273,17.5869083404541
2023-07-03,18.399999618530273,17.5869083404541
2023-07-05,18.110000610351562,17.309724807739258
2023-07-06,17.700000762939453,16.917842864990234
2023-07-07,17.90999984741211,17.118560791015625
2023-07-10,18.149999618530273,17.347951889038086
2023-07-11,18.219999313354492,17.41486167907715
2023-07-12,18.6299991607666,17.806743621826172
2023-07-13,18.889999389648438,18.055253982543945
2023-07-14,18.6200008392334,17.79718780517578
2023-07-17,19.040000915527344,18.198627471923828
2023-07-18,18.920000076293945,18.08392906188965
2023-07-19,18.979999542236328,18.141277313232422
2023-07-20,18.729999542236328,17.90232276916504
2023-07-21,18.739999771118164,17.911884307861328
2023-07-24,18.719999313354492,17.892765045166016
2023-07-25,18.729999542236328,17.90232276916504
2023-07-26,18.639999389648438,17.816299438476562
2023-07-27,18.200000762939453,17.395748138427734
2023-07-28,18.18000030517578,17.37662696838379
2023-07-31,18.280000686645508,17.472211837768555
2023-08-01,18.020000457763672,17.22369956970215
2023-08-02,17.280000686645508,16.516401290893555
2023-08-03,17.229999542236328,16.468608856201172
2023-08-04,17.100000381469727,16.3443546295166
2023-08-07,17.010000228881836,16.258331298828125
2023-08-08,16.989999771118164,16.239215850830078
2023-08-09,17.15999984741211,16.401702880859375
2023-08-10,16.940000534057617,16.191425323486328
2023-08-11,16.860000610351562,16.114961624145508
2023-08-14,16.850000381469727,16.10540199279785
2023-08-15,16.350000381469727,15.627496719360352
2023-08-16,16.170000076293945,15.455451011657715
2023-08-17,15.970000267028809,15.264288902282715
2023-08-18,15.960000038146973,15.254732131958008
2023-08-21,15.930000305175781,15.226057052612305
2023-08-22,15.880000114440918,15.178265571594238
2023-08-23,16.139999389648438,15.426774978637695
2023-08-24,15.859999656677246,15.159149169921875
2023-08-25,16.040000915527344,15.331194877624512
2023-08-28,16.09000015258789,15.378987312316895
2023-08-29,16.540000915527344,15.809101104736328
2023-08-30,16.18000030517578,15.465008735656738
2023-08-31,16.079999923706055,15.369426727294922
2023-09-01,16.06999969482422,15.359869003295898
2023-09-05,15.819999694824219,15.120916366577148
2023-09-06,15.550000190734863,14.862849235534668
2023-09-07,15.4399995803833,14.757709503173828
2023-09-08,15.449999809265137,14.767267227172852
2023-09-11,15.529999732971191,14.843730926513672
2023-09-12,15.630000114440918,14.939312934875488
2023-09-13,15.489999771118164,14.805499076843262
2023-09-14,15.869999885559082,15.168707847595215
2023-09-15,15.649999618530273,14.958430290222168
2023-09-18,15.430000305175781,14.748149871826172
2023-09-19,15.489999771118164,14.805499076843262
2023-09-20,15.520000457763672,14.834174156188965
2023-09-21,15.220000267028809,14.547430992126465
2023-09-22,15.09000015258789,14.423175811767578
2023-09-25,14.979999542236328,14.318035125732422
2023-09-26,14.680000305175781,14.031294822692871
2023-09-27,14.59000015258789,13.945271492004395
2023-09-28,14.619999885559082,13.973945617675781
2023-09-29,14.619999885559082,13.973945617675781
2023-10-02,14.0600004196167,13.438691139221191
2023-10-03,13.670000076293945,13.065925598144531
2023-10-04,13.75,13.142390251159668
2023-10-05,13.609999656677246,13.008576393127441
2023-10-06,13.819999694824219,13.209296226501465
2023-10-09,13.819999694824219,13.209296226501465
2023-10-10,14.350000381469727,13.715876579284668
2023-10-11,14.489999771118164,13.849690437316895
2023-10-12,14.130000114440918,13.505598068237305
2023-10-13,14.0,13.381342887878418
2023-10-16,14.210000038146973,13.582062721252441
2023-10-17,14.300000190734863,13.668085098266602
2023-10-18,13.9399995803833,13.323993682861328
2023-10-19,13.710000038146973,13.104156494140625
2023-10-20,13.300000190734863,12.71227741241455
2023-10-23,13.239999771118164,12.654926300048828
2023-10-24,13.489999771118164,12.893879890441895
2023-10-25,13.210000038146973,12.626253128051758
2023-10-26,13.3100004196167,12.721833229064941
2023-10-27,12.890000343322754,12.320393562316895
2023-10-30,12.859999656677246,12.291717529296875
2023-10-31,13.010000228881836,12.435091018676758
2023-11-01,12.869999885559082,12.301277160644531
2023-11-02,13.319999694824219,12.731390953063965
2023-11-03,13.670000076293945,13.065925598144531
2023-11-06,13.479999542236328,12.884320259094238
2023-11-07,13.399999618530273,12.807857513427734
2023-11-08,13.199999809265137,12.616694450378418
2023-11-09,13.069999694824219,12.492439270019531
2023-11-10,13.010000228881836,12.435091018676758
2023-11-13,13.010000228881836,12.435091018676758
2023-11-14,13.989999771118164,13.371784210205078
2023-11-15,14.0600004196167,13.438691139221191
2023-11-16,13.899999618530273,13.285760879516602
2023-11-17,13.989999771118164,13.371784210205078
2023-11-20,14.25,13.620295524597168
2023-11-21,13.970000267028809,13.352668762207031
2023-11-22,13.920000076293945,13.304876327514648
2023-11-24,13.880000114440918,13.266646385192871
2023-11-27,13.770000457763672,13.161505699157715
2023-11-28,13.949999809265137,13.333551406860352
2023-11-29,14.100000381469727,13.476923942565918
2023-11-30,14.210000038146973,13.582062721252441
2023-12-01,14.59000015258789,13.945271492004395
2023-12-04,14.539999961853027,13.897480010986328
2023-12-05,14.390000343322754,13.754109382629395
2023-12-06,14.210000038146973,13.582062721252441
2023-12-07,14.25,13.620295524597168
2023-12-08,14.09000015258789,13.467365264892578
2023-12-11,14.130000114440918,13.505598068237305
2023-12-12,13.890000343322754,13.276203155517578
2023-12-13,14.489999771118164,13.849690437316895
2023-12-14,15.1899995803833,14.518756866455078
2023-12-15,15.300000190734863,14.623894691467285
2023-12-18,15.09000015258789,14.423175811767578
2023-12-19,15.5,14.815057754516602
2023-12-20,14.890000343322754,14.345854759216309
2023-12-21,15.369999885559082,14.808313369750977
2023-12-22,15.390000343322754,14.827582359313965
2023-12-26,15.600000381469727,15.029909133911133
2023-12-27,15.640000343322754,15.06844711303711
2023-12-28,15.729999542236328,15.155156135559082
2023-12-29,15.569999694824219,15.001004219055176
2024-01-02,15.390000343322754,14.827582359313965
2024-01-03,15.039999961853027,14.490373611450195
2024-01-04,14.850000381469727,14.307315826416016
2024-01-05,14.800000190734863,14.25914478302002
2024-01-08,14.899999618530273,14.355488777160645
2024-01-09,14.850000381469727,14.307315826416016
2024-01-10,14.850000381469727,14.307315826416016
2024-01-11,14.649999618530273,14.114624977111816
2024-01-12,14.539999961853027,14.008645057678223
2024-01-16,14.029999732971191,13.517282485961914
2024-01-17,13.710000038146973,13.208976745605469
2024-01-18,13.770000457763672,13.26678466796875
2024-01-19,13.760000228881836,13.257150650024414
2024-01-22,13.899999618530273,13.392033576965332
2024-01-23,14.069999694824219,13.555821418762207
2024-01-24,13.9399995803833,13.430572509765625
2024-01-25,14.0,13.48837947845459
2024-01-26,13.869999885559082,13.363129615783691
2024-01-29,14.069999694824219,13.555821418762207
2024-01-30,13.859999656677246,13.353494644165039
2024-01-31,13.8100004196167,13.305323600769043
2024-02-01,14.25,13.729243278503418
2024-02-02,13.979999542236328,13.469109535217285
2024-02-05,13.670000076293945,13.170439720153809
2024-02-06,13.90999984741211,13.401668548583984
2024-02-07,14.260000228881836,13.738877296447754
2024-02-08,14.180000305175781,13.661802291870117
2024-02-09,14.390000343322754,13.864128112792969
2024-02-12,14.640000343322754,14.10499095916748
2024-02-13,14.119999885559082,13.60399341583252
2024-02-14,14.510000228881836,13.979741096496582
2024-02-15,14.729999542236328,14.191701889038086
2024-02-16,14.510000228881836,13.979741096496582
2024-02-20,14.3100004196167,13.7870512008667
2024-02-21,14.149999618530273,13.63289737701416
2024-02-22,13.829999923706055,13.324590682983398
2024-02-23,13.680000305175781,13.180072784423828
2024-02-26,13.6899995803833,13.18970775604248
2024-02-27,13.829999923706055,13.324590682983398
2024-02-28,13.680000305175781,13.180072784423828
2024-02-29,13.90999984741211,13.401668548583984
2024-03-01,14.130000114440918,13.613629341125488
2024-03-04,13.90999984741211,13.401668548583984
2024-03-05,13.869999885559082,13.363129615783691
2024-03-06,14.079999923706055,13.565455436706543
2024-03-07,14.270000457763672,13.748512268066406
2024-03-08,14.34000015258789,13.815954208374023
2024-03-11,14.319999694824219,13.796685218811035
2024-03-12,13.9399995803833,13.430572509765625
2024-03-13,13.699999809265137,13.199342727661133
2024-03-14,13.510000228881836,13.01628589630127
2024-03-15,13.420000076293945,12.929574966430664
2024-03-18,13.489999771118164,12.997016906738281
2024-03-19,13.420000076293945,12.929574966430664
2024-03-20,13.720000267028809,13.218612670898438
2024-03-21,13.739999771118164,13.23788070678711
2024-03-22,13.6899995803833,13.18970775604248
2024-03-25,13.569999694824219,13.074092864990234
2024-03-26,13.470000267028809,12.977747917175293
2024-03-27,13.989999771118164,13.478743553161621
2024-03-28,13.979999542236328,13.469109535217285
2024-04-01,13.970000267028809,13.459476470947266
2024-04-02,13.739999771118164,13.23788070678711
2024-04-03,13.829999923706055,13.324590682983398
2024-04-04,13.819999694824219,13.314955711364746
2024-04-05,13.670000076293945,13.170439720153809
2024-04-08,13.770000457763672,13.26678466796875
2024-04-09,14.199999809265137,13.681069374084473
2024-04-10,13.8100004196167,13.305323600769043
2024-04-11,13.880000114440918,13.37276554107666
2024-04-12,13.529999732971191,13.035554885864258
2024-04-15,13.229999542236328,12.7465181350708
2024-04-16,13.0600004196167,12.582732200622559
2024-04-17,13.170000076293945,12.688711166381836
2024-04-18,13.100000381469727,12.621269226074219
2024-04-19,13.020000457763672,12.544193267822266
2024-04-22,13.130000114440918,12.650172233581543
2024-04-23,13.260000228881836,12.775423049926758
2024-04-24,13.140000343322754,12.659808158874512
2024-04-25,13.079999923706055,12.60200023651123
2024-04-26,13.229999542236328,12.7465181350708
2024-04-29,13.430000305175781,12.939209938049316
2024-04-30,13.229999542236328,12.7465181350708
2024-05-01,13.25,12.765787124633789
2024-05-02,13.520000457763672,13.025920867919922
2024-05-03,13.850000381469727,13.34386157989502
2024-05-06,13.90999984741211,13.401668548583984
2024-05-07,13.960000038146973,13.449840545654297
2024-05-08,13.850000381469727,13.34386157989502
2024-05-09,13.949999809265137,13.440205574035645
2024-05-10,13.84000015258789,13.334226608276367
2024-05-13,13.880000114440918,13.37276554107666
2024-05-14,14.109999656677246,13.594358444213867
2024-05-15,14.289999961853027,13.767781257629395
2024-05-16,14.25,13.729243278503418
2024-05-17,14.15999984741211,13.642532348632812
2024-05-20,14.149999618530273,13.63289737701416
2024-05-21,14.270000457763672,13.748512268066406
2024-05-22,14.789999961853027,14.24950885772705
2024-05-23,14.569999694824219,14.037548065185547
2024-05-24,14.920000076293945,14.374757766723633
2024-05-28,15.079999923706055,14.528910636901855
2024-05-29,14.829999923706055,14.288046836853027
2024-05-30,15.039999961853027,14.490373611450195
2024-05-31,14.970000267028809,14.422931671142578
2024-06-03,15.079999923706055,14.528910636901855
2024-06-04,14.9399995803833,14.394026756286621
2024-06-05,15.0600004196167,14.509641647338867
2024-06-06,14.90999984741211,14.365123748779297
2024-06-07,14.529999732971191,13.99901008605957
2024-06-10,14.779999732971191,14.239874839782715
2024-06-11,14.729999542236328,14.284482955932617
2024-06-12,14.869999885559082,14.420248985290527
2024-06-13,14.670000076293945,14.226297378540039
2024-06-14,14.34000015258789,13.906278610229492
2024-06-17,14.119999885559082,13.69293212890625
2024-06-18,14.140000343322754,13.71232795715332
2024-06-20,13.949999809265137,13.52807331085205
2024-06-21,13.90999984741211,13.48928451538086
2024-06-24,14.050000190734863,13.625049591064453
2024-06-25,13.789999961853027,13.372913360595703
2024-06-26,13.710000038146973,13.295332908630371
2024-06-27,13.770000457763672,13.35351848602295
2024-06-28,13.319999694824219,12.917128562927246
2024-07-01,13.3100004196167,12.907431602478027
2024-07-02,13.260000228881836,12.8589448928833
2024-07-03,13.59000015258789,13.178962707519531
2024-07-05,13.609999656677246,13.198357582092285
2024-07-08,13.699999809265137,13.285635948181152
2024-07-09,13.699999809265137,13.285635948181152
2024-07-10,13.859999656677246,13.4407958984375
2024-07-11,14.239999771118164,13.80930233001709
2024-07-12,14.40999984741211,13.974161148071289
2024-07-15,13.850000381469727,13.431099891662598
2024-07-16,14.09000015258789,13.663840293884277
2024-07-17,13.800000190734863,13.382611274719238
2024-07-18,13.75,13.334123611450195
2024-07-19,13.670000076293945,13.25654411315918
2024-07-22,13.829999923706055,13.411703109741211
2024-07-23,13.729999542236328,13.314727783203125
2024-07-24,13.920000076293945,13.498980522155762
2024-07-25,13.930000305175781,13.508679389953613
2024-07-26,14.109999656677246,13.683234214782715
2024-07-29,13.989999771118164,13.566864013671875
2024-07-30,13.930000305175781,13.508679389953613
2024-07-31,14.149999618530273,13.722024917602539
2024-08-01,13.979999542236328,13.55716609954834
2024-08-02,13.9399995803833,13.518377304077148
2024-08-05,13.479999542236328,13.07228946685791
2024-08-06,13.550000190734863,13.140172958374023
2024-08-07,13.680000305175781,13.266240119934082
2024-08-08,13.90999984741211,13.48928451538086
2024-08-09,13.850000381469727,13.431099891662598
2024-08-12,13.819999694824219,13.402005195617676
2024-08-13,14.15999984741211,13.731722831726074
2024-08-14,14.0600004196167,13.634747505187988
2024-08-15,14.1899995803833,13.760814666748047
2024-08-16,14.170000076293945,13.74142074584961
2024-08-19,14.369999885559082,13.935370445251465
2024-08-20,14.210000038146973,13.780210494995117
2024-08-21,14.270000457763672,13.838396072387695
2024-08-22,14.050000190734863,13.625049591064453
2024-08-23,14.449999809265137,14.012951850891113
2024-08-26,14.40999984741211,13.974161148071289
2024-08-27,14.350000381469727,13.915976524353027
2024-08-28,14.270000457763672,13.838396072387695
2024-08-29,14.180000305175781,13.751118659973145
2024-08-30,14.289999961853027,13.85779094696045
2024-09-03,13.90999984741211,13.48928451538086
2024-09-04,14.09000015258789,13.663840293884277
2024-09-05,14.180000305175781,13.751118659973145
2024-09-06,13.890000343322754,13.469888687133789
2024-09-09,13.869999885559082,13.450493812561035
2024-09-10,13.880000114440918,13.460192680358887
2024-09-11,14.369999885559082,13.935370445251465
2024-09-12,14.270000457763672,13.838396072387695
2024-09-13,14.449999809265137,14.012951850891113
2024-09-16,14.550000190734863,14.109928131103516
2024-09-17,14.65999984741211,14.216599464416504
2024-09-18,14.609999656677246,14.168111801147461
2024-09-19,14.529999732971191,14.090531349182129
2024-09-20,14.369999885559082,13.935370445251465
2024-09-23,14.479999542236328,14.042043685913086
2024-09-24,14.609999656677246,14.168111801147461
2024-09-25,14.449999809265137,14.012951850891113
2024-09-26,14.6899995803833,14.245691299438477
2024-09-27,14.770000457763672,14.323273658752441
2024-09-30,14.6899995803833,14.245691299438477
2024-10-01,14.5,14.06143856048584
2024-10-02,14.369999885559082,13.935370445251465
2024-10-03,14.210000038146973,13.780210494995117
2024-10-04,14.15999984741211,13.731722831726074
2024-10-07,14.149999618530273,13.722024917602539
2024-10-08,13.960000038146973,13.537771224975586
2024-10-09,13.920000076293945,13.498980522155762
2024-10-10,13.579999923706055,13.169265747070312
2024-10-11,13.710000038146973,13.295332908630371
2024-10-14,13.649999618530273,13.237147331237793
2024-10-15,13.380000114440918,12.975314140319824
2024-10-16,13.550000190734863,13.140172958374023
2024-10-17,13.40999984741211,13.004405975341797
2024-10-18,13.4399995803833,13.033498764038086
2024-10-21,13.350000381469727,12.946222305297852
2024-10-22,13.319999694824219,12.917128562927246
2024-10-23,13.09000015258789,12.694086074829102
2024-10-24,13.119999885559082,12.72317886352539
2024-10-25,13.15999984741211,12.761968612670898
2024-10-28,13.289999961853027,12.888036727905273
2024-10-29,13.0600004196167,12.664994239807129
2024-10-30,13.109999656677246,12.713480949401855
2024-10-31,13.100000381469727,12.70378303527832
2024-11-01,13.149999618530273,12.752270698547363
2024-11-04,13.449999809265137,13.043196678161621
2024-11-05,13.5,13.091684341430664
2024-11-06,12.510000228881836,12.131628036499023
2024-11-07,12.670000076293945,12.286787986755371
2024-11-08,12.380000114440918,12.005559921264648
2024-11-11,12.329999923706055,11.957072257995605
2024-11-12,12.010000228881836,11.646751403808594
2024-11-13,11.970000267028809,11.60796070098877
2024-11-14,12.210000038146973,11.84070110321045
2024-11-15,12.09000015258789,11.72433090209961
2024-11-18,12.140000343322754,11.772819519042969
2024-11-19,12.0600004196167,11.695239067077637
2024-11-20,12.079999923706055,11.71463394165039
2024-11-21,12.020000457763672,11.656448364257812
2024-11-22,12.119999885559082,11.753422737121582
2024-11-25,12.34000015258789,11.96677017211914
2024-11-26,12.25,11.879491806030273
2024-11-27,12.350000381469727,11.97646713256836
2024-11-29,12.390000343322754,12.015257835388184
2024-12-02,12.430000305175781,12.054048538208008
2024-12-03,12.34000015258789,11.96677017211914
2024-12-04,12.140000343322754,11.772819519042969
2024-12-05,12.149999618530273,11.782515525817871
2024-12-06,12.100000381469727,11.734029769897461
2024-12-09,12.34000015258789,11.96677017211914
2024-12-10,12.180000305175781,11.81160831451416
2024-12-11,12.180000305175781,11.81160831451416
2024-12-12,11.979999542236328,11.617657661437988
2024-12-13,11.979999542236328,11.617657661437988
2024-12-16,11.8100004196167,11.452799797058105
2024-12-17,11.760000228881836,11.515470504760742
2024-12-18,11.390000343322754,11.153162002563477
2024-12-19,11.350000381469727,11.113995552062988
2024-12-20,11.520000457763672,11.280460357666016
2024-12-23,11.600000381469727,11.358797073364258
2024-12-24,11.640000343322754,11.397964477539062
2024-12-26,11.600000381469727,11.358797073364258
2024-12-27,11.529999732971191,11.290251731872559
2024-12-30,11.430000305175781,11.192331314086914
2024-12-31,11.380000114440918,11.143370628356934
2025-01-02,11.600000381469727,11.358797073364258
2025-01-03,11.649999618530273,11.407756805419922
2025-01-06,11.720000267028809,11.476301193237305
2025-01-07,11.819999694824219,11.574220657348633
2025-01-08,11.529999732971191,11.290251731872559
2025-01-10,11.220000267028809,10.986698150634766
2025-01-13,11.170000076293945,10.937738418579102
2025-01-14,11.239999771118164,11.006281852722168
2025-01-15,11.369999885559082,11.13357925415039
2025-01-16,11.399999618530273,11.162954330444336
2025-01-17,11.4399995803833,11.202123641967773
2025-01-21,11.329999923706055,11.09441089630127
2025-01-22,11.039999961853027,10.810441017150879
2025-01-23,11.1899995803833,10.957321166992188
2025-01-24,11.170000076293945,10.937738418579102
2025-01-27,11.140000343322754,10.908361434936523
2025-01-28,11.069999694824219,10.839816093444824
2025-01-29,11.210000038146973,10.976905822753906
2025-01-30,11.40999984741211,11.172746658325195
2025-01-31,11.369999885559082,11.13357925415039
2025-02-03,11.239999771118164,11.006281852722168
2025-02-04,11.369999885559082,11.13357925415039
2025-02-05,11.420000076293945,11.182538986206055
2025-02-06,11.430000305175781,11.192331314086914
2025-02-07,11.25,11.016074180603027
2025-02-10,11.229999542236328,10.996488571166992
2025-02-11,11.119999885559082,10.888777732849121
2025-02-12,11.100000381469727,10.869193077087402
2025-02-13,11.220000267028809,10.986698150634766
2025-02-14,11.329999923706055,11.09441089630127
2025-02-18,11.350000381469727,11.113995552062988
2025-02-19,11.390000343322754,11.153162002563477
2025-02-20,11.520000457763672,11.280460357666016
2025-02-21,11.359999656677246,11.123786926269531
2025-02-24,11.399999618530273,11.162954330444336
2025-02-25,11.510000228881836,11.270668029785156
2025-02-26,11.550000190734863,11.309835433959961
2025-02-27,11.199999809265137,10.967113494873047
2025-02-28,11.109999656677246,10.878984451293945
2025-03-03,10.9399995803833,10.712519645690918
2025-03-04,11.130000114440918,10.898569107055664
2025-03-05,11.289999961853027,11.055241584777832
2025-03-06,11.270000457763672,11.035658836364746
2025-03-07,11.520000457763672,11.280460357666016
2025-03-10,11.449999809265137,11.211915016174316
2025-03-11,11.579999923706055,11.339211463928223
2025-03-12,11.489999771118164,11.251083374023438
2025-03-13,11.489999771118164,11.251083374023438
2025-03-14,11.579999923706055,11.339211463928223
2025-03-17,11.859999656677246,11.61338996887207
2025-03-18,11.789999961853027,11.544844627380371
2025-03-19,11.850000381469727,11.603598594665527
2025-03-20,11.789999961853027,11.544844627380371
2025-03-21,11.720000267028809,11.476301193237305
2025-03-24,11.579999923706055,11.339211463928223
2025-03-25,11.680000305175781,11.437132835388184
2025-03-26,11.529999732971191,11.290251731872559
2025-03-27,11.529999732971191,11.290251731872559
2025-03-28,11.529999732971191,11.290251731872559
2025-03-31,11.420000076293945,11.182538986206055
2025-04-01,11.489999771118164,11.251083374023438
2025-04-02,11.550000190734863,11.309835433959961
2025-04-03,11.6899995803833,11.446924209594727
2025-04-04,11.09000015258789,10.859400749206543
2025-04-07,10.75,10.526471138000488
2025-04-08,10.5600004196167,10.340422630310059
2025-04-09,11.09000015258789,10.859400749206543
2025-04-10,10.90999984741211,10.683143615722656
2025-04-11,11.289999961853027,11.055241584777832
2025-04-14,11.390000343322754,11.153162002563477
2025-04-15,11.369999885559082,11.13357925415039
2025-04-16,11.319999694824219,11.084617614746094
2025-04-17,11.520000457763672,11.280460357666016
2025-04-21,11.470000267028809,11.231499671936035
2025-04-22,11.710000038146973,11.466508865356445
2025-04-23,11.489999771118164,11.251083374023438
2025-04-24,11.739999771118164,11.495884895324707
2025-04-25,11.850000381469727,11.603598594665527
2025-04-28,11.930000305175781,11.681934356689453
2025-04-29,11.920000076293945,11.67214298248291
2025-04-30,11.770000457763672,11.525261878967285
2025-05-01,11.739999771118164,11.495884895324707
2025-05-02,11.84000015258789,11.593806266784668
2025-05-05,11.760000228881836,11.515470504760742
2025-05-06,11.869999885559082,11.62318229675293
2025-05-07,11.819999694824219,11.574220657348633
2025-05-08,11.960000038146973,11.711311340332031
2025-05-09,12.180000305175781,11.926735877990723
2025-05-12,12.350000381469727,12.093201637268066
2025-05-13,12.8100004196167,12.543636322021484
2025-05-14,12.930000305175781,12.661141395568848
2025-05-15,13.0,12.729684829711914
2025-05-16,12.960000038146973,12.69051742553711
2025-05-19,12.829999923706055,12.563220024108887
2025-05-20,12.989999771118164,12.719892501831055
2025-05-21,12.779999732971191,12.514260292053223
2025-05-22,12.460000038146973,12.20091438293457
2025-05-23,12.550000190734863,12.289043426513672
2025-05-27,12.609999656677246,12.347794532775879
2025-05-28,12.5600004196167,12.298834800720215
2025-05-29,12.609999656677246,12.347794532775879
2025-05-30,12.670000076293945,12.406547546386719
2025-06-02,12.59000015258789,12.32820987701416
2025-06-03,12.800000190734863,12.533843994140625
2025-06-04,12.8100004196167,12.543636322021484
2025-06-05,12.850000381469727,12.582805633544922
2025-06-06,12.949999809265137,12.68072509765625
2025-06-09,12.960000038146973,12.69051742553711
2025-06-10,13.130000114440918,12.856982231140137
2025-06-11,13.239999771118164,12.96469497680664
2025-06-12,13.25,12.974486351013184
2025-06-13,13.300000190734863,13.02344799041748
2025-06-16,13.3100004196167,13.171891212463379
2025-06-17,12.729999542236328,12.597908020019531
2025-06-18,12.699999809265137,12.568220138549805
2025-06-20,12.630000114440918,12.498947143554688
2025-06-23,12.699999809265137,12.568220138549805
2025-06-24,12.960000038146973,12.825522422790527
2025-06-25,12.899999618530273,12.766144752502441
2025-06-26,13.109999656677246,12.973965644836426
2025-06-27,13.020000457763672,12.88490104675293
2025-06-30,13.109999656677246,12.973965644836426
2025-07-01,13.220000267028809,13.082825660705566
2025-07-02,13.430000305175781,13.29064655303955
2025-07-03,13.829999923706055,13.686495780944824
2025-07-07,13.579999923706055,13.439088821411133
2025-07-08,13.470000267028809,13.330230712890625
2025-07-09,13.600000381469727,13.458881378173828
2025-07-10,13.550000190734863,13.40939998626709
2025-07-11,13.369999885559082,13.231267929077148
2025-07-14,13.390000343322754,13.251060485839844
2025-07-15,13.5,13.359919548034668
2025-07-16,13.460000038146973,13.320334434509277
2025-07-17,13.4399995803833,13.300541877746582
2025-07-18,13.579999923706055,13.439088821411133
2025-07-21,13.739999771118164,13.597428321838379
2025-07-22,13.979999542236328,13.834938049316406
2025-07-23,13.9399995803833,13.795352935791016
2025-07-24,13.920000076293945,13.775561332702637
2025-07-25,13.970000267028809,13.825042724609375
2025-07-28,13.800000190734863,13.656805992126465
2025-07-29,13.729999542236328,13.587532043457031
2025-07-30,13.550000190734863,13.40939998626709
2025-07-31,13.40999984741211,13.270853042602539
2025-08-01,13.529999732971191,13.389607429504395
2025-08-04,13.569999694824219,13.429192543029785
2025-08-05,13.59000015258789,13.44898509979248
2025-08-06,13.600000381469727,13.458881378173828
2025-08-07,13.710000038146973,13.567740440368652
2025-08-08,13.6899995803833,13.547947883605957
2025-08-11,13.529999732971191,13.389607429504395
2025-08-12,13.770000457763672,13.627118110656738
2025-08-13,13.800000190734863,13.656805992126465
2025-08-14,13.65999984741211,13.518259048461914
2025-08-15,14.100000381469727,13.953694343566895
2025-08-18,14.489999771118164,14.339646339416504
2025-08-19,14.329999923706055,14.181306838989258
2025-08-20,14.390000343322754,14.240684509277344
2025-08-21,14.180000305175781,14.03286361694336
2025-08-22,14.670000076293945,14.517779350280762
2025-08-25,14.390000343322754,14.240684509277344
2025-08-26,14.390000343322754,14.240684509277344
2025-08-27,14.34000015258789,14.191203117370605
2025-08-28,14.520000457763672,14.369336128234863
2025-08-29,14.390000343322754,14.240684509277344
2025-09-02,14.15999984741211,14.013070106506348
2025-09-03,14.199999809265137,14.052655220031738
2025-09-04,14.329999923706055,14.181306838989258
2025-09-05,14.680000305175781,14.52767562866211
2025-09-08,14.569999694824219,14.418816566467285
2025-09-09,14.390000343322754,14.240684509277344
2025-09-10,14.5600004196167,14.408920288085938
2025-09-11,14.6899995803833,14.53757095336914
2025-09-12,14.630000114440918,14.478193283081055
2025-09-15,14.8100004196167,14.656326293945312
2025-09-16,14.890000343322754,14.735496520996094
2025-09-17,15.0600004196167,14.903732299804688
2025-09-18,15.039999961853027,14.883939743041992
2025-09-19,15.170000076293945,15.012590408325195
2025-09-22,15.359999656677246,15.200618743896484
2025-09-23,15.1899995803833,15.03238296508789
2025-09-24,15.140000343322754,14.982902526855469
2025-09-25,15.15999984741211,15.002694129943848
2025-09-26,15.210000038146973,15.052175521850586
2025-09-29,15.40999984741211,15.250100135803223
2025-09-30,15.479999542236328,15.319374084472656
2025-10-01,15.880000114440918,15.71522331237793
2025-10-02,15.890000343322754,15.725119590759277
2025-10-03,15.979999542236328,15.81418514251709
2025-10-06,16.079999923706055,15.913147926330566
2025-10-07,15.890000343322754,15.725119590759277
2025-10-08,16.010000228881836,15.84387493133545
2025-10-09,16.139999389648438,15.972525596618652
2025-10-10,15.779999732971191,15.616260528564453
2025-10-13,16.3700008392334,16.20013999938965
2025-10-14,16.420000076293945,16.24962043762207
2025-10-15,16.8700008392334,16.6949520111084
2025-10-16,16.790000915527344,16.615781784057617
2025-10-17,16.530000686645508,16.358478546142578
2025-10-20,16.600000381469727,16.427753448486328
2025-10-21,16.34000015258789,16.17045021057129
2025-10-22,16.1200008392334,15.952733993530273
2025-10-23,16.34000015258789,16.17045021057129
2025-10-24,16.700000762939453,16.526716232299805
2025-10-27,16.75,16.576196670532227
2025-10-28,16.889999389648438,16.71474266052246
2025-10-29,17.31999969482422,17.140281677246094
2025-10-30,17.030000686645508,16.853290557861328
2025-10-31,17.299999237060547,17.1204891204834
2025-11-03,17.600000381469727,17.417375564575195
2025-11-04,17.170000076293945,16.991838455200195
2025-11-05,18.100000381469727,17.912189483642578
2025-11-06,17.770000457763672,17.58561134338379
2025-11-07,17.65999984741211,17.47675323486328
2025-11-10,18.010000228881836,17.823122024536133
2025-11-11,17.760000228881836,17.575716018676758
2025-11-12,17.65999984741211,17.47675323486328
2025-11-13,16.8700008392334,16.6949520111084
2025-11-14,17.020000457763672,16.843395233154297
2025-11-17,16.799999237060547,16.625675201416016
2025-11-18,16.600000381469727,16.427753448486328
2025-11-19,16.559999465942383,16.388166427612305
2025-11-20,16.079999923706055,15.913147926330566
2025-11-21,16.06999969482422,15.903251647949219
2025-11-24,16.290000915527344,16.120969772338867
2025-11-25,16.43000030517578,16.259517669677734
2025-11-26,16.799999237060547,16.625675201416016
2025-11-28,16.989999771118164,16.813705444335938
2025-12-01,16.549999237060547,16.37826919555664
2025-12-02,16.719999313354492,16.546506881713867
2025-12-03,16.639999389648438,16.467336654663086
2025-12-04,16.969999313354492,16.793912887573242
2025-12-05,16.8700008392334,16.6949520111084
2025-12-08,16.700000762939453,16.526716232299805
2025-12-09,16.68000030517578,16.506921768188477
2025-12-10,16.739999771118164,16.566299438476562
2025-12-11,17.040000915527344,16.863187789916992
2025-12-12,16.600000381469727,16.427753448486328
2025-12-15,16.579999923706055,16.407960891723633
2025-12-16,16.290000915527344,16.246395111083984
2025-12-17,16.0,15.957170486450195
2025-12-18,16.18000030517578,16.136688232421875
2025-12-19,16.440000534057617,16.395992279052734
2025-12-22,16.649999618530273,16.605430603027344
2025-12-23,16.540000915527344,16.495725631713867
2025-12-24,16.579999923706055,16.53561782836914
2025-12-26,16.6200008392334,16.575511932373047
2025-12-29,16.520000457763672,16.475778579711914
2025-12-30,16.450000762939453,16.40596580505371
2025-12-31,16.43000030517578,16.38602066040039
2026-01-02,17.100000381469727,17.05422592163086
2026-01-05,17.1299991607666,17.084144592285156
2026-01-06,17.200000762939453,17.153959274291992
2026-01-07,16.979999542236328,16.934547424316406
2026-01-08,17.1200008392334,17.074172973632812
2026-01-09,17.31999969482422,17.273635864257812
2026-01-12,17.559999465942383,17.51299476623535
2026-01-13,17.549999237060547,17.503021240234375
2026-01-14,17.360000610351562,17.31352996826172
2026-01-15,17.510000228881836,17.4631290435791
2026-01-16,17.700000762939453,17.652620315551758
2026-01-20,17.530000686645508,17.483076095581055
2026-01-21,17.739999771118164,17.69251251220703
2026-01-22,18.110000610351562,18.0615234375
2026-01-23,18.270000457763672,18.221094131469727
2026-01-26,18.200000762939453,18.151281356811523
2026-01-27,18.579999923706055,18.530263900756836
2026-01-28,19.030000686645508,18.979061126708984
2026-01-29,18.510000228881836,18.460451126098633
2026-01-30,18.149999618530273,18.101415634155273
2026-02-02,18.229999542236328,18.18120002746582
2026-02-03,18.760000228881836,18.70978355407715
2026-02-04,18.739999771118164,18.689836502075195
2026-02-05,18.110000610351562,18.0615234375
2026-02-06,18.610000610351562,18.560184478759766
2026-02-09,19.040000915527344,18.98903465270996
2026-02-10,18.850000381469727,18.799541473388672
2026-02-11,19.040000915527344,18.98903465270996
2026-02-12,18.3799991607666,18.330799102783203
2026-02-13,18.420000076293945,18.37069320678711
2026-02-17,18.729999542236328,18.67986297607422
2026-02-18,19.030000686645508,18.979061126708984
2026-02-19,18.809999465942383,18.759647369384766
2026-02-20,18.90999984741211,18.8593807220459
2026-02-23,18.979999542236328,18.9291934967041
2026-02-24,19.190000534057617,19.13863182067871
2026-02-25,19.09000015258789,19.038898468017578
2026-02-26,18.670000076293945,18.620023727416992
2026-02-27,18.219999313354492,18.171226501464844
2026-03-02,18.329999923706055,18.280933380126953
2026-03-03,17.719999313354492,17.672565460205078
2026-03-04,18.09000015258789,18.041576385498047
2026-03-05,17.790000915527344,17.742380142211914
2026-03-06,17.43000030517578,17.383342742919922
2026-03-09,17.959999084472656,17.911922454833984
2026-03-10,18.25,18.201147079467773
2026-03-11,18.510000228881836,18.460451126098633
2026-03-12,18.389999389648438,18.34077262878418
2026-03-13,18.3799991607666,18.330799102783203
2026-03-16,18.520000457763672,18.47042465209961
2026-03-17,18.760000228881836,18.70978355407715
2026-03-18,18.3700008392334,18.32082748413086
2026-03-19,18.75,18.699810028076172
2026-03-20,18.059999465942383,18.011655807495117
2026-03-23,18.18000030517578,18.131336212158203
2026-03-24,18.309999465942383,18.260986328125
2026-03-25,18.809999465942383,18.759647369384766
2026-03-26,18.030000686645508,17.98173713684082
2026-03-27,17.850000381469727,17.80221939086914
2026-03-30,17.510000228881836,17.4631290435791
2026-03-31,18.290000915527344,18.24104118347168
2026-04-01,18.25,18.201147079467773
2026-04-02,18.049999237060547,18.00168228149414
2026-04-06,17.889999389648438,17.842111587524414
2026-04-07,17.850000381469727,17.80221939086914
2026-04-08,18.520000457763672,18.47042465209961
2026-04-09,18.639999389648438,18.590103149414062
2026-04-10,18.920000076293945,18.869354248046875
2026-04-13,18.969999313354492,18.919219970703125
2026-04-14,19.729999542236328,19.67718505859375
2026-04-15,19.530000686645508,19.47772216796875
2026-04-16,19.350000381469727,19.298202514648438
2026-04-17,19.399999618530273,19.348068237304688
2026-04-20,19.649999618530273,19.59739875793457
2026-04-21,19.399999618530273,19.348068237304688
2026-04-22,19.850000381469727,19.796865463256836
2026-04-23,20.139999389648438,20.086088180541992
2026-04-24,19.989999771118164,19.93648910522461
2026-04-27,20.18000030517578,20.1259822845459
2026-04-28,19.84000015258789,19.78689193725586
2026-04-29,20.329999923706055,20.27557945251465
2026-04-30,20.770000457763672,20.71440315246582
2026-05-01,20.950000762939453,20.8939208984375
2026-05-04,20.760000228881836,20.704429626464844
2026-05-05,21.290000915527344,21.23301124572754
2026-05-06,21.31999969482422,21.262929916381836
2026-05-07,20.709999084472656,20.65456199645996
2026-05-08,21.15999984741211,21.103357315063477
2026-05-11,21.729999542236328,21.671831130981445
2026-05-12,21.3799991607666,21.322769165039062
2026-05-13,21.8799991607666,21.821430206298828
2026-05-14,22.1299991607666,22.07076072692871
2026-05-15,21.790000915527344,21.731672286987305
2026-05-18,21.329999923706055,21.272903442382812
2026-05-19,20.989999771118164,20.933813095092773
2026-05-20,21.520000457763672,21.46239471435547
2026-05-21,22.18000030517578,22.120628356933594
2026-05-22,22.40999984741211,22.350011825561523
2026-05-26,22.93000030517578,22.868619918823242
2026-05-27,23.149999618530273,23.088029861450195
2026-05-28,23.399999618530273,23.33736228942871
2026-05-29,23.56999969482422,23.506906509399414
2026-06-01,23.040000915527344,22.97832679748535
2026-06-02,23.75,23.686424255371094
2026-06-03,23.09000015258789,23.0281925201416
2026-06-04,23.100000381469727,23.038166046142578
2026-06-05,21.31999969482422,21.262929916381836
2026-06-08,21.0,20.94378662109375
2026-06-09,20.6299991607666,20.57477569580078
2026-06-10,19.860000610351562,19.806838989257812
2026-06-11,20.739999771118164,20.68448257446289
2026-06-12,20.920000076293945,20.86400032043457
2026-06-15,21.030000686645508,21.030000686645508
2026-06-16,20.81999969482422,20.81999969482422
2026-06-17,20.479999542236328,20.479999542236328
2026-06-18,21.100000381469727,21.100000381469727
2026-06-22,21.6299991607666,21.6299991607666
2026-06-23,20.670000076293945,20.670000076293945
2026-06-24,20.479999542236328,20.479999542236328
2026-06-25,20.290000915527344,20.290000915527344
2026-06-26,19.5,19.5
2026-06-29,19.8799991607666,19.8799991607666
2026-06-30,20.489999771118164,20.489999771118164
2026-07-01,20.18000030517578,20.18000030517578
2026-07-02,19.670000076293945,19.670000076293945
2026-07-06,20.1200008392334,20.1200008392334
2026-07-07,19.329999923706055,19.329999923706055
2026-07-08,19.049999237060547,19.049999237060547
2026-07-09,19.329999923706055,19.329999923706055
2026-07-10,19.25,19.25
2026-07-13,18.6299991607666,18.6299991607666
2026-07-14,19.06999969482422,19.06999969482422
2026-07-15,19.079999923706055,19.079999923706055
2026-07-16,18.350000381469727,18.350000381469727
2026-07-17,18.3700008392334,18.3700008392334
2026-07-20,18.139999389648438,18.139999389648438
2026-07-21,18.520000457763672,18.520000457763672
2026-07-22,18.540000915527344,18.540000915527344
2026-07-23,18.3700008392334,18.3700008392334
2026-07-24,17.780000686645508,17.780000686645508
2026-07-27,17.809999465942383,17.809999465942383
2026-07-28,17.200000762939453,17.200000762939453
2026-07-29,16.8700008392334,16.8700008392334
2026-07-30,17.670000076293945,17.670000076293945
2026-07-31,17.549999237060547,17.549999237060547
2026-08-03,17.989999771118164,17.989999771118164
2026-08-04,18.440000534057617,18.440000534057617
2026-08-05,18.100000381469727,18.100000381469727
2026-08-06,18.1200008392334,18.1200008392334
2026-08-07,18.299999237060547,18.299999237060547
2026-08-10,18.079999923706055,18.079999923706055
2026-08-11,18.200000762939453,18.200000762939453
2026-08-12,18.40999984741211,18.40999984741211
2026-08-13,18.360000610351562,18.360000610351562
2026-08-14,18.209999084472656,18.209999084472656
2026-08-17,18.110000610351562,18.110000610351562
2026-08-18,17.739999771118164,17.739999771118164
2026-08-19,17.829999923706055,17.829999923706055
2026-08-20,17.6299991607666,17.6299991607666
2026-08-21,17.59000015258789,17.59000015258789
2026-08-24,17.43000030517578,17.43000030517578
2026-08-25,17.649999618530273,17.649999618530273
2026-08-26,17.68000030517578,17.68000030517578
2026-08-27,17.829999923706055,17.829999923706055
2026-08-28,17.479999542236328,17.479999542236328
2026-08-31,17.299999237060547,17.299999237060547
2026-09-01,17.239999771118164,17.239999771118164
2026-09-02,17.3700008392334,17.3700008392334
2026-09-03,17.6299991607666,17.6299991607666
2026-09-04,17.770000457763672,17.770000457763672
2026-09-08,18.309999465942383,18.309999465942383
2026-09-09,18.010000228881836,18.010000228881836
2026-09-10,17.81999969482422,17.81999969482422
2026-09-11,17.920000076293945,17.920000076293945
2026-09-14,17.559999465942383,17.559999465942383
2026-09-15,17.440000534057617,17.440000534057617
2026-09-16,17.31999969482422,17.31999969482422
2026-09-17,17.729999542236328,17.729999542236328
2026-09-18,17.559999465942383,17.559999465942383
2026-09-21,17.799999237060547,17.799999237060547
2026-09-22,17.829999923706055,17.829999923706055
2026-09-23,17.420000076293945,17.420000076293945
2026-09-24,16.969999313354492,16.969999313354492
2026-09-25,17.229999542236328,17.229999542236328
2026-09-28,16.809999465942383,16.809999465942383
2026-09-29,17.010000228881836,17.010000228881836
2026-09-30,17.0,17.0
2026-10-01,16.84000015258789,16.84000015258789
2026-10-02,17.190000534057617,17.190000534057617
