Date,Close,Adj Close
2010-01-04,806.1799926757812,804.6023559570312
2010-01-05,828.6799926757812,827.05810546875
2010-01-06,845.510009765625,843.8552856445312
2010-01-07,850.77001953125,849.10498046875
2010-01-08,851.280029296875,849.6141967773438
2010-01-11,849.6699829101562,848.0072631835938
2010-01-12,834.1500244140625,832.517578125
2010-01-13,814.7899780273438,813.1954956054688
2010-01-14,824.6599731445312,823.046142578125
2010-01-15,785.719970703125,784.1824340820312
2010-01-18,779.030029296875,777.50537109375
2010-01-19,772.739990234375,771.2275390625
2010-01-20,751.5999755859375,750.1292114257812
2010-01-21,744.8699951171875,743.412353515625
2010-01-22,726.9199829101562,725.4974365234375
2010-01-25,716.010009765625,714.6089477539062
2010-01-26,726.25,724.828857421875
2010-01-27,705.1900024414062,703.8099365234375
2010-01-28,695.6099853515625,694.248779296875
2010-01-29,705.760009765625,704.3790283203125
2010-02-01,712.77001953125,711.375244140625
2010-02-02,721.4199829101562,720.0082397460938
2010-02-03,723.0700073242188,721.6551513671875
2010-02-04,695.0399780273438,693.6799926757812
2010-02-05,686.8699951171875,685.5258178710938
2010-02-08,686.6799926757812,685.336181640625
2010-02-09,694.8699951171875,693.5100708007812
2010-02-10,680.5599975585938,679.2282104492188
2010-02-11,679.7999877929688,678.4697265625
2010-02-12,676.9299926757812,675.6053466796875
2010-02-15,688.4299926757812,687.0828857421875
2010-02-16,701.3800048828125,700.00732421875
2010-02-17,695.6400146484375,694.2786865234375
2010-02-18,702.5599975585938,701.18505859375
2010-02-19,700.4099731445312,699.0394287109375
2010-02-22,688.1500244140625,686.8034057617188
2010-02-23,675.1400146484375,673.81884765625
2010-02-24,673.27001953125,671.9525756835938
2010-02-25,663.3900146484375,662.0919189453125
2010-02-26,674.8200073242188,673.4993896484375
2010-03-01,683.8499755859375,682.51171875
2010-03-02,693.0800170898438,691.7237548828125
2010-03-03,708.6799926757812,707.2932739257812
2010-03-04,707.5,706.115478515625
2010-03-05,710.469970703125,709.0795288085938
2010-03-08,707.6799926757812,706.2951049804688
2010-03-09,712.219970703125,710.8262329101562
2010-03-10,721.5499877929688,720.1378784179688
2010-03-11,720.1599731445312,718.7507934570312
2010-03-12,716.219970703125,714.8184814453125
2010-03-15,710.530029296875,709.1395263671875
2010-03-16,710.6799926757812,709.2892456054688
2010-03-17,710.77001953125,709.3790893554688
2010-03-18,702.9600219726562,701.5845336914062
2010-03-19,697.530029296875,696.1649780273438
2010-03-22,689.52001953125,688.1705932617188
2010-03-23,699.0499877929688,697.6819458007812
2010-03-24,710.8099975585938,709.4190673828125
2010-03-25,718.0399780273438,716.6348266601562
2010-03-26,716.0599975585938,714.6588745117188
2010-03-29,720.0999755859375,718.6908569335938
2010-03-30,710.780029296875,709.3890991210938
2010-03-31,717.1599731445312,715.7565307617188
2010-04-01,715.510009765625,714.1098022460938
2010-04-06,718.0800170898438,716.6748046875
2010-04-07,732.6799926757812,731.2462158203125
2010-04-08,722.989990234375,721.5751342773438
2010-04-09,727.77001953125,726.3457641601562
2010-04-12,731.8200073242188,730.3878173828125
2010-04-13,733.0399780273438,731.60546875
2010-04-14,737.0,735.5576171875
2010-04-15,740.8499755859375,739.4002075195312
2010-04-16,728.0999755859375,726.67529296875
2010-04-19,714.8200073242188,713.421142578125
2010-04-20,723.469970703125,722.0541381835938
2010-04-21,707.7999877929688,706.4150390625
2010-04-22,701.1099853515625,699.7379150390625
2010-04-23,709.2899780273438,707.9019165039062
2010-04-26,709.6400146484375,708.2513427734375
2010-04-27,697.7999877929688,696.4344482421875
2010-04-28,686.510009765625,685.1665649414062
2010-04-29,704.1900024414062,702.8120727539062
2010-04-30,704.219970703125,702.8419799804688
2010-05-04,678.2999877929688,676.97265625
2010-05-05,662.9600219726562,661.6627807617188
2010-05-06,634.5,633.25830078125
2010-05-07,629.5999755859375,628.367919921875
2010-05-10,655.9500122070312,654.666259765625
2010-05-11,644.969970703125,643.7078247070312
2010-05-12,651.8300170898438,650.5543823242188
2010-05-13,659.6400146484375,658.3491821289062
2010-05-14,631.1900024414062,629.9548950195312
2010-05-17,621.7100219726562,620.4932861328125
2010-05-18,626.3900146484375,625.1644287109375
2010-05-19,598.0999755859375,596.9296264648438
2010-05-20,588.1300048828125,586.9791259765625
2010-05-21,604.9500122070312,603.7662353515625
2010-05-24,594.52001953125,593.3567504882812
2010-05-25,569.7100219726562,568.5951538085938
2010-05-26,586.1699829101562,585.0228881835938
2010-05-27,599.469970703125,598.296875
2010-05-28,602.8499755859375,601.670166015625
2010-06-01,587.010009765625,585.8612670898438
2010-06-02,578.3699951171875,577.2381591796875
2010-06-03,589.47998046875,588.3263549804688
2010-06-04,584.72998046875,583.5856323242188
2010-06-07,566.3699951171875,565.26171875
2010-06-08,560.6900024414062,559.5928344726562
2010-06-09,569.7000122070312,568.5851440429688
2010-06-10,577.9000244140625,576.76904296875
2010-06-11,595.8499755859375,594.6838989257812
2010-06-14,604.6500244140625,603.466796875
2010-06-15,610.1400146484375,608.9461669921875
2010-06-16,614.9000244140625,613.6965942382812
2010-06-17,619.239990234375,618.0283203125
2010-06-18,623.7999877929688,622.5792846679688
2010-06-21,636.8400268554688,635.59375
2010-06-22,623.6400146484375,622.4196166992188
2010-06-23,603.1699829101562,601.98974609375
2010-06-24,592.219970703125,591.0610961914062
2010-06-25,587.3900146484375,586.2406616210938
2010-06-28,591.8599853515625,590.7017822265625
2010-06-29,562.0399780273438,560.93994140625
2010-06-30,570.0800170898438,568.9642944335938
2010-07-01,553.1199951171875,552.03759765625
2010-07-02,568.5399780273438,567.4273681640625
2010-07-05,574.3499755859375,573.2260131835938
2010-07-06,589.3200073242188,588.1668090820312
2010-07-07,598.1900024414062,597.0194702148438
2010-07-08,611.739990234375,610.5430297851562
2010-07-09,618.1900024414062,616.9801635742188
2010-07-12,615.5999755859375,614.3953247070312
2010-07-13,618.3800048828125,617.1698608398438
2010-07-14,616.6400146484375,615.433349609375
2010-07-15,611.2999877929688,610.1038208007812
2010-07-16,608.8200073242188,607.6284790039062
2010-07-19,611.02001953125,609.82421875
2010-07-20,612.52001953125,611.3213500976562
2010-07-21,619.2999877929688,618.0880737304688
2010-07-22,634.760009765625,633.517822265625
2010-07-23,629.8599853515625,628.6273803710938
2010-07-26,635.75,634.5059814453125
2010-07-27,629.0,627.76904296875
2010-07-28,622.5,621.2817993164062
2010-07-29,614.5,613.29736328125
2010-07-30,594.0,592.8374633789062
2010-08-02,599.75,598.5763549804688
2010-08-03,603.5,602.3189697265625
2010-08-04,604.0,602.81787109375
2010-08-05,607.25,606.0617065429688
2010-08-06,601.5,600.3228759765625
2010-08-09,609.0,607.8081665039062
2010-08-10,608.0,606.8103637695312
2010-08-11,590.0,588.8455810546875
2010-08-12,593.5,592.338623046875
2010-08-13,591.0,589.843505859375
2010-08-16,586.75,585.6016845703125
2010-08-17,602.0,600.8218994140625
2010-08-18,593.0,591.8395385742188
2010-08-19,582.0,580.8610229492188
2010-08-20,571.0,569.8825073242188
2010-08-23,576.25,575.1224365234375
2010-08-24,568.25,567.1378784179688
2010-08-25,559.0,557.9058837890625
2010-08-26,570.75,569.6331176757812
2010-08-27,577.5,576.3697509765625
2010-08-31,581.75,580.6114501953125
2010-09-01,597.75,596.580078125
2010-09-02,602.5,601.3209228515625
2010-09-03,607.0,605.8120727539062
2010-09-06,609.0,607.8081665039062
2010-09-07,605.5,604.3150634765625
2010-09-08,599.75,598.5763549804688
2010-09-09,604.5,603.3171997070312
2010-09-10,605.5,604.3150634765625
2010-09-13,611.5,610.30322265625
2010-09-14,617.75,616.541015625
2010-09-15,606.25,605.0636596679688
2010-09-16,609.0,607.8081665039062
2010-09-17,602.5,601.3209228515625
2010-09-20,607.5,606.3110961914062
2010-09-21,607.25,606.0617065429688
2010-09-22,608.5,607.3093872070312
2010-09-23,605.5,604.3150634765625
2010-09-24,609.0,607.8081665039062
2010-09-27,607.5,606.3110961914062
2010-09-28,614.75,613.5469360351562
2010-09-29,620.25,619.0362548828125
2010-09-30,623.0,621.78076171875
2010-10-01,622.5,621.2817993164062
2010-10-04,615.0,613.7965087890625
2010-10-05,625.5,624.2758178710938
2010-10-06,628.0,626.7709350585938
2010-10-07,627.0,625.7730712890625
2010-10-08,625.5,624.2758178710938
2010-10-11,635.75,634.5059814453125
2010-10-12,638.5,637.2505493164062
2010-10-13,643.0,641.7417602539062
2010-10-14,646.25,644.9852294921875
2010-10-15,638.75,637.5
2010-10-18,639.25,637.9990234375
2010-10-19,629.75,628.5176391601562
2010-10-20,627.75,626.521484375
2010-10-21,625.25,624.0264892578125
2010-10-22,627.5,626.2720336914062
2010-10-25,632.75,631.51171875
2010-10-26,622.25,621.0322875976562
2010-10-27,613.75,612.549072265625
2010-10-28,614.5,613.29736328125
2010-10-29,606.25,605.0636596679688
2010-11-01,598.75,597.5784912109375
2010-11-02,607.0,605.8120727539062
2010-11-03,603.75,602.5684814453125
2010-11-04,613.75,612.549072265625
2010-11-05,613.25,612.0499267578125
2010-11-08,615.25,614.0460815429688
2010-11-09,623.5,622.27978515625
2010-11-10,604.5,603.3171997070312
2010-11-11,590.75,589.593994140625
2010-11-12,583.5,582.358154296875
2010-11-15,585.5,584.354248046875
2010-11-16,573.75,572.6272583007812
2010-11-17,563.0,561.8984375
2010-11-18,563.75,562.6468505859375
2010-11-19,567.0,565.8902587890625
2010-11-22,562.5,561.399169921875
2010-11-23,555.75,554.6625366210938
2010-11-24,563.0,561.8984375
2010-11-25,564.25,563.1459350585938
2010-11-26,564.0,562.8963623046875
2010-11-29,549.0,547.9255981445312
2010-11-30,544.75,543.6838989257812
2010-12-01,552.0,550.9198608398438
2010-12-02,563.25,562.1478271484375
2010-12-03,566.0,564.8923950195312
2010-12-06,570.0,568.8843994140625
2010-12-07,570.0,568.8843994140625
2010-12-08,561.25,560.1516723632812
2010-12-09,569.0,567.886474609375
2010-12-10,575.0,573.8748168945312
2010-12-13,575.75,574.6232299804688
2010-12-14,580.5,579.364013671875
2010-12-15,581.25,580.1123657226562
2010-12-16,575.75,574.6232299804688
2010-12-17,578.75,577.617431640625
2010-12-20,578.0,576.868896484375
2010-12-21,586.5,585.3521728515625
2010-12-22,587.25,586.1008911132812
2010-12-23,584.75,583.6056518554688
2010-12-24,581.5,580.3621826171875
2010-12-29,584.75,583.6056518554688
2010-12-30,584.25,583.106689453125
2010-12-31,909.6599731445312,907.8798217773438
2011-01-04,588.0,586.8494262695312
2011-01-05,591.75,590.5921020507812
2011-01-06,587.75,586.5997314453125
2011-01-07,579.0,577.866943359375
2011-01-10,581.75,580.6114501953125
2011-01-11,589.25,588.096923828125
2011-01-12,598.25,597.079345703125
2011-01-13,600.5,599.3248901367188
2011-01-14,593.0,591.8395385742188
2011-01-17,591.0,589.843505859375
2011-01-18,603.0,601.820068359375
2011-01-19,606.25,605.0636596679688
2011-01-20,599.75,598.5763549804688
2011-01-21,603.25,602.0694580078125
2011-01-24,613.75,612.549072265625
2011-01-25,616.0,614.79443359375
2011-01-26,600.0,598.825927734375
2011-01-27,599.0,597.8275146484375
2011-01-28,593.5,592.338623046875
2011-01-31,587.25,586.1008911132812
2011-02-01,597.25,596.081298828125
2011-02-02,610.75,609.5548706054688
2011-02-03,603.0,601.820068359375
2011-02-04,601.5,600.3228759765625
2011-02-07,612.5,611.3013916015625
2011-02-08,607.25,606.0617065429688
2011-02-09,605.25,604.0656127929688
2011-02-10,598.75,597.5784912109375
2011-02-11,610.0,608.8062744140625
2011-02-14,616.25,615.0440673828125
2011-02-15,614.0,612.7985229492188
2011-02-16,624.125,622.9036254882812
2011-02-17,627.5,626.2720336914062
2011-02-18,636.125,634.8801879882812
2011-02-21,622.125,620.907470703125
2011-02-22,624.0,622.7788696289062
2011-02-23,608.375,607.1845092773438
2011-02-24,617.375,616.1668090820312
2011-02-25,621.5,620.2838134765625
2011-02-28,607.625,606.4358520507812
2011-03-01,603.5,602.3189697265625
2011-03-02,593.875,592.7128295898438
2011-03-03,598.0,596.8297729492188
2011-03-04,596.625,595.4573364257812
2011-03-07,593.25,592.0888671875
2011-03-08,595.375,594.2099609375
2011-03-09,596.5,595.332763671875
2011-03-10,585.875,584.728515625
2011-03-11,580.125,578.9898681640625
2011-03-14,601.625,600.4478149414062
2011-03-15,640.375,639.121826171875
2011-03-16,633.25,632.0106811523438
2011-03-17,634.25,633.0089721679688
2011-03-18,622.0,620.7827758789062
2011-03-21,622.75,621.5314331054688
2011-03-22,615.375,614.1707763671875
2011-03-23,625.375,624.151123046875
2011-03-24,640.125,638.8722534179688
2011-03-25,643.875,642.6149291992188
2011-03-28,661.25,659.9559936523438
2011-03-29,662.5,661.2034912109375
2011-03-30,670.5,669.1878051757812
2011-03-31,684.875,683.5348510742188
2011-04-01,671.25,669.9365234375
2011-04-04,671.875,670.5601806640625
2011-04-05,662.75,661.453125
2011-04-06,652.75,651.4727783203125
2011-04-07,641.5,640.2445068359375
2011-04-08,644.875,643.6131591796875
2011-04-11,641.25,639.9951171875
2011-04-12,632.125,630.887939453125
2011-04-13,641.125,639.8702392578125
2011-04-14,628.875,627.6443481445312
2011-04-15,625.875,624.650390625
2011-04-18,604.625,603.4417724609375
2011-04-19,605.875,604.6893310546875
2011-04-20,613.5,612.2994384765625
2011-04-21,608.625,607.43408203125
2011-04-26,617.625,616.4163208007812
2011-04-27,606.875,605.687255859375
2011-04-28,608.625,607.43408203125
2011-04-29,608.625,607.43408203125
2011-05-03,624.625,623.4026489257812
2011-05-04,607.625,606.4358520507812
2011-05-05,603.875,602.6932373046875
2011-05-06,608.625,607.43408203125
2011-05-09,604.875,603.6912841796875
2011-05-10,611.375,610.1787109375
2011-05-11,606.375,605.1884765625
2011-05-12,609.625,608.4320678710938
2011-05-13,608.625,607.43408203125
2011-05-16,607.375,606.1864013671875
2011-05-17,596.25,595.0831298828125
2011-05-18,604.125,602.9426879882812
2011-05-19,599.875,598.7011108398438
2011-05-20,590.5,589.3445434570312
2011-05-23,580.875,579.73828125
2011-05-24,575.0,573.8748168945312
2011-05-25,569.25,568.1361083984375
2011-05-26,562.75,561.648681640625
2011-05-27,565.0,563.8943481445312
2011-05-31,587.0,585.8512573242188
2011-06-01,580.5,579.364013671875
2011-06-02,576.5,575.3718872070312
2011-06-03,579.125,577.9916381835938
2011-06-06,577.25,576.1203002929688
2011-06-07,574.75,573.625244140625
2011-06-08,565.25,564.143798828125
2011-06-09,563.25,562.1478271484375
2011-06-10,556.25,555.1614990234375
2011-06-13,559.5,558.4052734375
2011-06-14,573.75,572.6272583007812
2011-06-15,561.75,560.650634765625
2011-06-16,561.5,560.4013061523438
2011-06-17,559.5,558.4052734375
2011-06-20,554.125,553.04052734375
2011-06-21,560.75,559.6527099609375
2011-06-22,568.5,567.387451171875
2011-06-23,556.375,555.2861328125
2011-06-24,559.25,558.155517578125
2011-06-27,559.25,558.155517578125
2011-06-28,564.0,562.8963623046875
2011-06-29,573.25,572.1281127929688
2011-06-30,585.25,584.1044921875
2011-07-01,586.25,585.1029052734375
2011-07-04,587.875,586.7244873046875
2011-07-05,580.0,578.864990234375
2011-07-06,574.5,573.375732421875
2011-07-07,574.75,573.625244140625
2011-07-08,562.25,561.1498413085938
2011-07-11,553.375,552.2921142578125
2011-07-12,536.125,535.075927734375
2011-07-13,544.625,543.55908203125
2011-07-14,536.375,535.3253173828125
2011-07-15,531.875,530.8342895507812
2011-07-18,527.375,526.343017578125
2011-07-19,534.375,533.3291625976562
2011-07-20,542.625,541.5631713867188
2011-07-21,544.625,543.55908203125
2011-07-22,547.125,546.0543823242188
2011-07-25,545.375,544.3077392578125
2011-07-26,539.125,538.0699462890625
2011-07-27,526.875,525.843994140625
2011-07-28,525.125,524.0973510742188
2011-07-29,516.375,515.3645629882812
2011-08-01,518.25,517.23583984375
2011-08-02,509.875,508.8772277832031
2011-08-03,494.8999938964844,493.93157958984375
2011-08-04,489.6000061035156,488.6419372558594
2011-08-05,456.70001220703125,455.80633544921875
2011-08-08,433.6499938964844,432.80145263671875
2011-08-09,436.8500061035156,435.9952087402344
2011-08-10,433.29998779296875,432.4520263671875
2011-08-11,442.79998779296875,441.9334716796875
2011-08-12,459.70001220703125,458.8003845214844
2011-08-15,467.5,466.58514404296875
2011-08-16,465.45001220703125,464.53924560546875
2011-08-17,460.20001220703125,459.2994689941406
2011-08-18,438.70001220703125,437.8415222167969
2011-08-19,429.70001220703125,428.85906982421875
2011-08-22,424.6000061035156,423.76904296875
2011-08-23,433.6000061035156,432.75146484375
2011-08-24,444.95001220703125,444.0793151855469
2011-08-25,447.6000061035156,446.7240295410156
2011-08-26,452.45001220703125,451.5645446777344
2011-08-30,469.0,468.0822448730469
2011-08-31,472.54998779296875,471.6251525878906
2011-09-01,470.25,469.3298034667969
2011-09-02,450.6499938964844,449.76806640625
2011-09-05,435.45001220703125,434.5978698730469
2011-09-06,432.95001220703125,432.1028137207031
2011-09-07,443.1000061035156,442.23284912109375
2011-09-08,440.04998779296875,439.1888732910156
2011-09-09,416.3500061035156,415.53521728515625
2011-09-12,409.3500061035156,408.5489501953125
2011-09-13,411.1499938964844,410.3453674316406
2011-09-14,417.8999938964844,417.0822448730469
2011-09-15,419.8500061035156,419.02838134765625
2011-09-16,413.1499938964844,412.34149169921875
2011-09-19,397.04998779296875,396.27294921875
2011-09-20,393.45001220703125,392.6800842285156
2011-09-21,387.5,386.7416687011719
2011-09-22,366.25,365.5332336425781
2011-09-23,367.3999938964844,366.68096923828125
2011-09-26,361.70001220703125,360.9921569824219
2011-09-27,374.95001220703125,374.2162780761719
2011-09-28,366.29998779296875,365.5831604003906
2011-09-29,358.95001220703125,358.24755859375
2011-09-30,350.54998779296875,349.86395263671875
2011-10-03,343.20001220703125,342.52838134765625
2011-10-04,333.3500061035156,332.6976623535156
2011-10-05,344.1000061035156,343.4266357421875
2011-10-06,367.1000061035156,366.3816223144531
2011-10-07,354.54998779296875,353.85614013671875
2011-10-10,359.6499938964844,358.9461364746094
2011-10-11,356.75,356.0518798828125
2011-10-12,360.54998779296875,359.84442138671875
2011-10-13,357.3500061035156,356.6506652832031
2011-10-14,362.3999938964844,361.6907653808594
2011-10-17,355.1499938964844,354.4549865722656
2011-10-18,353.8500061035156,353.1575622558594
2011-10-19,354.8500061035156,354.15557861328125
2011-10-20,347.29998779296875,346.6203308105469
2011-10-21,353.5,352.8081970214844
2011-10-24,359.95001220703125,359.24560546875
2011-10-25,356.8500061035156,356.1517639160156
2011-10-26,347.6000061035156,346.9197998046875
2011-10-27,364.6000061035156,363.88653564453125
2011-10-28,372.04998779296875,371.3218688964844
2011-10-31,349.0,348.3171081542969
2011-11-01,339.0,338.3365173339844
2011-11-02,341.1499938964844,340.4823303222656
2011-11-03,340.6499938964844,339.9833984375
2011-11-04,342.75,342.0792541503906
2011-11-07,341.1499938964844,340.4823303222656
2011-11-08,337.95001220703125,337.2886657714844
2011-11-09,335.04998779296875,334.394287109375
2011-11-10,327.29998779296875,326.65948486328125
2011-11-11,336.04998779296875,335.3923034667969
2011-11-14,334.8999938964844,334.2445983886719
2011-11-15,333.20001220703125,332.548095703125
2011-11-16,333.04998779296875,332.3982238769531
2011-11-17,330.75,330.1028137207031
2011-11-18,327.29998779296875,326.65948486328125
2011-11-21,317.20001220703125,316.57928466796875
2011-11-22,318.20001220703125,317.5773010253906
2011-11-23,316.3999938964844,315.78082275390625
2011-11-24,318.5,317.8767395019531
2011-11-25,314.6000061035156,313.9842834472656
2011-11-28,323.3999938964844,322.76708984375
2011-11-29,322.1000061035156,321.4696350097656
2011-11-30,332.75,332.0988464355469
2011-12-01,336.1000061035156,335.4422607421875
2011-12-02,338.6000061035156,337.9373779296875
2011-12-05,337.79998779296875,337.138916015625
2011-12-06,334.3500061035156,333.6957092285156
2011-12-07,335.0,334.344482421875
2011-12-08,328.25,327.6076354980469
2011-12-09,329.3500061035156,328.7054748535156
2011-12-12,323.20001220703125,322.5675354003906
2011-12-13,324.95001220703125,324.3141174316406
2011-12-14,315.1000061035156,314.48333740234375
2011-12-15,314.29998779296875,313.6849365234375
2011-12-16,314.6000061035156,313.9842834472656
2011-12-19,311.54998779296875,310.9403381347656
2011-12-20,314.5,313.884521484375
2011-12-21,312.45001220703125,311.8385314941406
2011-12-22,318.20001220703125,317.5773010253906
2011-12-23,322.25,321.619384765625
2011-12-28,318.1000061035156,317.4775390625
2011-12-29,321.8999938964844,321.2701110839844
2011-12-30,324.0,323.365966796875
2012-01-03,330.1499938964844,329.5038757324219
2012-01-04,326.54998779296875,325.9110107421875
2012-01-05,324.95001220703125,324.3141174316406
2012-01-06,326.8500061035156,326.2103271484375
2012-01-09,326.95001220703125,326.3102722167969
2012-01-10,335.29998779296875,334.64385986328125
2012-01-11,344.1000061035156,343.4266357421875
2012-01-12,349.6499938964844,348.9656677246094
2012-01-13,347.8500061035156,347.1692810058594
2012-01-16,346.54998779296875,345.871826171875
2012-01-17,351.04998779296875,350.3630065917969
2012-01-18,352.8500061035156,352.1595153808594
2012-01-19,359.6000061035156,358.8962707519531
2012-01-20,347.8500061035156,347.1692810058594
2012-01-23,349.3500061035156,348.6664123535156
2012-01-24,344.3500061035156,343.6761474609375
2012-01-25,344.8500061035156,344.1752014160156
2012-01-26,349.54998779296875,348.865966796875
2012-01-27,352.6499938964844,351.9599304199219
2012-01-30,348.8500061035156,348.16729736328125
2012-01-31,343.6000061035156,342.92767333984375
2012-02-01,348.1499938964844,347.4686584472656
2012-02-02,351.04998779296875,350.3630065917969
2012-02-03,358.3999938964844,357.6986389160156
2012-02-06,358.3999938964844,357.6986389160156
2012-02-07,362.79998779296875,362.0899963378906
2012-02-08,363.5,362.7886657714844
2012-02-09,376.45001220703125,375.7132873535156
2012-02-10,375.25,374.515625
2012-02-13,371.54998779296875,370.8229064941406
2012-02-14,367.8500061035156,367.13018798828125
2012-02-15,367.6499938964844,366.93060302734375
2012-02-16,365.3500061035156,364.635009765625
2012-02-17,371.95001220703125,371.2221984863281
2012-02-20,373.6499938964844,372.91876220703125
2012-02-21,375.8500061035156,375.1145324707031
2012-02-22,376.1499938964844,375.4139709472656
2012-02-23,365.3500061035156,364.635009765625
2012-02-24,359.1000061035156,358.3972473144531
2012-02-27,354.29998779296875,353.606689453125
2012-02-28,356.5,355.8023681640625
2012-02-29,348.1499938964844,347.4686584472656
2012-03-01,349.1000061035156,348.41680908203125
2012-03-02,353.0,352.30926513671875
2012-03-05,344.1499938964844,343.47650146484375
2012-03-06,338.3500061035156,337.6878967285156
2012-03-07,339.3999938964844,338.73583984375
2012-03-08,340.04998779296875,339.38446044921875
2012-03-09,346.6000061035156,345.92181396484375
2012-03-12,343.1000061035156,342.4285888671875
2012-03-13,346.54998779296875,345.871826171875
2012-03-14,346.6000061035156,345.92181396484375
2012-03-15,349.6499938964844,348.9656677246094
2012-03-16,349.6499938964844,348.9656677246094
2012-03-19,345.75,345.0733947753906
2012-03-20,339.0,338.3365173339844
2012-03-21,340.70001220703125,340.03338623046875
2012-03-22,338.0,337.3385925292969
2012-03-23,340.3999938964844,339.7338562011719
2012-03-26,340.0,339.3345642089844
2012-03-27,341.0,340.3327331542969
2012-03-28,335.29998779296875,334.64385986328125
2012-03-29,329.20001220703125,328.5558166503906
2012-03-30,330.29998779296875,329.65362548828125
2012-04-02,328.20001220703125,327.5577697753906
2012-04-03,329.3999938964844,328.7553405761719
2012-04-04,321.8500061035156,321.22021484375
2012-04-05,325.95001220703125,325.3121337890625
2012-04-10,318.75,318.126220703125
2012-04-11,321.75,321.12030029296875
2012-04-12,322.6499938964844,322.01861572265625
2012-04-13,316.3999938964844,315.78082275390625
2012-04-16,318.1499938964844,317.5273132324219
2012-04-17,321.8500061035156,321.22021484375
2012-04-18,316.45001220703125,315.83074951171875
2012-04-19,314.45001220703125,313.83465576171875
2012-04-20,314.3999938964844,313.7847900390625
2012-04-23,302.1499938964844,301.5586853027344
2012-04-24,304.6000061035156,304.0038146972656
2012-04-25,303.8999938964844,303.3052978515625
2012-04-26,302.20001220703125,301.6086120605469
2012-04-27,302.70001220703125,302.1076354980469
2012-04-30,300.70001220703125,300.11151123046875
2012-05-01,307.25,306.648681640625
2012-05-02,300.3999938964844,299.8121337890625
2012-05-03,297.0,296.4187316894531
2012-05-04,294.79998779296875,294.2230529785156
2012-05-08,289.25,288.6839904785156
2012-05-09,286.6499938964844,286.0890197753906
2012-05-10,289.04998779296875,288.48431396484375
2012-05-11,287.75,287.18682861328125
2012-05-14,279.95001220703125,279.40216064453125
2012-05-15,274.6499938964844,274.1125793457031
2012-05-16,272.6499938964844,272.1164245605469
2012-05-17,269.70001220703125,269.1722717285156
2012-05-18,262.3999938964844,261.8864440917969
2012-05-21,260.0,259.4912414550781
2012-05-22,264.70001220703125,264.1819763183594
2012-05-23,256.70001220703125,256.1977233886719
2012-05-24,261.3999938964844,260.8885192871094
2012-05-25,261.1000061035156,260.5889587402344
2012-05-29,264.70001220703125,264.1819763183594
2012-05-30,263.3999938964844,262.884521484375
2012-05-31,263.29998779296875,262.7846984863281
2012-06-01,258.8999938964844,258.3934020996094
2012-06-06,262.79998779296875,262.2857360839844
2012-06-07,263.3999938964844,262.884521484375
2012-06-08,263.3999938964844,262.884521484375
2012-06-11,261.20001220703125,260.6888427734375
2012-06-12,261.29998779296875,260.7886047363281
2012-06-13,262.70001220703125,262.1860046386719
2012-06-14,262.0,261.4873046875
2012-06-15,266.54998779296875,266.0283203125
2012-06-18,266.70001220703125,266.1781311035156
2012-06-19,270.3999938964844,269.870849609375
2012-06-20,272.0,271.46771240234375
2012-06-21,270.5,269.97064208984375
2012-06-22,268.5,267.974609375
2012-06-25,264.0,263.4833984375
2012-06-26,262.1000061035156,261.5870666503906
2012-06-27,265.1000061035156,264.5811462402344
2012-06-28,264.1000061035156,263.5831298828125
2012-06-29,270.1000061035156,269.5714111328125
2012-07-02,270.70001220703125,270.17034912109375
2012-07-03,274.95001220703125,274.41192626953125
2012-07-04,275.8500061035156,275.31011962890625
2012-07-05,273.54998779296875,273.0146789550781
2012-07-06,270.0,269.4716491699219
2012-07-09,266.29998779296875,265.7789306640625
2012-07-10,264.79998779296875,264.2818298339844
2012-07-11,263.20001220703125,262.6849670410156
2012-07-12,262.1000061035156,261.5870666503906
2012-07-13,260.6000061035156,260.0901184082031
2012-07-16,258.8999938964844,258.3934020996094
2012-07-17,255.89999389648438,255.39926147460938
2012-07-18,252.35000610351562,251.856201171875
2012-07-19,250.85000610351562,250.35910034179688
2012-07-20,247.4499969482422,246.96578979492188
2012-07-23,240.5500030517578,240.07923889160156
2012-07-24,236.5,236.03717041015625
2012-07-25,234.10000610351562,233.64190673828125
2012-07-26,234.0,233.5420684814453
2012-07-27,236.3000030517578,235.83755493164062
2012-07-30,234.3000030517578,233.8414764404297
2012-07-31,237.5500030517578,237.0851287841797
2012-08-01,237.25,236.78570556640625
2012-08-02,238.85000610351562,238.3826141357422
2012-08-03,242.14999389648438,241.6761474609375
2012-08-06,246.4499969482422,245.96771240234375
2012-08-07,253.25,252.75442504882812
2012-08-08,254.4499969482422,253.95205688476562
2012-08-09,255.89999389648438,255.39926147460938
2012-08-10,253.14999389648438,252.65463256835938
2012-08-13,250.75,250.25933837890625
2012-08-14,253.0500030517578,252.55477905273438
2012-08-15,250.75,250.25933837890625
2012-08-16,254.6999969482422,254.20159912109375
2012-08-17,258.0,257.4950866699219
2012-08-20,259.20001220703125,258.69281005859375
2012-08-21,263.6000061035156,263.0841979980469
2012-08-22,258.79998779296875,258.29351806640625
2012-08-23,258.6000061035156,258.0939025878906
2012-08-24,258.6000061035156,258.0939025878906
2012-08-28,256.79998779296875,256.2974853515625
2012-08-29,253.4499969482422,252.95407104492188
2012-08-30,248.0500030517578,247.56460571289062
2012-08-31,248.64999389648438,248.1634063720703
2012-09-03,247.75,247.26519775390625
2012-09-04,245.3000030517578,244.81997680664062
2012-09-05,244.25,243.77203369140625
2012-09-06,248.35000610351562,247.864013671875
2012-09-07,249.9499969482422,249.4608612060547
2012-09-10,253.25,252.75442504882812
2012-09-11,251.9499969482422,251.45693969726562
2012-09-12,244.39999389648438,243.92172241210938
2012-09-13,245.3000030517578,244.81997680664062
2012-09-14,251.14999389648438,250.65847778320312
2012-09-17,250.64999389648438,250.1594696044922
2012-09-18,251.4499969482422,250.9579620361328
2012-09-19,254.0500030517578,253.55284118652344
2012-09-20,249.3000030517578,248.8121337890625
2012-09-21,251.4499969482422,250.9579620361328
2012-09-24,251.5500030517578,251.05775451660156
2012-09-25,251.85000610351562,251.35716247558594
2012-09-26,245.8000030517578,245.31900024414062
2012-09-27,249.10000610351562,248.61253356933594
2012-09-28,248.5500030517578,248.06362915039062
2012-10-01,251.75,251.25732421875
2012-10-02,249.9499969482422,249.4608612060547
2012-10-03,249.0500030517578,248.56259155273438
2012-10-04,246.75,246.2671661376953
2012-10-05,249.4499969482422,248.96189880371094
2012-10-08,250.0500030517578,249.56065368652344
2012-10-09,245.64999389648438,245.1692657470703
2012-10-10,244.0,243.5225067138672
2012-10-11,247.85000610351562,247.36497497558594
2012-10-12,245.4499969482422,244.9696807861328
2012-10-15,247.0,246.51661682128906
2012-10-16,250.75,250.25933837890625
2012-10-17,253.89999389648438,253.4031524658203
2012-10-18,256.20001220703125,255.69854736328125
2012-10-19,256.6000061035156,256.0978698730469
2012-10-22,248.85000610351562,248.36300659179688
2012-10-23,238.1999969482422,237.73387145996094
2012-10-24,235.10000610351562,234.63992309570312
2012-10-25,234.60000610351562,234.14097595214844
2012-10-26,233.5,233.04302978515625
2012-10-29,234.4499969482422,233.9911346435547
2012-10-30,233.9499969482422,233.49215698242188
2012-10-31,232.4499969482422,231.99510192871094
2012-11-01,233.10000610351562,232.64385986328125
2012-11-02,231.8000030517578,231.34637451171875
2012-11-05,230.1999969482422,229.74951171875
2012-11-06,234.60000610351562,234.14097595214844
2012-11-07,232.75,232.29457092285156
2012-11-08,232.39999389648438,231.94520568847656
2012-11-09,231.0,230.5479736328125
2012-11-12,229.0,228.55186462402344
2012-11-13,228.0500030517578,227.60374450683594
2012-11-14,226.5,226.0568084716797
2012-11-15,226.39999389648438,225.95697021484375
2012-11-16,227.1999969482422,226.75540161132812
2012-11-19,233.39999389648438,232.94322204589844
2012-11-20,231.5,231.0469970703125
2012-11-21,232.6999969482422,232.24462890625
2012-11-22,231.60000610351562,231.1468048095703
2012-11-23,233.39999389648438,232.94322204589844
2012-11-26,237.14999389648438,236.68588256835938
2012-11-27,234.5,234.04112243652344
2012-11-28,234.89999389648438,234.4403076171875
2012-11-29,238.35000610351562,237.8835906982422
2012-11-30,238.5500030517578,238.08316040039062
2012-12-03,235.14999389648438,234.68978881835938
2012-12-04,237.5500030517578,237.0851287841797
2012-12-05,239.0500030517578,238.58221435546875
2012-12-06,240.9499969482422,240.4784698486328
2012-12-07,246.0500030517578,245.5684814453125
2012-12-10,244.64999389648438,244.17124938964844
2012-12-11,246.14999389648438,245.66827392578125
2012-12-12,249.9499969482422,249.4608612060547
2012-12-13,249.0500030517578,248.56259155273438
2012-12-14,252.64999389648438,252.1555938720703
2012-12-17,258.8999938964844,258.3934020996094
2012-12-18,256.0,255.49903869628906
2012-12-19,259.3999938964844,258.892333984375
2012-12-20,263.20001220703125,262.6849670410156
2012-12-21,263.29998779296875,262.7846984863281
2012-12-24,264.25,263.73291015625
2012-12-27,261.79998779296875,261.2877197265625
2012-12-28,257.79998779296875,257.2955322265625
2012-12-31,255.6999969482422,255.19960021972656
2013-01-02,264.8999938964844,264.3816223144531
2013-01-03,270.29998779296875,269.77105712890625
2013-01-04,274.1000061035156,273.5635986328125
2013-01-07,270.3999938964844,269.870849609375
2013-01-08,267.3999938964844,266.876708984375
2013-01-09,273.79998779296875,273.26416015625
2013-01-10,275.04998779296875,274.5117492675781
2013-01-11,275.54998779296875,275.0107727050781
2013-01-14,275.45001220703125,274.9109802246094
2013-01-15,274.8999938964844,274.3620300292969
2013-01-16,274.3999938964844,273.8629455566406
2013-01-17,275.04998779296875,274.5117492675781
2013-01-18,276.54998779296875,276.0087890625
2013-01-21,275.6000061035156,275.0606994628906
2013-01-22,276.3999938964844,275.85919189453125
2013-01-23,277.3500061035156,276.8072814941406
2013-01-24,278.04998779296875,277.5058898925781
2013-01-25,274.1000061035156,273.5635986328125
2013-01-28,272.5,271.9668273925781
2013-01-29,272.95001220703125,272.41583251953125
2013-01-30,270.5,269.97064208984375
2013-01-31,267.5,266.9765319824219
2013-02-01,269.8500061035156,269.3218994140625
2013-02-04,267.1000061035156,266.57733154296875
2013-02-05,266.6000061035156,266.0782470703125
2013-02-06,269.0,268.4735107421875
2013-02-07,268.70001220703125,268.1741943359375
2013-02-08,265.79998779296875,265.27984619140625
2013-02-11,271.1000061035156,270.56951904296875
2013-02-12,275.6000061035156,275.0606994628906
2013-02-13,274.70001220703125,274.1624755859375
2013-02-14,278.0,277.45599365234375
2013-02-15,282.70001220703125,282.14678955078125
2013-02-18,288.5,287.9353942871094
2013-02-19,282.6000061035156,282.0469970703125
2013-02-20,286.0,285.4402770996094
2013-02-21,280.1499938964844,279.6017150878906
2013-02-22,281.54998779296875,280.9989929199219
2013-02-25,283.29998779296875,282.74560546875
2013-02-26,277.75,277.20648193359375
2013-02-27,278.6499938964844,278.104736328125
2013-02-28,280.3500061035156,279.8014221191406
2013-03-01,281.95001220703125,281.39825439453125
2013-03-04,280.04998779296875,279.50201416015625
2013-03-05,282.8999938964844,282.3464050292969
2013-03-06,285.0,284.44219970703125
2013-03-07,285.79998779296875,285.2406921386719
2013-03-08,287.75,287.18682861328125
2013-03-11,287.54998779296875,286.9872741699219
2013-03-12,283.1000061035156,282.5460510253906
2013-03-13,281.6499938964844,281.0988464355469
2013-03-14,281.79998779296875,281.2485046386719
2013-03-15,281.29998779296875,280.74945068359375
2013-03-18,279.54998779296875,279.0029296875
2013-03-19,278.70001220703125,278.1545715332031
2013-03-20,281.45001220703125,280.8993225097656
2013-03-21,284.1499938964844,283.59393310546875
2013-03-22,284.75,284.1927490234375
2013-03-25,278.8999938964844,278.35418701171875
2013-03-26,280.8999938964844,280.3502502441406
2013-03-27,281.6499938964844,281.0988464355469
2013-03-28,282.45001220703125,281.8973388671875
2013-04-02,281.6000061035156,281.0489501953125
2013-04-03,279.45001220703125,278.9031066894531
2013-04-04,277.5,276.9569396972656
2013-04-05,273.54998779296875,273.0146789550781
2013-04-08,276.3999938964844,275.85919189453125
2013-04-09,279.70001220703125,279.1526794433594
2013-04-10,294.70001220703125,294.1232604980469
2013-04-11,297.5,296.9178161621094
2013-04-12,306.1000061035156,305.5009765625
2013-04-15,312.75,312.1379089355469
2013-04-16,309.5,308.89434814453125
2013-04-17,303.1000061035156,302.5068664550781
2013-04-18,298.5,297.9158630371094
2013-04-19,305.1499938964844,304.55279541015625
2013-04-22,303.8999938964844,303.3052978515625
2013-04-23,310.5,309.8923034667969
2013-04-24,308.3999938964844,307.7964172363281
2013-04-25,308.0,307.397216796875
2013-04-26,304.8999938964844,304.30328369140625
2013-04-29,310.45001220703125,309.84259033203125
2013-04-30,313.29998779296875,312.6868591308594
2013-05-01,314.6000061035156,313.9842834472656
2013-05-02,315.95001220703125,315.33172607421875
2013-05-03,318.25,317.627197265625
2013-05-07,320.8500061035156,320.2221374511719
2013-05-08,323.3500061035156,322.71728515625
2013-05-09,323.75,323.116455078125
2013-05-10,328.20001220703125,327.5577697753906
2013-05-13,332.70001220703125,332.0489196777344
2013-05-14,340.1000061035156,339.4344482421875
2013-05-15,342.04998779296875,341.3805847167969
2013-05-16,340.79998779296875,340.133056640625
2013-05-17,343.6000061035156,342.92767333984375
2013-05-20,350.6499938964844,349.9637756347656
2013-05-21,355.8999938964844,355.2034912109375
2013-05-22,353.75,353.0577392578125
2013-05-23,336.3999938964844,335.7417297363281
2013-05-24,340.70001220703125,340.03338623046875
2013-05-28,345.8999938964844,345.2230529785156
2013-05-29,347.3500061035156,346.6701965332031
2013-05-30,348.6000061035156,347.9178771972656
2013-05-31,344.6000061035156,343.9256896972656
2013-06-03,335.0,334.344482421875
2013-06-04,339.70001220703125,339.0351867675781
2013-06-05,330.29998779296875,329.65362548828125
2013-06-06,322.70001220703125,322.0685119628906
2013-06-07,327.3500061035156,326.70941162109375
2013-06-10,329.0,328.356201171875
2013-06-11,326.20001220703125,325.5616760253906
2013-06-12,324.75,324.11456298828125
2013-06-13,323.6000061035156,322.9667663574219
2013-06-14,324.3999938964844,323.76519775390625
2013-06-17,334.0,333.34637451171875
2013-06-18,336.70001220703125,336.0411376953125
2013-06-19,333.3999938964844,332.7475280761719
2013-06-20,323.6000061035156,322.9667663574219
2013-06-21,321.54998779296875,320.9207458496094
2013-06-24,311.20001220703125,310.5910339355469
2013-06-25,315.54998779296875,314.93255615234375
2013-06-26,323.8500061035156,323.2162780761719
2013-06-27,332.8999938964844,332.2485046386719
2013-06-28,333.8500061035156,333.1967468261719
2013-07-01,334.0,333.34637451171875
2013-07-02,337.5,336.83953857421875
2013-07-03,329.1000061035156,328.4560546875
2013-07-04,337.70001220703125,337.0391540527344
2013-07-05,337.8500061035156,337.1888427734375
2013-07-08,344.5,343.8257751464844
2013-07-09,349.0,348.3171081542969
2013-07-10,344.3999938964844,343.72607421875
2013-07-11,347.6499938964844,346.9696350097656
2013-07-12,347.25,346.5704040527344
2013-07-15,355.29998779296875,354.6046447753906
2013-07-16,355.95001220703125,355.25341796875
2013-07-17,354.8500061035156,354.15557861328125
2013-07-18,356.1499938964844,355.4530334472656
2013-07-19,356.6499938964844,355.95208740234375
2013-07-22,358.1499938964844,357.4490966796875
2013-07-23,358.8999938964844,358.1976318359375
2013-07-24,360.1499938964844,359.4452209472656
2013-07-25,354.5,353.8062744140625
2013-07-26,354.3999938964844,353.7065124511719
2013-07-29,350.0,349.31512451171875
2013-07-30,355.8500061035156,355.1535949707031
2013-07-31,354.95001220703125,354.25543212890625
2013-08-01,362.8999938964844,362.1897888183594
2013-08-02,364.3999938964844,363.6868896484375
2013-08-05,365.29998779296875,364.5850830078125
2013-08-06,362.75,362.0401306152344
2013-08-07,348.70001220703125,348.0176696777344
2013-08-08,350.8500061035156,350.1634521484375
2013-08-09,353.54998779296875,352.8580322265625
2013-08-12,358.54998779296875,357.8482971191406
2013-08-13,356.8999938964844,356.2015380859375
2013-08-14,355.45001220703125,354.75445556640625
2013-08-15,349.29998779296875,348.61639404296875
2013-08-16,348.95001220703125,348.2672119140625
2013-08-19,339.8999938964844,339.23486328125
2013-08-20,338.1000061035156,337.4383544921875
2013-08-21,334.5,333.8453674316406
2013-08-22,340.3999938964844,339.7338562011719
2013-08-23,343.5,342.8277282714844
2013-08-27,334.6000061035156,333.9452819824219
2013-08-28,331.8999938964844,331.2504577636719
2013-08-29,335.45001220703125,334.7935791015625
2013-08-30,336.0,335.3423767089844
2013-09-02,337.3999938964844,336.7397155761719
2013-09-03,340.1499938964844,339.4843444824219
2013-09-04,338.70001220703125,338.0372314453125
2013-09-05,345.75,345.0733947753906
2013-09-06,348.8999938964844,348.21722412109375
2013-09-09,347.75,347.0695495605469
2013-09-10,353.70001220703125,353.00787353515625
2013-09-11,352.1499938964844,351.4607238769531
2013-09-12,350.5,349.8140563964844
2013-09-13,349.29998779296875,348.61639404296875
2013-09-16,352.8500061035156,352.1595153808594
2013-09-17,351.25,350.5626220703125
2013-09-18,350.6499938964844,349.9637756347656
2013-09-19,355.54998779296875,354.8542175292969
2013-09-20,355.04998779296875,354.3551940917969
2013-09-23,352.25,351.5606994628906
2013-09-24,355.54998779296875,354.8542175292969
2013-09-25,355.3500061035156,354.6546325683594
2013-09-26,364.5,363.7866516113281
2013-09-27,364.20001220703125,363.4873352050781
2013-09-30,366.29998779296875,365.5831604003906
2013-10-01,370.70001220703125,369.97454833984375
2013-10-02,373.04998779296875,372.3199462890625
2013-10-03,375.79998779296875,375.0646057128906
2013-10-04,380.0,379.2564392089844
2013-10-07,378.20001220703125,377.45989990234375
2013-10-08,378.20001220703125,377.45989990234375
2013-10-09,377.1000061035156,376.3620300292969
2013-10-10,385.75,384.99517822265625
2013-10-11,386.95001220703125,386.1927490234375
2013-10-14,385.29998779296875,384.54595947265625
2013-10-15,392.5,391.7319030761719
2013-10-16,393.8999938964844,393.129150390625
2013-10-17,392.95001220703125,392.1810302734375
2013-10-18,397.5,396.7221374511719
2013-10-21,402.79998779296875,402.01177978515625
2013-10-22,398.5,397.72015380859375
2013-10-23,389.3500061035156,388.5881042480469
2013-10-24,387.8500061035156,387.09100341796875
2013-10-25,383.04998779296875,382.3003845214844
2013-10-28,377.79998779296875,377.0606689453125
2013-10-29,382.3500061035156,381.601806640625
2013-10-30,379.70001220703125,378.9569091796875
2013-10-31,379.5,378.7573547363281
2013-11-01,382.75,382.00091552734375
2013-11-04,389.25,388.48822021484375
2013-11-05,386.75,385.9931945800781
2013-11-06,388.8500061035156,388.0889892578125
2013-11-07,377.79998779296875,377.0606689453125
2013-11-08,380.20001220703125,379.4560241699219
2013-11-11,382.3999938964844,381.6515808105469
2013-11-12,382.54998779296875,381.8013610839844
2013-11-13,381.1000061035156,380.35418701171875
2013-11-14,388.1000061035156,387.3404846191406
2013-11-15,389.0,388.2388000488281
2013-11-18,391.8999938964844,391.1330871582031
2013-11-19,385.3999938964844,384.6457824707031
2013-11-20,380.70001220703125,379.9549255371094
2013-11-21,380.29998779296875,379.5557861328125
2013-11-22,376.29998779296875,375.5635986328125
2013-11-25,375.70001220703125,374.96484375
2013-11-26,373.29998779296875,372.5694885253906
2013-11-27,373.70001220703125,372.9686584472656
2013-11-28,371.45001220703125,370.72308349609375
2013-11-29,371.29998779296875,370.5733337402344
2013-12-02,371.1000061035156,370.3738098144531
2013-12-03,362.79998779296875,362.0899963378906
2013-12-04,364.29998779296875,363.5871276855469
2013-12-05,365.3999938964844,364.6849365234375
2013-12-06,365.70001220703125,364.984375
2013-12-09,363.0,362.2895812988281
2013-12-10,362.0,361.29156494140625
2013-12-11,359.25,358.54705810546875
2013-12-12,359.04998779296875,358.34735107421875
2013-12-13,359.8500061035156,359.1457214355469
2013-12-16,360.8999938964844,360.1937561035156
2013-12-17,361.75,361.04205322265625
2013-12-18,358.95001220703125,358.24755859375
2013-12-19,363.04998779296875,362.3395690917969
2013-12-20,360.3500061035156,359.6448669433594
2013-12-23,362.0,361.29156494140625
2013-12-24,361.04998779296875,360.34344482421875
2013-12-27,365.5,364.78485107421875
2013-12-30,367.6499938964844,366.93060302734375
2013-12-31,368.1000061035156,367.37969970703125
2014-01-02,375.6000061035156,374.86492919921875
2014-01-03,376.70001220703125,375.9628601074219
2014-01-06,376.70001220703125,375.9628601074219
2014-01-07,381.75,381.0030822753906
2014-01-08,380.20001220703125,379.4560241699219
2014-01-09,379.1000061035156,378.358154296875
2014-01-10,380.1000061035156,379.3562316894531
2014-01-13,383.20001220703125,382.4501953125
2014-01-14,379.95001220703125,379.20648193359375
2014-01-15,386.5,385.7437438964844
2014-01-16,387.45001220703125,386.6918029785156
2014-01-17,388.25,387.49029541015625
2014-01-20,388.29998779296875,387.5401611328125
2014-01-21,382.3500061035156,381.601806640625
2014-01-22,383.6000061035156,382.84930419921875
2014-01-23,376.29998779296875,375.5635986328125
2014-01-24,365.1000061035156,364.3855285644531
2014-01-27,357.8500061035156,357.14971923828125
2014-01-28,365.70001220703125,364.984375
2014-01-29,364.70001220703125,363.9862976074219
2014-01-30,368.6000061035156,367.8786926269531
2014-01-31,368.8999938964844,368.1781311035156
2014-02-03,363.75,363.0382080078125
2014-02-04,362.04998779296875,361.3414611816406
2014-02-05,358.6000061035156,357.8982238769531
2014-02-06,368.70001220703125,367.9784851074219
2014-02-07,374.20001220703125,373.46771240234375
2014-02-10,376.0,375.26416015625
2014-02-11,377.3999938964844,376.6614074707031
2014-02-12,375.70001220703125,374.96484375
2014-02-13,374.6000061035156,373.8668518066406
2014-02-14,375.1499938964844,374.4158935546875
2014-02-17,376.29998779296875,375.5635986328125
2014-02-18,379.70001220703125,378.9569091796875
2014-02-19,379.5,378.7573547363281
2014-02-20,376.6000061035156,375.8630676269531
2014-02-21,381.6000061035156,380.853271484375
2014-02-24,388.3500061035156,387.59002685546875
2014-02-25,385.54998779296875,384.7955627441406
2014-02-26,388.3999938964844,387.63995361328125
2014-02-27,391.20001220703125,390.4344177246094
2014-02-28,393.79998779296875,393.02935791015625
2014-03-03,389.25,388.48822021484375
2014-03-04,402.6000061035156,401.8121337890625
2014-03-05,398.8500061035156,398.06951904296875
2014-03-06,406.70001220703125,405.9041748046875
2014-03-07,404.5,403.7084655761719
2014-03-10,403.3999938964844,402.610595703125
2014-03-11,404.6499938964844,403.85809326171875
2014-03-12,400.3999938964844,399.6164855957031
2014-03-13,391.3999938964844,390.63397216796875
2014-03-14,387.1499938964844,386.3923645019531
2014-03-17,390.25,389.4863586425781
2014-03-18,394.79998779296875,394.0274353027344
2014-03-19,395.3500061035156,394.5763244628906
2014-03-20,398.3500061035156,397.5704650878906
2014-03-21,396.04998779296875,395.2749328613281
2014-03-24,387.45001220703125,386.6918029785156
2014-03-25,386.8500061035156,386.0929260253906
2014-03-26,386.75,385.9931945800781
2014-03-27,386.6499938964844,385.89337158203125
2014-03-28,392.75,391.98150634765625
2014-03-31,390.75,389.98529052734375
2014-04-01,393.25,392.4804382324219
2014-04-02,396.5,395.72406005859375
2014-04-03,391.75,390.9833679199219
2014-04-04,392.3500061035156,391.5821838378906
2014-04-07,384.75,383.9970397949219
2014-04-08,379.3500061035156,378.607666015625
2014-04-09,382.04998779296875,381.3022766113281
2014-04-10,378.29998779296875,377.5596618652344
2014-04-11,376.70001220703125,375.9628601074219
2014-04-14,370.70001220703125,369.97454833984375
2014-04-15,363.3500061035156,362.6390075683594
2014-04-16,368.70001220703125,367.9930114746094
2014-04-17,372.29998779296875,371.58612060546875
2014-04-22,380.6000061035156,379.8702697753906
2014-04-23,381.6000061035156,380.8683166503906
2014-04-24,379.29998779296875,378.57269287109375
2014-04-25,374.79998779296875,374.081298828125
2014-04-28,369.79998779296875,369.0909423828125
2014-04-29,366.3999938964844,365.6974182128906
2014-04-30,364.79998779296875,364.1004943847656
2014-05-01,369.70001220703125,368.9911804199219
2014-05-02,370.3999938964844,369.6897277832031
2014-05-06,369.20001220703125,368.49200439453125
2014-05-07,360.95001220703125,360.2579040527344
2014-05-08,362.75,362.054443359375
2014-05-09,361.75,361.05633544921875
2014-05-12,370.70001220703125,369.98919677734375
2014-05-13,370.8999938964844,370.1888122558594
2014-05-14,375.5,374.7799377441406
2014-05-15,362.79998779296875,362.1043395996094
2014-05-16,361.25,360.5572509765625
2014-05-19,363.70001220703125,363.002685546875
2014-05-20,363.79998779296875,363.10235595703125
2014-05-21,365.5,364.79925537109375
2014-05-22,374.5,373.7818603515625
2014-05-23,377.3999938964844,376.67626953125
2014-05-27,382.04998779296875,381.31732177734375
2014-05-28,382.8500061035156,382.1159362792969
2014-05-29,387.75,387.0065002441406
2014-05-30,386.70001220703125,385.95855712890625
2014-06-02,386.45001220703125,385.7090148925781
2014-06-03,384.54998779296875,383.81256103515625
2014-06-04,384.45001220703125,383.7127990722656
2014-06-05,386.54998779296875,385.8088684082031
2014-06-06,389.0,388.2541198730469
2014-06-09,393.0,392.2464294433594
2014-06-10,390.6499938964844,389.9009704589844
2014-06-11,390.29998779296875,389.5516052246094
2014-06-12,393.1499938964844,392.3961181640625
2014-06-13,391.6499938964844,390.89898681640625
2014-06-16,391.3500061035156,390.5995178222656
2014-06-17,398.1000061035156,397.3366394042969
2014-06-18,401.3999938964844,400.6303405761719
2014-06-19,401.79998779296875,401.029541015625
2014-06-20,403.29998779296875,402.526611328125
2014-06-23,402.70001220703125,401.92779541015625
2014-06-24,403.5,402.726318359375
2014-06-25,399.8999938964844,399.1331787109375
2014-06-26,402.6000061035156,401.8280334472656
2014-06-27,404.95001220703125,404.173583984375
2014-06-30,405.04998779296875,404.2732849121094
2014-07-01,402.6000061035156,401.8280334472656
2014-07-02,403.79998779296875,403.0256042480469
2014-07-03,407.8500061035156,407.06793212890625
2014-07-04,405.25,404.472900390625
2014-07-07,402.54998779296875,401.7781677246094
2014-07-08,391.1000061035156,390.3500671386719
2014-07-09,391.75,390.99884033203125
2014-07-10,385.8500061035156,385.1101989746094
2014-07-11,389.8999938964844,389.1523742675781
2014-07-14,391.8500061035156,391.09869384765625
2014-07-15,386.6499938964844,385.90863037109375
2014-07-16,389.5,388.7530822753906
2014-07-17,386.29998779296875,385.55926513671875
2014-07-18,390.1499938964844,389.4018859863281
2014-07-21,390.25,389.501708984375
2014-07-22,397.6499938964844,396.88751220703125
2014-07-23,396.8500061035156,396.08905029296875
2014-07-24,399.20001220703125,398.4345703125
2014-07-25,397.1499938964844,396.3884582519531
2014-07-28,398.95001220703125,398.18499755859375
2014-07-29,397.54998779296875,396.7877502441406
2014-07-30,397.45001220703125,396.68792724609375
2014-07-31,389.29998779296875,388.5535583496094
2014-08-01,383.95001220703125,383.2138366699219
2014-08-04,383.95001220703125,383.2138366699219
2014-08-05,390.95001220703125,390.2003479003906
2014-08-06,389.45001220703125,388.70330810546875
2014-08-07,393.45001220703125,392.69561767578125
2014-08-08,393.45001220703125,392.69561767578125
2014-08-11,401.45001220703125,400.6802062988281
2014-08-12,400.20001220703125,399.43267822265625
2014-08-13,406.0,405.2214660644531
2014-08-14,408.1000061035156,407.3174743652344
2014-08-15,406.1000061035156,405.3212890625
2014-08-18,411.8999938964844,411.11016845703125
2014-08-19,416.70001220703125,415.9010314941406
2014-08-20,417.20001220703125,416.3999938964844
2014-08-21,416.5,415.7013854980469
2014-08-22,415.1000061035156,414.3040466308594
2014-08-26,419.5,418.6955871582031
2014-08-27,419.29998779296875,418.49603271484375
2014-08-28,414.70001220703125,413.9048156738281
2014-08-29,414.8500061035156,414.0545959472656
2014-09-01,413.3500061035156,412.55743408203125
2014-09-02,414.70001220703125,413.9048156738281
2014-09-03,421.20001220703125,420.39239501953125
2014-09-04,428.20001220703125,427.3789367675781
2014-09-05,426.75,425.9317321777344
2014-09-08,435.95001220703125,435.1141357421875
2014-09-09,429.8500061035156,429.0257873535156
2014-09-10,422.1499938964844,421.3405456542969
2014-09-11,420.75,419.9432678222656
2014-09-12,420.6499938964844,419.8434143066406
2014-09-15,411.3999938964844,410.6111755371094
2014-09-16,407.3999938964844,406.61883544921875
2014-09-17,409.04998779296875,408.265625
2014-09-18,409.1499938964844,408.3654479980469
2014-09-19,406.70001220703125,405.9201965332031
2014-09-22,400.5,399.7320861816406
2014-09-23,397.75,396.9873352050781
2014-09-24,401.3999938964844,400.6303405761719
2014-09-25,396.0,395.2406921386719
2014-09-26,398.1499938964844,397.3865051269531
2014-09-29,393.3500061035156,392.5958251953125
2014-09-30,393.04998779296875,392.2962951660156
2014-10-01,385.1000061035156,384.361572265625
2014-10-02,374.6000061035156,373.88165283203125
2014-10-03,388.1499938964844,387.40570068359375
2014-10-06,379.5,378.77215576171875
2014-10-07,376.25,375.52862548828125
2014-10-08,370.6000061035156,369.88934326171875
2014-10-09,369.5,368.7914733886719
2014-10-10,360.8999938964844,360.20794677734375
2014-10-13,358.3500061035156,357.66290283203125
2014-10-14,356.5,355.8164367675781
2014-10-15,350.95001220703125,350.2770690917969
2014-10-16,356.3500061035156,355.6667175292969
2014-10-17,364.54998779296875,363.8509521484375
2014-10-20,360.8500061035156,360.1580505371094
2014-10-21,368.70001220703125,367.9930114746094
2014-10-22,372.29998779296875,371.58612060546875
2014-10-23,371.29998779296875,370.5879821777344
2014-10-24,368.29998779296875,367.5937194824219
2014-10-27,360.5,359.8087463378906
2014-10-28,370.70001220703125,369.98919677734375
2014-10-29,370.0,369.2905578613281
2014-10-30,367.8999938964844,367.2487487792969
2014-10-31,375.5,374.83514404296875
2014-11-03,377.29998779296875,376.632080078125
2014-11-04,371.20001220703125,370.5428466796875
2014-11-05,370.54998779296875,369.89398193359375
2014-11-06,369.3999938964844,368.74603271484375
2014-11-07,373.20001220703125,372.539306640625
2014-11-10,370.70001220703125,370.0437316894531
2014-11-11,368.8999938964844,368.2469482421875
2014-11-12,369.1000061035156,368.4466857910156
2014-11-13,367.0,366.35028076171875
2014-11-14,373.1000061035156,372.43951416015625
2014-11-17,370.6000061035156,369.94390869140625
2014-11-18,373.79998779296875,373.13824462890625
2014-11-19,376.70001220703125,376.0331726074219
2014-11-20,376.70001220703125,376.0331726074219
2014-11-21,387.0,386.3148193359375
2014-11-24,382.8999938964844,382.22210693359375
2014-11-25,382.6000061035156,381.9226989746094
2014-11-26,385.95001220703125,385.2667541503906
2014-11-27,387.20001220703125,386.5144958496094
2014-11-28,377.75,377.0812072753906
2014-12-01,365.3999938964844,364.7531433105469
2014-12-02,369.5,368.8458251953125
2014-12-03,370.3999938964844,369.7442626953125
2014-12-04,368.0,367.34857177734375
2014-12-05,373.8999938964844,373.23809814453125
2014-12-08,369.1000061035156,368.4466857910156
2014-12-09,358.95001220703125,358.3144836425781
2014-12-10,365.20001220703125,364.553466796875
2014-12-11,365.29998779296875,364.6532897949219
2014-12-12,357.6499938964844,357.0168151855469
2014-12-15,354.6499938964844,354.0221252441406
2014-12-16,355.04998779296875,354.42144775390625
2014-12-17,351.1499938964844,350.52838134765625
2014-12-18,359.95001220703125,359.31280517578125
2014-12-19,360.6499938964844,360.0115051269531
2014-12-22,362.1499938964844,361.5089111328125
2014-12-23,365.3999938964844,364.7531433105469
2014-12-24,364.5,363.85467529296875
2014-12-29,369.70001220703125,369.04559326171875
2014-12-30,364.6000061035156,363.9546203613281
2014-12-31,365.5,364.85302734375
2015-01-02,368.20001220703125,367.54827880859375
2015-01-05,370.29998779296875,369.6444396972656
2015-01-06,367.3999938964844,366.74951171875
2015-01-07,371.29998779296875,370.6426086425781
2015-01-08,379.20001220703125,378.5286865234375
2015-01-09,375.1000061035156,374.4359436035156
2015-01-12,372.0,371.3414001464844
2015-01-13,377.79998779296875,377.1311340332031
2015-01-14,371.5,370.8422546386719
2015-01-15,372.0,371.3414001464844
2015-01-16,369.8999938964844,369.2452087402344
2015-01-19,371.29998779296875,370.6426086425781
2015-01-20,368.29998779296875,367.64794921875
2015-01-21,373.8999938964844,373.23809814453125
2015-01-22,376.0,375.3343505859375
2015-01-23,379.75,379.07769775390625
2015-01-26,389.25,388.5609130859375
2015-01-27,388.54998779296875,387.8620910644531
2015-01-28,387.54998779296875,386.8639221191406
2015-01-29,387.6499938964844,386.9637145996094
2015-01-30,387.3500061035156,386.6642761230469
2015-02-02,396.70001220703125,395.9976806640625
2015-02-03,402.3999938964844,401.6875305175781
2015-02-04,404.8999938964844,404.1831970214844
2015-02-05,400.70001220703125,399.9906311035156
2015-02-06,401.70001220703125,400.98883056640625
2015-02-09,400.70001220703125,399.9906311035156
2015-02-10,401.8999938964844,401.1885070800781
2015-02-11,401.20001220703125,400.48974609375
2015-02-12,402.70001220703125,401.9870910644531
2015-02-13,406.20001220703125,405.48095703125
2015-02-16,405.6000061035156,404.8820495605469
2015-02-17,403.5,402.78564453125
2015-02-18,404.5,403.7839660644531
2015-02-19,401.79998779296875,401.08868408203125
2015-02-20,402.70001220703125,401.9870910644531
2015-02-23,401.79998779296875,401.08868408203125
2015-02-24,412.29998779296875,411.5700988769531
2015-02-25,409.0,408.27593994140625
2015-02-26,413.79998779296875,413.0674743652344
2015-02-27,414.20001220703125,413.466796875
2015-03-02,421.75,421.00335693359375
2015-03-03,425.95001220703125,425.1959228515625
2015-03-04,439.20001220703125,438.4224548339844
2015-03-05,459.8999938964844,459.0857849121094
2015-03-06,444.5,443.7131042480469
2015-03-09,446.25,445.4600524902344
2015-03-10,440.0,439.2210693359375
2015-03-11,444.45001220703125,443.6632080078125
2015-03-12,448.45001220703125,447.6560974121094
2015-03-13,446.75,445.9591064453125
2015-03-16,449.8500061035156,449.0535583496094
2015-03-17,452.54998779296875,451.74884033203125
2015-03-18,458.3500061035156,457.5386657714844
2015-03-19,459.6000061035156,458.7862854003906
2015-03-20,461.3999938964844,460.5831604003906
2015-03-23,463.8999938964844,463.07867431640625
2015-03-24,467.1000061035156,466.2730407714844
2015-03-25,461.70001220703125,460.88262939453125
2015-03-26,457.6499938964844,456.83978271484375
2015-03-27,459.20001220703125,458.3870544433594
2015-03-30,468.45001220703125,467.62066650390625
2015-03-31,467.54998779296875,466.7222595214844
2015-04-01,475.5,474.658203125
2015-04-02,479.5,478.65118408203125
2015-04-07,486.6000061035156,485.7385559082031
2015-04-08,488.1000061035156,487.2359924316406
2015-04-09,500.42498779296875,499.53900146484375
2015-04-10,503.625,502.7333984375
2015-04-13,503.875,502.9830017089844
2015-04-14,496.95001220703125,496.0702209472656
2015-04-15,498.92498779296875,498.0417175292969
2015-04-16,497.79998779296875,496.918701171875
2015-04-17,473.5,472.6617431640625
2015-04-20,489.95001220703125,489.08251953125
2015-04-21,491.75,490.87945556640625
2015-04-22,492.0,491.1290283203125
2015-04-23,494.75,493.8741149902344
2015-04-24,491.0,490.1307678222656
2015-04-27,491.20001220703125,490.33038330078125
2015-04-28,486.0,485.1396179199219
2015-04-29,479.5,478.65118408203125
2015-04-30,492.5,491.687744140625
2015-05-01,483.75,482.9521179199219
2015-05-05,478.0,477.2116394042969
2015-05-06,471.3500061035156,470.57257080078125
2015-05-07,472.6499938964844,471.87042236328125
2015-05-08,476.25,475.4645080566406
2015-05-11,473.6499938964844,472.86883544921875
2015-05-12,468.25,467.47772216796875
2015-05-13,467.75,466.9784851074219
2015-05-14,467.8500061035156,467.07830810546875
2015-05-15,469.6499938964844,468.8753356933594
2015-05-18,471.8500061035156,471.0718078613281
2015-05-19,475.1499938964844,474.3663635253906
2015-05-20,455.70001220703125,454.9484558105469
2015-05-21,454.8500061035156,454.09979248046875
2015-05-22,462.6499938964844,461.8869323730469
2015-05-26,460.54998779296875,459.7903747558594
2015-05-27,462.70001220703125,461.936767578125
2015-05-28,457.5,456.7454528808594
2015-05-29,452.6000061035156,451.8535461425781
2015-06-01,454.75,453.9999694824219
2015-06-02,452.1000061035156,451.3543395996094
2015-06-03,455.29998779296875,454.54901123046875
2015-06-04,448.70001220703125,447.9599914550781
2015-06-05,441.0,440.2725830078125
2015-06-08,442.45001220703125,441.7202453613281
2015-06-09,433.25,432.5353088378906
2015-06-10,434.29998779296875,433.58367919921875
2015-06-11,435.6499938964844,434.93145751953125
2015-06-12,433.0,432.2857971191406
2015-06-15,426.0,425.29736328125
2015-06-16,427.75,427.04449462890625
2015-06-17,429.20001220703125,428.4921569824219
2015-06-18,428.5,427.7932434082031
2015-06-19,424.3500061035156,423.65008544921875
2015-06-22,431.3999938964844,430.6884460449219
2015-06-23,435.3999938964844,434.6817932128906
2015-06-24,436.1499938964844,435.4305725097656
2015-06-25,430.5,429.7899475097656
2015-06-26,425.54998779296875,424.8481750488281
2015-06-29,411.6000061035156,410.9211120605469
2015-06-30,412.20001220703125,411.5201416015625
2015-07-01,420.1000061035156,419.4071044921875
2015-07-02,417.5,416.81134033203125
2015-07-03,416.5,415.81304931640625
2015-07-06,401.5,400.8377990722656
2015-07-07,387.04998779296875,386.41156005859375
2015-07-08,390.5,389.85589599609375
2015-07-09,402.75,402.0857849121094
2015-07-10,410.79998779296875,410.122314453125
2015-07-13,415.04998779296875,414.36541748046875
2015-07-14,415.54998779296875,414.8645935058594
2015-07-15,407.75,407.077392578125
2015-07-16,410.0,409.32373046875
2015-07-17,406.45001220703125,405.7796325683594
2015-07-20,409.70001220703125,409.0242614746094
2015-07-21,409.45001220703125,408.77471923828125
2015-07-22,404.75,404.0824279785156
2015-07-23,403.6000061035156,402.93438720703125
2015-07-24,400.75,400.0889587402344
2015-07-27,392.1000061035156,391.4532470703125
2015-07-28,393.45001220703125,392.8011169433594
2015-07-29,401.29998779296875,400.6381530761719
2015-07-30,394.0,393.3501281738281
2015-07-31,396.1499938964844,395.4966125488281
2015-08-03,394.04998779296875,393.3999938964844
2015-08-04,392.79998779296875,392.1521301269531
2015-08-05,399.3500061035156,398.69134521484375
2015-08-06,393.29998779296875,392.6512756347656
2015-08-07,391.20001220703125,390.55474853515625
2015-08-10,393.6499938964844,393.0007629394531
2015-08-11,385.70001220703125,385.0638427734375
2015-08-12,376.8999938964844,376.27838134765625
2015-08-13,384.8999938964844,384.2651672363281
2015-08-14,385.04998779296875,384.4149475097656
2015-08-17,385.25,384.61456298828125
2015-08-18,382.70001220703125,382.06878662109375
2015-08-19,373.8500061035156,373.2333984375
2015-08-20,361.54998779296875,360.9536437988281
2015-08-21,350.0,349.4226989746094
2015-08-24,331.0,330.4539794921875
2015-08-25,349.04998779296875,348.47418212890625
2015-08-26,344.04998779296875,343.4825134277344
2015-08-27,364.1499938964844,363.5494079589844
2015-08-28,368.95001220703125,368.34149169921875
2015-09-01,352.8500061035156,352.2680358886719
2015-09-02,350.79998779296875,350.2214050292969
2015-09-03,358.8500061035156,358.2581481933594
2015-09-04,352.1000061035156,351.519287109375
2015-09-07,351.8500061035156,351.2696838378906
2015-09-08,356.45001220703125,355.86212158203125
2015-09-09,358.5,357.90863037109375
2015-09-10,357.20001220703125,356.61083984375
2015-09-11,354.6499938964844,354.0650329589844
2015-09-14,353.75,353.16650390625
2015-09-15,357.79998779296875,357.20989990234375
2015-09-16,361.04998779296875,360.4544982910156
2015-09-17,359.1499938964844,358.5576477050781
2015-09-18,354.20001220703125,353.6158142089844
2015-09-21,355.5,354.9136657714844
2015-09-22,348.0,347.4260559082031
2015-09-23,349.6499938964844,349.0732116699219
2015-09-24,337.0,336.44415283203125
2015-09-25,350.0,349.4226989746094
2015-09-28,337.5,336.9433898925781
2015-09-29,341.20001220703125,340.63726806640625
2015-09-30,349.45001220703125,348.87371826171875
2015-10-01,350.25,349.6723937988281
2015-10-02,354.6499938964844,354.0650329589844
2015-10-05,371.25,370.63763427734375
2015-10-06,375.5,374.880615234375
2015-10-07,375.6499938964844,375.0303955078125
2015-10-08,378.70001220703125,378.0753479003906
2015-10-09,384.95001220703125,384.3150939941406
2015-10-12,380.1000061035156,379.4731140136719
2015-10-13,380.3999938964844,379.7725524902344
2015-10-14,379.1499938964844,378.524658203125
2015-10-15,383.95001220703125,383.3168029785156
2015-10-16,383.45001220703125,382.8175048828125
2015-10-19,378.8999938964844,378.27508544921875
2015-10-20,381.75,381.1204528808594
2015-10-21,379.8999938964844,379.2734069824219
2015-10-22,380.8999938964844,380.2717590332031
2015-10-23,384.29998779296875,383.6662292480469
2015-10-26,381.79998779296875,381.1703186035156
2015-10-27,372.6000061035156,371.9855041503906
2015-10-28,378.1000061035156,377.4764404296875
2015-10-29,378.20001220703125,377.5762023925781
2015-10-30,368.79998779296875,368.19171142578125
2015-11-02,372.8999938964844,372.2849426269531
2015-11-03,376.6000061035156,375.9788513183594
2015-11-04,375.20001220703125,374.5812072753906
2015-11-05,379.0,378.3749084472656
2015-11-06,381.8999938964844,381.2701110839844
2015-11-09,376.8999938964844,376.27838134765625
2015-11-10,368.25,367.64263916015625
2015-11-11,364.8500061035156,364.2482604980469
2015-11-12,359.3999938964844,358.8462829589844
2015-11-13,351.8500061035156,351.30792236328125
2015-11-16,353.8999938964844,353.3547668457031
2015-11-17,356.70001220703125,356.15045166015625
2015-11-18,352.3999938964844,351.85699462890625
2015-11-19,354.3999938964844,353.8539733886719
2015-11-20,356.75,356.2003479003906
2015-11-23,360.20001220703125,359.6450500488281
2015-11-24,358.8999938964844,358.3469543457031
2015-11-25,360.29998779296875,359.744873046875
2015-11-26,361.54998779296875,360.9928894042969
2015-11-27,361.45001220703125,360.8930969238281
2015-11-30,360.29998779296875,359.744873046875
2015-12-01,363.29998779296875,362.7402648925781
2015-12-02,370.3999938964844,369.8293151855469
2015-12-03,371.45001220703125,370.877685546875
2015-12-04,370.20001220703125,369.629638671875
2015-12-07,365.95001220703125,365.38623046875
2015-12-08,361.8500061035156,361.29254150390625
2015-12-09,362.25,361.69189453125
2015-12-10,353.20001220703125,352.65576171875
2015-12-11,347.1000061035156,346.565185546875
2015-12-14,350.3999938964844,349.86016845703125
2015-12-15,363.75,363.1896057128906
2015-12-16,376.75,376.16949462890625
2015-12-17,386.70001220703125,386.104248046875
2015-12-18,381.45001220703125,380.8623046875
2015-12-21,383.25,382.6595153808594
2015-12-22,380.3500061035156,379.7639465332031
2015-12-23,386.1499938964844,385.5550842285156
2015-12-24,384.3999938964844,383.80767822265625
2015-12-29,386.3500061035156,385.7547607421875
2015-12-30,384.8500061035156,384.2570495605469
2015-12-31,383.95001220703125,383.35845947265625
2016-01-04,378.70001220703125,378.11651611328125
2016-01-05,384.6000061035156,384.0073547363281
2016-01-06,380.20001220703125,379.6142272949219
2016-01-07,372.04998779296875,371.47674560546875
2016-01-08,365.1000061035156,364.5374755859375
2016-01-11,360.20001220703125,359.6450500488281
2016-01-12,359.29998779296875,358.74639892578125
2016-01-13,354.95001220703125,354.4031677246094
2016-01-14,344.75,344.2188720703125
2016-01-15,334.45001220703125,333.9347229003906
2016-01-18,333.3999938964844,332.8863220214844
2016-01-19,343.45001220703125,342.9208679199219
2016-01-20,324.20001220703125,323.70050048828125
2016-01-21,331.5,330.9892272949219
2016-01-22,334.5,333.9846496582031
2016-01-25,337.75,337.2296142578125
2016-01-26,338.95001220703125,338.4278259277344
2016-01-27,344.25,343.7196044921875
2016-01-28,335.3999938964844,334.88330078125
2016-01-29,351.29998779296875,350.75872802734375
2016-02-01,350.0,349.4607238769531
2016-02-02,341.29998779296875,340.77410888671875
2016-02-03,336.45001220703125,335.9316101074219
2016-02-04,341.6000061035156,341.0736999511719
2016-02-05,335.6499938964844,335.1328430175781
2016-02-08,323.3999938964844,322.90167236328125
2016-02-09,323.70001220703125,323.2012939453125
2016-02-10,319.95001220703125,319.45703125
2016-02-11,310.6000061035156,310.1214904785156
2016-02-12,310.29998779296875,309.8218994140625
2016-02-15,320.1499938964844,319.65667724609375
2016-02-16,324.8500061035156,324.34942626953125
2016-02-17,336.3500061035156,335.83172607421875
2016-02-18,333.1499938964844,332.6367492675781
2016-02-19,331.79998779296875,331.28875732421875
2016-02-22,342.79998779296875,342.27178955078125
2016-02-23,338.3500061035156,337.8287048339844
2016-02-24,340.25,339.7257385253906
2016-02-25,346.3500061035156,345.8163146972656
2016-02-26,354.3999938964844,353.8539733886719
2016-02-29,353.25,352.7056884765625
2016-03-01,355.54998779296875,355.002197265625
2016-03-02,355.8999938964844,355.35162353515625
2016-03-03,359.1000061035156,358.5467224121094
2016-03-04,367.6000061035156,367.0335998535156
2016-03-07,366.79998779296875,366.23486328125
2016-03-08,361.20001220703125,360.6434631347656
2016-03-09,364.20001220703125,363.638916015625
2016-03-10,359.70001220703125,359.145751953125
2016-03-11,366.1499938964844,365.5858154296875
2016-03-14,368.54998779296875,367.98211669921875
2016-03-15,365.8500061035156,365.2863464355469
2016-03-16,369.45001220703125,368.88079833984375
2016-03-17,371.1499938964844,370.57818603515625
2016-03-18,376.0,375.4206848144531
2016-03-21,375.8500061035156,375.27093505859375
2016-03-22,378.1000061035156,377.5174865722656
2016-03-23,374.1499938964844,373.57354736328125
2016-03-24,366.25,365.6856994628906
2016-03-29,367.3999938964844,366.8338317871094
2016-03-30,375.25,374.6718444824219
2016-03-31,375.70001220703125,375.1211242675781
2016-04-01,377.5,376.91839599609375
2016-04-04,372.8500061035156,372.2755126953125
2016-04-05,369.20001220703125,368.631103515625
2016-04-06,369.75,369.18035888671875
2016-04-07,367.25,366.6842346191406
2016-04-08,371.20001220703125,370.62811279296875
2016-04-11,370.70001220703125,370.1288757324219
2016-04-12,374.54998779296875,373.97283935546875
2016-04-13,380.1499938964844,379.5642395019531
2016-04-14,380.8999938964844,380.3131103515625
2016-04-15,378.29998779296875,377.7170715332031
2016-04-18,376.3999938964844,375.82000732421875
2016-04-19,377.3999938964844,376.8184509277344
2016-04-20,378.04998779296875,377.467529296875
2016-04-21,379.8500061035156,379.2648010253906
2016-04-22,375.1499938964844,374.5720520019531
2016-04-25,368.54998779296875,367.98211669921875
2016-04-26,367.04998779296875,366.4844970703125
2016-04-27,371.6000061035156,371.0274963378906
2016-04-28,371.25,370.677978515625
2016-04-29,364.6499938964844,364.0881652832031
2016-05-03,353.95001220703125,353.4046630859375
2016-05-04,353.20001220703125,352.65576171875
2016-05-05,351.79998779296875,351.2579345703125
2016-05-06,352.04998779296875,351.507568359375
2016-05-09,346.79998779296875,346.26568603515625
2016-05-10,347.95001220703125,347.4139099121094
2016-05-11,354.75,354.2033996582031
2016-05-12,343.04998779296875,342.5651550292969
2016-05-13,346.54998779296875,346.0602722167969
2016-05-16,345.45001220703125,344.9617919921875
2016-05-17,343.5,343.0144958496094
2016-05-18,337.20001220703125,336.723388671875
2016-05-19,328.25,327.7861022949219
2016-05-20,337.54998779296875,337.0728759765625
2016-05-23,339.95001220703125,339.469482421875
2016-05-24,340.3999938964844,339.9189147949219
2016-05-25,338.8999938964844,338.4210205078125
2016-05-26,338.70001220703125,338.2213439941406
2016-05-27,340.29998779296875,339.81903076171875
2016-05-31,342.8500061035156,342.3654479980469
2016-06-01,351.6499938964844,351.1529541015625
2016-06-02,351.5,351.00323486328125
2016-06-03,350.25,349.7549743652344
2016-06-06,356.6000061035156,356.0960693359375
2016-06-07,358.1000061035156,357.59393310546875
2016-06-08,357.0,356.4953918457031
2016-06-09,355.54998779296875,355.04742431640625
2016-06-10,346.70001220703125,346.2099914550781
2016-06-13,341.6499938964844,341.1671447753906
2016-06-14,337.54998779296875,337.0728759765625
2016-06-15,341.1499938964844,340.6678466796875
2016-06-16,338.3500061035156,337.8717956542969
2016-06-17,341.1000061035156,340.6178894042969
2016-06-20,341.8500061035156,341.3668518066406
2016-06-21,338.8999938964844,338.4210205078125
2016-06-22,344.3500061035156,343.86334228515625
2016-06-23,344.3999938964844,343.91326904296875
2016-06-24,356.5,355.9961242675781
2016-06-27,356.29998779296875,355.79644775390625
2016-06-28,364.79998779296875,364.2843933105469
2016-06-29,372.29998779296875,371.77374267578125
2016-06-30,383.79998779296875,383.257568359375
2016-07-01,386.95001220703125,386.4030456542969
2016-07-04,384.6000061035156,384.0563659667969
2016-07-05,387.0,386.45294189453125
2016-07-06,391.5,390.9466552734375
2016-07-07,394.1000061035156,393.54296875
2016-07-08,399.04998779296875,398.4859924316406
2016-07-11,404.8500061035156,404.27777099609375
2016-07-12,401.0,400.4331970214844
2016-07-13,397.20001220703125,396.638671875
2016-07-14,395.8999938964844,395.3403625488281
2016-07-15,394.20001220703125,393.6427917480469
2016-07-18,395.45001220703125,394.89117431640625
2016-07-19,399.54998779296875,398.9852294921875
2016-07-20,404.45001220703125,403.8783874511719
2016-07-21,403.95001220703125,403.37908935546875
2016-07-22,405.70001220703125,405.1265563964844
2016-07-25,403.8999938964844,403.3291320800781
2016-07-26,408.1499938964844,407.572998046875
2016-07-27,408.29998779296875,407.72296142578125
2016-07-28,402.25,401.68145751953125
2016-07-29,398.70001220703125,398.1365051269531
2016-08-01,405.1000061035156,404.5274963378906
2016-08-02,396.5,395.9395751953125
2016-08-03,397.3500061035156,396.7884216308594
2016-08-04,409.25,408.671630859375
2016-08-05,411.0,410.4190673828125
2016-08-08,414.6000061035156,414.0140686035156
2016-08-09,417.54998779296875,416.95977783203125
2016-08-10,410.3500061035156,409.77008056640625
2016-08-11,412.5,411.9169616699219
2016-08-12,414.70001220703125,414.1138610839844
2016-08-15,419.1000061035156,418.5077209472656
2016-08-16,414.6499938964844,414.06396484375
2016-08-17,410.20001220703125,409.6202392578125
2016-08-18,416.6000061035156,416.01129150390625
2016-08-19,417.0,416.41058349609375
2016-08-22,412.79998779296875,412.2165832519531
2016-08-23,414.6000061035156,414.0140686035156
2016-08-24,411.5,410.9184265136719
2016-08-25,411.29998779296875,410.7186584472656
2016-08-26,416.25,415.6616516113281
2016-08-30,412.5,411.9169616699219
2016-08-31,409.0,408.4219055175781
2016-09-01,402.75,402.1807556152344
2016-09-02,408.04998779296875,407.4732666015625
2016-09-05,411.6000061035156,411.0182800292969
2016-09-06,413.45001220703125,412.86566162109375
2016-09-07,417.95001220703125,417.35931396484375
2016-09-08,420.54998779296875,419.9555969238281
2016-09-09,415.6499938964844,415.0625305175781
2016-09-12,406.0,405.4261779785156
2016-09-13,404.3999938964844,403.8284912109375
2016-09-14,400.20001220703125,399.63433837890625
2016-09-15,401.1499938964844,400.5830993652344
2016-09-16,401.8500061035156,401.2820129394531
2016-09-19,409.04998779296875,408.47186279296875
2016-09-20,412.3999938964844,411.81707763671875
2016-09-21,413.8999938964844,413.31500244140625
2016-09-22,418.3999938964844,417.8085632324219
2016-09-23,420.6499938964844,420.0554504394531
2016-09-26,414.04998779296875,413.4648742675781
2016-09-27,414.0,413.4149475097656
2016-09-28,414.1499938964844,413.5646057128906
2016-09-29,420.29998779296875,419.70599365234375
2016-09-30,408.5,407.9226989746094
2016-10-03,415.3999938964844,414.81292724609375
2016-10-04,416.20001220703125,415.61175537109375
2016-10-05,417.5,416.9098815917969
2016-10-06,421.75,421.15386962890625
2016-10-07,424.5,423.9000244140625
2016-10-10,428.6000061035156,427.9942321777344
2016-10-11,426.25,425.6475830078125
2016-10-12,426.6499938964844,426.04693603515625
2016-10-13,425.6000061035156,424.9984436035156
2016-10-14,432.3500061035156,431.7388610839844
2016-10-17,429.75,429.1426086425781
2016-10-18,430.0,429.39227294921875
2016-10-19,434.0,433.3866271972656
2016-10-20,431.54998779296875,430.9400634765625
2016-10-21,433.45001220703125,432.8374328613281
2016-10-24,431.8999938964844,431.2895812988281
2016-10-25,429.1499938964844,428.5434875488281
2016-10-26,427.79998779296875,427.1953430175781
2016-10-27,426.6000061035156,425.99713134765625
2016-10-28,424.70001220703125,424.0997619628906
2016-10-31,422.25,421.6532897949219
2016-11-01,414.1000061035156,413.51470947265625
2016-11-02,405.6499938964844,405.07659912109375
2016-11-03,393.70001220703125,393.14361572265625
2016-11-04,393.20001220703125,392.6442565917969
2016-11-07,403.25,402.6800231933594
2016-11-08,406.1000061035156,405.52606201171875
2016-11-09,386.0,385.4544372558594
2016-11-10,364.75,364.2886657714844
2016-11-11,355.70001220703125,355.2501220703125
2016-11-14,359.6000061035156,359.1451416015625
2016-11-15,366.79998779296875,366.3360290527344
2016-11-16,365.29998779296875,364.83795166015625
2016-11-17,366.3999938964844,365.9366149902344
2016-11-18,367.3500061035156,366.88531494140625
2016-11-21,362.79998779296875,362.3410949707031
2016-11-22,366.54998779296875,366.0863342285156
2016-11-23,367.45001220703125,366.9851989746094
2016-11-24,371.95001220703125,371.4795837402344
2016-11-25,371.79998779296875,371.3297424316406
2016-11-28,374.04998779296875,373.5769348144531
2016-11-29,369.95001220703125,369.4820556640625
2016-11-30,370.3999938964844,369.93157958984375
2016-12-01,364.25,363.78924560546875
2016-12-02,359.0,358.54595947265625
2016-12-05,360.25,359.79437255859375
2016-12-06,358.8999938964844,358.4460754394531
2016-12-07,368.29998779296875,367.8341369628906
2016-12-08,371.45001220703125,370.9802551269531
2016-12-09,369.20001220703125,368.7330322265625
2016-12-12,365.1499938964844,364.6881408691406
2016-12-13,367.8999938964844,367.4346923828125
2016-12-14,364.5,364.03900146484375
2016-12-15,364.8999938964844,364.4384460449219
2016-12-16,364.0,363.5397033691406
2016-12-19,368.45001220703125,367.9839782714844
2016-12-20,369.6000061035156,369.1325378417969
2016-12-21,367.75,367.284912109375
2016-12-22,367.79998779296875,367.3348388671875
2016-12-23,369.8500061035156,369.3822326660156
2016-12-28,375.45001220703125,374.97509765625
2016-12-29,376.54998779296875,376.07373046875
2016-12-30,376.0,375.5245666503906
2017-01-03,380.0,379.5193786621094
2017-01-04,384.1000061035156,383.6142272949219
2017-01-05,382.1000061035156,381.6167297363281
2017-01-06,385.75,385.2621154785156
2017-01-09,392.04998779296875,391.5541076660156
2017-01-10,393.45001220703125,392.952392578125
2017-01-11,394.6499938964844,394.1508483886719
2017-01-12,393.3500061035156,392.8525085449219
2017-01-13,396.70001220703125,396.1982421875
2017-01-16,400.25,399.7437744140625
2017-01-17,393.8999938964844,393.4017639160156
2017-01-18,396.3500061035156,395.8487548828125
2017-01-19,392.6000061035156,392.1034851074219
2017-01-20,392.3999938964844,391.90362548828125
2017-01-23,387.25,386.76019287109375
2017-01-24,387.1000061035156,386.61041259765625
2017-01-25,387.6000061035156,387.10980224609375
2017-01-26,387.04998779296875,386.5603942871094
2017-01-27,386.8500061035156,386.3606872558594
2017-01-30,381.75,381.2671813964844
2017-01-31,381.25,380.7677307128906
2017-02-01,385.1000061035156,384.6129150390625
2017-02-02,389.0,388.5080261230469
2017-02-03,392.6000061035156,392.1034851074219
2017-02-06,391.3500061035156,390.8550720214844
2017-02-07,387.70001220703125,387.2096862792969
2017-02-08,388.8500061035156,388.35821533203125
2017-02-09,390.79998779296875,390.3056945800781
2017-02-10,394.79998779296875,394.30059814453125
2017-02-13,399.5,398.9946594238281
2017-02-14,401.70001220703125,401.19195556640625
2017-02-15,406.3500061035156,405.8360595703125
2017-02-16,406.1499938964844,405.63629150390625
2017-02-17,407.29998779296875,406.7848205566406
2017-02-20,408.8500061035156,408.3329772949219
2017-02-21,412.3500061035156,411.82843017578125
2017-02-22,412.20001220703125,411.6787414550781
2017-02-23,407.25,406.73492431640625
2017-02-24,405.20001220703125,404.68756103515625
2017-02-27,405.3500061035156,404.8373718261719
2017-02-28,407.6000061035156,407.0844421386719
2017-03-01,412.20001220703125,411.6787414550781
2017-03-02,411.1000061035156,410.5801086425781
2017-03-03,410.45001220703125,409.9308776855469
2017-03-06,409.95001220703125,409.4315185546875
2017-03-07,412.6000061035156,412.078125
2017-03-08,414.1499938964844,413.6261901855469
2017-03-09,409.6000061035156,409.0819091796875
2017-03-10,408.79998779296875,408.282958984375
2017-03-13,410.95001220703125,410.43023681640625
2017-03-14,411.95001220703125,411.428955078125
2017-03-15,409.20001220703125,408.6825256347656
2017-03-16,412.5,411.97833251953125
2017-03-17,410.20001220703125,409.68121337890625
2017-03-20,410.5,409.9808044433594
2017-03-21,398.8999938964844,398.39544677734375
2017-03-22,395.8999938964844,395.39923095703125
2017-03-23,395.0,394.50042724609375
2017-03-24,396.95001220703125,396.44793701171875
2017-03-27,392.0,391.504150390625
2017-03-28,398.1499938964844,397.64642333984375
2017-03-29,402.1000061035156,401.5914001464844
2017-03-30,397.5,396.9972229003906
2017-03-31,397.3500061035156,396.847412109375
2017-04-03,398.95001220703125,398.4454345703125
2017-04-04,400.95001220703125,400.44287109375
2017-04-05,398.8999938964844,398.39544677734375
2017-04-06,397.5,396.9972229003906
2017-04-07,400.8500061035156,400.3429870605469
2017-04-10,401.0,400.49285888671875
2017-04-11,398.29998779296875,397.79620361328125
2017-04-12,396.95001220703125,396.44793701171875
2017-04-13,397.54998779296875,397.04718017578125
2017-04-18,388.8500061035156,388.35821533203125
2017-04-19,387.1499938964844,386.66033935546875
2017-04-20,385.3999938964844,384.91259765625
2017-04-21,385.54998779296875,385.06231689453125
2017-04-24,388.0,387.50927734375
2017-04-25,388.3999938964844,387.90869140625
2017-04-26,388.04998779296875,387.55914306640625
2017-04-27,380.70001220703125,380.2184753417969
2017-04-28,382.5,382.0162048339844
2017-05-02,387.1499938964844,386.66033935546875
2017-05-03,391.45001220703125,390.9549255371094
2017-05-04,387.5,387.0098876953125
2017-05-05,389.3500061035156,388.8575744628906
2017-05-08,387.3999938964844,386.9100341796875
2017-05-09,390.95001220703125,390.45556640625
2017-05-10,391.95001220703125,391.4542541503906
2017-05-11,384.5,384.06378173828125
2017-05-12,386.6499938964844,386.2114562988281
2017-05-15,389.6499938964844,389.2079772949219
2017-05-16,389.45001220703125,389.0082092285156
2017-05-17,384.04998779296875,383.6144104003906
2017-05-18,375.6000061035156,375.1739501953125
2017-05-19,379.1000061035156,378.66998291015625
2017-05-22,379.04998779296875,378.6199645996094
2017-05-23,382.54998779296875,382.1160888671875
2017-05-24,385.8500061035156,385.4123229980469
2017-05-25,387.95001220703125,387.5099792480469
2017-05-26,391.3999938964844,390.95599365234375
2017-05-30,389.6000061035156,389.1580505371094
2017-05-31,386.29998779296875,385.8617858886719
2017-06-01,388.1000061035156,387.6597900390625
2017-06-02,387.25,386.8106994628906
2017-06-05,384.70001220703125,384.2636413574219
2017-06-06,386.6000061035156,386.16156005859375
2017-06-07,383.5,383.0649719238281
2017-06-08,381.1000061035156,380.6676940917969
2017-06-09,388.95001220703125,388.5088195800781
2017-06-12,388.3999938964844,387.9593811035156
2017-06-13,385.54998779296875,385.11260986328125
2017-06-14,385.6000061035156,385.1626281738281
2017-06-15,381.70001220703125,381.26708984375
2017-06-16,380.75,380.318115234375
2017-06-19,386.0,385.5621643066406
2017-06-20,386.1000061035156,385.6619873046875
2017-06-21,385.54998779296875,385.11260986328125
2017-06-22,391.6499938964844,391.2057800292969
2017-06-23,390.95001220703125,390.50653076171875
2017-06-26,392.3999938964844,391.954833984375
2017-06-27,390.8999938964844,390.45660400390625
2017-06-28,388.79998779296875,388.3590087890625
2017-06-29,382.5,382.0661315917969
2017-06-30,384.8999938964844,384.46337890625
2017-07-03,389.04998779296875,388.60870361328125
2017-07-04,386.45001220703125,386.01165771484375
2017-07-05,385.29998779296875,384.8629150390625
2017-07-06,384.70001220703125,384.2636413574219
2017-07-07,385.79998779296875,385.3623962402344
2017-07-10,388.20001220703125,387.75970458984375
2017-07-11,387.45001220703125,387.0104675292969
2017-07-12,391.70001220703125,391.2557678222656
2017-07-13,392.04998779296875,391.6052551269531
2017-07-14,392.04998779296875,391.6052551269531
2017-07-17,393.79998779296875,393.3533020019531
2017-07-18,396.8500061035156,396.3998718261719
2017-07-19,402.5,402.04345703125
2017-07-20,404.79998779296875,404.3407897949219
2017-07-21,404.75,404.2908630371094
2017-07-24,402.75,402.2931823730469
2017-07-25,403.8500061035156,403.3918762207031
2017-07-26,403.04998779296875,402.5927429199219
2017-07-27,399.79998779296875,399.3464660644531
2017-07-28,400.25,399.7959899902344
2017-07-31,398.1000061035156,397.6484069824219
2017-08-01,398.95001220703125,398.4974670410156
2017-08-02,396.5,396.0501708984375
2017-08-03,403.1499938964844,402.6926574707031
2017-08-04,407.1499938964844,406.6881408691406
2017-08-07,410.29998779296875,409.8346252441406
2017-08-08,413.8500061035156,413.3805847167969
2017-08-09,408.20001220703125,407.73699951171875
2017-08-10,402.75,402.2931823730469
2017-08-11,401.8999938964844,401.4440612792969
2017-08-14,407.54998779296875,407.087646484375
2017-08-15,411.04998779296875,410.583740234375
2017-08-16,416.0,415.528076171875
2017-08-17,408.75,408.2863464355469
2017-08-18,409.1000061035156,408.6359558105469
2017-08-21,406.25,405.7891540527344
2017-08-22,408.70001220703125,408.2363586425781
2017-08-23,412.1000061035156,411.632568359375
2017-08-24,411.20001220703125,410.73358154296875
2017-08-25,410.3999938964844,409.93450927734375
2017-08-29,408.25,407.78692626953125
2017-08-30,409.95001220703125,409.4850158691406
2017-08-31,411.8500061035156,411.3828125
2017-09-01,410.8999938964844,410.4338684082031
2017-09-04,408.8999938964844,408.4361877441406
2017-09-05,407.0,406.538330078125
2017-09-06,406.8500061035156,406.388427734375
2017-09-07,406.3999938964844,405.93902587890625
2017-09-08,402.6499938964844,402.1932373046875
2017-09-11,404.8999938964844,404.440673828125
2017-09-12,404.70001220703125,404.2409362792969
2017-09-13,402.6000061035156,402.143310546875
2017-09-14,400.70001220703125,400.2454528808594
2017-09-15,396.8999938964844,396.4497375488281
2017-09-18,398.25,397.7982482910156
2017-09-19,396.1000061035156,395.6507263183594
2017-09-20,394.95001220703125,394.50201416015625
2017-09-21,394.6499938964844,394.2023010253906
2017-09-22,395.3500061035156,394.9015808105469
2017-09-25,390.25,389.8073425292969
2017-09-26,388.3500061035156,387.9093933105469
2017-09-27,390.3500061035156,389.9071960449219
2017-09-28,388.3999938964844,387.9593811035156
2017-09-29,391.8999938964844,391.4554443359375
2017-10-02,395.54998779296875,395.10125732421875
2017-10-03,400.6000061035156,400.14556884765625
2017-10-04,401.29998779296875,400.8447570800781
2017-10-05,407.1499938964844,406.6881408691406
2017-10-06,407.6499938964844,407.18756103515625
2017-10-09,404.20001220703125,403.7415466308594
2017-10-10,403.6000061035156,403.14215087890625
2017-10-11,405.8999938964844,405.4395751953125
2017-10-12,409.1499938964844,408.6859130859375
2017-10-13,406.70001220703125,406.23870849609375
2017-10-16,404.5,404.0411071777344
2017-10-17,407.6499938964844,407.18756103515625
2017-10-18,408.04998779296875,407.5870666503906
2017-10-19,403.45001220703125,402.992431640625
2017-10-20,404.8500061035156,404.3907165527344
2017-10-23,407.54998779296875,407.087646484375
2017-10-24,406.45001220703125,405.989013671875
2017-10-25,399.0,398.5473937988281
2017-10-26,406.79998779296875,406.3385314941406
2017-10-27,412.6000061035156,412.1319580078125
2017-10-30,411.1499938964844,410.6836242675781
2017-10-31,409.5,409.03546142578125
2017-11-01,410.8500061035156,410.3838806152344
2017-11-02,418.20001220703125,417.7256774902344
2017-11-03,411.8500061035156,411.3828125
2017-11-06,415.1000061035156,414.629150390625
2017-11-07,409.45001220703125,408.9855651855469
2017-11-08,412.54998779296875,412.08197021484375
2017-11-09,405.70001220703125,405.23974609375
2017-11-10,400.6000061035156,400.14556884765625
2017-11-13,403.0,402.54278564453125
2017-11-14,400.1499938964844,399.6960754394531
2017-11-15,398.45001220703125,397.998046875
2017-11-16,395.20001220703125,394.81304931640625
2017-11-17,388.8999938964844,388.5191650390625
2017-11-20,388.8999938964844,388.5191650390625
2017-11-21,389.25,388.8688049316406
2017-11-22,387.54998779296875,387.17047119140625
2017-11-23,387.3500061035156,386.97064208984375
2017-11-24,387.3500061035156,386.97064208984375
2017-11-27,382.75,382.37518310546875
2017-11-28,391.75,391.36639404296875
2017-11-29,382.6000061035156,382.22528076171875
2017-11-30,379.0,378.6288146972656
2017-12-01,374.8999938964844,374.53289794921875
2017-12-04,371.8500061035156,371.4858703613281
2017-12-05,371.45001220703125,371.0863342285156
2017-12-06,373.25,372.8844299316406
2017-12-07,375.75,375.3819885253906
2017-12-08,381.25,380.87664794921875
2017-12-11,384.8500061035156,384.47314453125
2017-12-12,383.79998779296875,383.4241638183594
2017-12-13,385.8559875488281,385.4781188964844
2017-12-14,385.54998779296875,385.1723937988281
2017-12-15,389.1000061035156,388.718994140625
2017-12-18,392.95001220703125,392.565185546875
2017-12-19,392.95001220703125,392.565185546875
2017-12-20,391.3500061035156,390.9667663574219
2017-12-21,398.25,397.8599853515625
2017-12-22,397.5,397.1107482910156
2017-12-27,400.1000061035156,399.7081604003906
2017-12-28,400.0,399.6082458496094
2017-12-29,400.0,399.6082458496094
2018-01-02,402.1000061035156,401.7062072753906
2018-01-03,405.25,404.8532409667969
2018-01-04,400.04998779296875,399.6581726074219
2018-01-05,402.3500061035156,401.9560241699219
2018-01-08,406.75,406.35162353515625
2018-01-09,408.1499938964844,407.7503356933594
2018-01-10,407.25,406.8512268066406
2018-01-11,414.04998779296875,413.6445007324219
2018-01-12,410.04998779296875,409.6484069824219
2018-01-15,405.6499938964844,405.252685546875
2018-01-16,406.3500061035156,405.9521179199219
2018-01-17,402.04998779296875,401.6562805175781
2018-01-18,399.6499938964844,399.25860595703125
2018-01-19,401.95001220703125,401.55633544921875
2018-01-22,400.1499938964844,399.7581481933594
2018-01-23,398.1499938964844,397.76007080078125
2018-01-24,389.04998779296875,388.66900634765625
2018-01-25,389.3500061035156,388.9687194824219
2018-01-26,391.45001220703125,391.06671142578125
2018-01-29,395.04998779296875,394.66314697265625
2018-01-30,393.1499938964844,392.7649841308594
2018-01-31,391.95001220703125,391.5661926269531
2018-02-01,387.04998779296875,386.67095947265625
2018-02-02,384.1499938964844,383.7738342285156
2018-02-05,383.6499938964844,383.2743225097656
2018-02-06,374.75,374.383056640625
2018-02-07,381.75,381.3760986328125
2018-02-08,370.8500061035156,370.4868469238281
2018-02-09,368.32501220703125,367.96429443359375
2018-02-12,375.8500061035156,375.48199462890625
2018-02-13,377.8500061035156,377.4800109863281
2018-02-14,380.5,380.1273498535156
2018-02-15,384.75,384.3732604980469
2018-02-16,391.54998779296875,391.16656494140625
2018-02-19,390.54998779296875,390.1675109863281
2018-02-20,393.04998779296875,392.6650695800781
2018-02-21,397.70001220703125,397.3105773925781
2018-02-22,396.6499938964844,396.26153564453125
2018-02-23,390.54998779296875,390.1675109863281
2018-02-26,395.45001220703125,395.062744140625
2018-02-27,395.20001220703125,394.81304931640625
2018-02-28,394.6499938964844,394.26348876953125
2018-03-01,394.8500061035156,394.46331787109375
2018-03-02,388.45001220703125,388.069580078125
2018-03-05,392.1499938964844,391.7659606933594
2018-03-06,393.1499938964844,392.7649841308594
2018-03-07,393.54998779296875,393.1646728515625
2018-03-08,396.1499938964844,395.7620544433594
2018-03-09,399.1499938964844,398.7591552734375
2018-03-12,400.3500061035156,399.9579772949219
2018-03-13,396.54998779296875,396.1616516113281
2018-03-14,398.6499938964844,398.2596435546875
2018-03-15,397.95001220703125,397.56024169921875
2018-03-16,398.45001220703125,398.0598449707031
2018-03-19,393.6000061035156,393.214599609375
2018-03-20,399.6499938964844,399.25860595703125
2018-03-21,399.8500061035156,399.4584655761719
2018-03-22,394.1000061035156,393.7140808105469
2018-03-23,389.6499938964844,389.2684326171875
2018-03-26,390.8500061035156,390.46728515625
2018-03-27,397.6499938964844,397.26055908203125
2018-03-28,390.25,389.8677978515625
2018-03-29,392.54998779296875,392.16558837890625
2018-04-03,393.75,393.3644104003906
2018-04-04,393.79998779296875,393.41436767578125
2018-04-05,404.54998779296875,404.15380859375
2018-04-06,398.8500061035156,398.45941162109375
2018-04-09,400.54998779296875,400.1576843261719
2018-04-10,401.8500061035156,401.4564514160156
2018-04-11,399.75,399.3585205078125
2018-04-12,400.25,399.8580627441406
2018-04-13,397.25,396.8609924316406
2018-04-16,391.04998779296875,390.66705322265625
2018-04-17,394.29998779296875,393.91387939453125
2018-04-18,401.25,400.8570556640625
2018-04-19,402.45001220703125,402.0559387207031
2018-04-20,402.95001220703125,402.55535888671875
2018-04-23,404.54998779296875,404.15380859375
2018-04-24,404.1499938964844,403.7542724609375
2018-04-25,400.25,399.8580627441406
2018-04-26,403.8500061035156,403.45452880859375
2018-04-27,416.95001220703125,416.54168701171875
2018-04-30,417.6499938964844,417.240966796875
2018-05-01,416.75,416.3418884277344
2018-05-02,418.6499938964844,418.2400207519531
2018-05-03,415.04998779296875,414.6435241699219
2018-05-04,419.75,419.3388977050781
2018-05-08,418.0,417.5906677246094
2018-05-09,416.1499938964844,415.7424621582031
2018-05-10,428.75,428.3301086425781
2018-05-11,425.8999938964844,425.4828796386719
2018-05-14,428.5,428.0804443359375
2018-05-15,426.5,426.08233642578125
2018-05-16,428.20001220703125,427.78070068359375
2018-05-17,424.79998779296875,424.4273986816406
2018-05-18,420.6000061035156,420.2310791015625
2018-05-21,427.1000061035156,426.7253723144531
2018-05-22,430.3999938964844,430.0224609375
2018-05-23,427.1000061035156,426.7253723144531
2018-05-24,422.0,421.6298828125
2018-05-25,420.45001220703125,420.0812072753906
2018-05-29,416.0,415.63507080078125
2018-05-30,417.1000061035156,416.7341613769531
2018-05-31,420.0,419.63165283203125
2018-06-01,417.3500061035156,416.9838562011719
2018-06-04,406.70001220703125,406.3432312011719
2018-06-05,403.45001220703125,403.0961608886719
2018-06-06,397.04998779296875,396.7017517089844
2018-06-07,396.1499938964844,395.8025207519531
2018-06-08,394.25,393.9042053222656
2018-06-11,396.79998779296875,396.451904296875
2018-06-12,396.54998779296875,396.2021484375
2018-06-13,397.95001220703125,397.60089111328125
2018-06-14,397.79998779296875,397.4510498046875
2018-06-15,393.95001220703125,393.6044006347656
2018-06-18,396.3500061035156,396.0023193359375
2018-06-19,395.04998779296875,394.7034912109375
2018-06-20,394.8500061035156,394.503662109375
2018-06-21,391.45001220703125,391.1066589355469
2018-06-22,393.6499938964844,393.3047180175781
2018-06-25,388.8500061035156,388.5089111328125
2018-06-26,387.75,387.4098815917969
2018-06-27,387.79998779296875,387.4598388671875
2018-06-28,383.70001220703125,383.3634338378906
2018-06-29,386.6499938964844,386.3108825683594
2018-07-02,384.79998779296875,384.4624938964844
2018-07-03,388.3500061035156,388.00933837890625
2018-07-04,384.29998779296875,383.96282958984375
2018-07-05,385.20001220703125,384.86212158203125
2018-07-06,388.75,388.4090576171875
2018-07-09,394.95001220703125,394.60357666015625
2018-07-10,393.04998779296875,392.7052307128906
2018-07-11,390.8500061035156,390.5072021484375
2018-07-12,392.8500061035156,392.5054016113281
2018-07-13,392.25,391.9058532714844
2018-07-16,390.8999938964844,390.55706787109375
2018-07-17,392.1000061035156,391.7560729980469
2018-07-18,395.54998779296875,395.2030029296875
2018-07-19,396.8500061035156,396.50189208984375
2018-07-20,398.54998779296875,398.2004089355469
2018-07-23,397.75,397.4010925292969
2018-07-24,401.04998779296875,400.6982727050781
2018-07-25,403.04998779296875,402.6964111328125
2018-07-26,404.54998779296875,404.19512939453125
2018-07-27,404.1499938964844,403.7955627441406
2018-07-30,402.95001220703125,402.5965270996094
2018-07-31,405.25,404.8946228027344
2018-08-01,401.5,401.1478576660156
2018-08-02,403.8500061035156,403.49578857421875
2018-08-03,401.1499938964844,400.7981262207031
2018-08-06,402.6000061035156,402.24688720703125
2018-08-07,404.04998779296875,403.695556640625
2018-08-08,403.25,402.8963317871094
2018-08-09,403.8500061035156,403.49578857421875
2018-08-10,400.6499938964844,400.29852294921875
2018-08-13,396.8500061035156,396.50189208984375
2018-08-14,389.3500061035156,389.00848388671875
2018-08-15,383.8500061035156,383.5133056640625
2018-08-16,388.70001220703125,388.35906982421875
2018-08-17,388.25,387.909423828125
2018-08-20,392.95001220703125,392.6053161621094
2018-08-21,396.75,396.4019775390625
2018-08-22,393.20001220703125,392.8551330566406
2018-08-23,392.20001220703125,391.85595703125
2018-08-24,394.29998779296875,393.9541320800781
2018-08-28,395.75,395.4028625488281
2018-08-29,393.45001220703125,393.10491943359375
2018-08-30,388.70001220703125,388.35906982421875
2018-08-31,389.04998779296875,388.708740234375
2018-09-03,394.3999938964844,394.0540771484375
2018-09-04,391.04998779296875,390.7070007324219
2018-09-05,385.3500061035156,385.0120544433594
2018-09-06,384.79998779296875,384.4624938964844
2018-09-07,383.8999938964844,383.56329345703125
2018-09-10,380.0,379.66668701171875
2018-09-11,381.0,380.665771484375
2018-09-12,380.8500061035156,380.51593017578125
2018-09-13,378.04998779296875,377.7183837890625
2018-09-14,379.3999938964844,379.0671691894531
2018-09-17,376.8500061035156,376.51947021484375
2018-09-18,381.70001220703125,381.36517333984375
2018-09-19,383.1499938964844,382.8138732910156
2018-09-20,382.54998779296875,382.21441650390625
2018-09-21,391.8500061035156,391.50628662109375
2018-09-24,386.45001220703125,386.111083984375
2018-09-25,383.95001220703125,383.6133117675781
2018-09-26,382.75,382.4142761230469
2018-09-27,382.8500061035156,382.51422119140625
2018-09-28,384.1499938964844,383.8130798339844
2018-10-01,382.8500061035156,382.51422119140625
2018-10-02,386.8500061035156,386.5106201171875
2018-10-03,388.75,388.4090576171875
2018-10-04,379.0,378.66754150390625
2018-10-05,375.8500061035156,375.5203857421875
2018-10-08,376.6499938964844,376.319580078125
2018-10-09,378.04998779296875,377.7183837890625
2018-10-10,368.3999938964844,368.07684326171875
2018-10-11,361.0,360.6833190917969
2018-10-12,365.8999938964844,365.5790710449219
2018-10-15,367.5,367.17767333984375
2018-10-16,371.0,370.6745910644531
2018-10-17,372.75,372.42303466796875
2018-10-18,373.6000061035156,373.2723388671875
2018-10-19,371.75,371.42388916015625
2018-10-22,375.1499938964844,374.8209228515625
2018-10-23,363.79998779296875,363.48089599609375
2018-10-24,365.8500061035156,365.52911376953125
2018-10-25,368.1499938964844,367.8270263671875
2018-10-26,363.70001220703125,363.38104248046875
2018-10-29,363.3999938964844,363.0812072753906
2018-10-30,364.6000061035156,364.28021240234375
2018-10-31,369.25,368.92608642578125
2018-11-01,373.45001220703125,373.12237548828125
2018-11-02,374.3999938964844,374.071533203125
2018-11-05,378.29998779296875,377.9681091308594
2018-11-06,380.6000061035156,380.26611328125
2018-11-07,388.1000061035156,387.75958251953125
2018-11-08,389.75,389.4081115722656
2018-11-09,388.1000061035156,387.75958251953125
2018-11-12,392.29998779296875,391.955810546875
2018-11-13,388.04998779296875,387.7096252441406
2018-11-14,385.3500061035156,385.0120544433594
2018-11-15,385.95001220703125,385.6734619140625
2018-11-16,388.0,387.72198486328125
2018-11-19,386.79998779296875,386.5228271484375
2018-11-20,381.1000061035156,380.82696533203125
2018-11-21,387.70001220703125,387.4222717285156
2018-11-22,382.3999938964844,382.1259765625
2018-11-23,386.8999938964844,386.6227111816406
2018-11-26,390.8500061035156,390.5699768066406
2018-11-27,394.29998779296875,394.0174865722656
2018-11-28,401.1499938964844,400.8625793457031
2018-11-29,402.8500061035156,402.5613708496094
2018-11-30,400.6499938964844,400.3628845214844
2018-12-03,406.6499938964844,406.3586120605469
2018-12-04,408.04998779296875,407.757568359375
2018-12-05,401.6499938964844,401.3621826171875
2018-12-06,390.04998779296875,389.7704772949219
2018-12-07,395.95001220703125,395.66632080078125
2018-12-10,394.20001220703125,393.9175720214844
2018-12-11,399.25,398.9639587402344
2018-12-12,398.3500061035156,398.0645446777344
2018-12-13,401.54998779296875,401.2622985839844
2018-12-14,401.45001220703125,401.1623840332031
2018-12-17,396.6000061035156,396.31585693359375
2018-12-18,387.8999938964844,387.6220703125
2018-12-19,386.20001220703125,385.92327880859375
2018-12-20,379.8999938964844,379.62786865234375
2018-12-21,375.5,375.2309265136719
2018-12-24,369.8500061035156,369.5849609375
2018-12-27,372.1000061035156,371.8333740234375
2018-12-28,376.0,375.7306823730469
2018-12-31,376.1000061035156,375.8304748535156
2019-01-02,384.5,384.2244873046875
2019-01-03,380.1000061035156,379.82763671875
2019-01-04,384.8999938964844,384.62420654296875
2019-01-07,387.20001220703125,386.92254638671875
2019-01-08,390.0,389.72052001953125
2019-01-09,396.1000061035156,395.81622314453125
2019-01-10,400.3999938964844,400.11309814453125
2019-01-11,399.79998779296875,399.5135498046875
2019-01-14,396.20001220703125,395.9161682128906
2019-01-15,400.0,399.7133483886719
2019-01-16,397.75,397.4649963378906
2019-01-17,398.8999938964844,398.6141662597656
2019-01-18,402.6499938964844,402.3614807128906
2019-01-21,402.1499938964844,401.8618469238281
2019-01-22,399.6000061035156,399.31365966796875
2019-01-23,394.3500061035156,394.0674743652344
2019-01-24,404.54998779296875,404.2601013183594
2019-01-25,405.6000061035156,405.3093566894531
2019-01-28,402.70001220703125,402.4114685058594
2019-01-29,406.70001220703125,406.4085693359375
2019-01-30,412.0,411.7048034667969
2019-01-31,416.45001220703125,416.151611328125
2019-02-01,420.1000061035156,419.7989807128906
2019-02-04,419.04998779296875,418.7497253417969
2019-02-05,425.75,425.4449462890625
2019-02-06,425.6499938964844,425.3450012207031
2019-02-07,418.95001220703125,418.64984130859375
2019-02-08,417.8500061035156,417.5506286621094
2019-02-11,424.45001220703125,424.1459045410156
2019-02-12,429.25,428.9424133300781
2019-02-13,427.95001220703125,427.643310546875
2019-02-14,434.04998779296875,433.7389831542969
2019-02-15,432.1000061035156,431.7904357910156
2019-02-18,430.5,430.1915283203125
2019-02-19,428.1000061035156,427.7932434082031
2019-02-20,428.5,428.1930236816406
2019-02-21,429.6000061035156,429.2922058105469
2019-02-22,432.95001220703125,432.6397399902344
2019-02-25,435.3500061035156,435.0380859375
2019-02-26,426.70001220703125,426.39422607421875
2019-02-27,422.0,421.6976623535156
2019-02-28,422.95001220703125,422.64697265625
2019-03-01,423.54998779296875,423.24658203125
2019-03-04,426.6000061035156,426.2944030761719
2019-03-05,431.3500061035156,431.04095458984375
2019-03-06,426.70001220703125,426.39422607421875
2019-03-07,423.6000061035156,423.2965087890625
2019-03-08,420.75,420.448486328125
2019-03-11,428.3500061035156,428.0431213378906
2019-03-12,434.25,433.9388427734375
2019-03-13,430.45001220703125,430.14154052734375
2019-03-14,429.1499938964844,428.8424987792969
2019-03-15,428.95001220703125,428.6427307128906
2019-03-18,433.6000061035156,433.2893371582031
2019-03-19,434.8500061035156,434.5384521484375
2019-03-20,432.54998779296875,432.24017333984375
2019-03-21,437.79998779296875,437.4863586425781
2019-03-22,424.1000061035156,423.796142578125
2019-03-25,422.1499938964844,421.8475646972656
2019-03-26,421.75,421.44781494140625
2019-03-27,421.95001220703125,421.6476745605469
2019-03-28,427.8500061035156,427.5434265136719
2019-03-29,434.04998779296875,433.7389831542969
2019-04-01,433.1499938964844,432.8396301269531
2019-04-02,438.1499938964844,437.8360290527344
2019-04-03,437.95001220703125,437.63616943359375
2019-04-04,441.6499938964844,441.33355712890625
2019-04-05,449.29998779296875,448.9780578613281
2019-04-08,447.70001220703125,447.3793029785156
2019-04-09,446.20001220703125,445.8802795410156
2019-04-10,446.79998779296875,446.4798583984375
2019-04-11,444.70001220703125,444.3813781738281
2019-04-12,442.75,442.43280029296875
2019-04-15,444.3500061035156,444.0316467285156
2019-04-16,448.1000061035156,447.77886962890625
2019-04-17,449.0,448.6782531738281
2019-04-18,448.70001220703125,448.3785095214844
2019-04-23,454.3999938964844,454.0744323730469
2019-04-24,453.6000061035156,453.2750549316406
2019-04-25,452.29998779296875,451.97589111328125
2019-04-26,453.95001220703125,453.62481689453125
2019-04-29,453.6000061035156,453.2750549316406
2019-04-30,449.45001220703125,449.1280212402344
2019-05-01,452.79998779296875,452.4755554199219
2019-05-02,446.29998779296875,445.9801940917969
2019-05-03,448.04998779296875,447.7288818359375
2019-05-07,449.3999938964844,449.0780334472656
2019-05-08,451.20001220703125,450.8766784667969
2019-05-09,439.95001220703125,439.634765625
2019-05-10,444.1499938964844,443.831787109375
2019-05-13,436.1000061035156,435.78753662109375
2019-05-14,443.95001220703125,443.63189697265625
2019-05-15,448.8999938964844,448.578369140625
2019-05-16,451.5,451.2072448730469
2019-05-17,449.29998779296875,449.0086364746094
2019-05-20,443.8500061035156,443.56219482421875
2019-05-21,452.79998779296875,452.5063781738281
2019-05-22,457.70001220703125,457.4031677246094
2019-05-23,450.79998779296875,450.5076599121094
2019-05-24,450.29998779296875,450.0080261230469
2019-05-28,454.70001220703125,454.4051513671875
2019-05-29,452.3999938964844,452.10662841796875
2019-05-30,457.20001220703125,456.903564453125
2019-05-31,455.5,455.20458984375
2019-06-03,463.0,462.6997375488281
2019-06-04,463.8999938964844,463.5992126464844
2019-06-05,464.20001220703125,463.8989562988281
2019-06-06,463.1000061035156,462.7996826171875
2019-06-07,469.20001220703125,468.8957214355469
2019-06-10,473.8999938964844,473.59271240234375
2019-06-11,472.1000061035156,471.79388427734375
2019-06-12,470.70001220703125,470.394775390625
2019-06-13,474.5,474.1922607421875
2019-06-14,476.8999938964844,476.5907287597656
2019-06-17,474.1000061035156,473.7925720214844
2019-06-18,484.5,484.1857604980469
2019-06-19,479.3500061035156,479.0391540527344
2019-06-20,485.1000061035156,484.785400390625
2019-06-21,483.70001220703125,483.3863525390625
2019-06-24,482.8999938964844,482.58685302734375
2019-06-25,481.0,480.6881408691406
2019-06-26,480.79998779296875,480.4881896972656
2019-06-27,478.0,477.6899719238281
2019-06-28,484.5,484.1857604980469
2019-07-01,490.1499938964844,489.8321533203125
2019-07-02,491.79998779296875,491.4810791015625
2019-07-03,499.82501220703125,499.5008544921875
2019-07-04,500.04998779296875,499.7257080078125
2019-07-05,499.04998779296875,498.726318359375
2019-07-08,500.32501220703125,500.0005798339844
2019-07-09,501.375,501.04986572265625
2019-07-10,502.125,501.7993469238281
2019-07-11,501.625,501.2996520996094
2019-07-12,497.70001220703125,497.3772888183594
2019-07-15,498.3500061035156,498.02685546875
2019-07-16,504.625,504.2977294921875
2019-07-17,502.25,501.92431640625
2019-07-18,500.1000061035156,499.77569580078125
2019-07-19,503.25,502.9236755371094
2019-07-22,500.25,499.92559814453125
2019-07-23,500.0,499.6757507324219
2019-07-24,500.0,499.6757507324219
2019-07-25,498.5,498.17669677734375
2019-07-26,500.75,500.4252624511719
2019-07-29,509.375,509.0446472167969
2019-07-30,505.125,504.7974548339844
2019-07-31,511.375,511.0434265136719
2019-08-01,523.625,523.285400390625
2019-08-02,512.25,511.917724609375
2019-08-05,495.95001220703125,495.62835693359375
2019-08-06,497.25,496.9275207519531
2019-08-07,511.0,510.6686096191406
2019-08-08,520.875,520.5372924804688
2019-08-09,523.625,523.285400390625
2019-08-12,521.375,521.0369262695312
2019-08-13,524.5,524.1597900390625
2019-08-14,516.25,515.9151000976562
2019-08-15,506.75,506.4213562011719
2019-08-16,513.75,513.4168090820312
2019-08-19,522.0,521.661376953125
2019-08-20,518.25,517.9138793945312
2019-08-21,527.125,526.7831420898438
2019-08-22,517.125,516.7896728515625
2019-08-23,511.625,511.2931823730469
2019-08-27,512.875,512.54248046875
2019-08-28,515.875,515.54052734375
2019-08-29,514.375,514.0414428710938
2019-08-30,515.625,515.290771484375
2019-09-02,529.625,529.281494140625
2019-09-03,527.375,527.0328979492188
2019-09-04,527.5,527.1578979492188
2019-09-05,523.625,523.285400390625
2019-09-06,522.25,521.9112548828125
2019-09-09,518.25,517.9138793945312
2019-09-10,510.125,509.794189453125
2019-09-11,516.375,516.0400390625
2019-09-12,522.125,521.7863159179688
2019-09-13,512.625,512.2926635742188
2019-09-16,516.125,515.790283203125
2019-09-17,518.25,517.9138793945312
2019-09-18,518.0,517.6641235351562
2019-09-19,528.0,527.6575927734375
2019-09-20,524.875,524.5347290039062
2019-09-23,528.0,527.6575927734375
2019-09-24,523.5,523.1605834960938
2019-09-25,521.25,520.912109375
2019-09-26,520.25,519.91259765625
2019-09-27,517.25,516.91455078125
2019-09-30,513.125,512.7922973632812
2019-10-01,514.625,514.2911987304688
2019-10-02,504.375,504.0479736328125
2019-10-03,501.375,501.04986572265625
2019-10-04,512.125,511.79278564453125
2019-10-07,516.375,516.0400390625
2019-10-08,517.625,517.2894287109375
2019-10-09,518.125,517.7889404296875
2019-10-10,519.125,518.7883911132812
2019-10-11,508.25,507.9203796386719
2019-10-14,505.125,504.7974548339844
2019-10-15,494.6000061035156,494.2792663574219
2019-10-16,488.6499938964844,488.3331604003906
2019-10-17,493.5,493.179931640625
2019-10-18,491.20001220703125,490.8815002441406
2019-10-21,492.95001220703125,492.6303405761719
2019-10-22,489.75,489.432373046875
2019-10-23,492.0,491.6809387207031
2019-10-24,493.79998779296875,493.47979736328125
2019-10-25,487.6000061035156,487.2838134765625
2019-10-28,491.6499938964844,491.3311462402344
2019-10-29,489.29998779296875,488.9826965332031
2019-10-30,479.45001220703125,479.1390686035156
2019-10-31,477.8500061035156,477.5401611328125
2019-11-01,479.8500061035156,479.538818359375
2019-11-04,479.5,479.18902587890625
2019-11-05,476.04998779296875,475.7413024902344
2019-11-06,475.29998779296875,474.9917297363281
2019-11-07,478.79998779296875,478.48944091796875
2019-11-08,479.6000061035156,479.2889709472656
2019-11-11,479.75,479.4388732910156
2019-11-12,482.6499938964844,482.3370361328125
2019-11-13,478.70001220703125,478.38958740234375
2019-11-14,474.6000061035156,474.34307861328125
2019-11-15,478.0,477.7412109375
2019-11-18,471.04998779296875,470.7950134277344
2019-11-19,471.6000061035156,471.3447570800781
2019-11-20,472.6499938964844,472.39410400390625
2019-11-21,469.29998779296875,469.0459289550781
2019-11-22,472.29998779296875,472.0442810058594
2019-11-25,479.25,478.9906005859375
2019-11-26,483.1499938964844,482.8884582519531
2019-11-27,483.5,483.2382507324219
2019-11-28,486.3999938964844,486.1366882324219
2019-11-29,487.54998779296875,487.2861022949219
2019-12-02,486.1000061035156,485.8368835449219
2019-12-03,485.0,484.7375183105469
2019-12-04,487.3500061035156,487.08624267578125
2019-12-05,485.1000061035156,484.83740234375
2019-12-06,488.79998779296875,488.5353698730469
2019-12-09,485.6000061035156,485.337158203125
2019-12-10,482.8500061035156,482.5886535644531
2019-12-11,488.0,487.7358093261719
2019-12-12,493.6000061035156,493.3327941894531
2019-12-13,488.5,488.2355651855469
2019-12-16,498.20001220703125,497.9303283691406
2019-12-17,508.25,507.974853515625
2019-12-18,508.75,508.474609375
2019-12-19,512.25,511.9726257324219
2019-12-20,515.0,514.72119140625
2019-12-23,519.5,519.2186889648438
2019-12-24,520.875,520.5930786132812
2019-12-27,520.0,519.7184448242188
2019-12-30,513.375,513.09716796875
2019-12-31,511.875,511.59783935546875
2020-01-02,518.75,518.4691772460938
2020-01-03,521.0,520.718017578125
2020-01-06,515.25,514.9710693359375
2020-01-07,520.75,520.4681396484375
2020-01-08,524.0,523.71630859375
2020-01-09,530.0,529.7130737304688
2020-01-10,528.25,527.964111328125
2020-01-13,538.875,538.583251953125
2020-01-14,541.625,541.331787109375
2020-01-15,541.125,540.8321533203125
2020-01-16,543.375,543.0809936523438
2020-01-17,548.25,547.9533081054688
2020-01-20,551.625,551.3264770507812
2020-01-21,552.75,552.4509887695312
2020-01-22,545.5,545.2047119140625
2020-01-23,544.25,543.9553833007812
2020-01-24,550.25,549.9520874023438
2020-01-27,535.75,535.4600219726562
2020-01-28,547.5,547.20361328125
2020-01-29,552.5,552.2009887695312
2020-01-30,538.5,538.20849609375
2020-01-31,533.5,533.2113037109375
2020-02-03,542.75,542.4561767578125
2020-02-04,559.25,558.9473266601562
2020-02-05,568.5,568.1922607421875
2020-02-06,574.25,573.9390869140625
2020-02-07,569.75,569.4415283203125
2020-02-10,572.5,572.190185546875
2020-02-11,585.0,584.6832885742188
2020-02-12,594.25,593.9283447265625
2020-02-13,587.0,586.6823120117188
2020-02-14,591.75,591.4297485351562
2020-02-17,594.0,593.6784057617188
2020-02-18,592.25,591.9293212890625
2020-02-19,625.75,625.411376953125
2020-02-20,626.25,625.9109497070312
2020-02-21,624.75,624.4118041992188
2020-02-24,604.75,604.422607421875
2020-02-25,593.0,592.678955078125
2020-02-26,590.25,589.9304809570312
2020-02-27,563.75,563.4448852539062
2020-02-28,551.75,551.4512329101562
2020-03-02,566.5,566.1932373046875
2020-03-03,587.75,587.431884765625
2020-03-04,584.75,584.4334716796875
2020-03-05,585.0,584.6832885742188
2020-03-06,558.75,558.447509765625
2020-03-09,497.70001220703125,497.4306335449219
2020-03-10,499.3999938964844,499.1296691894531
2020-03-11,493.70001220703125,493.4327697753906
2020-03-12,428.0,427.7682800292969
2020-03-13,447.70001220703125,447.4577331542969
2020-03-16,429.45001220703125,429.217529296875
2020-03-17,444.0,443.7596130371094
2020-03-18,427.1499938964844,426.91876220703125
2020-03-19,420.0,419.7726745605469
2020-03-20,436.5,436.26373291015625
2020-03-23,412.70001220703125,412.4766540527344
2020-03-24,454.5,454.2539978027344
2020-03-25,478.1000061035156,477.8411865234375
2020-03-26,483.25,482.9884033203125
2020-03-27,442.95001220703125,442.7101745605469
2020-03-30,442.1499938964844,441.9106750488281
2020-03-31,450.95001220703125,450.7059020996094
2020-04-01,436.20001220703125,435.9638671875
2020-04-02,439.70001220703125,439.4620361328125
2020-04-03,436.8999938964844,436.6634521484375
2020-04-06,454.6000061035156,454.35394287109375
2020-04-07,477.20001220703125,476.9417419433594
2020-04-08,477.70001220703125,477.4414367675781
2020-04-09,488.29998779296875,488.03570556640625
2020-04-14,483.8999938964844,483.6380920410156
2020-04-15,471.20001220703125,470.9449157714844
2020-04-16,476.0,475.7423400878906
2020-04-17,484.3500061035156,484.0877990722656
2020-04-20,485.8500061035156,485.5870361328125
2020-04-21,474.1000061035156,473.8433532714844
2020-04-22,477.20001220703125,476.9417419433594
2020-04-23,484.8500061035156,484.58758544921875
2020-04-24,471.6000061035156,471.3447570800781
2020-04-27,477.79998779296875,477.5413818359375
2020-04-28,496.20001220703125,495.9314270019531
2020-04-29,509.125,508.849365234375
2020-04-30,495.25,494.98193359375
2020-05-01,479.1000061035156,478.8406677246094
2020-05-04,480.3500061035156,480.0899658203125
2020-05-05,493.3999938964844,493.1329345703125
2020-05-06,497.79998779296875,497.5305480957031
2020-05-07,503.375,503.1025390625
2020-05-11,518.125,517.844482421875
2020-05-12,531.5,531.2122802734375
2020-05-13,517.25,516.969970703125
2020-05-14,499.1000061035156,498.8548889160156
2020-05-15,507.875,507.6255798339844
2020-05-18,529.375,529.1149291992188
2020-05-19,539.5,539.2349853515625
2020-05-20,543.5,543.233154296875
2020-05-21,532.75,532.4883422851562
2020-05-22,534.0,533.7377319335938
2020-05-26,546.75,546.4815063476562
2020-05-27,543.625,543.3579711914062
2020-05-28,555.5,555.2272338867188
2020-05-29,547.375,547.106201171875
2020-06-01,550.875,550.6045532226562
2020-06-02,555.375,555.102294921875
2020-06-03,560.75,560.4746704101562
2020-06-04,562.875,562.5986328125
2020-06-05,578.0,577.7161865234375
2020-06-08,575.5,575.2174072265625
2020-06-09,573.5,573.2183227539062
2020-06-10,568.875,568.5955810546875
2020-06-11,547.0,546.7314453125
2020-06-12,550.625,550.3546142578125
2020-06-15,551.75,551.4789428710938
2020-06-16,571.25,570.969482421875
2020-06-17,567.0,566.7216186523438
2020-06-18,569.25,568.970458984375
2020-06-19,582.5,582.2138671875
2020-06-22,573.25,572.9683837890625
2020-06-23,581.625,581.3394775390625
2020-06-24,570.875,570.5947875976562
2020-06-25,566.0,565.7220458984375
2020-06-26,563.5,563.2232055664062
2020-06-29,579.25,578.9654541015625
2020-06-30,577.75,577.46630859375
2020-07-01,586.0,585.7122192382812
2020-07-02,596.75,596.4569702148438
2020-07-03,597.25,596.9566650390625
2020-07-06,614.25,613.9483032226562
2020-07-07,613.25,612.9489135742188
2020-07-08,620.25,619.9454345703125
2020-07-09,611.5,611.19970703125
2020-07-10,614.75,614.4480590820312
2020-07-13,629.75,629.4407958984375
2020-07-14,621.5,621.1947021484375
2020-07-15,640.25,639.9356079101562
2020-07-16,642.25,641.9345092773438
2020-07-17,648.75,648.4313354492188
2020-07-20,659.5,659.1762084960938
2020-07-21,657.0,656.6773681640625
2020-07-22,660.75,660.4254760742188
2020-07-23,672.75,672.4197387695312
2020-07-24,649.5,649.1810913085938
2020-07-27,649.75,649.430908203125
2020-07-28,643.25,642.93408203125
2020-07-29,641.0,640.6851806640625
2020-07-30,636.75,636.4373168945312
2020-07-31,629.5,629.1908569335938
2020-08-03,643.0,642.6841430664062
2020-08-04,665.5,665.1731567382812
2020-08-05,674.0,673.6690673828125
2020-08-06,683.25,682.9144287109375
2020-08-07,706.0,705.6531372070312
2020-08-10,698.0,697.6571655273438
2020-08-11,704.75,704.4039306640625
2020-08-12,699.875,699.5313720703125
2020-08-13,717.0,716.64794921875
2020-08-14,710.375,710.0261840820312
2020-08-17,712.0,711.6503295898438
2020-08-18,708.25,707.9022216796875
2020-08-19,725.0,724.64404296875
2020-08-20,716.5,716.1481323242188
2020-08-21,716.75,716.39794921875
2020-08-24,718.25,717.8973388671875
2020-08-25,736.25,735.8883666992188
2020-08-26,740.5,740.1364135742188
2020-08-27,735.25,734.8889770507812
2020-08-28,740.5,740.1364135742188
2020-09-01,738.0,737.6375122070312
2020-09-02,743.0,742.6351318359375
2020-09-03,708.75,708.40185546875
2020-09-04,685.0,684.6636352539062
2020-09-07,712.625,712.2750854492188
2020-09-08,707.25,706.9027099609375
2020-09-09,725.5,725.1437377929688
2020-09-10,734.25,733.889404296875
2020-09-11,730.25,729.891357421875
2020-09-14,736.5,736.1382446289062
2020-09-15,759.0,758.6272583007812
2020-09-16,761.0,760.6261596679688
2020-09-17,740.5,740.1364135742188
2020-09-18,746.125,745.758544921875
2020-09-21,730.25,729.891357421875
2020-09-22,742.5,742.1353149414062
2020-09-23,760.25,759.8765258789062
2020-09-24,742.25,741.8854370117188
2020-09-25,757.0,756.6282348632812
2020-09-28,783.25,782.8654174804688
2020-09-29,802.5,802.1058959960938
2020-09-30,824.25,823.8452758789062
2020-10-01,843.5,843.085693359375
2020-10-02,848.5,848.083251953125
2020-10-05,867.25,866.8240356445312
2020-10-06,889.75,889.31298828125
2020-10-07,931.25,930.7926025390625
2020-10-08,949.5,949.0337524414062
2020-10-09,942.25,941.787353515625
2020-10-12,915.0,914.55078125
2020-10-13,928.5,928.0440063476562
2020-10-14,936.5,936.0401000976562
2020-10-15,919.75,919.2984008789062
2020-10-16,930.25,929.7930908203125
2020-10-19,926.0,925.545166015625
2020-10-20,937.75,937.2896118164062
2020-10-21,902.5,902.0567626953125
2020-10-22,873.5,873.071044921875
2020-10-23,888.0,887.5638427734375
2020-10-26,872.0,871.5718383789062
2020-10-27,865.75,865.3247680664062
2020-10-28,858.0,857.57861328125
2020-10-29,872.5,872.071533203125
2020-10-30,867.0,866.57421875
2020-11-02,880.25,879.8176879882812
2020-11-03,888.0,887.5638427734375
2020-11-04,882.25,881.816650390625
2020-11-05,930.75,930.2930297851562
2020-11-06,936.25,935.7902221679688
2020-11-09,964.75,964.276123046875
2020-11-10,914.75,914.30078125
2020-11-11,949.0,948.533935546875
2020-11-12,958.75,958.3108520507812
2020-11-13,945.75,945.3168334960938
2020-11-16,948.25,947.815673828125
2020-11-17,939.0,938.5698852539062
2020-11-18,941.5,941.06884765625
2020-11-19,941.0,940.5689697265625
2020-11-20,951.0,950.5643310546875
2020-11-23,956.0,955.56201171875
2020-11-24,980.25,979.801025390625
2020-11-25,986.0,985.54833984375
2020-11-26,999.25,998.7922973632812
2020-11-27,1019.5,1019.0330200195312
2020-11-30,1012.0,1011.5364990234375
2020-12-01,1002.5,1002.0408325195312
2020-12-02,993.75,993.2947998046875
2020-12-03,985.75,985.2986450195312
2020-12-04,980.75,980.30078125
2020-12-07,994.75,994.2943725585938
2020-12-08,1012.5,1012.0363159179688
2020-12-09,1009.0,1008.537841796875
2020-12-10,1008.5,1008.0380859375
2020-12-11,1024.0,1023.5309448242188
2020-12-14,1033.0,1032.526611328125
2020-12-15,1059.5,1059.0146484375
2020-12-16,1058.0,1057.515625
2020-12-17,1070.5,1070.009765625
2020-12-18,1109.0,1108.491943359375
2020-12-21,1117.0,1116.4881591796875
2020-12-22,1173.5,1172.9625244140625
2020-12-23,1184.5,1183.9573974609375
2020-12-24,1180.0,1179.4595947265625
2020-12-29,1178.0,1177.4603271484375
2020-12-30,1193.0,1192.4534912109375
2020-12-31,1191.5,1190.954345703125
2021-01-04,1216.0,1215.4432373046875
2021-01-05,1228.0,1227.4373779296875
2021-01-06,1320.0,1319.3951416015625
2021-01-07,1425.0,1424.347412109375
2021-01-08,1398.5,1397.8594970703125
2021-01-11,1357.5,1356.878173828125
2021-01-12,1347.5,1346.8826904296875
2021-01-13,1370.5,1369.8720703125
2021-01-14,1359.0,1358.3773193359375
2021-01-15,1288.5,1287.9097900390625
2021-01-18,1290.0,1289.4090576171875
2021-01-19,1316.5,1315.8970947265625
2021-01-20,1312.5,1311.8990478515625
2021-01-21,1348.0,1347.3826904296875
2021-01-22,1359.5,1358.877197265625
2021-01-25,1368.5,1367.873046875
2021-01-26,1348.5,1347.8822021484375
2021-01-27,1285.5,1284.9112548828125
2021-01-28,1262.0,1261.421875
2021-01-29,1259.0,1258.42333984375
2021-02-01,1265.0,1264.420654296875
2021-02-02,1292.5,1291.907958984375
2021-02-03,1304.5,1303.9024658203125
2021-02-04,1301.0,1300.404296875
2021-02-05,1304.0,1303.402587890625
2021-02-08,1311.0,1310.3995361328125
2021-02-09,1303.5,1302.9029541015625
2021-02-10,1277.0,1276.4151611328125
2021-02-11,1294.5,1293.9071044921875
2021-02-12,1256.25,1255.674560546875
2021-02-15,1266.0,1265.4200439453125
2021-02-16,1248.0,1247.428466796875
2021-02-17,1200.0,1199.450439453125
2021-02-18,1148.0,1147.4739990234375
2021-02-19,1179.0,1178.4599609375
2021-02-22,1107.0,1106.4927978515625
2021-02-23,1053.0,1052.5177001953125
2021-02-24,1073.5,1073.0084228515625
2021-02-25,1065.0,1064.5120849609375
2021-02-26,1066.5,1066.01171875
2021-03-01,1106.5,1105.9932861328125
2021-03-02,1075.5,1075.0072021484375
2021-03-03,1026.0,1025.530029296875
2021-03-04,975.75,975.3031005859375
2021-03-05,899.25,898.838134765625
2021-03-08,947.25,946.816162109375
2021-03-09,992.75,992.2953491210938
2021-03-10,1002.5,1002.0408325195312
2021-03-11,1046.0,1045.5208740234375
2021-03-12,1042.5,1042.022705078125
2021-03-15,1041.0,1040.5233154296875
2021-03-16,1037.5,1037.024658203125
2021-03-17,972.0,971.5548095703125
2021-03-18,960.5,960.0599975585938
2021-03-19,967.0,966.5570678710938
2021-03-22,986.0,985.54833984375
2021-03-23,984.0,983.5492553710938
2021-03-24,959.25,958.8106689453125
2021-03-25,927.5,927.0751953125
2021-03-26,949.0,948.5653076171875
2021-03-29,934.25,933.8221435546875
2021-03-30,972.5,972.0545043945312
2021-03-31,1000.5,1000.041748046875
2021-04-01,1013.0,1012.5360717773438
2021-04-06,993.0,992.545166015625
2021-04-07,967.5,967.0568237304688
2021-04-08,981.5,981.0504150390625
2021-04-09,975.75,975.3031005859375
2021-04-12,950.0,949.5650024414062
2021-04-13,965.0,964.5580444335938
2021-04-14,973.75,973.303955078125
2021-04-15,958.75,958.3108520507812
2021-04-16,977.75,977.30224609375
2021-04-19,948.0,947.5657958984375
2021-04-20,942.5,942.0682983398438
2021-04-21,949.75,949.3150024414062
2021-04-22,1002.0,1001.5410766601562
2021-04-23,1005.5,1005.0394897460938
2021-04-26,1007.5,1007.0384521484375
2021-04-27,1010.5,1010.0371704101562
2021-04-28,986.5,986.0481567382812
2021-04-29,964.5,964.0582885742188
2021-04-30,960.75,960.3098754882812
2021-05-04,900.75,900.3374633789062
2021-05-05,911.0,910.582763671875
2021-05-06,885.25,884.8446044921875
2021-05-07,908.5,908.0839233398438
2021-05-10,876.0,875.5986938476562
2021-05-11,857.75,857.357177734375
2021-05-12,847.75,847.3616943359375
2021-05-13,844.0,843.6438598632812
2021-05-14,868.25,867.8834838867188
2021-05-17,862.25,861.8859252929688
2021-05-18,876.25,875.880126953125
2021-05-19,876.0,875.6301879882812
2021-05-20,906.25,905.867431640625
2021-05-21,908.5,908.1165771484375
2021-05-24,908.5,908.1165771484375
2021-05-25,909.25,908.8662109375
2021-05-26,916.75,916.363037109375
2021-05-27,913.75,913.3641967773438
2021-05-28,921.75,921.3609008789062
2021-06-01,916.75,916.363037109375
2021-06-02,901.0,900.61962890625
2021-06-03,896.25,895.8717041015625
2021-06-04,900.5,900.1199951171875
2021-06-07,897.5,897.12109375
2021-06-08,899.0,898.62060546875
2021-06-09,910.0,909.615966796875
2021-06-10,899.75,899.3702392578125
2021-06-11,910.75,910.3655395507812
2021-06-14,925.25,924.8594360351562
2021-06-15,912.0,911.6150512695312
2021-06-16,927.75,927.3585205078125
2021-06-17,934.5,934.1055908203125
2021-06-18,929.75,929.3575439453125
2021-06-21,925.25,924.8594360351562
2021-06-22,940.0,939.6033325195312
2021-06-23,931.5,931.1068115234375
2021-06-24,946.0,945.6006469726562
2021-06-25,951.5,951.0984497070312
2021-06-28,968.5,968.0911254882812
2021-06-29,987.5,987.0831909179688
2021-06-30,970.25,969.8403930664062
2021-07-01,974.0,973.5888671875
2021-07-02,970.75,970.3402099609375
2021-07-05,970.75,970.3402099609375
2021-07-06,979.0,978.5867309570312
2021-07-07,981.25,980.8358154296875
2021-07-08,961.25,960.84423828125
2021-07-09,958.25,957.8455200195312
2021-07-12,968.0,967.5914306640625
2021-07-13,966.75,966.3419189453125
2021-07-14,945.0,944.6011352539062
2021-07-15,919.5,919.1118774414062
2021-07-16,925.25,924.8594360351562
2021-07-19,916.5,916.1132202148438
2021-07-20,924.5,924.1097412109375
2021-07-21,950.5,950.0987548828125
2021-07-22,951.0,950.5985107421875
2021-07-23,937.5,937.1043090820312
2021-07-26,927.75,927.3585205078125
2021-07-27,906.75,906.3672485351562
2021-07-28,928.0,927.6083374023438
2021-07-29,935.75,935.3551025390625
2021-07-30,934.75,934.3553466796875
2021-08-02,942.5,942.1021728515625
2021-08-03,951.25,950.8485107421875
2021-08-04,952.75,952.3477783203125
2021-08-05,949.0,948.5994262695312
2021-08-06,946.25,945.8506469726562
2021-08-09,958.25,957.8455200195312
2021-08-10,964.5,964.0928955078125
2021-08-11,949.0,948.5994262695312
2021-08-12,940.75,940.3529052734375
2021-08-13,942.5,942.1021728515625
2021-08-16,931.25,930.8568725585938
2021-08-17,918.75,918.3621215820312
2021-08-18,934.75,934.3553466796875
2021-08-19,938.0,937.6040649414062
2021-08-20,951.5,951.0984497070312
2021-08-23,951.75,951.3482666015625
2021-08-24,962.75,962.3436279296875
2021-08-25,967.25,966.8417358398438
2021-08-26,961.25,960.84423828125
2021-08-27,962.25,961.8438720703125
2021-08-31,970.0,969.5906982421875
2021-09-01,978.0,977.5872192382812
2021-09-02,988.5,988.082763671875
2021-09-03,975.25,974.8383178710938
2021-09-06,977.0,976.5875854492188
2021-09-07,969.75,969.3407592773438
2021-09-08,957.0,956.5960693359375
2021-09-09,950.5,950.0987548828125
2021-09-10,943.75,943.3516235351562
2021-09-13,945.25,944.8509521484375
2021-09-14,953.0,952.5977172851562
2021-09-15,930.25,929.8572998046875
2021-09-16,928.0,927.6083374023438
2021-09-17,926.0,925.6090698242188
2021-09-20,918.0,917.6124267578125
2021-09-21,932.0,931.606689453125
2021-09-22,945.0,944.6011352539062
2021-09-23,946.25,945.8506469726562
2021-09-24,932.5,932.1063842773438
2021-09-27,937.5,937.1043090820312
2021-09-28,926.75,926.3588256835938
2021-09-29,929.5,929.1076049804688
2021-09-30,915.25,914.8636474609375
2021-10-01,917.0,916.6129150390625
2021-10-04,888.75,888.3748779296875
2021-10-05,893.75,893.3726806640625
2021-10-06,889.5,889.1244506835938
2021-10-07,907.0,906.6172485351562
2021-10-08,896.5,896.12158203125
2021-10-11,908.0,907.6166381835938
2021-10-12,930.25,929.8572998046875
2021-10-13,953.0,952.5977172851562
2021-10-14,949.75,949.34912109375
2021-10-15,957.75,957.3457641601562
2021-10-18,958.0,957.5956420898438
2021-10-19,980.25,979.8362426757812
2021-10-20,984.0,983.5845947265625
2021-10-21,981.5,981.085693359375
2021-10-22,979.25,978.8366088867188
2021-10-25,988.75,988.3327026367188
2021-10-26,988.75,988.3327026367188
2021-10-27,1017.0,1016.5707397460938
2021-10-28,1037.0,1036.5621337890625
2021-10-29,1051.0,1050.5565185546875
2021-11-01,1073.5,1073.0469970703125
2021-11-02,1063.5,1063.051025390625
2021-11-03,1025.0,1024.5675048828125
2021-11-04,1040.0,1039.5609130859375
2021-11-05,1031.0,1030.56494140625
2021-11-08,1045.5,1045.05859375
2021-11-09,1039.5,1039.061279296875
2021-11-10,1041.0,1040.5606689453125
2021-11-11,1057.0,1056.5902099609375
2021-11-12,1064.5,1064.0872802734375
2021-11-15,1055.5,1055.0908203125
2021-11-16,1049.0,1048.59326171875
2021-11-17,1044.0,1043.59521484375
2021-11-18,1029.5,1029.1009521484375
2021-11-19,1046.5,1046.0943603515625
2021-11-22,1042.0,1041.5960693359375
2021-11-23,1013.0,1012.6073608398438
2021-11-24,1018.0,1017.6054077148438
2021-11-25,1037.5,1037.09765625
2021-11-26,1003.5,1003.1109619140625
2021-11-29,1013.0,1012.6073608398438
2021-11-30,1008.0,1007.6091918945312
2021-12-01,1011.0,1010.6080932617188
2021-12-02,973.0,972.6228637695312
2021-12-03,951.5,951.1311645507812
2021-12-06,952.25,951.8809204101562
2021-12-07,984.5,984.118408203125
2021-12-08,991.25,990.86572265625
2021-12-09,977.75,977.37109375
2021-12-10,954.25,953.8801879882812
2021-12-13,950.0,949.6318359375
2021-12-14,918.25,917.8939819335938
2021-12-15,910.5,910.1470336914062
2021-12-16,925.75,925.39111328125
2021-12-17,917.5,917.1443481445312
2021-12-20,889.0,888.6554565429688
2021-12-21,902.5,902.1500854492188
2021-12-22,911.0,910.6468505859375
2021-12-23,904.75,904.3993530273438
2021-12-24,907.5,907.148193359375
2021-12-29,894.25,893.9033203125
2021-12-30,902.5,902.1500854492188
2021-12-31,900.25,899.9010009765625
2022-01-04,883.25,882.9076538085938
2022-01-05,868.25,867.9133911132812
2022-01-06,838.75,838.4248657226562
2022-01-07,830.5,830.1781005859375
2022-01-10,820.75,820.4317626953125
2022-01-11,827.5,827.1792602539062
2022-01-12,828.0,827.6790161132812
2022-01-13,830.75,830.4279174804688
2022-01-14,812.5,812.18505859375
2022-01-17,818.25,817.9327392578125
2022-01-18,805.25,804.9378662109375
2022-01-19,797.0,796.6911010742188
2022-01-20,821.5,821.1814575195312
2022-01-21,789.75,789.44384765625
2022-01-24,750.25,749.9591064453125
2022-01-25,750.75,750.4589233398438
2022-01-26,774.75,774.4496459960938
2022-01-27,766.5,766.2028198242188
2022-01-28,747.5,747.2102661132812
2022-01-31,788.5,788.1943359375
2022-02-01,792.25,791.94287109375
2022-02-02,788.5,788.1943359375
2022-02-03,771.25,770.9510498046875
2022-02-04,771.0,770.7010498046875
2022-02-07,772.0,771.70068359375
2022-02-08,766.5,766.2028198242188
2022-02-09,798.25,797.9405517578125
2022-02-10,791.75,791.4430541992188
2022-02-11,777.0,776.6987915039062
2022-02-14,764.75,764.4535522460938
2022-02-15,788.25,787.9443969726562
2022-02-16,784.5,784.19580078125
2022-02-17,785.5,785.1954956054688
2022-02-18,766.0,765.7030029296875
2022-02-21,750.5,750.2090454101562
2022-02-22,751.25,750.9588012695312
2022-02-23,748.75,748.4596557617188
2022-02-24,780.0,779.6975708007812
2022-02-25,821.75,821.4314575195312
2022-02-28,889.0,888.6554565429688
2022-03-01,871.75,871.4120483398438
2022-03-02,860.75,860.416259765625
2022-03-03,840.5,840.1741943359375
2022-03-04,836.5,836.1757202148438
2022-03-07,878.75,878.4093017578125
2022-03-08,917.5,917.1443481445312
2022-03-09,931.75,931.3887939453125
2022-03-10,905.75,905.3988037109375
2022-03-11,916.75,916.3945922851562
2022-03-14,882.25,881.9078979492188
2022-03-15,879.5,879.1591186523438
2022-03-16,897.25,896.9021606445312
2022-03-17,912.5,912.1463012695312
2022-03-18,920.0,919.6434326171875
2022-03-21,912.0,911.646484375
2022-03-22,917.75,917.3943481445312
2022-03-23,922.5,922.1423950195312
2022-03-24,914.0,913.6456298828125
2022-03-25,906.5,906.1485595703125
2022-03-28,917.25,916.8943481445312
2022-03-29,934.25,933.8878784179688
2022-03-30,941.25,940.8850708007812
2022-03-31,942.75,942.384521484375
2022-04-01,947.5,947.1326904296875
2022-04-04,965.75,965.3756103515625
2022-04-05,970.0,969.6241455078125
2022-04-06,944.75,944.3836669921875
2022-04-07,943.75,943.3841552734375
2022-04-08,941.75,941.3848876953125
2022-04-11,924.0,923.641845703125
2022-04-12,926.5,926.1407470703125
2022-04-13,921.75,921.3926391601562
2022-04-14,916.25,915.8948364257812
2022-04-19,924.75,924.3915405273438
2022-04-20,918.0,917.64404296875
2022-04-21,880.75,880.4085693359375
2022-04-22,871.0,870.662353515625
2022-04-25,862.75,862.4155883789062
2022-04-26,862.5,862.1656494140625
2022-04-27,872.5,872.1618041992188
2022-04-28,865.0,864.664794921875
2022-04-29,879.75,879.408935546875
2022-05-03,882.75,882.4078369140625
2022-05-04,885.75,885.406494140625
2022-05-05,881.5,881.158203125
2022-05-06,869.5,869.1629638671875
2022-05-09,814.0,813.6844482421875
2022-05-10,801.75,801.439208984375
2022-05-11,816.0,815.6836547851562
2022-05-12,792.75,792.46728515625
2022-05-13,823.0,822.70654296875
2022-05-16,819.5,819.207763671875
2022-05-17,825.75,825.4555053710938
2022-05-18,847.0,846.6979370117188
2022-05-19,864.0,863.69189453125
2022-05-20,857.5,857.1942138671875
2022-05-23,870.0,869.689697265625
2022-05-24,861.25,860.94287109375
2022-05-25,865.5,865.1913452148438
2022-05-26,890.75,890.4323120117188
2022-05-27,906.25,905.9268188476562
2022-05-30,915.5,915.173583984375
2022-05-31,912.75,912.4244995117188
2022-06-01,899.75,899.4291381835938
2022-06-06,948.75,948.41162109375
2022-06-07,935.5,935.16650390625
2022-06-08,947.5,947.162109375
2022-06-09,930.0,929.66845703125
2022-06-10,910.0,909.675537109375
2022-06-13,869.5,869.18994140625
2022-06-14,876.75,876.4373168945312
2022-06-15,874.25,873.938232421875
2022-06-16,839.75,839.4505004882812
2022-06-17,862.25,861.9424438476562
2022-06-20,888.75,888.43310546875
2022-06-21,898.0,897.6796875
2022-06-22,894.0,893.6812133789062
2022-06-23,892.75,892.431640625
2022-06-24,895.75,895.430419921875
2022-06-27,924.0,923.6705322265625
2022-06-28,918.75,918.4223022460938
2022-06-29,882.0,881.6854248046875
2022-06-30,896.0,895.680419921875
2022-07-01,914.5,914.173828125
2022-07-04,907.875,907.5512084960938
2022-07-05,886.5,886.1837768554688
2022-07-06,906.25,905.9268188476562
2022-07-07,943.375,943.0386352539062
2022-07-08,958.25,957.9082641601562
2022-07-11,943.25,942.9136352539062
2022-07-12,927.0,926.66943359375
2022-07-13,927.5,927.1693115234375
2022-07-14,920.0,919.6719360351562
2022-07-15,903.75,903.427734375
2022-07-18,929.5,929.1685180664062
2022-07-19,931.75,931.417724609375
2022-07-20,945.125,944.7879028320312
2022-07-21,937.0,936.6658325195312
2022-07-22,938.0,937.6654663085938
2022-07-25,934.25,933.9168701171875
2022-07-26,931.5,931.167724609375
2022-07-27,961.0,960.6572265625
2022-07-28,1027.0,1026.6336669921875
2022-07-29,1042.0,1041.62841796875
2022-08-01,1035.0,1034.6309814453125
2022-08-02,1049.5,1049.1258544921875
2022-08-03,1023.0,1022.6351318359375
2022-08-04,1045.0,1044.62744140625
2022-08-05,1058.5,1058.12255859375
2022-08-08,1078.0,1077.6156005859375
2022-08-09,1070.5,1070.1182861328125
2022-08-10,1101.0,1100.6072998046875
2022-08-11,1109.5,1109.1044921875
2022-08-12,1112.0,1111.6033935546875
2022-08-15,1121.0,1120.600341796875
2022-08-16,1108.0,1107.604736328125
2022-08-17,1094.0,1093.6099853515625
2022-08-18,1111.5,1111.1036376953125
2022-08-19,1092.5,1092.1103515625
2022-08-22,1082.5,1082.1141357421875
2022-08-23,1079.5,1079.114990234375
2022-08-24,1106.5,1106.10546875
2022-08-25,1110.0,1109.6041259765625
2022-08-26,1113.5,1113.1029052734375
2022-08-30,1095.5,1095.1092529296875
2022-08-31,1091.0,1090.61083984375
2022-09-01,1072.5,1072.1175537109375
2022-09-02,1079.75,1079.364990234375
2022-09-05,1073.0,1072.617431640625
2022-09-06,1076.5,1076.1160888671875
2022-09-07,1111.0,1110.6038818359375
2022-09-08,1139.0,1138.5936279296875
2022-09-09,1129.5,1129.0972900390625
2022-09-12,1123.0,1122.5994873046875
2022-09-13,1127.5,1127.0977783203125
2022-09-14,1118.0,1117.601318359375
2022-09-15,1114.0,1113.602783203125
2022-09-16,1111.0,1110.6038818359375
2022-09-20,1089.5,1089.1116943359375
2022-09-21,1097.5,1097.1085205078125
2022-09-22,1053.5,1053.124267578125
2022-09-23,1053.0,1052.6243896484375
2022-09-26,1060.5,1060.121826171875
2022-09-27,1058.0,1057.6229248046875
2022-09-28,1051.0,1050.6253662109375
2022-09-29,995.0,994.6451416015625
2022-09-30,1001.5,1001.1428833007812
2022-10-03,1001.0,1000.6429443359375
2022-10-04,1026.5,1026.134033203125
2022-10-05,981.25,980.9000244140625
2022-10-06,983.5,983.1492309570312
2022-10-07,965.75,965.4055786132812
2022-10-10,949.25,948.9114990234375
2022-10-11,940.25,939.9146118164062
2022-10-12,924.75,924.4202270507812
2022-10-13,900.0,899.6790161132812
2022-10-14,912.25,911.9246215820312
2022-10-17,910.25,909.9253540039062
2022-10-18,921.75,921.4212646484375
2022-10-19,914.0,913.6740112304688
2022-10-20,907.25,906.9264526367188
2022-10-21,904.5,904.1774291992188
2022-10-24,905.5,905.1771240234375
2022-10-25,917.25,916.9228515625
2022-10-26,943.5,943.16357421875
2022-10-27,942.75,942.413818359375
2022-10-28,926.0,925.6697387695312
2022-10-31,935.5,935.16650390625
2022-11-01,951.75,951.4105834960938
2022-11-02,947.75,947.412109375
2022-11-03,975.5,975.1521606445312
2022-11-04,968.5,968.1546020507812
2022-11-07,951.5,951.1607055664062
2022-11-08,968.5,968.1546020507812
2022-11-09,984.25,983.8990478515625
2022-11-10,1000.625,1000.2681884765625
2022-11-11,999.0,998.6437377929688
2022-11-14,997.0,996.6444091796875
2022-11-15,1004.0,1003.6419067382812
2022-11-16,993.25,992.895751953125
2022-11-17,986.5,986.171142578125
2022-11-18,982.75,982.4224243164062
2022-11-21,980.25,979.9231567382812
2022-11-22,985.375,985.0465087890625
2022-11-23,983.5,983.1720581054688
2022-11-24,994.0,993.6686401367188
2022-11-25,989.75,989.4200439453125
2022-11-28,978.25,977.923828125
2022-11-29,978.25,977.923828125
2022-11-30,987.75,987.4207763671875
2022-12-01,985.0,984.671630859375
2022-12-02,991.25,990.9194946289062
2022-12-05,992.5,992.1691284179688
2022-12-06,969.5,969.1767578125
2022-12-07,966.25,965.9279174804688
2022-12-08,967.25,966.9275512695312
2022-12-09,966.25,965.9279174804688
2022-12-12,964.25,963.9285888671875
2022-12-13,975.75,975.4246826171875
2022-12-14,984.25,983.9219360351562
2022-12-15,977.875,977.5491333007812
2022-12-16,957.25,956.9307861328125
2022-12-19,955.0,954.6817016601562
2022-12-20,957.0,956.6809692382812
2022-12-21,960.5,960.1797485351562
2022-12-22,957.0,956.6809692382812
2022-12-23,954.5,954.1817626953125
2022-12-28,930.25,929.9398193359375
2022-12-29,949.5,949.1834106445312
2022-12-30,943.75,943.4353637695312
2023-01-03,938.5,938.1871337890625
2023-01-04,939.0,938.6869506835938
2023-01-05,935.25,934.938232421875
2023-01-06,942.25,941.9358520507812
2023-01-09,949.75,949.4334106445312
2023-01-10,945.5,945.1848754882812
2023-01-11,981.0,980.6729125976562
2023-01-12,995.5,995.1681518554688
2023-01-13,991.75,991.4193115234375
2023-01-16,1000.625,1000.2914428710938
2023-01-17,1003.5,1003.1654663085938
2023-01-18,983.5,983.1720581054688
2023-01-19,945.5,945.1848754882812
2023-01-20,950.25,949.9332275390625
2023-01-23,966.25,965.9279174804688
2023-01-24,970.75,970.4263916015625
2023-01-25,949.75,949.4334106445312
2023-01-26,949.25,948.9335327148438
2023-01-27,944.25,943.9351806640625
2023-01-30,944.5,944.18505859375
2023-01-31,954.0,953.6819458007812
2023-02-01,961.75,961.4293823242188
2023-02-02,980.0,979.67333984375
2023-02-03,974.25,973.92529296875
2023-02-06,965.75,965.4280395507812
2023-02-07,958.5,958.1804809570312
2023-02-08,955.5,955.1815795898438
2023-02-09,934.25,933.9385986328125
2023-02-10,938.25,937.9371337890625
2023-02-13,938.25,937.9371337890625
2023-02-14,919.75,919.4434814453125
2023-02-15,948.0,947.6838989257812
2023-02-16,950.0,949.6834106445312
2023-02-17,931.5,931.1893920898438
2023-02-20,935.75,935.4380493164062
2023-02-21,918.75,918.4436645507812
2023-02-22,913.75,913.4453125
2023-02-23,912.25,911.94580078125
2023-02-24,904.25,903.9485473632812
2023-02-27,915.0,914.6950073242188
2023-02-28,912.0,911.6959838867188
2023-03-01,931.5,931.1893920898438
2023-03-02,921.75,921.4426879882812
2023-03-03,938.5,938.1871337890625
2023-03-06,954.5,954.1817626953125
2023-03-07,956.0,955.6812133789062
2023-03-08,951.75,951.4326782226562
2023-03-09,954.5,954.1817626953125
2023-03-10,930.0,929.6900024414062
2023-03-13,914.25,913.9451904296875
2023-03-14,920.0,919.6932983398438
2023-03-15,894.0,893.7019653320312
2023-03-16,890.0,889.7032470703125
2023-03-17,864.25,863.9619140625
2023-03-20,867.25,866.9608764648438
2023-03-21,893.75,893.4519653320312
2023-03-22,887.5,887.2042236328125
2023-03-23,892.0,891.7026977539062
2023-03-24,873.75,873.4586181640625
2023-03-27,873.75,873.4586181640625
2023-03-28,873.5,873.208740234375
2023-03-29,881.0,880.7063598632812
2023-03-30,907.5,907.197509765625
2023-03-31,918.75,918.4436645507812
2023-04-03,902.25,901.9490966796875
2023-04-04,890.0,889.7032470703125
2023-04-05,877.75,877.4573364257812
2023-04-06,882.0,881.7059326171875
2023-04-11,894.25,893.9518432617188
2023-04-12,899.0,898.7002563476562
2023-04-13,899.0,898.7002563476562
2023-04-14,899.5,899.2001342773438
2023-04-17,920.5,920.193115234375
2023-04-18,915.25,914.9448852539062
2023-04-19,909.0,908.6968994140625
2023-04-20,903.0,902.698974609375
2023-04-21,913.0,912.6956176757812
2023-04-24,901.75,901.4493408203125
2023-04-25,903.875,903.5736083984375
2023-04-26,863.0,862.7123413085938
2023-04-27,868.75,868.4603881835938
2023-04-28,845.25,844.96826171875
2023-05-02,833.75,833.4720458984375
2023-05-03,833.25,832.9721069335938
2023-05-04,837.875,837.5956420898438
2023-05-05,836.75,836.4710693359375
2023-05-09,837.5,837.2208862304688
2023-05-10,841.5,841.2194213867188
2023-05-11,844.125,843.8435668945312
2023-05-12,872.75,872.4591064453125
2023-05-15,880.25,879.95654296875
2023-05-16,872.25,871.9591674804688
2023-05-17,867.0,866.7109375
2023-05-18,866.0,865.7112426757812
2023-05-19,859.5,859.2344360351562
2023-05-22,865.25,864.9827270507812
2023-05-23,867.5,867.2319946289062
2023-05-24,852.5,852.2366333007812
2023-05-25,853.5,853.236328125
2023-05-26,853.75,853.4862060546875
2023-05-30,849.5,849.237548828125
2023-05-31,837.0,836.7413940429688
2023-06-01,847.0,846.7383422851562
2023-06-02,857.375,857.110107421875
2023-06-05,861.25,860.9839477539062
2023-06-06,866.25,865.9823608398438
2023-06-07,862.0,861.733642578125
2023-06-08,850.0,849.7374267578125
2023-06-09,845.75,845.4886474609375
2023-06-12,855.375,855.1107177734375
2023-06-13,852.375,852.1116333007812
2023-06-14,846.75,846.4884033203125
2023-06-15,846.0,845.7386474609375
2023-06-16,839.5,839.2406005859375
2023-06-19,840.25,839.9904174804688
2023-06-20,825.25,824.9950561523438
2023-06-21,824.0,823.7454223632812
2023-06-22,815.125,814.8731079101562
2023-06-23,807.25,807.0005493164062
2023-06-26,808.875,808.625
2023-06-27,806.0,805.7509765625
2023-06-28,824.75,824.4951782226562
2023-06-29,817.25,816.9974975585938
2023-06-30,825.5,825.2449340820312
2023-07-03,833.875,833.617431640625
2023-07-04,830.75,830.4933471679688
2023-07-05,820.75,820.4964599609375
2023-07-06,796.25,796.0040283203125
2023-07-07,807.25,807.0005493164062
2023-07-10,806.5,806.2508544921875
2023-07-11,808.5,808.2503051757812
2023-07-12,822.875,822.6207275390625
2023-07-13,826.25,825.9948120117188
2023-07-14,818.75,818.4970703125
2023-07-17,829.0,828.7438354492188
2023-07-18,833.75,833.492431640625
2023-07-19,851.75,851.4868774414062
2023-07-20,837.125,836.8663940429688
2023-07-21,840.75,840.4902954101562
2023-07-24,841.5,841.239990234375
2023-07-25,838.25,837.9910278320312
2023-07-26,820.375,820.1215209960938
2023-07-27,818.75,818.4970703125
2023-07-28,805.375,805.1260986328125
2023-07-31,817.875,817.622314453125
2023-08-01,817.0,816.74755859375
2023-08-02,781.75,781.5084838867188
2023-08-03,782.75,782.5081787109375
2023-08-04,782.25,782.0083618164062
2023-08-07,765.0,764.7636108398438
2023-08-08,763.5,763.26416015625
2023-08-09,775.0,774.7605590820312
2023-08-10,773.5,773.2610473632812
2023-08-11,759.25,759.0155029296875
2023-08-14,760.75,760.5149536132812
2023-08-15,744.0,743.7701416015625
2023-08-16,735.75,735.522705078125
2023-08-17,723.25,723.0265502929688
2023-08-18,718.5,718.278076171875
2023-08-21,713.75,713.5294189453125
2023-08-22,714.0,713.7794189453125
2023-08-23,728.75,728.5248413085938
2023-08-24,726.25,726.025634765625
2023-08-25,730.25,730.0243530273438
2023-08-29,746.375,746.1444091796875
2023-08-30,732.75,732.523681640625
2023-08-31,729.0,728.7747802734375
2023-09-01,732.25,732.0237426757812
2023-09-04,727.75,727.525146484375
2023-09-05,723.25,723.0265502929688
2023-09-06,715.5,715.2789916992188
2023-09-07,705.5,705.281982421875
2023-09-08,708.5,708.2811889648438
2023-09-11,711.875,711.655029296875
2023-09-12,714.0,713.7794189453125
2023-09-13,717.0,716.778564453125
2023-09-14,730.0,729.7744140625
2023-09-15,728.0,727.7750244140625
2023-09-18,718.5,718.278076171875
2023-09-19,720.75,720.52734375
2023-09-20,721.0,720.7772827148438
2023-09-21,714.5,714.2792358398438
2023-09-22,713.25,713.0296630859375
2023-09-25,701.75,701.533203125
2023-09-26,697.75,697.534423828125
2023-09-27,694.5,694.285400390625
2023-09-28,685.25,685.0382690429688
2023-09-29,688.5,688.2872924804688
2023-10-02,673.25,673.0419921875
2023-10-03,648.5,648.2996215820312
2023-10-04,640.5,640.3021850585938
2023-10-05,640.0,639.80224609375
2023-10-06,641.25,641.0518798828125
2023-10-09,644.25,644.0509033203125
2023-10-10,667.375,667.1687622070312
2023-10-11,672.625,672.4172973632812
2023-10-12,670.5,670.2929077148438
2023-10-13,667.5,667.2937622070312
2023-10-16,661.5,661.295654296875
2023-10-17,675.0,674.7914428710938
2023-10-18,659.375,659.1712646484375
2023-10-19,657.25,657.0469360351562
2023-10-20,629.25,629.0555419921875
2023-10-23,626.0,625.806640625
2023-10-24,636.875,636.67822265625
2023-10-25,623.5,623.3073120117188
2023-10-26,632.5,632.3046264648438
2023-10-27,614.25,614.0602416992188
2023-10-30,604.375,604.188232421875
2023-10-31,610.25,610.0615234375
2023-11-01,603.5,603.3135375976562
2023-11-02,621.25,621.0580444335938
2023-11-03,634.25,634.0540161132812
2023-11-06,623.25,623.0574340820312
2023-11-07,626.25,626.0565185546875
2023-11-08,615.75,615.5597534179688
2023-11-09,621.0,620.8081665039062
2023-11-10,607.25,607.0623779296875
2023-11-13,608.75,608.5618896484375
2023-11-14,633.25,633.0543212890625
2023-11-15,655.5,655.2974243164062
2023-11-16,637.75,637.5879516601562
2023-11-17,636.25,636.0883178710938
2023-11-20,646.25,646.0858154296875
2023-11-21,634.5,634.3388061523438
2023-11-22,641.0,640.8370971679688
2023-11-23,636.0,635.83837890625
2023-11-24,627.5,627.3405151367188
2023-11-27,625.75,625.5910034179688
2023-11-28,627.75,627.5904541015625
2023-11-29,634.25,634.0888061523438
2023-11-30,640.25,640.0873413085938
2023-12-01,647.0,646.8355102539062
2023-12-04,655.75,655.5833129882812
2023-12-05,655.375,655.2084350585938
2023-12-06,651.5,651.3344116210938
2023-12-07,647.0,646.8355102539062
2023-12-08,644.25,644.0862426757812
2023-12-11,639.25,639.0874633789062
2023-12-12,626.0,625.8409423828125
2023-12-13,627.0,626.8406982421875
2023-12-14,678.25,678.07763671875
2023-12-15,684.25,684.0760498046875
2023-12-18,679.5,679.3272705078125
2023-12-19,686.5,686.3255004882812
2023-12-20,690.0,689.8245849609375
2023-12-21,698.5,698.322509765625
2023-12-22,692.75,692.573974609375
2023-12-27,704.5,704.3209838867188
2023-12-28,707.75,707.5701293945312
2023-12-29,711.75,711.569091796875
2024-01-02,706.5,706.3204345703125
2024-01-03,680.5,680.3271484375
2024-01-04,680.0,679.8271484375
2024-01-05,674.625,674.4535522460938
2024-01-08,672.5,672.3291625976562
2024-01-09,672.5,672.3291625976562
2024-01-10,667.25,667.0803833007812
2024-01-11,659.5,659.3323974609375
2024-01-12,661.0,660.83203125
2024-01-15,655.75,655.5833129882812
2024-01-16,645.0,644.8360595703125
2024-01-17,621.0,620.8422241210938
2024-01-18,624.25,624.0913696289062
2024-01-19,614.25,614.0939331054688
2024-01-22,627.125,626.9656372070312
2024-01-23,631.5,631.3394775390625
2024-01-24,635.75,635.58837890625
2024-01-25,629.0,628.8401489257812
2024-01-26,630.5,630.3397827148438
2024-01-29,630.5,630.3397827148438
2024-01-30,628.75,628.5902099609375
2024-01-31,637.25,637.0880126953125
2024-02-01,637.25,637.0880126953125
2024-02-02,633.375,633.2140502929688
2024-02-05,623.25,623.0916137695312
2024-02-06,629.75,629.5899658203125
2024-02-07,648.75,648.5850830078125
2024-02-08,644.25,644.0862426757812
2024-02-09,644.75,644.5861206054688
2024-02-12,668.0,667.8302001953125
2024-02-13,647.5,647.33544921875
2024-02-14,659.25,659.0823974609375
2024-02-15,668.5,668.3301391601562
2024-02-16,665.75,665.580810546875
2024-02-19,660.0,659.8322143554688
2024-02-20,651.25,651.08447265625
2024-02-21,641.875,641.7119140625
2024-02-22,635.5,635.3385009765625
2024-02-23,623.25,623.0916137695312
2024-02-26,621.75,621.5919799804688
2024-02-27,624.75,624.5911865234375
2024-02-28,624.5,624.3412475585938
2024-02-29,628.25,628.09033203125
2024-03-01,643.5,643.33642578125
2024-03-04,628.75,628.5902099609375
2024-03-05,629.0,628.8401489257812
2024-03-06,635.25,635.0885620117188
2024-03-07,638.0,637.837890625
2024-03-08,641.25,641.0870361328125
2024-03-11,644.5,644.3362426757812
2024-03-12,628.75,628.5902099609375
2024-03-13,619.5,619.342529296875
2024-03-14,611.25,611.0947265625
2024-03-15,607.125,606.970703125
2024-03-18,610.5,610.3448486328125
2024-03-19,606.625,606.4708251953125
2024-03-20,608.0,607.8455200195312
2024-03-21,622.0,621.8419799804688
2024-03-22,621.5,621.342041015625
2024-03-25,619.75,619.5924682617188
2024-03-26,616.5,616.34326171875
2024-03-27,632.0,631.8394165039062
2024-03-28,636.0,635.83837890625
2024-04-02,626.25,626.0908813476562
2024-04-03,625.5,625.341064453125
2024-04-04,641.5,641.3369750976562
2024-04-05,622.0,621.8419799804688
2024-04-08,629.0,628.8401489257812
2024-04-09,633.375,633.2140502929688
2024-04-10,630.0,629.8399047851562
2024-04-11,629.25,629.0900268554688
2024-04-12,633.125,632.964111328125
2024-04-15,618.75,618.5927734375
2024-04-16,606.0,605.8460083007812
2024-04-17,604.25,604.0963745117188
2024-04-18,610.5,610.3448486328125
2024-04-19,605.0,604.84619140625
2024-04-22,608.0,607.8455200195312
2024-04-23,614.375,614.2188720703125
2024-04-24,608.375,608.2203369140625
2024-04-25,595.5,595.3486938476562
2024-04-26,608.25,608.0953369140625
2024-04-29,614.5,614.3438720703125
2024-04-30,608.0,607.8455200195312
2024-05-01,607.5,607.3456420898438
2024-05-02,615.25,615.0936889648438
2024-05-03,633.5,633.3389892578125
2024-05-07,640.75,640.5870971679688
2024-05-08,638.0,637.837890625
2024-05-09,636.5,636.3382568359375
2024-05-10,637.0,636.838134765625
2024-05-13,635.0,634.838623046875
2024-05-14,643.75,643.5863647460938
2024-05-15,648.5,648.335205078125
2024-05-16,643.75,643.6057739257812
2024-05-17,640.625,640.4815063476562
2024-05-20,636.75,636.607421875
2024-05-21,638.75,638.6069946289062
2024-05-22,663.25,663.1014404296875
2024-05-23,657.75,657.6027221679688
2024-05-24,669.75,669.5999755859375
2024-05-28,680.5,680.3475952148438
2024-05-29,670.25,670.0999145507812
2024-05-30,673.75,673.59912109375
2024-05-31,668.25,668.100341796875
2024-06-03,679.25,679.0977783203125
2024-06-04,666.5,666.3506469726562
2024-06-05,673.75,673.59912109375
2024-06-06,669.25,669.10009765625
2024-06-07,661.25,661.1019287109375
2024-06-10,660.0,659.8521118164062
2024-06-11,659.5,659.352294921875
2024-06-12,672.75,672.599365234375
2024-06-13,665.25,665.1010131835938
2024-06-14,658.0,657.8526611328125
2024-06-17,638.5,638.3569946289062
2024-06-18,643.25,643.1058959960938
2024-06-19,632.25,632.1083984375
2024-06-20,636.125,635.9824829101562
2024-06-21,635.75,635.6075439453125
2024-06-24,636.75,636.607421875
2024-06-25,630.375,630.2338256835938
2024-06-26,624.25,624.1101684570312
2024-06-27,621.375,621.2357788085938
2024-06-28,614.0,613.8624877929688
2024-07-01,610.0,609.8633422851562
2024-07-02,601.25,601.1153564453125
2024-07-03,607.5,607.3639526367188
2024-07-04,617.5,617.3616943359375
2024-07-05,615.0,614.8622436523438
2024-07-08,612.25,612.1128540039062
2024-07-09,614.25,614.1124267578125
2024-07-10,616.75,616.61181640625
2024-07-11,632.5,632.3582763671875
2024-07-12,638.5,638.3569946289062
2024-07-15,616.5,616.3618774414062
2024-07-16,618.75,618.6114501953125
2024-07-17,614.0,613.8624877929688
2024-07-18,616.5,616.3618774414062
2024-07-19,612.5,612.36279296875
2024-07-22,615.25,615.1122436523438
2024-07-23,617.5,617.3616943359375
2024-07-24,624.125,623.9852294921875
2024-07-25,626.375,626.2346801757812
2024-07-26,631.5,631.3585205078125
2024-07-29,626.75,626.609619140625
2024-07-30,625.5,625.3599243164062
2024-07-31,633.25,633.108154296875
2024-08-01,632.5,632.3582763671875
2024-08-02,624.875,624.7350463867188
2024-08-05,615.0,614.8622436523438
2024-08-06,613.5,613.362548828125
2024-08-07,630.5,630.3588256835938
2024-08-08,629.75,629.6089477539062
2024-08-09,620.75,620.6109619140625
2024-08-12,622.75,622.6105346679688
2024-08-13,630.0,629.85888671875
2024-08-14,634.0,633.8580322265625
2024-08-15,635.0,634.8577880859375
2024-08-16,629.75,629.6089477539062
2024-08-19,636.75,636.607421875
2024-08-20,628.75,628.6091918945312
2024-08-21,627.375,627.2344970703125
2024-08-22,620.25,620.111083984375
2024-08-23,628.0,627.8593139648438
2024-08-27,622.25,622.1106567382812
2024-08-28,623.875,623.7352294921875
2024-08-29,623.75,623.6102905273438
2024-08-30,623.375,623.2354125976562
2024-09-02,625.375,625.2349243164062
2024-09-03,616.875,616.73681640625
2024-09-04,617.5,617.3616943359375
2024-09-05,620.5,620.3610229492188
2024-09-06,611.5,611.363037109375
2024-09-09,612.25,612.1128540039062
2024-09-10,607.25,607.114013671875
2024-09-11,630.75,630.6087646484375
2024-09-12,627.5,627.3594360351562
2024-09-13,633.0,632.8582153320312
2024-09-16,632.0,631.8584594726562
2024-09-17,640.875,640.7314453125
2024-09-18,636.625,636.482421875
2024-09-19,633.75,633.6080932617188
2024-09-20,622.0,621.8607177734375
2024-09-23,621.0,620.8609619140625
2024-09-24,627.25,627.1095581054688
2024-09-25,623.0,622.8604736328125
2024-09-26,627.5,627.3594360351562
2024-09-27,636.5,636.357421875
2024-09-30,632.25,632.1083984375
2024-10-01,633.25,633.108154296875
2024-10-02,624.75,624.6100463867188
2024-10-03,625.5,625.3599243164062
2024-10-04,622.5,622.360595703125
2024-10-07,624.25,624.1101684570312
2024-10-08,615.375,615.2371826171875
2024-10-09,615.75,615.612060546875
2024-10-10,601.0,600.8653564453125
2024-10-11,604.125,603.9896850585938
2024-10-14,604.5,604.3646240234375
2024-10-15,592.75,592.6172485351562
2024-10-16,597.5,597.3661499023438
2024-10-17,595.5,595.3666381835938
2024-10-18,594.25,594.1168823242188
2024-10-21,590.125,589.9928588867188
2024-10-22,590.0,589.8678588867188
2024-10-23,583.125,582.994384765625
2024-10-24,581.375,581.2447509765625
2024-10-25,585.625,585.4937744140625
2024-10-28,591.25,591.1176147460938
2024-10-29,580.25,580.1200561523438
2024-10-30,579.0,578.870361328125
2024-10-31,585.0,584.8689575195312
2024-11-01,585.25,585.118896484375
2024-11-04,598.5,598.3659057617188
2024-11-05,589.5,589.367919921875
2024-11-06,555.75,555.6255493164062
2024-11-07,560.125,559.99951171875
2024-11-08,547.25,547.1273803710938
2024-11-11,552.0,551.8764038085938
2024-11-12,541.25,541.1288452148438
2024-11-13,542.5,542.3784790039062
2024-11-14,541.25,541.175048828125
2024-11-15,548.5,548.4240112304688
2024-11-18,544.75,544.674560546875
2024-11-19,544.5,544.424560546875
2024-11-20,542.0,541.9248657226562
2024-11-21,545.0,544.9244995117188
2024-11-22,549.25,549.1738891601562
2024-11-25,561.125,561.0472412109375
2024-11-26,555.75,555.6729736328125
2024-11-27,558.5,558.422607421875
2024-11-28,557.0,556.9227905273438
2024-11-29,557.0,556.9227905273438
2024-12-02,561.25,561.1722412109375
2024-12-03,556.75,556.6728515625
2024-12-04,546.5,546.4242553710938
2024-12-05,547.25,547.1741333007812
2024-12-06,543.5,543.4247436523438
2024-12-09,553.25,553.1732788085938
2024-12-10,544.625,544.549560546875
2024-12-11,540.625,540.5501098632812
2024-12-12,541.5,541.4249267578125
2024-12-13,541.0,540.925048828125
2024-12-16,534.25,534.1759033203125
2024-12-17,532.125,532.05126953125
2024-12-18,534.5,534.4259033203125
2024-12-19,525.0,524.92724609375
2024-12-20,526.0,525.9270629882812
2024-12-23,532.0,531.9263305664062
2024-12-24,535.0,534.9258422851562
2024-12-27,527.25,527.1769409179688
2024-12-30,523.5,523.4274291992188
2024-12-31,530.25,530.176513671875
2025-01-02,539.5,539.4252319335938
2025-01-03,539.75,539.6752319335938
2025-01-06,544.25,544.1746215820312
2025-01-07,546.625,546.5492553710938
2025-01-08,538.0,537.9254150390625
2025-01-09,538.0,537.9254150390625
2025-01-10,527.0,526.927001953125
2025-01-13,525.25,525.17724609375
2025-01-14,530.5,530.426513671875
2025-01-15,538.75,538.67529296875
2025-01-16,536.5,536.4256591796875
2025-01-17,543.0,542.9247436523438
2025-01-20,542.5,542.4248046875
2025-01-21,528.25,528.1768188476562
2025-01-22,520.25,520.1779174804688
2025-01-23,516.5,516.4284057617188
2025-01-24,515.75,515.6785278320312
2025-01-27,512.0,511.9290466308594
2025-01-28,510.0,509.9293212890625
2025-01-29,520.0,519.9279174804688
2025-01-30,527.5,527.4268798828125
2025-01-31,530.75,530.6763916015625
2025-02-03,524.75,524.6773071289062
2025-02-04,527.25,527.1769409179688
2025-02-05,529.0,528.9266967773438
2025-02-06,529.25,529.1766357421875
2025-02-07,524.0,523.9274291992188
2025-02-10,521.5,521.427734375
2025-02-11,518.25,518.1781616210938
2025-02-12,513.75,513.6788330078125
2025-02-13,513.75,513.6788330078125
2025-02-14,515.25,515.1785888671875
2025-02-17,514.5,514.4286499023438
2025-02-18,517.75,517.6782836914062
2025-02-19,524.875,524.8023071289062
2025-02-20,519.5,519.427978515625
2025-02-21,518.875,518.8031005859375
2025-02-24,520.5,520.4279174804688
2025-02-25,521.625,521.552734375
2025-02-26,530.0,529.926513671875
2025-02-27,517.5,517.4283447265625
2025-02-28,509.5,509.42938232421875
2025-03-03,502.5,502.4303894042969
2025-03-04,496.3999938964844,496.3312072753906
2025-03-05,500.0,499.93072509765625
2025-03-06,503.0,502.9302978515625
2025-03-07,510.0,509.9293212890625
2025-03-10,514.75,514.6786499023438
2025-03-11,510.75,510.67926025390625
2025-03-12,508.75,508.67950439453125
2025-03-13,510.375,510.3042907714844
2025-03-14,515.875,515.8035278320312
2025-03-17,522.375,522.3026123046875
2025-03-18,522.75,522.6775512695312
2025-03-19,524.5,524.4273071289062
2025-03-20,523.25,523.177490234375
2025-03-21,522.0,521.9276733398438
2025-03-24,519.0,518.9281005859375
2025-03-25,519.5,519.427978515625
2025-03-26,515.5,515.4285888671875
2025-03-27,513.125,513.0538940429688
2025-03-28,513.0,512.9288940429688
2025-03-31,503.75,503.68017578125
2025-04-01,509.75,509.6793518066406
2025-04-02,511.75,511.6790771484375
2025-04-03,512.0,511.9290466308594
2025-04-04,494.29998779296875,494.2314758300781
2025-04-07,484.3999938964844,484.3328552246094
2025-04-08,488.1000061035156,488.0323791503906
2025-04-09,472.29998779296875,472.2345275878906
2025-04-10,481.1000061035156,481.0333251953125
2025-04-11,484.6000061035156,484.5328674316406
2025-04-14,496.6000061035156,496.53118896484375
2025-04-15,495.29998779296875,495.23138427734375
2025-04-16,497.20001220703125,497.131103515625
2025-04-17,497.20001220703125,497.131103515625
2025-04-22,503.0,502.9302978515625
2025-04-23,499.20001220703125,499.130859375
2025-04-24,504.0,503.9301452636719
2025-04-25,508.0,507.9295959472656
2025-04-28,509.375,509.30438232421875
2025-04-29,508.75,508.67950439453125
2025-04-30,678.1599731445312,678.0659790039062
2025-05-02,682.1599731445312,682.0654296875
2025-05-06,681.6699829101562,681.5755615234375
2025-05-07,682.989990234375,682.8953247070312
2025-05-08,687.8699951171875,687.774658203125
2025-05-09,698.3900146484375,698.293212890625
2025-05-12,711.4199829101562,711.3214111328125
2025-05-13,736.719970703125,736.617919921875
2025-05-14,743.3900146484375,743.2870483398438
2025-05-15,742.530029296875,742.4552001953125
2025-05-16,739.3800048828125,739.3054809570312
2025-05-19,733.25,733.1760864257812
2025-05-20,556.75,556.6939086914062
2025-05-21,547.0,546.9448852539062
2025-05-22,529.0,528.9467163085938
2025-05-23,531.0,530.9464721679688
2025-05-27,533.25,533.1962890625
2025-05-28,530.5,530.446533203125
2025-05-29,536.75,536.6959228515625
2025-05-30,538.5,538.4457397460938
2025-06-02,531.5,531.4464111328125
2025-06-03,539.75,539.6956176757812
2025-06-04,540.5,540.445556640625
2025-06-05,540.25,540.195556640625
2025-06-06,546.25,546.1949462890625
2025-06-09,547.5,547.44482421875
2025-06-10,556.75,556.6939086914062
2025-06-11,560.875,560.8184204101562
2025-06-12,556.625,556.5689086914062
2025-06-13,555.0,554.944091796875
2025-06-16,564.25,564.1931762695312
2025-06-17,546.0,545.9449462890625
2025-06-18,548.0,547.9447631835938
2025-06-19,541.5,541.4453735351562
2025-06-20,545.25,545.1950073242188
2025-06-23,543.25,543.1952514648438
2025-06-24,547.25,547.19482421875
2025-06-25,545.75,545.6949462890625
2025-06-26,550.375,550.3195190429688
2025-06-27,549.25,549.1946411132812
2025-06-30,548.75,548.6947021484375
2025-07-01,553.75,553.6941528320312
2025-07-02,570.0,569.9425659179688
2025-07-03,584.0,583.941162109375
2025-07-04,582.0,581.9413452148438
2025-07-07,576.25,576.1919555664062
2025-07-08,572.25,572.1923217773438
2025-07-09,575.0,574.9420776367188
2025-07-10,575.25,575.1920166015625
2025-07-11,572.25,572.1923217773438
2025-07-14,574.5,574.4420776367188
2025-07-15,582.0,581.9413452148438
2025-07-16,575.0,574.9420776367188
2025-07-17,579.5,579.4415893554688
2025-07-18,584.75,584.6910400390625
2025-07-21,588.75,588.6906127929688
2025-07-22,595.25,595.1900024414062
2025-07-23,587.75,587.6907958984375
2025-07-24,595.25,595.1900024414062
2025-07-25,598.625,598.564697265625
2025-07-28,593.25,593.190185546875
2025-07-29,593.0,592.940185546875
2025-07-30,588.75,588.6906127929688
2025-07-31,586.25,586.19091796875
2025-08-01,588.0,587.9407348632812
2025-08-04,587.5,587.4407958984375
2025-08-05,588.625,588.565673828125
2025-08-06,587.5,587.4407958984375
2025-08-07,586.25,586.19091796875
2025-08-08,589.0,588.9406127929688
2025-08-11,581.75,581.6913452148438
2025-08-12,586.5,586.44091796875
2025-08-13,586.875,586.8158569335938
2025-08-14,578.75,578.691650390625
2025-08-15,587.25,587.1908569335938
2025-08-18,615.75,615.6879272460938
2025-08-19,615.5,615.43798828125
2025-08-20,615.0,614.9380493164062
2025-08-21,610.0,609.9385375976562
2025-08-22,621.75,621.6873168945312
2025-08-26,617.5,617.437744140625
2025-08-27,614.75,614.6880493164062
2025-08-28,621.75,621.6873168945312
2025-08-29,615.75,615.6879272460938
2025-09-01,611.25,611.1884155273438
2025-09-02,608.5,608.4386596679688
2025-09-03,610.75,610.6884765625
2025-09-04,612.5,612.438232421875
2025-09-05,621.5,621.4373779296875
2025-09-08,621.5,621.4373779296875
2025-09-09,615.625,615.5629272460938
2025-09-10,623.75,623.6871337890625
2025-09-11,626.625,626.5618896484375
2025-09-12,621.25,621.1873779296875
2025-09-15,626.75,626.6868286132812
2025-09-16,629.25,629.1865844726562
2025-09-17,636.75,636.685791015625
2025-09-18,639.0,638.9356079101562
2025-09-19,646.25,646.1848754882812
2025-09-22,648.5,648.4346313476562
2025-09-23,653.5,653.4341430664062
2025-09-24,653.25,653.1841430664062
2025-09-25,651.25,651.184326171875
2025-09-26,650.75,650.6843872070312
2025-09-29,660.75,660.6834106445312
2025-09-30,656.75,656.683837890625
2025-10-01,672.25,672.1822509765625
2025-10-02,680.0,679.9314575195312
2025-10-03,688.25,688.1806640625
2025-10-06,690.5,690.4303588867188
2025-10-07,683.25,683.18115234375
2025-10-08,687.25,687.1807250976562
2025-10-09,699.5,699.4295043945312
2025-10-10,686.25,686.1807861328125
2025-10-13,709.75,709.678466796875
2025-10-14,706.5,706.4287719726562
2025-10-15,722.25,722.1771850585938
2025-10-16,728.75,728.6765747070312
2025-10-17,710.75,710.6783447265625
2025-10-20,719.0,718.9275512695312
2025-10-21,704.25,704.1790161132812
2025-10-22,689.5,689.4305419921875
2025-10-23,701.5,701.4293212890625
2025-10-27,718.5,718.4275512695312
2025-10-28,736.75,736.6757202148438
2025-10-29,763.0,762.923095703125
2025-10-30,753.0,752.924072265625
2025-10-31,750.0,749.9243774414062
2025-11-03,772.5,772.422119140625
2025-11-04,770.5,770.42236328125
2025-11-05,795.0,794.919921875
2025-11-06,782.0,781.9212036132812
2025-11-07,756.25,756.173828125
2025-11-10,780.0,779.92138671875
2025-11-11,776.25,776.1717529296875
2025-11-12,771.5,771.4222412109375
2025-11-13,734.25,734.238525390625
2025-11-14,746.25,746.2383422851562
2025-11-17,737.25,737.2384643554688
2025-11-18,726.0,725.9886474609375
2025-11-19,726.75,726.7386474609375
2025-11-20,721.25,721.2387084960938
2025-11-21,695.0,694.9891357421875
2025-11-24,708.0,707.9889526367188
2025-11-25,708.0,707.9889526367188
2025-11-26,717.5,717.48876953125
2025-11-27,722.75,722.7387084960938
2025-11-28,732.25,732.2385864257812
2025-12-01,717.75,717.73876953125
2025-12-02,721.25,721.2387084960938
2025-12-03,711.0,710.9888916015625
2025-12-04,720.25,720.23876953125
2025-12-05,725.0,724.9887084960938
2025-12-08,715.5,715.4888305664062
2025-12-09,720.25,720.23876953125
2025-12-10,711.75,711.7388916015625
2025-12-11,716.0,715.9888305664062
2025-12-12,708.0,707.9889526367188
2025-12-15,711.25,711.2388916015625
2025-12-16,695.5,695.4891357421875
2025-12-17,688.75,688.7392578125
2025-12-18,699.5,699.4890747070312
2025-12-19,708.75,708.7389526367188
2025-12-22,710.25,710.2388916015625
2025-12-23,702.25,702.239013671875
2025-12-24,706.0,705.9889526367188
2025-12-29,706.25,706.2389526367188
2025-12-30,708.0,707.9889526367188
2025-12-31,701.75,701.739013671875
2026-01-02,727.0,726.9886474609375
2026-01-05,721.25,721.2387084960938
2026-01-06,727.5,727.4886474609375
2026-01-07,729.25,729.2385864257812
2026-01-08,736.25,736.238525390625
2026-01-09,739.25,739.2384643554688
2026-01-12,747.5,747.4883422851562
2026-01-13,755.5,755.4882202148438
2026-01-14,748.5,748.48828125
2026-01-15,756.75,756.7381591796875
2026-01-16,760.5,760.4880981445312
2026-01-19,752.25,752.23828125
2026-01-20,747.0,746.9883422851562
2026-01-21,756.25,756.2382202148438
2026-01-22,772.75,772.7379150390625
2026-01-23,776.0,775.9878540039062
2026-01-26,767.25,767.238037109375
2026-01-27,776.5,776.4878540039062
2026-01-28,789.0,788.9876708984375
2026-01-29,767.0,766.988037109375
2026-01-30,765.25,765.238037109375
2026-02-02,762.25,762.2380981445312
2026-02-03,786.25,786.2377319335938
2026-02-04,788.5,788.4876708984375
2026-02-05,777.25,777.2378540039062
2026-02-06,782.25,782.23779296875
2026-02-09,801.0,800.9874877929688
2026-02-10,800.5,800.4874877929688
2026-02-11,794.75,794.7376098632812
2026-02-12,779.0,778.9878540039062
2026-02-13,779.75,779.73779296875
2026-02-16,777.75,777.7378540039062
2026-02-17,791.0,790.9876708984375
2026-02-18,807.25,807.2373657226562
2026-02-19,807.0,806.9874267578125
2026-02-20,806.0,805.9874267578125
2026-02-23,801.5,801.4874877929688
2026-02-24,819.25,819.2371826171875
2026-02-25,817.0,816.9872436523438
2026-02-26,797.5,797.487548828125
2026-02-27,785.0,784.9877319335938
2026-03-02,779.0,778.9878540039062
2026-03-03,758.25,758.2381591796875
2026-03-04,772.5,772.4879150390625
2026-03-05,765.75,765.738037109375
2026-03-09,760.75,760.7380981445312
2026-03-10,785.0,784.9877319335938
2026-03-11,795.25,795.2376098632812
2026-03-12,799.25,799.237548828125
2026-03-13,799.25,799.237548828125
2026-03-16,796.5,796.487548828125
2026-03-17,803.5,803.4874267578125
2026-03-18,799.5,799.4874877929688
2026-03-19,791.5,791.4876098632812
2026-03-20,792.5,792.4876098632812
2026-03-23,777.0,776.9878540039062
2026-03-24,785.0,784.9877319335938
2026-03-25,808.75,808.7373657226562
2026-03-26,787.5,787.4877319335938
2026-03-27,780.0,779.98779296875
2026-03-30,770.25,770.2379760742188
2026-03-31,778.0,777.9878540039062
2026-04-01,796.0,795.987548828125
2026-04-02,789.0,788.9876708984375
2026-04-07,766.0,765.988037109375
2026-04-08,793.0,792.9876098632812
2026-04-09,803.75,803.7374267578125
2026-04-10,810.75,810.7373657226562
2026-04-13,806.75,806.7374267578125
2026-04-14,834.75,834.7369384765625
2026-04-15,837.75,837.7369384765625
2026-04-16,825.0,824.9871215820312
2026-04-17,823.25,823.2371215820312
2026-04-20,830.25,830.237060546875
2026-04-21,839.0,838.9868774414062
2026-04-22,846.25,846.2367553710938
2026-04-23,861.25,861.236572265625
2026-04-24,852.0,851.9866943359375
2026-04-27,849.5,849.4867553710938
2026-04-28,841.75,841.7368774414062
2026-04-29,861.5,861.486572265625
2026-04-30,869.75,869.7363891601562
2026-05-01,883.25,883.2362060546875
2026-05-05,900.5,900.4859619140625
2026-05-06,896.25,896.2360229492188
2026-05-07,888.5,888.4861450195312
2026-05-08,885.0,884.9862060546875
2026-05-11,925.0,924.9855346679688
2026-05-12,900.75,900.7359619140625
2026-05-13,937.25,937.2353515625
2026-05-14,934.25,934.2354125976562
2026-05-15,935.25,935.2354125976562
2026-05-18,915.0,914.9857177734375
2026-05-19,894.25,894.2360229492188
2026-05-20,916.0,915.9857177734375
2026-05-21,938.75,938.75
2026-05-22,958.5,958.5
2026-05-26,977.75,977.75
2026-05-27,991.25,991.25
2026-05-28,997.25,997.25
2026-05-29,1000.0,1000.0
2026-06-01,983.25,983.25
2026-06-02,1005.5,1005.5
2026-06-03,994.0,994.0
2026-06-04,974.0,974.0
2026-06-05,934.25,934.25
2026-06-08,917.0,917.0
2026-06-09,879.25,879.25
2026-06-10,855.0,855.0
2026-06-11,872.5,872.5
2026-06-12,896.25,896.25
2026-06-15,898.5,898.5
2026-06-16,907.5,907.5
2026-06-17,897.5,897.5
2026-06-18,910.75,910.75
2026-06-19,925.0,925.0
2026-06-22,938.25,938.25
2026-06-23,908.25,908.25
2026-06-24,910.25,910.25
2026-06-25,878.5,878.5
2026-06-26,858.75,858.75
2026-06-29,853.0,853.0
2026-06-30,882.25,882.25
2026-07-01,895.5,895.5
2026-07-02,859.5,859.5
2026-07-03,864.25,864.25
2026-07-06,872.0,872.0
2026-07-07,828.75,828.75
2026-07-08,809.0,809.0
2026-07-09,833.0,833.0
2026-07-10,823.25,823.25
2026-07-13,812.5,812.5
2026-07-14,821.25,821.25
2026-07-15,811.0,811.0
2026-07-16,797.75,797.75
2026-07-17,783.5,783.5
2026-07-20,782.75,782.75
2026-07-21,798.0,798.0
2026-07-22,803.5,803.5
2026-07-23,791.75,791.75
2026-07-24,779.0,779.0
2026-07-27,759.5,759.5
2026-07-28,746.75,746.75
2026-07-29,735.75,735.75
2026-07-30,754.0,754.0
2026-07-31,751.0,751.0
2026-08-03,770.75,770.75
2026-08-04,789.0,789.0
2026-08-05,780.5,780.5
2026-08-06,782.25,782.25
2026-08-07,779.5,779.5
2026-08-10,768.0,768.0
2026-08-11,777.5,777.5
2026-08-12,787.25,787.25
2026-08-13,782.0,782.0
2026-08-14,774.5,774.5
2026-08-17,771.5,771.5
2026-08-18,752.5,752.5
2026-08-19,749.5,749.5
2026-08-20,743.75,743.75
2026-08-21,745.5,745.5
2026-08-24,738.25,738.25
2026-08-25,745.75,745.75
2026-08-26,744.75,744.75
2026-08-27,756.5,756.5
2026-08-28,746.75,746.75
2026-09-01,733.25,733.25
2026-09-02,734.0,734.0
2026-09-03,748.75,748.75
2026-09-04,753.5,753.5
2026-09-07,761.25,761.25
2026-09-08,780.0,780.0
2026-09-09,762.5,762.5
2026-09-10,758.25,758.25
2026-09-11,767.0,767.0
2026-09-14,749.5,749.5
2026-09-15,746.25,746.25
2026-09-16,745.75,745.75
2026-09-17,764.5,764.5
2026-09-18,749.75,749.75
2026-09-21,762.0,762.0
2026-09-22,767.75,767.75
2026-09-23,762.25,762.25
2026-09-24,733.5,733.5
2026-09-25,744.5,744.5
2026-09-28,728.25,728.25
2026-09-29,736.5,736.5
2026-09-30,740.25,740.25
2026-10-01,728.75,728.75
2026-10-02,745.5,745.5
