Date,Close,Adj Close
2010-01-04,27.719999313354492,21.48577308654785
2010-01-05,27.889999389648438,21.617530822753906
2010-01-06,28.06999969482422,21.757057189941406
2010-01-07,27.950000762939453,21.664043426513672
2010-01-08,27.959999084472656,21.671794891357422
2010-01-11,27.700000762939453,21.47026824951172
2010-01-12,27.399999618530273,21.237743377685547
2010-01-13,27.3799991607666,21.22223472595215
2010-01-14,27.469999313354492,21.291988372802734
2010-01-15,27.350000381469727,21.198986053466797
2010-01-18,27.690000534057617,21.4625186920166
2010-01-19,27.969999313354492,21.679542541503906
2010-01-20,27.579999923706055,21.377260208129883
2010-01-21,27.110000610351562,21.012956619262695
2010-01-22,26.559999465942383,20.586658477783203
2010-01-25,26.350000381469727,20.42388153076172
2010-01-26,26.149999618530273,20.268871307373047
2010-01-27,25.709999084472656,19.927814483642578
2010-01-28,25.81999969482422,20.01307487487793
2010-01-29,26.260000228881836,20.354124069213867
2010-02-01,26.389999389648438,20.454885482788086
2010-02-02,26.5,20.54014778137207
2010-02-03,26.670000076293945,20.67191505432129
2010-02-04,26.010000228881836,20.160350799560547
2010-02-05,25.350000381469727,19.648792266845703
2010-02-08,25.610000610351562,19.850311279296875
2010-02-09,25.770000457763672,19.974327087402344
2010-02-10,25.8799991607666,20.05958366394043
2010-02-11,26.43000030517578,20.48589515686035
2010-02-12,26.260000228881836,20.354124069213867
2010-02-15,26.530000686645508,20.56340217590332
2010-02-16,26.809999465942383,20.780431747436523
2010-02-17,27.040000915527344,20.958707809448242
2010-02-18,27.260000228881836,21.12922477722168
2010-02-19,27.440000534057617,21.268741607666016
2010-02-22,27.209999084472656,21.090469360351562
2010-02-23,26.969999313354492,20.904441833496094
2010-02-24,26.940000534057617,20.881189346313477
2010-02-25,26.469999313354492,20.51689338684082
2010-02-26,26.799999237060547,20.77267837524414
2010-03-01,27.6299991607666,21.416013717651367
2010-03-02,27.899999618530273,21.625289916992188
2010-03-03,27.829999923706055,21.57103729248047
2010-03-04,27.690000534057617,21.4625186920166
2010-03-05,28.260000228881836,21.90432357788086
2010-03-08,28.440000534057617,22.043846130371094
2010-03-09,28.639999389648438,22.198862075805664
2010-03-10,28.65999984741211,22.214357376098633
2010-03-11,28.43000030517578,22.036094665527344
2010-03-12,28.31999969482422,21.950830459594727
2010-03-15,28.110000610351562,21.78806495666504
2010-03-16,28.299999237060547,21.93532943725586
2010-03-17,28.709999084472656,22.253114700317383
2010-03-18,28.75,22.28412437438965
2010-03-19,28.6299991607666,22.19111442565918
2010-03-22,28.6200008392334,22.183359146118164
2010-03-23,28.75,22.28412437438965
2010-03-24,28.979999542236328,22.4623966217041
2010-03-25,29.1299991607666,22.57866096496582
2010-03-26,28.729999542236328,22.26862907409668
2010-03-29,29.09000015258789,22.547658920288086
2010-03-30,29.31999969482422,22.725933074951172
2010-03-31,29.219999313354492,22.648422241210938
2010-04-01,29.790000915527344,23.090234756469727
2010-04-06,30.649999618530273,23.75681495666504
2010-04-07,30.639999389648438,23.749069213867188
2010-04-08,30.389999389648438,23.555286407470703
2010-04-09,30.479999542236328,23.62504768371582
2010-04-12,30.100000381469727,23.330507278442383
2010-04-13,29.850000381469727,23.136737823486328
2010-04-14,30.1200008392334,23.34601402282715
2010-04-15,30.31999969482422,23.50102996826172
2010-04-16,29.6200008392334,22.958463668823242
2010-04-19,29.31999969482422,22.725933074951172
2010-04-20,29.8700008392334,23.15223503112793
2010-04-21,29.829999923706055,23.12122917175293
2010-04-22,29.809999465942383,23.105728149414062
2010-04-23,30.059999465942383,23.29949378967285
2010-04-26,30.469999313354492,23.617294311523438
2010-04-27,29.770000457763672,23.07472801208496
2010-04-28,29.65999984741211,22.989465713500977
2010-04-29,30.18000030517578,23.39252471923828
2010-04-30,30.040000915527344,23.283998489379883
2010-05-03,29.979999542236328,23.237497329711914
2010-05-04,29.360000610351562,22.756933212280273
2010-05-05,29.31999969482422,22.725933074951172
2010-05-06,28.899999618530273,22.400390625
2010-05-07,28.190000534057617,21.85006332397461
2010-05-10,29.670000076293945,22.997215270996094
2010-05-11,29.790000915527344,23.090234756469727
2010-05-12,30.049999237060547,23.29175567626953
2010-05-13,30.329999923706055,23.508785247802734
2010-05-14,29.790000915527344,23.090234756469727
2010-05-17,29.719999313354492,23.035966873168945
2010-05-18,30.0,23.25299644470215
2010-05-19,28.780000686645508,22.30738067626953
2010-05-20,27.780000686645508,21.53227996826172
2010-05-21,27.760000228881836,21.516773223876953
2010-05-24,28.3799991607666,21.997333526611328
2010-05-25,27.309999465942383,21.167978286743164
2010-05-26,28.350000381469727,21.974088668823242
2010-05-27,28.93000030517578,22.423643112182617
2010-05-28,28.81999969482422,22.33837890625
2010-05-31,29.360000610351562,22.756933212280273
2010-06-01,29.09000015258789,22.547658920288086
2010-06-02,29.229999542236328,22.65617561340332
2010-06-03,29.579999923706055,22.92745590209961
2010-06-04,29.399999618530273,22.78793716430664
2010-06-07,29.190000534057617,22.62517547607422
2010-06-08,29.020000457763672,22.493398666381836
2010-06-09,29.579999923706055,22.92745590209961
2010-06-10,29.6299991607666,22.96621322631836
2010-06-11,29.84000015258789,23.128976821899414
2010-06-14,30.049999237060547,23.29175567626953
2010-06-15,29.959999084472656,23.221996307373047
2010-06-16,30.260000228881836,23.45452117919922
2010-06-17,30.06999969482422,23.307262420654297
2010-06-18,30.31999969482422,23.50102996826172
2010-06-21,31.0,24.028099060058594
2010-06-22,30.969999313354492,24.004854202270508
2010-06-23,30.5,23.640552520751953
2010-06-24,30.0,23.25299644470215
2010-06-25,30.030000686645508,23.2762508392334
2010-06-28,30.299999237060547,23.48552703857422
2010-06-29,29.510000228881836,22.873197555541992
2010-06-30,29.329999923706055,22.733680725097656
2010-07-01,28.260000228881836,21.90432357788086
2010-07-02,28.290000915527344,21.92757797241211
2010-07-05,28.520000457763672,22.105857849121094
2010-07-06,29.020000457763672,22.493398666381836
2010-07-07,29.06999969482422,22.53215217590332
2010-07-08,29.170000076293945,22.609668731689453
2010-07-09,29.649999618530273,22.98171615600586
2010-07-12,29.68000030517578,23.004972457885742
2010-07-13,29.770000457763672,23.07472801208496
2010-07-14,29.6200008392334,22.958463668823242
2010-07-15,28.969999313354492,22.454647064208984
2010-07-16,28.540000915527344,22.121356964111328
2010-07-19,28.489999771118164,22.082595825195312
2010-07-20,28.979999542236328,22.4623966217041
2010-07-21,29.559999465942383,22.911956787109375
2010-07-22,29.8799991607666,23.159988403320312
2010-07-23,30.040000915527344,23.283998489379883
2010-07-26,30.040000915527344,23.283998489379883
2010-07-27,29.989999771118164,23.245248794555664
2010-07-28,29.8700008392334,23.15223503112793
2010-07-29,29.729999542236328,23.043716430664062
2010-07-30,29.93000030517578,23.19873809814453
2010-08-02,30.510000228881836,23.648298263549805
2010-08-03,30.25,23.44677734375
2010-08-04,30.3700008392334,23.539783477783203
2010-08-05,30.260000228881836,23.45452117919922
2010-08-06,29.780000686645508,23.082473754882812
2010-08-09,30.309999465942383,23.493276596069336
2010-08-10,30.06999969482422,23.307262420654297
2010-08-11,29.799999237060547,23.097976684570312
2010-08-12,29.8799991607666,23.159988403320312
2010-08-13,30.139999389648438,23.361507415771484
2010-08-16,30.200000762939453,23.408021926879883
2010-08-17,30.56999969482422,23.694801330566406
2010-08-18,30.450000762939453,23.601789474487305
2010-08-19,30.280000686645508,23.470022201538086
2010-08-20,30.479999542236328,23.62504768371582
2010-08-23,30.600000381469727,23.718059539794922
2010-08-24,30.209999084472656,23.415767669677734
2010-08-25,29.579999923706055,22.92745590209961
2010-08-26,29.719999313354492,23.035966873168945
2010-08-27,29.729999542236328,23.043716430664062
2010-08-30,29.860000610351562,23.14448356628418
2010-08-31,29.809999465942383,23.105728149414062
2010-09-01,30.459999084472656,23.609546661376953
2010-09-02,30.31999969482422,23.50102996826172
2010-09-03,30.600000381469727,23.718059539794922
2010-09-06,30.649999618530273,23.75681495666504
2010-09-07,30.770000457763672,23.849822998046875
2010-09-08,30.93000030517578,23.973840713500977
2010-09-09,31.1200008392334,24.121112823486328
2010-09-10,31.170000076293945,24.159868240356445
2010-09-13,31.520000457763672,24.431148529052734
2010-09-14,31.440000534057617,24.369142532348633
2010-09-15,31.18000030517578,24.16761589050293
2010-09-16,30.920000076293945,23.96608543395996
2010-09-17,31.0,24.028099060058594
2010-09-20,31.34000015258789,24.291627883911133
2010-09-21,31.139999389648438,24.13661766052246
2010-09-22,30.639999389648438,23.749069213867188
2010-09-23,30.899999618530273,23.950586318969727
2010-09-24,30.790000915527344,23.865331649780273
2010-09-27,30.799999237060547,23.87307357788086
2010-09-28,30.729999542236328,23.818822860717773
2010-09-29,30.799999237060547,23.87307357788086
2010-09-30,30.899999618530273,23.950586318969727
2010-10-01,30.940000534057617,23.98159408569336
2010-10-04,31.030000686645508,24.051355361938477
2010-10-05,31.209999084472656,24.19086456298828
2010-10-06,31.280000686645508,24.245126724243164
2010-10-07,30.969999313354492,24.004854202270508
2010-10-08,31.100000381469727,24.105606079101562
2010-10-11,31.260000228881836,24.22962760925293
2010-10-12,31.200000762939453,24.183122634887695
2010-10-13,31.549999237060547,24.45439910888672
2010-10-14,31.389999389648438,24.330379486083984
2010-10-15,31.3700008392334,24.31488800048828
2010-10-18,31.350000381469727,24.299381256103516
2010-10-19,31.219999313354492,24.198617935180664
2010-10-20,31.139999389648438,24.13661766052246
2010-10-21,31.18000030517578,24.16761589050293
2010-10-22,31.18000030517578,24.16761589050293
2010-10-25,31.440000534057617,24.369142532348633
2010-10-26,31.530000686645508,24.43889617919922
2010-10-27,31.100000381469727,24.105606079101562
2010-10-28,31.149999618530273,24.144367218017578
2010-10-29,31.229999542236328,24.206377029418945
2010-11-01,31.700000762939453,24.570663452148438
2010-11-02,31.670000076293945,24.547422409057617
2010-11-03,31.690000534057617,24.56291961669922
2010-11-04,32.09000015258789,24.872957229614258
2010-11-05,32.470001220703125,25.16750144958496
2010-11-08,32.66999816894531,25.322505950927734
2010-11-09,32.959999084472656,25.54729461669922
2010-11-10,32.84000015258789,25.45428466796875
2010-11-11,32.83000183105469,25.446533203125
2010-11-12,32.22999954223633,24.981468200683594
2010-11-15,32.459999084472656,25.15974235534668
2010-11-16,31.760000228881836,24.61717987060547
2010-11-17,31.889999389648438,24.717937469482422
2010-11-18,32.349998474121094,25.074480056762695
2010-11-19,32.11000061035156,24.888458251953125
2010-11-22,32.119998931884766,24.896211624145508
2010-11-23,31.709999084472656,24.578418731689453
2010-11-24,32.220001220703125,24.973722457885742
2010-11-25,32.400001525878906,25.11324119567871
2010-11-26,32.060001373291016,24.849706649780273
2010-11-29,32.209999084472656,24.965970993041992
2010-11-30,32.41999816894531,25.12873649597168
2010-12-01,33.20000076293945,25.733322143554688
2010-12-02,33.459999084472656,25.934846878051758
2010-12-03,33.130001068115234,25.679059982299805
2010-12-06,33.380001068115234,25.872838973999023
2010-12-07,33.5099983215332,25.973602294921875
2010-12-08,33.16999816894531,25.710067749023438
2010-12-09,33.27000045776367,25.787580490112305
2010-12-10,33.189998626708984,25.725566864013672
2010-12-13,33.13999938964844,25.686811447143555
2010-12-14,33.2599983215332,25.779817581176758
2010-12-15,33.08000183105469,25.64031219482422
2010-12-16,33.15999984741211,25.702316284179688
2010-12-17,33.27000045776367,25.787580490112305
2010-12-20,33.400001525878906,25.888336181640625
2010-12-21,33.86000061035156,26.24488067626953
2010-12-22,33.970001220703125,26.330148696899414
2010-12-23,33.939998626708984,26.306888580322266
2010-12-27,33.84000015258789,26.229381561279297
2010-12-28,33.95000076293945,26.31464385986328
2010-12-29,34.2400016784668,26.53942108154297
2010-12-30,34.11000061035156,26.43865394592285
2011-01-03,34.63999938964844,26.849462509155273
2011-01-04,34.5,26.740951538085938
2011-01-05,35.060001373291016,27.175004959106445
2011-01-06,35.099998474121094,27.20599365234375
2011-01-07,34.88999938964844,27.043241500854492
2011-01-10,34.540000915527344,26.771953582763672
2011-01-11,34.90999984741211,27.05873680114746
2011-01-12,35.34000015258789,27.39203643798828
2011-01-13,34.439998626708984,26.694448471069336
2011-01-14,34.369998931884766,26.64017677307129
2011-01-17,34.36000061035156,26.6324405670166
2011-01-18,34.2400016784668,26.53942108154297
2011-01-19,33.88999938964844,26.26813507080078
2011-01-20,33.33000183105469,25.834081649780273
2011-01-21,33.04999923706055,25.617055892944336
2011-01-24,32.79999923706055,25.423274993896484
2011-01-25,32.630001068115234,25.29151153564453
2011-01-26,32.81999969482422,25.43878173828125
2011-01-27,32.66999816894531,25.322505950927734
2011-01-28,32.27000045776367,25.012479782104492
2011-01-31,32.119998931884766,24.896211624145508
2011-02-01,32.369998931884766,25.089984893798828
2011-02-02,32.52000045776367,25.206249237060547
2011-02-03,32.650001525878906,25.307024002075195
2011-02-04,32.7400016784668,25.37677574157715
2011-02-07,32.93000030517578,25.524036407470703
2011-02-08,32.380001068115234,25.09774398803711
2011-02-09,31.790000915527344,24.640430450439453
2011-02-10,31.510000228881836,24.423397064208984
2011-02-11,31.90999984741211,24.733442306518555
2011-02-14,32.13999938964844,24.911710739135742
2011-02-15,32.099998474121094,24.88071060180664
2011-02-16,32.16999816894531,24.93496322631836
2011-02-17,32.099998474121094,24.88071060180664
2011-02-18,32.310001373291016,25.043481826782227
2011-02-21,32.08000183105469,24.86521339416504
2011-02-22,31.639999389648438,24.524152755737305
2011-02-23,31.1299991607666,24.128854751586914
2011-02-24,30.899999618530273,23.950586318969727
2011-02-25,31.34000015258789,24.291627883911133
2011-02-28,31.479999542236328,24.4001522064209
2011-03-01,31.540000915527344,24.4466552734375
2011-03-02,31.43000030517578,24.361392974853516
2011-03-03,31.739999771118164,24.6016788482666
2011-03-04,31.81999969482422,24.663679122924805
2011-03-07,31.579999923706055,24.477663040161133
2011-03-08,32.16999816894531,24.93496322631836
2011-03-09,32.04999923706055,24.841949462890625
2011-03-10,31.649999618530273,24.53191375732422
2011-03-11,31.389999389648438,24.330379486083984
2011-03-14,31.200000762939453,24.183122634887695
2011-03-15,30.459999084472656,23.609546661376953
2011-03-16,30.520000457763672,23.656055450439453
2011-03-17,30.479999542236328,23.62504768371582
2011-03-18,30.3700008392334,23.539783477783203
2011-03-21,30.790000915527344,23.865331649780273
2011-03-22,30.899999618530273,23.950586318969727
2011-03-23,31.350000381469727,24.299381256103516
2011-03-24,31.639999389648438,24.524152755737305
2011-03-25,32.0099983215332,24.81094741821289
2011-03-28,31.860000610351562,24.694686889648438
2011-03-29,32.09000015258789,24.872957229614258
2011-03-30,32.45000076293945,25.151988983154297
2011-03-31,32.439998626708984,25.144241333007812
2011-04-01,33.08000183105469,25.64031219482422
2011-04-04,33.189998626708984,25.725566864013672
2011-04-05,33.2599983215332,25.779817581176758
2011-04-06,33.209999084472656,25.74106216430664
2011-04-07,33.06999969482422,25.632556915283203
2011-04-08,32.959999084472656,25.54729461669922
2011-04-11,32.779998779296875,25.407777786254883
2011-04-12,32.040000915527344,24.834205627441406
2011-04-13,32.27000045776367,25.012479782104492
2011-04-14,32.189998626708984,24.950469970703125
2011-04-15,32.279998779296875,25.02022933959961
2011-04-18,32.060001373291016,24.849706649780273
2011-04-19,32.20000076293945,24.958215713500977
2011-04-20,32.63999938964844,25.299266815185547
2011-04-21,32.72999954223633,25.369028091430664
2011-04-26,32.650001525878906,25.307024002075195
2011-04-27,32.2400016784668,24.98921775817871
2011-04-28,32.0099983215332,24.81094741821289
2011-04-29,32.040000915527344,24.834205627441406
2011-05-02,32.2400016784668,24.98921775817871
2011-05-03,31.510000228881836,24.423397064208984
2011-05-04,30.940000534057617,23.98159408569336
2011-05-05,31.25,24.22187042236328
2011-05-06,31.979999542236328,24.78769874572754
2011-05-09,32.06999969482422,24.85745620727539
2011-05-10,32.220001220703125,24.973722457885742
2011-05-11,32.13999938964844,24.911710739135742
2011-05-12,31.8799991607666,24.710186004638672
2011-05-13,31.709999084472656,24.578418731689453
2011-05-16,31.690000534057617,24.56291961669922
2011-05-17,31.440000534057617,24.369142532348633
2011-05-18,31.850000381469727,24.686931610107422
2011-05-19,31.760000228881836,24.61717987060547
2011-05-20,31.799999237060547,24.648174285888672
2011-05-23,31.350000381469727,24.299381256103516
2011-05-24,31.549999237060547,24.45439910888672
2011-05-25,31.43000030517578,24.361392974853516
2011-05-26,31.56999969482422,24.46990966796875
2011-05-27,31.780000686645508,24.63267707824707
2011-05-30,31.760000228881836,24.61717987060547
2011-05-31,31.969999313354492,24.77994155883789
2011-06-01,31.81999969482422,24.663679122924805
2011-06-02,31.520000457763672,24.431148529052734
2011-06-03,31.270000457763672,24.237369537353516
2011-06-06,31.059999465942383,24.07460594177246
2011-06-07,31.020000457763672,24.043601989746094
2011-06-08,30.940000534057617,23.98159408569336
2011-06-09,31.1299991607666,24.128854751586914
2011-06-10,30.860000610351562,23.919584274291992
2011-06-13,30.899999618530273,23.950586318969727
2011-06-14,31.010000228881836,24.035850524902344
2011-06-15,31.059999465942383,24.07460594177246
2011-06-16,31.0,24.028099060058594
2011-06-17,30.649999618530273,23.75681495666504
2011-06-20,30.420000076293945,23.578535079956055
2011-06-21,30.739999771118164,23.826566696166992
2011-06-22,30.690000534057617,23.78782081604004
2011-06-23,30.549999237060547,23.679306030273438
2011-06-24,30.899999618530273,23.950586318969727
2011-06-27,30.799999237060547,23.87307357788086
2011-06-28,30.950000762939453,23.989343643188477
2011-06-29,31.219999313354492,24.198617935180664
2011-06-30,31.399999618530273,24.338144302368164
2011-07-01,31.719999313354492,24.58616828918457
2011-07-04,31.940000534057617,24.756696701049805
2011-07-05,31.899999618530273,24.72568702697754
2011-07-06,32.02000045776367,24.818700790405273
2011-07-07,32.349998474121094,25.074480056762695
2011-07-08,32.119998931884766,24.896211624145508
2011-07-11,32.029998779296875,24.826446533203125
2011-07-12,31.84000015258789,24.679182052612305
2011-07-13,31.93000030517578,24.748943328857422
2011-07-14,31.610000610351562,24.500913619995117
2011-07-15,31.68000030517578,24.555171966552734
2011-07-18,31.399999618530273,24.338144302368164
2011-07-19,31.440000534057617,24.369142532348633
2011-07-20,31.709999084472656,24.578418731689453
2011-07-21,31.600000381469727,24.49315643310547
2011-07-22,31.719999313354492,24.58616828918457
2011-07-25,31.729999542236328,24.59391975402832
2011-07-26,31.43000030517578,24.361392974853516
2011-07-27,31.360000610351562,24.307130813598633
2011-07-28,31.610000610351562,24.500913619995117
2011-07-29,31.34000015258789,24.291627883911133
2011-08-01,31.610000610351562,24.500913619995117
2011-08-02,31.139999389648438,24.13661766052246
2011-08-03,30.200000762939453,23.408021926879883
2011-08-04,29.360000610351562,22.756933212280273
2011-08-05,28.260000228881836,21.90432357788086
2011-08-08,27.049999237060547,20.966453552246094
2011-08-09,26.790000915527344,20.764925003051758
2011-08-10,26.399999618530273,20.462636947631836
2011-08-11,27.200000762939453,21.082714080810547
2011-08-12,27.6200008392334,21.408254623413086
2011-08-15,27.719999313354492,21.48577308654785
2011-08-16,27.790000915527344,21.540027618408203
2011-08-17,27.790000915527344,21.540027618408203
2011-08-18,26.81999969482422,20.788179397583008
2011-08-19,26.479999542236328,20.524646759033203
2011-08-22,26.290000915527344,20.377378463745117
2011-08-23,26.549999237060547,20.57890510559082
2011-08-24,26.510000228881836,20.547901153564453
2011-08-25,26.270000457763672,20.361873626708984
2011-08-26,26.329999923706055,20.40838623046875
2011-08-29,27.0,20.92770004272461
2011-08-30,27.440000534057617,21.268741607666016
2011-08-31,27.940000534057617,21.65629768371582
2011-09-01,28.479999542236328,22.074848175048828
2011-09-02,27.889999389648438,21.617530822753906
2011-09-05,27.1200008392334,21.02071189880371
2011-09-06,27.3799991607666,21.22223472595215
2011-09-07,28.139999389648438,21.811315536499023
2011-09-08,28.31999969482422,21.950830459594727
2011-09-09,27.860000610351562,21.594282150268555
2011-09-12,27.450000762939453,21.276493072509766
2011-09-13,27.260000228881836,21.12922477722168
2011-09-14,27.079999923706055,20.989704132080078
2011-09-15,27.270000457763672,21.13697624206543
2011-09-16,27.56999969482422,21.3695068359375
2011-09-19,26.959999084472656,20.896697998046875
2011-09-20,27.309999465942383,21.167978286743164
2011-09-21,26.579999923706055,20.602161407470703
2011-09-22,25.059999465942383,19.42400550842285
2011-09-23,24.989999771118164,19.3697509765625
2011-09-26,24.850000381469727,19.26123046875
2011-09-27,26.270000457763672,20.361873626708984
2011-09-28,25.760000228881836,19.966575622558594
2011-09-29,25.700000762939453,19.920066833496094
2011-09-30,25.510000228881836,19.772802352905273
2011-10-04,24.290000915527344,18.827180862426758
2011-10-05,24.8799991607666,19.284488677978516
2011-10-06,25.399999618530273,19.68753433227539
2011-10-07,25.700000762939453,19.920066833496094
2011-10-10,26.020000457763672,20.1680965423584
2011-10-11,26.299999237060547,20.3851261138916
2011-10-12,26.790000915527344,20.764925003051758
2011-10-13,26.360000610351562,20.4316349029541
2011-10-14,26.639999389648438,20.64866065979004
2011-10-17,26.559999465942383,20.586658477783203
2011-10-18,26.31999969482422,20.400634765625
2011-10-19,26.690000534057617,20.68741798400879
2011-10-20,25.860000610351562,20.044084548950195
2011-10-21,26.350000381469727,20.42388153076172
2011-10-24,27.190000534057617,21.074968338012695
2011-10-25,26.950000762939453,20.888948440551758
2011-10-26,27.139999389648438,21.036209106445312
2011-10-27,27.979999542236328,21.687299728393555
2011-10-28,28.329999923706055,21.958581924438477
2011-10-31,27.829999923706055,21.57103729248047
2011-11-01,27.3700008392334,21.214487075805664
2011-11-02,27.920000076293945,21.640785217285156
2011-11-03,28.09000015258789,21.772560119628906
2011-11-04,27.959999084472656,21.671794891357422
2011-11-07,28.200000762939453,21.85782241821289
2011-11-08,28.15999984741211,21.82680892944336
2011-11-09,28.0,21.702802658081055
2011-11-10,27.65999984741211,21.43927764892578
2011-11-11,27.90999984741211,21.633037567138672
2011-11-14,28.1200008392334,21.795812606811523
2011-11-15,27.920000076293945,21.640785217285156
2011-11-16,28.0,21.702802658081055
2011-11-17,27.59000015258789,21.385007858276367
2011-11-18,27.100000381469727,21.005207061767578
2011-11-21,26.049999237060547,20.191354751586914
2011-11-22,26.1200008392334,20.24560546875
2011-11-23,25.700000762939453,19.920066833496094
2011-11-24,25.860000610351562,20.044084548950195
2011-11-25,25.959999084472656,20.121591567993164
2011-11-28,26.770000457763672,20.749425888061523
2011-11-29,26.920000076293945,20.86568832397461
2011-11-30,27.829999923706055,21.57103729248047
2011-12-01,27.920000076293945,21.640785217285156
2011-12-02,28.170000076293945,21.834564208984375
2011-12-05,28.25,21.89657211303711
2011-12-06,27.899999618530273,21.625289916992188
2011-12-07,28.020000457763672,21.718307495117188
2011-12-08,27.479999542236328,21.29975128173828
2011-12-09,27.610000610351562,21.4005069732666
2011-12-12,26.979999542236328,20.912193298339844
2011-12-13,27.3799991607666,21.22223472595215
2011-12-14,26.850000381469727,20.811431884765625
2011-12-15,27.079999923706055,20.989704132080078
2011-12-16,27.139999389648438,21.036209106445312
2011-12-19,26.600000381469727,20.61766242980957
2011-12-20,27.149999618530273,21.04395866394043
2011-12-21,27.149999618530273,21.04395866394043
2011-12-22,27.6299991607666,21.416013717651367
2011-12-23,27.84000015258789,21.578781127929688
2011-12-27,27.6299991607666,21.416013717651367
2011-12-28,27.3799991607666,21.22223472595215
2011-12-29,27.6299991607666,21.416013717651367
2011-12-30,27.8700008392334,21.602035522460938
2012-01-02,28.309999465942383,21.943078994750977
2012-01-03,28.520000457763672,22.105857849121094
2012-01-04,28.520000457763672,22.105857849121094
2012-01-05,28.610000610351562,22.175613403320312
2012-01-06,28.639999389648438,22.198862075805664
2012-01-09,28.75,22.28412437438965
2012-01-10,29.450000762939453,22.826696395874023
2012-01-11,29.469999313354492,22.842195510864258
2012-01-12,29.34000015258789,22.74143409729004
2012-01-13,29.479999542236328,22.849946975708008
2012-01-16,29.59000015258789,22.935203552246094
2012-01-17,29.959999084472656,23.221996307373047
2012-01-18,30.049999237060547,23.29175567626953
2012-01-19,30.479999542236328,23.62504768371582
2012-01-20,30.350000381469727,23.5242862701416
2012-01-23,30.649999618530273,23.75681495666504
2012-01-24,30.520000457763672,23.656055450439453
2012-01-25,30.510000228881836,23.648298263549805
2012-01-26,30.75,23.83432388305664
2012-01-27,30.56999969482422,23.694801330566406
2012-01-30,30.15999984741211,23.377025604248047
2012-01-31,30.549999237060547,23.679306030273438
2012-02-01,31.030000686645508,24.051355361938477
2012-02-02,31.360000610351562,24.307130813598633
2012-02-03,31.700000762939453,24.570663452148438
2012-02-06,31.5,24.4156494140625
2012-02-07,31.219999313354492,24.198617935180664
2012-02-08,31.469999313354492,24.392396926879883
2012-02-09,31.290000915527344,24.252880096435547
2012-02-10,30.8700008392334,23.92734146118164
2012-02-13,31.25,24.22187042236328
2012-02-14,31.239999771118164,24.214126586914062
2012-02-15,31.729999542236328,24.59391975402832
2012-02-16,31.530000686645508,24.43889617919922
2012-02-17,31.639999389648438,24.524152755737305
2012-02-20,31.670000076293945,24.547422409057617
2012-02-21,31.520000457763672,24.431148529052734
2012-02-22,31.34000015258789,24.291627883911133
2012-02-23,31.200000762939453,24.183122634887695
2012-02-24,31.100000381469727,24.105606079101562
2012-02-27,30.899999618530273,23.950586318969727
2012-02-28,31.190000534057617,24.17536735534668
2012-02-29,31.540000915527344,24.4466552734375
2012-03-01,31.770000457763672,24.624929428100586
2012-03-02,32.040000915527344,24.834205627441406
2012-03-05,31.399999618530273,24.338144302368164
2012-03-06,30.6299991607666,23.741308212280273
2012-03-07,30.889999389648438,23.942838668823242
2012-03-08,31.18000030517578,24.16761589050293
2012-03-09,31.75,24.609418869018555
2012-03-12,31.229999542236328,24.206377029418945
2012-03-13,31.920000076293945,24.741193771362305
2012-03-14,32.02000045776367,24.818700790405273
2012-03-15,32.040000915527344,24.834205627441406
2012-03-16,31.84000015258789,24.679182052612305
2012-03-19,31.489999771118164,24.40789794921875
2012-03-20,30.920000076293945,23.96608543395996
2012-03-21,31.110000610351562,24.113359451293945
2012-03-22,30.670000076293945,23.77232551574707
2012-03-23,30.700000762939453,23.795570373535156
2012-03-26,30.850000381469727,23.911836624145508
2012-03-27,31.020000457763672,24.043601989746094
2012-03-28,30.639999389648438,23.749069213867188
2012-03-29,30.170000076293945,23.384765625
2012-03-30,30.670000076293945,23.77232551574707
2012-04-02,31.06999969482422,24.082355499267578
2012-04-03,31.049999237060547,24.066844940185547
2012-04-04,30.700000762939453,23.795570373535156
2012-04-05,31.190000534057617,24.17536735534668
2012-04-10,30.25,23.44677734375
2012-04-11,30.440000534057617,23.594045639038086
2012-04-12,30.700000762939453,23.795570373535156
2012-04-13,30.690000534057617,23.78782081604004
2012-04-16,30.530000686645508,23.663803100585938
2012-04-17,30.709999084472656,23.803314208984375
2012-04-18,30.6299991607666,23.741308212280273
2012-04-19,30.579999923706055,23.70256233215332
2012-04-20,30.540000915527344,23.67155647277832
2012-04-23,29.920000076293945,23.190990447998047
2012-04-24,30.049999237060547,23.29175567626953
2012-04-25,30.139999389648438,23.361507415771484
2012-04-26,30.170000076293945,23.384765625
2012-04-27,30.31999969482422,23.50102996826172
2012-04-30,30.309999465942383,23.493276596069336
2012-05-02,30.690000534057617,23.78782081604004
2012-05-03,30.56999969482422,23.694801330566406
2012-05-04,30.139999389648438,23.361507415771484
2012-05-07,30.15999984741211,23.377025604248047
2012-05-08,29.709999084472656,23.028215408325195
2012-05-09,29.610000610351562,22.95070457458496
2012-05-10,29.709999084472656,23.028215408325195
2012-05-11,29.729999542236328,23.043716430664062
2012-05-14,29.110000610351562,22.563156127929688
2012-05-15,29.09000015258789,22.547658920288086
2012-05-16,28.6200008392334,22.183359146118164
2012-05-17,28.40999984741211,22.020591735839844
2012-05-18,28.06999969482422,21.757057189941406
2012-05-21,28.170000076293945,21.834564208984375
2012-05-22,28.520000457763672,22.105857849121094
2012-05-23,27.790000915527344,21.540027618408203
2012-05-24,28.1200008392334,21.795812606811523
2012-05-25,28.170000076293945,21.834564208984375
2012-05-28,28.5,22.09035301208496
2012-05-29,28.850000381469727,22.36163330078125
2012-05-30,28.549999237060547,22.129104614257812
2012-05-31,28.540000915527344,22.121356964111328
2012-06-01,28.190000534057617,21.85006332397461
2012-06-04,27.790000915527344,21.540027618408203
2012-06-05,27.93000030517578,21.648542404174805
2012-06-06,28.549999237060547,22.129104614257812
2012-06-07,28.959999084472656,22.4468994140625
2012-06-08,28.56999969482422,22.14460563659668
2012-06-11,28.59000015258789,22.160106658935547
2012-06-12,28.84000015258789,22.353885650634766
2012-06-13,28.780000686645508,22.30738067626953
2012-06-14,28.559999465942383,22.136856079101562
2012-06-15,28.829999923706055,22.346134185791016
2012-06-18,29.18000030517578,22.617420196533203
2012-06-19,29.5,22.86544418334961
2012-06-20,29.399999618530273,22.78793716430664
2012-06-21,29.110000610351562,22.563156127929688
2012-06-22,28.719999313354492,22.260868072509766
2012-06-25,28.31999969482422,21.950830459594727
2012-06-26,28.489999771118164,22.082595825195312
2012-06-27,28.959999084472656,22.4468994140625
2012-06-28,28.649999618530273,22.20661735534668
2012-06-29,29.25,22.671672821044922
2012-07-02,29.559999465942383,22.911956787109375
2012-07-03,30.1200008392334,23.34601402282715
2012-07-04,30.170000076293945,23.384765625
2012-07-05,30.540000915527344,23.67155647277832
2012-07-06,30.110000610351562,23.3382625579834
2012-07-09,29.899999618530273,23.175495147705078
2012-07-10,30.079999923706055,23.315006256103516
2012-07-11,29.969999313354492,23.229745864868164
2012-07-12,29.520000457763672,22.880949020385742
2012-07-13,29.989999771118164,23.245248794555664
2012-07-16,29.850000381469727,23.136737823486328
2012-07-17,30.09000015258789,23.3227596282959
2012-07-18,30.190000534057617,23.400272369384766
2012-07-19,30.43000030517578,23.586292266845703
2012-07-20,30.290000915527344,23.477779388427734
2012-07-23,29.56999969482422,22.919708251953125
2012-07-24,29.600000381469727,22.942962646484375
2012-07-25,29.579999923706055,22.92745590209961
2012-07-26,29.59000015258789,22.935203552246094
2012-07-27,30.110000610351562,23.3382625579834
2012-07-30,30.6200008392334,23.733552932739258
2012-07-31,30.709999084472656,23.803314208984375
2012-08-01,30.719999313354492,23.811067581176758
2012-08-02,30.459999084472656,23.609546661376953
2012-08-03,30.860000610351562,23.919584274291992
2012-08-06,31.020000457763672,24.043601989746094
2012-08-07,31.09000015258789,24.097864151000977
2012-08-08,31.360000610351562,24.307130813598633
2012-08-09,31.649999618530273,24.53191375732422
2012-08-10,31.600000381469727,24.49315643310547
2012-08-13,31.229999542236328,24.206377029418945
2012-08-14,31.540000915527344,24.4466552734375
2012-08-15,31.479999542236328,24.4001522064209
2012-08-16,31.3799991607666,24.322635650634766
2012-08-17,31.399999618530273,24.338144302368164
2012-08-20,31.239999771118164,24.214126586914062
2012-08-21,31.1299991607666,24.128854751586914
2012-08-22,30.459999084472656,23.609546661376953
2012-08-23,30.239999771118164,23.43901824951172
2012-08-24,30.280000686645508,23.470022201538086
2012-08-27,30.18000030517578,23.39252471923828
2012-08-28,29.809999465942383,23.105728149414062
2012-08-29,29.729999542236328,23.043716430664062
2012-08-30,29.510000228881836,22.873197555541992
2012-08-31,29.670000076293945,22.997215270996094
2012-09-03,29.6200008392334,22.958463668823242
2012-09-04,29.440000534057617,22.818939208984375
2012-09-05,29.229999542236328,22.65617561340332
2012-09-06,29.760000228881836,23.066974639892578
2012-09-07,29.989999771118164,23.245248794555664
2012-09-10,29.860000610351562,23.14448356628418
2012-09-11,29.90999984741211,23.1832332611084
2012-09-12,29.889999389648438,23.167734146118164
2012-09-13,29.84000015258789,23.128976821899414
2012-09-14,30.6200008392334,23.733552932739258
2012-09-17,30.43000030517578,23.586292266845703
2012-09-18,30.440000534057617,23.594045639038086
2012-09-19,30.489999771118164,23.632793426513672
2012-09-20,30.3799991607666,23.54753875732422
2012-09-21,30.530000686645508,23.663803100585938
2012-09-24,30.530000686645508,23.663803100585938
2012-09-25,30.469999313354492,23.617294311523438
2012-09-26,30.030000686645508,23.2762508392334
2012-09-27,30.3799991607666,23.54753875732422
2012-09-28,30.399999618530273,23.563037872314453
2012-10-01,30.809999465942383,23.880826950073242
2012-10-02,30.459999084472656,23.609546661376953
2012-10-04,30.329999923706055,23.508785247802734
2012-10-05,30.559999465942383,23.687057495117188
2012-10-08,30.190000534057617,23.400272369384766
2012-10-09,30.170000076293945,23.384765625
2012-10-10,30.1299991607666,23.35376739501953
2012-10-11,30.309999465942383,23.493276596069336
2012-10-12,30.040000915527344,23.283998489379883
2012-10-15,30.139999389648438,23.361507415771484
2012-10-16,30.3700008392334,23.539783477783203
2012-10-17,30.309999465942383,23.493276596069336
2012-10-18,30.3799991607666,23.54753875732422
2012-10-19,30.200000762939453,23.408021926879883
2012-10-22,30.219999313354492,23.42352294921875
2012-10-23,29.84000015258789,23.128976821899414
2012-10-24,30.059999465942383,23.29949378967285
2012-10-25,30.200000762939453,23.408021926879883
2012-10-26,30.079999923706055,23.315006256103516
2012-10-29,30.079999923706055,23.315006256103516
2012-10-30,30.1200008392334,23.34601402282715
2012-10-31,29.979999542236328,23.237497329711914
2012-11-01,30.549999237060547,23.679306030273438
2012-11-02,30.739999771118164,23.826566696166992
2012-11-05,30.739999771118164,23.826566696166992
2012-11-06,30.950000762939453,23.989343643188477
2012-11-07,30.540000915527344,23.67155647277832
2012-11-08,30.540000915527344,23.67155647277832
2012-11-09,30.579999923706055,23.70256233215332
2012-11-12,30.56999969482422,23.694801330566406
2012-11-13,30.329999923706055,23.508785247802734
2012-11-14,29.959999084472656,23.221996307373047
2012-11-15,29.690000534057617,23.012718200683594
2012-11-16,29.75,23.059228897094727
2012-11-19,30.209999084472656,23.415767669677734
2012-11-20,30.149999618530273,23.369260787963867
2012-11-21,30.020000457763672,23.268503189086914
2012-11-22,30.059999465942383,23.29949378967285
2012-11-23,30.229999542236328,23.431270599365234
2012-11-26,30.1299991607666,23.35376739501953
2012-11-27,30.239999771118164,23.43901824951172
2012-11-28,30.09000015258789,23.3227596282959
2012-11-29,30.3700008392334,23.539783477783203
2012-11-30,30.200000762939453,23.408021926879883
2012-12-03,30.229999542236328,23.431270599365234
2012-12-04,30.219999313354492,23.42352294921875
2012-12-05,30.530000686645508,23.663803100585938
2012-12-06,30.889999389648438,23.942838668823242
2012-12-07,31.030000686645508,24.051355361938477
2012-12-10,31.34000015258789,24.291627883911133
2012-12-11,31.350000381469727,24.299381256103516
2012-12-12,31.270000457763672,24.237369537353516
2012-12-13,31.149999618530273,24.144367218017578
2012-12-14,31.030000686645508,24.051355361938477
2012-12-17,31.0,24.028099060058594
2012-12-18,31.010000228881836,24.035850524902344
2012-12-19,31.110000610351562,24.113359451293945
2012-12-20,31.18000030517578,24.16761589050293
2012-12-21,30.920000076293945,23.96608543395996
2012-12-27,31.049999237060547,24.066844940185547
2012-12-28,31.229999542236328,24.206377029418945
2013-01-02,32.2599983215332,25.00472068786621
2013-01-03,32.58000183105469,25.252756118774414
2013-01-04,32.47999954223633,25.17524528503418
2013-01-07,32.220001220703125,24.973722457885742
2013-01-08,31.989999771118164,24.79545021057129
2013-01-09,32.27000045776367,25.012479782104492
2013-01-10,32.0,24.80319595336914
2013-01-11,31.56999969482422,24.46990966796875
2013-01-14,31.6299991607666,24.516416549682617
2013-01-15,31.459999084472656,24.3846435546875
2013-01-16,31.530000686645508,24.43889617919922
2013-01-17,31.700000762939453,24.570663452148438
2013-01-18,31.760000228881836,24.61717987060547
2013-01-21,31.700000762939453,24.570663452148438
2013-01-22,31.709999084472656,24.578418731689453
2013-01-23,31.56999969482422,24.46990966796875
2013-01-24,31.510000228881836,24.423397064208984
2013-01-25,30.969999313354492,24.004854202270508
2013-01-28,30.790000915527344,23.865331649780273
2013-01-29,31.09000015258789,24.097864151000977
2013-01-30,30.829999923706055,23.896329879760742
2013-01-31,30.690000534057617,23.78782081604004
2013-02-01,30.65999984741211,23.76456642150879
2013-02-04,30.68000030517578,23.780067443847656
2013-02-05,30.65999984741211,23.76456642150879
2013-02-06,30.530000686645508,23.663803100585938
2013-02-07,30.600000381469727,23.718059539794922
2013-02-08,30.90999984741211,23.958337783813477
2013-02-11,30.770000457763672,23.849822998046875
2013-02-12,30.75,23.83432388305664
2013-02-13,30.93000030517578,23.973840713500977
2013-02-14,31.139999389648438,24.13661766052246
2013-02-15,31.079999923706055,24.09010887145996
2013-02-18,31.0,24.028099060058594
2013-02-19,31.110000610351562,24.113359451293945
2013-02-20,31.0,24.028099060058594
2013-02-21,30.670000076293945,23.77232551574707
2013-02-22,30.920000076293945,23.96608543395996
2013-02-25,31.049999237060547,24.066844940185547
2013-02-26,30.799999237060547,23.87307357788086
2013-02-27,31.040000915527344,24.05910301208496
2013-02-28,31.260000228881836,24.22962760925293
2013-03-01,31.3799991607666,24.322635650634766
2013-03-04,31.059999465942383,24.07460594177246
2013-03-05,31.459999084472656,24.3846435546875
2013-03-06,31.559999465942383,24.462156295776367
2013-03-07,31.420000076293945,24.353639602661133
2013-03-08,31.899999618530273,24.72568702697754
2013-03-11,31.729999542236328,24.59391975402832
2013-03-12,31.329999923706055,24.28388023376465
2013-03-13,31.350000381469727,24.299381256103516
2013-03-14,31.34000015258789,24.291627883911133
2013-03-15,30.90999984741211,23.958337783813477
2013-03-18,30.770000457763672,23.849822998046875
2013-03-19,30.65999984741211,23.76456642150879
2013-03-20,30.780000686645508,23.857576370239258
2013-03-21,30.670000076293945,23.77232551574707
2013-03-22,30.389999389648438,23.555286407470703
2013-03-25,30.709999084472656,23.803314208984375
2013-03-26,31.0,24.028099060058594
2013-03-27,31.219999313354492,24.198617935180664
2013-03-28,31.239999771118164,24.214126586914062
2013-04-02,31.170000076293945,24.159868240356445
2013-04-03,30.81999969482422,23.888578414916992
2013-04-04,30.56999969482422,23.694801330566406
2013-04-05,29.799999237060547,23.097976684570312
2013-04-08,29.959999084472656,23.221996307373047
2013-04-09,30.079999923706055,23.315006256103516
2013-04-10,30.610000610351562,23.725812911987305
2013-04-11,30.479999542236328,23.62504768371582
2013-04-12,29.90999984741211,23.1832332611084
2013-04-15,29.65999984741211,22.989465713500977
2013-04-16,29.719999313354492,23.035966873168945
2013-04-17,29.510000228881836,22.873197555541992
2013-04-18,29.549999237060547,22.90420150756836
2013-04-19,29.93000030517578,23.19873809814453
2013-04-22,29.959999084472656,23.221996307373047
2013-04-23,30.350000381469727,23.5242862701416
2013-04-24,30.520000457763672,23.656055450439453
2013-04-25,30.81999969482422,23.888578414916992
2013-04-26,30.440000534057617,23.594045639038086
2013-04-29,30.5,23.640552520751953
2013-04-30,30.6200008392334,23.733552932739258
2013-05-02,30.940000534057617,23.98159408569336
2013-05-03,31.15999984741211,24.15210723876953
2013-05-06,31.139999389648438,24.13661766052246
2013-05-07,31.3700008392334,24.31488800048828
2013-05-08,31.450000762939453,24.376893997192383
2013-05-09,31.56999969482422,24.46990966796875
2013-05-10,31.56999969482422,24.46990966796875
2013-05-13,31.329999923706055,24.28388023376465
2013-05-14,31.540000915527344,24.4466552734375
2013-05-15,31.68000030517578,24.555171966552734
2013-05-16,31.649999618530273,24.53191375732422
2013-05-17,31.75,24.609418869018555
2013-05-20,31.670000076293945,24.547422409057617
2013-05-21,31.600000381469727,24.49315643310547
2013-05-22,31.729999542236328,24.59391975402832
2013-05-23,30.850000381469727,23.911836624145508
2013-05-24,30.610000610351562,23.725812911987305
2013-05-27,30.84000015258789,23.904085159301758
2013-05-28,31.170000076293945,24.159868240356445
2013-05-29,30.34000015258789,23.51653480529785
2013-05-30,30.239999771118164,23.43901824951172
2013-05-31,30.059999465942383,23.29949378967285
2013-06-03,29.579999923706055,22.92745590209961
2013-06-04,29.65999984741211,22.989465713500977
2013-06-05,29.18000030517578,22.617420196533203
2013-06-06,28.65999984741211,22.214357376098633
2013-06-07,28.979999542236328,22.4623966217041
2013-06-10,28.450000762939453,22.051593780517578
2013-06-11,27.950000762939453,21.664043426513672
2013-06-12,27.610000610351562,21.4005069732666
2013-06-13,27.610000610351562,21.4005069732666
2013-06-14,27.649999618530273,21.4315128326416
2013-06-17,27.93000030517578,21.648542404174805
2013-06-18,27.65999984741211,21.43927764892578
2013-06-19,27.59000015258789,21.385007858276367
2013-06-20,26.489999771118164,20.53239631652832
2013-06-21,26.25,20.346376419067383
2013-06-24,25.770000457763672,19.974327087402344
2013-06-25,26.5,20.54014778137207
2013-06-26,27.049999237060547,20.966453552246094
2013-06-27,27.56999969482422,21.3695068359375
2013-06-28,27.920000076293945,21.640785217285156
2013-07-01,28.059999465942383,21.749305725097656
2013-07-02,27.799999237060547,21.547771453857422
2013-07-03,27.420000076293945,21.25324249267578
2013-07-04,27.8799991607666,21.609786987304688
2013-07-05,27.3700008392334,21.214487075805664
2013-07-08,27.610000610351562,21.4005069732666
2013-07-09,27.950000762939453,21.664043426513672
2013-07-10,27.780000686645508,21.53227996826172
2013-07-11,28.209999084472656,21.86556625366211
2013-07-12,28.06999969482422,21.757057189941406
2013-07-15,28.450000762939453,22.051593780517578
2013-07-16,28.190000534057617,21.85006332397461
2013-07-17,28.56999969482422,22.14460563659668
2013-07-18,28.579999923706055,22.152360916137695
2013-07-19,28.209999084472656,21.86556625366211
2013-07-22,28.209999084472656,21.86556625366211
2013-07-23,28.559999465942383,22.136856079101562
2013-07-24,28.3700008392334,21.98958969116211
2013-07-25,28.190000534057617,21.85006332397461
2013-07-26,28.049999237060547,21.741552352905273
2013-07-29,28.040000915527344,21.733800888061523
2013-07-30,27.959999084472656,21.671794891357422
2013-07-31,27.65999984741211,21.43927764892578
2013-08-01,28.110000610351562,21.78806495666504
2013-08-02,28.190000534057617,21.85006332397461
2013-08-05,28.049999237060547,21.741552352905273
2013-08-06,27.59000015258789,21.385007858276367
2013-08-07,27.34000015258789,21.191232681274414
2013-08-08,27.459999084472656,21.28424644470215
2013-08-09,27.780000686645508,21.53227996826172
2013-08-12,28.100000381469727,21.780309677124023
2013-08-13,28.299999237060547,21.93532943725586
2013-08-14,28.459999084472656,22.05933952331543
2013-08-15,28.059999465942383,21.749305725097656
2013-08-16,28.0,21.702802658081055
2013-08-19,27.520000457763672,21.33074951171875
2013-08-20,27.079999923706055,20.989704132080078
2013-08-21,26.739999771118164,20.726173400878906
2013-08-22,26.860000610351562,20.819190979003906
2013-08-23,27.06999969482422,20.98195457458496
2013-08-26,27.139999389648438,21.036209106445312
2013-08-27,26.420000076293945,20.47814178466797
2013-08-28,26.43000030517578,20.48589515686035
2013-08-29,27.030000686645508,20.950956344604492
2013-08-30,26.959999084472656,20.896697998046875
2013-09-02,27.489999771118164,21.307498931884766
2013-09-03,27.329999923706055,21.18347930908203
2013-09-04,27.5,21.31524658203125
2013-09-05,27.989999771118164,21.695049285888672
2013-09-06,28.43000030517578,22.036094665527344
2013-09-09,28.670000076293945,22.222118377685547
2013-09-10,29.1200008392334,22.57090950012207
2013-09-11,29.010000228881836,22.48564910888672
2013-09-12,28.81999969482422,22.33837890625
2013-09-13,28.920000076293945,22.4158878326416
2013-09-16,29.200000762939453,22.632915496826172
2013-09-17,29.110000610351562,22.563156127929688
2013-09-18,29.020000457763672,22.493398666381836
2013-09-19,29.600000381469727,22.942962646484375
2013-09-20,29.34000015258789,22.74143409729004
2013-09-23,29.209999084472656,22.64067268371582
2013-09-24,29.18000030517578,22.617420196533203
2013-09-25,28.940000534057617,22.431394577026367
2013-09-26,28.93000030517578,22.423643112182617
2013-09-27,28.59000015258789,22.160106658935547
2013-09-30,28.34000015258789,21.966333389282227
2013-10-01,28.65999984741211,22.214357376098633
2013-10-02,28.6299991607666,22.19111442565918
2013-10-04,28.899999618530273,22.400390625
2013-10-07,28.829999923706055,22.346134185791016
2013-10-08,28.739999771118164,22.276376724243164
2013-10-09,28.729999542236328,22.26862907409668
2013-10-10,29.399999618530273,22.78793716430664
2013-10-11,29.459999084472656,22.834447860717773
2013-10-14,29.459999084472656,22.834447860717773
2013-10-15,29.809999465942383,23.105728149414062
2013-10-16,29.790000915527344,23.090234756469727
2013-10-17,29.5,22.86544418334961
2013-10-18,29.649999618530273,22.98171615600586
2013-10-21,29.579999923706055,22.92745590209961
2013-10-22,29.670000076293945,22.997215270996094
2013-10-23,29.170000076293945,22.609668731689453
2013-10-24,28.989999771118164,22.470144271850586
2013-10-25,28.959999084472656,22.4468994140625
2013-10-28,29.190000534057617,22.62517547607422
2013-10-29,29.389999389648438,22.780189514160156
2013-10-30,29.420000076293945,22.803443908691406
2013-10-31,29.5,22.86544418334961
2013-11-01,29.520000457763672,22.880949020385742
2013-11-04,29.59000015258789,22.935203552246094
2013-11-05,29.3799991607666,22.77243423461914
2013-11-06,29.200000762939453,22.632915496826172
2013-11-07,29.139999389648438,22.586410522460938
2013-11-08,28.940000534057617,22.431394577026367
2013-11-11,28.739999771118164,22.276376724243164
2013-11-12,28.649999618530273,22.20661735534668
2013-11-13,28.299999237060547,21.93532943725586
2013-11-14,28.670000076293945,22.222118377685547
2013-11-15,29.3799991607666,22.77243423461914
2013-11-18,29.6200008392334,22.958463668823242
2013-11-19,29.399999618530273,22.78793716430664
2013-11-20,29.459999084472656,22.834447860717773
2013-11-21,29.030000686645508,22.501150131225586
2013-11-22,28.969999313354492,22.454647064208984
2013-11-25,29.059999465942383,22.524410247802734
2013-11-26,28.690000534057617,22.23761558532715
2013-11-27,28.889999389648438,22.392635345458984
2013-11-28,28.8799991607666,22.384885787963867
2013-11-29,29.09000015258789,22.547658920288086
2013-12-02,28.84000015258789,22.353885650634766
2013-12-03,28.260000228881836,21.90432357788086
2013-12-04,28.31999969482422,21.950830459594727
2013-12-05,28.170000076293945,21.834564208984375
2013-12-06,28.639999389648438,22.198862075805664
2013-12-09,28.68000030517578,22.22986602783203
2013-12-10,28.40999984741211,22.020591735839844
2013-12-11,27.989999771118164,21.695049285888672
2013-12-12,27.709999084472656,21.4780216217041
2013-12-13,27.75,21.50901985168457
2013-12-16,28.020000457763672,21.718307495117188
2013-12-17,27.790000915527344,21.540027618408203
2013-12-18,27.790000915527344,21.540027618408203
2013-12-19,27.950000762939453,21.664043426513672
2013-12-20,28.020000457763672,21.718307495117188
2013-12-23,28.110000610351562,21.78806495666504
2013-12-27,28.079999923706055,21.764816284179688
2013-12-30,28.280000686645508,21.919828414916992
2014-01-02,28.030000686645508,21.72605323791504
2014-01-03,27.84000015258789,21.578781127929688
2014-01-06,27.610000610351562,21.4005069732666
2014-01-07,27.690000534057617,21.4625186920166
2014-01-08,27.68000030517578,21.454771041870117
2014-01-09,27.31999969482422,21.175729751586914
2014-01-10,27.6299991607666,21.416013717651367
2014-01-13,27.829999923706055,21.57103729248047
2014-01-14,27.6299991607666,21.416013717651367
2014-01-15,27.8700008392334,21.602035522460938
2014-01-16,27.719999313354492,21.48577308654785
2014-01-17,27.709999084472656,21.4780216217041
2014-01-20,27.760000228881836,21.516773223876953
2014-01-21,27.579999923706055,21.377260208129883
2014-01-22,27.770000457763672,21.524524688720703
2014-01-23,27.15999984741211,21.051719665527344
2014-01-24,26.3799991607666,20.447141647338867
2014-01-27,26.219999313354492,20.3231201171875
2014-01-28,26.420000076293945,20.47814178466797
2014-01-29,26.360000610351562,20.4316349029541
2014-01-30,26.600000381469727,20.61766242980957
2014-01-31,26.600000381469727,20.61766242980957
2014-02-03,26.15999984741211,20.276613235473633
2014-02-04,26.440000534057617,20.49364471435547
2014-02-05,26.239999771118164,20.338619232177734
2014-02-06,26.6299991607666,20.64090919494629
2014-02-07,26.770000457763672,20.749425888061523
2014-02-10,26.479999542236328,20.524646759033203
2014-02-11,26.93000030517578,20.873445510864258
2014-02-12,27.229999542236328,21.105972290039062
2014-02-13,26.850000381469727,20.811431884765625
2014-02-14,27.299999237060547,21.160228729248047
2014-02-17,27.350000381469727,21.198986053466797
2014-02-18,27.1200008392334,21.02071189880371
2014-02-19,26.950000762939453,20.888948440551758
2014-02-20,26.920000076293945,20.86568832397461
2014-02-21,27.100000381469727,21.005207061767578
2014-02-24,27.229999542236328,21.105972290039062
2014-02-25,27.040000915527344,20.958707809448242
2014-02-26,27.09000015258789,21.028470993041992
2014-02-27,27.270000457763672,21.168193817138672
2014-02-28,27.09000015258789,21.028470993041992
2014-03-03,26.5,20.570486068725586
2014-03-04,27.049999237060547,20.997419357299805
2014-03-05,27.020000457763672,20.974132537841797
2014-03-06,27.3799991607666,21.253572463989258
2014-03-07,26.8700008392334,20.857694625854492
2014-03-10,26.579999923706055,20.632583618164062
2014-03-11,26.579999923706055,20.632583618164062
2014-03-12,26.229999542236328,20.36089324951172
2014-03-13,26.010000228881836,20.19011878967285
2014-03-14,26.059999465942383,20.22894287109375
2014-03-17,26.31999969482422,20.430767059326172
2014-03-18,26.6200008392334,20.663637161254883
2014-03-19,26.459999084472656,20.539432525634766
2014-03-20,26.479999542236328,20.554964065551758
2014-03-21,26.850000381469727,20.84217071533203
2014-03-24,26.68000030517578,20.71021270751953
2014-03-25,27.139999389648438,21.067277908325195
2014-03-26,27.350000381469727,21.230295181274414
2014-03-27,27.610000610351562,21.432111740112305
2014-03-28,28.030000686645508,21.75813865661621
2014-03-31,28.1299991607666,21.835769653320312
2014-04-01,28.200000762939453,21.890098571777344
2014-04-02,28.389999389648438,22.037588119506836
2014-04-03,28.25,21.928913116455078
2014-04-04,28.739999771118164,22.309274673461914
2014-04-07,28.459999084472656,22.0919246673584
2014-04-08,28.75,22.317033767700195
2014-04-09,28.600000381469727,22.200605392456055
2014-04-10,28.559999465942383,22.169551849365234
2014-04-11,28.280000686645508,21.952199935913086
2014-04-14,28.520000457763672,22.138505935668945
2014-04-15,27.850000381469727,21.618412017822266
2014-04-16,28.329999923706055,21.991012573242188
2014-04-17,28.459999084472656,22.0919246673584
2014-04-22,28.530000686645508,22.146259307861328
2014-04-23,28.15999984741211,21.859046936035156
2014-04-24,28.18000030517578,21.874574661254883
2014-04-25,27.770000457763672,21.556316375732422
2014-04-28,27.850000381469727,21.618412017822266
2014-04-29,28.280000686645508,21.952199935913086
2014-04-30,27.940000534057617,21.688278198242188
2014-05-02,28.139999389648438,21.843524932861328
2014-05-05,28.020000457763672,21.750375747680664
2014-05-06,28.09000015258789,21.804712295532227
2014-05-07,28.139999389648438,21.843524932861328
2014-05-08,28.450000762939453,22.084163665771484
2014-05-09,28.559999465942383,22.169551849365234
2014-05-12,28.860000610351562,22.402421951293945
2014-05-13,29.15999984741211,22.635292053222656
2014-05-14,29.3799991607666,22.806068420410156
2014-05-15,29.030000686645508,22.53438377380371
2014-05-16,29.420000076293945,22.83712387084961
2014-05-19,29.440000534057617,22.852642059326172
2014-05-20,29.440000534057617,22.852642059326172
2014-05-21,29.360000610351562,22.91088104248047
2014-05-22,29.5,23.02013397216797
2014-05-23,29.690000534057617,23.16839599609375
2014-05-26,29.639999389648438,23.129377365112305
2014-05-27,29.329999923706055,22.88747215270996
2014-05-28,29.559999465942383,23.066953659057617
2014-05-29,29.65999984741211,23.144989013671875
2014-05-30,29.280000686645508,22.848459243774414
2014-06-02,29.450000762939453,22.981117248535156
2014-06-03,29.489999771118164,23.012327194213867
2014-06-04,29.3700008392334,22.918689727783203
2014-06-05,29.59000015258789,23.090370178222656
2014-06-06,29.969999313354492,23.386898040771484
2014-06-09,30.079999923706055,23.472728729248047
2014-06-10,30.34000015258789,23.675622940063477
2014-06-11,30.290000915527344,23.636606216430664
2014-06-12,30.229999542236328,23.589780807495117
2014-06-13,30.139999389648438,23.519554138183594
2014-06-16,29.8799991607666,23.316665649414062
2014-06-17,29.959999084472656,23.379091262817383
2014-06-18,29.850000381469727,23.293256759643555
2014-06-19,30.010000228881836,23.418109893798828
2014-06-20,29.950000762939453,23.371294021606445
2014-06-23,29.860000610351562,23.301057815551758
2014-06-24,30.190000534057617,23.55856704711914
2014-06-25,29.790000915527344,23.24643325805664
2014-06-26,29.950000762939453,23.371294021606445
2014-06-27,29.899999618530273,23.332271575927734
2014-06-30,29.84000015258789,23.28544807434082
2014-07-01,30.049999237060547,23.449317932128906
2014-07-02,30.260000228881836,23.613189697265625
2014-07-03,30.5,23.800477981567383
2014-07-04,30.520000457763672,23.81608772277832
2014-07-07,30.520000457763672,23.81608772277832
2014-07-08,30.43000030517578,23.745853424072266
2014-07-09,30.440000534057617,23.753658294677734
2014-07-10,30.309999465942383,23.652212142944336
2014-07-11,30.420000076293945,23.738048553466797
2014-07-14,30.549999237060547,23.83949851989746
2014-07-15,30.600000381469727,23.878503799438477
2014-07-16,30.889999389648438,24.104816436767578
2014-07-17,30.639999389648438,23.909725189208984
2014-07-18,30.850000381469727,24.07360076904297
2014-07-21,30.729999542236328,23.979961395263672
2014-07-22,31.3700008392334,24.4793701171875
2014-07-23,31.3799991607666,24.487184524536133
2014-07-24,31.489999771118164,24.573020935058594
2014-07-25,31.399999618530273,24.502784729003906
2014-07-28,31.530000686645508,24.60423469543457
2014-07-29,31.610000610351562,24.666662216186523
2014-07-30,31.520000457763672,24.59642791748047
2014-07-31,30.889999389648438,24.104816436767578
2014-08-01,30.860000610351562,24.081396102905273
2014-08-04,31.100000381469727,24.2686824798584
2014-08-05,31.06999969482422,24.245269775390625
2014-08-06,30.8700008392334,24.089208602905273
2014-08-07,30.739999771118164,23.987760543823242
2014-08-08,30.649999618530273,23.917526245117188
2014-08-11,31.190000534057617,24.338912963867188
2014-08-12,31.239999771118164,24.377927780151367
2014-08-13,31.530000686645508,24.60423469543457
2014-08-14,31.440000534057617,24.534000396728516
2014-08-15,31.299999237060547,24.42475700378418
2014-08-18,31.68000030517578,24.72128677368164
2014-08-19,31.90999984741211,24.900758743286133
2014-08-20,31.739999771118164,24.99327278137207
2014-08-21,31.579999923706055,24.86728858947754
2014-08-22,31.68000030517578,24.946035385131836
2014-08-25,31.920000076293945,25.13501739501953
2014-08-26,32.099998474121094,25.276758193969727
2014-08-27,32.189998626708984,25.347627639770508
2014-08-28,31.950000762939453,25.158641815185547
2014-08-29,32.119998931884766,25.292497634887695
2014-09-01,32.310001373291016,25.442121505737305
2014-09-02,32.11000061035156,25.284626007080078
2014-09-03,32.529998779296875,25.615346908569336
2014-09-04,33.0,25.98545265197754
2014-09-05,32.93000030517578,25.930328369140625
2014-09-08,33.029998779296875,26.00906753540039
2014-09-09,32.65999984741211,25.717714309692383
2014-09-10,32.220001220703125,25.371246337890625
2014-09-11,32.130001068115234,25.300378799438477
2014-09-12,31.799999237060547,25.0405216217041
2014-09-15,31.520000457763672,24.820039749145508
2014-09-16,31.899999618530273,25.1192626953125
2014-09-17,31.860000610351562,25.0877685546875
2014-09-18,31.809999465942383,25.048398971557617
2014-09-19,31.700000762939453,24.961776733398438
2014-09-22,31.280000686645508,24.631053924560547
2014-09-23,31.110000610351562,24.4971923828125
2014-09-24,31.489999771118164,24.79642105102539
2014-09-25,31.110000610351562,24.4971923828125
2014-09-26,31.190000534057617,24.560184478759766
2014-09-29,30.709999084472656,24.182220458984375
2014-09-30,30.850000381469727,24.29245948791504
2014-10-01,30.510000228881836,24.024721145629883
2014-10-02,29.989999771118164,23.615262985229492
2014-10-06,31.209999084472656,24.57593536376953
2014-10-07,30.84000015258789,24.284584045410156
2014-10-08,30.3700008392334,23.914487838745117
2014-10-09,30.65999984741211,24.14284896850586
2014-10-10,30.049999237060547,23.66250228881836
2014-10-13,30.3799991607666,23.922359466552734
2014-10-14,30.389999389648438,23.930233001708984
2014-10-15,29.510000228881836,23.23728370666504
2014-10-16,29.420000076293945,23.166419982910156
2014-10-17,29.920000076293945,23.56014060974121
2014-10-20,29.829999923706055,23.489267349243164
2014-10-21,30.219999313354492,23.796371459960938
2014-10-22,30.25,23.819997787475586
2014-10-23,30.209999084472656,23.788497924804688
2014-10-24,30.290000915527344,23.85149383544922
2014-10-27,29.829999923706055,23.489267349243164
2014-10-28,30.350000381469727,23.898740768432617
2014-10-29,30.700000762939453,24.174339294433594
2014-10-30,30.989999771118164,24.40269660949707
2014-10-31,31.399999618530273,24.72554588317871
2014-11-03,31.229999542236328,24.59168243408203
2014-11-04,30.979999542236328,24.39483070373535
2014-11-05,31.040000915527344,24.442066192626953
2014-11-06,30.989999771118164,24.40269660949707
2014-11-07,31.020000457763672,24.42631721496582
2014-11-10,31.280000686645508,24.631053924560547
2014-11-11,30.959999084472656,24.379074096679688
2014-11-12,31.079999923706055,24.47356605529785
2014-11-13,30.8799991607666,24.31607437133789
2014-11-14,30.850000381469727,24.29245948791504
2014-11-17,30.770000457763672,24.229459762573242
2014-11-18,30.65999984741211,24.14284896850586
2014-11-19,30.559999465942383,24.064098358154297
2014-11-20,30.729999542236328,24.197969436645508
2014-11-21,31.719999313354492,24.977529525756836
2014-11-24,31.56999969482422,24.85941505432129
2014-11-25,31.3799991607666,24.70980453491211
2014-11-26,31.6299991607666,24.906661987304688
2014-11-27,31.469999313354492,24.870567321777344
2014-11-28,31.18000030517578,24.64137840270996
2014-12-01,30.489999771118164,24.096071243286133
2014-12-02,30.68000030517578,24.24623680114746
2014-12-03,30.950000762939453,24.45960807800293
2014-12-04,30.6299991607666,24.20671844482422
2014-12-05,30.889999389648438,24.41219711303711
2014-12-08,30.65999984741211,24.230430603027344
2014-12-09,29.850000381469727,23.59029197692871
2014-12-10,29.610000610351562,23.400617599487305
2014-12-11,29.450000762939453,23.274169921875
2014-12-12,28.770000457763672,22.736772537231445
2014-12-15,28.200000762939453,22.28631019592285
2014-12-16,28.510000228881836,22.531295776367188
2014-12-17,28.75,22.72096061706543
2014-12-18,29.469999313354492,23.28997230529785
2014-12-19,29.950000762939453,23.669322967529297
2014-12-22,30.219999313354492,23.8826961517334
2014-12-23,30.239999771118164,23.898500442504883
2014-12-29,30.610000610351562,24.190919876098633
2014-12-30,30.399999618530273,24.024951934814453
2015-01-02,30.479999542236328,24.088178634643555
2015-01-05,30.280000686645508,23.93011474609375
2015-01-06,30.09000015258789,23.77996253967285
2015-01-07,30.860000610351562,24.38848114013672
2015-01-08,31.600000381469727,24.973310470581055
2015-01-09,31.3799991607666,24.799442291259766
2015-01-12,31.25,24.696701049804688
2015-01-13,31.700000762939453,25.052331924438477
2015-01-14,31.239999771118164,24.68879508972168
2015-01-15,32.09000015258789,25.360544204711914
2015-01-16,32.27000045776367,25.5028076171875
2015-01-19,31.770000457763672,25.107650756835938
2015-01-20,32.11000061035156,25.376352310180664
2015-01-21,32.709999084472656,25.850526809692383
2015-01-22,33.59000015258789,26.545984268188477
2015-01-23,34.25,27.067584991455078
2015-01-26,34.16999816894531,27.004364013671875
2015-01-27,33.61000061035156,26.561798095703125
2015-01-28,33.619998931884766,26.5696964263916
2015-01-29,33.279998779296875,26.301002502441406
2015-01-30,32.84000015258789,25.95327377319336
2015-02-02,33.099998474121094,26.15874671936035
2015-02-03,33.209999084472656,26.24567222595215
2015-02-04,33.630001068115234,26.577600479125977
2015-02-05,33.459999084472656,26.443252563476562
2015-02-06,33.380001068115234,26.380027770996094
2015-02-09,33.31999969482422,26.332609176635742
2015-02-10,33.119998931884766,26.174545288085938
2015-02-11,32.869998931884766,25.976980209350586
2015-02-12,33.20000076293945,26.237777709960938
2015-02-13,33.66999816894531,26.609210968017578
2015-02-16,33.619998931884766,26.5696964263916
2015-02-17,33.54999923706055,26.514373779296875
2015-02-18,33.689998626708984,26.625019073486328
2015-02-19,33.650001525878906,26.593414306640625
2015-02-20,33.689998626708984,26.625019073486328
2015-02-23,33.70000076293945,26.63291358947754
2015-02-24,34.11000061035156,26.95694351196289
2015-02-25,33.93000030517578,26.814687728881836
2015-02-26,34.310001373291016,27.173784255981445
2015-02-27,34.400001525878906,27.245054244995117
2015-03-02,34.25,27.12626075744629
2015-03-03,34.04999923706055,26.96786117553711
2015-03-04,34.029998779296875,26.952011108398438
2015-03-05,34.2400016784668,27.118345260620117
2015-03-06,34.18000030517578,27.07081413269043
2015-03-09,34.099998474121094,27.007461547851562
2015-03-10,33.81999969482422,26.785696029663086
2015-03-11,34.369998931884766,27.221302032470703
2015-03-12,34.63999938964844,27.435150146484375
2015-03-13,34.400001525878906,27.245054244995117
2015-03-16,34.5,27.324262619018555
2015-03-17,34.66999816894531,27.45889663696289
2015-03-18,34.810001373291016,27.569778442382812
2015-03-19,34.959999084472656,27.688587188720703
2015-03-20,34.84000015258789,27.593534469604492
2015-03-23,34.59000015258789,27.395557403564453
2015-03-24,34.689998626708984,27.474742889404297
2015-03-25,34.2400016784668,27.118345260620117
2015-03-26,34.060001373291016,26.975780487060547
2015-03-27,34.060001373291016,26.975780487060547
2015-03-30,34.86000061035156,27.60938835144043
2015-03-31,35.13999938964844,27.83114242553711
2015-04-01,35.439998626708984,28.068740844726562
2015-04-02,35.540000915527344,28.1479549407959
2015-04-07,36.130001068115234,28.615234375
2015-04-08,36.83000183105469,29.169633865356445
2015-04-09,37.5099983215332,29.708200454711914
2015-04-10,37.93000030517578,30.040843963623047
2015-04-13,38.11000061035156,30.183406829833984
2015-04-14,37.63999938964844,29.81117057800293
2015-04-15,37.91999816894531,30.032930374145508
2015-04-16,37.86000061035156,29.98540687561035
2015-04-17,37.08000183105469,29.367631912231445
2015-04-20,37.29999923706055,29.54187774658203
2015-04-21,37.63999938964844,29.81117057800293
2015-04-22,37.86000061035156,29.98540687561035
2015-04-23,37.849998474121094,29.977489471435547
2015-04-24,37.91999816894531,30.032930374145508
2015-04-27,38.040000915527344,30.127960205078125
2015-04-28,37.75,29.898279190063477
2015-04-29,36.880001068115234,29.20923614501953
2015-04-30,36.27000045776367,28.72611427307129
2015-05-04,36.59000015258789,28.97955894470215
2015-05-05,36.31999969482422,28.765714645385742
2015-05-06,35.540000915527344,28.1479549407959
2015-05-07,35.36000061035156,28.005388259887695
2015-05-08,36.130001068115234,28.615234375
2015-05-11,36.08000183105469,28.575632095336914
2015-05-12,35.59000015258789,28.187543869018555
2015-05-13,35.349998474121094,27.997467041015625
2015-05-14,35.560001373291016,28.16379165649414
2015-05-15,35.5,28.116270065307617
2015-05-18,35.59000015258789,28.187543869018555
2015-05-19,36.290000915527344,28.741952896118164
2015-05-20,36.33000183105469,28.773635864257812
2015-05-21,36.15999984741211,28.638996124267578
2015-05-22,36.58000183105469,28.971643447875977
2015-05-26,36.58000183105469,28.971643447875977
2015-05-27,36.29999923706055,28.749879837036133
2015-05-28,35.7400016784668,28.38153648376465
2015-05-29,35.349998474121094,28.071834564208984
2015-06-01,35.36000061035156,28.07977867126465
2015-06-02,34.75,27.595365524291992
2015-06-03,34.2400016784668,27.190378189086914
2015-06-04,33.75,26.801258087158203
2015-06-05,34.0,26.999780654907227
2015-06-08,33.689998626708984,26.753612518310547
2015-06-09,33.400001525878906,26.5233211517334
2015-06-10,33.68000030517578,26.745670318603516
2015-06-11,33.68000030517578,26.745670318603516
2015-06-12,33.56999969482422,26.6583194732666
2015-06-15,33.27000045776367,26.420087814331055
2015-06-16,33.310001373291016,26.451854705810547
2015-06-17,33.25,26.404193878173828
2015-06-18,33.369998931884766,26.499496459960938
2015-06-19,33.45000076293945,26.563032150268555
2015-06-22,33.66999816894531,26.73773193359375
2015-06-23,34.470001220703125,27.373010635375977
2015-06-24,34.470001220703125,27.373010635375977
2015-06-25,34.220001220703125,27.174489974975586
2015-06-26,34.08000183105469,27.063318252563477
2015-06-29,33.29999923706055,26.443906784057617
2015-06-30,33.68000030517578,26.745670318603516
2015-07-01,33.970001220703125,26.97595977783203
2015-07-02,34.09000015258789,27.071252822875977
2015-07-03,33.779998779296875,26.825084686279297
2015-07-06,33.29999923706055,26.443906784057617
2015-07-07,32.459999084472656,25.776851654052734
2015-07-08,31.81999969482422,25.268625259399414
2015-07-09,32.45000076293945,25.7689208984375
2015-07-10,32.58000183105469,25.87215232849121
2015-07-13,33.29999923706055,26.443906784057617
2015-07-14,33.34000015258789,26.475671768188477
2015-07-15,33.2599983215332,26.412141799926758
2015-07-16,33.790000915527344,26.833026885986328
2015-07-17,33.790000915527344,26.833026885986328
2015-07-20,33.599998474121094,26.682144165039062
2015-07-21,33.43000030517578,26.54714584350586
2015-07-22,33.11000061035156,26.293027877807617
2015-07-23,32.66999816894531,25.943613052368164
2015-07-24,32.11000061035156,25.49891471862793
2015-07-27,31.1200008392334,24.712745666503906
2015-07-28,31.420000076293945,24.950979232788086
2015-07-29,31.81999969482422,25.268625259399414
2015-07-30,31.760000228881836,25.22098159790039
2015-07-31,31.93000030517578,25.355972290039062
2015-08-03,31.610000610351562,25.10186195373535
2015-08-04,31.739999771118164,25.205095291137695
2015-08-05,32.04999923706055,25.451271057128906
2015-08-06,31.450000762939453,24.97480583190918
2015-08-07,31.3799991607666,24.919219970703125
2015-08-10,31.690000534057617,25.165393829345703
2015-08-11,30.719999313354492,24.395099639892578
2015-08-12,29.889999389648438,23.735990524291992
2015-08-13,30.25,24.02187156677246
2015-08-14,30.329999923706055,24.085403442382812
2015-08-17,30.079999923706055,23.886869430541992
2015-08-18,29.899999618530273,23.743928909301758
2015-08-19,29.280000686645508,23.251583099365234
2015-08-20,28.649999618530273,22.751291275024414
2015-08-21,27.65999984741211,21.965118408203125
2015-08-24,25.540000915527344,20.281600952148438
2015-08-25,27.440000534057617,21.790416717529297
2015-08-26,26.81999969482422,21.29806137084961
2015-08-27,28.25,22.722972869873047
2015-08-28,28.3799991607666,22.827537536621094
2015-08-31,28.1200008392334,22.618408203125
2015-09-01,27.260000228881836,21.92665672302246
2015-09-02,27.229999542236328,21.90253257751465
2015-09-03,28.040000915527344,22.554058074951172
2015-09-04,27.1299991607666,21.822093963623047
2015-09-07,26.940000534057617,21.669273376464844
2015-09-08,27.549999237060547,22.159927368164062
2015-09-09,28.010000228881836,22.52992057800293
2015-09-10,27.610000610351562,22.208187103271484
2015-09-11,27.43000030517578,22.063404083251953
2015-09-14,27.489999771118164,22.111661911010742
2015-09-15,27.8799991607666,22.42535972595215
2015-09-16,28.559999465942383,22.972320556640625
2015-09-17,28.420000076293945,22.859716415405273
2015-09-18,28.1299991607666,22.626445770263672
2015-09-21,28.219999313354492,22.698835372924805
2015-09-22,27.639999389648438,22.23230743408203
2015-09-23,27.459999084472656,22.0875301361084
2015-09-24,26.610000610351562,21.40382957458496
2015-09-25,27.299999237060547,21.95884132385254
2015-09-28,26.559999465942383,21.363616943359375
2015-09-29,26.540000915527344,21.347518920898438
2015-09-30,27.510000228881836,22.127750396728516
2015-10-01,27.520000457763672,22.135791778564453
2015-10-02,27.65999984741211,22.2484073638916
2015-10-05,28.770000457763672,23.141239166259766
2015-10-06,28.700000762939453,23.084928512573242
2015-10-07,29.309999465942383,23.575586318969727
2015-10-08,29.389999389648438,23.639936447143555
2015-10-09,29.700000762939453,23.889284133911133
2015-10-12,29.459999084472656,23.69623565673828
2015-10-13,29.100000381469727,23.40666961669922
2015-10-14,28.8700008392334,23.22167205810547
2015-10-15,29.420000076293945,23.664064407348633
2015-10-16,29.739999771118164,23.921459197998047
2015-10-19,29.670000076293945,23.865156173706055
2015-10-20,29.579999923706055,23.792760848999023
2015-10-21,29.329999923706055,23.591670989990234
2015-10-22,30.190000534057617,24.283414840698242
2015-10-23,30.790000915527344,24.766033172607422
2015-10-26,30.520000457763672,24.548852920532227
2015-10-27,30.1200008392334,24.227113723754883
2015-10-28,30.209999084472656,24.299501419067383
2015-10-29,29.8799991607666,24.03406524658203
2015-10-30,29.719999313354492,23.905364990234375
2015-11-02,30.020000457763672,24.146677017211914
2015-11-03,30.610000610351562,24.621248245239258
2015-11-04,30.829999923706055,24.798202514648438
2015-11-05,30.770000457763672,24.749940872192383
2015-11-06,30.549999237060547,24.572982788085938
2015-11-09,30.0,24.130586624145508
2015-11-10,29.940000534057617,24.08232879638672
2015-11-11,29.969999313354492,24.106462478637695
2015-11-12,29.809999465942383,23.977764129638672
2015-11-13,29.299999237060547,23.567541122436523
2015-11-16,29.43000030517578,23.67211151123047
2015-11-17,30.1200008392334,24.227113723754883
2015-11-18,30.139999389648438,24.24319076538086
2015-11-19,30.280000686645508,24.35580825805664
2015-11-20,30.90999984741211,24.8625545501709
2015-11-23,30.84000015258789,24.806245803833008
2015-11-24,30.600000381469727,24.613201141357422
2015-11-25,30.6200008392334,24.629287719726562
2015-11-26,30.700000762939453,24.69363021850586
2015-11-27,30.18000030517578,24.275373458862305
2015-11-30,30.110000610351562,24.219064712524414
2015-12-01,30.1200008392334,24.227113723754883
2015-12-02,30.049999237060547,24.170804977416992
2015-12-03,29.020000457763672,23.34232521057129
2015-12-04,29.030000686645508,23.350372314453125
2015-12-07,28.770000457763672,23.141239166259766
2015-12-08,28.280000686645508,22.747102737426758
2015-12-09,28.06999969482422,22.578189849853516
2015-12-10,27.760000228881836,22.421222686767578
2015-12-11,26.8799991607666,21.710468292236328
2015-12-14,26.729999542236328,21.589313507080078
2015-12-15,27.770000457763672,22.429304122924805
2015-12-16,27.829999923706055,22.477764129638672
2015-12-17,28.31999969482422,22.873531341552734
2015-12-18,28.15999984741211,22.744293212890625
2015-12-21,27.84000015258789,22.4858341217041
2015-12-22,27.989999771118164,22.606992721557617
2015-12-23,28.6200008392334,23.11583137512207
2015-12-25,28.6200008392334,23.11583137512207
2015-12-28,28.110000610351562,22.70391273498535
2015-12-29,28.420000076293945,22.954301834106445
2015-12-30,28.110000610351562,22.70391273498535
2016-01-04,27.290000915527344,22.041614532470703
2016-01-05,27.690000534057617,22.36468505859375
2016-01-06,27.229999542236328,21.99315071105957
2016-01-07,26.43000030517578,21.34701156616211
2016-01-08,25.729999542236328,20.78162956237793
2016-01-11,25.649999618530273,20.717016220092773
2016-01-12,25.809999465942383,20.84624671936035
2016-01-13,26.059999465942383,21.048171997070312
2016-01-14,25.59000015258789,20.668556213378906
2016-01-15,24.670000076293945,19.925493240356445
2016-01-18,24.920000076293945,20.127408981323242
2016-01-19,25.239999771118164,20.385868072509766
2016-01-20,24.270000457763672,19.6024227142334
2016-01-21,24.940000534057617,20.14356803894043
2016-01-22,25.520000457763672,20.612024307250977
2016-01-25,25.479999542236328,20.579708099365234
2016-01-26,25.479999542236328,20.579708099365234
2016-01-27,25.6200008392334,20.692785263061523
2016-01-28,25.469999313354492,20.571630477905273
2016-01-29,26.40999984741211,21.33085823059082
2016-02-01,26.260000228881836,21.209705352783203
2016-02-02,25.709999084472656,20.765478134155273
2016-02-03,25.190000534057617,20.345487594604492
2016-02-04,25.65999984741211,20.72509765625
2016-02-05,25.559999465942383,20.64432716369629
2016-02-08,24.940000534057617,20.14356803894043
2016-02-09,24.31999969482422,19.64280128479004
2016-02-10,24.8799991607666,20.09510040283203
2016-02-11,23.889999389648438,19.295501708984375
2016-02-12,24.670000076293945,19.925493240356445
2016-02-15,25.260000228881836,20.402027130126953
2016-02-16,25.389999389648438,20.507020950317383
2016-02-17,25.979999542236328,20.983556747436523
2016-02-18,25.920000076293945,20.935091018676758
2016-02-19,25.780000686645508,20.822021484375
2016-02-22,26.530000686645508,21.427778244018555
2016-02-23,26.149999618530273,21.1208553314209
2016-02-24,25.56999969482422,20.652406692504883
2016-02-25,25.8700008392334,20.894710540771484
2016-02-26,26.200000762939453,21.161243438720703
2016-02-29,26.639999389648438,21.51662254333496
2016-03-01,27.299999237060547,22.049692153930664
2016-03-02,27.6299991607666,22.316226959228516
2016-03-03,27.639999389648438,22.32430648803711
2016-03-04,28.200000762939453,22.776607513427734
2016-03-07,28.270000457763672,22.833141326904297
2016-03-08,27.639999389648438,22.32430648803711
2016-03-09,27.940000534057617,22.566608428955078
2016-03-10,27.09000015258789,21.932968139648438
2016-03-11,28.020000457763672,22.685930252075195
2016-03-14,28.110000610351562,22.75879669189453
2016-03-15,27.510000228881836,22.273014068603516
2016-03-16,27.649999618530273,22.386362075805664
2016-03-17,28.260000228881836,22.880237579345703
2016-03-18,28.56999969482422,23.131223678588867
2016-03-21,28.59000015258789,23.147415161132812
2016-03-22,28.690000534057617,23.228384017944336
2016-03-23,28.31999969482422,22.928821563720703
2016-03-24,28.0,22.66973114013672
2016-03-29,28.139999389648438,22.783082962036133
2016-03-30,28.68000030517578,23.220287322998047
2016-03-31,28.559999465942383,23.123132705688477
2016-04-01,28.239999771118164,22.864051818847656
2016-04-04,28.170000076293945,22.807373046875
2016-04-05,27.56999969482422,22.321596145629883
2016-04-06,27.559999465942383,22.313493728637695
2016-04-07,27.3799991607666,22.167766571044922
2016-04-08,27.700000762939453,22.426847457885742
2016-04-11,28.040000915527344,22.702116012573242
2016-04-12,28.299999237060547,22.912622451782227
2016-04-13,29.280000686645508,23.706064224243164
2016-04-14,29.260000228881836,23.689868927001953
2016-04-15,29.079999923706055,23.544139862060547
2016-04-18,29.049999237060547,23.519853591918945
2016-04-19,29.329999923706055,23.746545791625977
2016-04-20,29.25,23.68177604675293
2016-04-21,29.229999542236328,23.66558074951172
2016-04-22,29.1299991607666,23.584623336791992
2016-04-25,28.829999923706055,23.341732025146484
2016-04-26,28.889999389648438,23.39030647277832
2016-04-27,28.899999618530273,23.398405075073242
2016-04-28,29.049999237060547,23.519853591918945
2016-04-29,28.239999771118164,22.864051818847656
2016-05-02,28.1299991607666,22.77498435974121
2016-05-03,27.469999313354492,22.240631103515625
2016-05-04,27.110000610351562,21.949161529541016
2016-05-05,27.329999923706055,22.127281188964844
2016-05-06,27.149999618530273,21.981544494628906
2016-05-09,26.889999389648438,21.771039962768555
2016-05-10,27.31999969482422,22.119186401367188
2016-05-11,27.399999618530273,22.1839542388916
2016-05-12,27.270000457763672,22.07870864868164
2016-05-13,27.25,22.062509536743164
2016-05-17,27.280000686645508,22.0867977142334
2016-05-18,27.299999237060547,22.102994918823242
2016-05-19,26.799999237060547,21.698177337646484
2016-05-20,27.270000457763672,22.07870864868164
2016-05-23,27.219999313354492,22.038223266601562
2016-05-24,27.56999969482422,22.321596145629883
2016-05-25,27.84000015258789,22.540193557739258
2016-05-26,27.899999618530273,22.588775634765625
2016-05-27,28.170000076293945,22.807373046875
2016-05-30,28.1299991607666,22.77498435974121
2016-05-31,28.079999923706055,22.7345027923584
2016-06-01,27.920000076293945,22.604961395263672
2016-06-02,28.139999389648438,22.783082962036133
2016-06-03,28.040000915527344,22.702116012573242
2016-06-06,28.3799991607666,22.97739601135254
2016-06-07,28.719999313354492,23.252668380737305
2016-06-08,28.760000228881836,23.285053253173828
2016-06-09,28.610000610351562,23.16361427307129
2016-06-10,28.139999389648438,22.783082962036133
2016-06-13,27.760000228881836,22.475421905517578
2016-06-14,27.559999465942383,22.313493728637695
2016-06-15,27.889999389648438,22.58067512512207
2016-06-16,27.68000030517578,22.48711395263672
2016-06-17,27.6299991607666,22.446495056152344
2016-06-20,28.31999969482422,23.007049560546875
2016-06-21,28.389999389648438,23.063915252685547
2016-06-22,28.600000381469727,23.23451805114746
2016-06-23,28.729999542236328,23.34012222290039
2016-06-24,28.1299991607666,22.852691650390625
2016-06-27,27.6200008392334,22.438365936279297
2016-06-28,28.280000686645508,22.974544525146484
2016-06-29,28.989999771118164,23.55135154724121
2016-06-30,29.270000457763672,23.77882194519043
2016-07-01,29.459999084472656,23.933177947998047
2016-07-04,29.489999771118164,23.957544326782227
2016-07-05,29.059999465942383,23.60821533203125
2016-07-06,28.729999542236328,23.34012222290039
2016-07-07,29.079999923706055,23.624462127685547
2016-07-08,29.559999465942383,24.01441192626953
2016-07-11,29.979999542236328,24.355619430541992
2016-07-12,30.329999923706055,24.63996124267578
2016-07-13,30.0,24.371868133544922
2016-07-14,30.610000610351562,24.867433547973633
2016-07-15,30.6299991607666,24.883682250976562
2016-07-18,30.760000228881836,24.989288330078125
2016-07-19,30.780000686645508,25.005537033081055
2016-07-20,30.940000534057617,25.13552474975586
2016-07-21,30.950000762939453,25.14364242553711
2016-07-22,30.959999084472656,25.15176773071289
2016-07-25,30.829999923706055,25.046159744262695
2016-07-26,30.979999542236328,25.168014526367188
2016-07-27,31.030000686645508,25.208633422851562
2016-07-28,30.68000030517578,24.924301147460938
2016-07-29,30.700000762939453,24.940542221069336
2016-08-01,30.8700008392334,25.078659057617188
2016-08-02,30.329999923706055,24.63996124267578
2016-08-03,30.43000030517578,24.721202850341797
2016-08-04,30.899999618530273,25.103015899658203
2016-08-05,31.280000686645508,25.41172981262207
2016-08-08,31.600000381469727,25.67170524597168
2016-08-09,31.81999969482422,25.850427627563477
2016-08-10,31.469999313354492,25.566089630126953
2016-08-11,31.850000381469727,25.874801635742188
2016-08-12,31.850000381469727,25.874801635742188
2016-08-15,32.16999816894531,26.134767532348633
2016-08-16,31.690000534057617,25.744815826416016
2016-08-17,31.290000915527344,25.419862747192383
2016-08-18,31.6299991607666,25.69607162475586
2016-08-19,31.43000030517578,25.53359603881836
2016-08-22,31.100000381469727,25.26551055908203
2016-08-23,31.3700008392334,25.484846115112305
2016-08-24,31.190000534057617,25.338623046875
2016-08-25,31.18000030517578,25.330495834350586
2016-08-26,31.610000610351562,25.679824829101562
2016-08-29,31.3799991607666,25.49297332763672
2016-08-30,31.489999771118164,25.582338333129883
2016-08-31,31.170000076293945,25.32237434387207
2016-09-01,31.059999465942383,25.233013153076172
2016-09-02,31.729999542236328,25.777315139770508
2016-09-05,32.029998779296875,26.02103042602539
2016-09-06,32.11000061035156,26.086029052734375
2016-09-07,32.15999984741211,26.126646041870117
2016-09-08,32.08000183105469,26.061656951904297
2016-09-09,31.399999618530273,25.509218215942383
2016-09-12,30.940000534057617,25.13552474975586
2016-09-13,30.489999771118164,24.769943237304688
2016-09-14,30.610000610351562,24.867433547973633
2016-09-15,30.700000762939453,25.180137634277344
2016-09-16,30.690000534057617,25.17194366455078
2016-09-19,31.1299991607666,25.532827377319336
2016-09-20,31.040000915527344,25.459014892578125
2016-09-21,31.329999923706055,25.696866989135742
2016-09-22,31.829999923706055,26.106966018676758
2016-09-23,31.700000762939453,26.000341415405273
2016-09-26,31.040000915527344,25.459014892578125
2016-09-27,31.350000381469727,25.713272094726562
2016-09-28,31.440000534057617,25.78709602355957
2016-09-29,31.459999084472656,25.803497314453125
2016-09-30,31.3799991607666,25.737873077392578
2016-10-04,31.81999969482422,26.09876823425293
2016-10-05,31.639999389648438,25.95112419128418
2016-10-06,31.68000030517578,25.983932495117188
2016-10-07,31.700000762939453,26.000341415405273
2016-10-10,32.15999984741211,26.377635955810547
2016-10-11,31.65999984741211,25.967533111572266
2016-10-12,31.690000534057617,25.992141723632812
2016-10-13,31.229999542236328,25.614849090576172
2016-10-14,31.6200008392334,25.934722900390625
2016-10-17,31.530000686645508,25.86090087890625
2016-10-18,32.08000183105469,26.312026977539062
2016-10-19,32.349998474121094,26.533472061157227
2016-10-20,32.380001068115234,26.558082580566406
2016-10-21,32.470001220703125,26.631900787353516
2016-10-24,32.630001068115234,26.76312828063965
2016-10-25,32.63999938964844,26.771331787109375
2016-10-26,32.290000915527344,26.484262466430664
2016-10-27,32.099998474121094,26.328426361083984
2016-10-28,32.02000045776367,26.26280975341797
2016-10-31,31.969999313354492,26.221790313720703
2016-11-01,31.329999923706055,25.696866989135742
2016-11-02,30.809999465942383,25.270360946655273
2016-11-03,30.829999923706055,25.286767959594727
2016-11-04,30.549999237060547,25.05710792541504
2016-11-07,31.600000381469727,25.918323516845703
2016-11-08,31.850000381469727,26.12337303161621
2016-11-09,31.459999084472656,25.803497314453125
2016-11-10,30.59000015258789,25.089916229248047
2016-11-11,29.729999542236328,24.384550094604492
2016-11-14,30.0,24.605998992919922
2016-11-15,30.5,25.016103744506836
2016-11-16,30.489999771118164,25.007904052734375
2016-11-17,30.850000381469727,25.30317497253418
2016-11-18,30.729999542236328,25.204753875732422
2016-11-21,30.93000030517578,25.368789672851562
2016-11-22,31.190000534057617,25.58204460144043
2016-11-23,31.1200008392334,25.524625778198242
2016-11-24,31.209999084472656,25.59844207763672
2016-11-25,31.229999542236328,25.614849090576172
2016-11-28,31.469999313354492,25.811697006225586
2016-11-29,31.40999984741211,25.762483596801758
2016-11-30,31.559999465942383,25.88551139831543
2016-12-01,31.209999084472656,25.59844207763672
2016-12-02,31.0,25.42620277404785
2016-12-05,30.969999313354492,25.401594161987305
2016-12-06,31.010000228881836,25.434404373168945
2016-12-07,31.329999923706055,25.696866989135742
2016-12-08,31.989999771118164,26.238197326660156
2016-12-09,32.22999954223633,26.435054779052734
2016-12-12,31.84000015258789,26.115163803100586
2016-12-13,31.959999084472656,26.213598251342773
2016-12-14,31.760000228881836,26.049556732177734
2016-12-15,31.75,26.088197708129883
2016-12-16,31.59000015258789,25.956735610961914
2016-12-19,31.479999542236328,25.86634635925293
2016-12-20,31.600000381469727,25.964954376220703
2016-12-21,31.450000762939453,25.841697692871094
2016-12-22,30.809999465942383,25.315826416015625
2016-12-23,31.040000915527344,25.504810333251953
2016-12-27,31.239999771118164,25.669143676757812
2016-12-28,31.65999984741211,26.014251708984375
2016-12-29,31.84000015258789,26.162147521972656
2016-12-30,31.729999542236328,26.071767807006836
2017-01-02,31.709999084472656,26.05533218383789
2017-01-03,32.22999954223633,26.482608795166016
2017-01-04,32.279998779296875,26.5236873626709
2017-01-05,32.22999954223633,26.482608795166016
2017-01-06,32.279998779296875,26.5236873626709
2017-01-09,32.279998779296875,26.5236873626709
2017-01-10,32.54999923706055,26.745542526245117
2017-01-11,32.59000015258789,26.778413772583008
2017-01-12,32.540000915527344,26.737327575683594
2017-01-13,32.75,26.909883499145508
2017-01-16,32.58000183105469,26.770193099975586
2017-01-17,32.47999954223633,26.688024520874023
2017-01-18,32.56999969482422,26.76197052001953
2017-01-19,32.470001220703125,26.67981719970703
2017-01-20,32.33000183105469,26.56477165222168
2017-01-23,32.529998779296875,26.729108810424805
2017-01-24,32.84000015258789,26.98382568359375
2017-01-25,33.13999938964844,27.230323791503906
2017-01-26,33.38999938964844,27.435754776000977
2017-01-27,33.16999816894531,27.254976272583008
2017-01-30,32.959999084472656,27.082427978515625
2017-01-31,32.77000045776367,26.926311492919922
2017-02-01,32.9900016784668,27.10708236694336
2017-02-02,32.97999954223633,27.098859786987305
2017-02-03,33.27000045776367,27.3371524810791
2017-02-06,33.38999938964844,27.435754776000977
2017-02-07,33.33000183105469,27.386445999145508
2017-02-08,33.43000030517578,27.468616485595703
2017-02-09,33.7599983215332,27.739778518676758
2017-02-10,34.0099983215332,27.945188522338867
2017-02-13,34.310001373291016,28.191688537597656
2017-02-14,34.2400016784668,28.13417625427246
2017-02-15,34.56999969482422,28.405323028564453
2017-02-16,34.29999923706055,28.1834659576416
2017-02-17,34.20000076293945,28.101308822631836
2017-02-20,34.47999954223633,28.33138084411621
2017-02-21,34.790000915527344,28.586095809936523
2017-02-22,34.90999984741211,28.684694290161133
2017-02-23,34.95000076293945,28.717565536499023
2017-02-24,34.52000045776367,28.364238739013672
2017-02-27,34.27000045776367,28.158823013305664
2017-02-28,34.06999969482422,27.99448585510254
2017-03-01,34.54999923706055,28.38888931274414
2017-03-02,34.33000183105469,28.2081298828125
2017-03-03,34.189998626708984,28.09308433532715
2017-03-06,34.20000076293945,28.101308822631836
2017-03-07,34.290000915527344,28.175254821777344
2017-03-08,34.189998626708984,28.09308433532715
2017-03-09,33.709999084472656,27.698688507080078
2017-03-10,33.689998626708984,27.6822452545166
2017-03-13,34.220001220703125,28.11774444580078
2017-03-14,34.22999954223633,28.12595558166504
2017-03-15,34.41999816894531,28.282068252563477
2017-03-16,34.939998626708984,28.763599395751953
2017-03-17,34.79999923706055,28.648345947265625
2017-03-20,35.220001220703125,28.99410629272461
2017-03-21,34.720001220703125,28.582490921020508
2017-03-22,34.75,28.607179641723633
2017-03-23,34.900001525878906,28.730667114257812
2017-03-24,34.88999938964844,28.722431182861328
2017-03-27,34.47999954223633,28.384916305541992
2017-03-28,34.720001220703125,28.582490921020508
2017-03-29,35.04999923706055,28.854145050048828
2017-03-30,35.11000061035156,28.90354347229004
2017-03-31,34.849998474121094,28.68950653076172
2017-04-03,35.060001373291016,28.862388610839844
2017-04-04,35.209999084472656,28.985857009887695
2017-04-05,35.29999923706055,29.05996322631836
2017-04-06,35.130001068115234,28.92000961303711
2017-04-07,35.220001220703125,28.99410629272461
2017-04-10,34.959999084472656,28.78006362915039
2017-04-11,34.7599983215332,28.615421295166016
2017-04-12,34.90999984741211,28.73889923095703
2017-04-13,35.15999984741211,28.944705963134766
2017-04-18,34.619998931884766,28.500160217285156
2017-04-19,34.5,28.401384353637695
2017-04-20,34.4900016784668,28.39313507080078
2017-04-21,34.790000915527344,28.640113830566406
2017-04-24,34.77000045776367,28.62364387512207
2017-04-25,34.84000015258789,28.681272506713867
2017-04-26,35.060001373291016,28.862388610839844
2017-04-27,34.84000015258789,28.681272506713867
2017-04-28,34.790000915527344,28.640113830566406
2017-05-02,35.220001220703125,28.99410629272461
2017-05-03,35.02000045776367,28.829448699951172
2017-05-04,34.65999984741211,28.533090591430664
2017-05-05,34.54999923706055,28.442533493041992
2017-05-08,34.93000030517578,28.75536346435547
2017-05-09,35.470001220703125,29.199901580810547
2017-05-10,35.68000030517578,29.372787475585938
2017-05-11,35.63999938964844,29.33985137939453
2017-05-12,35.75,29.43041229248047
2017-05-15,35.81999969482422,29.4880428314209
2017-05-16,35.58000183105469,29.290464401245117
2017-05-17,35.02000045776367,28.829448699951172
2017-05-18,34.380001068115234,28.302593231201172
2017-05-19,34.790000915527344,28.640113830566406
2017-05-22,34.72999954223633,28.590723037719727
2017-05-23,34.790000915527344,28.640113830566406
2017-05-24,34.9900016784668,28.804763793945312
2017-05-25,35.099998474121094,28.895305633544922
2017-05-26,35.31999969482422,29.076417922973633
2017-05-29,35.27000045776367,29.035268783569336
2017-05-30,35.11000061035156,28.90354347229004
2017-05-31,34.70000076293945,28.56601905822754
2017-06-01,34.959999084472656,28.78006362915039
2017-06-02,35.0099983215332,28.82121467590332
2017-06-05,35.0099983215332,28.82121467590332
2017-06-06,35.02000045776367,28.829448699951172
2017-06-07,34.970001220703125,28.788299560546875
2017-06-08,35.34000015258789,29.0928897857666
2017-06-09,35.470001220703125,29.199901580810547
2017-06-12,34.97999954223633,28.796525955200195
2017-06-13,35.08000183105469,28.87885284423828
2017-06-14,35.09000015258789,28.8870792388916
2017-06-15,34.790000915527344,28.725643157958984
2017-06-16,34.650001525878906,28.610044479370117
2017-06-19,35.189998626708984,29.055910110473633
2017-06-20,35.060001373291016,28.948577880859375
2017-06-21,35.0,28.89904022216797
2017-06-22,35.16999816894531,29.03940773010254
2017-06-23,35.13999938964844,29.014638900756836
2017-06-26,35.349998474121094,29.188032150268555
2017-06-27,34.97999954223633,28.88252830505371
2017-06-28,34.75,28.692615509033203
2017-06-29,34.20000076293945,28.23849105834961
2017-06-30,34.459999084472656,28.453174591064453
2017-07-03,34.709999084472656,28.659584045410156
2017-07-04,34.599998474121094,28.568756103515625
2017-07-05,34.61000061035156,28.5770206451416
2017-07-06,34.15999984741211,28.205463409423828
2017-07-07,34.20000076293945,28.23849105834961
2017-07-10,34.540000915527344,28.51921844482422
2017-07-11,34.599998474121094,28.568756103515625
2017-07-12,35.36000061035156,29.19628143310547
2017-07-13,35.630001068115234,29.41921615600586
2017-07-14,35.810001373291016,29.56785011291504
2017-07-17,35.7400016784668,29.510047912597656
2017-07-18,35.459999084472656,29.27886390686035
2017-07-19,35.93000030517578,29.666929244995117
2017-07-20,35.540000915527344,29.344911575317383
2017-07-21,35.45000076293945,29.270597457885742
2017-07-24,35.56999969482422,29.36968231201172
2017-07-25,35.59000015258789,29.38619613647461
2017-07-26,35.650001525878906,29.435739517211914
2017-07-27,35.849998474121094,29.60087013244629
2017-07-28,35.25,29.105459213256836
2017-07-31,35.189998626708984,29.055910110473633
2017-08-01,35.349998474121094,29.188032150268555
2017-08-02,35.119998931884766,28.998119354248047
2017-08-03,34.939998626708984,28.849498748779297
2017-08-04,35.43000030517578,29.25408363342285
2017-08-07,35.560001373291016,29.36142349243164
2017-08-08,35.9900016784668,29.71647071838379
2017-08-09,35.400001525878906,29.229320526123047
2017-08-10,34.900001525878906,28.816471099853516
2017-08-11,34.5099983215332,28.49445343017578
2017-08-14,35.08000183105469,28.965099334716797
2017-08-15,35.150001525878906,29.02289390563965
2017-08-16,35.5099983215332,29.320133209228516
2017-08-17,35.29999923706055,29.146751403808594
2017-08-18,35.34000015258789,29.17977523803711
2017-08-21,35.22999954223633,29.088945388793945
2017-08-22,35.72999954223633,29.501785278320312
2017-08-23,35.66999816894531,29.452255249023438
2017-08-24,35.77000045776367,29.534814834594727
2017-08-25,35.83000183105469,29.584360122680664
2017-08-28,35.470001220703125,29.287109375
2017-08-29,35.09000015258789,28.973356246948242
2017-08-30,35.529998779296875,29.336652755737305
2017-08-31,35.75,29.518310546875
2017-09-01,36.0,29.72472381591797
2017-09-04,35.61000061035156,29.4027099609375
2017-09-05,35.560001373291016,29.36142349243164
2017-09-06,35.5,29.31187629699707
2017-09-07,35.529998779296875,29.336652755737305
2017-09-08,35.33000183105469,29.171518325805664
2017-09-11,35.959999084472656,29.691694259643555
2017-09-12,36.04999923706055,29.766019821166992
2017-09-13,36.029998779296875,29.749496459960938
2017-09-14,35.84000015258789,29.867298126220703
2017-09-15,35.70000076293945,29.75063133239746
2017-09-18,36.0,30.000627517700195
2017-09-19,35.81999969482422,29.85062599182129
2017-09-20,35.84000015258789,29.867298126220703
2017-09-21,35.939998626708984,29.95063591003418
2017-09-22,35.619998931884766,29.6839599609375
2017-09-25,35.40999984741211,29.508953094482422
2017-09-26,35.529998779296875,29.608959197998047
2017-09-27,35.36000061035156,29.467281341552734
2017-09-28,35.22999954223633,29.358943939208984
2017-09-29,35.58000183105469,29.650630950927734
2017-10-02,35.900001525878906,29.91729736328125
2017-10-03,35.900001525878906,29.91729736328125
2017-10-04,36.38999938964844,30.325641632080078
2017-10-05,36.81999969482422,30.683969497680664
2017-10-06,36.5099983215332,30.425640106201172
2017-10-09,36.41999816894531,30.35063362121582
2017-10-10,36.61000061035156,30.508970260620117
2017-10-11,36.61000061035156,30.508970260620117
2017-10-12,36.7599983215332,30.633970260620117
2017-10-13,37.04999923706055,30.87565040588379
2017-10-16,37.13999938964844,30.95064353942871
2017-10-17,37.040000915527344,30.867311477661133
2017-10-18,37.08000183105469,30.900653839111328
2017-10-19,36.5,30.417295455932617
2017-10-20,36.88999938964844,30.7423095703125
2017-10-23,36.7400016784668,30.617311477661133
2017-10-24,36.75,30.625646591186523
2017-10-25,36.29999923706055,30.250627517700195
2017-10-26,36.75,30.625646591186523
2017-10-27,37.2400016784668,31.03399085998535
2017-10-30,36.939998626708984,30.783977508544922
2017-10-31,36.939998626708984,30.783977508544922
2017-11-01,37.63999938964844,31.367321014404297
2017-11-02,37.439998626708984,31.20065689086914
2017-11-03,37.4900016784668,31.24233055114746
2017-11-06,37.790000915527344,31.492340087890625
2017-11-07,37.79999923706055,31.500659942626953
2017-11-08,37.83000183105469,31.525659561157227
2017-11-09,37.459999084472656,31.217323303222656
2017-11-10,37.27000045776367,31.058988571166992
2017-11-13,37.25,31.042320251464844
2017-11-14,36.66999816894531,30.55897331237793
2017-11-15,36.43000030517578,30.35896873474121
2017-11-16,37.11000061035156,30.925649642944336
2017-11-17,37.29999923706055,31.083988189697266
2017-11-20,37.560001373291016,31.3006591796875
2017-11-21,38.189998626708984,31.82566261291504
2017-11-22,37.959999084472656,31.63399314880371
2017-11-23,37.70000076293945,31.41732406616211
2017-11-24,37.5,31.250648498535156
2017-11-27,37.09000015258789,30.90898895263672
2017-11-28,37.439998626708984,31.20065689086914
2017-11-29,37.029998779296875,30.858983993530273
2017-11-30,36.5099983215332,30.425640106201172
2017-12-01,36.11000061035156,30.09230613708496
2017-12-04,36.560001373291016,30.46731185913086
2017-12-05,36.65999984741211,30.550649642944336
2017-12-06,35.95000076293945,29.95896339416504
2017-12-07,36.20500183105469,30.171466827392578
2017-12-08,36.61000061035156,30.508970260620117
2017-12-11,36.73500061035156,30.61314582824707
2017-12-12,36.654998779296875,30.546472549438477
2017-12-13,36.95000076293945,30.792301177978516
2017-12-14,36.849998474121094,30.736108779907227
2017-12-15,36.82500076293945,30.715259552001953
2017-12-18,37.16999816894531,31.00301170349121
2017-12-19,36.880001068115234,30.76112937927246
2017-12-20,36.810001373291016,30.702741622924805
2017-12-21,37.0099983215332,30.869564056396484
2017-12-22,37.20000076293945,31.028039932250977
2017-12-27,37.2599983215332,31.07808494567871
2017-12-28,37.349998474121094,31.153146743774414
2017-12-29,37.47999954223633,31.261571884155273
2018-01-02,37.72700119018555,31.46759605407715
2018-01-03,38.310001373291016,31.95387077331543
2018-01-04,38.39099884033203,32.02143478393555
2018-01-05,38.821998596191406,32.380916595458984
2018-01-08,39.040000915527344,32.5627555847168
2018-01-09,39.13399887084961,32.64115905761719
2018-01-10,38.7239990234375,32.29918670654297
2018-01-11,38.58000183105469,32.1790771484375
2018-01-12,38.777000427246094,32.343387603759766
2018-01-15,38.301998138427734,31.94719123840332
2018-01-16,38.715999603271484,32.29250717163086
2018-01-17,38.81999969482422,32.37925720214844
2018-01-18,38.89699935913086,32.443477630615234
2018-01-19,39.183998107910156,32.68286895751953
2018-01-22,39.33700180053711,32.81047058105469
2018-01-23,39.527000427246094,32.96895980834961
2018-01-24,39.33300018310547,32.80714416503906
2018-01-25,39.41400146484375,32.87470626831055
2018-01-26,39.814998626708984,33.209171295166016
2018-01-29,39.680999755859375,33.097408294677734
2018-01-30,38.85599899291992,32.409278869628906
2018-01-31,39.06700134277344,32.58527755737305
2018-02-01,38.625999450683594,32.217445373535156
2018-02-02,37.895999908447266,31.608566284179688
2018-02-05,37.689998626708984,31.436742782592773
2018-02-06,36.926998138427734,30.800331115722656
2018-02-07,37.505001068115234,31.282426834106445
2018-02-08,36.29399871826172,30.272356033325195
2018-02-09,35.823001861572266,29.879499435424805
2018-02-12,36.4900016784668,30.43583869934082
2018-02-13,36.55099868774414,30.486711502075195
2018-02-14,36.95600128173828,30.82451820373535
2018-02-15,37.676998138427734,31.425880432128906
2018-02-16,38.198001861572266,31.860448837280273
2018-02-19,37.823001861572266,31.547670364379883
2018-02-20,37.775001525878906,31.507631301879883
2018-02-21,38.33300018310547,31.97306251525879
2018-02-22,38.064998626708984,31.7495174407959
2018-02-23,38.35100173950195,31.988079071044922
2018-02-26,38.60900115966797,32.203269958496094
2018-02-27,38.20399856567383,31.86546516418457
2018-02-28,37.82600021362305,31.550168991088867
2018-03-01,37.94599914550781,31.650257110595703
2018-03-02,36.779998779296875,30.677719116210938
2018-03-05,37.21900177001953,31.043882369995117
2018-03-06,37.36399841308594,31.164823532104492
2018-03-07,37.2760009765625,31.0914249420166
2018-03-08,37.64899826049805,31.40253448486328
2018-03-09,38.2859992980957,31.933849334716797
2018-03-12,38.49700164794922,32.10984802246094
2018-03-13,38.15599822998047,31.825428009033203
2018-03-14,38.0890007019043,31.769550323486328
2018-03-15,38.209999084472656,31.938854217529297
2018-03-16,38.189998626708984,31.922142028808594
2018-03-19,37.5099983215332,31.353750228881836
2018-03-20,38.242000579833984,31.965604782104492
2018-03-21,38.24700164794922,31.969789505004883
2018-03-22,37.3390007019043,31.210817337036133
2018-03-23,36.599998474121094,30.593090057373047
2018-03-26,36.60599899291992,30.598112106323242
2018-03-27,37.10900115966797,31.01856803894043
2018-03-28,36.459999084472656,30.4760799407959
2018-03-29,37.08100128173828,30.995168685913086
2018-04-03,37.00299835205078,30.92995834350586
2018-04-04,36.625999450683594,30.61483383178711
2018-04-05,37.54199981689453,31.380495071411133
2018-04-06,36.76300048828125,30.729345321655273
2018-04-09,36.779998779296875,30.743558883666992
2018-04-10,36.94499969482422,30.88147735595703
2018-04-11,36.88800048828125,30.833816528320312
2018-04-12,37.12799835205078,31.034442901611328
2018-04-13,36.82400131225586,30.78034019470215
2018-04-16,36.492000579833984,30.50282859802246
2018-04-17,36.7869987487793,30.749408721923828
2018-04-18,36.97700119018555,30.90822982788086
2018-04-19,36.974998474121094,30.90654754638672
2018-04-20,36.720001220703125,30.693405151367188
2018-04-23,36.816001892089844,30.773658752441406
2018-04-24,36.72600173950195,30.69841957092285
2018-04-25,36.16600036621094,30.23032569885254
2018-04-26,36.77299880981445,30.737712860107422
2018-04-27,37.12200164794922,31.029436111450195
2018-04-30,37.310001373291016,31.186574935913086
2018-05-02,37.15700149536133,31.058687210083008
2018-05-03,36.428001403808594,30.449329376220703
2018-05-04,36.95199966430664,30.8873348236084
2018-05-07,36.9630012512207,30.89651870727539
2018-05-08,37.058998107910156,30.976762771606445
2018-05-09,37.165000915527344,31.065372467041016
2018-05-10,37.95899963378906,31.729061126708984
2018-05-11,37.7400016784668,31.545997619628906
2018-05-14,37.85200119018555,31.639604568481445
2018-05-15,37.29999923706055,31.17821502685547
2018-05-16,37.91400146484375,31.69145393371582
2018-05-17,37.60599899291992,31.433984756469727
2018-05-18,37.20100021362305,31.095457077026367
2018-05-21,37.20100021362305,31.095457077026367
2018-05-22,37.61199951171875,31.439008712768555
2018-05-23,37.46900177001953,31.319488525390625
2018-05-24,37.2239990234375,31.11468505859375
2018-05-25,37.82899856567383,31.62039566040039
2018-05-28,37.84400177001953,31.63292694091797
2018-05-29,37.500999450683594,31.34622573852539
2018-05-30,37.119998931884766,31.02776336669922
2018-05-31,37.10499954223633,31.015216827392578
2018-06-01,37.56100082397461,31.396377563476562
2018-06-04,37.95600128173828,31.726551055908203
2018-06-05,37.79800033569336,31.5944766998291
2018-06-06,37.84400177001953,31.63292694091797
2018-06-07,37.500999450683594,31.34622573852539
2018-06-08,37.27000045776367,31.15314292907715
2018-06-11,37.30500030517578,31.182395935058594
2018-06-12,37.347999572753906,31.218332290649414
2018-06-13,37.34400177001953,31.214994430541992
2018-06-14,37.34600067138672,31.32705307006836
2018-06-15,36.63399887084961,30.729801177978516
2018-06-18,36.3380012512207,30.48151397705078
2018-06-19,36.063499450683594,30.251243591308594
2018-06-20,36.33649826049805,30.48024559020996
2018-06-21,35.81999969482422,30.046993255615234
2018-06-22,35.990501403808594,30.19001579284668
2018-06-25,35.10749816894531,29.449323654174805
2018-06-26,35.25149917602539,29.57011604309082
2018-06-27,35.12799835205078,29.466520309448242
2018-06-28,34.88999938964844,29.26688003540039
2018-06-29,35.455501556396484,29.74123764038086
2018-07-02,35.03900146484375,29.39185905456543
2018-07-03,35.242000579833984,29.56214714050293
2018-07-04,35.053001403808594,29.403610229492188
2018-07-05,34.871498107910156,29.251352310180664
2018-07-06,35.209999084472656,29.535314559936523
2018-07-09,35.672000885009766,29.92284393310547
2018-07-10,35.63999938964844,29.896005630493164
2018-07-11,35.19599914550781,29.5235595703125
2018-07-12,35.63949966430664,29.895586013793945
2018-07-13,35.804500579833984,30.03399085998535
2018-07-16,35.36199951171875,29.662813186645508
2018-07-17,35.689998626708984,29.93794059753418
2018-07-18,35.7130012512207,29.957250595092773
2018-07-19,35.472999572753906,29.75591278076172
2018-07-20,35.72200012207031,29.964780807495117
2018-07-23,35.459999084472656,29.745014190673828
2018-07-24,36.09000015258789,30.273469924926758
2018-07-25,36.319000244140625,30.465576171875
2018-07-26,36.422000885009766,30.55196762084961
2018-07-27,36.5620002746582,30.669403076171875
2018-07-30,36.21699905395508,30.380014419555664
2018-07-31,36.29499816894531,30.445432662963867
2018-08-01,36.2599983215332,30.41608238220215
2018-08-02,35.770999908447266,30.00588607788086
2018-08-03,36.21900177001953,30.381689071655273
2018-08-06,36.104000091552734,30.285219192504883
2018-08-07,36.46799850463867,30.59056282043457
2018-08-08,36.24700164794922,30.405174255371094
2018-08-09,36.38999938964844,30.525117874145508
2018-08-10,36.03099822998047,30.22397804260254
2018-08-13,35.51499938964844,29.791154861450195
2018-08-14,35.66699981689453,29.918649673461914
2018-08-15,34.79899978637695,29.19054412841797
2018-08-16,35.090999603271484,29.43548011779785
2018-08-17,34.78499984741211,29.178802490234375
2018-08-20,35.15800094604492,29.491687774658203
2018-08-21,35.38999938964844,29.686294555664062
2018-08-22,35.38600158691406,29.68293571472168
2018-08-23,35.152000427246094,29.486648559570312
2018-08-24,35.415000915527344,29.7072696685791
2018-08-27,35.89500045776367,30.109909057617188
2018-08-28,35.599998474121094,29.862445831298828
2018-08-29,35.73400115966797,29.974849700927734
2018-08-30,35.13399887084961,29.471548080444336
2018-08-31,35.14899826049805,29.484132766723633
2018-09-03,35.15399932861328,29.488330841064453
2018-09-04,34.83000183105469,29.216550827026367
2018-09-05,34.073001861572266,28.581552505493164
2018-09-06,34.082000732421875,28.58910369873047
2018-09-07,34.30400085449219,28.775325775146484
2018-09-10,33.82699966430664,28.375192642211914
2018-09-11,33.63800048828125,28.21666145324707
2018-09-12,33.944000244140625,28.473339080810547
2018-09-13,33.74300003051758,28.599119186401367
2018-09-14,34.04600143432617,28.855924606323242
2018-09-17,33.59199905395508,28.471134185791016
2018-09-18,33.832000732421875,28.674543380737305
2018-09-19,34.23500061035156,29.016115188598633
2018-09-20,34.24599838256836,29.025442123413086
2018-09-21,34.595001220703125,29.321237564086914
2018-09-24,34.1150016784668,28.914405822753906
2018-09-25,34.22100067138672,29.004249572753906
2018-09-26,34.527000427246094,29.26360321044922
2018-09-27,34.849998474121094,29.537363052368164
2018-09-28,34.847999572753906,29.535667419433594
2018-10-01,34.95000076293945,29.622119903564453
2018-10-02,34.58399963378906,29.311920166015625
2018-10-04,33.608001708984375,28.484697341918945
2018-10-05,33.26900100708008,28.197370529174805
2018-10-08,33.30099868774414,28.2244930267334
2018-10-09,33.42300033569336,28.327905654907227
2018-10-10,32.59700012207031,27.6278133392334
2018-10-11,31.89699935913086,27.034526824951172
2018-10-12,32.696998596191406,27.71257209777832
2018-10-15,32.5,27.545604705810547
2018-10-16,33.027000427246094,27.99226188659668
2018-10-17,32.95500183105469,27.931241989135742
2018-10-18,32.34299850463867,27.41252899169922
2018-10-19,32.54800033569336,27.586288452148438
2018-10-22,32.89799880981445,27.88292694091797
2018-10-23,32.150001525878906,27.248960494995117
2018-10-24,32.095001220703125,27.202341079711914
2018-10-25,32.409000396728516,27.468475341796875
2018-10-26,31.863000869750977,27.005712509155273
2018-10-29,31.75,26.909931182861328
2018-10-30,31.867000579833984,27.009103775024414
2018-10-31,32.564998626708984,27.600692749023438
2018-11-01,33.332000732421875,28.250774383544922
2018-11-02,33.63800048828125,28.51011848449707
2018-11-05,33.68000030517578,28.54572105407715
2018-11-06,33.59199905395508,28.471134185791016
2018-11-07,33.91999816894531,28.749122619628906
2018-11-08,33.75299835205078,28.60759162902832
2018-11-09,33.053001403808594,28.01430320739746
2018-11-12,32.85300064086914,27.844785690307617
2018-11-13,33.380001068115234,28.29144859313965
2018-11-14,33.112998962402344,28.065149307250977
2018-11-15,33.66400146484375,28.532155990600586
2018-11-16,33.4739990234375,28.371116638183594
2018-11-19,33.2400016784668,28.17279624938965
2018-11-20,32.762001037597656,27.767667770385742
2018-11-21,33.345001220703125,28.26179313659668
2018-11-22,32.95899963378906,27.934629440307617
2018-11-23,33.07899856567383,28.036338806152344
2018-11-26,33.400001525878906,28.308408737182617
2018-11-27,33.650001525878906,28.520301818847656
2018-11-28,33.893001556396484,28.726253509521484
2018-11-29,34.09400177001953,28.8966064453125
2018-11-30,34.02299880981445,28.83642578125
2018-12-03,34.70399856567383,29.413618087768555
2018-12-04,34.659000396728516,29.37548065185547
2018-12-05,34.18899917602539,28.977123260498047
2018-12-06,33.058998107910156,28.019380569458008
2018-12-07,33.39699935913086,28.30586051940918
2018-12-10,32.47600173950195,27.525266647338867
2018-12-11,33.10599899291992,28.05922508239746
2018-12-12,33.7140007019043,28.57453727722168
2018-12-13,33.604000091552734,28.541439056396484
2018-12-14,33.50299835205078,28.455642700195312
2018-12-17,33.159000396728516,28.163476943969727
2018-12-18,32.91299819946289,27.95453453063965
2018-12-19,32.935001373291016,27.973224639892578
2018-12-20,32.47600173950195,27.583377838134766
2018-12-21,32.55699920654297,27.652164459228516
2018-12-27,32.27000045776367,27.40841293334961
2018-12-28,32.641998291015625,27.724367141723633
2019-01-02,32.8650016784668,27.913772583007812
2019-01-03,32.25899887084961,27.399063110351562
2019-01-04,33.11899948120117,28.129501342773438
2019-01-07,33.012001037597656,28.03862190246582
2019-01-08,33.077999114990234,28.094680786132812
2019-01-09,33.595001220703125,28.533798217773438
2019-01-10,33.762001037597656,28.675634384155273
2019-01-11,33.85499954223633,28.754615783691406
2019-01-14,33.611000061035156,28.547378540039062
2019-01-15,34.08300018310547,28.948270797729492
2019-01-16,34.483001708984375,29.288009643554688
2019-01-17,34.400001525878906,29.217512130737305
2019-01-18,34.94599914550781,29.68126106262207
2019-01-21,34.72200012207031,29.491004943847656
2019-01-22,34.4739990234375,29.280364990234375
2019-01-23,34.345001220703125,29.170804977416992
2019-01-24,34.87900161743164,29.62435531616211
2019-01-25,35.20000076293945,29.89698600769043
2019-01-28,34.60900115966797,29.395030975341797
2019-01-29,34.7869987487793,29.54621124267578
2019-01-30,34.96099853515625,29.693992614746094
2019-01-31,35.680999755859375,30.30552864074707
2019-02-01,35.505001068115234,30.156044006347656
2019-02-04,35.72200012207031,30.340356826782227
2019-02-05,36.11199951171875,30.671600341796875
2019-02-06,35.99300003051758,30.57052230834961
2019-02-07,35.25699996948242,29.945409774780273
2019-02-08,35.19900131225586,29.896148681640625
2019-02-11,35.56700134277344,30.208696365356445
2019-02-12,35.689998626708984,30.31317138671875
2019-02-13,35.53099822998047,30.178123474121094
2019-02-14,35.33000183105469,30.007402420043945
2019-02-15,35.54100036621094,30.18662452697754
2019-02-18,35.50699996948242,30.157739639282227
2019-02-19,35.51900100708008,30.16792869567871
2019-02-20,35.9119987487793,30.501726150512695
2019-02-21,35.62900161743164,30.2613582611084
2019-02-22,36.16899871826172,30.720012664794922
2019-02-25,36.60599899291992,31.091175079345703
2019-02-26,36.30400085449219,30.834671020507812
2019-02-27,36.007999420166016,30.583263397216797
2019-02-28,35.59299850463867,30.230785369873047
2019-03-01,35.582000732421875,30.2214412689209
2019-03-04,35.72200012207031,30.340356826782227
2019-03-05,36.25299835205078,30.79135513305664
2019-03-06,36.143001556396484,30.69792366027832
2019-03-07,35.82600021362305,30.428691864013672
2019-03-08,35.26599884033203,29.953052520751953
2019-03-11,35.95600128173828,30.539100646972656
2019-03-12,36.0359992980957,30.6070499420166
2019-03-13,35.90599822998047,30.49662971496582
2019-03-14,35.689998626708984,30.38713264465332
2019-03-15,36.15700149536133,30.784748077392578
2019-03-18,36.391998291015625,30.98482894897461
2019-03-19,36.55699920654297,31.125314712524414
2019-03-20,36.12799835205078,30.76004981994629
2019-03-21,36.26900100708008,30.880111694335938
2019-03-22,35.81100082397461,30.49015998840332
2019-03-25,35.70800018310547,30.40245819091797
2019-03-26,35.84000015258789,30.514863967895508
2019-03-27,35.63999938964844,30.344568252563477
2019-03-28,35.7400016784668,30.429718017578125
2019-03-29,36.30799865722656,30.91330909729004
2019-04-01,36.84299850463867,31.368818283081055
2019-04-02,36.81800079345703,31.347537994384766
2019-04-03,37.178001403808594,31.654050827026367
2019-04-04,37.18600082397461,31.66086196899414
2019-04-05,37.50600051879883,31.933311462402344
2019-04-08,37.297000885009766,31.755374908447266
2019-04-09,37.297000885009766,31.755374908447266
2019-04-10,37.48699951171875,31.917129516601562
2019-04-11,37.047000885009766,31.542509078979492
2019-04-12,37.231998443603516,31.70002555847168
2019-04-15,36.9640007019043,31.47184944152832
2019-04-16,37.27399826049805,31.735788345336914
2019-04-17,37.32899856567383,31.782609939575195
2019-04-18,37.53799819946289,31.960554122924805
2019-04-23,37.481998443603516,31.912885665893555
2019-04-24,37.180999755859375,31.656606674194336
2019-04-25,37.111000061035156,31.597003936767578
2019-04-26,37.28099822998047,31.74174690246582
2019-04-29,37.27399826049805,31.735788345336914
2019-04-30,37.02299880981445,31.52207374572754
2019-05-02,36.9900016784668,31.493980407714844
2019-05-03,37.44900131225586,31.88478660583496
2019-05-06,36.553001403808594,31.121919631958008
2019-05-07,36.06100082397461,30.703020095825195
2019-05-08,36.00600051879883,30.65618324279785
2019-05-09,34.840999603271484,29.66427993774414
2019-05-10,34.97100067138672,29.77496910095215
2019-05-13,34.25600051879883,29.166200637817383
2019-05-14,34.91600036621094,29.72813606262207
2019-05-15,34.90299987792969,29.71706771850586
2019-05-16,35.125999450683594,29.906938552856445
2019-05-17,34.42300033569336,29.308385848999023
2019-05-20,34.1150016784668,29.046152114868164
2019-05-21,34.426998138427734,29.311796188354492
2019-05-22,34.4630012512207,29.342456817626953
2019-05-23,34.018001556396484,28.963560104370117
2019-05-24,33.891998291015625,28.856285095214844
2019-05-27,34.03099822998047,28.974628448486328
2019-05-28,34.10200119018555,29.035083770751953
2019-05-29,34.150001525878906,29.075950622558594
2019-05-30,34.58599853515625,29.447174072265625
2019-05-31,34.630001068115234,29.48464012145996
2019-06-03,34.82400131225586,29.649808883666992
2019-06-04,34.62699890136719,29.48208999633789
2019-06-05,34.402000427246094,29.29050636291504
2019-06-06,34.270999908447266,29.17897605895996
2019-06-07,34.52399826049805,29.394376754760742
2019-06-11,35.23899841308594,30.003149032592773
2019-06-12,34.909000396728516,29.722177505493164
2019-06-13,34.790000915527344,29.738296508789062
2019-06-14,34.768001556396484,29.719501495361328
2019-06-17,34.715999603271484,29.675045013427734
2019-06-18,35.65399932861328,30.476842880249023
2019-06-19,35.611000061035156,30.440088272094727
2019-06-20,36.14099884033203,30.893129348754883
2019-06-21,35.94300079345703,30.723873138427734
2019-06-24,35.67900085449219,30.49820899963379
2019-06-25,35.51499938964844,30.35802459716797
2019-06-26,35.68299865722656,30.50162124633789
2019-06-27,35.861000061035156,30.653785705566406
2019-06-28,35.83599853515625,30.632408142089844
2019-07-01,36.569000244140625,31.25897789001465
2019-07-02,36.49800109863281,31.19828987121582
2019-07-03,36.42499923706055,31.13587760925293
2019-07-04,36.64699935913086,31.325658798217773
2019-07-05,36.4640007019043,31.169221878051758
2019-07-08,36.233001708984375,30.97176742553711
2019-07-09,36.124000549316406,30.87859535217285
2019-07-10,36.30500030517578,31.033321380615234
2019-07-11,36.196998596191406,30.940994262695312
2019-07-12,36.12900161743164,30.882869720458984
2019-07-15,36.34400177001953,31.066640853881836
2019-07-16,36.54100036621094,31.235036849975586
2019-07-17,36.32400131225586,31.04954719543457
2019-07-18,36.29399871826172,31.02391242980957
2019-07-19,36.50600051879883,31.205116271972656
2019-07-22,36.43899917602539,31.14784812927246
2019-07-23,36.58700180053711,31.27436065673828
2019-07-24,36.680999755859375,31.354713439941406
2019-07-25,36.44300079345703,31.151269912719727
2019-07-26,36.52299880981445,31.219650268554688
2019-07-29,36.33399963378906,31.058109283447266
2019-07-30,36.09700012207031,30.85551643371582
2019-07-31,36.06800079345703,30.830730438232422
2019-08-01,36.20500183105469,30.947830200195312
2019-08-02,34.70600128173828,29.666507720947266
2019-08-05,33.40399932861328,28.553550720214844
2019-08-06,33.500999450683594,28.636459350585938
2019-08-07,33.42599868774414,28.572355270385742
2019-08-08,34.11899948120117,29.16472625732422
2019-08-09,33.75299835205078,28.85187530517578
2019-08-12,33.42399978637695,28.570650100708008
2019-08-13,33.94599914550781,29.016845703125
2019-08-14,33.284000396728516,28.450979232788086
2019-08-15,33.415000915527344,28.562955856323242
2019-08-16,33.93000030517578,29.003177642822266
2019-08-19,34.180999755859375,29.21772003173828
2019-08-20,34.233001708984375,29.262176513671875
2019-08-21,34.42900085449219,29.42971420288086
2019-08-22,34.084999084472656,29.135663986206055
2019-08-23,33.56800079345703,28.693744659423828
2019-08-26,33.69200134277344,28.799732208251953
2019-08-27,33.861000061035156,28.94418716430664
2019-08-28,33.869998931884766,28.951887130737305
2019-08-29,34.244998931884766,29.272432327270508
2019-08-30,34.66999816894531,29.635719299316406
2019-09-02,34.71500015258789,29.67418670654297
2019-09-03,34.625,29.59726333618164
2019-09-04,34.98500061035156,29.904977798461914
2019-09-05,35.40999984741211,30.268272399902344
2019-09-06,35.58000183105469,30.413591384887695
2019-09-09,35.665000915527344,30.48624610900879
2019-09-10,35.50299835205078,30.34776496887207
2019-09-11,36.018001556396484,30.78798484802246
2019-09-12,35.755001068115234,30.890045166015625
2019-09-13,35.869998931884766,30.98938751220703
2019-09-16,35.92399978637695,31.03604507446289
2019-09-17,35.507999420166016,30.67664337158203
2019-09-18,35.45399856567383,30.6299991607666
2019-09-19,35.57600021362305,30.735389709472656
2019-09-20,35.698001861572266,30.840797424316406
2019-09-23,35.56700134277344,30.727617263793945
2019-09-24,35.2859992980957,30.48485565185547
2019-09-25,35.24800109863281,30.45201873779297
2019-09-26,35.380001068115234,30.566062927246094
2019-09-27,35.430999755859375,30.610118865966797
2019-09-30,35.36000061035156,30.54878044128418
2019-10-01,35.025001525878906,30.259374618530273
2019-10-02,34.5099983215332,29.814435958862305
2019-10-04,34.95899963378906,30.202348709106445
2019-10-07,34.895999908447266,30.147920608520508
2019-10-08,34.720001220703125,29.99587059020996
2019-10-09,34.821998596191406,30.083982467651367
2019-10-10,35.15999984741211,30.376001358032227
2019-10-11,35.733001708984375,30.87104034423828
2019-10-14,35.51100158691406,30.679237365722656
2019-10-15,35.66299819946289,30.8105525970459
2019-10-16,35.64400100708008,30.794139862060547
2019-10-17,35.654998779296875,30.803647994995117
2019-10-18,35.45399856567383,30.6299991607666
2019-10-21,35.49399948120117,30.6645565032959
2019-10-22,35.76499938964844,30.898672103881836
2019-10-23,35.7239990234375,30.863258361816406
2019-10-24,35.987998962402344,31.091339111328125
2019-10-25,36.104000091552734,31.191547393798828
2019-10-28,36.354000091552734,31.407533645629883
2019-10-29,36.1510009765625,31.232152938842773
2019-10-30,36.02000045776367,31.118988037109375
2019-10-31,35.76599884033203,30.8995361328125
2019-11-01,36.27299880981445,31.337560653686523
2019-11-04,36.82099914550781,31.81099510192871
2019-11-05,37.26100158691406,32.19112777709961
2019-11-06,37.279998779296875,32.207542419433594
2019-11-07,37.58300018310547,32.469322204589844
2019-11-08,37.32500076293945,32.24641799926758
2019-11-11,36.880001068115234,31.86196517944336
2019-11-12,36.9010009765625,31.88011360168457
2019-11-13,36.499000549316406,31.532814025878906
2019-11-14,36.448001861572266,31.48874282836914
2019-11-15,36.75699996948242,31.755706787109375
2019-11-18,36.625999450683594,31.64253044128418
2019-11-19,36.59700012207031,31.617475509643555
2019-11-20,36.60599899291992,31.625255584716797
2019-11-21,36.27199935913086,31.336685180664062
2019-11-22,36.46200180053711,31.500852584838867
2019-11-25,36.887001037597656,31.868011474609375
2019-11-26,36.61199951171875,31.630434036254883
2019-11-27,36.775001525878906,31.771255493164062
2019-11-28,36.72800064086914,31.73064613342285
2019-11-29,36.262001037597656,31.32805633544922
2019-12-02,35.946998596191406,31.055912017822266
2019-12-03,35.64799880981445,30.79759407043457
2019-12-04,36.0880012512207,31.177730560302734
2019-12-05,36.15800094604492,31.238203048706055
2019-12-06,36.5359992980957,31.56476593017578
2019-12-09,36.49800109863281,31.531938552856445
2019-12-10,36.42599868774414,31.46973991394043
2019-12-11,36.70899963378906,31.714229583740234
2019-12-12,37.237998962402344,32.23357009887695
2019-12-13,37.33599853515625,32.31840133666992
2019-12-16,37.742000579833984,32.66983413696289
2019-12-17,37.922000885009766,32.82564926147461
2019-12-18,38.172000885009766,33.042049407958984
2019-12-19,38.236000061035156,33.09745407104492
2019-12-20,38.499000549316406,33.325111389160156
2019-12-23,38.428001403808594,33.263648986816406
2019-12-27,38.5880012512207,33.40214920043945
2019-12-30,38.518001556396484,33.341556549072266
2020-01-02,38.88800048828125,33.661827087402344
2020-01-03,38.64799880981445,33.45408630371094
2020-01-06,38.29199981689453,33.14592361450195
2020-01-07,38.494998931884766,33.32164001464844
2020-01-08,38.63999938964844,33.4471549987793
2020-01-09,39.10599899291992,33.85052490234375
2020-01-10,39.25699996948242,33.98124313354492
2020-01-13,39.54899978637695,34.23400115966797
2020-01-14,39.47999954223633,34.17426681518555
2020-01-15,39.25199890136719,33.97691345214844
2020-01-16,39.51100158691406,34.201107025146484
2020-01-17,39.75699996948242,34.41404342651367
2020-01-20,39.724998474121094,34.3863410949707
2020-01-21,39.069000244140625,33.81850814819336
2020-01-22,39.220001220703125,33.94921112060547
2020-01-23,38.66699981689453,33.47052764892578
2020-01-24,38.93299865722656,33.70077896118164
2020-01-27,37.4379997253418,32.40669631958008
2020-01-28,37.80500030517578,32.72438049316406
2020-01-29,37.98500061035156,32.88017654418945
2020-01-30,37.07699966430664,32.094207763671875
2020-01-31,36.36199951171875,31.475305557250977
2020-02-03,36.88999938964844,31.932334899902344
2020-02-04,38.11800003051758,32.99531173706055
2020-02-05,38.3129997253418,33.164100646972656
2020-02-06,38.49599838256836,33.322509765625
2020-02-07,38.040000915527344,32.927791595458984
2020-02-10,38.231998443603516,33.093990325927734
2020-02-11,38.819000244140625,33.60209655761719
2020-02-12,39.2869987487793,34.007198333740234
2020-02-13,39.1609992980957,33.89813995361328
2020-02-14,39.13800048828125,33.87823486328125
2020-02-17,39.39099884033203,34.097232818603516
2020-02-18,38.87200164794922,33.64798355102539
2020-02-19,39.29600143432617,34.01500701904297
2020-02-20,38.58100128173828,33.39609146118164
2020-02-21,38.4109992980957,33.24893569946289
2020-02-24,36.88800048828125,31.93060302734375
2020-02-25,36.8489990234375,31.8968505859375
2020-02-26,37.05699920654297,32.076908111572266
2020-02-27,35.76499938964844,30.95853042602539
2020-02-28,34.737998962402344,30.069549560546875
2020-03-02,35.10300064086914,30.3854923248291
2020-03-03,35.597999572753906,30.813974380493164
2020-03-04,35.83000183105469,31.01479721069336
2020-03-05,35.55699920654297,30.778484344482422
2020-03-06,33.946998596191406,29.384855270385742
2020-03-09,31.489999771118164,27.25804901123047
2020-03-10,32.35599899291992,28.007665634155273
2020-03-11,32.24100112915039,27.90812110900879
2020-03-12,28.56800079345703,24.788406372070312
2020-03-13,30.385000228881836,26.36501121520996
2020-03-16,28.42300033569336,24.662586212158203
2020-03-17,28.992000579833984,25.156307220458984
2020-03-18,27.3799991607666,23.757577896118164
2020-03-19,27.6299991607666,23.974498748779297
2020-03-20,28.582000732421875,24.80055046081543
2020-03-23,27.104000091552734,23.518096923828125
2020-03-24,29.163000106811523,25.30467987060547
2020-03-25,29.924999237060547,25.965871810913086
2020-03-26,30.395999908447266,26.374557495117188
2020-03-27,28.844999313354492,25.028757095336914
2020-03-30,29.246000289916992,25.376707077026367
2020-03-31,30.083999633789062,26.103837966918945
2020-04-01,28.983999252319336,25.149362564086914
2020-04-02,29.76799964904785,25.829641342163086
2020-04-03,29.525999069213867,25.61965560913086
2020-04-06,30.783000946044922,26.71036148071289
2020-04-07,31.326000213623047,27.181516647338867
2020-04-08,31.18400001525879,27.058307647705078
2020-04-09,31.464000701904297,27.30126190185547
2020-04-14,31.68400001525879,27.49215316772461
2020-04-15,30.93000030517578,26.83791160583496
2020-04-16,31.49799919128418,27.33075523376465
2020-04-17,31.777000427246094,27.572851181030273
2020-04-20,31.937000274658203,27.71168327331543
2020-04-21,30.73699951171875,26.670440673828125
2020-04-22,31.72599983215332,27.528596878051758
2020-04-23,32.029998779296875,27.79237174987793
2020-04-24,31.416000366210938,27.25960922241211
2020-04-27,32.01100158691406,27.775894165039062
2020-04-28,32.32099914550781,28.044879913330078
2020-04-29,32.85499954223633,28.508230209350586
2020-04-30,32.472999572753906,28.1767635345459
2020-05-04,31.256999969482422,27.121641159057617
2020-05-05,31.97100067138672,27.74118423461914
2020-05-06,31.857999801635742,27.643131256103516
2020-05-07,32.071998596191406,27.82881736755371
2020-05-08,32.6150016784668,28.299983978271484
2020-05-11,32.534000396728516,28.22969627380371
2020-05-12,32.722999572753906,28.393693923950195
2020-05-13,32.388999938964844,28.103879928588867
2020-05-14,32.07099914550781,27.827951431274414
2020-05-15,31.847999572753906,27.63445472717285
2020-05-18,32.869998931884766,28.521242141723633
2020-05-19,32.90999984741211,28.555952072143555
2020-05-20,33.02899932861328,28.659212112426758
2020-05-21,32.52799987792969,28.224489212036133
2020-05-22,32.124000549316406,27.873937606811523
2020-05-25,32.5880012512207,28.27655029296875
2020-05-26,32.762001037597656,28.42753028869629
2020-05-27,32.47700119018555,28.180238723754883
2020-05-28,32.430999755859375,28.140321731567383
2020-05-29,32.058998107910156,27.817535400390625
2020-06-02,33.73400115966797,29.270933151245117
2020-06-03,34.49300003051758,29.92951774597168
2020-06-04,33.83000183105469,29.354228973388672
2020-06-05,34.86399841308594,30.251434326171875
2020-06-08,34.5880012512207,30.011945724487305
2020-06-09,34.41899871826172,29.86530303955078
2020-06-10,34.50699996948242,29.94165802001953
2020-06-11,33.354000091552734,29.062870025634766
2020-06-12,33.74100112915039,29.400083541870117
2020-06-15,33.150001525878906,28.885114669799805
2020-06-16,33.862998962402344,29.506383895874023
2020-06-17,34.154998779296875,29.760822296142578
2020-06-18,34.25299835205078,29.846214294433594
2020-06-19,34.57899856567383,30.13027572631836
2020-06-22,34.459999084472656,30.026575088500977
2020-06-23,34.78099822998047,30.30628204345703
2020-06-24,34.2869987487793,29.875835418701172
2020-06-25,34.39799880981445,29.97255516052246
2020-06-26,34.24399948120117,29.838367462158203
2020-06-29,34.19300079345703,29.793935775756836
2020-06-30,34.220001220703125,29.817455291748047
2020-07-01,34.43299865722656,30.00305938720703
2020-07-02,35.3489990234375,30.801204681396484
2020-07-03,35.62799835205078,31.0443115234375
2020-07-06,36.606998443603516,31.897357940673828
2020-07-07,36.32500076293945,31.65163803100586
2020-07-08,36.49300003051758,31.79802894592285
2020-07-09,36.77399826049805,32.04287338256836
2020-07-10,36.619998931884766,31.908676147460938
2020-07-13,37.005001068115234,32.24415588378906
2020-07-14,36.06700134277344,31.42682647705078
2020-07-15,36.26499938964844,31.599348068237305
2020-07-16,35.678001403808594,31.087881088256836
2020-07-17,35.89699935913086,31.27869415283203
2020-07-20,36.250999450683594,31.587154388427734
2020-07-21,36.731998443603516,32.00627136230469
2020-07-22,36.08700180053711,31.444250106811523
2020-07-23,36.09600067138672,31.452110290527344
2020-07-24,35.46900177001953,30.905757904052734
2020-07-27,35.499000549316406,30.931913375854492
2020-07-28,35.70899963378906,31.11489486694336
2020-07-29,35.83300018310547,31.222936630249023
2020-07-30,35.33399963378906,30.788135528564453
2020-07-31,35.11800003051758,30.599924087524414
2020-08-03,35.665000915527344,31.076547622680664
2020-08-04,35.805999755859375,31.199413299560547
2020-08-05,36.13600158691406,31.48695945739746
2020-08-06,35.97800064086914,31.349275588989258
2020-08-07,35.888999938964844,31.27173614501953
2020-08-10,35.715999603271484,31.120988845825195
2020-08-11,36.08599853515625,31.44338607788086
2020-08-12,36.20399856567383,31.546213150024414
2020-08-13,35.97100067138672,31.343181610107422
2020-08-14,35.900001525878906,31.281326293945312
2020-08-17,36.124000549316406,31.476505279541016
2020-08-18,35.858001708984375,31.244728088378906
2020-08-19,35.90399932861328,31.28480339050293
2020-08-20,35.30799865722656,30.76548194885254
2020-08-21,35.979000091552734,31.35015296936035
2020-08-24,36.29199981689453,31.622888565063477
2020-08-25,36.55799865722656,31.85466766357422
2020-08-26,36.78200149536133,32.04984664916992
2020-08-27,36.58599853515625,31.879060745239258
2020-08-28,36.611000061035156,31.90084457397461
2020-08-31,35.643001556396484,31.057382583618164
2020-09-01,36.27199935913086,31.605453491210938
2020-09-02,36.479000091552734,31.78582000732422
2020-09-03,35.90599822998047,31.286548614501953
2020-09-04,35.6879997253418,31.09659767150879
2020-09-07,35.89400100708008,31.276086807250977
2020-09-08,35.62699890136719,31.043441772460938
2020-09-09,35.83599853515625,31.225549697875977
2020-09-10,35.63600158691406,31.051280975341797
2020-09-11,35.736000061035156,31.138425827026367
2020-09-14,36.064998626708984,31.42508888244629
2020-09-15,36.5880012512207,31.880800247192383
2020-09-16,36.78200149536133,32.04984664916992
2020-09-17,36.058998107910156,31.691457748413086
2020-09-18,35.93600082397461,31.583351135253906
2020-09-21,35.37099838256836,31.0867862701416
2020-09-22,35.39899826049805,31.11140251159668
2020-09-23,35.39500045776367,31.107891082763672
2020-09-24,35.0369987487793,30.793254852294922
2020-09-25,34.948001861572266,30.715028762817383
2020-09-28,35.45899963378906,31.164134979248047
2020-09-29,35.21900177001953,30.953214645385742
2020-09-30,35.7869987487793,31.452402114868164
2020-10-01,36.02399826049805,31.66069984436035
2020-10-02,35.97800064086914,31.620271682739258
2020-10-05,35.93600082397461,31.583351135253906
2020-10-06,36.28499984741211,31.890087127685547
2020-10-07,36.57899856567383,32.148475646972656
2020-10-08,36.73500061035156,32.285579681396484
2020-10-09,36.96699905395508,32.48948287963867
2020-10-12,37.27000045776367,32.755775451660156
2020-10-13,37.28200149536133,32.766326904296875
2020-10-14,37.33000183105469,32.80852127075195
2020-10-15,36.8390007019043,32.37699508666992
2020-10-16,37.06100082397461,32.57209777832031
2020-10-19,36.99800109863281,32.5167236328125
2020-10-20,37.132999420166016,32.6353759765625
2020-10-21,37.21900177001953,32.710960388183594
2020-10-22,37.222999572753906,32.714473724365234
2020-10-23,37.20100021362305,32.695133209228516
2020-10-26,37.0099983215332,32.52727127075195
2020-10-27,37.18199920654297,32.678443908691406
2020-10-28,36.66400146484375,32.223175048828125
2020-10-29,37.04999923706055,32.56242752075195
2020-10-30,36.74100112915039,32.290863037109375
2020-11-02,37.20500183105469,32.69865798950195
2020-11-03,37.250999450683594,32.73907470703125
2020-11-04,38.3650016784668,33.71815490722656
2020-11-05,38.52399826049805,33.857906341552734
2020-11-06,38.48699951171875,33.825374603271484
2020-11-09,39.5260009765625,34.738529205322266
2020-11-10,38.729000091552734,34.03806686401367
2020-11-11,38.95800018310547,34.23932647705078
2020-11-12,39.07500076293945,34.3421516418457
2020-11-13,39.00199890136719,34.27799606323242
2020-11-16,39.64699935913086,34.84487533569336
2020-11-17,39.422000885009766,34.64712142944336
2020-11-18,39.516998291015625,34.730621337890625
2020-11-19,39.42100143432617,34.646244049072266
2020-11-20,39.67399978637695,34.86861038208008
2020-11-23,39.89099884033203,35.059322357177734
2020-11-24,40.12099838256836,35.2614631652832
2020-11-25,39.891998291015625,35.06019973754883
2020-11-26,40.07699966430664,35.22279357910156
2020-11-27,40.152000427246094,35.2887077331543
2020-11-30,39.18000030517578,34.43444061279297
2020-12-01,39.59700012207031,34.80092239379883
2020-12-02,39.499000549316406,34.71480178833008
2020-12-03,39.83000183105469,35.00571060180664
2020-12-04,40.150001525878906,35.286949157714844
2020-12-07,40.275001525878906,35.396812438964844
2020-12-08,40.26499938964844,35.38801956176758
2020-12-09,40.229000091552734,35.35638427734375
2020-12-10,40.28499984741211,35.4821662902832
2020-12-11,40.13999938964844,35.354454040527344
2020-12-14,39.944000244140625,35.18182373046875
2020-12-15,39.96799850463867,35.20296096801758
2020-12-16,40.255001068115234,35.45574951171875
2020-12-17,40.242000579833984,35.44430160522461
2020-12-18,40.308998107910156,35.5033073425293
2020-12-21,39.766998291015625,35.02592468261719
2020-12-22,39.617000579833984,34.89380645751953
2020-12-23,39.95500183105469,35.19151306152344
2020-12-28,39.856998443603516,35.105194091796875
2020-12-29,40.220001220703125,35.424922943115234
2020-12-30,40.685001373291016,35.834476470947266
2021-01-04,41.17300033569336,36.26430892944336
2021-01-05,41.667999267578125,36.70027542114258
2021-01-06,41.79800033569336,36.814788818359375
2021-01-07,41.81800079345703,36.83240509033203
2021-01-08,43.04800033569336,37.9157600402832
2021-01-11,43.08599853515625,37.949222564697266
2021-01-12,43.41600036621094,38.23988342285156
2021-01-13,43.34299850463867,38.17558288574219
2021-01-14,44.14899826049805,38.885498046875
2021-01-15,43.689998626708984,38.48122024536133
2021-01-18,43.8380012512207,38.611576080322266
2021-01-19,44.112998962402344,38.853790283203125
2021-01-20,44.83700180053711,39.49147415161133
2021-01-21,44.88100051879883,39.53022003173828
2021-01-22,44.27000045776367,38.9920654296875
2021-01-25,44.70000076293945,39.37080764770508
2021-01-26,44.362998962402344,39.073974609375
2021-01-27,43.78900146484375,38.568424224853516
2021-01-28,43.60900115966797,38.409873962402344
2021-01-29,42.744998931884766,37.64888381958008
2021-02-01,43.702999114990234,38.4926643371582
2021-02-02,44.749000549316406,39.41396713256836
2021-02-03,45.01499938964844,39.64824676513672
2021-02-04,44.981998443603516,39.619178771972656
2021-02-05,45.268001556396484,39.871089935302734
2021-02-08,45.29199981689453,39.89222717285156
2021-02-09,45.49800109863281,40.07366943359375
2021-02-10,45.65700149536133,40.213714599609375
2021-02-11,46.33000183105469,40.80647277832031
2021-02-12,46.3129997253418,40.79149627685547
2021-02-15,46.731998443603516,41.160545349121094
2021-02-16,46.48500061035156,40.9429931640625
2021-02-17,46.45399856567383,40.915687561035156
2021-02-18,45.61399841308594,40.17583465576172
2021-02-19,46.14500045776367,40.64352798461914
2021-02-22,44.85100173950195,39.50380325317383
2021-02-23,44.46099853515625,39.16029357910156
2021-02-24,44.25600051879883,38.97974395751953
2021-02-25,43.965999603271484,38.72431182861328
2021-02-26,43.194000244140625,38.04435348510742
2021-03-01,44.4379997253418,39.140037536621094
2021-03-02,43.792999267578125,38.571937561035156
2021-03-03,44.0880012512207,38.83177185058594
2021-03-04,43.76599884033203,38.548152923583984
2021-03-05,43.154998779296875,38.010005950927734
2021-03-08,43.012001037597656,37.884056091308594
2021-03-09,43.520999908447266,38.33237838745117
2021-03-10,43.30099868774414,38.13859176635742
2021-03-11,44.28499984741211,39.116241455078125
2021-03-12,43.53499984741211,38.45376968383789
2021-03-15,43.64400100708008,38.550048828125
2021-03-16,44.13999938964844,38.988155364990234
2021-03-17,43.597999572753906,38.50941848754883
2021-03-18,43.676998138427734,38.57918930053711
2021-03-19,43.72600173950195,38.62248229980469
2021-03-22,43.652000427246094,38.55712127685547
2021-03-23,43.35900115966797,38.29832077026367
2021-03-24,42.6349983215332,37.658817291259766
2021-03-25,42.61399841308594,37.64026641845703
2021-03-26,42.893001556396484,37.88671112060547
2021-03-29,43.22999954223633,38.18437194824219
2021-03-30,43.70600128173828,38.60480880737305
2021-03-31,43.816001892089844,38.70197296142578
2021-04-01,44.323001861572266,39.1497917175293
2021-04-06,44.3650016784668,39.1869010925293
2021-04-07,43.53900146484375,38.45729446411133
2021-04-08,43.861000061035156,38.74171829223633
2021-04-09,43.38999938964844,38.325687408447266
2021-04-12,43.06399917602539,38.037742614746094
2021-04-13,43.28499984741211,38.23295211791992
2021-04-14,43.48699951171875,38.411373138427734
2021-04-15,43.62099838256836,38.529727935791016
2021-04-16,43.749000549316406,38.64279556274414
2021-04-19,43.39699935913086,38.33188247680664
2021-04-20,43.00199890136719,37.98297882080078
2021-04-21,43.12699890136719,38.0933952331543
2021-04-22,43.44300079345703,38.37251281738281
2021-04-23,43.63100051879883,38.538570404052734
2021-04-26,43.61600112915039,38.52531051635742
2021-04-27,43.74800109863281,38.64191436767578
2021-04-28,43.84299850463867,38.725826263427734
2021-04-29,43.57899856567383,38.49263000488281
2021-04-30,43.382999420166016,38.319515228271484
2021-05-03,43.27399826049805,38.223228454589844
2021-05-04,42.71799850463867,37.73212432861328
2021-05-05,43.24399948120117,38.19673538208008
2021-05-06,43.25600051879883,38.207332611083984
2021-05-07,43.58000183105469,38.49352264404297
2021-05-10,42.81700134277344,37.81957244873047
2021-05-11,42.33599853515625,37.39471435546875
2021-05-12,41.83000183105469,36.94777297973633
2021-05-13,41.667999267578125,36.80467987060547
2021-05-14,42.00199890136719,37.099693298339844
2021-05-17,41.93299865722656,37.038753509521484
2021-05-18,42.45000076293945,37.49541091918945
2021-05-19,42.11199951171875,37.196861267089844
2021-05-20,42.5,37.53956985473633
2021-05-21,42.236000061035156,37.30638885498047
2021-05-25,42.67300033569336,37.692378997802734
2021-05-26,43.03300094604492,38.010353088378906
2021-05-27,43.18000030517578,38.14020538330078
2021-05-28,43.513999938964844,38.43521499633789
2021-05-31,43.72100067138672,38.61806106567383
2021-06-01,44.152000427246094,38.998756408691406
2021-06-02,44.36600112915039,39.18777847290039
2021-06-03,44.270999908447266,39.10386657714844
2021-06-04,44.354000091552734,39.17717361450195
2021-06-07,43.994998931884766,38.860069274902344
2021-06-08,43.92399978637695,38.797367095947266
2021-06-09,43.88999938964844,38.767330169677734
2021-06-10,44.22100067138672,39.05970764160156
2021-06-11,44.277000427246094,39.109169006347656
2021-06-14,44.4109992980957,39.2275276184082
2021-06-15,44.04800033569336,38.90688705444336
2021-06-16,44.10300064086914,38.95547866821289
2021-06-17,44.37699890136719,39.379329681396484
2021-06-18,44.1870002746582,39.210731506347656
2021-06-21,43.99800109863281,39.04301452636719
2021-06-22,43.84700012207031,38.909027099609375
2021-06-23,44.194000244140625,39.21693801879883
2021-06-24,44.547000885009766,39.530181884765625
2021-06-25,44.82099914550781,39.77333068847656
2021-06-28,44.902000427246094,39.84521484375
2021-06-29,44.805999755859375,39.7600212097168
2021-06-30,44.952999114990234,39.890464782714844
2021-07-01,44.595001220703125,39.57278823852539
2021-07-02,44.52799987792969,39.51332473754883
2021-07-05,44.29999923706055,39.31100845336914
2021-07-06,44.084999084472656,39.12022018432617
2021-07-07,44.05799865722656,39.09626388549805
2021-07-08,42.965999603271484,38.12723922729492
2021-07-09,43.52000045776367,38.61885070800781
2021-07-12,43.590999603271484,38.681854248046875
2021-07-13,44.14099884033203,39.1699104309082
2021-07-14,44.04800033569336,39.08738327026367
2021-07-15,44.340999603271484,39.34738540649414
2021-07-16,43.98400115966797,39.03059005737305
2021-07-19,43.15999984741211,38.29939270019531
2021-07-20,43.32500076293945,38.4458122253418
2021-07-21,43.393001556396484,38.50615310668945
2021-07-22,43.71099853515625,38.78834533691406
2021-07-23,43.07600021362305,38.224853515625
2021-07-26,42.23099899291992,37.47500991821289
2021-07-27,40.89899826049805,36.29302215576172
2021-07-28,42.17499923706055,37.42531204223633
2021-07-29,42.380001068115234,37.60723114013672
2021-07-30,42.137001037597656,37.39160919189453
2021-08-02,42.49300003051758,37.7075080871582
2021-08-03,42.334999084472656,37.56730270385742
2021-08-04,42.85300064086914,38.02696228027344
2021-08-05,42.926998138427734,38.09262466430664
2021-08-06,42.6510009765625,37.84770965576172
2021-08-09,42.97600173950195,38.136112213134766
2021-08-10,43.04999923706055,38.201778411865234
2021-08-11,42.9900016784668,38.14854049682617
2021-08-12,42.7239990234375,37.912498474121094
2021-08-13,42.35300064086914,37.583274841308594
2021-08-16,42.04199981689453,37.30730438232422
2021-08-17,41.7239990234375,37.02511978149414
2021-08-18,41.88399887084961,37.16709518432617
2021-08-19,40.98400115966797,36.36845016479492
2021-08-20,40.944000244140625,36.33294677734375
2021-08-23,41.222999572753906,36.58053207397461
2021-08-24,42.24800109863281,37.49009704589844
2021-08-25,42.31700134277344,37.55133056640625
2021-08-26,41.98500061035156,37.2567253112793
2021-08-27,42.25,37.49188232421875
2021-08-30,42.38999938964844,37.61610794067383
2021-08-31,43.00299835205078,38.160064697265625
2021-09-01,43.4119987487793,38.523014068603516
2021-09-02,43.32400131225586,38.44491958618164
2021-09-03,43.275001525878906,38.40143966674805
2021-09-06,43.73099899291992,38.806087493896484
2021-09-07,43.73699951171875,38.81141662597656
2021-09-08,43.178001403808594,38.31536102294922
2021-09-09,43.07500076293945,38.223968505859375
2021-09-10,43.178001403808594,38.31536102294922
2021-09-13,43.1879997253418,38.32424545288086
2021-09-14,42.88800048828125,38.05802917480469
2021-09-15,42.52000045776367,37.73147201538086
2021-09-16,42.0620002746582,37.622459411621094
2021-09-17,42.09199905395508,37.649288177490234
2021-09-20,41.112998962402344,36.77362060546875
2021-09-21,41.297000885009766,36.93820571899414
2021-09-22,41.9640007019043,37.53479766845703
2021-09-23,42.005001068115234,37.57148361206055
2021-09-24,41.78099822998047,37.371116638183594
2021-09-27,41.99599838256836,37.56342697143555
2021-09-28,41.53200149536133,37.14840316772461
2021-09-29,41.59299850463867,37.20295715332031
2021-09-30,42.06100082397461,37.62156677246094
2021-10-01,41.650001525878906,37.25395202636719
2021-10-04,40.88999938964844,36.57415771484375
2021-10-05,41.50400161743164,37.123355865478516
2021-10-06,41.20399856567383,36.855018615722656
2021-10-07,42.303001403808594,37.8380241394043
2021-10-08,42.266998291015625,37.80582046508789
2021-10-11,42.55699920654297,38.06521224975586
2021-10-12,42.284000396728516,37.82102584838867
2021-10-13,42.505001068115234,38.01870346069336
2021-10-14,42.60499954223633,38.1081428527832
2021-10-15,43.222999572753906,38.66091537475586
2021-10-18,43.07400131225586,38.52764892578125
2021-10-19,43.32500076293945,38.75215148925781
2021-10-20,43.22999954223633,38.667171478271484
2021-10-21,42.755001068115234,38.242313385009766
2021-10-22,42.74800109863281,38.236053466796875
2021-10-25,43.0989990234375,38.55000686645508
2021-10-26,43.124000549316406,38.572357177734375
2021-10-27,42.70800018310547,38.20027160644531
2021-10-28,42.2869987487793,37.823699951171875
2021-10-29,42.244998931884766,37.78614807128906
2021-11-01,42.441001892089844,37.961456298828125
2021-11-02,42.14699935913086,37.69847869873047
2021-11-03,42.1150016784668,37.66986083984375
2021-11-04,42.303001403808594,37.8380241394043
2021-11-05,42.3380012512207,37.86933898925781
2021-11-08,42.53300094604492,38.04374694824219
2021-11-09,42.46799850463867,37.98560333251953
2021-11-10,42.862998962402344,38.33891677856445
2021-11-11,43.516998291015625,38.923885345458984
2021-11-12,43.6150016784668,39.01155471801758
2021-11-15,43.65999984741211,39.051795959472656
2021-11-16,43.97700119018555,39.3353385925293
2021-11-17,43.89699935913086,39.26377868652344
2021-11-18,43.16999816894531,38.61351013183594
2021-11-19,43.31999969482422,38.74767303466797
2021-11-22,43.24300003051758,38.67879867553711
2021-11-23,42.91299819946289,38.383636474609375
2021-11-24,43.18199920654297,38.624237060546875
2021-11-25,43.25400161743164,38.68865203857422
2021-11-26,41.16999816894531,36.8245964050293
2021-11-29,41.637001037597656,37.242313385009766
2021-11-30,41.42499923706055,37.052677154541016
2021-12-01,42.409000396728516,37.932830810546875
2021-12-02,42.25400161743164,37.794193267822266
2021-12-03,41.63999938964844,37.244998931884766
2021-12-06,41.82099914550781,37.406890869140625
2021-12-07,42.72800064086914,38.21816635131836
2021-12-08,42.60499954223633,38.1081428527832
2021-12-09,42.70199966430664,38.19489669799805
2021-12-10,42.38800048828125,37.91404724121094
2021-12-13,41.87900161743164,37.458770751953125
2021-12-14,41.731998443603516,37.32729721069336
2021-12-15,41.319000244140625,36.9578742980957
2021-12-16,41.66400146484375,37.414459228515625
2021-12-17,41.47800064086914,37.247432708740234
2021-12-20,40.520999908447266,36.388038635253906
2021-12-21,41.38800048828125,37.166622161865234
2021-12-22,41.46799850463867,37.23845291137695
2021-12-23,41.744998931884766,37.4871940612793
2021-12-27,41.90999984741211,37.6353645324707
2021-12-28,41.827999114990234,37.561737060546875
2021-12-29,41.470001220703125,37.2402458190918
2021-12-30,41.582000732421875,37.3408203125
2022-01-03,42.29199981689453,37.9784049987793
2022-01-04,42.14699935913086,37.84819030761719
2022-01-05,41.957000732421875,37.677574157714844
2022-01-06,41.72200012207031,37.46654510498047
2022-01-07,41.8650016784668,37.59495544433594
2022-01-10,41.89899826049805,37.625492095947266
2022-01-11,42.665000915527344,38.3133659362793
2022-01-12,43.11399841308594,38.7165641784668
2022-01-13,42.82699966430664,38.458839416503906
2022-01-14,42.625999450683594,38.278343200683594
2022-01-17,42.69599914550781,38.3411979675293
2022-01-18,42.39799880981445,38.073585510253906
2022-01-19,42.47100067138672,38.13915252685547
2022-01-20,43.32400131225586,38.905147552490234
2022-01-21,42.45000076293945,38.12028503417969
2022-01-24,41.025001525878906,36.84063720703125
2022-01-25,41.35200119018555,37.13429260253906
2022-01-26,41.625999450683594,37.38032913208008
2022-01-27,41.606998443603516,37.363277435302734
2022-01-28,41.07899856567383,36.889122009277344
2022-01-31,42.10900115966797,37.8140754699707
2022-02-01,42.50400161743164,38.16878128051758
2022-02-02,42.10200119018555,37.80778503417969
2022-02-03,41.48699951171875,37.255516052246094
2022-02-04,41.36800003051758,37.148651123046875
2022-02-07,41.400001525878906,37.177391052246094
2022-02-08,41.784000396728516,37.522220611572266
2022-02-09,42.37099838256836,38.049346923828125
2022-02-10,42.40700149536133,38.08168029785156
2022-02-11,42.345001220703125,38.026004791259766
2022-02-14,41.84299850463867,37.57520294189453
2022-02-15,42.35200119018555,38.032283782958984
2022-02-16,42.5260009765625,38.18854904174805
2022-02-17,42.54399871826172,38.20469665527344
2022-02-18,41.95800018310547,37.678470611572266
2022-02-21,41.62099838256836,37.37583541870117
2022-02-22,41.35300064086914,37.13518524169922
2022-02-23,41.21699905395508,37.013057708740234
2022-02-24,39.76599884033203,35.71004867553711
2022-02-25,40.72200012207031,36.568538665771484
2022-02-28,40.584999084472656,36.445518493652344
2022-03-01,40.777000427246094,36.6179313659668
2022-03-02,40.584999084472656,36.445518493652344
2022-03-03,40.31399917602539,36.2021598815918
2022-03-04,39.72200012207031,35.67053985595703
2022-03-07,39.04800033569336,35.065284729003906
2022-03-08,38.53099822998047,34.601016998291016
2022-03-09,38.97600173950195,35.0006217956543
2022-03-10,38.388999938964844,34.4734992980957
2022-03-11,38.2869987487793,34.38190460205078
2022-03-14,37.24599838256836,33.44706726074219
2022-03-15,36.96900177001953,33.19833755493164
2022-03-16,39.152000427246094,35.15867614746094
2022-03-17,38.986000061035156,35.130428314208984
2022-03-18,39.900001525878906,35.95404052734375
2022-03-21,39.25199890136719,35.370121002197266
2022-03-22,40.14799880981445,36.177513122558594
2022-03-23,40.20600128173828,36.229774475097656
2022-03-24,40.11800003051758,36.150482177734375
2022-03-25,39.75699996948242,35.82518005371094
2022-03-28,39.814998626708984,35.877445220947266
2022-03-29,40.185001373291016,36.21084213256836
2022-03-30,40.12799835205078,36.15949249267578
2022-03-31,39.73400115966797,35.80446243286133
2022-04-01,40.236000061035156,36.256813049316406
2022-04-04,41.18600082397461,37.112857818603516
2022-04-05,40.82500076293945,36.78755569458008
2022-04-06,40.222999572753906,36.24509048461914
2022-04-07,39.83300018310547,35.89366149902344
2022-04-08,40.18899917602539,36.21445083618164
2022-04-11,39.67599868774414,35.752193450927734
2022-04-12,39.902000427246094,35.95583724975586
2022-04-13,40.025001525878906,36.06668472290039
2022-04-14,39.86800003051758,35.92521286010742
2022-04-19,39.33300018310547,35.443115234375
2022-04-20,39.03900146484375,35.17819595336914
2022-04-21,38.57600021362305,34.7609748840332
2022-04-22,38.448001861572266,34.64563751220703
2022-04-25,37.85100173950195,34.10768508911133
2022-04-26,37.65999984741211,33.935569763183594
2022-04-27,38.20399856567383,34.4257698059082
2022-04-28,38.51599884033203,34.7069091796875
2022-04-29,39.505001068115234,35.59811019897461
2022-05-02,38.88600158691406,35.040321350097656
2022-05-03,39.167999267578125,35.2944221496582
2022-05-04,38.61800003051758,34.798831939697266
2022-05-05,38.2239990234375,34.443790435791016
2022-05-06,37.65999984741211,33.935569763183594
2022-05-09,36.71900177001953,33.087642669677734
2022-05-10,36.56700134277344,32.95066452026367
2022-05-11,37.08700180053711,33.41923141479492
2022-05-12,36.87699890136719,33.230003356933594
2022-05-13,37.630001068115234,33.908531188964844
2022-05-16,37.51300048828125,33.8031005859375
2022-05-17,37.957000732421875,34.203189849853516
2022-05-18,37.64799880981445,33.924747467041016
2022-05-19,37.45600128173828,33.75174331665039
2022-05-20,37.73400115966797,34.00224685668945
2022-05-23,37.665000915527344,33.94007110595703
2022-05-24,36.49399948120117,32.884883880615234
2022-05-25,36.92499923706055,33.273258209228516
2022-05-26,37.39699935913086,33.69858169555664
2022-05-27,38.01499938964844,34.25545883178711
2022-05-30,38.45800018310547,34.6546516418457
2022-05-31,38.7130012512207,34.88443374633789
2022-06-01,38.48500061035156,34.67898178100586
2022-06-02,38.709999084472656,34.881717681884766
2022-06-03,38.28499984741211,34.49875259399414
2022-06-06,38.83399963378906,34.99346160888672
2022-06-07,38.52799987792969,34.71772384643555
2022-06-08,38.888999938964844,35.04301834106445
2022-06-09,38.50400161743164,34.69609832763672
2022-06-10,38.215999603271484,34.43657302856445
2022-06-13,37.28900146484375,33.601253509521484
2022-06-14,37.81800079345703,34.07794189453125
2022-06-15,38.07600021362305,34.3104248046875
2022-06-16,36.50699996948242,33.12151336669922
2022-06-17,36.80400085449219,33.3909797668457
2022-06-20,36.79199981689453,33.38009262084961
2022-06-21,37.21099853515625,33.76023483276367
2022-06-22,36.50600051879883,33.1206169128418
2022-06-23,36.62799835205078,33.23129653930664
2022-06-24,37.2760009765625,33.8192138671875
2022-06-27,37.39500045776367,33.92716979980469
2022-06-28,37.611000061035156,34.123138427734375
2022-06-29,37.500999450683594,34.02333450317383
2022-06-30,37.154998779296875,33.70943069458008
2022-07-01,37.19499969482422,33.7457160949707
2022-07-04,37.17399978637695,33.72666549682617
2022-07-05,37.07899856567383,33.640472412109375
2022-07-06,37.41299819946289,33.94350051879883
2022-07-07,38.57699966430664,34.99955368041992
2022-07-08,38.51599884033203,34.9442138671875
2022-07-11,37.83000183105469,34.32182693481445
2022-07-12,37.819000244140625,34.31186294555664
2022-07-13,37.584999084472656,34.09954071044922
2022-07-14,37.2599983215332,33.804691314697266
2022-07-15,37.33100128173828,33.86910629272461
2022-07-18,37.74399948120117,34.24380874633789
2022-07-19,37.64799880981445,34.15671157836914
2022-07-20,37.82500076293945,34.31729507446289
2022-07-21,38.012001037597656,34.48695373535156
2022-07-22,37.89699935913086,34.38261413574219
2022-07-25,37.85900115966797,34.348148345947266
2022-07-26,38.00400161743164,34.479705810546875
2022-07-27,38.24800109863281,34.70106887817383
2022-07-28,38.40599822998047,34.84441375732422
2022-07-29,38.117000579833984,34.582218170166016
2022-08-01,37.82899856567383,34.32093048095703
2022-08-02,37.95899963378906,34.43886947631836
2022-08-03,38.21200180053711,34.66840362548828
2022-08-04,38.24700164794922,34.700164794921875
2022-08-05,38.42599868774414,34.8625602722168
2022-08-08,38.49700164794922,34.92697525024414
2022-08-09,38.27199935913086,34.72284698486328
2022-08-10,38.21500015258789,34.67113494873047
2022-08-11,38.64099884033203,35.05762481689453
2022-08-12,38.92399978637695,35.31437683105469
2022-08-15,39.198001861572266,35.56297302246094
2022-08-16,39.2239990234375,35.5865592956543
2022-08-17,39.05500030517578,35.433231353759766
2022-08-18,39.082000732421875,35.457740783691406
2022-08-19,38.79600143432617,35.1982536315918
2022-08-22,38.9640007019043,35.350669860839844
2022-08-23,38.952999114990234,35.340694427490234
2022-08-24,39.18600082397461,35.55208969116211
2022-08-25,39.60100173950195,35.9286003112793
2022-08-26,39.38399887084961,35.731719970703125
2022-08-29,38.99599838256836,35.37969970703125
2022-08-30,38.426998138427734,34.863468170166016
2022-08-31,38.38199996948242,34.82264709472656
2022-09-01,38.165000915527344,34.62577438354492
2022-09-02,38.12699890136719,34.591285705566406
2022-09-05,38.189998626708984,34.6484489440918
2022-09-06,37.86800003051758,34.35630798339844
2022-09-07,37.61199951171875,34.12405776977539
2022-09-08,37.66299819946289,34.17032241821289
2022-09-09,37.900001525878906,34.38534927368164
2022-09-12,38.137001037597656,34.600364685058594
2022-09-13,37.7400016784668,34.24018096923828
2022-09-14,37.652000427246094,34.16033935546875
2022-09-15,36.887001037597656,33.902915954589844
2022-09-16,36.20399856567383,33.27516174316406
2022-09-19,36.17499923706055,33.24851989746094
2022-09-20,36.400001525878906,33.45530700683594
2022-09-21,36.4010009765625,33.45623016357422
2022-09-22,36.060001373291016,33.14281463623047
2022-09-23,35.652000427246094,32.767826080322266
2022-09-26,35.66899871826172,32.783443450927734
2022-09-27,35.63600158691406,32.75312042236328
2022-09-28,35.402000427246094,32.53804397583008
2022-09-29,34.354000091552734,31.574827194213867
2022-09-30,34.55699920654297,31.761404037475586
2022-10-03,34.63800048828125,31.83585548400879
2022-10-04,35.36899948120117,32.507713317871094
2022-10-05,35.512001037597656,32.63915252685547
2022-10-06,35.78099822998047,32.88638687133789
2022-10-07,35.26599884033203,32.41305160522461
2022-10-10,34.89699935913086,32.07390213012695
2022-10-11,34.43299865722656,31.647430419921875
2022-10-12,34.32600021362305,31.549097061157227
2022-10-13,34.132999420166016,31.3717041015625
2022-10-14,34.08599853515625,31.328508377075195
2022-10-17,34.512001037597656,31.720046997070312
2022-10-18,34.21500015258789,31.447072982788086
2022-10-19,33.999000549316406,31.248546600341797
2022-10-20,34.4010009765625,31.618030548095703
2022-10-21,34.29399871826172,31.519676208496094
2022-10-24,32.97999954223633,30.311986923217773
2022-10-25,33.060001373291016,30.385507583618164
2022-10-26,33.38600158691406,30.685144424438477
2022-10-27,33.44300079345703,30.73752784729004
2022-10-28,32.98099899291992,30.312904357910156
2022-10-31,33.26300048828125,30.572093963623047
2022-11-01,34.02799987792969,31.275205612182617
2022-11-02,33.98099899291992,31.232006072998047
2022-11-03,34.27000045776367,31.497629165649414
2022-11-04,34.928001403808594,32.10239791870117
2022-11-07,34.91600036621094,32.09136199951172
2022-11-08,34.97600173950195,32.146514892578125
2022-11-09,34.702999114990234,31.895599365234375
2022-11-10,35.082000732421875,32.24394226074219
2022-11-11,35.417999267578125,32.55276107788086
2022-11-14,35.486000061035156,32.61524963378906
2022-11-15,36.28499984741211,33.349613189697266
2022-11-16,35.42300033569336,32.55735397338867
2022-11-17,35.50699996948242,32.634559631347656
2022-11-18,35.391998291015625,32.52886199951172
2022-11-21,35.20899963378906,32.36067199707031
2022-11-22,35.191001892089844,32.344120025634766
2022-11-23,35.16400146484375,32.31930160522461
2022-11-24,35.404998779296875,32.540809631347656
2022-11-25,35.03900146484375,32.20441818237305
2022-11-28,35.08599853515625,32.247615814208984
2022-11-29,35.749000549316406,32.85698318481445
2022-11-30,36.59299850463867,33.6327018737793
2022-12-01,36.125999450683594,33.2034797668457
2022-12-02,36.183998107910156,33.25678634643555
2022-12-05,35.84700012207031,32.947052001953125
2022-12-06,35.83100128173828,32.93235397338867
2022-12-07,35.46099853515625,32.59227752685547
2022-12-08,35.724998474121094,32.83491897583008
2022-12-09,35.92300033569336,33.016910552978516
2022-12-12,35.26300048828125,32.41029357910156
2022-12-13,35.62799835205078,32.745758056640625
2022-12-14,35.44300079345703,32.57573699951172
2022-12-15,34.56999969482422,31.894678115844727
2022-12-16,34.80500030517578,32.11150360107422
2022-12-19,34.742000579833984,32.053375244140625
2022-12-20,34.6609992980957,31.9786434173584
2022-12-21,34.88199996948242,32.18254852294922
2022-12-22,34.73699951171875,32.04875946044922
2022-12-23,34.60200119018555,31.924217224121094
2022-12-27,34.959999084472656,32.25450897216797
2022-12-28,34.70100021362305,32.01554489135742
2022-12-29,35.06399917602539,32.35045623779297
2022-12-30,34.73899841308594,32.05061340332031
2023-01-02,34.77299880981445,32.08198547363281
2023-01-03,35.349998474121094,32.61432647705078
2023-01-04,35.941001892089844,33.15958786010742
2023-01-05,36.20100021362305,33.399471282958984
2023-01-06,36.52399826049805,33.69746780395508
2023-01-09,36.79899978637695,33.95119094848633
2023-01-10,36.74700164794922,33.90321350097656
2023-01-11,36.90399932861328,34.048072814941406
2023-01-12,36.9109992980957,34.05451965332031
2023-01-13,37.11399841308594,34.2418098449707
2023-01-16,36.999000549316406,34.135711669921875
2023-01-17,37.17100143432617,34.294403076171875
2023-01-18,37.025001525878906,34.159698486328125
2023-01-19,37.130001068115234,34.25657272338867
2023-01-20,37.472999572753906,34.573028564453125
2023-01-23,37.9119987487793,34.978057861328125
2023-01-24,37.742000579833984,34.82120895385742
2023-01-25,37.57899856567383,34.67082214355469
2023-01-26,38.08000183105469,35.133056640625
2023-01-27,38.042999267578125,35.098915100097656
2023-01-30,37.49599838256836,34.5942497253418
2023-01-31,37.15999984741211,34.28424835205078
2023-02-01,37.215999603271484,34.33591079711914
2023-02-02,37.31800079345703,34.43003463745117
2023-02-03,37.138999938964844,34.26488494873047
2023-02-06,36.70199966430664,33.8616943359375
2023-02-07,36.801998138427734,33.95395278930664
2023-02-08,36.70199966430664,33.8616943359375
2023-02-09,37.03099822998047,34.16522979736328
2023-02-10,36.81700134277344,33.96780014038086
2023-02-13,36.90599822998047,34.04990768432617
2023-02-14,36.724998474121094,33.88290786743164
2023-02-15,36.527000427246094,33.70023727416992
2023-02-16,36.744998931884766,33.90137481689453
2023-02-17,36.29199981689453,33.483428955078125
2023-02-20,36.64400100708008,33.808189392089844
2023-02-21,36.05500030517578,33.26476287841797
2023-02-22,35.874000549316406,33.09777069091797
2023-02-23,36.08399963378906,33.29151916503906
2023-02-24,35.41600036621094,32.67521667480469
2023-02-27,35.54399871826172,32.793304443359375
2023-02-28,35.34700012207031,32.611549377441406
2023-03-01,35.78900146484375,33.019344329833984
2023-03-02,36.08599853515625,33.29336929321289
2023-03-03,36.35100173950195,33.53786087036133
2023-03-06,36.26499938964844,33.45851516723633
2023-03-07,36.016998291015625,33.22970199584961
2023-03-08,36.05500030517578,33.26476287841797
2023-03-09,35.56800079345703,32.815460205078125
2023-03-10,35.14699935913086,32.427040100097656
2023-03-13,34.68899917602539,32.00448226928711
2023-03-14,34.696998596191406,32.011863708496094
2023-03-15,34.391998291015625,31.730466842651367
2023-03-16,34.67499923706055,32.08872985839844
2023-03-17,34.47999954223633,31.908266067504883
2023-03-20,34.35499954223633,31.792591094970703
2023-03-21,34.44300079345703,31.8740291595459
2023-03-22,34.749000549316406,32.15720748901367
2023-03-23,35.11199951171875,32.493133544921875
2023-03-24,35.03099822998047,32.418174743652344
2023-03-27,34.763999938964844,32.17109298706055
2023-03-28,35.09600067138672,32.478328704833984
2023-03-29,35.321998596191406,32.68747329711914
2023-03-30,35.439998626708984,32.79666519165039
2023-03-31,35.58599853515625,32.93178176879883
2023-04-03,35.43000030517578,32.787410736083984
2023-04-04,35.22800064086914,32.60048294067383
2023-04-05,35.10100173950195,32.48295211791992
2023-04-06,35.18899917602539,32.56438446044922
2023-04-11,35.59600067138672,32.9410285949707
2023-04-12,35.15399932861328,32.53200149536133
2023-04-13,35.28200149536133,32.650447845458984
2023-04-14,35.25199890136719,32.62268829345703
2023-04-17,35.611000061035156,32.95491409301758
2023-04-18,35.540000915527344,32.88920974731445
2023-04-19,35.20199966430664,32.576412200927734
2023-04-20,35.198001861572266,32.57271194458008
2023-04-21,34.71099853515625,32.122047424316406
2023-04-24,34.446998596191406,31.877731323242188
2023-04-25,34.099998474121094,31.55661392211914
2023-04-26,34.13399887084961,31.588075637817383
2023-04-27,34.42399978637695,31.856447219848633
2023-04-28,34.672000885009766,32.0859489440918
2023-05-02,34.30699920654297,31.748167037963867
2023-05-03,34.231998443603516,31.678768157958984
2023-05-04,34.51499938964844,31.940658569335938
2023-05-05,34.86600112915039,32.26548767089844
2023-05-08,34.97700119018555,32.36819839477539
2023-05-09,34.93299865722656,32.32748031616211
2023-05-10,34.90399932861328,32.3006477355957
2023-05-11,34.823001861572266,32.225685119628906
2023-05-12,34.742000579833984,32.150726318359375
2023-05-15,35.2400016784668,32.61157989501953
2023-05-16,35.21200180053711,32.58568572998047
2023-05-17,35.28200149536133,32.650447845458984
2023-05-18,35.380001068115234,32.74113464355469
2023-05-19,35.305999755859375,32.67265701293945
2023-05-22,35.64500045776367,32.98637390136719
2023-05-23,35.439998626708984,32.79666519165039
2023-05-24,35.04899978637695,32.43482971191406
2023-05-25,35.01599884033203,32.404293060302734
2023-05-26,35.638999938964844,32.9808235168457
2023-05-29,35.433998107910156,32.79111862182617
2023-05-30,35.20000076293945,32.57456588745117
2023-05-31,34.83300018310547,32.23494338989258
2023-06-01,35.30799865722656,32.67450714111328
2023-06-02,36.11199951171875,33.418548583984375
2023-06-05,36.020999908447266,33.33433151245117
2023-06-06,36.38399887084961,33.67025375366211
2023-06-07,36.45199966430664,33.733184814453125
2023-06-08,36.25699996948242,33.552730560302734
2023-06-09,36.60599899291992,33.87569808959961
2023-06-12,36.617000579833984,33.88587951660156
2023-06-13,36.86399841308594,34.11445999145508
2023-06-14,36.88399887084961,34.132965087890625
2023-06-15,36.6150016784668,34.087554931640625
2023-06-16,36.638999938964844,34.10989761352539
2023-06-19,36.50299835205078,33.98328399658203
2023-06-20,36.00199890136719,33.516868591308594
2023-06-21,35.64899826049805,33.18822479248047
2023-06-22,35.56100082397461,33.10631561279297
2023-06-23,35.25299835205078,32.81956481933594
2023-06-26,35.334999084472656,32.895904541015625
2023-06-27,35.486000061035156,33.0364875793457
2023-06-28,35.41699981689453,32.97224807739258
2023-06-29,35.36600112915039,32.924774169921875
2023-06-30,35.599998474121094,33.142616271972656
2023-07-03,35.952999114990234,33.47125244140625
2023-07-04,36.22200012207031,33.72168731689453
2023-07-05,35.902000427246094,33.42377471923828
2023-07-06,35.10100173950195,32.678062438964844
2023-07-07,35.32400131225586,32.88567352294922
2023-07-10,35.1879997253418,32.75905990600586
2023-07-11,35.42599868774414,32.98062515258789
2023-07-12,35.87200164794922,33.39584732055664
2023-07-13,36.01300048828125,33.52710723876953
2023-07-14,35.895999908447266,33.41817855834961
2023-07-17,35.72999954223633,33.26364517211914
2023-07-18,35.64099884033203,33.1807861328125
2023-07-19,35.72700119018555,33.26084899902344
2023-07-20,35.55099868774414,33.09700012207031
2023-07-21,35.625,33.165889739990234
2023-07-24,36.21900177001953,33.71889114379883
2023-07-25,36.637001037597656,34.108036041259766
2023-07-26,36.6150016784668,34.087554931640625
2023-07-27,36.9109992980957,34.36311721801758
2023-07-28,37.297000885009766,34.72248077392578
2023-07-31,37.297000885009766,34.72248077392578
2023-08-01,37.07099914550781,34.5120735168457
2023-08-02,36.3129997253418,33.806396484375
2023-08-03,36.444000244140625,33.92836380004883
2023-08-04,36.33100128173828,33.82316207885742
2023-08-07,36.07899856567383,33.58855056762695
2023-08-08,35.750999450683594,33.283199310302734
2023-08-09,35.803001403808594,33.331600189208984
2023-08-10,36.04800033569336,33.5596923828125
2023-08-11,35.40299987792969,32.959224700927734
2023-08-14,35.37699890136719,32.93500900268555
2023-08-15,35.08100128173828,32.65945053100586
2023-08-16,34.94499969482422,32.532840728759766
2023-08-17,35.020999908447266,32.60357666015625
2023-08-18,34.69599914550781,32.3010139465332
2023-08-21,34.59199905395508,32.20419692993164
2023-08-22,34.81999969482422,32.416465759277344
2023-08-23,35.29399871826172,32.85773849487305
2023-08-24,35.28099822998047,32.84564208984375
2023-08-25,35.36600112915039,32.924774169921875
2023-08-28,35.724998474121094,33.25898361206055
2023-08-29,36.00899887084961,33.523380279541016
2023-08-30,35.625,33.165889739990234
2023-08-31,35.52000045776367,33.06814193725586
2023-09-01,36.03799819946289,33.550384521484375
2023-09-04,36.15700149536133,33.66116714477539
2023-09-05,36.08399963378906,33.59321212768555
2023-09-06,35.88100051879883,33.40422439575195
2023-09-07,35.483001708984375,33.033695220947266
2023-09-08,35.51599884033203,33.064414978027344
2023-09-11,35.70800018310547,33.243160247802734
2023-09-12,35.78300094604492,33.31298828125
2023-09-13,35.78200149536133,33.31205368041992
2023-09-14,35.81999969482422,33.72173309326172
2023-09-15,35.61399841308594,33.52779769897461
2023-09-18,35.474998474121094,33.39693832397461
2023-09-19,35.26499938964844,33.199241638183594
2023-09-20,35.35300064086914,33.282081604003906
2023-09-21,34.69300079345703,32.66075134277344
2023-09-22,35.12900161743164,33.07121658325195
2023-09-25,35.11399841308594,33.05708694458008
2023-09-26,34.715999603271484,32.68239974975586
2023-09-27,34.904998779296875,32.86033248901367
2023-09-28,34.73500061035156,32.70029067993164
2023-09-29,34.875,32.832088470458984
2023-10-02,34.89500045776367,32.85091781616211
2023-10-03,34.61199951171875,32.584495544433594
2023-10-04,34.257999420166016,32.25123596191406
2023-10-05,34.165000915527344,32.16368103027344
2023-10-06,34.58000183105469,32.55436325073242
2023-10-09,34.422000885009766,32.40562438964844
2023-10-10,34.93899917602539,32.89234161376953
2023-10-11,35.071998596191406,33.01754379272461
2023-10-12,35.05400085449219,33.00060272216797
2023-10-13,34.95800018310547,32.91022491455078
2023-10-16,35.082000732421875,33.02696228027344
2023-10-17,34.922000885009766,32.8763313293457
2023-10-18,34.520999908447266,32.49882507324219
2023-10-19,34.24800109863281,32.241817474365234
2023-10-20,33.73400115966797,31.757930755615234
2023-10-23,33.54800033569336,31.58281898498535
2023-10-24,34.095001220703125,32.097782135009766
2023-10-25,33.790000915527344,31.81064224243164
2023-10-26,33.62200164794922,31.652490615844727
2023-10-27,33.577999114990234,31.61106300354004
2023-10-30,33.66600036621094,31.693910598754883
2023-10-31,33.428001403808594,31.4698543548584
2023-11-01,33.86800003051758,31.884077072143555
2023-11-02,34.3650016784668,32.35196304321289
2023-11-03,34.7760009765625,32.73888397216797
2023-11-06,35.071998596191406,33.01754379272461
2023-11-07,35.06100082397461,33.007198333740234
2023-11-08,34.83000183105469,32.78972244262695
2023-11-09,34.79399871826172,32.75583267211914
2023-11-10,34.64699935913086,32.6174430847168
2023-11-13,34.79399871826172,32.75583267211914
2023-11-14,35.01599884033203,32.964820861816406
2023-11-15,35.52299880981445,33.4421272277832
2023-11-16,34.97100067138672,32.92246627807617
2023-11-17,34.95199966430664,32.90458297729492
2023-11-20,35.21699905395508,33.154052734375
2023-11-21,35.05400085449219,33.00060272216797
2023-11-22,35.125999450683594,33.068382263183594
2023-11-23,35.1879997253418,33.12675094604492
2023-11-24,34.959999084472656,32.912113189697266
2023-11-27,34.7760009765625,32.73888397216797
2023-11-28,34.9379997253418,32.891395568847656
2023-11-29,34.79199981689453,32.75395202636719
2023-11-30,35.040000915527344,32.987430572509766
2023-12-01,35.16899871826172,33.10886764526367
2023-12-04,35.16899871826172,33.10886764526367
2023-12-05,35.16899871826172,33.10886764526367
2023-12-06,35.16899871826172,33.10886764526367
2023-12-07,35.020999908447266,32.96953582763672
2023-12-08,35.0359992980957,32.9836540222168
2023-12-11,35.21099853515625,33.148406982421875
2023-12-12,35.058998107910156,33.005306243896484
2023-12-13,34.90800094604492,32.863155364990234
2023-12-14,35.24800109863281,33.29515075683594
2023-12-15,35.558998107910156,33.58891677856445
2023-12-18,35.183998107910156,33.23468780517578
2023-12-19,35.44900131225586,33.48501205444336
2023-12-20,35.22800064086914,33.2762565612793
2023-12-21,35.35100173950195,33.39244842529297
2023-12-22,35.16600036621094,33.21769714355469
2023-12-27,35.305999755859375,33.349937438964844
2023-12-28,35.83599853515625,33.8505744934082
2023-12-29,35.84199905395508,33.856239318847656
2024-01-02,35.784000396728516,33.801456451416016
2024-01-03,35.66999816894531,33.69377517700195
2024-01-04,35.571998596191406,33.601192474365234
2024-01-05,35.59400177001953,33.621986389160156
2024-01-08,35.444000244140625,33.480289459228516
2024-01-09,35.215999603271484,33.264923095703125
2024-01-10,34.95500183105469,33.01837921142578
2024-01-11,34.9739990234375,33.03633117675781
2024-01-12,35.3489990234375,33.39054870605469
2024-01-15,35.189998626708984,33.2403564453125
2024-01-16,34.880001068115234,32.947540283203125
2024-01-17,34.15700149536133,32.26459884643555
2024-01-18,34.512001037597656,32.59992599487305
2024-01-19,34.540000915527344,32.62637710571289
2024-01-22,34.49399948120117,32.58292007446289
2024-01-23,34.85499954223633,32.92392349243164
2024-01-24,35.31100082397461,33.35466003417969
2024-01-25,35.428001403808594,33.465179443359375
2024-01-26,35.409000396728516,33.447235107421875
2024-01-29,35.46900177001953,33.50390625
2024-01-30,35.119998931884766,33.17424392700195
2024-01-31,35.185001373291016,33.23563766479492
2024-02-01,35.178001403808594,33.22902297973633
2024-02-02,35.327999114990234,33.370723724365234
2024-02-05,35.573001861572266,33.602142333984375
2024-02-06,36.388999938964844,34.3729362487793
2024-02-07,36.301998138427734,34.29075622558594
2024-02-08,36.176998138427734,34.172672271728516
2024-02-09,36.10900115966797,34.10845184326172
2024-02-12,36.75600051879883,34.719600677490234
2024-02-13,36.1619987487793,34.158504486083984
2024-02-14,36.54100036621094,34.516517639160156
2024-02-15,36.55099868774414,34.52595901489258
2024-02-16,36.82400131225586,34.783843994140625
2024-02-19,36.75400161743164,34.717708587646484
2024-02-20,36.63399887084961,34.6043586730957
2024-02-21,36.72100067138672,34.68653869628906
2024-02-22,36.992000579833984,34.94252395629883
2024-02-23,37.00899887084961,34.958587646484375
2024-02-26,36.78799819946289,34.74982833862305
2024-02-27,36.92499923706055,34.879241943359375
2024-02-28,36.46500015258789,34.444725036621094
2024-02-29,36.577999114990234,34.55146408081055
2024-03-01,36.98699951171875,34.93780517578125
2024-03-04,36.84199905395508,34.800838470458984
2024-03-05,36.55699920654297,34.53163146972656
2024-03-06,36.96699905395508,34.91890335083008
2024-03-07,36.983001708984375,34.934017181396484
2024-03-08,37.02000045776367,34.96897888183594
2024-03-11,37.165000915527344,35.1059455871582
2024-03-12,37.51499938964844,35.436546325683594
2024-03-13,37.28099822998047,35.21551513671875
2024-03-14,37.290000915527344,35.32627487182617
2024-03-15,37.007999420166016,35.05912780761719
2024-03-18,37.104000091552734,35.15006637573242
2024-03-19,36.95500183105469,35.008914947509766
2024-03-20,37.05099868774414,35.099857330322266
2024-03-21,37.48899841308594,35.51478576660156
2024-03-22,37.33599853515625,35.369842529296875
2024-03-25,37.275001525878906,35.31206512451172
2024-03-26,37.32699966430664,35.361324310302734
2024-03-27,37.28099822998047,35.317745208740234
2024-03-28,37.608001708984375,35.62752914428711
2024-04-02,37.94599914550781,35.947731018066406
2024-04-03,37.73699951171875,35.74973678588867
2024-04-04,37.992000579833984,35.991302490234375
2024-04-05,37.62099838256836,35.63984298706055
2024-04-08,37.91400146484375,35.917415618896484
2024-04-09,38.00899887084961,36.00741195678711
2024-04-10,37.89899826049805,35.903202056884766
2024-04-11,38.137001037597656,36.12866973876953
2024-04-12,37.79499816894531,35.8046760559082
2024-04-15,37.70399856567383,35.71847152709961
2024-04-16,36.972999572753906,35.02596664428711
2024-04-17,36.847999572753906,34.907554626464844
2024-04-18,37.09000015258789,35.136810302734375
2024-04-19,36.75899887084961,34.82323455810547
2024-04-22,36.99399948120117,35.045860290527344
2024-04-23,37.23500061035156,35.274169921875
2024-04-24,37.422000885009766,35.451324462890625
2024-04-25,37.28099822998047,35.317745208740234
2024-04-26,37.882999420166016,35.8880500793457
2024-04-29,38.12099838256836,36.11350631713867
2024-04-30,37.972999572753906,35.97331237792969
2024-05-02,38.47999954223633,36.45360565185547
2024-05-03,38.72999954223633,36.69044494628906
2024-05-06,38.856998443603516,36.81075668334961
2024-05-07,38.733001708984375,36.69327926635742
2024-05-08,38.74100112915039,36.700862884521484
2024-05-09,38.72200012207031,36.682857513427734
2024-05-10,38.89899826049805,36.85053634643555
2024-05-13,39.14099884033203,37.079803466796875
2024-05-14,39.185001373291016,37.12147521972656
2024-05-15,39.422000885009766,37.346004486083984
2024-05-16,39.54399871826172,37.46158218383789
2024-05-17,39.7400016784668,37.64726257324219
2024-05-20,39.62900161743164,37.5421028137207
2024-05-21,39.38999938964844,37.3156852722168
2024-05-22,39.40399932861328,37.328948974609375
2024-05-23,39.263999938964844,37.196327209472656
2024-05-24,39.05500030517578,36.998329162597656
2024-05-27,39.275001525878906,37.20674133300781
2024-05-28,38.99300003051758,36.93959045410156
2024-05-29,38.53200149536133,36.502872467041016
2024-05-30,38.36800003051758,36.34749984741211
2024-05-31,37.7140007019043,35.72794723510742
2024-06-03,38.2140007019043,36.201622009277344
2024-06-04,37.56100082397461,35.583003997802734
2024-06-05,38.34700012207031,36.327613830566406
2024-06-06,38.53499984741211,36.505706787109375
2024-06-07,38.58000183105469,36.548343658447266
2024-06-10,38.88100051879883,36.833492279052734
2024-06-11,38.560001373291016,36.529388427734375
2024-06-12,38.82500076293945,36.78044128417969
2024-06-13,38.61399841308594,36.82854080200195
2024-06-14,38.9900016784668,37.18715286254883
2024-06-17,39.0359992980957,37.23102951049805
2024-06-18,39.47999954223633,37.65449523925781
2024-06-19,39.784000396728516,37.94444274902344
2024-06-20,39.62200164794922,37.78993225097656
2024-06-21,39.55099868774414,37.72220993041992
2024-06-24,39.5359992980957,37.70790100097656
2024-06-25,39.27299880981445,37.45706558227539
2024-06-26,39.32899856567383,37.510475158691406
2024-06-27,39.27899932861328,37.462791442871094
2024-06-28,39.50199890136719,37.675479888916016
2024-07-01,39.428001403808594,37.60490417480469
2024-07-02,39.3390007019043,37.520023345947266
2024-07-03,39.78499984741211,37.94540023803711
2024-07-04,39.88100051879883,38.03696060180664
2024-07-05,39.79100036621094,37.95112228393555
2024-07-08,39.95399856567383,38.1065788269043
2024-07-09,40.047000885009766,38.195281982421875
2024-07-10,40.231998443603516,38.371726989746094
2024-07-11,40.40999984741211,38.541500091552734
2024-07-12,40.457000732421875,38.586326599121094
2024-07-15,40.1609992980957,38.30400848388672
2024-07-16,40.14799880981445,38.29160690307617
2024-07-17,39.57699966430664,37.74701690673828
2024-07-18,39.27199935913086,37.456111907958984
2024-07-19,38.902000427246094,37.10322189331055
2024-07-22,39.07400131225586,37.26727294921875
2024-07-23,39.0880012512207,37.28062057495117
2024-07-24,38.70899963378906,36.91914749145508
2024-07-25,38.39699935913086,36.6215705871582
2024-07-26,38.56700134277344,36.783714294433594
2024-07-29,38.53200149536133,36.750335693359375
2024-07-30,38.53200149536133,36.750335693359375
2024-07-31,39.35499954223633,37.5352783203125
2024-08-01,38.972999572753906,37.170936584472656
2024-08-02,37.595001220703125,35.85665512084961
2024-08-05,36.37200164794922,34.690208435058594
2024-08-06,36.6879997253418,34.9915885925293
2024-08-07,37.500999450683594,35.767005920410156
2024-08-08,37.816001892089844,36.06744384765625
2024-08-09,37.952999114990234,36.19810104370117
2024-08-12,38.18199920654297,36.4165153503418
2024-08-13,38.310001373291016,36.538597106933594
2024-08-14,38.09299850463867,36.33163070678711
2024-08-15,38.62300109863281,36.837127685546875
2024-08-16,38.928001403808594,37.128021240234375
2024-08-19,39.124000549316406,37.314964294433594
2024-08-20,38.7130012512207,36.92295837402344
2024-08-21,38.766998291015625,36.974464416503906
2024-08-22,38.500999450683594,36.720767974853516
2024-08-23,38.7859992980957,36.99258804321289
2024-08-26,38.47800064086914,36.698829650878906
2024-08-27,38.50600051879883,36.72553253173828
2024-08-28,38.48400115966797,36.704551696777344
2024-08-29,38.832000732421875,37.03646469116211
2024-08-30,38.75400161743164,36.962066650390625
2024-09-02,38.71699905395508,36.92677307128906
2024-09-03,38.33300018310547,36.5605354309082
2024-09-04,38.099998474121094,36.33830261230469
2024-09-05,37.983001708984375,36.226715087890625
2024-09-06,37.40299987792969,35.67353439331055
2024-09-09,37.75199890136719,36.00639343261719
2024-09-10,37.641998291015625,35.9014778137207
2024-09-11,37.612998962402344,35.87382507324219
2024-09-12,37.70199966430664,36.319854736328125
2024-09-13,37.91600036621094,36.52600860595703
2024-09-16,37.77399826049805,36.38921356201172
2024-09-17,37.99800109863281,36.605003356933594
2024-09-18,37.849998474121094,36.46242904663086
2024-09-19,38.45600128173828,37.04621124267578
2024-09-20,38.42100143432617,37.01250076293945
2024-09-23,38.85499954223633,37.43059539794922
2024-09-24,39.900001525878906,38.43727493286133
2024-09-25,39.858001708984375,38.396820068359375
2024-09-26,40.946998596191406,39.445892333984375
2024-09-27,41.007999420166016,39.504661560058594
2024-09-30,40.5359992980957,39.049957275390625
2024-10-01,40.76900100708008,39.274417877197266
2024-10-02,41.58100128173828,40.05665588378906
2024-10-03,41.34199905395508,39.826412200927734
2024-10-04,41.69599914550781,40.16743469238281
2024-10-07,42.029998779296875,40.48918914794922
2024-10-08,41.125999450683594,39.61832809448242
2024-10-09,41.12099838256836,39.6135139465332
2024-10-10,41.17100143432617,39.66168212890625
2024-10-11,41.34700012207031,39.83123016357422
2024-10-14,41.36899948120117,39.85242462158203
2024-10-15,40.70100021362305,39.20891189575195
2024-10-16,41.01300048828125,39.50947952270508
2024-10-17,41.01300048828125,39.50947952270508
2024-10-18,41.35499954223633,39.83893966674805
2024-10-21,40.904998779296875,39.40544128417969
2024-10-22,40.97200012207031,39.46997833251953
2024-10-23,40.94499969482422,39.4439697265625
2024-10-24,40.637001037597656,39.14726257324219
2024-10-25,40.82899856567383,39.332218170166016
2024-10-28,40.84000015258789,39.34281921386719
2024-10-29,40.85499954223633,39.35726547241211
2024-10-30,40.189998626708984,38.716644287109375
2024-10-31,39.80699920654297,38.347686767578125
2024-11-01,40.27299880981445,38.79660415649414
2024-11-04,40.24399948120117,38.76866912841797
2024-11-05,40.57699966430664,39.089454650878906
2024-11-06,40.608001708984375,39.119319915771484
2024-11-07,41.2869987487793,39.77342987060547
2024-11-08,40.58700180053711,39.099098205566406
2024-11-11,40.625999450683594,39.13665771484375
2024-11-12,40.03799819946289,38.570220947265625
2024-11-13,39.96200180053711,38.49700164794922
2024-11-14,39.874000549316406,38.4122314453125
2024-11-15,39.84199905395508,38.38140106201172
2024-11-18,40.090999603271484,38.62127685546875
2024-11-19,40.17399978637695,38.701229095458984
2024-11-20,40.11399841308594,38.643436431884766
2024-11-21,40.237998962402344,38.76288604736328
2024-11-22,40.59700012207031,39.10873031616211
2024-11-25,40.35599899291992,38.876556396484375
2024-11-26,40.25400161743164,38.77830123901367
2024-11-27,39.90399932861328,38.441123962402344
2024-11-28,39.763999938964844,38.30626678466797
2024-11-29,40.05799865722656,38.58948516845703
2024-12-02,40.42900085449219,38.94688415527344
2024-12-03,40.45399856567383,38.9709587097168
2024-12-04,40.540000915527344,39.053810119628906
2024-12-05,40.691001892089844,39.199283599853516
2024-12-06,40.63600158691406,39.146297454833984
2024-12-09,41.571998596191406,40.04798126220703
2024-12-10,41.012001037597656,39.50851058959961
2024-12-11,41.12699890136719,39.619293212890625
2024-12-12,40.9640007019043,39.587440490722656
2024-12-13,40.84700012207031,39.474369049072266
2024-12-16,40.72999954223633,39.361305236816406
2024-12-17,40.553001403808594,39.19025421142578
2024-12-18,40.60599899291992,39.2414665222168
2024-12-19,40.4119987487793,39.05398941040039
2024-12-20,40.25699996948242,38.90419387817383
2024-12-23,40.275001525878906,38.921592712402344
2024-12-27,40.10200119018555,38.75440979003906
2024-12-30,39.85200119018555,38.512813568115234
2025-01-02,40.52399826049805,39.1622200012207
2025-01-03,40.518001556396484,39.156429290771484
2025-01-06,40.5,39.13903045654297
2025-01-07,40.305999755859375,38.95155715942383
2025-01-08,40.138999938964844,38.790164947509766
2025-01-09,40.1879997253418,38.8375129699707
2025-01-10,39.696998596191406,38.363014221191406
2025-01-13,39.47100067138672,38.144615173339844
2025-01-14,39.64699935913086,38.314693450927734
2025-01-15,40.13600158691406,38.787261962890625
2025-01-16,40.220001220703125,38.868446350097656
2025-01-17,40.59600067138672,39.2318115234375
2025-01-20,40.7239990234375,39.355506896972656
2025-01-21,40.400001525878906,39.04239273071289
2025-01-22,40.47700119018555,39.11680603027344
2025-01-23,40.516998291015625,39.15545654296875
2025-01-24,40.5260009765625,39.16415786743164
2025-01-27,39.70199966430664,38.36785125732422
2025-01-28,39.922000885009766,38.5804557800293
2025-01-29,40.54499816894531,39.182518005371094
2025-01-30,41.0369987487793,39.657981872558594
2025-01-31,41.15800094604492,39.77492141723633
2025-02-03,40.97700119018555,39.60000228881836
2025-02-04,41.32600021362305,39.93727493286133
2025-02-05,40.979000091552734,39.601932525634766
2025-02-06,41.23699951171875,39.85126495361328
2025-02-07,41.45399856567383,40.06097412109375
2025-02-10,41.88999938964844,40.48232650756836
2025-02-11,41.74700164794922,40.34413146972656
2025-02-12,41.69599914550781,40.294837951660156
2025-02-13,41.7599983215332,40.356685638427734
2025-02-14,41.744998931884766,40.342193603515625
2025-02-17,42.23699951171875,40.81766891479492
2025-02-18,42.43899917602539,41.012874603271484
2025-02-19,42.48699951171875,41.059261322021484
2025-02-20,42.52399826049805,41.09501647949219
2025-02-21,42.900001525878906,41.4583854675293
2025-02-24,41.95600128173828,40.546104431152344
2025-02-25,41.643001556396484,40.24362564086914
2025-02-26,42.36000061035156,40.93653106689453
2025-02-27,42.051998138427734,40.63887405395508
2025-02-28,41.05500030517578,39.675384521484375
2025-03-03,40.97999954223633,39.6029052734375
2025-03-04,40.29100036621094,38.93705749511719
2025-03-05,40.500999450683594,39.13999938964844
2025-03-06,40.643001556396484,39.2772331237793
2025-03-07,40.24599838256836,38.89356231689453
2025-03-10,39.768001556396484,38.43163299560547
2025-03-11,39.5099983215332,38.18230056762695
2025-03-12,39.858001708984375,38.518611907958984
2025-03-13,39.71900177001953,38.51706314086914
2025-03-14,40.29100036621094,39.07175827026367
2025-03-17,40.8120002746582,39.576988220214844
2025-03-18,40.7400016784668,39.507171630859375
2025-03-19,40.95199966430664,39.7127571105957
2025-03-20,40.71799850463867,39.4858283996582
2025-03-21,40.678001403808594,39.44704818725586
2025-03-24,40.98400115966797,39.7437858581543
2025-03-25,40.89699935913086,39.65941619873047
2025-03-26,40.77399826049805,39.54013442993164
2025-03-27,40.95100021362305,39.71178436279297
2025-03-28,40.0369987487793,38.825443267822266
2025-03-31,39.83599853515625,38.63052749633789
2025-04-01,40.19200134277344,38.97575759887695
2025-04-02,39.95399856567383,38.74495315551758
2025-04-03,38.606998443603516,37.438716888427734
2025-04-04,36.59400177001953,35.48663330078125
2025-04-07,35.332000732421875,34.262821197509766
2025-04-08,35.89099884033203,34.804901123046875
2025-04-09,34.45399856567383,33.4113883972168
2025-04-10,35.683998107910156,34.604164123535156
2025-04-11,35.75299835205078,34.671077728271484
2025-04-14,36.63100051879883,35.52251434326172
2025-04-15,36.99300003051758,35.873558044433594
2025-04-16,36.54100036621094,35.43523406982422
2025-04-17,36.55099868774414,35.44493103027344
2025-04-22,36.65399932861328,35.54481506347656
2025-04-23,37.54600143432617,36.40982437133789
2025-04-24,37.76300048828125,36.62025451660156
2025-04-25,37.63399887084961,36.495155334472656
2025-04-28,37.7140007019043,36.5727424621582
2025-04-29,37.89799880981445,36.75116729736328
2025-04-30,38.09299850463867,36.94026565551758
2025-05-02,39.209999084472656,38.02346420288086
2025-05-05,39.7599983215332,38.556827545166016
2025-05-06,39.465999603271484,38.27172088623047
2025-05-07,38.972999572753906,37.79364013671875
2025-05-08,39.20500183105469,38.01861572265625
2025-05-09,39.435001373291016,38.241661071777344
2025-05-12,40.80799865722656,39.5731086730957
2025-05-13,40.7130012512207,39.480987548828125
2025-05-14,41.0369987487793,39.7951774597168
2025-05-15,40.89099884033203,39.653594970703125
2025-05-16,40.97600173950195,39.736026763916016
2025-05-19,40.737998962402344,39.50522994995117
2025-05-20,40.63100051879883,39.401466369628906
2025-05-21,40.61800003051758,39.38885498046875
2025-05-22,40.43899917602539,39.21527099609375
2025-05-23,40.28099822998047,39.06205749511719
2025-05-26,40.29899978637695,39.07951354980469
2025-05-27,40.2239990234375,39.006778717041016
2025-05-28,40.20600128173828,38.98933029174805
2025-05-29,40.07500076293945,38.8622932434082
2025-05-30,39.68199920654297,38.48118591308594
2025-06-02,39.50899887084961,38.313419342041016
2025-06-03,39.97200012207031,38.76240539550781
2025-06-04,40.362998962402344,39.14157485961914
2025-06-05,40.595001220703125,39.36655807495117
2025-06-06,40.7140007019043,39.48195266723633
2025-06-09,41.0260009765625,39.784515380859375
2025-06-10,41.145999908447266,39.900882720947266
2025-06-11,41.33700180053711,40.08610153198242
2025-06-12,40.6619987487793,39.7017707824707
2025-06-13,40.17900085449219,39.23017501831055
2025-06-16,40.6870002746582,39.72618103027344
2025-06-17,40.481998443603516,39.52602005004883
2025-06-18,40.3489990234375,39.39616012573242
2025-06-19,39.8489990234375,38.90796661376953
2025-06-20,40.090999603271484,39.14425277709961
2025-06-23,40.04899978637695,39.103248596191406
2025-06-24,40.933998107910156,39.96734619140625
2025-06-25,41.016998291015625,40.04838562011719
2025-06-26,41.05099868774414,40.081581115722656
2025-06-27,40.970001220703125,40.00249481201172
2025-06-30,40.78200149536133,39.818939208984375
2025-07-01,40.832000732421875,39.86775588989258
2025-07-02,40.862998962402344,39.89802169799805
2025-07-03,41.29800033569336,40.322750091552734
2025-07-04,40.85499954223633,39.89020919799805
2025-07-07,41.00199890136719,40.03374099731445
2025-07-08,41.12300109863281,40.15188217163086
2025-07-09,41.005001068115234,40.03667068481445
2025-07-10,41.266998291015625,40.292484283447266
2025-07-11,41.09600067138672,40.12552261352539
2025-07-14,41.1879997253418,40.21534729003906
2025-07-15,41.76599884033203,40.77969741821289
2025-07-16,41.44300079345703,40.46432876586914
2025-07-17,42.21799850463867,41.22102737426758
2025-07-18,42.117000579833984,41.122413635253906
2025-07-21,42.16999816894531,41.17416000366211
2025-07-22,41.87099838256836,40.88221740722656
2025-07-23,42.28099822998047,41.282535552978516
2025-07-24,42.05799865722656,41.06480026245117
2025-07-25,41.91899871826172,40.92908477783203
2025-07-28,42.22100067138672,41.22395706176758
2025-07-29,42.47800064086914,41.47488784790039
2025-07-30,42.52399826049805,41.519798278808594
2025-07-31,42.433998107910156,41.431922912597656
2025-08-01,41.525001525878906,40.54439163208008
2025-08-04,41.88199996948242,40.892967224121094
2025-08-05,42.02299880981445,41.0306282043457
2025-08-06,41.83599853515625,40.848045349121094
2025-08-07,42.34299850463867,41.34307098388672
2025-08-08,42.17499923706055,41.17904281616211
2025-08-11,42.40800094604492,41.40653991699219
2025-08-12,42.5,41.496360778808594
2025-08-13,42.9379997253418,41.92401885986328
2025-08-14,42.6150016784668,41.60865783691406
2025-08-15,42.48699951171875,41.483673095703125
2025-08-18,42.81100082397461,41.800025939941406
2025-08-19,42.638999938964844,41.632083892822266
2025-08-20,42.45899963378906,41.456336975097656
2025-08-21,42.64400100708008,41.63697052001953
2025-08-22,43.0099983215332,41.994319915771484
2025-08-25,43.176998138427734,42.157379150390625
2025-08-26,43.0,41.98455810546875
2025-08-27,42.755001068115234,41.74534606933594
2025-08-28,42.72999954223633,41.72093200683594
2025-08-29,42.40800094604492,41.40653991699219
2025-09-01,42.50400161743164,41.50027847290039
2025-09-02,42.41600036621094,41.41435241699219
2025-09-03,42.67100143432617,41.663330078125
2025-09-04,42.51900100708008,41.51491928100586
2025-09-05,42.72800064086914,41.7189826965332
2025-09-08,43.066001892089844,42.04899978637695
2025-09-09,43.48899841308594,42.462013244628906
2025-09-10,43.95600128173828,42.91798782348633
2025-09-11,43.999000549316406,43.28837966918945
2025-09-12,44.08000183105469,43.368072509765625
2025-09-15,44.22100067138672,43.50679397583008
2025-09-16,44.130001068115234,43.417259216308594
2025-09-17,44.52199935913086,43.80293273925781
2025-09-18,44.566001892089844,43.846221923828125
2025-09-19,44.60300064086914,43.882625579833984
2025-09-22,44.5369987487793,43.817684173583984
2025-09-23,44.858001708984375,44.133506774902344
2025-09-24,44.83599853515625,44.111854553222656
2025-09-25,44.80799865722656,44.08430862426758
2025-09-26,44.44599914550781,43.72815704345703
2025-09-29,44.85200119018555,44.127601623535156
2025-09-30,44.89899826049805,44.17383575439453
2025-10-01,45.30500030517578,44.57328414916992
2025-10-02,45.632999420166016,44.89598846435547
2025-10-03,45.742000579833984,45.00322341918945
2025-10-06,46.0260009765625,45.28263854980469
2025-10-07,45.93899917602539,45.19704055786133
2025-10-08,46.321998596191406,45.573856353759766
2025-10-09,46.25199890136719,45.50498962402344
2025-10-10,44.75400161743164,44.031185150146484
2025-10-13,45.84000015258789,45.09964370727539
2025-10-14,45.27799987792969,44.54671859741211
2025-10-15,45.88100051879883,45.13998031616211
2025-10-16,46.21099853515625,45.46464538574219
2025-10-17,45.768001556396484,45.02880859375
2025-10-20,46.729000091552734,45.97428512573242
2025-10-21,46.49100112915039,45.74013137817383
2025-10-22,46.35300064086914,45.6043586730957
2025-10-23,46.73699951171875,45.982154846191406
2025-10-27,47.39099884033203,46.62559127807617
2025-10-28,47.207000732421875,46.4445686340332
2025-10-29,47.79899978637695,47.02700424194336
2025-10-30,47.573001861572266,46.80465316772461
2025-10-31,47.4379997253418,46.67183303833008
2025-11-03,47.78200149536133,47.010276794433594
2025-11-04,47.43199920654297,46.66592788696289
2025-11-05,47.44599914550781,46.67970657348633
2025-11-06,46.83100128173828,46.07463455200195
2025-11-07,46.165000915527344,45.41939163208008
2025-11-10,47.21099853515625,46.4484977722168
2025-11-11,47.314998626708984,46.55081558227539
2025-11-12,47.358001708984375,46.59312438964844
2025-11-13,46.90700149536133,46.149410247802734
2025-11-14,47.06800079345703,46.30781173706055
2025-11-17,46.7239990234375,45.969364166259766
2025-11-18,46.18199920654297,45.43612289428711
2025-11-19,46.154998779296875,45.40955352783203
2025-11-20,46.24300003051758,45.496131896972656
2025-11-21,45.481998443603516,44.74742126464844
2025-11-24,46.00899887084961,45.265907287597656
2025-11-25,45.768001556396484,45.02880859375
2025-11-26,46.30799865722656,45.560081481933594
2025-11-27,46.23400115966797,45.487281799316406
2025-11-28,46.481998443603516,45.73126983642578
2025-12-01,46.303001403808594,45.5551643371582
2025-12-02,46.21200180053711,45.46563720703125
2025-12-03,46.064998626708984,45.321006774902344
2025-12-04,46.19200134277344,45.445960998535156
2025-12-05,46.63600158691406,45.88279342651367
2025-12-08,46.50299835205078,45.75193405151367
2025-12-09,46.39699935913086,45.64764404296875
2025-12-10,46.5099983215332,45.758819580078125
2025-12-11,46.03099822998047,45.4090461730957
2025-12-12,45.60100173950195,44.984859466552734
2025-12-15,45.70800018310547,45.09041213989258
2025-12-16,45.03499984741211,44.426509857177734
2025-12-17,44.91699981689453,44.31010055541992
2025-12-18,45.625,45.0085334777832
2025-12-19,46.027000427246094,45.40510177612305
2025-12-22,46.0099983215332,45.38833236694336
2025-12-23,46.05799865722656,45.43568420410156
2025-12-29,46.472999572753906,45.84507369995117
2025-12-30,46.755001068115234,46.12326431274414
2026-01-02,47.805999755859375,47.160064697265625
2026-01-05,48.59199905395508,47.93544387817383
2026-01-06,49.12799835205078,48.464202880859375
2026-01-07,48.9109992980957,48.2501335144043
2026-01-08,48.733001708984375,48.07454299926758
2026-01-09,49.064998626708984,48.40205001831055
2026-01-12,49.55500030517578,48.88543701171875
2026-01-13,49.60300064086914,48.93278884887695
2026-01-14,49.55400085449219,48.88444900512695
2026-01-15,50.3380012512207,49.65785598754883
2026-01-16,49.86800003051758,49.19420623779297
2026-01-19,49.90299987792969,49.228729248046875
2026-01-20,49.25899887084961,48.59342956542969
2026-01-21,49.76599884033203,49.09357833862305
2026-01-22,50.15599822998047,49.478309631347656
2026-01-23,50.0,49.32441711425781
2026-01-26,49.95899963378906,49.283973693847656
2026-01-27,50.28200149536133,49.60261154174805
2026-01-28,50.7239990234375,50.038639068603516
2026-01-29,50.32600021362305,49.646018981933594
2026-01-30,50.18000030517578,49.501991271972656
2026-02-02,50.167999267578125,49.490150451660156
2026-02-03,50.71799850463867,50.032718658447266
2026-02-04,50.20199966430664,49.52368927001953
2026-02-05,50.04600143432617,49.36980438232422
2026-02-06,50.71799850463867,50.032718658447266
2026-02-09,50.97200012207031,50.283287048339844
2026-02-10,51.051998138427734,50.362205505371094
2026-02-11,51.61199951171875,50.91463851928711
2026-02-12,51.42599868774414,50.73115158081055
2026-02-13,51.332000732421875,50.638427734375
2026-02-16,51.571998596191406,50.875179290771484
2026-02-17,51.459999084472656,50.76469421386719
2026-02-18,52.22999954223633,51.524288177490234
2026-02-19,51.965999603271484,51.26385498046875
2026-02-20,52.79600143432617,52.0826416015625
2026-02-23,52.465999603271484,51.757102966308594
2026-02-24,53.316001892089844,52.595619201660156
2026-02-25,53.736000061035156,53.00994110107422
2026-02-26,53.279998779296875,52.56010055541992
2026-02-27,52.987998962402344,52.27204895019531
2026-03-02,52.47999954223633,51.770912170410156
2026-03-03,49.97700119018555,49.301734924316406
2026-03-04,50.74399948120117,50.05836486816406
2026-03-05,49.861000061035156,49.18729782104492
2026-03-09,49.698001861572266,49.0265007019043
2026-03-10,51.11000061035156,50.41942596435547
2026-03-11,50.790000915527344,50.1037483215332
2026-03-12,49.803001403808594,49.13008117675781
2026-03-13,49.8120002746582,49.13896179199219
2026-03-16,50.57600021362305,49.89263916015625
2026-03-17,50.928001403808594,50.2398796081543
2026-03-18,50.52199935913086,49.83936309814453
2026-03-19,49.290000915527344,48.76527786254883
2026-03-20,48.29499816894531,47.78086853027344
2026-03-23,48.80500030517578,48.285438537597656
2026-03-24,48.6349983215332,48.11724853515625
2026-03-25,49.55500030517578,49.02745819091797
2026-03-26,48.27299880981445,47.75910186767578
2026-03-27,47.803001403808594,47.29410934448242
2026-03-30,48.025001525878906,47.51374435424805
2026-03-31,47.83300018310547,47.323787689208984
2026-04-01,49.43199920654297,48.905765533447266
2026-04-02,48.72999954223633,48.211238861083984
2026-04-07,48.69200134277344,48.173641204833984
2026-04-08,51.290000915527344,50.743988037109375
2026-04-09,51.09000015258789,50.54611587524414
2026-04-10,51.46200180053711,50.914154052734375
2026-04-13,51.332000732421875,50.78554153442383
2026-04-14,52.375999450683594,51.818424224853516
2026-04-15,52.53799819946289,51.97869873046875
2026-04-16,52.95600128173828,52.392250061035156
2026-04-17,53.99399948120117,53.4192008972168
2026-04-20,53.50400161743164,52.934417724609375
2026-04-21,53.332000732421875,52.76424789428711
2026-04-22,53.9379997253418,53.363792419433594
2026-04-23,53.71799850463867,53.14613723754883
2026-04-24,54.18600082397461,53.60915756225586
2026-04-27,54.16400146484375,53.5873908996582
2026-04-28,53.40999984741211,52.84141540527344
2026-04-29,53.65599822998047,53.08479690551758
2026-04-30,53.88800048828125,53.3143310546875
2026-05-04,54.66400146484375,54.08206558227539
2026-05-05,55.72800064086914,55.134742736816406
2026-05-06,57.04999923706055,56.442665100097656
2026-05-07,56.92599868774414,56.319984436035156
2026-05-08,57.41999816894531,56.8087272644043
2026-05-11,57.62799835205078,57.01451110839844
2026-05-12,55.619998931884766,55.027889251708984
2026-05-13,57.215999603271484,56.60689926147461
2026-05-14,57.70800018310547,57.09366226196289
2026-05-15,56.16600036621094,55.568077087402344
2026-05-18,55.68000030517578,55.087249755859375
2026-05-19,55.08000183105469,54.49363708496094
2026-05-20,56.17599868774414,55.57796859741211
2026-05-21,56.152000427246094,55.554229736328125
2026-05-22,56.779998779296875,56.175540924072266
2026-05-25,57.88600158691406,57.269771575927734
2026-05-26,58.374000549316406,57.75257110595703
2026-05-27,58.50199890136719,57.879207611083984
2026-05-28,58.70000076293945,58.07509994506836
2026-05-29,58.88199996948242,58.255165100097656
2026-06-01,60.066001892089844,59.42655944824219
2026-06-02,60.832000732421875,60.18440628051758
2026-06-03,60.27399826049805,59.63234329223633
2026-06-04,59.25199890136719,58.62122344970703
2026-06-05,57.22600173950195,56.61679458618164
2026-06-08,57.14799880981445,56.53962326049805
2026-06-09,56.63800048828125,56.03504943847656
2026-06-10,56.492000579833984,55.89060974121094
2026-06-11,57.029998779296875,56.42287826538086
2026-06-12,58.827999114990234,58.20173645019531
2026-06-15,60.38600158691406,59.7431526184082
2026-06-16,59.763999938964844,59.127777099609375
2026-06-17,60.52799987792969,59.883644104003906
2026-06-18,61.45399856567383,61.0764274597168
2026-06-19,60.992000579833984,60.61726760864258
2026-06-22,62.22800064086914,61.845672607421875
2026-06-23,59.354000091552734,58.98933029174805
2026-06-24,59.44200134277344,59.07678985595703
2026-06-25,59.63999938964844,59.2735710144043
2026-06-26,58.91999816894531,58.5579948425293
2026-06-29,58.27000045776367,57.911991119384766
2026-06-30,59.518001556396484,59.15232467651367
2026-07-01,58.88999938964844,58.52817916870117
2026-07-02,57.689998626708984,57.33555221557617
2026-07-03,58.986000061035156,58.623592376708984
2026-07-06,59.18199920654297,58.81838607788086
2026-07-07,57.07600021362305,56.72532653808594
2026-07-08,56.948001861572266,56.598114013671875
2026-07-09,58.29999923706055,57.941802978515625
2026-07-10,58.38199996948242,58.02330017089844
2026-07-13,56.99599838256836,56.645816802978516
2026-07-14,57.231998443603516,56.880367279052734
2026-07-15,56.94200134277344,56.5921516418457
2026-07-16,56.22800064086914,55.882537841796875
2026-07-17,55.077999114990234,54.739601135253906
2026-07-20,55.83000183105469,55.48698425292969
2026-07-21,57.034000396728516,56.68358612060547
2026-07-22,56.88600158691406,56.536495208740234
2026-07-23,56.30400085449219,55.95806884765625
2026-07-24,55.95000076293945,55.60624313354492
2026-07-27,55.20800018310547,54.86880111694336
2026-07-28,54.75,54.41361618041992
2026-07-29,53.737998962402344,53.407833099365234
2026-07-30,54.68600082397461,54.35000991821289
2026-07-31,55.52000045776367,55.17888641357422
2026-08-03,55.5359992980957,55.194786071777344
2026-08-04,56.96799850463867,56.61798858642578
2026-08-05,57.077999114990234,56.72731399536133
2026-08-06,56.68600082397461,56.33772277832031
2026-08-07,56.65800094604492,56.30989456176758
2026-08-10,56.400001525878906,56.05348205566406
2026-08-11,56.72600173950195,56.377479553222656
2026-08-12,57.47600173950195,57.12287139892578
2026-08-13,57.82400131225586,57.46873092651367
2026-08-14,57.41600036621094,57.063236236572266
2026-08-17,58.47800064086914,58.11871337890625
2026-08-18,56.44200134277344,56.09522247314453
2026-08-19,56.678001403808594,56.32977294921875
2026-08-20,56.762001037597656,56.41325759887695
2026-08-21,57.49399948120117,57.1407585144043
2026-08-24,56.56399917602539,56.216468811035156
2026-08-25,57.395999908447266,57.043357849121094
2026-08-26,57.694000244140625,57.33953094482422
2026-08-27,57.86199951171875,57.50649642944336
2026-08-28,58.16400146484375,57.806644439697266
2026-08-31,57.652000427246094,57.297786712646484
2026-09-01,57.98400115966797,57.62774658203125
2026-09-02,57.737998962402344,57.38325881958008
2026-09-03,57.80400085449219,57.4488525390625
2026-09-04,58.74399948120117,58.38307571411133
2026-09-07,59.06399917602539,58.70111083984375
2026-09-08,59.22600173950195,58.862117767333984
2026-09-09,58.86800003051758,58.506317138671875
2026-09-10,57.92399978637695,57.568115234375
2026-09-11,58.529998779296875,58.17039108276367
2026-09-14,57.268001556396484,56.9161491394043
2026-09-15,56.92599868774414,56.57624435424805
2026-09-16,57.518001556396484,57.16461181640625
2026-09-17,57.88199996948242,57.88199996948242
2026-09-18,57.74399948120117,57.74399948120117
2026-09-21,59.34199905395508,59.34199905395508
2026-09-22,59.641998291015625,59.641998291015625
2026-09-23,59.268001556396484,59.268001556396484
2026-09-24,58.645999908447266,58.645999908447266
2026-09-25,59.08000183105469,59.08000183105469
2026-09-28,58.290000915527344,58.290000915527344
2026-09-29,58.7859992980957,58.7859992980957
2026-09-30,58.42599868774414,58.42599868774414
2026-10-01,58.54999923706055,58.54999923706055
2026-10-02,,
