Date,Close,Adj Close
2010-01-04,26.125,21.72679328918457
2010-01-05,26.274999618530273,21.85153579711914
2010-01-06,26.510000228881836,22.046974182128906
2010-01-07,26.579999923706055,22.10518455505371
2010-01-08,26.729999542236328,22.229938507080078
2010-01-11,26.940000534057617,22.404590606689453
2010-01-12,26.690000534057617,22.196674346923828
2010-01-13,27.024999618530273,22.475278854370117
2010-01-14,27.204999923706055,22.62497329711914
2010-01-15,26.875,22.350528717041016
2010-01-19,27.100000381469727,22.53764533996582
2010-01-20,26.729999542236328,22.229938507080078
2010-01-21,26.1299991607666,21.730953216552734
2010-01-22,25.670000076293945,21.3483943939209
2010-01-25,25.719999313354492,21.389963150024414
2010-01-26,25.674999237060547,21.352550506591797
2010-01-27,25.940000534057617,21.572935104370117
2010-01-28,25.604999542236328,21.294336318969727
2010-01-29,25.364999771118164,21.09473419189453
2010-02-01,25.704999923706055,21.377498626708984
2010-02-02,26.145000457763672,21.743417739868164
2010-02-03,26.1299991607666,21.730953216552734
2010-02-04,25.260000228881836,21.007417678833008
2010-02-05,25.049999237060547,20.832775115966797
2010-02-08,24.8799991607666,20.691381454467773
2010-02-09,25.274999618530273,21.01988983154297
2010-02-10,25.25,20.999103546142578
2010-02-11,25.510000228881836,21.215335845947266
2010-02-12,25.329999923706055,21.065629959106445
2010-02-16,25.719999313354492,21.389963150024414
2010-02-17,25.979999542236328,21.606204986572266
2010-02-18,26.389999389648438,21.947179794311523
2010-02-19,26.549999237060547,22.080242156982422
2010-02-22,26.674999237060547,22.18419647216797
2010-02-23,26.28499984741211,21.85986328125
2010-02-24,26.559999465942383,22.08855438232422
2010-02-25,26.53499984741211,22.06777572631836
2010-02-26,26.71500015258789,22.217464447021484
2010-03-01,27.19499969482422,22.616661071777344
2010-03-02,27.420000076293945,22.803775787353516
2010-03-03,27.350000381469727,22.74556541442871
2010-03-04,27.540000915527344,22.903581619262695
2010-03-05,27.979999542236328,23.26949691772461
2010-03-08,27.860000610351562,23.169706344604492
2010-03-09,28.125,23.39008331298828
2010-03-10,28.420000076293945,23.635438919067383
2010-03-11,28.520000457763672,23.71858787536621
2010-03-12,28.3799991607666,23.602153778076172
2010-03-15,28.354999542236328,23.58136558532715
2010-03-16,28.469999313354492,23.677005767822266
2010-03-17,28.53499984741211,23.731067657470703
2010-03-18,28.565000534057617,23.756017684936523
2010-03-19,28.729999542236328,23.89322853088379
2010-03-22,28.84000015258789,23.984710693359375
2010-03-23,29.05500030517578,24.163524627685547
2010-03-24,28.93000030517578,24.0595645904541
2010-03-25,28.864999771118164,24.035831451416016
2010-03-26,28.959999084472656,24.114940643310547
2010-03-29,29.19499969482422,24.310611724853516
2010-03-30,29.15999984741211,24.28148078918457
2010-03-31,28.920000076293945,24.081636428833008
2010-04-01,29.045000076293945,24.185728073120117
2010-04-05,29.135000228881836,24.260652542114258
2010-04-06,28.954999923706055,24.110767364501953
2010-04-07,28.885000228881836,24.052488327026367
2010-04-08,28.844999313354492,24.019184112548828
2010-04-09,29.049999237060547,24.189884185791016
2010-04-12,29.125,24.252330780029297
2010-04-13,29.045000076293945,24.185728073120117
2010-04-14,29.204999923706055,24.318946838378906
2010-04-15,29.325000762939453,24.41887664794922
2010-04-16,29.014999389648438,24.160734176635742
2010-04-19,29.030000686645508,24.17322540283203
2010-04-20,29.350000381469727,24.439697265625
2010-04-21,29.829999923706055,24.83938980102539
2010-04-22,30.325000762939453,25.25156021118164
2010-04-23,30.28499984741211,25.218271255493164
2010-04-26,30.18000030517578,25.130826950073242
2010-04-27,29.565000534057617,24.61872100830078
2010-04-28,29.65999984741211,24.69782829284668
2010-04-29,30.155000686645508,25.110013961791992
2010-04-30,29.459999084472656,24.531286239624023
2010-05-03,30.165000915527344,25.11833953857422
2010-05-04,29.2450008392334,24.352252960205078
2010-05-05,28.979999542236328,24.131591796875
2010-05-06,28.030000686645508,23.340538024902344
2010-05-07,27.229999542236328,22.67437171936035
2010-05-10,28.510000228881836,23.740222930908203
2010-05-11,28.68000030517578,23.88178062438965
2010-05-12,29.34000015258789,24.43136215209961
2010-05-13,29.1299991607666,24.256488800048828
2010-05-14,28.434999465942383,23.677776336669922
2010-05-17,28.40999984741211,23.656957626342773
2010-05-18,28.065000534057617,23.369670867919922
2010-05-19,27.670000076293945,23.04075813293457
2010-05-20,26.2450008392334,21.85416603088379
2010-05-21,26.780000686645508,22.299657821655273
2010-05-24,26.360000610351562,21.949926376342773
2010-05-25,26.174999237060547,21.795873641967773
2010-05-26,26.204999923706055,21.82085418701172
2010-05-27,27.05500030517578,22.528654098510742
2010-05-28,26.78499984741211,22.303821563720703
2010-06-01,26.18000030517578,21.80003547668457
2010-06-02,26.735000610351562,22.262182235717773
2010-06-03,26.860000610351562,22.36627197265625
2010-06-04,25.700000762939453,21.400341033935547
2010-06-07,24.950000762939453,20.775821685791016
2010-06-08,25.075000762939453,20.879905700683594
2010-06-09,25.104999542236328,20.904878616333008
2010-06-10,25.864999771118164,21.537738800048828
2010-06-11,26.0049991607666,21.65431785583496
2010-06-14,26.149999618530273,21.775049209594727
2010-06-15,26.834999084472656,22.3454532623291
2010-06-16,26.864999771118164,22.370433807373047
2010-06-17,26.899999618530273,22.399578094482422
2010-06-18,27.03499984741211,22.512001037597656
2010-06-21,26.985000610351562,22.47036361694336
2010-06-22,26.459999084472656,22.033185958862305
2010-06-23,26.5,22.06649398803711
2010-06-24,26.0,21.7021541595459
2010-06-25,26.235000610351562,21.8983097076416
2010-06-28,26.139999389648438,21.819013595581055
2010-06-29,25.020000457763672,20.8841495513916
2010-06-30,24.850000381469727,20.742250442504883
2010-07-01,24.6299991607666,20.558612823486328
2010-07-02,24.540000915527344,20.48349952697754
2010-07-06,24.450000762939453,20.408369064331055
2010-07-07,25.260000228881836,21.0844783782959
2010-07-08,25.665000915527344,21.422534942626953
2010-07-09,25.725000381469727,21.472612380981445
2010-07-12,25.350000381469727,21.159597396850586
2010-07-13,25.854999542236328,21.581125259399414
2010-07-14,25.934999465942383,21.647897720336914
2010-07-15,25.84000015258789,21.568599700927734
2010-07-16,24.915000915527344,20.7965087890625
2010-07-19,25.09000015258789,20.942575454711914
2010-07-20,25.360000610351562,21.167945861816406
2010-07-21,25.395000457763672,21.197154998779297
2010-07-22,26.19499969482422,21.864912033081055
2010-07-23,26.625,22.223846435546875
2010-07-26,27.110000610351562,22.628673553466797
2010-07-27,26.84000015258789,22.403301239013672
2010-07-28,26.719999313354492,22.303136825561523
2010-07-29,26.725000381469727,22.30730628967285
2010-07-30,26.700000762939453,22.286441802978516
2010-08-02,27.135000228881836,22.6495304107666
2010-08-03,27.03499984741211,22.56607437133789
2010-08-04,27.225000381469727,22.724660873413086
2010-08-05,27.155000686645508,22.66622543334961
2010-08-06,26.975000381469727,22.5159854888916
2010-08-09,27.190000534057617,22.69544792175293
2010-08-10,26.834999084472656,22.399126052856445
2010-08-11,25.809999465942383,21.54355812072754
2010-08-12,25.549999237060547,21.326539993286133
2010-08-13,25.520000457763672,21.301498413085938
2010-08-16,25.5049991607666,21.288978576660156
2010-08-17,26.059999465942383,21.752233505249023
2010-08-18,26.21500015258789,21.88161277770996
2010-08-19,25.59000015258789,21.359928131103516
2010-08-20,25.469999313354492,21.259761810302734
2010-08-23,24.969999313354492,20.842416763305664
2010-08-24,24.454999923706055,20.41254234313965
2010-08-25,24.565000534057617,20.50436782836914
2010-08-26,24.6299991607666,20.558612823486328
2010-08-27,25.19499969482422,21.03022575378418
2010-08-30,24.774999618530273,20.67965316772461
2010-08-31,24.53499984741211,20.479328155517578
2010-09-01,25.514999389648438,21.29732322692871
2010-09-02,25.809999465942383,21.54355812072754
2010-09-03,26.209999084472656,21.8774356842041
2010-09-07,25.770000457763672,21.510177612304688
2010-09-08,25.969999313354492,21.67711639404297
2010-09-09,25.864999771118164,21.5894718170166
2010-09-10,26.170000076293945,21.844057083129883
2010-09-13,26.510000228881836,22.127851486206055
2010-09-14,26.229999542236328,21.894142150878906
2010-09-15,26.149999618530273,21.82735252380371
2010-09-16,26.1299991607666,21.810667037963867
2010-09-17,26.475000381469727,22.09864044189453
2010-09-20,27.010000228881836,22.545194625854492
2010-09-21,26.985000610351562,22.524335861206055
2010-09-22,26.7549991607666,22.33234214782715
2010-09-23,26.2549991607666,21.98525047302246
2010-09-24,26.985000610351562,22.596546173095703
2010-09-27,26.71500015258789,22.37044334411621
2010-09-28,26.924999237060547,22.546302795410156
2010-09-29,27.010000228881836,22.617473602294922
2010-09-30,26.940000534057617,22.558868408203125
2010-10-01,26.905000686645508,22.52955436706543
2010-10-04,26.565000534057617,22.24484634399414
2010-10-05,27.334999084472656,22.88962173461914
2010-10-06,27.469999313354492,23.00267219543457
2010-10-07,27.434999465942383,22.973363876342773
2010-10-08,27.6299991607666,23.136634826660156
2010-10-11,27.584999084472656,23.09896469116211
2010-10-12,27.610000610351562,23.119903564453125
2010-10-13,28.020000457763672,23.463228225708008
2010-10-14,27.864999771118164,23.333436965942383
2010-10-15,27.809999465942383,23.287376403808594
2010-10-18,27.920000076293945,23.37948989868164
2010-10-19,27.420000076293945,22.96080207824707
2010-10-20,27.8799991607666,23.345989227294922
2010-10-21,28.264999389648438,23.668384552001953
2010-10-22,28.3700008392334,23.756301879882812
2010-10-25,28.375,23.76048469543457
2010-10-26,28.420000076293945,23.798185348510742
2010-10-27,28.315000534057617,23.710247039794922
2010-10-28,28.3700008392334,23.756301879882812
2010-10-29,28.424999237060547,23.802358627319336
2010-11-01,28.209999084472656,23.622323989868164
2010-11-02,28.665000915527344,24.003332138061523
2010-11-03,28.6200008392334,23.96564483642578
2010-11-04,29.1299991607666,24.392704010009766
2010-11-05,29.299999237060547,24.535062789916992
2010-11-08,29.110000610351562,24.375961303710938
2010-11-09,28.80500030517578,24.120563507080078
2010-11-10,28.684999465942383,24.020078659057617
2010-11-11,28.18000030517578,23.597206115722656
2010-11-12,27.71500015258789,23.20782470703125
2010-11-15,27.770000457763672,23.253873825073242
2010-11-16,27.454999923706055,22.99010467529297
2010-11-17,27.469999313354492,23.00267219543457
2010-11-18,28.024999618530273,23.467411041259766
2010-11-19,28.020000457763672,23.463228225708008
2010-11-22,27.895000457763672,23.358552932739258
2010-11-23,27.774999618530273,23.258066177368164
2010-11-24,28.53499984741211,23.894474029541016
2010-11-26,28.315000534057617,23.710247039794922
2010-11-29,28.139999389648438,23.56371307373047
2010-11-30,28.149999618530273,23.57208824157715
2010-12-01,28.885000228881836,24.187559127807617
2010-12-02,29.204999923706055,24.45551109313965
2010-12-03,29.204999923706055,24.45551109313965
2010-12-06,29.204999923706055,24.45551109313965
2010-12-07,29.31999969482422,24.551807403564453
2010-12-08,29.2549991607666,24.49738883972168
2010-12-09,29.100000381469727,24.367586135864258
2010-12-10,29.329999923706055,24.560182571411133
2010-12-13,29.2450008392334,24.489002227783203
2010-12-14,29.360000610351562,24.585317611694336
2010-12-15,29.15999984741211,24.417837142944336
2010-12-16,29.389999389648438,24.610427856445312
2010-12-17,29.3700008392334,24.593690872192383
2010-12-20,29.2549991607666,24.49738883972168
2010-12-21,29.420000076293945,24.635549545288086
2010-12-22,29.459999084472656,24.735464096069336
2010-12-23,29.530000686645508,24.794239044189453
2010-12-27,29.475000381469727,24.748058319091797
2010-12-28,29.475000381469727,24.748058319091797
2010-12-29,29.46500015258789,24.739669799804688
2010-12-30,29.375,24.664091110229492
2010-12-31,29.424999237060547,24.706077575683594
2011-01-03,29.725000381469727,24.957962036132812
2011-01-04,29.639999389648438,24.886600494384766
2011-01-05,30.0049991607666,25.193063735961914
2011-01-06,30.264999389648438,25.411359786987305
2011-01-07,30.454999923706055,25.570894241333008
2011-01-10,30.3799991607666,25.50792121887207
2011-01-11,30.274999618530273,25.419761657714844
2011-01-12,30.584999084472656,25.680051803588867
2011-01-13,30.639999389648438,25.72622299194336
2011-01-14,30.834999084472656,25.88995933532715
2011-01-18,31.389999389648438,26.355947494506836
2011-01-19,31.084999084472656,26.099855422973633
2011-01-20,31.049999237060547,26.070478439331055
2011-01-21,31.0049991607666,26.032686233520508
2011-01-24,31.1200008392334,26.129241943359375
2011-01-25,31.334999084472656,26.309768676757812
2011-01-26,31.31999969482422,26.29717445373535
2011-01-27,31.545000076293945,26.4860897064209
2011-01-28,30.860000610351562,25.910945892333984
2011-01-31,31.15999984741211,26.162830352783203
2011-02-01,31.579999923706055,26.51547622680664
2011-02-02,31.635000228881836,26.561656951904297
2011-02-03,31.545000076293945,26.4860897064209
2011-02-04,31.594999313354492,26.528066635131836
2011-02-07,31.96500015258789,26.838733673095703
2011-02-08,32.154998779296875,26.998268127441406
2011-02-09,32.154998779296875,26.998268127441406
2011-02-10,32.1150016784668,26.964675903320312
2011-02-11,32.1150016784668,26.964675903320312
2011-02-14,32.029998779296875,26.893312454223633
2011-02-15,32.025001525878906,26.889114379882812
2011-02-16,32.084999084472656,26.939495086669922
2011-02-17,32.189998626708984,27.027652740478516
2011-02-18,32.345001220703125,27.157787322998047
2011-02-22,31.43000030517578,26.38953399658203
2011-02-23,31.05500030517578,26.074674606323242
2011-02-24,31.264999389648438,26.250991821289062
2011-02-25,31.584999084472656,26.51968002319336
2011-02-28,31.469999313354492,26.423126220703125
2011-03-01,30.920000076293945,25.961318969726562
2011-03-02,31.024999618530273,26.049488067626953
2011-03-03,31.864999771118164,26.754776000976562
2011-03-04,31.549999237060547,26.490293502807617
2011-03-07,31.125,26.133438110351562
2011-03-08,31.684999465942383,26.6036319732666
2011-03-09,31.885000228881836,26.771560668945312
2011-03-10,31.204999923706055,26.200620651245117
2011-03-11,31.46500015258789,26.418914794921875
2011-03-14,31.174999237060547,26.175432205200195
2011-03-15,30.8700008392334,25.919342041015625
2011-03-16,30.200000762939453,25.356792449951172
2011-03-17,30.485000610351562,25.596084594726562
2011-03-18,30.78499984741211,25.847972869873047
2011-03-21,31.454999923706055,26.410524368286133
2011-03-22,31.405000686645508,26.36854362487793
2011-03-23,31.575000762939453,26.511281967163086
2011-03-24,31.729999542236328,26.64141845703125
2011-03-25,31.774999618530273,26.73607635498047
2011-03-28,31.649999618530273,26.63089942932129
2011-03-29,31.815000534057617,26.769746780395508
2011-03-30,31.940000534057617,26.874919891357422
2011-03-31,32.1150016784668,27.022172927856445
2011-04-01,32.334999084472656,27.2072811126709
2011-04-04,32.16999816894531,27.068437576293945
2011-04-05,32.15999984741211,27.06003189086914
2011-04-06,32.32500076293945,27.198867797851562
2011-04-07,32.255001068115234,27.139957427978516
2011-04-08,31.81999969482422,26.773948669433594
2011-04-11,31.7450008392334,26.710838317871094
2011-04-12,31.454999923706055,26.466827392578125
2011-04-13,31.1299991607666,26.193363189697266
2011-04-14,30.934999465942383,26.02928924560547
2011-04-15,31.1299991607666,26.193363189697266
2011-04-18,30.635000228881836,25.776859283447266
2011-04-19,30.774999618530273,25.89466667175293
2011-04-20,31.489999771118164,26.49627685546875
2011-04-21,31.604999542236328,26.593032836914062
2011-04-25,31.40999984741211,26.428964614868164
2011-04-26,31.885000228881836,26.82863426208496
2011-04-27,31.9950008392334,26.92119789123535
2011-04-28,32.1150016784668,27.022172927856445
2011-04-29,32.380001068115234,27.24515151977539
2011-05-02,32.375,27.24093246459961
2011-05-03,32.43000030517578,27.287214279174805
2011-05-04,32.02000045776367,26.942228317260742
2011-05-05,32.029998779296875,26.95064353942871
2011-05-06,32.3849983215332,27.249347686767578
2011-05-09,32.55500030517578,27.392385482788086
2011-05-10,32.86000061035156,27.649024963378906
2011-05-11,32.63999938964844,27.463899612426758
2011-05-12,32.875,27.661651611328125
2011-05-13,32.494998931884766,27.341907501220703
2011-05-16,32.41999816894531,27.278797149658203
2011-05-17,32.06999969482422,26.984298706054688
2011-05-18,32.3650016784668,27.232515335083008
2011-05-19,32.4900016784668,27.33770179748535
2011-05-20,32.19499969482422,27.089473724365234
2011-05-23,31.674999237060547,26.65194320678711
2011-05-24,31.5,26.50469207763672
2011-05-25,31.725000381469727,26.69401741027832
2011-05-26,31.739999771118164,26.70663070678711
2011-05-27,31.920000076293945,26.858089447021484
2011-05-31,32.2599983215332,27.14417266845703
2011-06-01,31.415000915527344,26.433168411254883
2011-06-02,31.44499969482422,26.458415985107422
2011-06-03,31.155000686645508,26.21441078186035
2011-06-06,31.145000457763672,26.205997467041016
2011-06-07,31.139999389648438,26.201772689819336
2011-06-08,30.90999984741211,26.008255004882812
2011-06-09,31.084999084472656,26.155498504638672
2011-06-10,30.670000076293945,25.806312561035156
2011-06-13,30.790000915527344,25.907285690307617
2011-06-14,31.350000381469727,26.37848472595215
2011-06-15,31.079999923706055,26.15129852294922
2011-06-16,31.290000915527344,26.327999114990234
2011-06-17,31.385000228881836,26.407926559448242
2011-06-20,31.7450008392334,26.710838317871094
2011-06-21,32.03499984741211,26.954853057861328
2011-06-22,32.01499938964844,26.938016891479492
2011-06-23,31.834999084472656,26.78656768798828
2011-06-24,31.479999542236328,26.557939529418945
2011-06-27,31.719999313354492,26.76041603088379
2011-06-28,32.095001220703125,27.0767765045166
2011-06-29,32.32500076293945,27.270822525024414
2011-06-30,32.81999969482422,27.688419342041016
2011-07-01,33.224998474121094,28.03009605407715
2011-07-05,33.029998779296875,27.86558723449707
2011-07-06,33.189998626708984,28.000564575195312
2011-07-07,33.375,28.156648635864258
2011-07-08,33.1150016784668,27.937297821044922
2011-07-11,32.52000045776367,27.43532943725586
2011-07-12,32.31999969482422,27.266599655151367
2011-07-13,32.349998474121094,27.291915893554688
2011-07-14,31.899999618530273,26.912269592285156
2011-07-15,31.6299991607666,26.68448829650879
2011-07-18,31.274999618530273,26.384990692138672
2011-07-19,31.75,26.78572654724121
2011-07-20,32.064998626708984,27.051464080810547
2011-07-21,32.66999816894531,27.561874389648438
2011-07-22,32.439998626708984,27.367843627929688
2011-07-25,32.209999084472656,27.17380142211914
2011-07-26,31.924999237060547,26.933361053466797
2011-07-27,31.0,26.152986526489258
2011-07-28,30.854999542236328,26.030662536621094
2011-07-29,30.985000610351562,26.14033317565918
2011-08-01,30.649999618530273,25.85772132873535
2011-08-02,29.780000686645508,25.12374496459961
2011-08-03,29.7549991607666,25.102649688720703
2011-08-04,28.21500015258789,23.803436279296875
2011-08-05,28.05500030517578,23.668460845947266
2011-08-08,25.899999618530273,21.850399017333984
2011-08-09,27.375,23.094776153564453
2011-08-10,25.639999389648438,21.63105010986328
2011-08-11,26.7450008392334,22.56327247619629
2011-08-12,27.30500030517578,23.03571891784668
2011-08-15,27.81999969482422,23.47019386291504
2011-08-16,27.53499984741211,23.22976303100586
2011-08-17,27.56999969482422,23.25927734375
2011-08-18,26.045000076293945,21.97272491455078
2011-08-19,25.78499984741211,21.753381729125977
2011-08-22,25.9950008392334,21.93054962158203
2011-08-23,26.979999542236328,22.761537551879883
2011-08-24,27.545000076293945,23.238191604614258
2011-08-25,27.079999923706055,22.845895767211914
2011-08-26,27.670000076293945,23.343652725219727
2011-08-29,28.604999542236328,24.132455825805664
2011-08-30,28.905000686645508,24.385547637939453
2011-08-31,29.06999969482422,24.52475357055664
2011-09-01,28.440000534057617,23.993253707885742
2011-09-02,27.354999542236328,23.077911376953125
2011-09-06,27.1299991607666,22.888090133666992
2011-09-07,27.979999542236328,23.605186462402344
2011-09-08,27.540000915527344,23.233985900878906
2011-09-09,26.81999969482422,22.62655258178711
2011-09-12,26.940000534057617,22.727794647216797
2011-09-13,27.309999465942383,23.03993797302246
2011-09-14,27.770000457763672,23.42801284790039
2011-09-15,28.28499984741211,23.862489700317383
2011-09-16,28.725000381469727,24.23369789123535
2011-09-19,28.645000457763672,24.16621208190918
2011-09-20,28.34000015258789,23.908891677856445
2011-09-21,27.274999618530273,23.01041030883789
2011-09-22,26.489999771118164,22.3481502532959
2011-09-23,26.815000534057617,22.690433502197266
2011-09-26,27.600000381469727,23.354679107666016
2011-09-27,28.229999542236328,23.88779067993164
2011-09-28,27.549999237060547,23.312381744384766
2011-09-29,27.809999465942383,23.532386779785156
2011-09-30,27.25,23.05852508544922
2011-10-03,26.274999618530273,22.233489990234375
2011-10-04,26.905000686645508,22.766597747802734
2011-10-05,27.34000015258789,23.134681701660156
2011-10-06,27.844999313354492,23.56199836730957
2011-10-07,27.829999923706055,23.5493106842041
2011-10-10,28.600000381469727,24.200878143310547
2011-10-11,28.7450008392334,24.323570251464844
2011-10-12,29.010000228881836,24.54780387878418
2011-10-13,28.764999389648438,24.340497970581055
2011-10-14,29.045000076293945,24.57743263244629
2011-10-17,28.239999771118164,23.89624786376953
2011-10-18,28.90999984741211,24.463191986083984
2011-10-19,28.59000015258789,24.19240951538086
2011-10-20,28.7450008392334,24.323570251464844
2011-10-21,29.4950008392334,24.958206176757812
2011-10-24,29.975000381469727,25.364377975463867
2011-10-25,29.530000686645508,24.987825393676758
2011-10-26,29.594999313354492,25.042827606201172
2011-10-27,30.565000534057617,25.86363410949707
2011-10-28,30.469999313354492,25.783239364624023
2011-10-31,29.954999923706055,25.34745979309082
2011-11-01,28.834999084472656,24.39972496032715
2011-11-02,29.299999237060547,24.793201446533203
2011-11-03,30.239999771118164,25.58861541748047
2011-11-04,30.155000686645508,25.51668930053711
2011-11-07,30.46500015258789,25.779003143310547
2011-11-08,30.760000228881836,26.028621673583984
2011-11-09,29.780000686645508,25.199369430541992
2011-11-10,29.889999389648438,25.292449951171875
2011-11-11,30.545000076293945,25.846702575683594
2011-11-14,30.360000610351562,25.690160751342773
2011-11-15,30.735000610351562,26.007478713989258
2011-11-16,30.18000030517578,25.537843704223633
2011-11-17,29.65999984741211,25.097824096679688
2011-11-18,29.799999237060547,25.216299057006836
2011-11-21,29.200000762939453,24.708585739135742
2011-11-22,28.934999465942383,24.48434829711914
2011-11-23,28.1299991607666,23.803165435791016
2011-11-25,28.295000076293945,23.942785263061523
2011-11-28,29.170000076293945,24.683204650878906
2011-11-29,29.209999084472656,24.7170467376709
2011-11-30,30.469999313354492,25.783239364624023
2011-12-01,30.469999313354492,25.783239364624023
2011-12-02,30.295000076293945,25.635156631469727
2011-12-05,30.459999084472656,25.774778366088867
2011-12-06,30.524999618530273,25.829774856567383
2011-12-07,30.364999771118164,25.694393157958984
2011-12-08,29.655000686645508,25.093595504760742
2011-12-09,30.34000015258789,25.673234939575195
2011-12-12,29.864999771118164,25.27129554748535
2011-12-13,29.625,25.068208694458008
2011-12-14,29.344999313354492,24.831281661987305
2011-12-15,29.565000534057617,25.017436981201172
2011-12-16,29.635000228881836,25.076675415039062
2011-12-19,29.420000076293945,24.894746780395508
2011-12-20,30.395000457763672,25.719772338867188
2011-12-21,30.565000534057617,25.86363410949707
2011-12-22,30.735000610351562,26.09713363647461
2011-12-23,30.850000381469727,26.19477653503418
2011-12-27,30.915000915527344,26.249967575073242
2011-12-28,30.43000030517578,25.838151931762695
2011-12-29,30.825000762939453,26.173551559448242
2011-12-30,30.594999313354492,25.978254318237305
2012-01-03,30.9950008392334,26.317895889282227
2012-01-04,30.969999313354492,26.29667091369629
2012-01-05,30.8700008392334,26.21175765991211
2012-01-06,30.924999237060547,26.258453369140625
2012-01-09,31.05500030517578,26.36884307861328
2012-01-10,31.559999465942383,26.79763412475586
2012-01-11,31.655000686645508,26.8782958984375
2012-01-12,31.8799991607666,27.069355010986328
2012-01-13,31.584999084472656,26.818864822387695
2012-01-17,31.844999313354492,27.039628982543945
2012-01-18,32.04499816894531,27.209444046020508
2012-01-19,32.34000015258789,27.45993423461914
2012-01-20,32.26499938964844,27.396257400512695
2012-01-23,32.150001525878906,27.298606872558594
2012-01-24,32.150001525878906,27.298606872558594
2012-01-25,32.43000030517578,27.536361694335938
2012-01-26,32.19499969482422,27.336811065673828
2012-01-27,32.150001525878906,27.298606872558594
2012-01-30,31.934999465942383,27.116052627563477
2012-01-31,32.16999816894531,27.315587997436523
2012-02-01,32.755001068115234,27.81231117248535
2012-02-02,32.654998779296875,27.727397918701172
2012-02-03,33.23500061035156,28.219884872436523
2012-02-06,33.025001525878906,28.04157066345215
2012-02-07,33.22999954223633,28.21564292907715
2012-02-08,33.45500183105469,28.40667724609375
2012-02-09,33.505001068115234,28.449146270751953
2012-02-10,33.255001068115234,28.236862182617188
2012-02-13,33.56999969482422,28.504331588745117
2012-02-14,33.5,28.444896697998047
2012-02-15,33.130001068115234,28.13072395324707
2012-02-16,33.31999969482422,28.292055130004883
2012-02-17,33.505001068115234,28.449146270751953
2012-02-21,33.474998474121094,28.423660278320312
2012-02-22,33.45000076293945,28.402441024780273
2012-02-23,33.45500183105469,28.40667724609375
2012-02-24,33.63999938964844,28.563766479492188
2012-02-27,33.54999923706055,28.487348556518555
2012-02-28,33.470001220703125,28.419414520263672
2012-02-29,33.400001525878906,28.359981536865234
2012-03-01,33.4900016784668,28.43640899658203
2012-03-02,33.31999969482422,28.292055130004883
2012-03-05,33.209999084472656,28.19864845275879
2012-03-06,32.57500076293945,27.659467697143555
2012-03-07,32.790000915527344,27.842031478881836
2012-03-08,33.26499938964844,28.24535369873047
2012-03-09,33.459999084472656,28.410932540893555
2012-03-12,33.44499969482422,28.398193359375
2012-03-13,33.915000915527344,28.797271728515625
2012-03-14,33.935001373291016,28.814252853393555
2012-03-15,33.97999954223633,28.852458953857422
2012-03-16,33.845001220703125,28.73783302307129
2012-03-19,33.8650016784668,28.75480842590332
2012-03-20,33.41999816894531,28.376968383789062
2012-03-21,33.45500183105469,28.40667724609375
2012-03-22,33.28499984741211,28.2623291015625
2012-03-23,33.5,28.444896697998047
2012-03-26,33.98500061035156,28.93097686767578
2012-03-27,33.79499816894531,28.76923370361328
2012-03-28,33.52000045776367,28.53513526916504
2012-03-29,33.505001068115234,28.522361755371094
2012-03-30,33.564998626708984,28.573440551757812
2012-04-02,33.845001220703125,28.811792373657227
2012-04-03,33.709999084472656,28.696870803833008
2012-04-04,33.404998779296875,28.437223434448242
2012-04-05,33.11000061035156,28.186098098754883
2012-04-09,32.584999084472656,27.73917007446289
2012-04-10,31.989999771118164,27.232667922973633
2012-04-11,32.41999816894531,27.598712921142578
2012-04-12,33.1150016784668,28.19035530090332
2012-04-13,32.72999954223633,27.86261749267578
2012-04-16,32.779998779296875,27.90518569946289
2012-04-17,33.334999084472656,28.377628326416016
2012-04-18,33.130001068115234,28.2031307220459
2012-04-19,32.76499938964844,27.892406463623047
2012-04-20,33.119998931884766,28.194608688354492
2012-04-23,32.790000915527344,27.9136905670166
2012-04-24,32.93000030517578,28.032869338989258
2012-04-25,33.20500183105469,28.266969680786133
2012-04-26,33.4900016784668,28.509593963623047
2012-04-27,33.709999084472656,28.696870803833008
2012-04-30,33.415000915527344,28.445751190185547
2012-05-01,33.529998779296875,28.54364013671875
2012-05-02,33.48500061035156,28.505325317382812
2012-05-03,33.20000076293945,28.262718200683594
2012-05-04,32.70000076293945,27.837068557739258
2012-05-07,32.584999084472656,27.73917007446289
2012-05-08,32.45500183105469,27.628511428833008
2012-05-09,32.02000045776367,27.25819969177246
2012-05-10,31.989999771118164,27.232667922973633
2012-05-11,31.94499969482422,27.194351196289062
2012-05-14,31.75,27.028350830078125
2012-05-15,31.604999542236328,26.904916763305664
2012-05-16,31.415000915527344,26.74317169189453
2012-05-17,30.770000457763672,26.194087982177734
2012-05-18,30.5,25.9642391204834
2012-05-21,31.084999084472656,26.462238311767578
2012-05-22,31.030000686645508,26.415422439575195
2012-05-23,31.104999542236328,26.479267120361328
2012-05-24,31.024999618530273,26.411170959472656
2012-05-25,30.844999313354492,26.257930755615234
2012-05-29,31.155000686645508,26.521841049194336
2012-05-30,31.010000228881836,26.398401260375977
2012-05-31,30.889999389648438,26.29624366760254
2012-06-01,30.084999084472656,25.610958099365234
2012-06-04,29.979999542236328,25.521570205688477
2012-06-05,30.040000915527344,25.572649002075195
2012-06-06,30.739999771118164,26.16855239868164
2012-06-07,31.045000076293945,26.428192138671875
2012-06-08,31.049999237060547,26.43244743347168
2012-06-11,30.954999923706055,26.351581573486328
2012-06-12,31.280000686645508,26.628253936767578
2012-06-13,30.915000915527344,26.317520141601562
2012-06-14,31.059999465942383,26.440959930419922
2012-06-15,31.170000076293945,26.53460693359375
2012-06-18,31.43000030517578,26.755931854248047
2012-06-19,31.770000457763672,27.14643096923828
2012-06-20,31.670000076293945,27.060983657836914
2012-06-21,31.125,26.59530258178711
2012-06-22,31.280000686645508,26.72774887084961
2012-06-25,30.84000015258789,26.351778030395508
2012-06-26,30.764999389648438,26.28769302368164
2012-06-27,31.145000457763672,26.61238670349121
2012-06-28,30.93000030517578,26.428678512573242
2012-06-29,32.0,27.342958450317383
2012-07-02,31.899999618530273,27.25751495361328
2012-07-03,32.16999816894531,27.488210678100586
2012-07-05,32.244998931884766,27.552305221557617
2012-07-06,31.80500030517578,27.176340103149414
2012-07-09,31.795000076293945,27.167797088623047
2012-07-10,31.5049991607666,26.920000076293945
2012-07-11,31.114999771118164,26.58675765991211
2012-07-12,30.93000030517578,26.428678512573242
2012-07-13,31.549999237060547,26.958452224731445
2012-07-16,31.40999984741211,26.838825225830078
2012-07-17,31.360000610351562,26.796100616455078
2012-07-18,31.854999542236328,27.21906089782715
2012-07-19,32.15999984741211,27.47966957092285
2012-07-20,31.7549991607666,27.13361167907715
2012-07-23,31.309999465942383,26.753376007080078
2012-07-24,30.875,26.381683349609375
2012-07-25,30.979999542236328,26.471399307250977
2012-07-26,31.209999084472656,26.667932510375977
2012-07-27,31.670000076293945,27.060983657836914
2012-07-30,31.6299991607666,27.026803970336914
2012-07-31,31.559999465942383,26.966997146606445
2012-08-01,31.225000381469727,26.680749893188477
2012-08-02,30.954999923706055,26.450040817260742
2012-08-03,31.670000076293945,27.060983657836914
2012-08-06,31.65999984741211,27.052440643310547
2012-08-07,32.150001525878906,27.471128463745117
2012-08-08,32.19499969482422,27.50958251953125
2012-08-09,32.375,27.66338348388672
2012-08-10,32.290000915527344,27.59075355529785
2012-08-13,32.224998474121094,27.535215377807617
2012-08-14,32.130001068115234,27.454044342041016
2012-08-15,32.16999816894531,27.488210678100586
2012-08-16,32.47999954223633,27.753101348876953
2012-08-17,32.69499969482422,27.936817169189453
2012-08-20,32.814998626708984,28.039344787597656
2012-08-21,32.709999084472656,27.94963836669922
2012-08-22,32.459999084472656,27.73600959777832
2012-08-23,32.1150016784668,27.441221237182617
2012-08-24,32.22999954223633,27.539480209350586
2012-08-27,32.20500183105469,27.51813316345215
2012-08-28,32.279998779296875,27.58221435546875
2012-08-29,32.31999969482422,27.616392135620117
2012-08-30,32.04999923706055,27.385683059692383
2012-08-31,32.2599983215332,27.565128326416016
2012-09-04,32.084999084472656,27.41558837890625
2012-09-05,32.150001525878906,27.471128463745117
2012-09-06,32.790000915527344,28.017988204956055
2012-09-07,32.95500183105469,28.158985137939453
2012-09-10,32.630001068115234,27.88127326965332
2012-09-11,32.70000076293945,27.941082000732422
2012-09-12,32.810001373291016,28.035076141357422
2012-09-13,33.13999938964844,28.317045211791992
2012-09-14,33.29999923706055,28.453765869140625
2012-09-17,33.14500045776367,28.32132339477539
2012-09-18,33.125,28.30423355102539
2012-09-19,33.125,28.30423355102539
2012-09-20,32.94499969482422,28.15043067932129
2012-09-21,33.084999084472656,28.270055770874023
2012-09-24,32.86000061035156,28.077804565429688
2012-09-25,32.529998779296875,27.89385986328125
2012-09-26,32.459999084472656,27.833837509155273
2012-09-27,32.72999954223633,28.065372467041016
2012-09-28,32.625,27.975326538085938
2012-10-01,32.96500015258789,28.266868591308594
2012-10-02,32.95000076293945,28.254009246826172
2012-10-03,32.8849983215332,28.19827651977539
2012-10-04,33.05500030517578,28.344045639038086
2012-10-05,33.18000030517578,28.45123863220215
2012-10-08,33.0099983215332,28.30546760559082
2012-10-09,32.69499969482422,28.03534698486328
2012-10-10,32.48500061035156,27.85527992248535
2012-10-11,32.654998779296875,28.00105094909668
2012-10-12,32.665000915527344,28.009645462036133
2012-10-15,32.8650016784668,28.181123733520508
2012-10-16,33.29499816894531,28.549842834472656
2012-10-17,33.39500045776367,28.635602951049805
2012-10-18,33.58000183105469,28.794231414794922
2012-10-19,33.06999969482422,28.35691261291504
2012-10-22,32.915000915527344,28.2240047454834
2012-10-23,32.65999984741211,28.005346298217773
2012-10-24,32.70500183105469,28.043928146362305
2012-10-25,32.61000061035156,27.962474822998047
2012-10-26,32.650001525878906,27.996767044067383
2012-10-31,32.875,28.189701080322266
2012-11-01,33.189998626708984,28.45980453491211
2012-11-02,33.0099983215332,28.30546760559082
2012-11-05,33.029998779296875,28.322612762451172
2012-11-06,33.599998474121094,28.811363220214844
2012-11-07,32.584999084472656,27.94102668762207
2012-11-08,32.224998474121094,27.632341384887695
2012-11-09,32.3650016784668,27.752382278442383
2012-11-12,32.54999923706055,27.911020278930664
2012-11-13,32.51499938964844,27.881006240844727
2012-11-14,31.735000610351562,27.212175369262695
2012-11-15,31.575000762939453,27.074981689453125
2012-11-16,31.674999237060547,27.16072654724121
2012-11-19,32.345001220703125,27.73523712158203
2012-11-20,32.439998626708984,27.816701889038086
2012-11-21,32.71500015258789,28.05250358581543
2012-11-23,32.98500061035156,28.284025192260742
2012-11-26,33.05500030517578,28.344045639038086
2012-11-27,33.150001525878906,28.425508499145508
2012-11-28,33.43000030517578,28.66560935974121
2012-11-29,33.665000915527344,28.86711311340332
2012-11-30,33.665000915527344,28.86711311340332
2012-12-03,33.31999969482422,28.57128143310547
2012-12-04,33.44499969482422,28.67845344543457
2012-12-05,33.494998931884766,28.72133445739746
2012-12-06,33.46500015258789,28.695615768432617
2012-12-07,33.625,28.83280372619629
2012-12-10,33.92499923706055,29.090057373046875
2012-12-11,34.040000915527344,29.18866539001465
2012-12-12,33.904998779296875,29.07290267944336
2012-12-13,33.6349983215332,28.841386795043945
2012-12-14,33.54999923706055,28.76850128173828
2012-12-17,33.619998931884766,28.828519821166992
2012-12-18,34.2599983215332,29.37731170654297
2012-12-19,34.095001220703125,29.559812545776367
2012-12-20,34.21500015258789,29.663848876953125
2012-12-21,34.17499923706055,29.62917137145996
2012-12-24,34.06999969482422,29.538124084472656
2012-12-26,33.974998474121094,29.45577621459961
2012-12-27,33.970001220703125,29.45144271850586
2012-12-28,33.53499984741211,29.07430076599121
2012-12-31,34.125,29.5858154296875
2013-01-02,34.93000030517578,30.28374481201172
2013-01-03,35.09000015258789,30.422456741333008
2013-01-04,35.28499984741211,30.591516494750977
2013-01-07,35.11000061035156,30.439802169799805
2013-01-08,34.619998931884766,30.01497459411621
2013-01-09,34.95500183105469,30.305429458618164
2013-01-10,35.0099983215332,30.35309410095215
2013-01-11,34.814998626708984,30.184040069580078
2013-01-14,34.73500061035156,30.114669799804688
2013-01-15,35.029998779296875,30.370447158813477
2013-01-16,34.685001373291016,30.071338653564453
2013-01-17,35.099998474121094,30.43112564086914
2013-01-18,35.25,30.56118392944336
2013-01-22,35.435001373291016,30.721567153930664
2013-01-23,35.529998779296875,30.803932189941406
2013-01-24,35.654998779296875,30.912311553955078
2013-01-25,35.6349983215332,30.894975662231445
2013-01-28,35.26499938964844,30.574190139770508
2013-01-29,35.25,30.56118392944336
2013-01-30,34.89500045776367,30.25339126586914
2013-01-31,34.54999923706055,29.954286575317383
2013-02-01,34.775001525878906,30.149364471435547
2013-02-04,34.48500061035156,29.897937774658203
2013-02-05,34.92499923706055,30.279401779174805
2013-02-06,34.935001373291016,30.288076400756836
2013-02-07,35.28499984741211,30.591516494750977
2013-02-08,35.474998474121094,30.75623893737793
2013-02-11,35.46500015258789,30.747570037841797
2013-02-12,35.525001525878906,30.799612045288086
2013-02-13,35.415000915527344,30.70423126220703
2013-02-14,35.44499969482422,30.730239868164062
2013-02-15,35.40999984741211,30.699893951416016
2013-02-19,35.57500076293945,30.842941284179688
2013-02-20,35.26499938964844,30.574190139770508
2013-02-21,34.96500015258789,30.31410026550293
2013-02-22,35.38999938964844,30.682565689086914
2013-02-25,34.7599983215332,30.1363468170166
2013-02-26,34.939998626708984,30.29240608215332
2013-02-27,35.60499954223633,30.86895179748535
2013-02-28,35.595001220703125,30.860292434692383
2013-03-01,35.47999954223633,30.760581970214844
2013-03-04,35.32500076293945,30.62620735168457
2013-03-05,35.775001525878906,31.016347885131836
2013-03-06,35.900001525878906,31.124731063842773
2013-03-07,36.165000915527344,31.35446548461914
2013-03-08,36.439998626708984,31.592884063720703
2013-03-11,36.599998474121094,31.73161506652832
2013-03-12,36.7599983215332,31.870330810546875
2013-03-13,37.15999984741211,32.21712112426758
2013-03-14,37.33000183105469,32.364498138427734
2013-03-15,37.564998626708984,32.5682373046875
2013-03-18,37.39500045776367,32.42087173461914
2013-03-19,37.3849983215332,32.41218566894531
2013-03-20,37.599998474121094,32.59859085083008
2013-03-21,37.255001068115234,32.29948425292969
2013-03-22,37.2599983215332,32.30380630493164
2013-03-25,36.88999938964844,32.0850830078125
2013-03-26,37.21500015258789,32.36775588989258
2013-03-27,37.029998779296875,32.206844329833984
2013-03-28,37.369998931884766,32.50255584716797
2013-04-01,37.0,32.18074035644531
2013-04-02,36.654998779296875,31.880691528320312
2013-04-03,36.755001068115234,31.967668533325195
2013-04-04,36.83000183105469,32.03289031982422
2013-04-05,36.82500076293945,32.028541564941406
2013-04-08,37.03499984741211,32.21118927001953
2013-04-09,37.20000076293945,32.354713439941406
2013-04-10,37.69499969482422,32.785221099853516
2013-04-11,37.904998779296875,32.96786117553711
2013-04-12,37.77000045776367,32.85044860839844
2013-04-15,36.7599983215332,31.971996307373047
2013-04-16,36.900001525878906,32.09377670288086
2013-04-17,36.26499938964844,31.541479110717773
2013-04-18,35.935001373291016,31.254459381103516
2013-04-19,36.435001373291016,31.689353942871094
2013-04-22,36.48500061035156,31.732816696166992
2013-04-23,36.82500076293945,32.028541564941406
2013-04-24,37.34000015258789,32.47645950317383
2013-04-25,37.69499969482422,32.785221099853516
2013-04-26,37.54499816894531,32.654762268066406
2013-04-29,37.65999984741211,32.75477981567383
2013-04-30,37.84000015258789,32.91133117675781
2013-05-01,37.564998626708984,32.672157287597656
2013-05-02,37.89500045776367,32.95917892456055
2013-05-03,38.35499954223633,33.35923767089844
2013-05-06,38.540000915527344,33.52015686035156
2013-05-07,38.79499816894531,33.741947174072266
2013-05-08,38.79999923706055,33.74628829956055
2013-05-09,39.05500030517578,33.96809387207031
2013-05-10,39.22999954223633,34.120296478271484
2013-05-13,39.119998931884766,34.02461624145508
2013-05-14,39.630001068115234,34.468196868896484
2013-05-15,39.915000915527344,34.716064453125
2013-05-16,39.689998626708984,34.52036666870117
2013-05-17,40.369998931884766,35.11180114746094
2013-05-20,40.415000915527344,35.15093231201172
2013-05-21,40.380001068115234,35.12051010131836
2013-05-22,39.88999938964844,34.69430160522461
2013-05-23,39.95000076293945,34.74652862548828
2013-05-24,40.099998474121094,34.87697219848633
2013-05-28,40.599998474121094,35.31184387207031
2013-05-29,40.279998779296875,35.03351593017578
2013-05-30,40.58000183105469,35.29445266723633
2013-05-31,40.35499954223633,35.09876251220703
2013-06-03,40.45000076293945,35.1813850402832
2013-06-04,40.185001373291016,34.950897216796875
2013-06-05,39.64500045776367,34.481231689453125
2013-06-06,40.14500045776367,34.91611862182617
2013-06-07,40.84000015258789,35.52058029174805
2013-06-10,40.73500061035156,35.429264068603516
2013-06-11,40.54499816894531,35.26402282714844
2013-06-12,40.20000076293945,34.96394729614258
2013-06-13,40.779998779296875,35.46839141845703
2013-06-14,40.60499954223633,35.31620407104492
2013-06-17,40.904998779296875,35.57712173461914
2013-06-18,41.43000030517578,36.03376007080078
2013-06-19,40.82500076293945,35.50753402709961
2013-06-20,40.20000076293945,34.96394729614258
2013-06-21,40.150001525878906,34.92046356201172
2013-06-24,39.70000076293945,34.5290641784668
2013-06-25,39.76499938964844,34.585601806640625
2013-06-26,40.21500015258789,35.07401657104492
2013-06-27,40.915000915527344,35.68453598022461
2013-06-28,40.775001525878906,35.56243896484375
2013-07-01,41.279998779296875,36.002864837646484
2013-07-02,40.665000915527344,35.46648025512695
2013-07-03,41.02000045776367,35.7761116027832
2013-07-05,41.689998626708984,36.3604621887207
2013-07-08,41.994998931884766,36.6264762878418
2013-07-09,42.29999923706055,36.892486572265625
2013-07-10,42.56999969482422,37.12794494628906
2013-07-11,43.209999084472656,37.68614196777344
2013-07-12,42.92499923706055,37.43756866455078
2013-07-15,43.349998474121094,37.80824661254883
2013-07-16,43.005001068115234,37.50736618041992
2013-07-17,43.209999084472656,37.68614196777344
2013-07-18,43.64500045776367,38.06553268432617
2013-07-19,43.82500076293945,38.22252655029297
2013-07-22,43.869998931884766,38.261775970458984
2013-07-23,44.185001373291016,38.53649139404297
2013-07-24,44.154998779296875,38.51033020019531
2013-07-25,44.38999938964844,38.715293884277344
2013-07-26,44.16999816894531,38.523414611816406
2013-07-29,44.005001068115234,38.379512786865234
2013-07-30,44.11000061035156,38.47108459472656
2013-07-31,44.25,38.59318923950195
2013-08-01,45.099998474121094,39.33452606201172
2013-08-02,45.42499923706055,39.61798095703125
2013-08-05,45.52000045776367,39.70083236694336
2013-08-06,45.10499954223633,39.33890151977539
2013-08-07,45.18000030517578,39.4043083190918
2013-08-08,45.2599983215332,39.47408676147461
2013-08-09,45.06999969482422,39.30836868286133
2013-08-12,44.90999984741211,39.16880798339844
2013-08-13,45.165000915527344,39.39122009277344
2013-08-14,44.85499954223633,39.120849609375
2013-08-15,44.05500030517578,38.42313003540039
2013-08-16,44.084999084472656,38.44929885864258
2013-08-19,43.974998474121094,38.35334777832031
2013-08-20,44.150001525878906,38.50597381591797
2013-08-21,43.95000076293945,38.33154296875
2013-08-22,44.470001220703125,38.785072326660156
2013-08-23,44.6150016784668,38.91151809692383
2013-08-26,44.52000045776367,38.828670501708984
2013-08-27,43.54999923706055,37.9826774597168
2013-08-28,43.65999984741211,38.07860565185547
2013-08-29,44.01499938964844,38.38822937011719
2013-08-30,43.46500015258789,37.908538818359375
2013-09-03,43.90999984741211,38.29664611816406
2013-09-04,44.38999938964844,38.715293884277344
2013-09-05,44.4900016784668,38.802520751953125
2013-09-06,44.310001373291016,38.64551544189453
2013-09-09,44.849998474121094,39.116485595703125
2013-09-10,45.439998626708984,39.63106918334961
2013-09-11,45.79499816894531,39.94070053100586
2013-09-12,45.71500015258789,39.87091827392578
2013-09-13,46.0,40.11948013305664
2013-09-16,46.67499923706055,40.708187103271484
2013-09-17,47.2599983215332,41.21839141845703
2013-09-18,47.375,41.318687438964844
2013-09-19,47.380001068115234,41.32305908203125
2013-09-20,46.665000915527344,40.699466705322266
2013-09-23,46.310001373291016,40.38985824584961
2013-09-24,46.39500045776367,40.657569885253906
2013-09-25,46.189998626708984,40.477928161621094
2013-09-26,46.474998474121094,40.72766876220703
2013-09-27,46.3650016784668,40.63127517700195
2013-09-30,45.94499969482422,40.263214111328125
2013-10-01,46.3650016784668,40.63127517700195
2013-10-02,46.0099983215332,40.32016372680664
2013-10-03,45.32500076293945,39.71990203857422
2013-10-04,45.52000045776367,39.89077377319336
2013-10-07,45.439998626708984,39.82067108154297
2013-10-08,44.935001373291016,39.378116607666016
2013-10-09,44.77000045776367,39.23352813720703
2013-10-10,46.154998779296875,40.447242736816406
2013-10-11,46.47999954223633,40.7320671081543
2013-10-14,46.67499923706055,40.90294647216797
2013-10-15,45.970001220703125,40.28512191772461
2013-10-16,46.33000183105469,40.600608825683594
2013-10-17,46.974998474121094,41.16584014892578
2013-10-18,47.30500030517578,41.45503234863281
2013-10-21,46.900001525878906,41.100128173828125
2013-10-22,47.18000030517578,41.34550094604492
2013-10-23,47.94499969482422,42.015892028808594
2013-10-24,48.290000915527344,42.318214416503906
2013-10-25,48.525001525878906,42.5241584777832
2013-10-28,48.2599983215332,42.29195022583008
2013-10-29,48.595001220703125,42.58549880981445
2013-10-30,48.43000030517578,42.44091796875
2013-10-31,48.439998626708984,42.44967269897461
2013-11-01,48.724998474121094,42.699440002441406
2013-11-04,49.03499984741211,42.97108840942383
2013-11-05,49.13999938964844,43.063106536865234
2013-11-06,49.380001068115234,43.2734375
2013-11-07,48.720001220703125,42.69504928588867
2013-11-08,49.47999954223633,43.361061096191406
2013-11-11,49.35499954223633,43.25152587890625
2013-11-12,49.2599983215332,43.16826248168945
2013-11-13,49.60499954223633,43.47060012817383
2013-11-14,49.779998779296875,43.62396240234375
2013-11-15,49.85499954223633,43.68968200683594
2013-11-18,50.154998779296875,43.95258712768555
2013-11-19,50.03499984741211,43.84743118286133
2013-11-20,49.80500030517578,43.645877838134766
2013-11-21,50.40999984741211,44.176055908203125
2013-11-22,51.03499984741211,44.7237663269043
2013-11-25,50.97999954223633,44.675567626953125
2013-11-26,51.375,45.02171325683594
2013-11-27,51.814998626708984,45.40729522705078
2013-11-29,51.53499984741211,45.16191482543945
2013-12-02,51.21500015258789,44.88150405883789
2013-12-03,50.875,44.58353805541992
2013-12-04,50.380001068115234,44.14976501464844
2013-12-05,50.41999816894531,44.18482208251953
2013-12-06,51.08000183105469,44.7631950378418
2013-12-09,50.9900016784668,44.684326171875
2013-12-10,50.82500076293945,44.53972244262695
2013-12-11,50.11000061035156,43.91316223144531
2013-12-12,50.314998626708984,44.09280014038086
2013-12-13,50.38999938964844,44.15851974487305
2013-12-16,50.974998474121094,44.67116165161133
2013-12-17,51.095001220703125,44.77634811401367
2013-12-18,51.790000915527344,45.38538360595703
2013-12-19,51.47999954223633,45.11373519897461
2013-12-20,52.334999084472656,45.86299514770508
2013-12-23,52.314998626708984,45.977230072021484
2013-12-24,52.59000015258789,46.218929290771484
2013-12-26,53.03499984741211,46.610015869140625
2013-12-27,52.76499938964844,46.372718811035156
2013-12-30,52.630001068115234,46.254085540771484
2013-12-31,52.84000015258789,46.43864059448242
2014-01-02,52.2599983215332,45.92891311645508
2014-01-03,52.494998931884766,46.13544845581055
2014-01-06,52.41999816894531,46.069522857666016
2014-01-07,52.814998626708984,46.41667175292969
2014-01-08,53.04499816894531,46.618804931640625
2014-01-09,53.474998474121094,46.99673080444336
2014-01-10,53.720001220703125,47.2120361328125
2014-01-13,53.435001373291016,46.961570739746094
2014-01-14,53.744998931884766,47.23402404785156
2014-01-15,54.17499923706055,47.61192321777344
2014-01-16,54.28499984741211,47.708587646484375
2014-01-17,54.19499969482422,47.629493713378906
2014-01-21,54.435001373291016,47.84041976928711
2014-01-22,55.244998931884766,48.55228805541992
2014-01-23,54.52000045776367,47.91512680053711
2014-01-24,52.67499923706055,46.29362106323242
2014-01-27,52.650001525878906,46.27165603637695
2014-01-28,52.95500183105469,46.53971862792969
2014-01-29,52.029998779296875,45.726776123046875
2014-01-30,52.28499984741211,45.95087432861328
2014-01-31,52.619998931884766,46.24530029296875
2014-02-03,51.05500030517578,44.869895935058594
2014-02-04,51.16999816894531,44.97095489501953
2014-02-05,51.15999984741211,44.962181091308594
2014-02-06,51.415000915527344,45.18628692626953
2014-02-07,52.404998779296875,46.056339263916016
2014-02-10,52.15999984741211,45.841026306152344
2014-02-11,52.82500076293945,46.42545700073242
2014-02-12,53.185001373291016,46.741844177246094
2014-02-13,53.529998779296875,47.04506301879883
2014-02-14,53.915000915527344,47.383419036865234
2014-02-18,54.20500183105469,47.63829803466797
2014-02-19,53.66999816894531,47.16810989379883
2014-02-20,54.43000030517578,47.836029052734375
2014-02-21,54.36000061035156,47.774505615234375
2014-02-24,54.875,48.22711181640625
2014-02-25,54.3849983215332,47.796470642089844
2014-02-26,54.13999938964844,47.58116149902344
2014-02-27,54.75,48.11725616455078
2014-02-28,54.81999969482422,48.17876434326172
2014-03-03,54.84000015258789,48.196346282958984
2014-03-04,55.92499923706055,49.14991760253906
2014-03-05,55.869998931884766,49.10157012939453
2014-03-06,55.88999938964844,49.119140625
2014-03-07,55.880001068115234,49.11035919189453
2014-03-10,55.505001068115234,48.780784606933594
2014-03-11,54.81999969482422,48.17876434326172
2014-03-12,54.744998931884766,48.11286544799805
2014-03-13,53.97999954223633,47.440547943115234
2014-03-14,54.07500076293945,47.52404022216797
2014-03-17,54.650001525878906,48.02937698364258
2014-03-18,55.02000045776367,48.354549407958984
2014-03-19,54.470001220703125,47.87118911743164
2014-03-20,54.4900016784668,47.888771057128906
2014-03-21,54.22999954223633,47.660255432128906
2014-03-24,54.01499938964844,47.47129821777344
2014-03-25,54.255001068115234,47.77509307861328
2014-03-26,53.665000915527344,47.25556182861328
2014-03-27,53.27000045776367,46.90773010253906
2014-03-28,53.65999984741211,47.25114822387695
2014-03-31,54.58000183105469,48.061283111572266
2014-04-01,55.26499938964844,48.66447448730469
2014-04-02,55.56999969482422,48.93303298950195
2014-04-03,55.404998779296875,48.787757873535156
2014-04-04,54.07500076293945,47.616600036621094
2014-04-07,53.29999923706055,46.93415451049805
2014-04-08,53.0099983215332,46.67878723144531
2014-04-09,53.94499969482422,47.50212097167969
2014-04-10,52.630001068115234,46.34416961669922
2014-04-11,52.04999923706055,45.83344650268555
2014-04-14,52.415000915527344,46.15483093261719
2014-04-15,53.040000915527344,46.7052001953125
2014-04-16,53.82500076293945,47.396453857421875
2014-04-17,54.44499969482422,47.942405700683594
2014-04-21,54.51499938964844,48.00404357910156
2014-04-22,54.33000183105469,47.84114074707031
2014-04-23,54.8849983215332,48.3298454284668
2014-04-24,54.31999969482422,47.83232498168945
2014-04-25,53.59000015258789,47.18951416015625
2014-04-28,53.349998474121094,46.97817611694336
2014-04-29,54.025001525878906,47.57256317138672
2014-04-30,54.34000015258789,47.84993362426758
2014-05-01,54.17499923706055,47.704647064208984
2014-05-02,54.54499816894531,48.03046798706055
2014-05-05,55.16999816894531,48.580806732177734
2014-05-06,54.4900016784668,47.98204040527344
2014-05-07,54.90999984741211,48.35186004638672
2014-05-08,54.709999084472656,48.17575454711914
2014-05-09,54.80500030517578,48.25940704345703
2014-05-12,55.625,48.981468200683594
2014-05-13,55.625,48.981468200683594
2014-05-14,54.86000061035156,48.30784225463867
2014-05-15,54.005001068115234,47.5549430847168
2014-05-16,53.8650016784668,47.43166732788086
2014-05-19,54.029998779296875,47.576961517333984
2014-05-20,53.185001373291016,46.8328971862793
2014-05-21,53.459999084472656,47.07503890991211
2014-05-22,53.744998931884766,47.326011657714844
2014-05-23,54.224998474121094,47.74867630004883
2014-05-27,54.6349983215332,48.10971450805664
2014-05-28,54.5,47.99082946777344
2014-05-29,54.834999084472656,48.28583526611328
2014-05-30,54.959999084472656,48.39588928222656
2014-06-02,55.23500061035156,48.638057708740234
2014-06-03,55.189998626708984,48.59842300415039
2014-06-04,55.35499954223633,48.743717193603516
2014-06-05,56.21500015258789,49.50101089477539
2014-06-06,56.625,49.862037658691406
2014-06-09,57.095001220703125,50.27590560913086
2014-06-10,56.709999084472656,49.936866760253906
2014-06-11,56.05500030517578,49.360107421875
2014-06-12,55.36000061035156,48.748130798339844
2014-06-13,55.494998931884766,48.867000579833984
2014-06-16,55.57500076293945,48.93745422363281
2014-06-17,55.494998931884766,48.867000579833984
2014-06-18,55.599998474121094,48.959449768066406
2014-06-19,55.58000183105469,48.941837310791016
2014-06-20,55.69499969482422,49.043121337890625
2014-06-23,55.244998931884766,48.64685821533203
2014-06-24,54.18000030517578,47.99880599975586
2014-06-25,54.16999816894531,47.98994827270508
2014-06-26,54.029998779296875,47.865909576416016
2014-06-27,54.26499938964844,48.074100494384766
2014-06-30,53.91999816894531,47.768463134765625
2014-07-01,54.42499923706055,48.215858459472656
2014-07-02,53.935001373291016,47.7817497253418
2014-07-03,54.22999954223633,48.04309844970703
2014-07-07,53.900001525878906,47.750762939453125
2014-07-08,53.220001220703125,47.14833068847656
2014-07-09,53.404998779296875,47.31221389770508
2014-07-10,53.290000915527344,47.21034240722656
2014-07-11,53.54999923706055,47.440677642822266
2014-07-14,54.029998779296875,47.865909576416016
2014-07-15,53.95500183105469,47.79947280883789
2014-07-16,53.834999084472656,47.69315719604492
2014-07-17,53.150001525878906,47.0863037109375
2014-07-18,53.82500076293945,47.684303283691406
2014-07-21,54.10499954223633,47.932376861572266
2014-07-22,54.22999954223633,48.04309844970703
2014-07-23,53.66999816894531,47.5469970703125
2014-07-24,53.19499969482422,47.12616729736328
2014-07-25,52.689998626708984,46.678794860839844
2014-07-28,52.65999984741211,46.6522102355957
2014-07-29,52.220001220703125,46.262420654296875
2014-07-30,52.369998931884766,46.39530944824219
2014-07-31,51.33000183105469,45.47394561767578
2014-08-01,51.665000915527344,45.77072525024414
2014-08-04,51.630001068115234,45.73973846435547
2014-08-05,51.654998779296875,45.76187515258789
2014-08-06,51.10499954223633,45.274627685546875
2014-08-07,51.15999984741211,45.3233528137207
2014-08-08,51.9900016784668,46.058650970458984
2014-08-11,52.27000045776367,46.30671691894531
2014-08-12,51.915000915527344,45.992210388183594
2014-08-13,52.69499969482422,46.6832275390625
2014-08-14,52.8650016784668,46.83384323120117
2014-08-15,52.849998474121094,46.820552825927734
2014-08-18,53.64500045776367,47.524837493896484
2014-08-19,53.8650016784668,47.719757080078125
2014-08-20,54.279998779296875,48.08739471435547
2014-08-21,54.46500015258789,48.251285552978516
2014-08-22,54.3849983215332,48.18042755126953
2014-08-25,54.650001525878906,48.41518783569336
2014-08-26,54.71500015258789,48.472774505615234
2014-08-27,54.470001220703125,48.25572967529297
2014-08-28,54.255001068115234,48.06525421142578
2014-08-29,54.334999084472656,48.13612365722656
2014-09-02,54.540000915527344,48.3177375793457
2014-09-03,54.525001525878906,48.304447174072266
2014-09-04,54.35499954223633,48.15384292602539
2014-09-05,54.540000915527344,48.3177375793457
2014-09-08,54.685001373291016,48.44619369506836
2014-09-09,54.630001068115234,48.397483825683594
2014-09-10,55.02000045776367,48.74296951293945
2014-09-11,55.029998779296875,48.75183868408203
2014-09-12,54.86000061035156,48.60123062133789
2014-09-15,54.83000183105469,48.57463836669922
2014-09-16,55.060001373291016,48.77842330932617
2014-09-17,55.099998474121094,48.813846588134766
2014-09-18,55.47999954223633,49.15049362182617
2014-09-19,55.369998931884766,49.05304718017578
2014-09-22,54.564998626708984,48.339881896972656
2014-09-23,53.97999954223633,47.82163619995117
2014-09-24,54.029998779296875,47.9779052734375
2014-09-25,53.435001373291016,47.44956588745117
2014-09-26,54.185001373291016,48.11554718017578
2014-09-29,53.974998474121094,47.9290657043457
2014-09-30,53.790000915527344,47.76479721069336
2014-10-01,52.67499923706055,46.774688720703125
2014-10-02,52.3849983215332,46.51716613769531
2014-10-03,53.095001220703125,47.147640228271484
2014-10-06,52.86000061035156,46.9389762878418
2014-10-07,51.67499923706055,45.88671112060547
2014-10-08,52.470001220703125,46.592647552490234
2014-10-09,51.415000915527344,45.65583419799805
2014-10-10,51.220001220703125,45.48267364501953
2014-10-13,50.46500015258789,44.81222915649414
2014-10-14,51.255001068115234,45.51375198364258
2014-10-15,51.05500030517578,45.33615493774414
2014-10-16,51.185001373291016,45.45158386230469
2014-10-17,52.09000015258789,46.25523376464844
2014-10-20,52.11000061035156,46.272979736328125
2014-10-21,52.92499923706055,46.99668884277344
2014-10-22,52.375,46.50829315185547
2014-10-23,53.220001220703125,47.258644104003906
2014-10-24,53.6150016784668,47.60940170288086
2014-10-27,53.689998626708984,47.676002502441406
2014-10-28,54.86000061035156,48.714935302734375
2014-10-29,54.64500045776367,48.52402877807617
2014-10-30,55.025001525878906,48.8614501953125
2014-10-31,55.599998474121094,49.37206268310547
2014-11-03,55.584999084472656,49.35871887207031
2014-11-04,55.56999969482422,49.34540939331055
2014-11-05,55.494998931884766,49.27881622314453
2014-11-06,55.744998931884766,49.50080871582031
2014-11-07,55.52000045776367,49.3010139465332
2014-11-10,55.654998779296875,49.420894622802734
2014-11-11,55.54999923706055,49.32766342163086
2014-11-12,55.75,49.505252838134766
2014-11-13,55.904998779296875,49.642879486083984
2014-11-14,55.80500030517578,49.5540885925293
2014-11-17,55.54999923706055,49.32766342163086
2014-11-18,56.224998474121094,49.92704391479492
2014-11-19,56.185001373291016,49.89151382446289
2014-11-20,56.30500030517578,49.998085021972656
2014-11-21,56.5099983215332,50.180118560791016
2014-11-24,56.880001068115234,50.50867462158203
2014-11-25,57.14500045776367,50.74399185180664
2014-11-26,57.14500045776367,50.74399185180664
2014-11-28,57.07500076293945,50.681827545166016
2014-12-01,56.4900016784668,50.162357330322266
2014-12-02,56.685001373291016,50.335514068603516
2014-12-03,57.10499954223633,50.70848083496094
2014-12-04,56.84000015258789,50.47315979003906
2014-12-05,57.32500076293945,50.90382385253906
2014-12-08,56.880001068115234,50.50867462158203
2014-12-09,57.275001525878906,50.85942840576172
2014-12-10,55.849998474121094,49.59404754638672
2014-12-11,55.82500076293945,49.57184600830078
2014-12-12,54.619998931884766,48.501827239990234
2014-12-15,54.415000915527344,48.31978988647461
2014-12-16,55.08000183105469,48.91029739379883
2014-12-17,55.5099983215332,49.2921257019043
2014-12-18,56.76499938964844,50.40654373168945
2014-12-19,56.95000076293945,50.57083511352539
2014-12-22,57.68000030517578,51.21906280517578
2014-12-23,58.0,51.50322341918945
2014-12-24,58.09000015258789,51.69587707519531
2014-12-26,58.275001525878906,51.86052703857422
2014-12-29,58.32500076293945,51.90502166748047
2014-12-30,58.064998626708984,51.67364501953125
2014-12-31,57.345001220703125,51.03288650512695
2015-01-02,57.2400016784668,50.939449310302734
2015-01-05,56.38999938964844,50.183013916015625
2015-01-06,56.029998779296875,49.86263656616211
2015-01-07,56.525001525878906,50.30315017700195
2015-01-08,57.6349983215332,51.290958404541016
2015-01-09,57.255001068115234,50.95280075073242
2015-01-12,56.814998626708984,50.561222076416016
2015-01-13,56.95000076293945,50.681373596191406
2015-01-14,56.779998779296875,50.53006362915039
2015-01-15,56.540000915527344,50.316497802734375
2015-01-16,56.720001220703125,50.476680755615234
2015-01-20,57.0099983215332,50.7347526550293
2015-01-21,57.15999984741211,50.868255615234375
2015-01-22,58.290000915527344,51.87387466430664
2015-01-23,58.40999984741211,51.98066329956055
2015-01-26,58.2599983215332,51.8471794128418
2015-01-27,57.61000061035156,51.26873016357422
2015-01-28,57.48500061035156,51.1574821472168
2015-01-29,58.08000183105469,51.68696975708008
2015-01-30,57.20500183105469,50.908302307128906
2015-02-02,58.04499816894531,51.65584182739258
2015-02-03,59.0,52.50571823120117
2015-02-04,58.7400016784668,52.27434158325195
2015-02-05,59.20500183105469,52.68815612792969
2015-02-06,59.75,53.173160552978516
2015-02-09,59.314998626708984,52.78603744506836
2015-02-10,59.650001525878906,53.08418273925781
2015-02-11,59.595001220703125,53.03522491455078
2015-02-12,60.119998931884766,53.502445220947266
2015-02-13,60.53499984741211,53.87177276611328
2015-02-17,60.42499923706055,53.773868560791016
2015-02-18,60.91999816894531,54.21438217163086
2015-02-19,61.689998626708984,54.899620056152344
2015-02-20,62.42499923706055,55.55372619628906
2015-02-23,62.275001525878906,55.420230865478516
2015-02-24,62.400001525878906,55.53147506713867
2015-02-25,61.939998626708984,55.12210464477539
2015-02-26,61.70500183105469,54.912986755371094
2015-02-27,61.665000915527344,54.87738800048828
2015-03-02,62.47999954223633,55.6026725769043
2015-03-03,61.95000076293945,55.13101577758789
2015-03-04,61.689998626708984,54.899620056152344
2015-03-05,61.78499984741211,54.98416519165039
2015-03-06,61.07500076293945,54.35232162475586
2015-03-09,61.630001068115234,54.84623336791992
2015-03-10,60.650001525878906,53.97410583496094
2015-03-11,60.845001220703125,54.14764404296875
2015-03-12,61.60499954223633,54.823970794677734
2015-03-13,61.08000183105469,54.35676956176758
2015-03-16,61.814998626708984,55.010860443115234
2015-03-17,61.814998626708984,55.010860443115234
2015-03-18,62.43000030517578,55.55817413330078
2015-03-19,62.154998779296875,55.31344985961914
2015-03-20,62.56999969482422,55.68275451660156
2015-03-23,62.345001220703125,55.4825325012207
2015-03-24,62.3650016784668,55.50033187866211
2015-03-25,60.915000915527344,54.43117904663086
2015-03-26,61.060001373291016,54.560752868652344
2015-03-27,61.6349983215332,55.07455062866211
2015-03-30,62.41999816894531,55.7759895324707
2015-03-31,61.88999938964844,55.302398681640625
2015-04-01,61.61000061035156,55.052215576171875
2015-04-02,61.72999954223633,55.1594352722168
2015-04-06,62.29999923706055,55.66876220703125
2015-04-07,62.13999938964844,55.52578353881836
2015-04-08,62.560001373291016,55.901100158691406
2015-04-09,62.58000183105469,55.91897201538086
2015-04-10,62.70500183105469,56.03066635131836
2015-04-13,62.310001373291016,55.67768859863281
2015-04-14,62.22999954223633,55.60621643066406
2015-04-15,62.33000183105469,55.69558334350586
2015-04-16,62.2400016784668,55.615150451660156
2015-04-17,61.20500183105469,54.6903076171875
2015-04-20,61.970001220703125,55.373897552490234
2015-04-21,62.03499984741211,55.431983947753906
2015-04-22,62.0099983215332,55.40962219238281
2015-04-23,62.0099983215332,55.40962219238281
2015-04-24,61.564998626708984,55.01199722290039
2015-04-27,61.404998779296875,54.8690185546875
2015-04-28,61.51499938964844,54.96731185913086
2015-04-29,61.125,54.61882781982422
2015-04-30,60.04999923706055,53.658267974853516
2015-05-01,60.58000183105469,54.13185119628906
2015-05-04,60.724998474121094,54.26141357421875
2015-05-05,59.9900016784668,53.60464859008789
2015-05-06,60.02000045776367,53.6314582824707
2015-05-07,60.029998779296875,53.640377044677734
2015-05-08,60.875,54.39545440673828
2015-05-11,61.0099983215332,54.51606369018555
2015-05-12,60.935001373291016,54.449058532714844
2015-05-13,61.07500076293945,54.574161529541016
2015-05-14,61.88999938964844,55.302398681640625
2015-05-15,61.84000015258789,55.25772476196289
2015-05-18,62.03499984741211,55.431983947753906
2015-05-19,62.099998474121094,55.490047454833984
2015-05-20,62.05500030517578,55.44984436035156
2015-05-21,62.28499984741211,55.655357360839844
2015-05-22,61.814998626708984,55.235389709472656
2015-05-26,61.095001220703125,54.59203338623047
2015-05-27,61.40999984741211,54.87348556518555
2015-05-28,61.28499984741211,54.76179885864258
2015-05-29,60.779998779296875,54.31056213378906
2015-06-01,60.845001220703125,54.3686408996582
2015-06-02,60.97999954223633,54.489253997802734
2015-06-03,61.43000030517578,54.89136505126953
2015-06-04,60.380001068115234,53.953125
2015-06-05,60.41999816894531,53.988868713378906
2015-06-08,60.150001525878906,53.747623443603516
2015-06-09,60.005001068115234,53.6180419921875
2015-06-10,60.834999084472656,54.35969543457031
2015-06-11,61.21500015258789,54.699249267578125
2015-06-12,60.994998931884766,54.50266647338867
2015-06-15,60.584999084472656,54.13631820678711
2015-06-16,60.91999816894531,54.435638427734375
2015-06-17,61.084999084472656,54.583091735839844
2015-06-18,61.7400016784668,55.16838455200195
2015-06-19,61.525001525878906,54.976261138916016
2015-06-22,61.724998474121094,55.15496826171875
2015-06-23,61.72999954223633,55.1594352722168
2015-06-24,61.03499984741211,54.645076751708984
2015-06-25,60.779998779296875,54.41679000854492
2015-06-26,60.77000045776367,54.40782165527344
2015-06-29,59.560001373291016,53.32449722290039
2015-06-30,59.56999969482422,53.33346176147461
2015-07-01,60.04499816894531,53.75872802734375
2015-07-02,59.584999084472656,53.34688949584961
2015-07-06,59.5,53.27077102661133
2015-07-07,59.790000915527344,53.530426025390625
2015-07-08,59.084999084472656,52.89923095703125
2015-07-09,59.334999084472656,53.12306213378906
2015-07-10,60.005001068115234,53.72291946411133
2015-07-13,60.630001068115234,54.28247833251953
2015-07-14,61.025001525878906,54.63612365722656
2015-07-15,60.70000076293945,54.34516143798828
2015-07-16,61.165000915527344,54.761470794677734
2015-07-17,60.95000076293945,54.5689811706543
2015-07-20,60.939998626708984,54.56003189086914
2015-07-21,59.61000061035156,53.369258880615234
2015-07-22,59.05500030517578,52.87237548828125
2015-07-23,59.08000183105469,52.89475631713867
2015-07-24,58.209999084472656,52.11583709716797
2015-07-27,57.564998626708984,51.53835678100586
2015-07-28,58.30500030517578,52.200897216796875
2015-07-29,59.369998931884766,53.15438461303711
2015-07-30,59.07500076293945,52.89027786254883
2015-07-31,59.02000045776367,52.841033935546875
2015-08-03,58.68000030517578,52.5366325378418
2015-08-04,58.77000045776367,52.61721420288086
2015-08-05,59.16999816894531,52.97532653808594
2015-08-06,59.25,53.046958923339844
2015-08-07,58.95000076293945,52.778377532958984
2015-08-10,60.53499984741211,54.19744110107422
2015-08-11,59.92499923706055,53.65129089355469
2015-08-12,59.685001373291016,53.436431884765625
2015-08-13,60.04499816894531,53.75872802734375
2015-08-14,60.44499969482422,54.116844177246094
2015-08-17,60.68000030517578,54.32724380493164
2015-08-18,60.47999954223633,54.148197174072266
2015-08-19,60.06999969482422,53.78110885620117
2015-08-20,58.54999923706055,52.420249938964844
2015-08-21,57.185001373291016,51.198150634765625
2015-08-24,55.32500076293945,49.53288269042969
2015-08-25,54.79499816894531,49.05835723876953
2015-08-26,56.130001068115234,50.253597259521484
2015-08-27,57.1150016784668,51.13548278808594
2015-08-28,57.275001525878906,51.27872848510742
2015-08-31,56.7400016784668,50.79973220825195
2015-09-01,55.290000915527344,49.501529693603516
2015-09-02,56.54999923706055,50.62962341308594
2015-09-03,56.779998779296875,50.8355598449707
2015-09-04,56.0,50.13721466064453
2015-09-08,57.380001068115234,51.37274169921875
2015-09-09,57.0099983215332,51.04146194458008
2015-09-10,57.02000045776367,51.050418853759766
2015-09-11,57.17499923706055,51.18920135498047
2015-09-14,56.8650016784668,50.911651611328125
2015-09-15,57.404998779296875,51.39512634277344
2015-09-16,57.60499954223633,51.57418441772461
2015-09-17,57.474998474121094,51.457786560058594
2015-09-18,56.345001220703125,50.44609832763672
2015-09-21,56.584999084472656,50.660980224609375
2015-09-22,55.630001068115234,49.80596160888672
2015-09-23,55.025001525878906,49.26429748535156
2015-09-24,54.86000061035156,49.11656951904297
2015-09-25,54.64500045776367,49.0375862121582
2015-09-28,53.630001068115234,48.126739501953125
2015-09-29,53.814998626708984,48.29276657104492
2015-09-30,54.5099983215332,48.91644287109375
2015-10-01,54.310001373291016,48.736968994140625
2015-10-02,54.75,49.13180923461914
2015-10-05,55.95500183105469,50.21316146850586
2015-10-06,55.915000915527344,50.177276611328125
2015-10-07,56.724998474121094,50.90415573120117
2015-10-08,57.404998779296875,51.51437759399414
2015-10-09,57.70500183105469,51.78358459472656
2015-10-12,57.709999084472656,51.78807830810547
2015-10-13,57.125,51.26309585571289
2015-10-14,55.959999084472656,50.2176513671875
2015-10-15,56.53499984741211,50.73365783691406
2015-10-16,56.38999938964844,50.603519439697266
2015-10-19,56.36000061035156,50.57661056518555
2015-10-20,56.47999954223633,50.684295654296875
2015-10-21,56.665000915527344,50.85031509399414
2015-10-22,58.07500076293945,52.115631103515625
2015-10-23,58.31999969482422,52.33547592163086
2015-10-26,58.13999938964844,52.173954010009766
2015-10-27,58.255001068115234,52.277156829833984
2015-10-28,59.380001068115234,53.286705017089844
2015-10-29,59.44499969482422,53.34503936767578
2015-10-30,59.119998931884766,53.05339050292969
2015-11-02,59.83000183105469,53.690521240234375
2015-11-03,59.67499923706055,53.55142593383789
2015-11-04,59.540000915527344,53.43028259277344
2015-11-05,59.75,53.61874008178711
2015-11-06,59.619998931884766,53.50206756591797
2015-11-09,58.8650016784668,52.82455062866211
2015-11-10,58.82500076293945,52.788658142089844
2015-11-11,58.630001068115234,52.61366271972656
2015-11-12,57.720001220703125,51.797054290771484
2015-11-13,57.31999969482422,51.438087463378906
2015-11-16,58.70000076293945,52.676483154296875
2015-11-17,58.720001220703125,52.69443130493164
2015-11-18,59.224998474121094,53.147605895996094
2015-11-19,59.625,53.50656509399414
2015-11-20,60.13999938964844,53.96871566772461
2015-11-23,60.130001068115234,53.959739685058594
2015-11-24,60.40999984741211,54.211002349853516
2015-11-25,60.314998626708984,54.125762939453125
2015-11-27,60.334999084472656,54.143714904785156
2015-11-30,59.974998474121094,53.82065963745117
2015-12-01,60.29999923706055,54.112300872802734
2015-12-02,59.81999969482422,53.68154525756836
2015-12-03,59.130001068115234,53.06235885620117
2015-12-04,59.974998474121094,53.82065963745117
2015-12-07,59.904998779296875,53.75782012939453
2015-12-08,59.25,53.170047760009766
2015-12-09,58.75,52.72135925292969
2015-12-10,59.244998931884766,53.165557861328125
2015-12-11,58.349998474121094,52.362388610839844
2015-12-14,58.154998779296875,52.18741226196289
2015-12-15,58.334999084472656,52.348934173583984
2015-12-16,59.15999984741211,53.08928298950195
2015-12-17,58.46500015258789,52.46560287475586
2015-12-18,57.57500076293945,51.666927337646484
2015-12-21,58.369998931884766,52.380340576171875
2015-12-22,58.94499969482422,52.89633560180664
2015-12-23,59.404998779296875,53.30913162231445
2015-12-24,59.29499816894531,53.3113899230957
2015-12-28,59.08000183105469,53.11809158325195
2015-12-29,59.88999938964844,53.84633255004883
2015-12-30,59.564998626708984,53.55413818359375
2015-12-31,59.11000061035156,53.14506149291992
2016-01-04,58.3849983215332,52.493221282958984
2016-01-05,59.11000061035156,53.14506149291992
2016-01-06,58.439998626708984,52.54265594482422
2016-01-07,57.03499984741211,51.27945327758789
2016-01-08,56.22999954223633,50.555686950683594
2016-01-11,56.439998626708984,50.74448013305664
2016-01-12,56.900001525878906,51.158077239990234
2016-01-13,55.349998474121094,49.76448440551758
2016-01-14,55.55500030517578,49.94879913330078
2016-01-15,54.525001525878906,49.02273941040039
2016-01-19,54.17499923706055,48.70805740356445
2016-01-20,53.755001068115234,48.33042907714844
2016-01-21,53.540000915527344,48.137149810791016
2016-01-22,54.39500045776367,48.905845642089844
2016-01-25,53.775001525878906,48.348426818847656
2016-01-26,54.70000076293945,49.180084228515625
2016-01-27,53.33000183105469,47.94833755493164
2016-01-28,53.4900016784668,48.092193603515625
2016-01-29,54.709999084472656,49.1890869140625
2016-02-01,54.51499938964844,49.01375198364258
2016-02-02,53.290000915527344,47.912376403808594
2016-02-03,54.15999984741211,48.69456481933594
2016-02-04,54.5099983215332,49.0092658996582
2016-02-05,53.73500061035156,48.312461853027344
2016-02-08,53.334999084472656,47.95282745361328
2016-02-09,53.02000045776367,47.66960525512695
2016-02-10,53.1349983215332,47.77300262451172
2016-02-11,51.619998931884766,46.410892486572266
2016-02-12,52.060001373291016,46.80648422241211
2016-02-16,53.154998779296875,47.79099655151367
2016-02-17,54.040000915527344,48.58668899536133
2016-02-18,54.310001373291016,48.82944107055664
2016-02-19,54.15999984741211,48.69456481933594
2016-02-22,55.05500030517578,49.49924850463867
2016-02-23,55.06999969482422,49.512752532958984
2016-02-24,55.040000915527344,49.48577117919922
2016-02-25,55.95000076293945,50.30393981933594
2016-02-26,56.20000076293945,50.52872085571289
2016-02-29,56.084999084472656,50.425315856933594
2016-03-01,56.529998779296875,50.825408935546875
2016-03-02,56.76499938964844,51.03669738769531
2016-03-03,56.970001220703125,51.22100830078125
2016-03-04,57.33000183105469,51.544677734375
2016-03-07,57.15999984741211,51.39183044433594
2016-03-08,56.595001220703125,50.88386154174805
2016-03-09,56.8650016784668,51.12660217285156
2016-03-10,56.470001220703125,50.771461486816406
2016-03-11,57.32500076293945,51.54019546508789
2016-03-14,57.17499923706055,51.40533447265625
2016-03-15,56.994998931884766,51.243492126464844
2016-03-16,57.619998931884766,51.80541229248047
2016-03-17,58.529998779296875,52.62359619140625
2016-03-18,59.22999954223633,53.25294876098633
2016-03-21,59.314998626708984,53.32936477661133
2016-03-22,59.150001525878906,53.181034088134766
2016-03-23,58.64500045776367,52.86865234375
2016-03-24,58.15999984741211,52.43142318725586
2016-03-28,58.0,52.28717803955078
2016-03-29,58.73500061035156,52.949790954589844
2016-03-30,58.79499816894531,53.003868103027344
2016-03-31,58.44499969482422,52.6883544921875
2016-04-01,58.63999938964844,52.86414337158203
2016-04-04,58.16999816894531,52.4404296875
2016-04-05,58.20500183105469,52.47199249267578
2016-04-06,58.720001220703125,52.93626022338867
2016-04-07,58.54499816894531,52.77849197387695
2016-04-08,58.654998779296875,52.87767028808594
2016-04-11,58.599998474121094,52.82807540893555
2016-04-12,59.03499984741211,53.22023391723633
2016-04-13,59.845001220703125,53.950462341308594
2016-04-14,59.73500061035156,53.851287841796875
2016-04-15,59.78499984741211,53.896358489990234
2016-04-18,60.130001068115234,54.20737838745117
2016-04-19,60.17499923706055,54.247947692871094
2016-04-20,60.22999954223633,54.29754638671875
2016-04-21,60.025001525878906,54.11272430419922
2016-04-22,60.3650016784668,54.419246673583984
2016-04-25,59.81999969482422,53.92790603637695
2016-04-26,60.84000015258789,54.84745407104492
2016-04-27,61.75,55.667823791503906
2016-04-28,61.244998931884766,55.21255111694336
2016-04-29,60.935001373291016,54.9330940246582
2016-05-02,61.32500076293945,55.2846794128418
2016-05-03,60.89500045776367,54.897029876708984
2016-05-04,60.42499923706055,54.473323822021484
2016-05-05,60.76499938964844,54.77983474731445
2016-05-06,61.20000076293945,55.1719970703125
2016-05-09,61.15999984741211,55.135929107666016
2016-05-10,62.45000076293945,56.29886245727539
2016-05-11,61.849998474121094,55.757972717285156
2016-05-12,62.099998474121094,55.98334884643555
2016-05-13,61.404998779296875,55.3568000793457
2016-05-16,62.13999938964844,56.0193977355957
2016-05-17,61.689998626708984,55.613731384277344
2016-05-18,61.63999938964844,55.568660736083984
2016-05-19,61.08000183105469,55.06380081176758
2016-05-20,61.66999816894531,55.59568405151367
2016-05-23,61.209999084472656,55.181007385253906
2016-05-24,61.86000061035156,55.7669792175293
2016-05-25,62.09000015258789,55.97432327270508
2016-05-26,62.26499938964844,56.13209533691406
2016-05-27,62.369998931884766,56.22674560546875
2016-05-31,62.01499938964844,55.90671920776367
2016-06-01,62.34000015258789,56.19970703125
2016-06-02,62.54999923706055,56.38901901245117
2016-06-03,62.494998931884766,56.33943557739258
2016-06-06,63.084999084472656,56.87132263183594
2016-06-07,63.29999923706055,57.065147399902344
2016-06-08,63.6150016784668,57.34912872314453
2016-06-09,63.685001373291016,57.412227630615234
2016-06-10,62.94499969482422,56.745121002197266
2016-06-13,62.150001525878906,56.02842712402344
2016-06-14,62.119998931884766,56.00135803222656
2016-06-15,62.150001525878906,56.02842712402344
2016-06-16,62.04999923706055,55.938270568847656
2016-06-17,62.029998779296875,55.92023849487305
2016-06-20,62.60499954223633,56.438602447509766
2016-06-21,62.29999923706055,56.30485153198242
2016-06-22,62.21500015258789,56.22804260253906
2016-06-23,62.81999969482422,56.774803161621094
2016-06-24,60.86000061035156,55.00341796875
2016-06-27,59.5,53.774288177490234
2016-06-28,60.04999923706055,54.271358489990234
2016-06-29,61.060001373291016,55.18416976928711
2016-06-30,62.46500015258789,56.453956604003906
2016-07-01,62.584999084472656,56.56242370605469
2016-07-05,61.69499969482422,55.7580680847168
2016-07-06,62.060001373291016,56.087947845458984
2016-07-07,61.98500061035156,56.02016067504883
2016-07-08,63.23500061035156,57.149879455566406
2016-07-11,63.69499969482422,57.56561279296875
2016-07-12,63.83000183105469,57.6876220703125
2016-07-13,63.75,57.61531448364258
2016-07-14,63.8849983215332,57.737327575683594
2016-07-15,64.04499816894531,57.88192367553711
2016-07-18,63.95500183105469,57.80058670043945
2016-07-19,64.2300033569336,58.04912567138672
2016-07-20,64.5250015258789,58.31574630737305
2016-07-21,64.01000213623047,57.85028076171875
2016-07-22,64.13999938964844,57.96778106689453
2016-07-25,63.94499969482422,57.79154968261719
2016-07-26,64.65499877929688,58.433231353759766
2016-07-27,64.93499755859375,58.68628692626953
2016-07-28,64.48999786376953,58.28410720825195
2016-07-29,64.75499725341797,58.52360534667969
2016-08-01,65.03500366210938,58.77666473388672
2016-08-02,64.56999969482422,58.35639953613281
2016-08-03,64.93000030517578,58.6817626953125
2016-08-04,64.91500091552734,58.6682014465332
2016-08-05,65.5199966430664,59.21498489379883
2016-08-08,65.30000305175781,59.01615524291992
2016-08-09,65.54499816894531,59.237571716308594
2016-08-10,65.24500274658203,58.96644973754883
2016-08-11,65.66999816894531,59.35055160522461
2016-08-12,65.63500213623047,59.31892013549805
2016-08-15,66.36499786376953,59.978675842285156
2016-08-16,65.62000274658203,59.305362701416016
2016-08-17,65.76000213623047,59.431888580322266
2016-08-18,66.15499877929688,59.78886413574219
2016-08-19,66.1449966430664,59.77981948852539
2016-08-22,66.19000244140625,59.82050323486328
2016-08-23,66.0250015258789,59.671382904052734
2016-08-24,65.875,59.53582000732422
2016-08-25,65.875,59.53582000732422
2016-08-26,65.55000305175781,59.24211120605469
2016-08-29,65.94000244140625,59.594566345214844
2016-08-30,65.62000274658203,59.305362701416016
2016-08-31,65.1050033569336,58.83992385864258
2016-09-01,65.375,59.08393859863281
2016-09-02,65.8499984741211,59.513214111328125
2016-09-06,65.77999877929688,59.449954986572266
2016-09-07,65.66000366210938,59.34151077270508
2016-09-08,65.51499938964844,59.21046829223633
2016-09-09,63.88999938964844,57.74184036254883
2016-09-12,64.51000213623047,58.30218505859375
2016-09-13,63.57500076293945,57.457157135009766
2016-09-14,63.18000030517578,57.100162506103516
2016-09-15,63.80500030517578,57.665016174316406
2016-09-16,63.03499984741211,56.96912384033203
2016-09-19,63.40999984741211,57.30802536010742
2016-09-20,63.18000030517578,57.100162506103516
2016-09-21,64.1050033569336,57.9361572265625
2016-09-22,64.90499877929688,58.65917205810547
2016-09-23,64.7249984741211,58.49649429321289
2016-09-26,64.36499786376953,58.33244705200195
2016-09-27,64.7249984741211,58.65871047973633
2016-09-28,65.0999984741211,58.99858474731445
2016-09-29,64.23500061035156,58.21464538574219
2016-09-30,64.52999877929688,58.481971740722656
2016-10-03,64.57499694824219,58.52275466918945
2016-10-04,64.19499969482422,58.17837142944336
2016-10-05,64.61000061035156,58.55447006225586
2016-10-06,64.5999984741211,58.54542922973633
2016-10-07,63.80500030517578,57.82494354248047
2016-10-10,64.06999969482422,58.065093994140625
2016-10-11,63.084999084472656,57.172420501708984
2016-10-12,63.17499923706055,57.25397872924805
2016-10-13,63.07500076293945,57.16334915161133
2016-10-14,63.084999084472656,57.172420501708984
2016-10-17,63.220001220703125,57.294761657714844
2016-10-18,63.71500015258789,57.743377685546875
2016-10-19,63.67499923706055,57.70712661743164
2016-10-20,63.53499984741211,57.58024597167969
2016-10-21,63.31999969482422,57.3853874206543
2016-10-24,63.959999084472656,57.96540069580078
2016-10-25,64.67500305175781,58.613407135009766
2016-10-26,65.375,59.247802734375
2016-10-27,64.66999816894531,58.60886764526367
2016-10-28,65.04499816894531,58.948707580566406
2016-10-31,65.13500213623047,59.0302848815918
2016-11-01,64.82499694824219,58.74933624267578
2016-11-02,64.24500274658203,58.223697662353516
2016-11-03,63.834999084472656,57.852115631103516
2016-11-04,63.90999984741211,57.920101165771484
2016-11-07,65.07499694824219,58.97588348388672
2016-11-08,65.125,59.02122116088867
2016-11-09,67.93499755859375,61.56786346435547
2016-11-10,69.07499694824219,62.60101318359375
2016-11-11,70.58499908447266,63.96947479248047
2016-11-14,70.79499816894531,64.1598129272461
2016-11-15,70.3499984741211,63.75651931762695
2016-11-16,70.07499694824219,63.50727081298828
2016-11-17,70.12000274658203,63.548072814941406
2016-11-18,70.03500366210938,63.47102355957031
2016-11-21,70.28500366210938,63.69759750366211
2016-11-22,71.18499755859375,64.51325988769531
2016-11-23,71.5999984741211,64.88936614990234
2016-11-25,72.04000091552734,65.28810119628906
2016-11-28,71.86499786376953,65.1295394897461
2016-11-29,72.08000183105469,65.32437133789062
2016-11-30,71.65499877929688,64.93917846679688
2016-12-01,71.94000244140625,65.19747924804688
2016-12-02,71.99500274658203,65.2473373413086
2016-12-05,72.19000244140625,65.4240493774414
2016-12-06,72.47000122070312,65.67784118652344
2016-12-07,73.11000061035156,66.25780487060547
2016-12-08,72.41500091552734,65.62797546386719
2016-12-09,72.56500244140625,65.76390838623047
2016-12-12,71.73500061035156,65.0116958618164
2016-12-13,71.42500305175781,64.73077392578125
2016-12-14,70.76000213623047,64.12810516357422
2016-12-15,70.9749984741211,64.32292175292969
2016-12-16,70.8550033569336,64.21420288085938
2016-12-19,71.38500213623047,64.69452667236328
2016-12-20,71.69999694824219,64.97998809814453
2016-12-21,71.1050033569336,64.67526245117188
2016-12-22,71.0999984741211,64.67071533203125
2016-12-23,71.11499786376953,64.68435668945312
2016-12-27,71.30000305175781,64.85266876220703
2016-12-28,70.61499786376953,64.22956848144531
2016-12-29,70.69000244140625,64.29779815673828
2016-12-30,70.26000213623047,63.906707763671875
2017-01-03,71.19499969482422,64.75712585449219
2017-01-04,71.68000030517578,65.19828033447266
2017-01-05,71.62000274658203,65.14370727539062
2017-01-06,71.83000183105469,65.33470153808594
2017-01-09,71.25,64.80713653564453
2017-01-10,71.37000274658203,64.91633605957031
2017-01-11,71.30999755859375,64.86175537109375
2017-01-12,70.93000030517578,64.51612854003906
2017-01-13,71.22000122070312,64.77989196777344
2017-01-17,70.36000061035156,63.99764633178711
2017-01-18,70.69000244140625,64.29779815673828
2017-01-19,71.27999877929688,64.83446502685547
2017-01-20,70.99500274658203,64.57524108886719
2017-01-23,70.625,64.23869323730469
2017-01-24,71.26000213623047,64.81624603271484
2017-01-25,71.40499877929688,64.9481430053711
2017-01-26,71.50499725341797,65.03911590576172
2017-01-27,71.68000030517578,65.19828033447266
2017-01-30,71.12999725341797,64.69803619384766
2017-01-31,71.19499969482422,64.75712585449219
2017-02-01,71.19499969482422,64.75712585449219
2017-02-02,71.21499633789062,64.77531433105469
2017-02-03,72.22000122070312,65.68946838378906
2017-02-06,72.48500061035156,65.93048095703125
2017-02-07,72.75499725341797,66.17608642578125
2017-02-08,72.43499755859375,65.8850326538086
2017-02-09,72.88500213623047,66.29432678222656
2017-02-10,73.81500244140625,67.14024353027344
2017-02-13,74.30000305175781,67.58137512207031
2017-02-14,74.23999786376953,67.52679443359375
2017-02-15,74.54499816894531,67.8042221069336
2017-02-16,74.83000183105469,68.06346130371094
2017-02-17,75.17500305175781,68.37722778320312
2017-02-21,75.6050033569336,68.76836395263672
2017-02-22,75.58000183105469,68.74561309814453
2017-02-23,75.12000274658203,68.32721710205078
2017-02-24,75.26000213623047,68.45458221435547
2017-02-27,76.20500183105469,69.31409454345703
2017-02-28,75.88500213623047,69.02304077148438
2017-03-01,76.9800033569336,70.01902770996094
2017-03-02,76.19499969482422,69.30500793457031
2017-03-03,75.92500305175781,69.05943298339844
2017-03-06,75.72000122070312,68.87297058105469
2017-03-07,75.625,68.78654479980469
2017-03-08,75.3949966430664,68.5773696899414
2017-03-09,75.20999908447266,68.40907287597656
2017-03-10,75.19499969482422,68.39542388916016
2017-03-13,75.49500274658203,68.66828918457031
2017-03-14,75.08999633789062,68.29993438720703
2017-03-15,75.65499877929688,68.81383514404297
2017-03-16,75.42500305175781,68.60464477539062
2017-03-17,76.26000213623047,69.3641128540039
2017-03-20,75.9749984741211,69.10493469238281
2017-03-21,74.41999816894531,67.69049072265625
2017-03-22,74.3949966430664,67.66776275634766
2017-03-23,74.43000030517578,67.6995849609375
2017-03-24,73.61000061035156,67.09527587890625
2017-03-27,73.49500274658203,66.99048614501953
2017-03-28,74.29499816894531,67.71965026855469
2017-03-29,74.20500183105469,67.63763427734375
2017-03-30,74.66999816894531,68.06144714355469
2017-03-31,74.36000061035156,67.77891540527344
2017-04-03,74.08499908447266,67.52825927734375
2017-04-04,74.375,67.79261779785156
2017-04-05,73.69999694824219,67.17733764648438
2017-04-06,74.20500183105469,67.63763427734375
2017-04-07,74.79000091552734,68.17086791992188
2017-04-10,74.86499786376953,68.23921966552734
2017-04-11,75.37000274658203,68.69950103759766
2017-04-12,74.27999877929688,67.70600128173828
2017-04-13,73.8550033569336,67.31858825683594
2017-04-17,74.81500244140625,68.1936264038086
2017-04-18,74.66999816894531,68.06144714355469
2017-04-19,74.7300033569336,68.1161880493164
2017-04-20,75.29499816894531,68.63114166259766
2017-04-21,75.68499755859375,68.98664855957031
2017-04-24,76.69000244140625,69.90270233154297
2017-04-25,76.86000061035156,70.05766296386719
2017-04-26,77.0250015258789,70.20807647705078
2017-04-27,77.17500305175781,70.34477233886719
2017-04-28,76.87999725341797,70.0759048461914
2017-05-01,76.55999755859375,69.7842025756836
2017-05-02,76.73500061035156,69.9437484741211
2017-05-03,76.45999908447266,69.69306182861328
2017-05-04,76.54000091552734,69.7659683227539
2017-05-05,77.2300033569336,70.39488983154297
2017-05-08,77.11499786376953,70.29007720947266
2017-05-09,77.15499877929688,70.3265380859375
2017-05-10,76.8499984741211,70.04852294921875
2017-05-11,76.81500244140625,70.01660919189453
2017-05-12,76.44000244140625,69.6748275756836
2017-05-15,76.87000274658203,70.06675720214844
2017-05-16,76.93499755859375,70.1259994506836
2017-05-17,75.51000213623047,68.82714080810547
2017-05-18,75.41500091552734,68.74053192138672
2017-05-19,76.57499694824219,69.7978744506836
2017-05-22,77.23999786376953,70.40402221679688
2017-05-23,77.53500366210938,70.67292022705078
2017-05-24,78.04000091552734,71.13320922851562
2017-05-25,78.78500366210938,71.81228637695312
2017-05-26,78.78500366210938,71.81228637695312
2017-05-30,78.45500183105469,71.51148986816406
2017-05-31,78.90499877929688,71.92166900634766
2017-06-01,79.23999786376953,72.22700500488281
2017-06-02,79.75499725341797,72.69642639160156
2017-06-05,79.0250015258789,72.03106689453125
2017-06-06,78.34500122070312,71.4112319946289
2017-06-07,78.24500274658203,71.32007598876953
2017-06-08,78.8949966430664,71.91255950927734
2017-06-09,79.0250015258789,72.03106689453125
2017-06-12,78.70500183105469,71.73939514160156
2017-06-13,79.16500091552734,72.15867614746094
2017-06-14,79.2300033569336,72.2178955078125
2017-06-15,79.3949966430664,72.3682861328125
2017-06-16,79.19999694824219,72.19054412841797
2017-06-19,79.80500030517578,72.74201202392578
2017-06-20,79.16999816894531,72.1632080078125
2017-06-21,78.86000061035156,71.88062286376953
2017-06-22,78.50499725341797,71.55708312988281
2017-06-23,78.83499908447266,71.85787200927734
2017-06-26,78.3949966430664,71.456787109375
2017-06-27,77.73500061035156,71.0259780883789
2017-06-28,78.8550033569336,72.04934692382812
2017-06-29,78.15499877929688,71.4097671508789
2017-06-30,78.67500305175781,71.8848648071289
2017-07-03,79.17500305175781,72.34173583984375
2017-07-05,79.97000122070312,73.06812286376953
2017-07-06,79.33999633789062,72.49246978759766
2017-07-07,80.21499633789062,73.2919692993164
2017-07-10,80.3949966430664,73.45642852783203
2017-07-11,80.80999755859375,73.83561706542969
2017-07-12,81.20500183105469,74.19650268554688
2017-07-13,81.07499694824219,74.07772064208984
2017-07-14,81.51499938964844,74.4797592163086
2017-07-17,81.55999755859375,74.5208740234375
2017-07-18,81.21499633789062,74.20565795898438
2017-07-19,81.86499786376953,74.79955291748047
2017-07-20,81.75499725341797,74.69908905029297
2017-07-21,82.01000213623047,74.93206787109375
2017-07-24,82.16999816894531,75.07821655273438
2017-07-25,82.22000122070312,75.12393188476562
2017-07-26,82.2300033569336,75.13306427001953
2017-07-27,82.08499908447266,75.00056457519531
2017-07-28,82.83499908447266,75.68582916259766
2017-07-31,82.44999694824219,75.33406066894531
2017-08-01,82.8550033569336,75.70411682128906
2017-08-02,83.29499816894531,76.10614013671875
2017-08-03,83.90499877929688,76.6634750366211
2017-08-04,83.9800033569336,76.73202514648438
2017-08-07,84.2750015258789,77.0015640258789
2017-08-08,84.17500305175781,76.91019439697266
2017-08-09,84.2249984741211,76.95586395263672
2017-08-10,83.4749984741211,76.2706069946289
2017-08-11,83.6500015258789,76.43049621582031
2017-08-14,84.43499755859375,77.14776611328125
2017-08-15,84.12999725341797,76.86907196044922
2017-08-16,84.08000183105469,76.82339477539062
2017-08-17,82.87999725341797,75.72695922851562
2017-08-18,82.80500030517578,75.65843963623047
2017-08-21,82.86000061035156,75.70868682861328
2017-08-22,83.81500244140625,76.58125305175781
2017-08-23,83.52999877929688,76.32085418701172
2017-08-24,83.55000305175781,76.33911895751953
2017-08-25,83.48999786376953,76.2843017578125
2017-08-28,83.33000183105469,76.13811492919922
2017-08-29,84.52999877929688,77.23455047607422
2017-08-30,85.0,77.66399383544922
2017-08-31,85.4800033569336,78.10255432128906
2017-09-01,85.25,77.89241790771484
2017-09-05,84.50499725341797,77.21170806884766
2017-09-06,83.88500213623047,76.64521026611328
2017-09-07,84.0,76.75028991699219
2017-09-08,84.02999877929688,76.77770233154297
2017-09-11,84.99500274658203,77.65941619873047
2017-09-12,84.81999969482422,77.49950408935547
2017-09-13,84.55999755859375,77.26197052001953
2017-09-14,85.0,77.66399383544922
2017-09-15,85.51499938964844,78.13453674316406
2017-09-18,87.00499725341797,79.49594116210938
2017-09-19,87.69499969482422,80.12638854980469
2017-09-20,88.24500274658203,80.62889862060547
2017-09-21,88.75,81.09032440185547
2017-09-22,88.92500305175781,81.25025177001953
2017-09-25,88.53500366210938,80.89390563964844
2017-09-26,88.5999984741211,81.27825927734375
2017-09-27,89.38500213623047,81.99839782714844
2017-09-28,88.73999786376953,81.40670013427734
2017-09-29,89.0199966430664,81.66356658935547
2017-10-02,90.19999694824219,82.74606323242188
2017-10-03,90.20999908447266,82.75520324707031
2017-10-04,90.48999786376953,83.0120849609375
2017-10-05,91.04499816894531,83.52120971679688
2017-10-06,91.01000213623047,83.48909759521484
2017-10-09,91.18000030517578,83.64505767822266
2017-10-10,91.1449966430664,83.61296081542969
2017-10-11,90.90499877929688,83.39276885986328
2017-10-12,91.47000122070312,83.91108703613281
2017-10-13,91.05500030517578,83.5303955078125
2017-10-16,91.0250015258789,83.50289154052734
2017-10-17,90.70500183105469,83.20932006835938
2017-10-18,90.8499984741211,83.34233093261719
2017-10-19,90.8499984741211,83.34233093261719
2017-10-20,92.0,84.39727020263672
2017-10-23,91.3550033569336,83.80560302734375
2017-10-24,91.47000122070312,83.91108703613281
2017-10-25,91.19999694824219,83.66340637207031
2017-10-26,90.42500305175781,82.95244598388672
2017-10-27,90.31999969482422,82.85613250732422
2017-10-30,90.23999786376953,82.78274536132812
2017-10-31,90.23500061035156,82.77812957763672
2017-11-01,90.11000061035156,82.66348266601562
2017-11-02,91.69499969482422,84.11751556396484
2017-11-03,91.08499908447266,83.55790710449219
2017-11-06,91.2249984741211,83.68633270263672
2017-11-07,91.1500015258789,83.61753845214844
2017-11-08,91.44000244140625,83.88357543945312
2017-11-09,90.08499908447266,82.64054107666016
2017-11-10,89.61000061035156,82.20480346679688
2017-11-13,89.1500015258789,81.7828140258789
2017-11-14,89.27999877929688,81.90206909179688
2017-11-15,88.79499816894531,81.45712280273438
2017-11-16,89.51499938964844,82.11763763427734
2017-11-17,89.01000213623047,81.6543960571289
2017-11-20,89.75,82.333251953125
2017-11-21,90.73999786376953,83.24140167236328
2017-11-22,90.32499694824219,82.86073303222656
2017-11-24,90.56500244140625,83.08090209960938
2017-11-27,90.62000274658203,83.13134002685547
2017-11-28,91.74500274658203,84.1633529663086
2017-11-29,91.7750015258789,84.19088745117188
2017-11-30,92.91999816894531,85.24127197265625
2017-12-01,91.58499908447266,84.01657104492188
2017-12-04,91.54000091552734,83.97531127929688
2017-12-05,90.80500030517578,83.3010482788086
2017-12-06,91.58000183105469,84.01202392578125
2017-12-07,92.28500366210938,84.65872955322266
2017-12-08,92.42500305175781,84.78717041015625
2017-12-11,91.80500030517578,84.21842193603516
2017-12-12,92.13500213623047,84.5211181640625
2017-12-13,92.65499877929688,84.99816131591797
2017-12-14,92.41999816894531,84.7825927734375
2017-12-15,93.91500091552734,86.15403747558594
2017-12-18,94.19499969482422,86.41089630126953
2017-12-19,93.80500030517578,86.20002746582031
2017-12-20,93.98500061035156,86.36543273925781
2017-12-21,94.04499816894531,86.42056274414062
2017-12-22,93.93000030517578,86.31489562988281
2017-12-26,93.99500274658203,86.3746109008789
2017-12-27,94.2249984741211,86.58594512939453
2017-12-28,94.61000061035156,86.93975067138672
2017-12-29,94.05500030517578,86.42975616455078
2018-01-02,94.21499633789062,86.5767593383789
2018-01-03,94.3550033569336,86.70541381835938
2018-01-04,95.01499938964844,87.3119125366211
2018-01-05,95.87000274658203,88.09759521484375
2018-01-08,96.44999694824219,88.63057708740234
2018-01-09,97.06999969482422,89.2002944946289
2018-01-10,96.93499755859375,89.0762710571289
2018-01-11,97.88500213623047,89.94925689697266
2018-01-12,99.38999938964844,91.33222961425781
2018-01-16,98.33000183105469,90.35813903808594
2018-01-17,99.49500274658203,91.42870330810547
2018-01-18,98.69499969482422,90.69356536865234
2018-01-19,99.40499877929688,91.34598541259766
2018-01-22,99.0,90.97383880615234
2018-01-23,98.67500305175781,90.6751937866211
2018-01-24,99.20500183105469,91.1622085571289
2018-01-25,100.69000244140625,92.52684020996094
2018-01-26,102.00499725341797,93.73521423339844
2018-01-29,102.125,93.8454818725586
2018-01-30,101.36000061035156,93.14250183105469
2018-01-31,101.625,93.38603210449219
2018-02-01,102.20500183105469,93.91899108886719
2018-02-02,100.12000274658203,92.0030288696289
2018-02-05,94.91999816894531,87.2246322631836
2018-02-06,95.9800033569336,88.19866943359375
2018-02-07,97.29000091552734,89.40247344970703
2018-02-08,94.17500305175781,86.54002380371094
2018-02-09,95.6050033569336,87.85409545898438
2018-02-12,96.9749984741211,89.11299896240234
2018-02-13,97.3499984741211,89.4576187133789
2018-02-14,98.93499755859375,90.91410064697266
2018-02-15,101.30000305175781,93.08736419677734
2018-02-16,101.38500213623047,93.16549682617188
2018-02-20,100.54000091552734,92.38899230957031
2018-02-21,100.55500030517578,92.40277099609375
2018-02-22,100.92500305175781,92.74275207519531
2018-02-23,101.55000305175781,93.31710052490234
2018-02-26,102.6500015258789,94.32791900634766
2018-02-27,101.43000030517578,93.20683288574219
2018-02-28,101.43499755859375,93.21141815185547
2018-03-01,99.4000015258789,91.3414306640625
2018-03-02,99.79499816894531,91.70437622070312
2018-03-05,100.58999633789062,92.43492889404297
2018-03-06,100.41999816894531,92.27872467041016
2018-03-07,100.7249984741211,92.55897521972656
2018-03-08,101.11499786376953,92.91736602783203
2018-03-09,102.54499816894531,94.23145294189453
2018-03-12,100.7699966430664,92.6003189086914
2018-03-13,100.48999786376953,92.34302520751953
2018-03-14,99.3499984741211,91.29544830322266
2018-03-15,99.30500030517578,91.25408935546875
2018-03-16,99.08000183105469,91.04735565185547
2018-03-19,99.34500122070312,91.2908706665039
2018-03-20,100.02999877929688,91.92033386230469
2018-03-21,100.24500274658203,92.11788177490234
2018-03-22,97.05000305175781,89.36825561523438
2018-03-23,97.36000061035156,89.65372467041016
2018-03-26,99.91000366210938,92.00187683105469
2018-03-27,98.33000183105469,90.54692840576172
2018-03-28,97.55000305175781,89.82868957519531
2018-03-29,98.9800033569336,91.14547729492188
2018-04-02,97.48500061035156,89.76881408691406
2018-04-03,98.70999908447266,90.89685821533203
2018-04-04,99.30500030517578,91.44474029541016
2018-04-05,100.77999877929688,92.80303192138672
2018-04-06,98.31500244140625,90.53314208984375
2018-04-09,98.04499816894531,90.28450012207031
2018-04-10,98.93000030517578,91.09945678710938
2018-04-11,99.0,91.16389465332031
2018-04-12,100.17500305175781,92.24588775634766
2018-04-13,99.79000091552734,91.89138793945312
2018-04-16,100.83999633789062,92.8582763671875
2018-04-17,101.83000183105469,93.7698974609375
2018-04-18,102.70500183105469,94.57565307617188
2018-04-19,102.91000366210938,94.7644271850586
2018-04-20,102.33499908447266,94.23492431640625
2018-04-23,102.44000244140625,94.33160400390625
2018-04-24,100.08999633789062,92.16761779785156
2018-04-25,99.125,91.27901458740234
2018-04-26,99.06999969482422,91.22835540771484
2018-04-27,97.63999938964844,89.91155242919922
2018-04-30,96.17500305175781,88.5625228881836
2018-05-01,94.37999725341797,86.90959930419922
2018-05-02,93.86000061035156,86.43075561523438
2018-05-03,93.98500061035156,86.5458755493164
2018-05-04,95.0999984741211,87.5726089477539
2018-05-07,96.37999725341797,88.75129699707031
2018-05-08,97.8550033569336,90.10954284667969
2018-05-09,98.83499908447266,91.01197814941406
2018-05-10,99.0250015258789,91.1869125366211
2018-05-11,99.23500061035156,91.38030242919922
2018-05-14,98.68499755859375,90.87384796142578
2018-05-15,98.17500305175781,90.40422821044922
2018-05-16,98.19499969482422,90.42265319824219
2018-05-17,98.88500213623047,91.0580062866211
2018-05-18,99.55000305175781,91.67037200927734
2018-05-21,101.04499816894531,93.04703521728516
2018-05-22,99.7300033569336,91.83613586425781
2018-05-23,100.41500091552734,92.4668960571289
2018-05-24,101.0999984741211,93.09769439697266
2018-05-25,100.62000274658203,92.65567016601562
2018-05-29,99.47000122070312,91.59668731689453
2018-05-30,100.7750015258789,92.79842376708984
2018-05-31,99.54499816894531,91.66578674316406
2018-06-01,100.52999877929688,92.57280731201172
2018-06-04,100.8949966430664,92.90892791748047
2018-06-05,100.90499877929688,92.91812896728516
2018-06-06,101.88500213623047,93.8205337524414
2018-06-07,101.79499816894531,93.73766326904297
2018-06-08,102.5,94.38688659667969
2018-06-11,102.11000061035156,94.02772521972656
2018-06-12,101.13999938964844,93.1344985961914
2018-06-13,100.6050033569336,92.6418685913086
2018-06-14,99.875,91.96965026855469
2018-06-15,99.41000366210938,91.54145050048828
2018-06-18,99.5,91.62432861328125
2018-06-19,97.19499969482422,89.50177001953125
2018-06-20,97.6050033569336,89.87931060791016
2018-06-21,96.58999633789062,88.94463348388672
2018-06-22,96.87000274658203,89.2025146484375
2018-06-25,95.94499969482422,88.3507080078125
2018-06-26,96.1449966430664,88.7355728149414
2018-06-27,95.45500183105469,88.0987548828125
2018-06-28,95.94999694824219,88.55560302734375
2018-06-29,96.23500061035156,88.81864166259766
2018-07-02,96.45999908447266,89.02629089355469
2018-07-03,96.51000213623047,89.07245635986328
2018-07-05,96.61499786376953,89.16937255859375
2018-07-06,96.81500244140625,89.35396575927734
2018-07-09,98.45999908447266,90.87218475341797
2018-07-10,98.81500244140625,91.1998062133789
2018-07-11,97.42500305175781,89.91695404052734
2018-07-12,99.06500244140625,91.43054962158203
2018-07-13,100.0199966430664,92.31195831298828
2018-07-16,100.30500030517578,92.57498931884766
2018-07-17,100.94000244140625,93.16107177734375
2018-07-18,101.6050033569336,93.77481079101562
2018-07-19,101.33499908447266,93.52559661865234
2018-07-20,101.44499969482422,93.62712860107422
2018-07-23,100.42500305175781,92.68572998046875
2018-07-24,101.07499694824219,93.28563690185547
2018-07-25,101.12000274658203,93.3271713256836
2018-07-26,102.2300033569336,94.35164642333984
2018-07-27,101.80000305175781,93.95478820800781
2018-07-30,100.3499984741211,92.61651611328125
2018-07-31,102.91999816894531,94.98846435546875
2018-08-01,102.32499694824219,94.4393081665039
2018-08-02,102.23500061035156,94.35623168945312
2018-08-03,101.88999938964844,94.03783416748047
2018-08-06,101.72000122070312,93.8809585571289
2018-08-07,102.16000366210938,94.28704833984375
2018-08-08,102.0250015258789,94.16244506835938
2018-08-09,101.84500122070312,93.996337890625
2018-08-10,101.43499755859375,93.6178970336914
2018-08-13,101.30999755859375,93.50251770019531
2018-08-14,102.11499786376953,94.24549865722656
2018-08-15,100.83499908447266,93.06416320800781
2018-08-16,102.2249984741211,94.34703063964844
2018-08-17,102.7750015258789,94.85462188720703
2018-08-20,103.4000015258789,95.43148803710938
2018-08-21,104.1050033569336,96.08216094970703
2018-08-22,103.33000183105469,95.36687469482422
2018-08-23,102.70999908447266,94.79463958740234
2018-08-24,103.3550033569336,95.38994598388672
2018-08-27,104.18499755859375,96.15596771240234
2018-08-28,104.41999816894531,96.37285614013672
2018-08-29,104.34500122070312,96.30364227294922
2018-08-30,103.37999725341797,95.41300964355469
2018-08-31,103.73500061035156,95.74065399169922
2018-09-04,103.79499816894531,95.7960433959961
2018-09-05,104.05500030517578,96.03600311279297
2018-09-06,105.17500305175781,97.0696792602539
2018-09-07,104.73999786376953,96.6681900024414
2018-09-10,104.81500244140625,96.7374267578125
2018-09-11,104.83000183105469,96.75125885009766
2018-09-12,105.26499938964844,97.15274810791016
2018-09-13,105.98999786376953,97.82188415527344
2018-09-14,107.51499938964844,99.22935485839844
2018-09-17,107.50499725341797,99.22010040283203
2018-09-18,108.80500030517578,100.41995239257812
2018-09-19,107.93000030517578,99.61237335205078
2018-09-20,107.06500244140625,98.81403350830078
2018-09-21,107.96499633789062,99.6446762084961
2018-09-24,106.8499984741211,98.61560821533203
2018-09-25,107.93499755859375,99.61698913574219
2018-09-26,107.08999633789062,99.23657989501953
2018-09-27,107.57499694824219,99.68601989746094
2018-09-28,108.21499633789062,100.27909851074219
2018-10-01,108.58000183105469,100.61734771728516
2018-10-02,108.5,100.54320526123047
2018-10-03,108.81500244140625,100.83506774902344
2018-10-04,108.33000183105469,100.38565826416016
2018-10-05,107.55000305175781,99.66284942626953
2018-10-08,107.70500183105469,99.80648040771484
2018-10-09,106.2750015258789,98.4813461303711
2018-10-10,102.87999725341797,95.3353271484375
2018-10-11,100.08499908447266,92.74529266357422
2018-10-12,100.51000213623047,93.13912963867188
2018-10-15,101.94000244140625,94.4642562866211
2018-10-16,104.19000244140625,96.54925537109375
2018-10-17,103.20500183105469,95.63648986816406
2018-10-18,101.52999877929688,94.08433532714844
2018-10-19,100.9749984741211,93.57001495361328
2018-10-22,100.86000061035156,93.46344757080078
2018-10-23,100.16500091552734,92.81942749023438
2018-10-24,96.73500061035156,89.64098358154297
2018-10-25,96.58999633789062,89.50658416748047
2018-10-26,96.05000305175781,89.00619506835938
2018-10-29,92.41500091552734,85.63778686523438
2018-10-30,94.53500366210938,87.60227966308594
2018-10-31,95.86000061035156,88.83013153076172
2018-11-01,98.13500213623047,90.93830871582031
2018-11-02,98.0199966430664,90.83173370361328
2018-11-05,98.62000274658203,91.38773345947266
2018-11-06,99.80500030517578,92.48583984375
2018-11-07,100.66999816894531,93.28741455078125
2018-11-08,100.37999725341797,93.01866149902344
2018-11-09,100.4749984741211,93.10669708251953
2018-11-12,97.75,90.58155059814453
2018-11-13,97.36499786376953,90.22478485107422
2018-11-14,96.56500244140625,89.48344421386719
2018-11-15,97.6500015258789,90.4888687133789
2018-11-16,97.26000213623047,90.12747192382812
2018-11-19,94.67500305175781,87.73202514648438
2018-11-20,93.06999969482422,86.2447280883789
2018-11-21,93.55000305175781,86.68952941894531
2018-11-23,94.19499969482422,87.28723907470703
2018-11-26,94.75499725341797,87.80615997314453
2018-11-27,93.33000183105469,86.48567199707031
2018-11-28,95.4000015258789,88.40387725830078
2018-11-29,95.55500030517578,88.54751586914062
2018-11-30,96.00499725341797,88.96450805664062
2018-12-03,96.7249984741211,89.63172912597656
2018-12-04,92.87999725341797,86.06865692138672
2018-12-06,92.40499877929688,85.62850189208984
2018-12-07,91.07499694824219,84.39604949951172
2018-12-10,92.38999938964844,85.6146011352539
2018-12-11,91.97000122070312,85.22541809082031
2018-12-12,93.05000305175781,86.22620391845703
2018-12-13,92.33999633789062,85.56827545166016
2018-12-14,91.5199966430664,84.80838775634766
2018-12-17,89.68000030517578,83.20744323730469
2018-12-18,90.24500274658203,83.731689453125
2018-12-19,88.11499786376953,81.75540924072266
2018-12-20,85.6449966430664,79.46366882324219
2018-12-21,83.50499725341797,77.47811889648438
2018-12-24,81.01499938964844,75.16783905029297
2018-12-26,84.05500030517578,77.98841857910156
2018-12-27,85.32499694824219,79.1667709350586
2018-12-28,85.42500305175781,79.25957489013672
2018-12-31,86.43000030517578,80.1920166015625
2019-01-02,86.7750015258789,80.51210021972656
2019-01-03,84.16999816894531,78.09510803222656
2019-01-04,86.91999816894531,80.64662170410156
2019-01-07,87.63999938964844,81.31468963623047
2019-01-08,89.07499694824219,82.6461181640625
2019-01-09,89.54000091552734,83.07754516601562
2019-01-10,90.7249984741211,84.17703247070312
2019-01-11,90.9000015258789,84.3393783569336
2019-01-14,90.86000061035156,84.30229187011719
2019-01-15,91.05000305175781,84.47856140136719
2019-01-16,90.86499786376953,84.30693054199219
2019-01-17,92.26000213623047,85.60121154785156
2019-01-18,93.68000030517578,86.9187240600586
2019-01-22,91.46499633789062,84.86360931396484
2019-01-23,92.63500213623047,85.94921112060547
2019-01-24,93.47000122070312,86.7238998413086
2019-01-25,94.30999755859375,87.50328826904297
2019-01-28,94.19999694824219,87.40121459960938
2019-01-29,96.01000213623047,89.08059692382812
2019-01-30,97.34500122070312,90.3192367553711
2019-01-31,97.25,90.2310791015625
2019-02-01,97.4000015258789,90.37026977539062
2019-02-04,99.43000030517578,92.25376892089844
2019-02-05,100.5,93.24649810791016
2019-02-06,100.59500122070312,93.33468627929688
2019-02-07,100.0999984741211,92.8753890991211
2019-02-08,100.38999938964844,93.14447021484375
2019-02-11,100.80000305175781,93.5248794555664
2019-02-12,101.99500274658203,94.63363647460938
2019-02-13,102.1050033569336,94.73567199707031
2019-02-14,101.9800033569336,94.61970520019531
2019-02-15,104.0999984741211,96.5866928100586
2019-02-19,104.0250015258789,96.51710510253906
2019-02-20,104.55500030517578,97.00885772705078
2019-02-21,103.70500183105469,96.22021484375
2019-02-22,104.7249984741211,97.1666030883789
2019-02-25,104.72000122070312,97.16195678710938
2019-02-26,104.0199966430664,96.51246643066406
2019-02-27,104.2750015258789,96.74906158447266
2019-02-28,104.55999755859375,97.01348114013672
2019-03-01,104.66000366210938,97.10629272460938
2019-03-04,102.98999786376953,95.55681610107422
2019-03-05,102.44999694824219,95.0557632446289
2019-03-06,101.48999786376953,94.16507720947266
2019-03-07,100.74500274658203,93.47383880615234
2019-03-08,100.48999786376953,93.23726654052734
2019-03-11,100.18499755859375,92.95426177978516
2019-03-12,99.16500091552734,92.00786590576172
2019-03-13,99.81999969482422,92.61559295654297
2019-03-14,99.12000274658203,91.96614074707031
2019-03-15,98.95999908447266,91.81768798828125
2019-03-18,99.63999938964844,92.44857025146484
2019-03-19,99.44499969482422,92.2676773071289
2019-03-20,98.77999877929688,91.92057800292969
2019-03-21,99.53500366210938,92.62316131591797
2019-03-22,97.13999938964844,90.39445495605469
2019-03-25,97.83999633789062,91.04584503173828
2019-03-26,97.9749984741211,91.17147827148438
2019-03-27,98.01000213623047,91.20404052734375
2019-03-28,98.69499969482422,91.84147644042969
2019-03-29,99.79000091552734,92.8604507446289
2019-04-01,102.04000091552734,94.95421600341797
2019-04-02,101.3949966430664,94.3539810180664
2019-04-03,100.18000030517578,93.22338104248047
2019-04-04,101.58999633789062,94.53543853759766
2019-04-05,102.16500091552734,95.07051849365234
2019-04-08,101.19000244140625,94.1632080078125
2019-04-09,99.93499755859375,92.99536895751953
2019-04-10,99.625,92.70689392089844
2019-04-11,100.93000030517578,93.9212875366211
2019-04-12,102.5199966430664,95.40084838867188
2019-04-15,101.69499969482422,94.6331558227539
2019-04-16,102.45999908447266,95.34503173828125
2019-04-17,101.9749984741211,94.89370727539062
2019-04-18,102.83000183105469,95.6893310546875
2019-04-22,102.5199966430664,95.40084838867188
2019-04-23,104.51499938964844,97.25728607177734
2019-04-24,104.1050033569336,96.87580108642578
2019-04-25,104.03500366210938,96.81066131591797
2019-04-26,104.46499633789062,97.21078491210938
2019-04-29,104.62000274658203,97.35504150390625
2019-04-30,104.80999755859375,97.53182983398438
2019-05-01,105.05000305175781,97.75518798828125
2019-05-02,104.5199966430664,97.2619857788086
2019-05-03,105.5999984741211,98.2669677734375
2019-05-06,105.24500274658203,97.9366455078125
2019-05-07,102.70500183105469,95.572998046875
2019-05-08,103.58499908447266,96.39189910888672
2019-05-09,103.63500213623047,96.43842315673828
2019-05-10,103.98500061035156,96.76411437988281
2019-05-13,100.96499633789062,93.9538345336914
2019-05-14,101.99500274658203,94.9123306274414
2019-05-15,102.1050033569336,95.01468658447266
2019-05-16,103.6449966430664,96.4477310180664
2019-05-17,102.8499984741211,95.70794677734375
2019-05-20,102.88999938964844,95.74515533447266
2019-05-21,104.5250015258789,97.26663970947266
2019-05-22,103.95500183105469,96.7362289428711
2019-05-23,102.26000213623047,95.15892028808594
2019-05-24,102.75,95.61488342285156
2019-05-28,102.3550033569336,95.247314453125
2019-05-29,102.11499786376953,95.02395629882812
2019-05-30,102.19499969482422,95.09843444824219
2019-05-31,100.97000122070312,93.95850372314453
2019-06-03,101.51000213623047,94.46099853515625
2019-06-04,103.59500122070312,96.40121459960938
2019-06-05,105.07499694824219,97.77840423583984
2019-06-06,105.36000061035156,98.04363250732422
2019-06-07,105.9800033569336,98.62059020996094
2019-06-10,105.33000183105469,98.0157470703125
2019-06-11,102.8949966430664,95.74980163574219
2019-06-12,103.20999908447266,96.04293823242188
2019-06-13,104.1050033569336,96.87580108642578
2019-06-14,103.625,96.42912292480469
2019-06-17,103.45999908447266,96.5616683959961
2019-06-18,105.87999725341797,98.82028198242188
2019-06-19,106.0250015258789,98.95564270019531
2019-06-20,107.95500183105469,100.75694274902344
2019-06-21,107.26499938964844,100.11294555664062
2019-06-24,107.59500122070312,100.42094421386719
2019-06-25,106.76000213623047,99.64163208007812
2019-06-26,106.7300033569336,99.6136245727539
2019-06-27,106.18000030517578,99.10029602050781
2019-06-28,107.1050033569336,99.96363067626953
2019-07-01,106.1449966430664,99.067626953125
2019-07-02,106.83999633789062,99.7162857055664
2019-07-03,107.23500061035156,100.0849380493164
2019-07-05,107.27999877929688,100.12694549560547
2019-07-08,106.21499633789062,99.13296508789062
2019-07-09,106.76000213623047,99.64163208007812
2019-07-10,106.69999694824219,99.58562469482422
2019-07-11,107.5250015258789,100.35562133789062
2019-07-12,108.9000015258789,101.63892364501953
2019-07-15,108.16999816894531,100.95762634277344
2019-07-16,108.41000366210938,101.18158721923828
2019-07-17,107.51499938964844,100.34628295898438
2019-07-18,106.95500183105469,99.82362365722656
2019-07-19,108.4800033569336,101.24695587158203
2019-07-22,108.41500091552734,101.186279296875
2019-07-23,109.11000061035156,101.83492279052734
2019-07-24,109.49500274658203,102.19425964355469
2019-07-25,109.26499938964844,101.9795913696289
2019-07-26,108.71499633789062,101.46624755859375
2019-07-29,108.19499969482422,100.9809341430664
2019-07-30,108.36499786376953,101.13960266113281
2019-07-31,107.63999938964844,100.46294403076172
2019-08-01,106.05500030517578,98.98362731933594
2019-08-02,105.66000366210938,98.6149673461914
2019-08-05,103.27999877929688,96.3936538696289
2019-08-06,105.91500091552734,98.85296630859375
2019-08-07,106.4800033569336,99.38027954101562
2019-08-08,108.83499908447266,101.57826232910156
2019-08-09,108.18000030517578,100.96694946289062
2019-08-12,106.67500305175781,99.5622787475586
2019-08-13,107.11499786376953,99.97297668457031
2019-08-14,104.29000091552734,97.3363265991211
2019-08-15,105.30000305175781,98.27896118164062
2019-08-16,106.48999786376953,99.38960266113281
2019-08-19,107.66000366210938,100.48159790039062
2019-08-20,107.66500091552734,100.48625946044922
2019-08-21,108.55999755859375,101.32160949707031
2019-08-22,109.79000091552734,102.4696044921875
2019-08-23,107.67500305175781,100.49561309814453
2019-08-26,108.81500244140625,101.55960083007812
2019-08-27,107.93000030517578,100.73361206054688
2019-08-28,109.15499877929688,101.8769302368164
2019-08-29,110.61000061035156,103.23492431640625
2019-08-30,110.90499877929688,103.51026153564453
2019-09-03,109.72000122070312,102.40425872802734
2019-09-04,110.79499816894531,103.40758514404297
2019-09-05,111.61499786376953,104.17292022705078
2019-09-06,112.1500015258789,104.67223358154297
2019-09-09,110.7300033569336,103.346923828125
2019-09-10,111.38500213623047,103.958251953125
2019-09-11,112.8499984741211,105.32557678222656
2019-09-12,113.25,105.69886779785156
2019-09-13,113.76000213623047,106.17491912841797
2019-09-16,114.93499755859375,107.27156829833984
2019-09-17,115.27999877929688,107.59355926513672
2019-09-18,115.55999755859375,107.85486602783203
2019-09-19,115.01499938964844,107.34619903564453
2019-09-20,113.46499633789062,105.89955139160156
2019-09-23,113.25,105.69886779785156
2019-09-24,112.93000030517578,105.67314910888672
2019-09-25,113.875,106.55745697021484
2019-09-26,113.87000274658203,106.5527572631836
2019-09-27,112.54499816894531,105.31288146972656
2019-09-30,112.3499984741211,105.13042449951172
2019-10-01,109.88500213623047,102.82384490966797
2019-10-02,108.19999694824219,101.24710845947266
2019-10-03,108.95999908447266,101.95826721191406
2019-10-04,110.15499877929688,103.07648468017578
2019-10-07,109.98500061035156,102.91741180419922
2019-10-08,109.11000061035156,102.0986328125
2019-10-09,109.9000015258789,102.8378677368164
2019-10-10,110.37000274658203,103.27765655517578
2019-10-11,111.20999908447266,104.06368255615234
2019-10-14,111.11499786376953,103.97477722167969
2019-10-15,111.2699966430664,104.11984252929688
2019-10-16,111.43499755859375,104.27423095703125
2019-10-17,110.77999877929688,103.66131591796875
2019-10-18,107.95999908447266,101.02252197265625
2019-10-21,107.33999633789062,100.44239044189453
2019-10-22,108.19000244140625,101.23775482177734
2019-10-23,108.45999908447266,101.49039459228516
2019-10-24,110.1050033569336,103.02969360351562
2019-10-25,109.16000366210938,102.14542388916016
2019-10-28,109.5,102.46357727050781
2019-10-29,110.0250015258789,102.95482635498047
2019-10-30,110.70999908447266,103.59584045410156
2019-10-31,110.05000305175781,102.97822570800781
2019-11-01,111.80000305175781,104.61579132080078
2019-11-04,111.54000091552734,104.37248992919922
2019-11-05,112.28500366210938,105.06961059570312
2019-11-06,112.62999725341797,105.39244842529297
2019-11-07,113.30999755859375,106.02873992919922
2019-11-08,113.48999786376953,106.19715881347656
2019-11-11,114.58999633789062,107.22649383544922
2019-11-12,114.79499816894531,107.4183120727539
2019-11-13,114.95999908447266,107.57272338867188
2019-11-14,115.81500244140625,108.3727798461914
2019-11-15,116.84500122070312,109.33657836914062
2019-11-18,116.69499969482422,109.19622802734375
2019-11-19,116.2750015258789,108.80321502685547
2019-11-20,116.4000015258789,108.92017364501953
2019-11-21,115.3550033569336,107.94233703613281
2019-11-22,115.58999633789062,108.16221618652344
2019-11-25,115.83999633789062,108.39614868164062
2019-11-26,116.40499877929688,108.92484283447266
2019-11-27,116.23999786376953,108.77045440673828
2019-11-29,115.7699966430664,108.33068084716797
2019-12-02,113.2300033569336,105.95387268066406
2019-12-03,112.86000061035156,105.60765075683594
2019-12-04,113.04000091552734,105.77609252929688
2019-12-05,113.12000274658203,105.8509750366211
2019-12-06,114.33999633789062,106.99256134033203
2019-12-09,113.5250015258789,106.22994232177734
2019-12-10,113.26499938964844,105.98663330078125
2019-12-11,114.0,106.67440032958984
2019-12-12,114.05500030517578,106.72586059570312
2019-12-13,113.74500274658203,106.43580627441406
2019-12-16,112.38500213623047,105.65410614013672
2019-12-17,111.62000274658203,104.93489837646484
2019-12-18,110.92500305175781,104.28152465820312
2019-12-19,111.59500122070312,104.91141510009766
2019-12-20,112.0,105.29214477539062
2019-12-23,113.21499633789062,106.43438720703125
2019-12-24,112.55000305175781,105.80921173095703
2019-12-26,112.44999694824219,105.71520233154297
2019-12-27,112.15499877929688,105.43787384033203
2019-12-30,111.5250015258789,105.11504364013672
2019-12-31,111.04000091552734,104.6579360961914
2020-01-02,113.69000244140625,107.1556167602539
2020-01-03,114.98999786376953,108.38088989257812
2020-01-06,115.1449966430664,108.5269775390625
2020-01-07,115.66500091552734,109.01708984375
2020-01-08,114.8949966430664,108.2913589477539
2020-01-09,115.76499938964844,109.11134338378906
2020-01-10,114.28500366210938,107.71642303466797
2020-01-13,115.21499633789062,108.59294891357422
2020-01-14,115.18000030517578,108.55998229980469
2020-01-15,115.44499969482422,108.80975341796875
2020-01-16,116.76000213623047,110.0491943359375
2020-01-17,116.1050033569336,109.43182373046875
2020-01-21,115.19499969482422,108.5741195678711
2020-01-22,114.44999694824219,107.8719482421875
2020-01-23,115.62000274658203,108.97470092773438
2020-01-24,115.88999938964844,109.22918701171875
2020-01-27,115.0250015258789,108.41387939453125
2020-01-28,116.0,109.33285522460938
2020-01-29,116.05500030517578,109.38468170166016
2020-01-30,116.125,109.45067596435547
2020-01-31,113.8499984741211,107.30642700195312
2020-02-03,113.65499877929688,107.12263488769531
2020-02-04,115.55500030517578,108.9134292602539
2020-02-05,117.44499969482422,110.6948013305664
2020-02-06,118.81500244140625,111.98606872558594
2020-02-07,118.67500305175781,111.8541030883789
2020-02-10,119.42500305175781,112.5610122680664
2020-02-11,119.43000030517578,112.56572723388672
2020-02-12,119.9000015258789,113.0086898803711
2020-02-13,119.2699966430664,112.41487884521484
2020-02-14,119.04499816894531,112.20284271240234
2020-02-18,118.16500091552734,111.37340545654297
2020-02-19,117.98999786376953,111.20846557617188
2020-02-20,117.23500061035156,110.49687957763672
2020-02-21,116.92500305175781,110.2046890258789
2020-02-24,113.37999725341797,106.86343383789062
2020-02-25,107.75,101.55699920654297
2020-02-26,106.98999786376953,100.84071350097656
2020-02-27,102.81500244140625,96.9056625366211
2020-02-28,100.44499969482422,94.67188262939453
2020-03-02,103.58499908447266,97.63143157958984
2020-03-03,101.9000015258789,96.04325103759766
2020-03-04,105.58999633789062,99.52117919921875
2020-03-05,98.83499908447266,93.1544189453125
2020-03-06,97.5199966430664,91.91500091552734
2020-03-09,88.16999816894531,83.10237884521484
2020-03-10,91.65499877929688,86.38710021972656
2020-03-11,83.33999633789062,78.54998779296875
2020-03-12,74.08000183105469,69.8222427368164
2020-03-13,78.69000244140625,74.16725158691406
2020-03-16,67.08999633789062,63.23395919799805
2020-03-17,68.5250015258789,64.58649444580078
2020-03-18,61.70500183105469,58.158470153808594
2020-03-19,62.775001525878906,59.16697692871094
2020-03-20,60.375,56.904911041259766
2020-03-23,58.755001068115234,55.378028869628906
2020-03-24,65.9800033569336,62.18778610229492
2020-03-25,72.28500366210938,68.5391616821289
2020-03-26,79.52999877929688,75.4087142944336
2020-03-27,74.51499938964844,70.65360260009766
2020-03-30,73.78500366210938,69.96142578125
2020-03-31,71.92500305175781,68.19782257080078
2020-04-01,68.23500061035156,64.69902038574219
2020-04-02,67.91999816894531,64.40033721923828
2020-04-03,67.94999694824219,64.4288101196289
2020-04-06,73.43000030517578,69.62480926513672
2020-04-07,72.45999908447266,68.705078125
2020-04-08,75.4749984741211,71.56382751464844
2020-04-09,77.74500274658203,73.7162094116211
2020-04-13,75.31500244140625,71.41212463378906
2020-04-14,76.57499694824219,72.60684204101562
2020-04-15,74.9800033569336,71.09446716308594
2020-04-16,73.83499908447266,70.00882720947266
2020-04-17,78.78500366210938,74.70233154296875
2020-04-20,76.33999633789062,72.38401794433594
2020-04-21,73.7300033569336,69.90927124023438
2020-04-22,74.51499938964844,70.65360260009766
2020-04-23,74.7699966430664,70.89537048339844
2020-04-24,74.33000183105469,70.47816467285156
2020-04-27,75.52999877929688,71.61598205566406
2020-04-28,76.97000122070312,72.98137664794922
2020-04-29,79.625,75.498779296875
2020-04-30,77.87999725341797,73.84420776367188
2020-05-01,75.20500183105469,71.3078384399414
2020-05-04,73.72000122070312,69.89979553222656
2020-05-05,73.7249984741211,69.90453338623047
2020-05-06,72.21499633789062,68.47279357910156
2020-05-07,73.0250015258789,69.24081420898438
2020-05-08,75.87999725341797,71.94786071777344
2020-05-11,74.78500366210938,70.90958404541016
2020-05-12,73.02999877929688,69.24554443359375
2020-05-13,70.8499984741211,67.17851257324219
2020-05-14,70.55999755859375,66.9035415649414
2020-05-15,70.3499984741211,66.70442962646484
2020-05-18,75.69000244140625,71.76769256591797
2020-05-19,74.56999969482422,70.70574188232422
2020-05-20,75.03500366210938,71.14666748046875
2020-05-21,76.66999816894531,72.69690704345703
2020-05-22,76.50499725341797,72.54045104980469
2020-05-26,79.625,75.498779296875
2020-05-27,83.59500122070312,79.2630386352539
2020-05-28,83.25499725341797,78.940673828125
2020-05-29,82.2750015258789,78.011474609375
2020-06-01,83.13500213623047,78.826904296875
2020-06-02,83.31999969482422,79.00231170654297
2020-06-03,87.75,83.20274353027344
2020-06-04,89.18499755859375,84.5633773803711
2020-06-05,93.43499755859375,88.59313201904297
2020-06-08,96.91999816894531,91.89753723144531
2020-06-09,93.58499908447266,88.73534393310547
2020-06-10,90.54000091552734,85.84815979003906
2020-06-11,82.90499877929688,78.60881805419922
2020-06-12,85.51499938964844,81.08358001708984
2020-06-15,86.0250015258789,81.76697540283203
2020-06-16,87.66999816894531,83.3305435180664
2020-06-17,86.51499938964844,82.23273468017578
2020-06-18,86.125,81.86203002929688
2020-06-19,84.30500030517578,80.1321029663086
2020-06-22,84.86499786376953,80.66438293457031
2020-06-23,84.04499816894531,79.88496398925781
2020-06-24,80.3550033569336,76.37763214111328
2020-06-25,80.63999938964844,76.64850616455078
2020-06-26,79.0999984741211,75.18474578857422
2020-06-29,83.62000274658203,79.48103332519531
2020-06-30,82.36000061035156,78.28337860107422
2020-07-01,81.59500122070312,77.55624389648438
2020-07-02,81.79499816894531,77.746337890625
2020-07-06,83.20999908447266,79.0913314819336
2020-07-07,80.16000366210938,76.1922836303711
2020-07-08,80.32499694824219,76.34911346435547
2020-07-09,77.30999755859375,73.48334503173828
2020-07-10,79.04499816894531,75.13246154785156
2020-07-13,78.5250015258789,74.6382064819336
2020-07-14,79.80500030517578,75.85487365722656
2020-07-15,82.59500122070312,78.50675964355469
2020-07-16,81.73500061035156,77.68931579589844
2020-07-17,81.84500122070312,77.79387664794922
2020-07-20,80.87999725341797,76.87664031982422
2020-07-21,82.48500061035156,78.4021987915039
2020-07-22,83.61000061035156,79.47150421142578
2020-07-23,82.80999755859375,78.71109771728516
2020-07-24,81.62000274658203,77.58002471923828
2020-07-27,80.5250015258789,76.53919982910156
2020-07-28,80.79000091552734,76.79109954833984
2020-07-29,80.13500213623047,76.16850280761719
2020-07-30,79.26000213623047,75.33683776855469
2020-07-31,78.3499984741211,74.47185516357422
2020-08-03,79.44999694824219,75.51741027832031
2020-08-04,80.09500122070312,76.1305160522461
2020-08-05,82.875,78.77291107177734
2020-08-06,82.43000030517578,78.34992218017578
2020-08-07,82.95500183105469,78.84892272949219
2020-08-10,85.61499786376953,81.37727355957031
2020-08-11,86.06999969482422,81.80974578857422
2020-08-12,85.45999908447266,81.2299575805664
2020-08-13,84.9749984741211,80.7689437866211
2020-08-14,85.79499816894531,81.54837799072266
2020-08-17,84.27999877929688,80.10835266113281
2020-08-18,83.33999633789062,79.21485137939453
2020-08-19,83.32499694824219,79.20060729980469
2020-08-20,82.70999908447266,78.61605834960938
2020-08-21,82.05999755859375,77.99823760986328
2020-08-24,84.69499969482422,80.50281524658203
2020-08-25,84.05999755859375,79.89921569824219
2020-08-26,83.30500030517578,79.18159484863281
2020-08-27,84.03500366210938,79.87547302246094
2020-08-28,84.70500183105469,80.51231384277344
2020-08-31,83.5250015258789,79.39070892333984
2020-09-01,83.63500213623047,79.49526977539062
2020-09-02,85.23999786376953,81.02085876464844
2020-09-03,83.38500213623047,79.25762939453125
2020-09-04,83.31999969482422,79.19586181640625
2020-09-08,81.06999969482422,77.05724334716797
2020-09-09,81.20999908447266,77.19029235839844
2020-09-10,80.0199966430664,76.05919647216797
2020-09-11,81.5,77.46595001220703
2020-09-14,82.92500305175781,78.82041931152344
2020-09-15,82.33000183105469,78.2548828125
2020-09-16,83.83499908447266,79.68536376953125
2020-09-17,84.05000305175781,79.88973999023438
2020-09-18,82.7750015258789,78.6778335571289
2020-09-21,79.83499908447266,75.88334655761719
2020-09-22,80.625,76.63426208496094
2020-09-23,78.3499984741211,74.6607666015625
2020-09-24,77.625,73.96990203857422
2020-09-25,79.22000122070312,75.48980712890625
2020-09-28,80.91000366210938,77.1002426147461
2020-09-29,79.93000030517578,76.16636657714844
2020-09-30,79.20500183105469,75.47551727294922
2020-10-01,79.59500122070312,75.84716033935547
2020-10-02,80.44000244140625,76.65237426757812
2020-10-05,81.08999633789062,77.2717514038086
2020-10-06,79.59500122070312,75.84716033935547
2020-10-07,81.33999633789062,77.50997924804688
2020-10-08,82.72000122070312,78.82500457763672
2020-10-09,82.125,78.25802612304688
2020-10-12,82.41999816894531,78.53913116455078
2020-10-13,81.33999633789062,77.50997924804688
2020-10-14,81.79000091552734,77.93878936767578
2020-10-15,82.16999816894531,78.3009033203125
2020-10-16,82.77999877929688,78.8821792602539
2020-10-19,82.18000030517578,78.3104248046875
2020-10-20,81.66500091552734,77.81969451904297
2020-10-21,80.3949966430664,76.60948181152344
2020-10-22,82.00499725341797,78.14366149902344
2020-10-23,82.41999816894531,78.53913116455078
2020-10-26,80.21499633789062,76.43797302246094
2020-10-27,77.69499969482422,74.03661346435547
2020-10-28,74.7249984741211,71.20645904541016
2020-10-29,75.63999938964844,72.0783920288086
2020-10-30,75.51499938964844,71.95926666259766
2020-11-02,77.44000244140625,73.79362487792969
2020-11-03,79.90499877929688,76.14254760742188
2020-11-04,79.87000274658203,76.10921478271484
2020-11-05,80.79499816894531,76.99063110351562
2020-11-06,80.73500061035156,76.93348693847656
2020-11-09,86.34500122070312,82.27933502197266
2020-11-10,89.2249984741211,85.0237045288086
2020-11-11,87.62999725341797,83.50382232666016
2020-11-12,86.53500366210938,82.46038055419922
2020-11-13,89.37000274658203,85.1618881225586
2020-11-16,91.9000015258789,87.57276153564453
2020-11-17,92.57499694824219,88.21598052978516
2020-11-18,92.30000305175781,87.95392608642578
2020-11-19,92.75499725341797,88.38749694824219
2020-11-20,91.06500244140625,86.77706909179688
2020-11-23,93.46499633789062,89.06407165527344
2020-11-24,95.77999877929688,91.27005004882812
2020-11-25,95.18499755859375,90.7031021118164
2020-11-27,94.66500091552734,90.20756530761719
2020-11-30,92.40499877929688,88.05398559570312
2020-12-01,93.08999633789062,88.70671081542969
2020-12-02,93.9749984741211,89.55006408691406
2020-12-03,95.54000091552734,91.0413818359375
2020-12-04,96.5999984741211,92.05144500732422
2020-12-07,96.48999786376953,91.9466323852539
2020-12-08,96.94000244140625,92.37544250488281
2020-12-09,96.41999816894531,91.87992095947266
2020-12-10,96.13999938964844,91.61310577392578
2020-12-11,96.2300033569336,91.6988754272461
2020-12-14,94.61000061035156,90.3457260131836
2020-12-15,95.44999694824219,91.14788818359375
2020-12-16,94.30000305175781,90.04972076416016
2020-12-17,93.83999633789062,89.61044311523438
2020-12-18,94.19999694824219,89.95423889160156
2020-12-21,93.48999786376953,89.27621459960938
2020-12-22,93.19000244140625,88.98974609375
2020-12-23,94.80999755859375,90.5367202758789
2020-12-24,94.19000244140625,89.94467163085938
2020-12-28,94.33999633789062,90.08790588378906
2020-12-29,93.87999725341797,89.64862823486328
2020-12-30,94.76000213623047,90.48898315429688
2020-12-31,94.72000122070312,90.45079040527344
2021-01-04,90.81999969482422,86.72657012939453
2021-01-05,92.88999938964844,88.70326232910156
2021-01-06,93.83999633789062,89.61044311523438
2021-01-07,93.66000366210938,89.43856048583984
2021-01-08,93.31999969482422,89.11387634277344
2021-01-11,93.37000274658203,89.16162872314453
2021-01-12,94.95999908447266,90.67996978759766
2021-01-13,94.62000274658203,90.35527801513672
2021-01-14,96.25,91.91180419921875
2021-01-15,94.30000305175781,90.04972076416016
2021-01-19,95.25,90.95690155029297
2021-01-20,95.33000183105469,91.03328704833984
2021-01-21,93.87000274658203,89.63908386230469
2021-01-22,93.94999694824219,89.71549987792969
2021-01-25,93.30000305175781,89.09477996826172
2021-01-26,92.2300033569336,88.0730209350586
2021-01-27,89.94999694824219,85.89576721191406
2021-01-28,90.80999755859375,86.7170181274414
2021-01-29,89.08000183105469,85.06497955322266
2021-02-01,90.61000061035156,86.52603912353516
2021-02-02,93.12000274658203,88.92291259765625
2021-02-03,94.5,90.24069213867188
2021-02-04,96.36000061035156,92.01686096191406
2021-02-05,95.98999786376953,91.66352844238281
2021-02-08,97.4000015258789,93.00999450683594
2021-02-09,98.2300033569336,93.80257415771484
2021-02-10,97.62000274658203,93.22007751464844
2021-02-11,98.19000244140625,93.7643814086914
2021-02-12,97.91000366210938,93.49700164794922
2021-02-16,97.6500015258789,93.24871063232422
2021-02-17,98.0999984741211,93.67843627929688
2021-02-18,96.80000305175781,92.4370346069336
2021-02-19,99.01000213623047,94.54743957519531
2021-02-22,97.98999786376953,93.57339477539062
2021-02-23,98.08999633789062,93.66889953613281
2021-02-24,101.2699966430664,96.70555114746094
2021-02-25,97.37999725341797,92.99091339111328
2021-02-26,95.61000061035156,91.3006820678711
2021-03-01,98.80999755859375,94.35645294189453
2021-03-02,98.45999908447266,94.02220153808594
2021-03-03,98.77999877929688,94.32779693603516
2021-03-04,96.91999816894531,92.5516128540039
2021-03-05,98.05000305175781,93.63068389892578
2021-03-08,98.4000015258789,93.96492767333984
2021-03-09,98.56999969482422,94.12724304199219
2021-03-10,101.2699966430664,96.70555114746094
2021-03-11,102.70999908447266,98.08065795898438
2021-03-12,105.55999755859375,100.80218505859375
2021-03-15,106.05999755859375,101.2796630859375
2021-03-16,103.87999725341797,99.19792938232422
2021-03-17,105.80999755859375,101.04092407226562
2021-03-18,104.13999938964844,99.44620513916016
2021-03-19,103.97000122070312,99.28387451171875
2021-03-22,103.12000274658203,98.4721908569336
2021-03-23,100.37000274658203,95.84611511230469
2021-03-24,100.25,95.73153686523438
2021-03-25,102.27999877929688,97.97789764404297
2021-03-26,102.63999938964844,98.32274627685547
2021-03-29,103.18000030517578,98.84004211425781
2021-03-30,103.83999633789062,99.4722671508789
2021-03-31,104.11000061035156,99.73089599609375
2021-04-01,104.44000244140625,100.04705810546875
2021-04-05,106.05000305175781,101.5893325805664
2021-04-06,105.48999786376953,101.05288696289062
2021-04-07,104.98999786376953,100.57389831542969
2021-04-08,105.80000305175781,101.34984588623047
2021-04-09,105.79000091552734,101.34024810791016
2021-04-12,106.05999755859375,101.59890747070312
2021-04-13,105.70999908447266,101.26362609863281
2021-04-14,106.0999984741211,101.63722229003906
2021-04-15,105.91000366210938,101.45521545410156
2021-04-16,105.9800033569336,101.52227020263672
2021-04-19,105.26000213623047,100.83255767822266
2021-04-20,103.18000030517578,98.84004211425781
2021-04-21,104.55999755859375,100.1619873046875
2021-04-22,104.19000244140625,99.80757141113281
2021-04-23,105.4800033569336,101.04327392578125
2021-04-26,105.98999786376953,101.53184509277344
2021-04-27,106.4800033569336,102.0012435913086
2021-04-28,105.9800033569336,101.52227020263672
2021-04-29,106.69000244140625,102.20240020751953
2021-04-30,106.44000244140625,101.96292114257812
2021-05-03,106.94999694824219,102.45148468017578
2021-05-04,106.30999755859375,101.8384017944336
2021-05-05,105.25,100.82295227050781
2021-05-06,105.9800033569336,101.52227020263672
2021-05-07,107.62000274658203,103.09329223632812
2021-05-10,106.55999755859375,102.07787322998047
2021-05-11,105.36000061035156,100.92833709716797
2021-05-12,102.23999786376953,97.9395751953125
2021-05-13,103.8499984741211,99.48185729980469
2021-05-14,105.97000122070312,101.51268005371094
2021-05-17,106.0,101.54143524169922
2021-05-18,104.6500015258789,100.24820709228516
2021-05-19,104.1500015258789,99.76925659179688
2021-05-20,105.19000244140625,100.7654800415039
2021-05-21,106.08000183105469,101.6180648803711
2021-05-24,107.20999908447266,102.70053100585938
2021-05-25,107.0999984741211,102.59513854980469
2021-05-26,107.62999725341797,103.10285186767578
2021-05-27,110.58999633789062,105.93833923339844
2021-05-28,110.30000305175781,105.6605453491211
2021-06-01,111.44000244140625,106.75260925292969
2021-06-02,111.5199966430664,106.82923126220703
2021-06-03,110.9800033569336,106.31195831298828
2021-06-04,111.9000015258789,107.19326782226562
2021-06-07,112.16999816894531,107.45191192626953
2021-06-08,112.9000015258789,108.15119171142578
2021-06-09,111.48999786376953,106.8005142211914
2021-06-10,111.12999725341797,106.63642120361328
2021-06-11,111.58999633789062,107.07782745361328
2021-06-14,111.23999786376953,106.7419662475586
2021-06-15,111.81999969482422,107.29851531982422
2021-06-16,110.75,106.27176666259766
2021-06-17,109.3499984741211,104.92839050292969
2021-06-18,108.19999694824219,103.82489776611328
2021-06-21,110.81999969482422,106.33897399902344
2021-06-22,110.55000305175781,106.07987213134766
2021-06-23,110.2300033569336,105.7728271484375
2021-06-24,111.37000274658203,106.86671447753906
2021-06-25,112.01000213623047,107.48082733154297
2021-06-28,109.97000122070312,105.52332305908203
2021-06-29,108.52999877929688,104.14154815673828
2021-06-30,109.52999877929688,105.10112762451172
2021-07-01,110.06999969482422,105.6192626953125
2021-07-02,109.9800033569336,105.53289794921875
2021-07-06,109.12000274658203,104.70770263671875
2021-07-07,109.0199966430664,104.61174011230469
2021-07-08,108.97000122070312,104.56377410888672
2021-07-09,110.33000183105469,105.86876678466797
2021-07-12,109.44000244140625,105.01475524902344
2021-07-13,107.72000122070312,103.36429595947266
2021-07-14,106.62999725341797,102.31837463378906
2021-07-15,106.11000061035156,101.81939697265625
2021-07-16,104.94000244140625,100.69669342041016
2021-07-19,101.70999908447266,97.5973129272461
2021-07-20,105.83000183105469,101.55072784423828
2021-07-21,107.55999755859375,103.21077728271484
2021-07-22,106.69000244140625,102.37594604492188
2021-07-23,107.0199966430664,102.6926040649414
2021-07-26,107.54000091552734,103.19159698486328
2021-07-27,107.77999877929688,103.42186737060547
2021-07-28,108.86000061035156,104.45819854736328
2021-07-29,109.20999908447266,104.79402923583984
2021-07-30,107.97000122070312,103.60420227050781
2021-08-02,107.6500015258789,103.29713439941406
2021-08-03,108.55999755859375,104.17033386230469
2021-08-04,106.30000305175781,102.00171661376953
2021-08-05,107.51000213623047,103.16278076171875
2021-08-06,108.44000244140625,104.05518341064453
2021-08-09,107.94000244140625,103.5754165649414
2021-08-10,108.61000061035156,104.21830749511719
2021-08-11,109.6500015258789,105.21625518798828
2021-08-12,108.83999633789062,104.43901824951172
2021-08-13,107.69999694824219,103.3451156616211
2021-08-16,107.2699966430664,102.93248748779297
2021-08-17,106.1500015258789,101.85778045654297
2021-08-18,105.08999633789062,100.84065246582031
2021-08-19,103.18000030517578,99.00788879394531
2021-08-20,104.0999984741211,99.89067077636719
2021-08-23,105.51000213623047,101.24366760253906
2021-08-24,106.16999816894531,101.8769760131836
2021-08-25,106.4000015258789,102.09769439697266
2021-08-26,105.31999969482422,101.06134033203125
2021-08-27,106.68000030517578,102.36637878417969
2021-08-30,105.77999877929688,101.50275421142578
2021-08-31,105.9800033569336,101.69466400146484
2021-09-01,105.45999908447266,101.19569396972656
2021-09-02,106.16999816894531,101.8769760131836
2021-09-03,105.12000274658203,100.86942291259766
2021-09-07,103.80999755859375,99.61241149902344
2021-09-08,103.38999938964844,99.20938110351562
2021-09-09,103.83000183105469,99.63160705566406
2021-09-10,102.75,98.59526062011719
2021-09-13,103.55999755859375,99.37252044677734
2021-09-14,102.44000244140625,98.29778289794922
2021-09-15,103.62000274658203,99.43009185791016
2021-09-16,102.52999877929688,98.38414001464844
2021-09-17,102.4000015258789,98.25941467285156
2021-09-20,101.79000091552734,97.67407989501953
2021-09-21,100.95999908447266,96.87765502929688
2021-09-22,103.3499984741211,99.1709976196289
2021-09-23,105.0999984741211,100.85025024414062
2021-09-24,105.30999755859375,101.22608947753906
2021-09-27,106.48999786376953,102.36031341552734
2021-09-28,105.08999633789062,101.01459503173828
2021-09-29,105.72000122070312,101.62017059326172
2021-09-30,104.23999786376953,100.19756317138672
2021-10-01,106.19999694824219,102.0815658569336
2021-10-04,105.54000091552734,101.44717407226562
2021-10-05,106.13999938964844,102.02389526367188
2021-10-06,106.69000244140625,102.55255889892578
2021-10-07,107.86000061035156,103.67718505859375
2021-10-08,107.77999877929688,103.60029602050781
2021-10-11,107.72000122070312,103.5426254272461
2021-10-12,107.61000061035156,103.4368896484375
2021-10-13,107.33000183105469,103.16773986816406
2021-10-14,107.38999938964844,103.22540283203125
2021-10-15,107.94999694824219,103.76371002197266
2021-10-18,107.69999694824219,103.52339172363281
2021-10-19,108.18000030517578,103.98478698730469
2021-10-20,108.37999725341797,104.17703247070312
2021-10-21,108.45999908447266,104.2539291381836
2021-10-22,108.41000366210938,104.20585632324219
2021-10-25,108.12999725341797,103.93672180175781
2021-10-26,105.70999908447266,101.61054992675781
2021-10-27,104.5199966430664,100.46670532226562
2021-10-28,104.37000274658203,100.32254028320312
2021-10-29,104.5,100.44750213623047
2021-11-01,105.36000061035156,101.2741470336914
2021-11-02,104.62000274658203,100.5628433227539
2021-11-03,105.45999908447266,101.3702621459961
2021-11-04,105.26000213623047,101.17802429199219
2021-11-05,108.95999908447266,104.73453521728516
2021-11-08,108.5,104.29237365722656
2021-11-09,108.62999725341797,104.4173355102539
2021-11-10,107.55999755859375,103.38883209228516
2021-11-11,106.69000244140625,102.55255889892578
2021-11-12,106.86000061035156,102.71597290039062
2021-11-15,108.3499984741211,104.14818572998047
2021-11-16,106.93000030517578,102.78326416015625
2021-11-17,106.70999908447266,102.57179260253906
2021-11-18,106.52999877929688,102.39876556396484
2021-11-19,104.18000030517578,100.139892578125
2021-11-22,104.55000305175781,100.49555969238281
2021-11-23,104.4800033569336,100.42826080322266
2021-11-24,104.5199966430664,100.46670532226562
2021-11-26,99.87999725341797,96.00665283203125
2021-11-29,100.01000213623047,96.1316146850586
2021-11-30,98.0999984741211,94.29569244384766
2021-12-01,95.52999877929688,91.82536315917969
2021-12-02,99.0999984741211,95.25690460205078
2021-12-03,98.36000061035156,94.54560852050781
2021-12-06,100.93000030517578,97.01594543457031
2021-12-07,101.7300033569336,97.784912109375
2021-12-08,102.86000061035156,98.87107849121094
2021-12-09,102.05999755859375,98.10211944580078
2021-12-10,101.86000061035156,97.90987396240234
2021-12-13,99.87000274658203,96.14619445800781
2021-12-14,99.18000030517578,95.48190307617188
2021-12-15,99.70999908447266,95.99214172363281
2021-12-16,98.4800033569336,94.80801391601562
2021-12-17,98.5,94.82726287841797
2021-12-20,97.04000091552734,93.42169952392578
2021-12-21,100.72000122070312,96.9644775390625
2021-12-22,101.20999908447266,97.43620300292969
2021-12-23,102.31999969482422,98.50481414794922
2021-12-27,102.63999938964844,98.81288146972656
2021-12-28,103.26000213623047,99.4097900390625
2021-12-29,102.81999969482422,98.98617553710938
2021-12-30,102.72000122070312,98.88993835449219
2021-12-31,102.77999877929688,98.9476547241211
2022-01-03,103.75,99.88152313232422
2022-01-04,106.26000213623047,102.29792022705078
2022-01-05,105.19000244140625,101.26781463623047
2022-01-06,105.54000091552734,101.60477447509766
2022-01-07,106.41000366210938,102.44233703613281
2022-01-10,105.41999816894531,101.4892349243164
2022-01-11,106.63999938964844,102.66373443603516
2022-01-12,106.68000030517578,102.70226287841797
2022-01-13,107.19000244140625,103.19325256347656
2022-01-14,108.08000183105469,104.05005645751953
2022-01-18,106.69000244140625,102.71188354492188
2022-01-19,105.30000305175781,101.37371826171875
2022-01-20,104.20999908447266,100.32434844970703
2022-01-21,102.22000122070312,98.40855407714844
2022-01-24,102.91999816894531,99.08247375488281
2022-01-25,102.62000274658203,98.79364013671875
2022-01-26,100.7699966430664,97.01260375976562
2022-01-27,98.81999969482422,95.13532257080078
2022-01-28,99.69000244140625,95.97289276123047
2022-01-31,101.12999725341797,97.35920715332031
2022-02-01,102.33999633789062,98.52408599853516
2022-02-02,102.95999908447266,99.12095642089844
2022-02-03,102.30000305175781,98.4855728149414
2022-02-04,102.41999816894531,98.60108947753906
2022-02-07,103.76000213623047,99.89114379882812
2022-02-08,105.05000305175781,101.1330337524414
2022-02-09,106.31999969482422,102.3556900024414
2022-02-10,105.55000305175781,101.61439514160156
2022-02-11,105.18000030517578,101.25819396972656
2022-02-14,104.08999633789062,100.20882415771484
2022-02-15,105.9000015258789,101.95133972167969
2022-02-16,106.97000122070312,102.9814453125
2022-02-17,105.58999633789062,101.65287780761719
2022-02-18,104.30000305175781,100.41100311279297
2022-02-22,102.86000061035156,99.0246810913086
2022-02-23,101.69000244140625,97.8983154296875
2022-02-24,104.48999786376953,100.59390258789062
2022-02-25,107.62999725341797,103.61683654785156
2022-02-28,111.9000015258789,107.72761535644531
2022-03-01,110.70999908447266,106.58199310302734
2022-03-02,111.54000091552734,107.38102722167969
2022-03-03,109.8499984741211,105.75405883789062
2022-03-04,109.33000183105469,105.25345611572266
2022-03-07,107.11000061035156,103.11621856689453
2022-03-08,105.05000305175781,101.1330337524414
2022-03-09,107.5199966430664,103.51094055175781
2022-03-10,107.41999816894531,103.41465759277344
2022-03-11,105.83999633789062,101.8935775756836
2022-03-14,105.3499984741211,101.42185974121094
2022-03-15,107.13999938964844,103.14510345458984
2022-03-16,106.9000015258789,102.91407012939453
2022-03-17,108.55999755859375,104.51217651367188
2022-03-18,109.19999694824219,105.12828063964844
2022-03-21,110.5999984741211,106.47608184814453
2022-03-22,111.93000030517578,107.75650787353516
2022-03-23,111.48999786376953,107.3329086303711
2022-03-24,112.55999755859375,108.51875305175781
2022-03-25,112.94999694824219,108.8947525024414
2022-03-28,111.43000030517578,107.4293212890625
2022-03-29,112.0199966430664,107.99812316894531
2022-03-30,112.23999786376953,108.21023559570312
2022-03-31,110.79000091552734,106.81229400634766
2022-04-01,111.63999938964844,107.63179016113281
2022-04-04,111.33000183105469,107.33291625976562
2022-04-05,110.01000213623047,106.060302734375
2022-04-06,109.58999633789062,105.65538787841797
2022-04-07,111.16999816894531,107.17865753173828
2022-04-08,109.66000366210938,105.72288513183594
2022-04-11,110.04000091552734,106.0892333984375
2022-04-12,110.66000366210938,106.68695831298828
2022-04-13,111.62000274658203,107.61248779296875
2022-04-14,111.91999816894531,107.90174102783203
2022-04-18,111.68000030517578,107.67035675048828
2022-04-19,112.6500015258789,108.60551452636719
2022-04-20,112.58000183105469,108.53802490234375
2022-04-21,109.25,105.32759094238281
2022-04-22,108.30999755859375,104.42133331298828
2022-04-25,107.63999938964844,103.775390625
2022-04-26,106.16000366210938,102.3485336303711
2022-04-27,105.30000305175781,101.5194091796875
2022-04-28,105.87000274658203,102.06893920898438
2022-04-29,102.86000061035156,99.1669921875
2022-05-02,102.91000366210938,99.21521759033203
2022-05-03,103.7300033569336,100.00577545166016
2022-05-04,106.45999908447266,102.63776397705078
2022-05-05,103.88999938964844,100.1600341796875
2022-05-06,103.19999694824219,99.49480438232422
2022-05-09,98.62000274658203,95.07925415039062
2022-05-10,98.80000305175781,95.25276947021484
2022-05-11,97.72000122070312,94.21156311035156
2022-05-12,97.08000183105469,93.59453582763672
2022-05-13,98.72000122070312,95.17565155029297
2022-05-16,98.55999755859375,95.02141571044922
2022-05-17,100.88999938964844,97.26773071289062
2022-05-18,98.36000061035156,94.82858276367188
2022-05-19,97.16999816894531,93.6812973022461
2022-05-20,96.2699966430664,92.8135986328125
2022-05-23,98.11000061035156,94.5875473022461
2022-05-24,98.83999633789062,95.29132843017578
2022-05-25,99.68000030517578,96.10118865966797
2022-05-26,101.30000305175781,97.66300201416016
2022-05-27,103.41999816894531,99.7069091796875
2022-05-31,102.18000030517578,98.51143646240234
2022-06-01,102.05999755859375,98.3957290649414
2022-06-02,104.08000183105469,100.34320831298828
2022-06-03,104.0199966430664,100.28534698486328
2022-06-06,104.44999694824219,100.69991302490234
2022-06-07,106.91999816894531,103.08123779296875
2022-06-08,104.93000030517578,101.16268920898438
2022-06-09,102.44000244140625,99.0244369506836
2022-06-10,100.2300033569336,96.88813018798828
2022-06-13,96.4800033569336,93.26315307617188
2022-06-14,95.61000061035156,92.42217254638672
2022-06-15,96.94000244140625,93.70782470703125
2022-06-16,93.66000366210938,90.53718566894531
2022-06-17,93.98999786376953,90.8561782836914
2022-06-21,96.55999755859375,93.34048461914062
2022-06-22,96.1500015258789,92.94416046142578
2022-06-23,95.38999938964844,92.20948791503906
2022-06-24,98.43000030517578,95.14813995361328
2022-06-27,98.62000274658203,95.3318099975586
2022-06-28,97.97000122070312,94.70347595214844
2022-06-29,97.4000015258789,94.15247344970703
2022-06-30,99.16999816894531,95.86346435546875
2022-07-01,100.25,96.90745544433594
2022-07-05,97.1500015258789,93.91082763671875
2022-07-06,98.4000015258789,95.11914825439453
2022-07-07,99.23999786376953,95.9311294555664
2022-07-08,99.31999969482422,96.00848388671875
2022-07-11,98.5,95.21581268310547
2022-07-12,98.6500015258789,95.36079406738281
2022-07-13,97.1500015258789,93.91082763671875
2022-07-14,96.0999984741211,92.89582061767578
2022-07-15,96.94000244140625,93.70782470703125
2022-07-18,95.75,92.55751037597656
2022-07-19,99.19999694824219,95.89246368408203
2022-07-20,100.48999786376953,97.13945770263672
2022-07-21,100.76000213623047,97.40044403076172
2022-07-22,99.98999786376953,96.65611267089844
2022-07-25,100.37999725341797,97.0331039428711
2022-07-26,98.9000015258789,95.60247039794922
2022-07-27,99.62000274658203,96.2984619140625
2022-07-28,101.75,98.35743713378906
2022-07-29,103.80000305175781,100.3390884399414
2022-08-01,104.58000183105469,101.09308624267578
2022-08-02,104.66000366210938,101.17041778564453
2022-08-03,105.12999725341797,101.62474822998047
2022-08-04,104.4000015258789,100.9190902709961
2022-08-05,104.2300033569336,100.75474548339844
2022-08-08,103.76000213623047,100.3004379272461
2022-08-09,103.91999816894531,100.455078125
2022-08-10,105.88999938964844,102.35941314697266
2022-08-11,105.66999816894531,102.1467514038086
2022-08-12,107.68000030517578,104.08972930908203
2022-08-15,108.54000091552734,104.92105102539062
2022-08-16,108.66999816894531,105.0467300415039
2022-08-17,108.0,104.39904022216797
2022-08-18,108.2300033569336,104.62138366699219
2022-08-19,106.7699966430664,103.21006774902344
2022-08-22,104.44999694824219,100.96741485595703
2022-08-23,104.68000030517578,101.18975830078125
2022-08-24,105.62999725341797,102.10807800292969
2022-08-25,107.86000061035156,104.26372528076172
2022-08-26,104.9000015258789,101.40242004394531
2022-08-29,104.20999908447266,100.73542022705078
2022-08-30,102.76000213623047,99.33374786376953
2022-08-31,101.70999908447266,98.31877136230469
2022-09-01,100.55000305175781,97.19746398925781
2022-09-02,100.12999725341797,96.79145812988281
2022-09-06,100.02999877929688,96.69479370117188
2022-09-07,101.69999694824219,98.30911254882812
2022-09-08,101.8499984741211,98.45409393310547
2022-09-09,103.12000274658203,99.68177032470703
2022-09-12,103.30000305175781,99.85578155517578
2022-09-13,98.9800033569336,95.67980194091797
2022-09-14,100.54000091552734,97.18778228759766
2022-09-15,99.68000030517578,96.35646057128906
2022-09-16,98.54000091552734,95.25447082519531
2022-09-19,99.2300033569336,95.92146301269531
2022-09-20,99.0999984741211,95.79580688476562
2022-09-21,98.12000274658203,94.84848022460938
2022-09-22,97.04000091552734,93.80448150634766
2022-09-23,94.52999877929688,91.37818145751953
2022-09-26,92.70999908447266,89.98247528076172
2022-09-27,92.2300033569336,89.5166015625
2022-09-28,94.05000305175781,91.28305053710938
2022-09-29,91.91000366210938,89.20600891113281
2022-09-30,91.19000244140625,88.5072021484375
2022-10-03,93.83000183105469,91.06953430175781
2022-10-04,96.94000244140625,94.08802795410156
2022-10-05,96.23999786376953,93.40862274169922
2022-10-06,95.61000061035156,92.79717254638672
2022-10-07,95.20999908447266,92.408935546875
2022-10-10,96.04000091552734,93.21451568603516
2022-10-11,96.01000213623047,93.18539428710938
2022-10-12,93.86000061035156,91.0986328125
2022-10-13,95.69999694824219,92.88451385498047
2022-10-14,93.06999969482422,90.33187866210938
2022-10-17,95.5199966430664,92.70980072021484
2022-10-18,99.33999633789062,96.41742706298828
2022-10-19,99.83000183105469,96.89301300048828
2022-10-20,99.63999938964844,96.7085952758789
2022-10-21,101.94999694824219,98.95063781738281
2022-10-24,103.05000305175781,100.0182876586914
2022-10-25,103.48999786376953,100.44532775878906
2022-10-26,103.05999755859375,100.02796936035156
2022-10-27,104.80000305175781,101.716796875
2022-10-28,107.58000183105469,104.41499328613281
2022-10-31,107.20999908447266,104.0558853149414
2022-11-01,107.33999633789062,104.18205261230469
2022-11-02,105.79000091552734,102.67765808105469
2022-11-03,106.54000091552734,103.40559387207031
2022-11-04,107.16999816894531,104.01707458496094
2022-11-07,108.66999816894531,105.47293853759766
2022-11-08,109.55999755859375,106.33674621582031
2022-11-09,108.80999755859375,105.60881042480469
2022-11-10,112.55000305175781,109.2387924194336
2022-11-11,108.7300033569336,105.53116607666016
2022-11-14,107.41000366210938,104.25000762939453
2022-11-15,109.16999816894531,105.9582290649414
2022-11-16,108.4000015258789,105.21087646484375
2022-11-17,109.01000213623047,105.80293273925781
2022-11-18,109.83000183105469,106.59880828857422
2022-11-21,110.37999725341797,107.13261413574219
2022-11-22,110.80000305175781,107.54026794433594
2022-11-23,111.0199966430664,107.7538070678711
2022-11-25,111.62999725341797,108.34585571289062
2022-11-28,109.80000305175781,106.56969451904297
2022-11-29,110.0,106.76380920410156
2022-11-30,111.91999816894531,108.6273193359375
2022-12-01,112.01000213623047,108.71469116210938
2022-12-02,114.11000061035156,110.7529067993164
2022-12-05,112.94000244140625,109.6173095703125
2022-12-06,110.86000061035156,107.59850311279297
2022-12-07,110.47000122070312,107.21998596191406
2022-12-08,111.04000091552734,107.77320098876953
2022-12-09,110.22000122070312,106.97732543945312
2022-12-12,111.69000244140625,108.4040756225586
2022-12-13,111.36000061035156,108.31653594970703
2022-12-14,111.6500015258789,108.59861755371094
2022-12-15,109.51000213623047,106.51709747314453
2022-12-16,109.9800033569336,106.97427368164062
2022-12-19,109.33000183105469,106.34203338623047
2022-12-20,110.2300033569336,107.21742248535156
2022-12-21,112.06999969482422,109.00712585449219
2022-12-22,110.08000183105469,107.07154083251953
2022-12-23,110.86000061035156,107.83021545410156
2022-12-27,111.19999694824219,108.1609115600586
2022-12-28,110.37999725341797,107.36331939697266
2022-12-29,111.5199966430664,108.47217559814453
2022-12-30,111.86000061035156,108.80288696289062
2023-01-03,111.47000122070312,108.42355346679688
2023-01-04,112.11000061035156,109.04605102539062
2023-01-05,111.95999908447266,108.90013885498047
2023-01-06,113.69000244140625,110.58287048339844
2023-01-09,111.5199966430664,108.47217559814453
2023-01-10,112.16000366210938,109.09468078613281
2023-01-11,112.83000183105469,109.74636840820312
2023-01-12,113.72000122070312,110.61204528808594
2023-01-13,112.3499984741211,109.27948760986328
2023-01-17,111.79000091552734,108.73479461669922
2023-01-18,109.86000061035156,106.85755920410156
2023-01-19,108.43000030517578,105.46659851074219
2023-01-20,109.3499984741211,106.3614730834961
2023-01-23,110.52999877929688,107.50922393798828
2023-01-24,112.20999908447266,109.14331817626953
2023-01-25,112.68000030517578,109.60047149658203
2023-01-26,113.63999938964844,110.53424072265625
2023-01-27,113.70999908447266,110.60232543945312
2023-01-30,113.19000244140625,110.0965347290039
2023-01-31,114.66999816894531,111.53609466552734
2023-02-01,114.7699966430664,111.63335418701172
2023-02-02,114.12999725341797,111.01083374023438
2023-02-03,113.51000213623047,110.40779876708984
2023-02-06,114.27999877929688,111.15675354003906
2023-02-07,115.29000091552734,112.13912963867188
2023-02-08,114.80000305175781,111.66254425048828
2023-02-09,114.13999938964844,111.02056884765625
2023-02-10,115.58000183105469,112.42121124267578
2023-02-13,116.33999633789062,113.16043853759766
2023-02-14,117.19999694824219,113.99694061279297
2023-02-15,117.58000183105469,114.3665542602539
2023-02-16,116.33000183105469,113.15071868896484
2023-02-17,116.81999969482422,113.6273422241211
2023-02-21,115.68000030517578,112.51847076416016
2023-02-22,116.0,112.8297348022461
2023-02-23,116.1500015258789,112.97565460205078
2023-02-24,115.51000213623047,112.3531265258789
2023-02-27,115.5,112.34341430664062
2023-02-28,114.70999908447266,111.57498168945312
2023-03-01,115.76000213623047,112.59630584716797
2023-03-02,117.08000183105469,113.88021087646484
2023-03-03,117.73999786376953,114.52218627929688
2023-03-06,117.51000213623047,114.2984619140625
2023-03-07,116.56999969482422,113.3841552734375
2023-03-08,116.11000061035156,112.9367446899414
2023-03-09,114.12000274658203,111.00111389160156
2023-03-10,113.02999877929688,109.94090270996094
2023-03-13,112.54000091552734,109.46430206298828
2023-03-14,113.81999969482422,110.70932006835938
2023-03-15,111.27999877929688,108.2387466430664
2023-03-16,112.91999816894531,109.83390808105469
2023-03-17,110.45999908447266,107.44112396240234
2023-03-20,112.13999938964844,109.07522583007812
2023-03-21,113.16999816894531,110.07707977294922
2023-03-22,110.91000366210938,107.87885284423828
2023-03-23,110.52999877929688,107.78132629394531
2023-03-24,111.26000213623047,108.49317932128906
2023-03-27,112.30000305175781,109.50730895996094
2023-03-28,112.8499984741211,110.04363250732422
2023-03-29,114.06999969482422,111.23328399658203
2023-03-30,114.37999725341797,111.53559112548828
2023-03-31,115.08000183105469,112.21817779541016
2023-04-03,116.87999725341797,113.97342681884766
2023-04-04,115.58000183105469,112.70574188232422
2023-04-05,114.61000061035156,111.75987243652344
2023-04-06,114.41999816894531,111.5746078491211
2023-04-10,115.54000091552734,112.66675567626953
2023-04-11,115.6500015258789,112.7740249633789
2023-04-12,116.33000183105469,113.43708801269531
2023-04-13,116.88999938964844,113.98316192626953
2023-04-14,114.94000244140625,112.0816650390625
2023-04-17,116.12999725341797,113.24207305908203
2023-04-18,117.41000366210938,114.49024200439453
2023-04-19,116.95999908447266,114.05142211914062
2023-04-20,116.4000015258789,113.50537109375
2023-04-21,115.56999969482422,112.69599914550781
2023-04-24,115.62000274658203,112.74474334716797
2023-04-25,114.2699966430664,111.42831420898438
2023-04-26,111.9000015258789,109.11725616455078
2023-04-27,113.55000305175781,110.72622680664062
2023-04-28,113.95999908447266,111.12604522705078
2023-05-01,114.25,111.4088134765625
2023-05-02,113.68000030517578,110.85299682617188
2023-05-03,112.33999633789062,109.54631042480469
2023-05-04,110.72000122070312,107.96660614013672
2023-05-05,111.76000213623047,108.98074340820312
2023-05-08,111.13999938964844,108.37615203857422
2023-05-09,112.43000030517578,109.63408660888672
2023-05-10,111.5,108.72720336914062
2023-05-11,111.12999725341797,108.36640930175781
2023-05-12,110.88999938964844,108.13236999511719
2023-05-15,112.22000122070312,109.4292984008789
2023-05-16,111.12999725341797,108.36640930175781
2023-05-17,113.04000091552734,110.22891235351562
2023-05-18,113.33000183105469,110.5116958618164
2023-05-19,112.56999969482422,109.77059173583984
2023-05-22,113.05999755859375,110.2484130859375
2023-05-23,110.91999816894531,108.16162109375
2023-05-24,109.80000305175781,107.06948852539062
2023-05-25,109.0,106.28938293457031
2023-05-26,109.66999816894531,106.94271850585938
2023-05-30,109.45999908447266,106.73794555664062
2023-05-31,108.66000366210938,105.95785522460938
2023-06-01,110.16000366210938,107.4205551147461
2023-06-02,112.68000030517578,109.87786865234375
2023-06-05,111.81999969482422,109.03924560546875
2023-06-06,112.83000183105469,110.02413940429688
2023-06-07,114.5199966430664,111.90716552734375
2023-06-08,115.44999694824219,112.81595611572266
2023-06-09,115.08999633789062,112.46414947509766
2023-06-12,115.8499984741211,113.20683288574219
2023-06-13,115.76000213623047,113.11888885498047
2023-06-14,114.5,111.88761901855469
2023-06-15,115.73999786376953,113.0993423461914
2023-06-16,115.87999725341797,113.23612976074219
2023-06-20,115.23999786376953,112.61074829101562
2023-06-21,116.30000305175781,113.64656829833984
2023-06-22,114.51000213623047,111.89741516113281
2023-06-23,113.6500015258789,111.0570297241211
2023-06-26,113.47000122070312,110.8811264038086
2023-06-27,114.87999725341797,112.25895690917969
2023-06-28,114.75,112.1319351196289
2023-06-29,116.36000061035156,113.70518493652344
2023-06-30,116.66999816894531,114.00811004638672
2023-07-03,116.91999816894531,114.2524185180664
2023-07-05,116.7300033569336,114.06676483154297
2023-07-06,116.08999633789062,113.44135284423828
2023-07-07,116.04000091552734,113.39249420166016
2023-07-10,116.75,114.08628845214844
2023-07-11,118.16999816894531,115.4738998413086
2023-07-12,117.41999816894531,114.74099731445312
2023-07-13,117.55999755859375,114.87782287597656
2023-07-14,116.19999694824219,113.54883575439453
2023-07-17,116.80000305175781,114.13514709472656
2023-07-18,116.27999877929688,113.62702178955078
2023-07-19,115.61000061035156,112.9722900390625
2023-07-20,117.01000213623047,114.34036254882812
2023-07-21,116.37999725341797,113.72472381591797
2023-07-24,116.97000122070312,114.30127716064453
2023-07-25,114.56999969482422,111.95603942871094
2023-07-26,116.29000091552734,113.63681030273438
2023-07-27,115.83999633789062,113.19705963134766
2023-07-28,116.93000030517578,114.26217651367188
2023-07-31,117.72000122070312,115.03416442871094
2023-08-01,117.72000122070312,115.03416442871094
2023-08-02,115.30000305175781,112.66935729980469
2023-08-03,115.05000305175781,112.4250717163086
2023-08-04,115.6500015258789,113.01140594482422
2023-08-07,117.33000183105469,114.6530532836914
2023-08-08,116.81999969482422,114.15470886230469
2023-08-09,117.48999786376953,114.80940246582031
2023-08-10,116.91000366210938,114.24264526367188
2023-08-11,117.2300033569336,114.55533599853516
2023-08-14,116.88999938964844,114.22309112548828
2023-08-15,115.25,112.62051391601562
2023-08-16,114.80000305175781,112.1807861328125
2023-08-17,113.79000091552734,111.19381713867188
2023-08-18,114.63999938964844,112.02442169189453
2023-08-21,114.69999694824219,112.08306884765625
2023-08-22,115.16000366210938,112.5325698852539
2023-08-23,115.54000091552734,112.90390014648438
2023-08-24,113.44000244140625,110.85181427001953
2023-08-25,114.05999755859375,111.4576644897461
2023-08-28,115.43000030517578,112.79641723632812
2023-08-29,115.70999908447266,113.07001495361328
2023-08-30,116.72000122070312,114.0569839477539
2023-08-31,116.16999816894531,113.51953125
2023-09-01,116.44000244140625,113.78337097167969
2023-09-05,114.83000183105469,112.21009063720703
2023-09-06,113.37000274658203,110.78340148925781
2023-09-07,113.31999969482422,110.73455047607422
2023-09-08,112.12999725341797,109.57168579101562
2023-09-11,110.51000213623047,107.98866271972656
2023-09-12,109.93000030517578,107.42189025878906
2023-09-13,109.48999786376953,106.99192810058594
2023-09-14,110.11000061035156,107.59778594970703
2023-09-15,109.81999969482422,107.31439208984375
2023-09-18,110.04000091552734,107.52938079833984
2023-09-19,109.41000366210938,106.91376495361328
2023-09-20,108.98999786376953,106.50334167480469
2023-09-21,107.12000274658203,104.6760025024414
2023-09-22,106.12999725341797,103.7085952758789
2023-09-25,106.56999969482422,104.1385498046875
2023-09-26,105.4000015258789,103.2131576538086
2023-09-27,106.38999938964844,104.18262481689453
2023-09-28,105.86000061035156,103.66361236572266
2023-09-29,105.97000122070312,103.77133178710938
2023-10-02,104.77999877929688,102.60602569580078
2023-10-03,104.01000213623047,101.85200500488281
2023-10-04,103.55999755859375,101.4113540649414
2023-10-05,103.16000366210938,101.01963806152344
2023-10-06,104.08999633789062,101.93033599853516
2023-10-09,108.72000122070312,106.46427917480469
2023-10-10,109.5,107.22808074951172
2023-10-11,110.16000366210938,107.87442016601562
2023-10-12,108.80999755859375,106.55241394042969
2023-10-13,108.66000366210938,106.40553283691406
2023-10-16,109.33000183105469,107.06163024902344
2023-10-17,109.66000366210938,107.3847885131836
2023-10-18,109.30999755859375,107.04203796386719
2023-10-19,108.25,106.00403594970703
2023-10-20,106.87999725341797,104.66244506835938
2023-10-23,106.80999755859375,104.59390258789062
2023-10-24,107.93000030517578,105.69068145751953
2023-10-25,107.7300033569336,105.49482727050781
2023-10-26,108.05000305175781,105.80818939208984
2023-10-27,107.25,105.02477264404297
2023-10-30,107.72000122070312,105.48502349853516
2023-10-31,109.86000061035156,107.58064270019531
2023-11-01,110.56999969482422,108.27589416503906
2023-11-02,112.83000183105469,110.489013671875
2023-11-03,113.41999816894531,111.06676483154297
2023-11-06,113.12000274658203,110.77299499511719
2023-11-07,112.91999816894531,110.57713317871094
2023-11-08,112.76000213623047,110.42046356201172
2023-11-09,112.7699966430664,110.43023681640625
2023-11-10,113.95999908447266,111.59557342529297
2023-11-13,115.29000091552734,112.8979721069336
2023-11-14,116.18000030517578,113.76950073242188
2023-11-15,116.16999816894531,113.75970458984375
2023-11-16,115.66999816894531,113.27008819580078
2023-11-17,115.75,113.34841918945312
2023-11-20,117.0199966430664,114.59204864501953
2023-11-21,117.16000366210938,114.72917175292969
2023-11-22,117.95999908447266,115.51255798339844
2023-11-24,118.48999786376953,116.03157043457031
2023-11-27,117.86000061035156,115.41463470458984
2023-11-28,117.91999816894531,115.473388671875
2023-11-29,117.80000305175781,115.35589599609375
2023-11-30,119.86000061035156,117.3731460571289
2023-12-01,121.27999877929688,118.76367950439453
2023-12-04,122.23999786376953,119.70377349853516
2023-12-05,121.18000030517578,118.6657485961914
2023-12-06,121.58000183105469,119.05745697021484
2023-12-07,121.3499984741211,118.83223724365234
2023-12-08,122.27999877929688,119.74295043945312
2023-12-11,123.47000122070312,120.90824890136719
2023-12-12,123.77999877929688,121.21183013916016
2023-12-13,125.58999633789062,122.98426055908203
2023-12-14,124.8499984741211,122.25960540771484
2023-12-15,124.91000366210938,122.31837463378906
2023-12-18,125.13999938964844,122.54360961914062
2023-12-19,126.45999908447266,123.83621978759766
2023-12-20,124.01000213623047,121.85426330566406
2023-12-21,125.19999694824219,123.02359008789062
2023-12-22,125.91999816894531,123.73106384277344
2023-12-26,126.5999984741211,124.39924621582031
2023-12-27,126.68000030517578,124.47786712646484
2023-12-28,126.61000061035156,124.40906524658203
2023-12-29,126.5999984741211,124.39924621582031
2024-01-02,125.44000244140625,123.25940704345703
2024-01-03,123.7300033569336,121.57915496826172
2024-01-04,123.72000122070312,121.5693130493164
2024-01-05,123.83999633789062,121.68722534179688
2024-01-08,122.43000030517578,120.3017349243164
2024-01-09,121.47000122070312,119.35842895507812
2024-01-10,122.26000213623047,120.13469696044922
2024-01-11,121.47000122070312,119.35842895507812
2024-01-12,122.33999633789062,120.21330261230469
2024-01-16,119.30000305175781,117.22616577148438
2024-01-17,119.31999969482422,117.24580383300781
2024-01-18,121.20999908447266,119.10293579101562
2024-01-19,121.70999908447266,119.59424591064453
2024-01-22,122.16999816894531,120.04624938964844
2024-01-23,122.43000030517578,120.3017349243164
2024-01-24,122.7699966430664,120.63581848144531
2024-01-25,121.66999816894531,119.55494689941406
2024-01-26,122.04000091552734,119.91851043701172
2024-01-29,122.26000213623047,120.13469696044922
2024-01-30,122.08999633789062,119.96765899658203
2024-01-31,122.6500015258789,120.51791381835938
2024-02-01,123.69999694824219,121.54964447021484
2024-02-02,123.62999725341797,121.48088836669922
2024-02-05,123.18000030517578,121.03871154785156
2024-02-06,124.11000061035156,121.95252990722656
2024-02-07,125.02999877929688,122.8565444946289
2024-02-08,124.44999694824219,122.28662109375
2024-02-09,124.66000366210938,122.49297332763672
2024-02-12,124.88999938964844,122.71897888183594
2024-02-13,124.0999984741211,121.94270324707031
2024-02-14,125.31999969482422,123.14148712158203
2024-02-15,126.23999786376953,124.04549407958984
2024-02-16,125.63999938964844,123.4559326171875
2024-02-20,125.43000030517578,123.24958801269531
2024-02-21,125.5199966430664,123.33802032470703
2024-02-22,125.9800033569336,123.79003143310547
2024-02-23,126.41999816894531,124.2223892211914
2024-02-26,126.2300033569336,124.03567504882812
2024-02-27,126.37999725341797,124.18306732177734
2024-02-28,128.1300048828125,125.90266418457031
2024-02-29,127.87999725341797,125.65699005126953
2024-03-01,127.88999938964844,125.66682434082031
2024-03-04,128.8800048828125,126.6396255493164
2024-03-05,128.75,126.51187133789062
2024-03-06,129.52999877929688,127.2782974243164
2024-03-07,129.8699951171875,127.61241149902344
2024-03-08,129.17999267578125,126.93439483642578
2024-03-11,127.93000030517578,125.70612335205078
2024-03-12,126.94999694824219,124.7431640625
2024-03-13,126.94999694824219,124.7431640625
2024-03-14,126.7699966430664,124.56629180908203
2024-03-15,127.20999908447266,124.99864959716797
2024-03-18,127.08000183105469,124.87090301513672
2024-03-19,128.24000549316406,126.0107421875
2024-03-20,129.67999267578125,127.42571258544922
2024-03-21,129.58999633789062,127.59899139404297
2024-03-22,130.10000610351562,128.1011505126953
2024-03-25,130.22000122070312,128.2193145751953
2024-03-26,129.97999572753906,127.98299407958984
2024-03-27,131.85000610351562,129.8242950439453
2024-03-28,131.92999267578125,129.9030303955078
2024-04-01,130.88999938964844,128.8790283203125
2024-04-02,130.22999572753906,128.22915649414062
2024-04-03,129.66000366210938,127.66791534423828
2024-04-04,130.1699981689453,128.17007446289062
2024-04-05,131.35000610351562,129.3319549560547
2024-04-08,131.07000732421875,129.05628967285156
2024-04-09,129.67999267578125,127.68758392333984
2024-04-10,129.22000122070312,127.23468017578125
2024-04-11,129.16000366210938,127.17559051513672
2024-04-12,127.72000122070312,125.75774383544922
2024-04-15,127.05000305175781,125.09803771972656
2024-04-16,127.66000366210938,125.69866180419922
2024-04-17,127.51000213623047,125.55095672607422
2024-04-18,127.45999908447266,125.5017318725586
2024-04-19,128.0,126.03341674804688
2024-04-22,128.5,126.5257568359375
2024-04-23,129.3699951171875,127.38238525390625
2024-04-24,128.50999450683594,126.53558349609375
2024-04-25,129.00999450683594,127.02791595458984
2024-04-26,129.52999877929688,127.5399169921875
2024-04-29,131.1300048828125,129.11532592773438
2024-04-30,129.85000610351562,127.85501098632812
2024-05-01,130.11000061035156,128.1110076904297
2024-05-02,132.05999755859375,130.03103637695312
2024-05-03,132.57000732421875,130.5332489013672
2024-05-06,133.61000061035156,131.55722045898438
2024-05-07,133.44000244140625,131.38986206054688
2024-05-08,134.08999633789062,132.0298614501953
2024-05-09,135.36000061035156,133.2803497314453
2024-05-10,135.10000610351562,133.0243377685547
2024-05-13,134.30999755859375,132.24649047851562
2024-05-14,134.66000366210938,132.5911102294922
2024-05-15,134.36000061035156,132.2957000732422
2024-05-16,134.94000244140625,132.86679077148438
2024-05-17,135.5,133.41818237304688
2024-05-20,136.3800048828125,134.28469848632812
2024-05-21,136.49000549316406,134.3929901123047
2024-05-22,136.64999389648438,134.550537109375
2024-05-23,134.16000366210938,132.09878540039062
2024-05-24,135.5500030517578,133.46742248535156
2024-05-28,134.27999877929688,132.21694946289062
2024-05-29,132.63999938964844,130.6021270751953
2024-05-30,133.7899932861328,131.7344512939453
2024-05-31,136.02000427246094,133.93020629882812
2024-06-03,136.57000732421875,134.47177124023438
2024-06-04,136.77000427246094,134.66868591308594
2024-06-05,137.38999938964844,135.27915954589844
2024-06-06,136.83999633789062,134.73760986328125
2024-06-07,136.47000122070312,134.37332153320312
2024-06-10,136.1699981689453,134.07791137695312
2024-06-11,134.69000244140625,132.91249084472656
2024-06-12,134.85000610351562,133.07037353515625
2024-06-13,133.69000244140625,131.9257049560547
2024-06-14,132.2899932861328,130.54415893554688
2024-06-17,133.4199981689453,131.6592254638672
2024-06-18,133.74000549316406,131.97503662109375
2024-06-20,134.0800018310547,132.31053161621094
2024-06-21,134.3800048828125,132.6066131591797
2024-06-24,133.27000427246094,131.51124572753906
2024-06-25,132.2899932861328,130.54415893554688
2024-06-26,132.5399932861328,130.79086303710938
2024-06-27,132.77000427246094,131.017822265625
2024-06-28,132.0500030517578,130.30731201171875
2024-07-01,131.5800018310547,129.84353637695312
2024-07-02,132.52999877929688,130.781005859375
2024-07-03,133.14999389648438,131.392822265625
2024-07-05,132.39999389648438,130.65269470214844
2024-07-08,133.22999572753906,131.47177124023438
2024-07-09,132.80999755859375,131.0572967529297
2024-07-10,133.55999755859375,131.79739379882812
2024-07-11,133.6300048828125,131.86643981933594
2024-07-12,133.11000061035156,131.35333251953125
2024-07-15,133.8800048828125,132.1132049560547
2024-07-16,137.33999633789062,135.52749633789062
2024-07-17,135.63999938964844,133.84994506835938
2024-07-18,134.75,132.97171020507812
2024-07-19,133.89999389648438,132.13290405273438
2024-07-22,135.67999267578125,133.889404296875
2024-07-23,139.3800048828125,137.5406036376953
2024-07-24,135.94000244140625,134.14601135253906
2024-07-25,139.52000427246094,137.67874145507812
2024-07-26,140.89999389648438,139.04054260253906
2024-07-29,140.74000549316406,138.88265991210938
2024-07-30,141.6300048828125,139.76092529296875
2024-07-31,143.17999267578125,141.29042053222656
2024-08-01,141.47999572753906,139.61289978027344
2024-08-02,137.19000244140625,135.37950134277344
2024-08-05,135.0500030517578,133.2677459716797
2024-08-06,135.82000732421875,134.02760314941406
2024-08-07,136.50999450683594,134.70848083496094
2024-08-08,139.52999877929688,137.68858337402344
2024-08-09,140.22000122070312,138.3695068359375
2024-08-12,140.14999389648438,138.30043029785156
2024-08-13,140.99000549316406,139.1293487548828
2024-08-14,141.3800048828125,139.51422119140625
2024-08-15,143.35000610351562,141.45822143554688
2024-08-16,143.8800048828125,141.98121643066406
2024-08-19,144.49000549316406,142.58314514160156
2024-08-20,143.33999633789062,141.44834899902344
2024-08-21,143.88999938964844,141.99107360839844
2024-08-22,143.9499969482422,142.05027770996094
2024-08-23,144.80999755859375,142.89892578125
2024-08-26,144.39999389648438,142.49432373046875
2024-08-27,144.75,142.83973693847656
2024-08-28,145.3000030517578,143.38247680664062
2024-08-29,146.75999450683594,144.82321166992188
2024-08-30,147.7100067138672,145.7606658935547
2024-09-03,142.66000366210938,140.7772979736328
2024-09-04,143.61000061035156,141.71478271484375
2024-09-05,142.25,140.3727264404297
2024-09-06,139.97000122070312,138.122802734375
2024-09-09,142.92999267578125,141.04371643066406
2024-09-10,142.38999938964844,140.5108642578125
2024-09-11,142.2899932861328,140.4121856689453
2024-09-12,144.1699981689453,142.2673797607422
2024-09-13,145.38999938964844,143.4712677001953
2024-09-16,146.07000732421875,144.14231872558594
2024-09-17,145.72000122070312,143.7969207763672
2024-09-18,145.80999755859375,143.88572692871094
2024-09-19,147.27999877929688,145.33633422851562
2024-09-20,147.88999938964844,145.93826293945312
2024-09-23,149.6199951171875,147.6454620361328
2024-09-24,149.2100067138672,147.24087524414062
2024-09-25,148.74000549316406,147.00071716308594
2024-09-26,147.8000030517578,146.07168579101562
2024-09-27,148.50999450683594,146.77340698242188
2024-09-30,149.63999938964844,147.89019775390625
2024-10-01,151.35000610351562,149.58021545410156
2024-10-02,151.36000061035156,149.59005737304688
2024-10-03,150.3699951171875,148.6116485595703
2024-10-04,151.8000030517578,150.0249481201172
2024-10-07,151.3300018310547,149.56044006347656
2024-10-08,151.3800048828125,149.60984802246094
2024-10-09,151.83999633789062,150.06443786621094
2024-10-10,150.38999938964844,148.6313934326172
2024-10-11,152.86000061035156,151.07254028320312
2024-10-14,153.75,151.9521026611328
2024-10-15,152.9600067138672,151.17137145996094
2024-10-16,154.69000244140625,152.881103515625
2024-10-17,154.89999389648438,153.0886688232422
2024-10-18,154.86000061035156,153.04913330078125
2024-10-21,155.61000061035156,153.79037475585938
2024-10-22,150.52000427246094,148.75990295410156
2024-10-23,150.97999572753906,149.21450805664062
2024-10-24,149.38999938964844,147.64309692382812
2024-10-25,149.6199951171875,147.87042236328125
2024-10-28,148.6999969482422,146.96116638183594
2024-10-29,147.52999877929688,145.8048553466797
2024-10-30,147.33999633789062,145.6170654296875
2024-10-31,144.42999267578125,142.74110412597656
2024-11-01,144.5399932861328,142.84982299804688
2024-11-04,144.75999450683594,143.0672607421875
2024-11-05,146.49000549316406,144.77700805664062
2024-11-06,151.16000366210938,149.3924102783203
2024-11-07,150.25999450683594,148.50291442871094
2024-11-08,155.82000732421875,153.99794006347656
2024-11-11,157.30999755859375,155.47048950195312
2024-11-12,155.5,153.68165588378906
2024-11-13,156.07000732421875,154.2449951171875
2024-11-14,151.1699981689453,149.4022979736328
2024-11-15,150.08999633789062,148.33493041992188
2024-11-18,150.30999755859375,148.55233764648438
2024-11-19,150.97999572753906,149.21450805664062
2024-11-20,151.66000366210938,149.88656616210938
2024-11-21,152.9199981689453,151.13182067871094
2024-11-22,154.50999450683594,152.7032470703125
2024-11-25,152.8800048828125,151.09230041503906
2024-11-26,154.69000244140625,152.881103515625
2024-11-27,153.86000061035156,152.06082153320312
2024-11-29,155.57000732421875,153.75083923339844
2024-12-02,153.3699951171875,151.5765838623047
2024-12-03,153.41000366210938,151.61610412597656
2024-12-04,155.24000549316406,153.42471313476562
2024-12-05,152.77999877929688,150.99346923828125
2024-12-06,152.11000061035156,150.33131408691406
2024-12-09,149.3000030517578,147.5541534423828
2024-12-10,149.77999877929688,148.02854919433594
2024-12-11,149.2899932861328,147.5442657470703
2024-12-12,147.5399932861328,145.8147430419922
2024-12-13,148.3699951171875,146.6350555419922
2024-12-16,149.6199951171875,147.87042236328125
2024-12-17,147.86000061035156,146.55906677246094
2024-12-18,143.02999877929688,141.77157592773438
2024-12-19,144.30999755859375,143.04029846191406
2024-12-20,146.32000732421875,145.03262329101562
2024-12-23,146.50999450683594,145.22096252441406
2024-12-24,147.86000061035156,146.55906677246094
2024-12-26,148.4499969482422,147.14385986328125
2024-12-27,147.6199951171875,146.3211669921875
2024-12-30,145.7100067138672,144.42796325683594
2024-12-31,145.35000610351562,144.07115173339844
2025-01-02,144.86000061035156,143.58544921875
2025-01-03,146.1999969482422,144.91366577148438
2025-01-06,144.97000122070312,143.6945037841797
2025-01-07,144.83999633789062,143.5656280517578
2025-01-08,146.0,144.71542358398438
2025-01-10,145.0800018310547,143.80352783203125
2025-01-13,146.1300048828125,144.8442840576172
2025-01-14,148.0800018310547,146.77713012695312
2025-01-15,148.88999938964844,147.5800018310547
2025-01-16,150.35000610351562,149.02716064453125
2025-01-17,151.6199951171875,150.2859649658203
2025-01-21,156.5,155.123046875
2025-01-22,155.5800018310547,154.2111358642578
2025-01-23,158.5,157.10543823242188
2025-01-24,156.72000122070312,155.34112548828125
2025-01-27,155.02000427246094,153.6560821533203
2025-01-28,154.92999267578125,153.5668487548828
2025-01-29,153.9600067138672,152.60537719726562
2025-01-30,157.22000122070312,155.83668518066406
2025-01-31,156.5800018310547,155.20233154296875
2025-02-03,156.7899932861328,155.41050720214844
2025-02-04,155.8300018310547,154.45895385742188
2025-02-05,157.32000732421875,155.93582153320312
2025-02-06,157.02999877929688,155.64837646484375
2025-02-07,156.4499969482422,155.07347106933594
2025-02-10,157.17999267578125,155.79705810546875
2025-02-11,157.47999572753906,156.0944061279297
2025-02-12,156.41000366210938,155.03382873535156
2025-02-13,155.0500030517578,153.685791015625
2025-02-14,153.5500030517578,152.19900512695312
2025-02-18,154.74000549316406,153.3785400390625
2025-02-19,154.3699951171875,153.01177978515625
2025-02-20,152.9199981689453,151.5745391845703
2025-02-21,149.35000610351562,148.0359649658203
2025-02-24,149.58999633789062,148.27383422851562
2025-02-25,150.4499969482422,149.12628173828125
2025-02-26,151.13999938964844,149.81021118164062
2025-02-27,152.3000030517578,150.95999145507812
2025-02-28,154.7899932861328,153.42808532714844
2025-03-03,153.0500030517578,151.7034149169922
2025-03-04,149.35000610351562,148.0359649658203
2025-03-05,152.52000427246094,151.17807006835938
2025-03-06,149.42999267578125,148.115234375
2025-03-07,149.74000549316406,148.4225311279297
2025-03-10,148.1199951171875,146.81675720214844
2025-03-11,148.3300018310547,147.02491760253906
2025-03-12,149.3300018310547,148.01614379882812
2025-03-13,148.92999267578125,147.61964416503906
2025-03-14,151.24000549316406,149.90931701660156
2025-03-17,153.42999267578125,152.08004760742188
2025-03-18,152.72999572753906,151.63624572753906
2025-03-19,156.3800048828125,155.2601318359375
2025-03-20,155.1300048828125,154.01907348632812
2025-03-21,154.74000549316406,153.63186645507812
2025-03-24,158.1199951171875,156.98765563964844
2025-03-25,159.5,158.3577880859375
2025-03-26,157.1300048828125,156.00474548339844
2025-03-27,156.3699951171875,155.2501678466797
2025-03-28,153.22999572753906,152.13265991210938
2025-03-31,153.10000610351562,152.00363159179688
2025-04-01,154.2100067138672,153.10568237304688
2025-04-02,154.77999877929688,153.6715850830078
2025-04-03,147.77999877929688,146.72171020507812
2025-04-04,135.30999755859375,134.3409881591797
2025-04-07,135.8000030517578,134.82749938964844
2025-04-08,137.39999389648438,136.416015625
2025-04-09,149.8300018310547,148.7570343017578
2025-04-10,147.0800018310547,146.0267333984375
2025-04-11,149.11000061035156,148.0421905517578
2025-04-14,150.8699951171875,149.78956604003906
2025-04-15,150.30999755859375,149.23358154296875
2025-04-16,149.66000366210938,148.58824157714844
2025-04-17,149.5500030517578,148.47903442382812
2025-04-21,146.4600067138672,145.4111785888672
2025-04-22,146.16000366210938,145.11331176757812
2025-04-23,150.24000549316406,149.16409301757812
2025-04-24,152.86000061035156,151.76531982421875
2025-04-25,154.72999572753906,153.62193298339844
2025-04-28,155.72000122070312,154.60484313964844
2025-04-29,156.42999267578125,155.3097686767578
2025-04-30,156.91000366210938,155.7863311767578
2025-05-01,158.5500030517578,157.41456604003906
2025-05-02,161.36000061035156,160.20445251464844
2025-05-05,161.25,160.09524536132812
2025-05-06,160.1300048828125,158.98326110839844
2025-05-07,160.30999755859375,159.16197204589844
2025-05-08,163.44000244140625,162.26956176757812
2025-05-09,163.3300018310547,162.1603546142578
2025-05-12,165.63999938964844,164.45379638671875
2025-05-13,166.94000244140625,165.74449157714844
2025-05-14,167.1199951171875,165.92320251464844
2025-05-15,170.6699981689453,169.44778442382812
2025-05-16,171.94000244140625,170.7086944580078
2025-05-19,173.3000030517578,172.05894470214844
2025-05-20,173.41000366210938,172.1681671142578
2025-05-21,170.7899932861328,169.56690979003906
2025-05-22,170.1999969482422,168.9811553955078
2025-05-23,171.0500030517578,169.82505798339844
2025-05-27,175.27999877929688,174.0247802734375
2025-05-28,175.5,174.24317932128906
2025-05-29,176.30999755859375,175.04739379882812
2025-05-30,177.24000549316406,175.9707489013672
2025-06-02,178.24000549316406,176.9635772705078
2025-06-03,179.35000610351562,178.0656280517578
2025-06-04,180.13999938964844,178.84996032714844
2025-06-05,180.24000549316406,178.94927978515625
2025-06-06,181.9600067138672,180.65695190429688
2025-06-09,182.63999938964844,181.33204650878906
2025-06-10,179.1300048828125,177.8472137451172
2025-06-11,180.69000244140625,179.3960418701172
2025-06-12,179.47000122070312,178.18475341796875
2025-06-13,180.22000122070312,178.92941284179688
2025-06-16,179.16000366210938,178.04690551757812
2025-06-17,179.97999572753906,178.86180114746094
2025-06-18,178.77999877929688,177.66925048828125
2025-06-20,180.44000244140625,179.31895446777344
2025-06-23,183.00999450683594,181.87298583984375
2025-06-24,181.75,180.62083435058594
2025-06-25,182.0399932861328,180.9090118408203
2025-06-26,184.5,183.35374450683594
2025-06-27,187.5500030517578,186.38478088378906
2025-06-30,188.63999938964844,187.468017578125
2025-07-01,185.00999450683594,183.86056518554688
2025-07-02,184.72999572753906,183.58229064941406
2025-07-03,186.86000061035156,185.69908142089844
2025-07-07,188.07000732421875,186.9015655517578
2025-07-08,186.75999450683594,185.5996856689453
2025-07-09,188.91000366210938,187.736328125
2025-07-10,188.64999389648438,187.4779510498047
2025-07-11,189.77999877929688,188.6009063720703
2025-07-14,193.63999938964844,192.43695068359375
2025-07-15,193.22000122070312,192.01956176757812
2025-07-16,194.42999267578125,193.22203063964844
2025-07-17,195.86000061035156,194.64315795898438
2025-07-18,196.11000061035156,194.8916015625
2025-07-21,194.64999389648438,193.44065856933594
2025-07-22,192.17999267578125,190.98602294921875
2025-07-23,196.88999938964844,195.666748046875
2025-07-24,196.83999633789062,195.61708068847656
2025-07-25,198.27000427246094,197.03819274902344
2025-07-28,198.0500030517578,196.8195343017578
2025-07-29,197.22999572753906,196.004638671875
2025-07-30,198.63999938964844,197.4058837890625
2025-07-31,196.60000610351562,195.37857055664062
2025-08-01,195.77999877929688,194.5636444091797
2025-08-04,197.91000366210938,196.680419921875
2025-08-05,197.5399932861328,196.31272888183594
2025-08-06,197.41000366210938,196.18353271484375
2025-08-07,196.9600067138672,195.736328125
2025-08-08,196.4499969482422,195.22947692871094
2025-08-11,196.25999450683594,195.04066467285156
2025-08-12,198.24000549316406,197.0083770751953
2025-08-13,196.80999755859375,195.58724975585938
2025-08-14,195.99000549316406,194.77235412597656
2025-08-15,195.0800018310547,193.86801147460938
2025-08-18,195.92999267578125,194.7127227783203
2025-08-19,193.24000549316406,192.03944396972656
2025-08-20,194.30999755859375,193.102783203125
2025-08-21,194.9600067138672,193.74876403808594
2025-08-22,195.80999755859375,194.59347534179688
2025-08-25,195.36000061035156,194.14625549316406
2025-08-26,199.97999572753906,198.737548828125
2025-08-27,199.24000549316406,198.0021514892578
2025-08-28,200.16000366210938,198.91644287109375
2025-08-29,198.4199981689453,197.18724060058594
2025-09-02,198.5,197.26675415039062
2025-09-03,196.94000244140625,195.71644592285156
2025-09-04,198.52000427246094,197.28663635253906
2025-09-05,198.1300048828125,196.89906311035156
2025-09-08,197.64999389648438,196.42202758789062
2025-09-09,196.22999572753906,195.0108642578125
2025-09-10,198.89999389648438,197.66424560546875
2025-09-11,200.07000732421875,198.82701110839844
2025-09-12,199.4199981689453,198.18104553222656
2025-09-15,201.82000732421875,200.56613159179688
2025-09-16,201.88999938964844,201.38406372070312
2025-09-17,200.52000427246094,200.0175018310547
2025-09-18,202.97000122070312,202.46136474609375
2025-09-19,203.39999389648438,202.89027404785156
2025-09-22,204.2899932861328,203.77804565429688
2025-09-23,206.16000366210938,205.64337158203125
2025-09-24,203.6699981689453,203.15960693359375
2025-09-25,203.11000061035156,202.6009979248047
2025-09-26,205.6999969482422,205.1845245361328
2025-09-29,205.44000244140625,204.9251708984375
2025-09-30,209.25999450683594,208.735595703125
2025-10-01,209.25,208.72564697265625
2025-10-02,209.3800048828125,208.85531616210938
2025-10-03,209.5500030517578,209.02488708496094
2025-10-06,212.5500030517578,212.01734924316406
2025-10-07,212.9600067138672,212.42633056640625
2025-10-08,215.16000366210938,214.62081909179688
2025-10-09,211.24000549316406,210.7106475830078
2025-10-10,206.0399932861328,205.52366638183594
2025-10-13,209.1199951171875,208.595947265625
2025-10-14,210.75,210.2218780517578
2025-10-15,207.67999267578125,207.15956115722656
2025-10-16,206.25,205.73313903808594
2025-10-17,205.92999267578125,205.4139404296875
2025-10-20,209.61000061035156,209.084716796875
2025-10-21,213.36000061035156,212.82533264160156
2025-10-22,210.5399932861328,210.01239013671875
2025-10-23,215.72000122070312,215.17942810058594
2025-10-24,216.86000061035156,216.31654357910156
2025-10-27,218.89999389648438,218.3514404296875
2025-10-28,217.5399932861328,216.99484252929688
2025-10-29,217.4499969482422,216.90505981445312
2025-10-30,215.30999755859375,214.77044677734375
2025-10-31,215.7899932861328,215.2492218017578
2025-11-03,214.97999572753906,214.44126892089844
2025-11-04,211.75999450683594,211.2293243408203
2025-11-05,209.47000122070312,208.945068359375
2025-11-06,207.57000732421875,207.0498504638672
2025-11-07,209.0399932861328,208.51612854003906
2025-11-10,210.97000122070312,210.4413299560547
2025-11-11,210.50999450683594,209.9824676513672
2025-11-12,209.63999938964844,209.11465454101562
2025-11-13,205.0399932861328,204.5261688232422
2025-11-14,205.94000244140625,205.42391967773438
2025-11-17,203.80999755859375,203.29925537109375
2025-11-18,202.75999450683594,202.2518768310547
2025-11-19,203.1300048828125,202.62095642089844
2025-11-20,198.77000427246094,198.27191162109375
2025-11-21,198.22999572753906,197.7332305908203
2025-11-24,200.69000244140625,200.18707275390625
2025-11-25,202.39999389648438,201.8927764892578
2025-11-26,203.6999969482422,203.1895294189453
2025-11-28,205.10000610351562,204.58602905273438
2025-12-01,199.24000549316406,198.74072265625
2025-12-02,201.30999755859375,200.80552673339844
2025-12-03,201.6199951171875,201.11474609375
2025-12-04,204.6699981689453,204.1571044921875
2025-12-05,202.41000366210938,201.90277099609375
2025-12-08,204.35000610351562,203.83790588378906
2025-12-09,202.6300048828125,202.12222290039062
2025-12-10,204.44000244140625,203.9276885986328
2025-12-11,208.27000427246094,207.7480926513672
2025-12-12,209.41000366210938,208.88522338867188
2025-12-15,209.63999938964844,209.11465454101562
2025-12-16,207.9499969482422,207.4288787841797
2025-12-17,204.8000030517578,204.28677368164062
2025-12-18,208.25,207.72811889648438
2025-12-19,213.91000366210938,213.37396240234375
2025-12-22,219.36000061035156,218.81028747558594
2025-12-23,219.69000244140625,219.13946533203125
2025-12-24,220.1999969482422,219.648193359375
2025-12-26,218.07000732421875,217.52352905273438
2025-12-29,217.0,216.45619201660156
2025-12-30,216.33999633789062,215.79786682128906
2025-12-31,214.69000244140625,214.15200805664062
2026-01-02,222.00999450683594,221.45364379882812
2026-01-05,226.47999572753906,225.91244506835938
2026-01-06,230.2100067138672,229.63311767578125
2026-01-07,226.41000366210938,225.84262084960938
2026-01-08,227.42999267578125,226.8600616455078
2026-01-09,232.97000122070312,232.3861846923828
2026-01-12,236.5500030517578,235.95721435546875
2026-01-13,237.5399932861328,236.94471740722656
2026-01-14,239.16000366210938,238.56068420410156
2026-01-15,241.2100067138672,240.6055450439453
2026-01-16,243.77000427246094,243.15911865234375
2026-01-20,237.89999389648438,237.30381774902344
2026-01-21,240.27000427246094,239.6678924560547
2026-01-22,235.82000732421875,235.22903442382812
2026-01-23,235.07000732421875,234.48092651367188
2026-01-26,233.3800048828125,232.79515075683594
2026-01-27,237.02000427246094,236.426025390625
2026-01-28,233.69000244140625,233.10438537597656
2026-01-29,232.77999877929688,232.1966552734375
2026-01-30,232.3800048828125,231.7976531982422
2026-02-02,231.16000366210938,230.58071899414062
2026-02-03,234.49000549316406,233.90237426757812
2026-02-04,228.0,227.4286346435547
2026-02-05,226.17999267578125,225.6132049560547
2026-02-06,233.92999267578125,233.34378051757812
2026-02-09,234.83999633789062,234.25149536132812
2026-02-10,233.2100067138672,232.62557983398438
2026-02-11,230.9499969482422,230.37124633789062
2026-02-12,232.52999877929688,231.94728088378906
2026-02-13,234.8699951171875,234.2814178466797
2026-02-17,238.1699981689453,237.57315063476562
2026-02-18,240.32000732421875,239.7177734375
2026-02-19,243.49000549316406,242.87982177734375
2026-02-20,243.64999389648438,243.03941345214844
2026-02-23,241.25999450683594,240.65541076660156
2026-02-24,243.11000061035156,242.5007781982422
2026-02-25,241.22000122070312,240.6155242919922
2026-02-26,242.82000732421875,242.2115020751953
2026-02-27,243.72000122070312,243.1092529296875
2026-03-02,250.5800018310547,249.95205688476562
2026-03-03,244.97999572753906,244.36607360839844
2026-03-04,246.97000122070312,246.35110473632812
2026-03-05,240.0399932861328,239.43846130371094
2026-03-06,242.1999969482422,241.5930633544922
2026-03-09,241.99000549316406,241.38357543945312
2026-03-10,239.72000122070312,239.1192626953125
2026-03-11,238.67999267578125,238.0818634033203
2026-03-12,231.49000549316406,230.90989685058594
2026-03-13,229.33999633789062,228.76528930664062
2026-03-16,232.80999755859375,232.22657775878906
2026-03-17,232.89999389648438,232.46713256835938
2026-03-18,231.42999267578125,230.99986267089844
2026-03-19,227.32000732421875,226.89752197265625
2026-03-20,222.55999755859375,222.1463623046875
2026-03-23,223.35000610351562,222.93490600585938
2026-03-24,222.63999938964844,222.2261962890625
2026-03-25,225.86000061035156,225.4402313232422
2026-03-26,220.1199951171875,219.7108917236328
2026-03-27,216.0399932861328,215.6384735107422
2026-03-30,210.7899932861328,210.3982391357422
2026-03-31,218.75,218.34344482421875
2026-04-01,223.63999938964844,223.224365234375
2026-04-02,221.91000366210938,221.49757385253906
2026-04-06,225.1999969482422,224.7814483642578
2026-04-07,223.3000030517578,222.88497924804688
2026-04-08,232.1699981689453,231.73849487304688
2026-04-09,231.75999450683594,231.32925415039062
2026-04-10,229.63999938964844,229.21319580078125
2026-04-13,232.80999755859375,232.37730407714844
2026-04-14,235.42999267578125,234.992431640625
2026-04-15,234.0,233.56509399414062
2026-04-16,229.02999877929688,228.60433959960938
2026-04-17,231.94000244140625,231.50892639160156
2026-04-20,231.85000610351562,231.4191131591797
2026-04-21,223.08999633789062,222.6753692626953
2026-04-22,219.14999389648438,218.74269104003906
2026-04-23,219.11000061035156,218.70277404785156
2026-04-24,215.8000030517578,215.39892578125
2026-04-27,216.0399932861328,215.6384735107422
2026-04-28,216.2100067138672,215.80816650390625
2026-04-29,213.13999938964844,212.74386596679688
2026-04-30,218.55999755859375,218.15379333496094
2026-05-01,216.27000427246094,215.86805725097656
2026-05-04,214.3300018310547,213.93165588378906
2026-05-05,215.3699951171875,214.96971130371094
2026-05-06,223.4199981689453,223.0047607421875
2026-05-07,222.50999450683594,222.096435546875
2026-05-08,223.49000549316406,223.0746307373047
2026-05-11,225.99000549316406,225.5699920654297
2026-05-12,225.38999938964844,224.97109985351562
2026-05-13,225.7100067138672,225.29051208496094
2026-05-14,224.4600067138672,224.04283142089844
2026-05-15,217.27000427246094,216.86619567871094
2026-05-18,220.22999572753906,219.8206787109375
2026-05-19,218.32000732421875,217.91424560546875
2026-05-20,223.27999877929688,222.86502075195312
2026-05-21,223.14999389648438,222.73526000976562
2026-05-22,225.3699951171875,224.9511260986328
2026-05-26,229.49000549316406,229.06349182128906
2026-05-27,230.47999572753906,230.0516357421875
2026-05-28,235.57000732421875,235.13218688964844
2026-05-29,235.44000244140625,235.00242614746094
2026-06-01,229.91000366210938,229.4827117919922
2026-06-02,228.3300018310547,227.9056396484375
2026-06-03,224.88999938964844,224.47203063964844
2026-06-04,231.57000732421875,231.13961791992188
2026-06-05,229.4499969482422,229.0235595703125
2026-06-08,227.25999450683594,226.83761596679688
2026-06-09,230.4499969482422,230.02169799804688
2026-06-10,224.8699951171875,224.45205688476562
2026-06-11,236.0399932861328,235.60130310058594
2026-06-12,233.7899932861328,233.35546875
2026-06-15,237.39999389648438,237.12510681152344
2026-06-16,239.52000427246094,239.24267578125
2026-06-17,242.7899932861328,242.5088653564453
2026-06-18,238.99000549316406,238.71328735351562
2026-06-22,235.50999450683594,235.2373046875
2026-06-23,235.92999267578125,235.6568145751953
2026-06-24,236.19000244140625,235.91651916503906
2026-06-25,237.3800048828125,237.1051483154297
2026-06-26,236.77999877929688,236.50582885742188
2026-06-29,239.1300048828125,238.85311889648438
2026-06-30,242.4199981689453,242.13929748535156
2026-07-01,243.86000061035156,243.57763671875
2026-07-02,248.19000244140625,247.9026336669922
2026-07-06,250.77999877929688,250.4896240234375
2026-07-07,245.11000061035156,244.82618713378906
2026-07-08,239.6300048828125,239.3525390625
2026-07-09,239.6199951171875,239.34254455566406
2026-07-10,239.05999755859375,238.78318786621094
2026-07-13,235.0500030517578,234.77784729003906
2026-07-14,235.27000427246094,234.99758911132812
2026-07-15,236.4199981689453,236.14625549316406
2026-07-16,230.88999938964844,230.62265014648438
2026-07-17,230.72999572753906,230.4628448486328
2026-07-20,229.27000427246094,229.00453186035156
2026-07-21,229.74000549316406,229.4739990234375
2026-07-22,231.11000061035156,230.8424072265625
2026-07-23,238.22999572753906,237.9541473388672
2026-07-24,240.13999938964844,239.86195373535156
2026-07-27,243.91000366210938,243.62757873535156
2026-07-28,244.97999572753906,244.6963348388672
2026-07-29,236.25999450683594,235.98643493652344
2026-07-30,238.1300048828125,237.85427856445312
2026-07-31,239.66000366210938,239.38250732421875
2026-08-03,246.0800018310547,245.79507446289062
2026-08-04,250.64999389648438,250.35977172851562
2026-08-05,252.27999877929688,251.98788452148438
2026-08-06,249.99000549316406,249.70054626464844
2026-08-07,250.75,250.45965576171875
2026-08-10,251.1300048828125,250.8392333984375
2026-08-11,251.89999389648438,251.6083221435547
2026-08-12,251.6199951171875,251.32864379882812
2026-08-13,249.69000244140625,249.40089416503906
2026-08-14,253.22000122070312,252.9268035888672
2026-08-17,251.1999969482422,250.9091339111328
2026-08-18,252.16000366210938,251.86802673339844
2026-08-19,246.14999389648438,245.86497497558594
2026-08-20,237.55999755859375,237.28492736816406
2026-08-21,237.33999633789062,237.065185546875
2026-08-24,233.39999389648438,233.12974548339844
2026-08-25,234.3000030517578,234.02871704101562
2026-08-26,236.3800048828125,236.10630798339844
2026-08-27,234.25999450683594,233.98875427246094
2026-08-28,232.82000732421875,232.55043029785156
2026-08-31,228.35000610351562,228.08560180664062
2026-09-01,225.4600067138672,225.19894409179688
2026-09-02,223.3699951171875,223.11135864257812
2026-09-03,225.97999572753906,225.7183380126953
2026-09-04,225.61000061035156,225.34877014160156
2026-09-08,223.52999877929688,223.27117919921875
2026-09-09,219.4499969482422,219.19590759277344
2026-09-10,218.32000732421875,218.0672149658203
2026-09-11,219.00999450683594,218.75640869140625
2026-09-14,216.77000427246094,216.51901245117188
2026-09-15,214.0,214.0
2026-09-16,215.27000427246094,215.27000427246094
2026-09-17,213.8800048828125,213.8800048828125
2026-09-18,213.83999633789062,213.83999633789062
2026-09-21,216.13999938964844,216.13999938964844
2026-09-22,214.0,214.0
2026-09-23,213.9199981689453,213.9199981689453
2026-09-24,212.75999450683594,212.75999450683594
2026-09-25,213.80999755859375,213.80999755859375
2026-09-28,209.25999450683594,209.25999450683594
2026-09-29,209.3000030517578,209.3000030517578
2026-09-30,207.17999267578125,207.17999267578125
2026-10-01,208.0399932861328,208.0399932861328
2026-10-02,207.7899932861328,207.7899932861328
