Date,Close,Adj Close
2010-01-04,2089.0,2083.11376953125
2010-01-05,2077.0,2071.147705078125
2010-01-06,2113.0,2107.04638671875
2010-01-07,2104.0,2098.072265625
2010-01-08,2100.0,2094.0830078125
2010-01-11,2085.0,2079.12548828125
2010-01-12,2059.0,2053.19873046875
2010-01-13,2030.0,2024.2802734375
2010-01-14,2047.0,2041.232177734375
2010-01-15,2056.0,2050.207275390625
2010-01-18,2059.0,2053.19873046875
2010-01-19,2040.0,2034.252197265625
2010-01-20,1994.0,1988.3818359375
2010-01-21,1993.0,1987.38427734375
2010-01-22,1949.0,1943.508544921875
2010-01-25,1924.0,1918.578857421875
2010-01-26,1891.0,1885.671875
2010-01-27,1860.0,1854.7591552734375
2010-01-28,1886.0,1880.6859130859375
2010-01-29,1913.0,1907.60986328125
2010-02-01,1909.0,1903.6212158203125
2010-02-02,1878.0,1872.70849609375
2010-02-03,1900.0,1894.6466064453125
2010-02-04,1873.0,1867.7225341796875
2010-02-05,1839.0,1833.8184814453125
2010-02-08,1855.0,1849.7735595703125
2010-02-09,1888.0,1882.68017578125
2010-02-10,1901.0,1895.6436767578125
2010-02-11,1904.0,1898.6353759765625
2010-02-12,1888.0,1882.68017578125
2010-02-15,1893.0,1887.6663818359375
2010-02-16,1914.0,1908.607177734375
2010-02-17,1927.0,1921.570556640625
2010-02-18,1953.0,1947.4971923828125
2010-02-19,1966.0,1960.46044921875
2010-02-22,1955.0,1949.49169921875
2010-02-23,1936.0,1930.5450439453125
2010-02-24,1950.0,1944.5057373046875
2010-02-25,1917.0,1911.5985107421875
2010-02-26,1930.0,1924.5621337890625
2010-03-01,2022.0,2016.3028564453125
2010-03-02,2042.0,2036.24658203125
2010-03-03,2029.0,2023.2830810546875
2010-03-04,2009.0,2003.33935546875
2010-03-05,2042.0,2036.24658203125
2010-03-08,2075.0,2069.153564453125
2010-03-09,2089.0,2083.11376953125
2010-03-10,2098.0,2092.0888671875
2010-03-11,2072.0,2066.161865234375
2010-03-12,2048.0,2042.2294921875
2010-03-15,2028.0,2022.2860107421875
2010-03-16,2035.0,2029.2659912109375
2010-03-17,2062.0,2056.18994140625
2010-03-18,2062.0,2056.18994140625
2010-03-19,2087.0,2081.11962890625
2010-03-22,2070.0,2064.167724609375
2010-03-23,2056.0,2050.207275390625
2010-03-24,2086.0,2080.122314453125
2010-03-25,2101.0,2095.080322265625
2010-03-26,2098.0,2092.0888671875
2010-03-29,2116.0,2110.0380859375
2010-03-30,2096.0,2090.093994140625
2010-03-31,2085.0,2079.12548828125
2010-04-01,2112.0,2106.049072265625
2010-04-06,2144.0,2137.95849609375
2010-04-07,2146.0,2139.952880859375
2010-04-08,2119.0,2113.029541015625
2010-04-09,2123.0,2117.01806640625
2010-04-12,2123.0,2117.01806640625
2010-04-13,2094.0,2088.099853515625
2010-04-14,2119.0,2113.029541015625
2010-04-15,2133.0,2126.98974609375
2010-04-16,2096.0,2090.093994140625
2010-04-19,2072.0,2066.161865234375
2010-04-20,2085.0,2079.12548828125
2010-04-21,2078.0,2072.14501953125
2010-04-22,2077.0,2071.147705078125
2010-04-23,2106.0,2100.066650390625
2010-04-26,2132.0,2125.992431640625
2010-04-27,2119.0,2113.029541015625
2010-04-28,2131.0,2124.9951171875
2010-04-29,2137.0,2130.97900390625
2010-04-30,2103.0,2097.07421875
2010-05-04,2055.0,2049.209716796875
2010-05-05,2025.0,2019.294677734375
2010-05-06,2011.0,2005.333740234375
2010-05-07,2032.0,2026.27490234375
2010-05-10,2074.0,2068.156494140625
2010-05-11,2043.0,2037.2437744140625
2010-05-12,2061.0,2055.19287109375
2010-05-13,2107.0,2101.0634765625
2010-05-14,2085.0,2079.12548828125
2010-05-17,2086.0,2080.122314453125
2010-05-18,2085.0,2079.12548828125
2010-05-19,2043.0,2037.2437744140625
2010-05-20,1983.0,1977.41259765625
2010-05-21,1978.0,1972.4268798828125
2010-05-24,1988.0,1982.398681640625
2010-05-25,1926.0,1920.5732421875
2010-05-26,1951.0,1945.502685546875
2010-05-27,1978.0,1972.4268798828125
2010-05-28,1990.0,1984.3927001953125
2010-06-01,1937.0,1931.542236328125
2010-06-02,1933.0,1927.5533447265625
2010-06-03,1963.0,1957.4691162109375
2010-06-04,1941.0,1935.531005859375
2010-06-07,1907.0,1901.626953125
2010-06-08,1910.0,1904.6182861328125
2010-06-09,1909.0,1903.6212158203125
2010-06-10,1921.0,1915.58740234375
2010-06-11,1954.0,1948.4947509765625
2010-06-14,1961.0,1955.4747314453125
2010-06-15,1968.0,1962.455078125
2010-06-16,1990.0,1984.3927001953125
2010-06-17,1976.0,1970.4326171875
2010-06-18,1985.0,1979.4071044921875
2010-06-21,2040.0,2034.252197265625
2010-06-22,2018.0,2012.31396484375
2010-06-23,1978.0,1972.4268798828125
2010-06-24,1954.0,1948.4947509765625
2010-06-25,1940.0,1934.533935546875
2010-06-28,1938.0,1932.5394287109375
2010-06-29,1891.0,1885.671875
2010-06-30,1909.0,1903.6212158203125
2010-07-01,1848.0,1842.7933349609375
2010-07-02,1864.0,1858.7481689453125
2010-07-05,1914.0,1908.607177734375
2010-07-06,1959.0,1953.480224609375
2010-07-07,1958.0,1952.4832763671875
2010-07-08,1982.0,1976.4156494140625
2010-07-09,2001.0,1995.362060546875
2010-07-12,2005.0,1999.350830078125
2010-07-13,1997.0,1991.3734130859375
2010-07-14,2000.0,1994.36474609375
2010-07-15,1974.0,1968.43798828125
2010-07-16,1956.0,1950.48876953125
2010-07-19,1983.0,1977.41259765625
2010-07-20,1997.0,1991.3734130859375
2010-07-21,2004.0,1998.353515625
2010-07-22,2016.0,2010.31982421875
2010-07-23,2001.0,1995.362060546875
2010-07-26,2013.0,2007.3280029296875
2010-07-27,1996.0,1990.376220703125
2010-07-28,1996.0,1990.376220703125
2010-07-29,1992.0,1986.3870849609375
2010-07-30,1988.0,1982.398681640625
2010-08-02,2017.0,2011.3167724609375
2010-08-03,2023.0,2017.300048828125
2010-08-04,2027.0,2021.288818359375
2010-08-05,2011.0,2005.333740234375
2010-08-06,1984.0,1978.4100341796875
2010-08-09,2029.0,2023.2830810546875
2010-08-10,2030.0,2024.2802734375
2010-08-11,1999.0,1993.3675537109375
2010-08-12,2010.0,2004.3365478515625
2010-08-13,2017.0,2011.3167724609375
2010-08-16,2021.0,2015.3056640625
2010-08-17,2057.0,2051.2041015625
2010-08-18,2034.0,2028.26904296875
2010-08-19,2014.0,2008.3255615234375
2010-08-20,2031.0,2025.277587890625
2010-08-23,2055.0,2049.209716796875
2010-08-24,2037.0,2031.2603759765625
2010-08-25,1956.0,1950.48876953125
2010-08-26,1950.0,1944.5057373046875
2010-08-27,1969.0,1963.4522705078125
2010-08-31,1964.0,1958.466064453125
2010-09-01,1986.0,1980.404296875
2010-09-02,1984.0,1978.4100341796875
2010-09-03,2024.0,2018.2974853515625
2010-09-06,2032.0,2026.27490234375
2010-09-07,2026.0,2020.291748046875
2010-09-08,2011.0,2005.333740234375
2010-09-09,2025.0,2019.294677734375
2010-09-10,2044.0,2038.2408447265625
2010-09-13,2097.0,2091.09130859375
2010-09-14,2106.0,2100.066650390625
2010-09-15,2082.0,2076.1337890625
2010-09-16,2069.0,2063.170654296875
2010-09-17,2072.0,2066.161865234375
2010-09-20,2112.0,2106.049072265625
2010-09-21,2105.0,2099.06884765625
2010-09-22,2084.0,2078.128173828125
2010-09-23,2086.0,2080.122314453125
2010-09-24,2085.0,2079.12548828125
2010-09-27,2080.0,2074.1396484375
2010-09-28,2092.0,2086.105712890625
2010-09-29,2106.0,2100.066650390625
2010-09-30,2121.0,2115.024169921875
2010-10-01,2123.0,2117.01806640625
2010-10-04,2107.0,2101.0634765625
2010-10-05,2104.0,2098.072265625
2010-10-06,2131.0,2124.9951171875
2010-10-07,2127.0,2121.007080078125
2010-10-08,2116.0,2110.0380859375
2010-10-11,2102.0,2096.07763671875
2010-10-12,2089.0,2083.11376953125
2010-10-13,2107.0,2101.0634765625
2010-10-14,2106.0,2100.066650390625
2010-10-15,2093.0,2087.1025390625
2010-10-18,2075.0,2069.153564453125
2010-10-19,2064.0,2058.1845703125
2010-10-20,2085.0,2079.12548828125
2010-10-21,2108.0,2102.060546875
2010-10-22,2126.0,2120.01025390625
2010-10-25,2177.0,2170.86669921875
2010-10-26,2155.0,2148.927978515625
2010-10-27,2142.0,2135.96484375
2010-10-28,2154.0,2147.931396484375
2010-10-29,2144.0,2137.95849609375
2010-11-01,2164.0,2157.90283203125
2010-11-02,2170.0,2163.88623046875
2010-11-03,2148.0,2141.947265625
2010-11-04,2181.0,2174.855224609375
2010-11-05,2195.0,2188.815673828125
2010-11-08,2192.0,2185.823974609375
2010-11-09,2218.0,2211.750732421875
2010-11-10,2202.0,2195.7958984375
2010-11-11,2186.0,2179.8408203125
2010-11-12,2145.0,2138.955810546875
2010-11-15,2153.0,2146.934326171875
2010-11-16,2162.0,2155.90869140625
2010-11-17,2158.0,2151.919921875
2010-11-18,2179.0,2172.8603515625
2010-11-19,2171.0,2164.8828125
2010-11-22,2194.0,2187.818359375
2010-11-23,2163.0,2156.90576171875
2010-11-24,2199.0,2192.80419921875
2010-11-25,2221.0,2214.742431640625
2010-11-26,2215.0,2208.7587890625
2010-11-29,2237.0,2230.697265625
2010-11-30,2241.0,2234.685302734375
2010-12-01,2299.0,2292.52197265625
2010-12-02,2329.0,2322.43798828125
2010-12-03,2319.0,2312.465576171875
2010-12-06,2339.0,2332.409912109375
2010-12-07,2328.0,2321.4404296875
2010-12-08,2311.0,2304.48828125
2010-12-09,2342.0,2335.401123046875
2010-12-10,2334.0,2327.423828125
2010-12-13,2342.0,2335.401123046875
2010-12-14,2356.0,2349.361572265625
2010-12-15,2384.0,2377.28271484375
2010-12-16,2401.0,2394.23486328125
2010-12-17,2432.0,2425.147705078125
2010-12-20,2408.0,2401.214599609375
2010-12-21,2437.0,2430.134033203125
2010-12-22,2452.0,2445.0908203125
2010-12-23,2449.0,2442.099609375
2010-12-24,2455.0,2448.08251953125
2010-12-29,2493.0,2485.97607421875
2010-12-30,2523.0,2515.89111328125
2010-12-31,2511.0,2503.924560546875
2011-01-04,2505.0,2497.9423828125
2011-01-05,2485.0,2477.998779296875
2011-01-06,2482.0,2475.007080078125
2011-01-07,2426.0,2419.164306640625
2011-01-10,2429.0,2422.156494140625
2011-01-11,2495.0,2487.9697265625
2011-01-12,2518.0,2510.9052734375
2011-01-13,2484.0,2477.00146484375
2011-01-14,2476.0,2469.0234375
2011-01-17,2456.0,2449.079833984375
2011-01-18,2466.0,2459.0517578125
2011-01-19,2473.0,2466.03271484375
2011-01-20,2462.0,2455.06298828125
2011-01-21,2445.0,2438.11083984375
2011-01-24,2439.0,2432.1279296875
2011-01-25,2471.0,2464.03759765625
2011-01-26,2496.0,2488.96728515625
2011-01-27,2506.0,2498.939208984375
2011-01-28,2500.0,2492.9560546875
2011-01-31,2458.0,2451.07470703125
2011-02-01,2477.0,2470.020751953125
2011-02-02,2483.0,2476.004150390625
2011-02-03,2476.0,2469.0234375
2011-02-04,2491.0,2483.9814453125
2011-02-07,2502.0,2494.950439453125
2011-02-08,2476.0,2469.0234375
2011-02-09,2441.0,2434.12255859375
2011-02-10,2381.0,2374.29150390625
2011-02-11,2344.0,2337.39501953125
2011-02-14,2322.0,2315.4580078125
2011-02-15,2305.0,2298.505859375
2011-02-16,2327.0,2320.443603515625
2011-02-17,2307.5,2300.99853515625
2011-02-18,2344.5,2337.89453125
2011-02-21,2323.5,2316.95361328125
2011-02-22,2279.5,2273.0771484375
2011-02-23,2227.0,2220.72509765625
2011-02-24,2228.5,2222.220458984375
2011-02-25,2263.0,2256.623779296875
2011-02-28,2262.0,2255.6259765625
2011-03-01,2265.5,2259.1171875
2011-03-02,2254.5,2248.14794921875
2011-03-03,2304.0,2297.50830078125
2011-03-04,2317.5,2310.969970703125
2011-03-07,2295.0,2288.533203125
2011-03-08,2328.5,2321.939208984375
2011-03-09,2321.5,2314.958984375
2011-03-10,2272.5,2266.09716796875
2011-03-11,2255.5,2249.14501953125
2011-03-14,2225.5,2219.229736328125
2011-03-15,2174.0,2167.874755859375
2011-03-16,2171.0,2164.8828125
2011-03-17,2172.0,2165.880615234375
2011-03-18,2186.0,2179.8408203125
2011-03-21,2216.5,2210.2548828125
2011-03-22,2191.0,2184.826904296875
2011-03-23,2213.5,2207.263671875
2011-03-24,2277.0,2270.5849609375
2011-03-25,2293.0,2286.539306640625
2011-03-28,2270.5,2264.10302734375
2011-03-29,2292.5,2286.04052734375
2011-03-30,2292.0,2285.5419921875
2011-03-31,2299.0,2292.52197265625
2011-04-01,2336.5,2329.916748046875
2011-04-04,2331.5,2324.930908203125
2011-04-05,2319.0,2312.465576171875
2011-04-06,2360.0,2353.350341796875
2011-04-07,2366.5,2359.83203125
2011-04-08,2344.5,2337.89453125
2011-04-11,2329.5,2322.936767578125
2011-04-12,2289.5,2283.04931640625
2011-04-13,2317.0,2310.4716796875
2011-04-14,2313.0,2306.4833984375
2011-04-15,2295.0,2288.533203125
2011-04-18,2266.0,2259.615478515625
2011-04-19,2265.0,2258.617919921875
2011-04-20,2329.0,2322.43798828125
2011-04-21,2347.0,2340.386474609375
2011-04-26,2368.5,2361.826416015625
2011-04-27,2380.5,2373.79248046875
2011-04-28,2365.5,2358.834716796875
2011-04-29,2365.5,2358.834716796875
2011-05-03,2360.5,2353.84912109375
2011-05-04,2353.0,2346.3701171875
2011-05-05,2380.5,2373.79248046875
2011-05-06,2423.5,2416.671142578125
2011-05-09,2416.5,2409.69091796875
2011-05-10,2433.5,2426.64306640625
2011-05-11,2391.5,2384.76220703125
2011-05-12,2415.0,2408.19580078125
2011-05-13,2410.0,2403.20947265625
2011-05-16,2387.0,2380.27490234375
2011-05-17,2357.5,2350.85791015625
2011-05-18,2401.0,2394.23486328125
2011-05-19,2379.5,2372.795654296875
2011-05-20,2348.0,2341.383544921875
2011-05-23,2319.5,2312.964599609375
2011-05-24,2332.5,2325.927978515625
2011-05-25,2314.5,2307.978271484375
2011-05-26,2314.5,2307.978271484375
2011-05-27,2313.0,2306.4833984375
2011-05-31,2381.0,2374.29150390625
2011-06-01,2404.5,2397.724853515625
2011-06-02,2397.0,2390.24658203125
2011-06-03,2393.5,2386.756103515625
2011-06-06,2390.5,2383.764892578125
2011-06-07,2395.0,2388.251708984375
2011-06-08,2379.0,2372.297119140625
2011-06-09,2388.5,2381.7705078125
2011-06-10,2338.0,2331.412353515625
2011-06-13,2310.0,2303.491455078125
2011-06-14,2337.0,2330.4150390625
2011-06-15,2313.0,2306.4833984375
2011-06-16,2300.0,2293.51904296875
2011-06-17,2299.0,2292.52197265625
2011-06-20,2267.5,2261.111328125
2011-06-21,2299.5,2293.02099609375
2011-06-22,2306.0,2299.5029296875
2011-06-23,2271.5,2265.099853515625
2011-06-24,2267.0,2260.6123046875
2011-06-27,2272.0,2265.59814453125
2011-06-28,2279.0,2272.5791015625
2011-06-29,2299.0,2292.52197265625
2011-06-30,2330.5,2323.93359375
2011-07-01,2354.0,2347.367431640625
2011-07-04,2361.5,2354.8466796875
2011-07-05,2348.5,2341.883056640625
2011-07-06,2364.5,2357.837646484375
2011-07-07,2389.0,2382.26904296875
2011-07-08,2337.5,2330.913818359375
2011-07-11,2332.0,2325.429931640625
2011-07-12,2292.5,2286.04052734375
2011-07-13,2310.0,2303.491455078125
2011-07-14,2285.5,2279.060302734375
2011-07-15,2288.5,2282.0517578125
2011-07-18,2281.0,2274.57373046875
2011-07-19,2290.0,2283.54736328125
2011-07-20,2352.0,2345.372802734375
2011-07-21,2349.5,2342.880126953125
2011-07-22,2347.0,2340.386474609375
2011-07-25,2333.5,2326.92529296875
2011-07-26,2348.0,2341.383544921875
2011-07-27,2342.0,2335.401123046875
2011-07-28,2352.0,2345.372802734375
2011-07-29,2303.0,2296.510986328125
2011-08-01,2309.5,2302.992919921875
2011-08-02,2291.5,2285.043212890625
2011-08-03,2233.5,2227.20751953125
2011-08-04,2168.5,2162.3896484375
2011-08-05,2065.0,2059.181884765625
2011-08-08,2006.5,2000.8466796875
2011-08-09,2034.5,2028.767578125
2011-08-10,2025.0,2019.294677734375
2011-08-11,2093.5,2087.60107421875
2011-08-12,2086.5,2080.620849609375
2011-08-15,2095.0,2089.096923828125
2011-08-16,2077.5,2071.646240234375
2011-08-17,2043.5,2037.7420654296875
2011-08-18,1953.0,1947.4971923828125
2011-08-19,1943.5,1938.02392578125
2011-08-22,1953.5,1947.9959716796875
2011-08-23,2010.0,2004.3365478515625
2011-08-24,1952.5,1946.9986572265625
2011-08-25,1929.5,1924.063232421875
2011-08-26,1943.5,1938.02392578125
2011-08-30,2003.5,1997.8546142578125
2011-08-31,2046.0,2040.2349853515625
2011-09-01,2051.5,2045.719482421875
2011-09-02,2017.5,2011.81494140625
2011-09-05,1974.5,1968.9368896484375
2011-09-06,1978.0,1972.4268798828125
2011-09-07,2039.0,2033.255126953125
2011-09-08,2025.5,2019.793212890625
2011-09-09,2000.0,1994.36474609375
2011-09-12,1991.5,1985.888671875
2011-09-13,1965.5,1959.9619140625
2011-09-14,1953.0,1947.4971923828125
2011-09-15,1998.0,1992.3704833984375
2011-09-16,2026.0,2020.291748046875
2011-09-19,1985.5,1979.90576171875
2011-09-20,2005.0,1999.350830078125
2011-09-21,1980.0,1974.4208984375
2011-09-22,1891.0,1885.671875
2011-09-23,1881.0,1875.6998291015625
2011-09-26,1830.0,1824.8441162109375
2011-09-27,1931.0,1925.5592041015625
2011-09-28,1887.5,1882.1815185546875
2011-09-29,1892.0,1886.6690673828125
2011-09-30,1868.0,1862.736572265625
2011-10-03,1870.0,1864.731201171875
2011-10-04,1837.5,1832.3226318359375
2011-10-05,1872.5,1867.22412109375
2011-10-06,1909.5,1904.119873046875
2011-10-07,1893.0,1887.6663818359375
2011-10-10,1939.0,1933.5364990234375
2011-10-11,1956.0,1950.48876953125
2011-10-12,1958.5,1952.9818115234375
2011-10-13,1931.5,1926.057861328125
2011-10-14,1946.0,1940.5169677734375
2011-10-17,1938.0,1932.5394287109375
2011-10-18,1943.0,1937.525146484375
2011-10-19,1939.5,1934.035400390625
2011-10-20,1887.0,1881.6826171875
2011-10-21,1908.0,1902.6240234375
2011-10-24,1970.5,1964.9482421875
2011-10-25,1950.5,1945.004150390625
2011-10-26,1967.5,1961.95654296875
2011-10-27,2014.0,2008.3255615234375
2011-10-28,2004.0,1998.353515625
2011-10-31,1960.5,1954.9761962890625
2011-11-01,1949.5,1944.00732421875
2011-11-02,1995.0,1989.37890625
2011-11-03,1976.5,1970.93115234375
2011-11-04,1962.5,1956.970458984375
2011-11-07,1967.0,1961.457763671875
2011-11-08,1966.5,1960.9593505859375
2011-11-09,1940.0,1934.533935546875
2011-11-10,1912.0,1906.6126708984375
2011-11-11,1928.0,1922.5677490234375
2011-11-14,1955.5,1949.9903564453125
2011-11-15,1958.5,1952.9818115234375
2011-11-16,1947.5,1942.0126953125
2011-11-17,1922.5,1917.0833740234375
2011-11-18,1894.5,1889.1619873046875
2011-11-21,1832.5,1827.3367919921875
2011-11-22,1843.5,1838.3056640625
2011-11-23,1795.5,1790.441162109375
2011-11-24,1838.0,1832.8214111328125
2011-11-25,1811.0,1805.8973388671875
2011-11-28,1854.0,1848.7764892578125
2011-11-29,1849.5,1844.288818359375
2011-11-30,1895.5,1890.1591796875
2011-12-01,1920.0,1914.590576171875
2011-12-02,1925.0,1919.576171875
2011-12-05,1910.0,1904.6182861328125
2011-12-06,1873.5,1868.2213134765625
2011-12-07,1869.5,1864.2325439453125
2011-12-08,1843.5,1838.3056640625
2011-12-09,1861.0,1855.7564697265625
2011-12-12,1822.5,1817.3651123046875
2011-12-13,1848.0,1842.7933349609375
2011-12-14,1841.5,1836.311279296875
2011-12-15,1828.0,1822.849365234375
2011-12-16,1829.0,1823.8466796875
2011-12-19,1780.5,1775.4830322265625
2011-12-20,1810.5,1805.3988037109375
2011-12-21,1848.5,1843.2918701171875
2011-12-22,1875.5,1870.2154541015625
2011-12-23,1902.0,1896.64111328125
2011-12-28,1890.0,1884.6748046875
2011-12-29,1925.0,1919.576171875
2011-12-30,1906.0,1900.629638671875
2012-01-03,1907.5,1902.125732421875
2012-01-04,1900.0,1894.6466064453125
2012-01-05,1927.5,1922.0693359375
2012-01-06,1937.5,1932.040771484375
2012-01-09,1934.5,1929.04931640625
2012-01-10,1976.5,1970.93115234375
2012-01-11,1995.0,1989.37890625
2012-01-12,1993.5,1987.883056640625
2012-01-13,1993.0,1987.38427734375
2012-01-16,1971.0,1965.446533203125
2012-01-17,1991.0,1985.3900146484375
2012-01-18,1996.0,1990.376220703125
2012-01-19,2035.5,2029.7646484375
2012-01-20,2018.0,2012.31396484375
2012-01-23,2032.0,2026.27490234375
2012-01-24,2021.0,2015.3056640625
2012-01-25,2022.5,2016.801513671875
2012-01-26,2038.5,2032.7564697265625
2012-01-27,2032.0,2026.27490234375
2012-01-30,2005.5,1999.8492431640625
2012-01-31,2029.0,2023.2830810546875
2012-02-01,2057.5,2051.703125
2012-02-02,2081.5,2075.635498046875
2012-02-03,2095.0,2089.096923828125
2012-02-06,2074.5,2068.655029296875
2012-02-07,2077.0,2071.147705078125
2012-02-08,2123.0,2117.01806640625
2012-02-09,2132.0,2125.992431640625
2012-02-10,2107.0,2101.0634765625
2012-02-13,2120.0,2114.02685546875
2012-02-14,2122.0,2116.021484375
2012-02-15,2158.0,2151.919921875
2012-02-16,2121.0,2115.024169921875
2012-02-17,2118.0,2112.032470703125
2012-02-20,2121.0,2115.024169921875
2012-02-21,2120.5,2114.525146484375
2012-02-22,2133.0,2126.98974609375
2012-02-23,2123.0,2117.01806640625
2012-02-24,2113.0,2107.04638671875
2012-02-27,2093.5,2087.60107421875
2012-02-28,2113.5,2107.54541015625
2012-02-29,2143.0,2136.96142578125
2012-03-01,2155.0,2148.927978515625
2012-03-02,2161.5,2155.410400390625
2012-03-05,2114.0,2108.04345703125
2012-03-06,2086.5,2080.620849609375
2012-03-07,2107.0,2101.0634765625
2012-03-08,2126.0,2120.01025390625
2012-03-09,2153.5,2147.4326171875
2012-03-12,2128.0,2122.004150390625
2012-03-13,2159.5,2153.41552734375
2012-03-14,2173.5,2167.37548828125
2012-03-15,2179.0,2172.8603515625
2012-03-16,2154.0,2147.931396484375
2012-03-19,2136.5,2130.480224609375
2012-03-20,2098.0,2092.0888671875
2012-03-21,2119.0,2113.029541015625
2012-03-22,2128.5,2122.5029296875
2012-03-23,2132.0,2125.992431640625
2012-03-26,2112.0,2106.049072265625
2012-03-27,2114.0,2108.04345703125
2012-03-28,2130.0,2123.99853515625
2012-03-29,2064.0,2058.1845703125
2012-03-30,2090.0,2084.111572265625
2012-04-02,2079.0,2073.141845703125
2012-04-03,2059.5,2053.697265625
2012-04-04,2016.0,2010.31982421875
2012-04-05,2056.0,2050.207275390625
2012-04-10,2023.5,2017.7987060546875
2012-04-11,2038.0,2032.2578125
2012-04-12,2057.0,2051.2041015625
2012-04-13,2065.0,2059.181884765625
2012-04-16,2062.5,2056.688720703125
2012-04-17,2044.0,2038.2408447265625
2012-04-18,2009.5,2003.837646484375
2012-04-19,2017.0,2011.3167724609375
2012-04-20,1990.0,1984.3927001953125
2012-04-23,1943.0,1937.525146484375
2012-04-24,1975.0,1969.4351806640625
2012-04-25,1995.0,1989.37890625
2012-04-26,1995.0,1989.37890625
2012-04-27,1979.5,1973.9228515625
2012-04-30,1973.0,1967.4407958984375
2012-05-01,1985.5,1979.90576171875
2012-05-02,2015.0,2009.322998046875
2012-05-03,2023.0,2017.300048828125
2012-05-04,2011.0,2005.333740234375
2012-05-08,1961.0,1955.4747314453125
2012-05-09,1963.0,1957.4691162109375
2012-05-10,1966.5,1960.9593505859375
2012-05-11,1963.0,1957.4691162109375
2012-05-14,1920.0,1914.590576171875
2012-05-15,1941.0,1935.531005859375
2012-05-16,1914.5,1909.105712890625
2012-05-17,1939.0,1933.5364990234375
2012-05-18,1922.0,1916.58447265625
2012-05-21,1929.0,1923.5648193359375
2012-05-22,1953.0,1947.4971923828125
2012-05-23,1901.0,1895.6436767578125
2012-05-24,1914.5,1909.105712890625
2012-05-25,1892.5,1887.1680908203125
2012-05-29,1962.5,1956.970458984375
2012-05-30,1939.0,1933.5364990234375
2012-05-31,1960.0,1954.4774169921875
2012-06-01,1901.0,1895.6436767578125
2012-06-06,1915.5,1910.102783203125
2012-06-07,1911.5,1906.1141357421875
2012-06-08,1889.5,1884.176025390625
2012-06-11,1895.0,1889.66064453125
2012-06-12,1897.0,1891.6549072265625
2012-06-13,1893.5,1888.1649169921875
2012-06-14,1896.0,1890.6578369140625
2012-06-15,1906.5,1901.1282958984375
2012-06-18,1925.5,1920.074951171875
2012-06-19,1945.5,1940.0185546875
2012-06-20,1939.0,1933.5364990234375
2012-06-21,1924.0,1918.578857421875
2012-06-22,1914.0,1908.607177734375
2012-06-25,1884.5,1879.190185546875
2012-06-26,1880.0,1874.702880859375
2012-06-27,1917.5,1912.09716796875
2012-06-28,1898.0,1892.652099609375
2012-06-29,1951.0,1945.502685546875
2012-07-02,1951.0,1945.502685546875
2012-07-03,1990.5,1984.8914794921875
2012-07-04,1995.5,1989.8775634765625
2012-07-05,2005.0,1999.350830078125
2012-07-06,1968.5,1962.953857421875
2012-07-09,1967.0,1961.457763671875
2012-07-10,1958.0,1952.4832763671875
2012-07-11,1947.5,1942.0126953125
2012-07-12,1917.0,1911.5985107421875
2012-07-13,1918.0,1912.595947265625
2012-07-16,1893.0,1887.6663818359375
2012-07-17,1904.5,1899.1341552734375
2012-07-18,1896.5,1891.156494140625
2012-07-19,1911.5,1906.1141357421875
2012-07-20,1909.0,1903.6212158203125
2012-07-23,1870.0,1864.731201171875
2012-07-24,1863.0,1857.7509765625
2012-07-25,1875.5,1870.2154541015625
2012-07-26,1870.5,1865.229736328125
2012-07-27,1909.5,1904.119873046875
2012-07-30,1919.0,1913.5931396484375
2012-07-31,1946.0,1940.5169677734375
2012-08-01,1965.5,1959.9619140625
2012-08-02,1952.5,1946.9986572265625
2012-08-03,1975.0,1969.4351806640625
2012-08-06,1980.0,1974.4208984375
2012-08-07,1989.0,1983.3956298828125
2012-08-08,1986.0,1980.404296875
2012-08-09,2021.5,2015.8040771484375
2012-08-10,2011.5,2005.832275390625
2012-08-13,2001.5,1995.8604736328125
2012-08-14,2030.0,2024.2802734375
2012-08-15,2018.0,2012.31396484375
2012-08-16,2022.5,2016.801513671875
2012-08-17,2017.0,2011.3167724609375
2012-08-20,2007.5,2001.8436279296875
2012-08-21,2022.0,2016.3028564453125
2012-08-22,1961.5,1955.9735107421875
2012-08-23,1951.5,1946.001220703125
2012-08-24,1963.5,1957.9676513671875
2012-08-28,1935.5,1930.0465087890625
2012-08-29,1934.5,1929.04931640625
2012-08-30,1934.5,1929.04931640625
2012-08-31,1951.0,1945.502685546875
2012-09-03,1958.5,1952.9818115234375
2012-09-04,1941.0,1935.531005859375
2012-09-05,1928.0,1922.5677490234375
2012-09-06,1946.0,1940.5169677734375
2012-09-07,1953.0,1947.4971923828125
2012-09-10,1968.0,1962.455078125
2012-09-11,1979.5,1973.9228515625
2012-09-12,2000.5,1994.8636474609375
2012-09-13,1994.0,1988.3818359375
2012-09-14,2052.0,2046.21826171875
2012-09-17,2044.5,2038.7391357421875
2012-09-18,2038.0,2032.2578125
2012-09-19,2045.5,2039.736328125
2012-09-20,2033.0,2027.27197265625
2012-09-21,2046.5,2040.733642578125
2012-09-24,2041.5,2035.748046875
2012-09-25,2037.0,2031.2603759765625
2012-09-26,2008.0,2002.3421630859375
2012-09-27,2018.0,2012.31396484375
2012-09-28,2022.5,2016.801513671875
2012-10-01,2047.0,2041.232177734375
2012-10-02,2044.5,2038.7391357421875
2012-10-03,2056.5,2050.705810546875
2012-10-04,2031.5,2025.776123046875
2012-10-05,2049.5,2043.724853515625
2012-10-08,2033.5,2027.7703857421875
2012-10-09,2011.0,2005.333740234375
2012-10-10,2003.0,1997.3563232421875
2012-10-11,1994.5,1988.8802490234375
2012-10-12,1970.5,1964.9482421875
2012-10-15,1988.5,1982.897216796875
2012-10-16,2008.5,2002.840576171875
2012-10-17,1995.5,1989.8775634765625
2012-10-18,1991.0,1985.3900146484375
2012-10-19,1966.0,1960.46044921875
2012-10-22,1970.5,1964.9482421875
2012-10-23,1937.5,1932.040771484375
2012-10-24,1947.5,1942.0126953125
2012-10-25,1932.0,1926.556396484375
2012-10-26,1912.5,1907.111328125
2012-10-29,1922.5,1917.0833740234375
2012-10-30,1937.0,1931.542236328125
2012-10-31,1910.0,1904.6182861328125
2012-11-01,1938.5,1933.0380859375
2012-11-02,1932.5,1927.05517578125
2012-11-05,1940.0,1934.533935546875
2012-11-06,1967.0,1961.457763671875
2012-11-07,1940.0,1934.533935546875
2012-11-08,1952.0,1946.4998779296875
2012-11-09,1994.5,1988.8802490234375
2012-11-12,1996.5,1990.874755859375
2012-11-13,1954.5,1948.9932861328125
2012-11-14,1953.0,1947.4971923828125
2012-11-15,1945.5,1940.0185546875
2012-11-16,1934.5,1929.04931640625
2012-11-19,1967.0,1961.457763671875
2012-11-20,1961.5,1955.9735107421875
2012-11-21,1942.0,1936.5281982421875
2012-11-22,1945.0,1939.51953125
2012-11-23,2013.0,2007.3280029296875
2012-11-26,2015.5,2009.8214111328125
2012-11-27,2023.5,2017.7987060546875
2012-11-28,2028.5,2022.78466796875
2012-11-29,2054.5,2048.7109375
2012-11-30,2072.0,2066.161865234375
2012-12-03,2062.5,2056.688720703125
2012-12-04,2066.0,2060.178955078125
2012-12-05,2075.0,2069.153564453125
2012-12-06,2083.0,2077.131103515625
2012-12-07,2091.5,2085.6064453125
2012-12-10,2085.5,2079.623779296875
2012-12-11,2091.5,2085.6064453125
2012-12-12,2094.0,2088.099853515625
2012-12-13,2104.0,2098.072265625
2012-12-14,2090.5,2084.609619140625
2012-12-17,2067.0,2061.176025390625
2012-12-18,2051.0,2045.220947265625
2012-12-19,2053.0,2047.21484375
2012-12-20,2037.0,2031.2603759765625
2012-12-21,2025.0,2019.294677734375
2012-12-24,2034.5,2028.767578125
2012-12-27,2055.5,2049.708740234375
2012-12-28,2066.5,2060.67724609375
2012-12-31,2066.0,2060.178955078125
2013-01-02,2114.5,2108.542724609375
2013-01-03,2125.0,2119.0126953125
2013-01-04,2118.5,2112.530517578125
2013-01-07,2099.5,2093.584716796875
2013-01-08,2077.5,2071.646240234375
2013-01-09,2112.0,2106.049072265625
2013-01-10,2121.0,2115.024169921875
2013-01-11,2107.0,2101.0634765625
2013-01-14,2118.5,2112.530517578125
2013-01-15,2085.5,2079.623779296875
2013-01-16,2097.5,2091.59033203125
2013-01-17,2098.0,2092.0888671875
2013-01-18,2121.5,2115.522216796875
2013-01-21,2127.0,2121.007080078125
2013-01-22,2130.0,2123.99853515625
2013-01-23,2121.5,2115.522216796875
2013-01-24,2124.0,2118.015869140625
2013-01-25,2090.5,2084.609619140625
2013-01-28,2111.0,2105.0517578125
2013-01-29,2128.5,2122.5029296875
2013-01-30,2119.5,2113.528076171875
2013-01-31,2108.5,2102.558837890625
2013-02-01,2129.0,2123.0009765625
2013-02-04,2129.5,2123.50048828125
2013-02-05,2148.0,2141.947265625
2013-02-06,2145.0,2138.955810546875
2013-02-07,2135.5,2129.48291015625
2013-02-08,2132.0,2125.992431640625
2013-02-11,2159.5,2153.41552734375
2013-02-12,2163.5,2157.40478515625
2013-02-13,2190.0,2183.829833984375
2013-02-14,2196.5,2190.310791015625
2013-02-15,2196.5,2190.310791015625
2013-02-18,2192.0,2185.823974609375
2013-02-19,2219.0,2212.747802734375
2013-02-20,2226.0,2219.728271484375
2013-02-21,2187.5,2181.3359375
2013-02-22,2203.5,2197.291259765625
2013-02-25,2233.0,2226.70849609375
2013-02-26,2193.5,2187.31982421875
2013-02-27,2211.5,2205.26904296875
2013-02-28,2214.5,2208.260498046875
2013-03-01,2234.0,2227.70556640625
2013-03-04,2199.0,2192.80419921875
2013-03-05,2231.0,2224.71435546875
2013-03-06,2237.0,2230.697265625
2013-03-07,2243.0,2236.679931640625
2013-03-08,2271.0,2264.601318359375
2013-03-11,2275.5,2269.088134765625
2013-03-12,2257.0,2250.640625
2013-03-13,2255.5,2249.14501953125
2013-03-14,2231.5,2225.212646484375
2013-03-15,2192.5,2186.322509765625
2013-03-18,2175.5,2169.37060546875
2013-03-19,2158.5,2152.418701171875
2013-03-20,2167.0,2160.89453125
2013-03-21,2148.5,2142.44580078125
2013-03-22,2140.0,2133.970703125
2013-03-25,2153.5,2147.4326171875
2013-03-26,2175.0,2168.87158203125
2013-03-27,2179.0,2172.8603515625
2013-03-28,2169.0,2162.888671875
2013-04-02,2204.5,2198.288330078125
2013-04-03,2190.5,2184.32763671875
2013-04-04,2173.5,2167.37548828125
2013-04-05,2122.5,2116.519287109375
2013-04-08,2094.5,2088.597900390625
2013-04-09,2092.5,2086.60400390625
2013-04-10,2128.5,2122.5029296875
2013-04-11,2135.5,2129.48291015625
2013-04-12,2094.5,2088.597900390625
2013-04-15,2104.0,2098.072265625
2013-04-16,2125.0,2119.0126953125
2013-04-17,2116.5,2110.537109375
2013-04-18,2147.5,2141.448974609375
2013-04-19,2206.5,2200.282470703125
2013-04-22,2196.0,2189.813720703125
2013-04-23,2204.0,2197.789794921875
2013-04-24,2208.0,2201.778564453125
2013-04-25,2202.5,2196.293701171875
2013-04-26,2187.5,2181.3359375
2013-04-29,2219.0,2212.747802734375
2013-04-30,2222.5,2216.237548828125
2013-05-01,2224.0,2217.734130859375
2013-05-02,2247.5,2241.167724609375
2013-05-03,2253.5,2247.15087890625
2013-05-07,2264.5,2258.119384765625
2013-05-08,2287.5,2281.05517578125
2013-05-09,2300.5,2294.017822265625
2013-05-10,2303.5,2297.009521484375
2013-05-13,2282.0,2275.57080078125
2013-05-14,2299.0,2292.52197265625
2013-05-15,2288.0,2281.552978515625
2013-05-16,2298.5,2292.0234375
2013-05-17,2312.0,2305.4853515625
2013-05-20,2305.5,2299.004150390625
2013-05-21,2326.0,2319.446044921875
2013-05-22,2343.5,2336.8974609375
2013-05-23,2271.5,2265.099853515625
2013-05-24,2250.5,2244.1591796875
2013-05-28,2304.0,2297.50830078125
2013-05-29,2277.0,2270.5849609375
2013-05-30,2270.0,2263.604248046875
2013-05-31,2258.0,2251.6376953125
2013-06-03,2226.0,2219.728271484375
2013-06-04,2221.5,2215.2412109375
2013-06-05,2200.5,2194.2998046875
2013-06-06,2168.0,2161.8916015625
2013-06-07,2199.5,2193.302490234375
2013-06-10,2176.5,2170.367431640625
2013-06-11,2158.5,2152.418701171875
2013-06-12,2123.5,2117.516357421875
2013-06-13,2112.0,2106.049072265625
2013-06-14,2089.0,2083.11376953125
2013-06-17,2119.5,2113.528076171875
2013-06-18,2128.0,2122.004150390625
2013-06-19,2127.0,2121.007080078125
2013-06-20,2059.0,2053.19873046875
2013-06-21,2042.0,2036.24658203125
2013-06-24,2012.0,2006.3310546875
2013-06-25,2065.0,2059.181884765625
2013-06-26,2100.0,2094.0830078125
2013-06-27,2135.5,2129.48291015625
2013-06-28,2171.5,2165.38134765625
2013-07-01,2187.5,2181.3359375
2013-07-02,2188.5,2182.33349609375
2013-07-03,2142.0,2135.96484375
2013-07-04,2191.0,2184.826904296875
2013-07-05,2211.5,2205.26904296875
2013-07-08,2204.5,2198.288330078125
2013-07-09,2238.0,2231.694580078125
2013-07-10,2244.0,2237.6767578125
2013-07-11,2287.0,2280.55615234375
2013-07-12,2264.5,2258.119384765625
2013-07-15,2301.5,2295.015625
2013-07-16,2288.0,2281.552978515625
2013-07-17,2289.5,2283.04931640625
2013-07-18,2243.5,2237.1787109375
2013-07-19,2183.5,2177.347900390625
2013-07-22,2200.5,2194.2998046875
2013-07-23,2220.0,2213.744873046875
2013-07-24,2212.0,2205.767578125
2013-07-25,2210.5,2204.271728515625
2013-07-26,2198.0,2191.806640625
2013-07-29,2193.0,2186.82080078125
2013-07-30,2237.5,2231.196044921875
2013-07-31,2216.5,2210.2548828125
2013-08-01,2224.0,2217.734130859375
2013-08-02,2213.0,2206.764892578125
2013-08-05,2200.5,2194.2998046875
2013-08-06,2164.0,2157.90283203125
2013-08-07,2092.0,2086.105712890625
2013-08-08,2102.0,2096.07763671875
2013-08-09,2103.0,2097.07421875
2013-08-12,2117.0,2111.03515625
2013-08-13,2137.0,2130.97900390625
2013-08-14,2120.5,2114.525146484375
2013-08-15,2091.0,2085.108154296875
2013-08-16,2111.5,2105.551025390625
2013-08-19,2084.0,2078.128173828125
2013-08-20,2069.5,2063.6689453125
2013-08-21,2052.5,2046.7169189453125
2013-08-22,2073.5,2067.657470703125
2013-08-23,2106.0,2100.066650390625
2013-08-27,2075.5,2069.65185546875
2013-08-28,2062.0,2056.18994140625
2013-08-29,2107.0,2101.0634765625
2013-08-30,2114.0,2108.04345703125
2013-09-02,2154.5,2148.42919921875
2013-09-03,2149.0,2142.944580078125
2013-09-04,2149.5,2143.443603515625
2013-09-05,2174.5,2168.372802734375
2013-09-06,2185.5,2179.342041015625
2013-09-09,2180.5,2174.35595703125
2013-09-10,2198.5,2192.30517578125
2013-09-11,2170.5,2164.3837890625
2013-09-12,2158.0,2151.919921875
2013-09-13,2154.0,2147.931396484375
2013-09-16,2171.5,2165.38134765625
2013-09-17,2164.5,2158.401123046875
2013-09-18,2140.0,2133.970703125
2013-09-19,2183.0,2176.849365234375
2013-09-20,2172.5,2166.378662109375
2013-09-23,2159.0,2152.916748046875
2013-09-24,2168.5,2162.3896484375
2013-09-25,2145.0,2138.955810546875
2013-09-26,2135.0,2128.984375
2013-09-27,2112.5,2106.548095703125
2013-09-30,2084.0,2078.128173828125
2013-10-01,2114.5,2108.542724609375
2013-10-02,2110.5,2104.5537109375
2013-10-03,2165.5,2159.399169921875
2013-10-04,2184.5,2178.3447265625
2013-10-07,2162.0,2155.90869140625
2013-10-08,2166.5,2160.39599609375
2013-10-09,2173.5,2167.37548828125
2013-10-10,2215.0,2208.7587890625
2013-10-11,2211.5,2205.26904296875
2013-10-14,2188.0,2181.835205078125
2013-10-15,2208.0,2201.778564453125
2013-10-16,2204.5,2198.288330078125
2013-10-17,2179.0,2172.8603515625
2013-10-18,2195.5,2189.31396484375
2013-10-21,2186.5,2180.339111328125
2013-10-22,2207.0,2200.78125
2013-10-23,2167.5,2161.392822265625
2013-10-24,2182.0,2175.852783203125
2013-10-25,2166.5,2160.39599609375
2013-10-28,2191.0,2184.826904296875
2013-10-29,2211.5,2205.26904296875
2013-10-30,2211.5,2205.26904296875
2013-10-31,2204.0,2197.789794921875
2013-11-01,2208.0,2201.778564453125
2013-11-04,2197.5,2191.308349609375
2013-11-05,2165.5,2159.399169921875
2013-11-06,2161.0,2154.9111328125
2013-11-07,2145.5,2139.45458984375
2013-11-08,2132.0,2125.992431640625
2013-11-11,2135.5,2129.48291015625
2013-11-12,2137.0,2130.97900390625
2013-11-13,2103.0,2097.07421875
2013-11-14,2105.5,2099.568115234375
2013-11-15,2133.0,2126.98974609375
2013-11-18,2143.0,2136.96142578125
2013-11-19,2141.5,2135.4658203125
2013-11-20,2129.0,2123.0009765625
2013-11-21,2087.0,2081.11962890625
2013-11-22,2086.0,2080.122314453125
2013-11-25,2112.0,2106.049072265625
2013-11-26,2119.5,2113.528076171875
2013-11-27,2132.5,2126.491455078125
2013-11-28,2137.5,2131.4775390625
2013-11-29,2149.5,2143.443603515625
2013-12-02,2135.0,2128.984375
2013-12-03,2121.5,2115.522216796875
2013-12-04,2131.5,2125.493896484375
2013-12-05,2125.0,2119.0126953125
2013-12-06,2145.0,2138.955810546875
2013-12-09,2150.0,2143.9423828125
2013-12-10,2135.5,2129.48291015625
2013-12-11,2135.0,2128.984375
2013-12-12,2119.5,2113.528076171875
2013-12-13,2119.0,2113.029541015625
2013-12-16,2133.0,2126.98974609375
2013-12-17,2128.0,2122.004150390625
2013-12-18,2098.0,2092.0888671875
2013-12-19,2090.0,2084.111572265625
2013-12-20,2112.0,2106.049072265625
2013-12-23,2130.0,2123.99853515625
2013-12-24,2108.0,2102.060546875
2013-12-27,2125.0,2119.0126953125
2013-12-30,2156.0,2149.92529296875
2013-12-31,2147.0,2140.94970703125
2014-01-02,2131.0,2124.9951171875
2014-01-03,2112.5,2106.548095703125
2014-01-06,2097.5,2091.59033203125
2014-01-07,2100.5,2094.58203125
2014-01-08,2095.0,2089.096923828125
2014-01-09,2079.0,2073.141845703125
2014-01-10,2107.5,2101.56201171875
2014-01-13,2118.5,2112.530517578125
2014-01-14,2109.5,2103.55615234375
2014-01-15,2141.5,2135.4658203125
2014-01-16,2147.5,2141.448974609375
2014-01-17,2124.0,2118.015869140625
2014-01-20,2146.5,2140.45166015625
2014-01-21,2111.5,2105.551025390625
2014-01-22,2112.0,2106.049072265625
2014-01-23,2086.0,2080.122314453125
2014-01-24,2085.0,2079.12548828125
2014-01-27,2037.5,2031.7587890625
2014-01-28,2038.0,2032.2578125
2014-01-29,2033.5,2027.7703857421875
2014-01-30,2039.0,2033.255126953125
2014-01-31,2035.5,2029.7646484375
2014-02-03,2034.0,2028.26904296875
2014-02-04,2047.0,2041.232177734375
2014-02-05,2026.0,2020.291748046875
2014-02-06,2053.5,2047.7138671875
2014-02-07,2064.5,2058.683837890625
2014-02-10,2044.5,2038.7391357421875
2014-02-11,2055.0,2049.209716796875
2014-02-12,2072.5,2066.66015625
2014-02-13,2051.5,2045.719482421875
2014-02-14,2074.5,2068.655029296875
2014-02-17,2068.5,2062.671875
2014-02-18,2070.0,2064.167724609375
2014-02-19,2064.0,2058.1845703125
2014-02-20,2055.0,2049.209716796875
2014-02-21,2083.0,2077.131103515625
2014-02-24,2077.0,2071.147705078125
2014-02-25,2058.5,2052.7001953125
2014-02-26,2073.5,2067.7001953125
2014-02-27,2079.0,2073.1845703125
2014-02-28,2066.5,2060.7197265625
2014-03-03,2042.5,2036.7867431640625
2014-03-04,2072.0,2066.20458984375
2014-03-05,2064.5,2058.7255859375
2014-03-06,2111.0,2105.094970703125
2014-03-07,2093.0,2087.145263671875
2014-03-10,2098.5,2092.630126953125
2014-03-11,2102.5,2096.61962890625
2014-03-12,2095.5,2089.63818359375
2014-03-13,2095.5,2089.63818359375
2014-03-14,2103.5,2097.61669921875
2014-03-17,2116.5,2110.580078125
2014-03-18,2122.5,2116.562744140625
2014-03-19,2093.0,2087.145263671875
2014-03-20,2076.5,2070.692138671875
2014-03-21,2095.5,2089.63818359375
2014-03-24,2078.5,2072.686767578125
2014-03-25,2118.0,2112.075927734375
2014-03-26,2117.0,2111.078369140625
2014-03-27,2128.0,2122.047119140625
2014-03-28,2139.0,2133.01708984375
2014-03-31,2145.0,2139.0
2014-04-01,2161.5,2155.454833984375
2014-04-02,2170.5,2164.428466796875
2014-04-03,2162.5,2156.451171875
2014-04-04,2199.0,2192.84912109375
2014-04-07,2169.5,2163.431396484375
2014-04-08,2174.5,2168.41748046875
2014-04-09,2181.5,2175.398193359375
2014-04-10,2180.0,2173.90234375
2014-04-11,2171.5,2165.426025390625
2014-04-14,2170.5,2164.428466796875
2014-04-15,2162.5,2156.451171875
2014-04-16,2174.0,2167.91943359375
2014-04-17,2196.0,2189.8583984375
2014-04-22,2184.0,2177.89111328125
2014-04-23,2168.0,2161.936279296875
2014-04-24,2177.0,2170.911376953125
2014-04-25,2123.0,2117.061767578125
2014-04-28,2149.5,2143.48779296875
2014-04-29,2179.5,2173.40380859375
2014-04-30,2140.5,2134.512451171875
2014-05-01,2153.5,2147.4765625
2014-05-02,2165.5,2159.443359375
2014-05-06,2158.5,2152.462890625
2014-05-07,2152.0,2145.98046875
2014-05-08,2178.5,2172.406005859375
2014-05-09,2169.5,2163.431396484375
2014-05-12,2152.0,2145.98046875
2014-05-13,2164.0,2157.947021484375
2014-05-14,2185.0,2178.88818359375
2014-05-15,2165.0,2158.9443359375
2014-05-16,2186.5,2180.3837890625
2014-05-19,2188.0,2181.880126953125
2014-05-20,2185.0,2178.88818359375
2014-05-21,2177.5,2171.409423828125
2014-05-22,2202.5,2196.339111328125
2014-05-23,2211.5,2205.314453125
2014-05-27,2228.0,2221.768798828125
2014-05-28,2256.0,2249.689208984375
2014-05-29,2256.5,2250.188232421875
2014-05-30,2233.0,2226.754150390625
2014-06-02,2241.5,2235.23046875
2014-06-03,2246.5,2240.2158203125
2014-06-04,2247.5,2241.2138671875
2014-06-05,2248.5,2242.21044921875
2014-06-06,2260.0,2253.67822265625
2014-06-09,2265.0,2258.664306640625
2014-06-10,2282.5,2276.115478515625
2014-06-11,2275.5,2269.135009765625
2014-06-12,2263.5,2257.16845703125
2014-06-13,2244.0,2237.722900390625
2014-06-16,2240.0,2233.73388671875
2014-06-17,2260.75,2254.42626953125
2014-06-18,2267.5,2261.157958984375
2014-06-19,2272.75,2266.392578125
2014-06-20,2258.5,2252.1826171875
2014-06-23,2260.75,2254.42626953125
2014-06-24,2277.75,2271.37939453125
2014-06-25,2264.5,2258.165771484375
2014-06-26,2277.5,2271.129638671875
2014-06-27,2281.0,2274.620361328125
2014-06-30,2298.0,2291.572265625
2014-07-01,2322.5,2316.00390625
2014-07-02,2329.75,2323.2333984375
2014-07-03,2353.0,2346.418212890625
2014-07-04,2349.25,2342.6787109375
2014-07-07,2352.75,2346.169189453125
2014-07-08,2351.0,2344.423583984375
2014-07-09,2347.75,2341.1826171875
2014-07-10,2361.5,2354.894775390625
2014-07-11,2369.0,2362.3740234375
2014-07-14,2385.5,2378.8271484375
2014-07-15,2371.25,2364.617919921875
2014-07-16,2348.25,2341.681640625
2014-07-17,2324.5,2317.998291015625
2014-07-18,2337.75,2331.211181640625
2014-07-21,2341.75,2335.19970703125
2014-07-22,2377.0,2370.3515625
2014-07-23,2378.25,2371.597900390625
2014-07-24,2389.0,2382.31787109375
2014-07-25,2356.75,2350.15771484375
2014-07-28,2356.0,2349.409912109375
2014-07-29,2366.5,2359.88037109375
2014-07-30,2370.75,2364.118896484375
2014-07-31,2306.5,2300.048828125
2014-08-01,2327.75,2321.23828125
2014-08-04,2341.0,2334.451904296875
2014-08-05,2285.25,2278.857421875
2014-08-06,2296.0,2289.577880859375
2014-08-07,2291.75,2285.339599609375
2014-08-08,2310.5,2304.036376953125
2014-08-11,2332.5,2325.975830078125
2014-08-12,2317.75,2311.26708984375
2014-08-13,2376.5,2369.8525390625
2014-08-14,2372.5,2365.86376953125
2014-08-15,2365.5,2358.88330078125
2014-08-18,2361.5,2354.894775390625
2014-08-19,2409.25,2402.511474609375
2014-08-20,2384.75,2378.371826171875
2014-08-21,2379.0,2372.636962890625
2014-08-22,2405.75,2399.315185546875
2014-08-26,2413.5,2407.044921875
2014-08-27,2436.0,2429.484619140625
2014-08-28,2427.0,2420.508544921875
2014-08-29,2428.0,2421.506103515625
2014-09-01,2451.5,2444.94287109375
2014-09-02,2424.75,2418.2646484375
2014-09-03,2455.75,2449.181884765625
2014-09-04,2458.25,2451.67431640625
2014-09-05,2455.0,2448.43359375
2014-09-08,2496.5,2489.822509765625
2014-09-09,2496.25,2489.5732421875
2014-09-10,2452.5,2445.94091796875
2014-09-11,2428.25,2421.755615234375
2014-09-12,2401.25,2394.827392578125
2014-09-15,2392.5,2386.100830078125
2014-09-16,2388.5,2382.11181640625
2014-09-17,2389.0,2382.6103515625
2014-09-18,2384.0,2377.623779296875
2014-09-19,2373.0,2366.65283203125
2014-09-22,2336.75,2330.5
2014-09-23,2326.25,2320.02880859375
2014-09-24,2340.75,2334.4892578125
2014-09-25,2293.0,2286.8671875
2014-09-26,2292.25,2286.119140625
2014-09-29,2278.5,2272.40576171875
2014-09-30,2292.75,2286.617431640625
2014-10-01,2290.5,2284.373779296875
2014-10-02,2301.0,2294.845458984375
2014-10-03,2370.5,2364.16015625
2014-10-06,2366.75,2360.419677734375
2014-10-07,2334.0,2327.757568359375
2014-10-08,2317.25,2311.0517578125
2014-10-09,2320.0,2313.794921875
2014-10-10,2270.5,2264.427490234375
2014-10-13,2277.0,2270.91015625
2014-10-14,2303.0,2296.84033203125
2014-10-15,2257.5,2251.461669921875
2014-10-16,2284.25,2278.140380859375
2014-10-17,2271.0,2264.92578125
2014-10-20,2282.0,2275.897216796875
2014-10-21,2301.75,2295.593505859375
2014-10-22,2319.5,2313.2958984375
2014-10-23,2319.5,2313.2958984375
2014-10-24,2319.5,2313.2958984375
2014-10-27,2292.0,2285.86962890625
2014-10-28,2341.25,2334.98828125
2014-10-29,2364.75,2358.425048828125
2014-10-30,2364.75,2358.425048828125
2014-10-31,2392.75,2386.349853515625
2014-11-03,2392.75,2386.349853515625
2014-11-04,2380.75,2374.382568359375
2014-11-05,2384.0,2377.623779296875
2014-11-06,2377.75,2371.390625
2014-11-07,2393.0,2386.599609375
2014-11-10,2424.75,2418.2646484375
2014-11-11,2410.25,2403.80419921875
2014-11-12,2384.75,2378.371826171875
2014-11-13,2417.0,2410.53564453125
2014-11-14,2423.0,2416.518798828125
2014-11-17,2403.0,2396.572509765625
2014-11-18,2403.75,2397.320556640625
2014-11-19,2416.25,2409.787353515625
2014-11-20,2440.25,2433.722900390625
2014-11-21,2463.5,2456.910888671875
2014-11-24,2445.25,2438.7099609375
2014-11-25,2441.25,2434.719970703125
2014-11-26,2443.5,2436.965087890625
2014-11-27,2467.25,2460.65087890625
2014-11-28,2466.75,2460.15234375
2014-12-01,2409.5,2403.05517578125
2014-12-02,2403.25,2396.82177734375
2014-12-03,2435.5,2428.98583984375
2014-12-04,2431.5,2424.99609375
2014-12-05,2447.0,2440.455322265625
2014-12-08,2425.25,2418.763427734375
2014-12-09,2383.75,2377.374267578125
2014-12-10,2354.0,2347.7041015625
2014-12-11,2366.75,2360.419677734375
2014-12-12,2330.25,2324.017822265625
2014-12-15,2339.0,2332.744140625
2014-12-16,2335.75,2329.503173828125
2014-12-17,2313.0,2306.813720703125
2014-12-18,2328.0,2321.7734375
2014-12-19,2362.25,2355.931884765625
2014-12-22,2393.0,2386.599609375
2014-12-23,2379.5,2373.1357421875
2014-12-24,2393.0,2386.599609375
2014-12-29,2421.5,2415.02294921875
2014-12-30,2420.5,2414.0263671875
2014-12-31,2413.0,2406.546142578125
2015-01-02,2396.0,2389.591552734375
2015-01-05,2403.5,2397.071044921875
2015-01-06,2369.5,2363.162353515625
2015-01-07,2414.0,2407.5439453125
2015-01-08,2467.75,2461.149658203125
2015-01-09,2421.0,2414.524658203125
2015-01-12,2419.5,2413.0283203125
2015-01-13,2450.75,2444.195068359375
2015-01-14,2397.0,2390.58935546875
2015-01-15,2463.75,2457.16015625
2015-01-16,2472.75,2466.136962890625
2015-01-19,2478.25,2471.621826171875
2015-01-20,2494.0,2487.32958984375
2015-01-21,2537.5,2530.712646484375
2015-01-22,2575.0,2568.112548828125
2015-01-23,2614.0,2607.009033203125
2015-01-26,2617.0,2610.00048828125
2015-01-27,2581.0,2574.0966796875
2015-01-28,2594.5,2587.560546875
2015-01-29,2558.5,2551.65771484375
2015-01-30,2527.5,2520.739990234375
2015-02-02,2567.0,2560.13427734375
2015-02-03,2573.0,2566.1181640625
2015-02-04,2582.0,2575.09423828125
2015-02-05,2565.0,2558.1396484375
2015-02-06,2544.0,2537.196044921875
2015-02-09,2529.5,2522.734375
2015-02-10,2535.5,2528.71875
2015-02-11,2546.0,2539.190673828125
2015-02-12,2555.5,2548.66455078125
2015-02-13,2580.0,2573.09912109375
2015-02-16,2601.0,2594.044189453125
2015-02-17,2583.0,2576.091064453125
2015-02-18,2554.5,2547.667724609375
2015-02-19,2562.5,2555.646240234375
2015-02-20,2568.0,2561.131103515625
2015-02-23,2552.0,2545.174560546875
2015-02-24,2586.5,2579.582275390625
2015-02-25,2585.5,2578.5849609375
2015-02-26,2576.0,2569.266845703125
2015-02-27,2574.0,2567.272216796875
2015-03-02,2573.5,2566.7734375
2015-03-03,2560.5,2553.8076171875
2015-03-04,2568.5,2561.78662109375
2015-03-05,2572.5,2565.77587890625
2015-03-06,2577.5,2570.76318359375
2015-03-09,2570.5,2563.78125
2015-03-10,2530.0,2523.38671875
2015-03-11,2572.5,2565.77587890625
2015-03-12,2613.5,2606.6689453125
2015-03-13,2614.0,2607.167236328125
2015-03-16,2626.5,2619.634765625
2015-03-17,2637.0,2630.107177734375
2015-03-18,2677.5,2670.50146484375
2015-03-19,2698.0,2690.947998046875
2015-03-20,2683.5,2676.485595703125
2015-03-23,2673.0,2666.0126953125
2015-03-24,2692.5,2685.462646484375
2015-03-25,2636.0,2629.10986328125
2015-03-26,2633.0,2626.118408203125
2015-03-27,2598.5,2591.708251953125
2015-03-30,2640.0,2633.099853515625
2015-03-31,2633.0,2626.118408203125
2015-04-01,2626.5,2619.634765625
2015-04-02,2676.5,2669.504150390625
2015-04-07,2670.5,2663.519287109375
2015-04-08,2629.0,2622.12841796875
2015-04-09,2661.0,2654.04443359375
2015-04-10,2699.5,2692.443603515625
2015-04-13,2688.5,2681.472900390625
2015-04-14,2651.0,2644.071044921875
2015-04-15,2628.5,2621.629638671875
2015-04-16,2638.5,2631.603515625
2015-04-17,2596.5,2589.71337890625
2015-04-20,2630.0,2623.1259765625
2015-04-21,2621.5,2614.64794921875
2015-04-22,2636.0,2629.10986328125
2015-04-23,2704.0,2696.93212890625
2015-04-24,2749.5,2742.313232421875
2015-04-27,2773.0,2765.751953125
2015-04-28,2744.0,2736.827880859375
2015-04-29,2688.5,2681.472900390625
2015-04-30,2656.5,2649.556884765625
2015-05-01,2704.0,2696.93212890625
2015-05-05,2690.0,2682.96875
2015-05-06,2671.5,2664.517333984375
2015-05-07,2649.0,2642.07666015625
2015-05-08,2633.5,2626.6162109375
2015-05-11,2592.0,2585.224853515625
2015-05-12,2567.5,2560.78955078125
2015-05-13,2579.0,2572.259033203125
2015-05-14,2562.5,2555.80224609375
2015-05-15,2562.0,2555.303466796875
2015-05-18,2579.0,2572.259033203125
2015-05-19,2639.0,2632.10205078125
2015-05-20,2615.0,2608.164794921875
2015-05-21,2582.5,2575.75048828125
2015-05-22,2625.0,2618.138427734375
2015-05-26,2632.0,2625.120361328125
2015-05-27,2661.0,2654.04443359375
2015-05-28,2665.0,2658.0341796875
2015-05-29,2642.5,2635.592529296875
2015-06-01,2623.5,2616.642578125
2015-06-02,2609.0,2602.18017578125
2015-06-03,2599.0,2592.206787109375
2015-06-04,2515.5,2508.925048828125
2015-06-05,2508.5,2501.943115234375
2015-06-08,2512.0,2505.433837890625
2015-06-09,2480.5,2474.0166015625
2015-06-10,2510.0,2503.439697265625
2015-06-11,2497.0,2490.473388671875
2015-06-12,2484.75,2478.255615234375
2015-06-15,2468.5,2462.047607421875
2015-06-16,2461.25,2454.81689453125
2015-06-17,2437.75,2431.37841796875
2015-06-18,2452.25,2445.840576171875
2015-06-19,2448.75,2442.349365234375
2015-06-22,2492.25,2485.735595703125
2015-06-23,2508.5,2501.943115234375
2015-06-24,2507.5,2500.946044921875
2015-06-25,2519.5,2512.913818359375
2015-06-26,2514.0,2507.428466796875
2015-06-29,2459.0,2452.572021484375
2015-06-30,2484.0,2477.5068359375
2015-07-01,2535.0,2528.373779296875
2015-07-02,2530.0,2523.38671875
2015-07-03,2546.5,2539.84375
2015-07-06,2507.0,2500.44775390625
2015-07-07,2496.5,2489.974609375
2015-07-08,2438.75,2432.375244140625
2015-07-09,2433.0,2426.640869140625
2015-07-10,2433.75,2427.388427734375
2015-07-13,2462.0,2455.56494140625
2015-07-14,2458.75,2452.322998046875
2015-07-15,2446.5,2440.105224609375
2015-07-16,2448.5,2442.100341796875
2015-07-17,2446.0,2439.60693359375
2015-07-20,2438.75,2432.375244140625
2015-07-21,2458.0,2451.574462890625
2015-07-22,2386.5,2380.26220703125
2015-07-23,2387.25,2381.01025390625
2015-07-24,2346.75,2340.615234375
2015-07-27,2289.75,2283.76513671875
2015-07-28,2299.5,2293.489013671875
2015-07-29,2298.5,2292.4921875
2015-07-30,2321.0,2314.932861328125
2015-07-31,2328.5,2322.413330078125
2015-08-03,2284.25,2278.279541015625
2015-08-04,2281.25,2275.287109375
2015-08-05,2297.5,2291.49462890625
2015-08-06,2257.5,2251.59912109375
2015-08-07,2261.5,2255.58837890625
2015-08-10,2281.0,2275.0380859375
2015-08-11,2193.25,2187.51708984375
2015-08-12,2153.0,2147.372802734375
2015-08-13,2173.0,2167.3203125
2015-08-14,2168.5,2162.83203125
2015-08-17,2134.5,2128.921142578125
2015-08-18,2099.5,2094.01220703125
2015-08-19,2044.25,2038.90673828125
2015-08-20,2039.25,2033.919677734375
2015-08-21,1984.25,1979.0635986328125
2015-08-24,1871.25,1866.3590087890625
2015-08-25,2029.75,2024.444580078125
2015-08-26,2033.75,2028.4342041015625
2015-08-27,2069.5,2064.631591796875
2015-08-28,2094.0,2089.07421875
2015-09-01,2054.5,2049.66748046875
2015-09-02,2077.5,2072.613525390625
2015-09-03,2123.0,2118.00634765625
2015-09-04,2063.75,2058.895751953125
2015-09-07,2044.75,2039.9405517578125
2015-09-08,2087.0,2082.09130859375
2015-09-09,2147.5,2142.448486328125
2015-09-10,2115.25,2110.27490234375
2015-09-11,2127.5,2122.495849609375
2015-09-14,2132.0,2126.984619140625
2015-09-15,2143.5,2138.45849609375
2015-09-16,2167.75,2162.651123046875
2015-09-17,2178.0,2172.877197265625
2015-09-18,2151.25,2146.18994140625
2015-09-21,2113.5,2108.52880859375
2015-09-22,2083.5,2078.599365234375
2015-09-23,2101.5,2096.556640625
2015-09-24,2039.25,2034.4532470703125
2015-09-25,2094.75,2089.82275390625
2015-09-28,2028.25,2023.479248046875
2015-09-29,2039.0,2034.203857421875
2015-09-30,2091.25,2086.330810546875
2015-10-01,2123.5,2118.505126953125
2015-10-02,2119.75,2114.763916015625
2015-10-05,2194.25,2189.0888671875
2015-10-06,2180.75,2175.620849609375
2015-10-07,2201.5,2196.3212890625
2015-10-08,2202.75,2197.568115234375
2015-10-09,2252.0,2246.703125
2015-10-12,2220.25,2215.028076171875
2015-10-13,2219.75,2214.52880859375
2015-10-14,2183.5,2178.364013671875
2015-10-15,2227.75,2222.510009765625
2015-10-16,2234.5,2229.244140625
2015-10-19,2215.5,2210.28857421875
2015-10-20,2223.25,2218.020751953125
2015-10-21,2190.0,2184.8486328125
2015-10-22,2225.0,2219.766357421875
2015-10-23,2257.5,2252.189697265625
2015-10-26,2249.25,2243.959716796875
2015-10-27,2238.0,2232.73583984375
2015-10-28,2229.0,2223.7568359375
2015-10-29,2193.5,2188.3408203125
2015-10-30,2172.0,2166.89111328125
2015-11-02,2197.25,2192.08154296875
2015-11-03,2243.25,2237.973388671875
2015-11-04,2289.5,2284.115234375
2015-11-05,2291.0,2285.611328125
2015-11-06,2248.5,2243.2109375
2015-11-09,2206.0,2200.811279296875
2015-11-10,2176.0,2170.8818359375
2015-11-11,2150.5,2145.44140625
2015-11-12,2161.5,2156.416259765625
2015-11-13,2114.5,2109.5263671875
2015-11-16,2118.25,2113.267333984375
2015-11-17,2167.0,2161.90283203125
2015-11-18,2131.0,2125.987060546875
2015-11-19,2165.0,2159.907470703125
2015-11-20,2194.75,2189.587890625
2015-11-23,2199.75,2194.57568359375
2015-11-24,2178.25,2173.12646484375
2015-11-25,2173.5,2168.386962890625
2015-11-26,2210.5,2205.30029296875
2015-11-27,2150.5,2145.44140625
2015-11-30,2150.75,2145.69091796875
2015-12-01,2191.25,2186.095458984375
2015-12-02,2194.25,2189.0888671875
2015-12-03,2165.5,2160.40673828125
2015-12-04,2167.0,2161.90283203125
2015-12-07,2169.75,2164.646484375
2015-12-08,2139.5,2134.4677734375
2015-12-09,2100.0,2095.060791015625
2015-12-10,2097.25,2092.31689453125
2015-12-11,2045.5,2040.6883544921875
2015-12-14,2047.75,2042.9332275390625
2015-12-15,2105.0,2100.048828125
2015-12-16,2124.0,2119.00439453125
2015-12-17,2157.0,2151.92626953125
2015-12-18,2126.0,2120.999267578125
2015-12-21,2142.0,2136.9619140625
2015-12-22,2157.75,2152.675048828125
2015-12-23,2180.25,2175.121826171875
2015-12-24,2165.0,2159.907470703125
2015-12-29,2173.75,2168.636962890625
2015-12-30,2138.75,2133.718994140625
2015-12-31,2154.75,2149.681640625
2016-01-04,2084.25,2079.34765625
2016-01-05,2098.0,2093.0654296875
2016-01-06,2057.0,2052.160888671875
2016-01-07,2030.5,2025.7237548828125
2016-01-08,2009.0,2004.2745361328125
2016-01-11,2001.5,1996.792236328125
2016-01-12,2031.5,2026.7215576171875
2016-01-13,2030.0,2025.2249755859375
2016-01-14,2029.0,2024.2274169921875
2016-01-15,1988.75,1984.07177734375
2016-01-18,2040.0,2035.2015380859375
2016-01-19,2058.75,2053.90771484375
2016-01-20,1977.25,1972.59912109375
2016-01-21,2020.0,2015.2484130859375
2016-01-22,2046.5,2041.686279296875
2016-01-25,2062.25,2057.39892578125
2016-01-26,2058.5,2053.658203125
2016-01-27,2072.5,2067.624755859375
2016-01-28,2056.0,2051.163330078125
2016-01-29,2151.0,2145.940185546875
2016-02-01,2133.25,2128.232421875
2016-02-02,2110.0,2105.036865234375
2016-02-03,2079.75,2074.858154296875
2016-02-04,2147.5,2142.448486328125
2016-02-05,2125.75,2120.75
2016-02-08,2093.0,2088.07666015625
2016-02-09,2071.0,2066.128662109375
2016-02-10,2101.75,2096.806396484375
2016-02-11,2041.0,2036.1993408203125
2016-02-12,2077.0,2072.114501953125
2016-02-15,2128.0,2122.994140625
2016-02-16,2188.5,2183.352294921875
2016-02-17,2212.0,2206.797119140625
2016-02-18,2211.75,2206.547607421875
2016-02-19,2203.0,2197.818115234375
2016-02-22,2249.75,2244.45849609375
2016-02-23,2233.0,2227.747314453125
2016-02-24,2223.75,2218.519287109375
2016-02-25,2278.25,2272.891357421875
2016-02-26,2300.5,2295.0888671875
2016-02-29,2293.75,2288.354248046875
2016-03-01,2345.5,2339.98291015625
2016-03-02,2324.0,2318.533447265625
2016-03-03,2329.75,2324.270263671875
2016-03-04,2359.75,2354.198974609375
2016-03-07,2360.5,2354.94775390625
2016-03-08,2327.0,2321.52587890625
2016-03-09,2348.5,2342.97607421875
2016-03-10,2300.25,2294.95947265625
2016-03-11,2343.5,2338.110107421875
2016-03-14,2357.5,2352.077880859375
2016-03-15,2332.75,2327.385009765625
2016-03-16,2373.75,2368.29052734375
2016-03-17,2376.0,2370.534912109375
2016-03-18,2395.0,2389.49169921875
2016-03-21,2389.0,2383.505615234375
2016-03-22,2419.25,2413.685302734375
2016-03-23,2407.0,2401.4638671875
2016-03-24,2381.5,2376.022705078125
2016-03-29,2346.5,2341.10302734375
2016-03-30,2410.0,2404.45751953125
2016-03-31,2384.0,2378.51708984375
2016-04-01,2388.0,2382.5078125
2016-04-04,2381.75,2376.272216796875
2016-04-05,2359.5,2354.0732421875
2016-04-06,2327.5,2322.146484375
2016-04-07,2308.5,2303.1904296875
2016-04-08,2332.5,2327.135498046875
2016-04-11,2341.0,2335.61572265625
2016-04-12,2340.0,2334.6181640625
2016-04-13,2381.25,2375.773681640625
2016-04-14,2373.75,2368.29052734375
2016-04-15,2386.0,2380.512451171875
2016-04-18,2369.0,2363.551513671875
2016-04-19,2358.75,2353.324951171875
2016-04-20,2313.5,2308.178466796875
2016-04-21,2319.0,2313.666015625
2016-04-22,2297.0,2291.71728515625
2016-04-25,2289.75,2284.48388671875
2016-04-26,2291.25,2285.97998046875
2016-04-27,2289.5,2284.23486328125
2016-04-28,2257.0,2251.808837890625
2016-04-29,2197.25,2192.1962890625
2016-05-03,2180.5,2175.48486328125
2016-05-04,2162.75,2157.776123046875
2016-05-05,2160.0,2155.032470703125
2016-05-06,2157.5,2152.5380859375
2016-05-09,2150.0,2145.0546875
2016-05-10,2158.75,2153.785400390625
2016-05-11,2150.25,2145.30419921875
2016-05-12,2128.5,2123.6044921875
2016-05-13,2139.75,2134.82861328125
2016-05-16,2146.0,2141.063720703125
2016-05-17,2147.0,2142.0615234375
2016-05-18,2128.25,2123.35498046875
2016-05-19,2099.75,2094.920654296875
2016-05-20,2154.75,2149.794189453125
2016-05-23,2226.0,2220.880126953125
2016-05-24,2192.5,2187.4580078125
2016-05-25,2213.25,2208.15966796875
2016-05-26,2226.0,2220.880126953125
2016-05-27,2257.0,2251.808837890625
2016-05-31,2266.0,2260.787841796875
2016-06-01,2316.5,2311.17236328125
2016-06-02,2314.25,2308.927001953125
2016-06-03,2332.5,2327.135498046875
2016-06-06,2360.5,2355.071044921875
2016-06-07,2370.0,2364.549072265625
2016-06-08,2382.0,2376.521728515625
2016-06-09,2368.0,2362.553466796875
2016-06-10,2347.25,2341.8515625
2016-06-13,2348.75,2343.34765625
2016-06-14,2371.25,2365.796142578125
2016-06-15,2388.0,2382.5078125
2016-06-16,2365.75,2360.309326171875
2016-06-17,2355.25,2349.832763671875
2016-06-20,2342.5,2337.112060546875
2016-06-21,2351.75,2346.341064453125
2016-06-22,2359.0,2353.574462890625
2016-06-23,2358.25,2352.826171875
2016-06-24,2464.25,2458.581787109375
2016-06-27,2486.5,2480.78173828125
2016-06-28,2526.0,2520.190673828125
2016-06-29,2548.5,2542.638671875
2016-06-30,2613.0,2606.989990234375
2016-07-01,2654.5,2648.39501953125
2016-07-04,2640.0,2633.92822265625
2016-07-05,2654.0,2647.89599609375
2016-07-06,2637.0,2630.934814453125
2016-07-07,2668.5,2662.362548828125
2016-07-08,2700.0,2693.789794921875
2016-07-11,2746.5,2740.183349609375
2016-07-12,2720.0,2713.743896484375
2016-07-13,2725.0,2718.732666015625
2016-07-14,2723.5,2717.23583984375
2016-07-15,2762.0,2755.647216796875
2016-07-18,2789.5,2783.08447265625
2016-07-19,2807.0,2800.544189453125
2016-07-20,2802.5,2796.053955078125
2016-07-21,2812.0,2805.5322265625
2016-07-22,2824.0,2817.5048828125
2016-07-25,2784.5,2778.09521484375
2016-07-26,2813.0,2806.52978515625
2016-07-27,2828.0,2821.49560546875
2016-07-28,2831.5,2824.987548828125
2016-07-29,2802.0,2795.5556640625
2016-08-01,2870.5,2863.89794921875
2016-08-02,2813.0,2806.52978515625
2016-08-03,2804.5,2798.0498046875
2016-08-04,2864.5,2857.912109375
2016-08-05,2918.0,2911.288818359375
2016-08-08,2945.0,2938.2265625
2016-08-09,2981.5,2974.64306640625
2016-08-10,2989.0,2982.125732421875
2016-08-11,2973.0,2966.162353515625
2016-08-12,2975.0,2968.157958984375
2016-08-15,3002.0,2995.095703125
2016-08-16,2944.5,2937.7275390625
2016-08-17,2908.0,2901.31201171875
2016-08-18,2913.0,2906.300048828125
2016-08-19,2877.0,2870.383056640625
2016-08-22,2818.0,2811.5185546875
2016-08-23,2844.5,2837.957763671875
2016-08-24,2823.5,2817.0068359375
2016-08-25,2873.0,2866.39208984375
2016-08-26,2895.0,2888.341552734375
2016-08-30,2875.5,2868.88623046875
2016-08-31,2843.5,2836.9599609375
2016-09-01,2793.5,2787.0751953125
2016-09-02,2831.0,2824.489013671875
2016-09-05,2876.5,2869.884521484375
2016-09-06,2882.0,2875.37158203125
2016-09-07,2930.0,2923.26123046875
2016-09-08,2918.0,2911.288818359375
2016-09-09,2841.0,2834.465576171875
2016-09-12,2790.0,2783.5830078125
2016-09-13,2785.0,2778.5947265625
2016-09-14,2807.0,2800.544189453125
2016-09-15,2752.5,2746.878662109375
2016-09-16,2773.0,2767.337158203125
2016-09-19,2873.5,2867.6318359375
2016-09-20,2899.0,2893.079345703125
2016-09-21,2915.5,2909.5458984375
2016-09-22,2912.5,2906.55224609375
2016-09-23,2943.5,2937.48876953125
2016-09-26,2889.5,2883.5986328125
2016-09-27,2882.0,2876.11474609375
2016-09-28,2904.5,2898.568603515625
2016-09-29,2924.5,2918.527587890625
2016-09-30,2908.5,2902.559814453125
2016-10-03,2949.5,2943.476318359375
2016-10-04,2987.0,2980.900146484375
2016-10-05,2977.0,2970.919677734375
2016-10-06,2993.0,2986.8876953125
2016-10-07,3054.5,3048.26171875
2016-10-10,3106.5,3100.155517578125
2016-10-11,3066.5,3060.23779296875
2016-10-12,3107.0,3100.654541015625
2016-10-13,3052.5,3046.265869140625
2016-10-14,3078.0,3071.714111328125
2016-10-17,3064.5,3058.241943359375
2016-10-18,3081.5,3075.206787109375
2016-10-19,3107.5,3101.153564453125
2016-10-20,3114.0,3107.64013671875
2016-10-21,3109.0,3102.650390625
2016-10-24,3129.0,3122.60986328125
2016-10-25,3157.0,3150.55224609375
2016-10-26,3131.0,3124.605712890625
2016-10-27,3115.5,3109.1376953125
2016-10-28,3125.0,3118.617919921875
2016-10-31,3116.0,3109.636474609375
2016-11-01,3074.5,3068.220947265625
2016-11-02,3037.0,3030.79833984375
2016-11-03,2990.5,2984.392822265625
2016-11-04,2971.0,2964.9326171875
2016-11-07,3056.5,3050.2578125
2016-11-08,3074.0,3067.72265625
2016-11-09,2974.0,2967.92626953125
2016-11-10,2919.5,2913.537841796875
2016-11-11,2814.0,2808.25341796875
2016-11-14,2860.5,2854.657958984375
2016-11-15,2917.5,2911.5419921875
2016-11-16,2889.0,2883.099853515625
2016-11-17,2912.0,2906.052978515625
2016-11-18,2928.0,2922.0205078125
2016-11-21,2924.0,2918.028564453125
2016-11-22,2968.5,2962.437255859375
2016-11-23,2961.0,2954.952880859375
2016-11-24,2958.0,2951.958984375
2016-11-25,2972.5,2966.429443359375
2016-11-28,2999.5,2993.37451171875
2016-11-29,2973.5,2967.427490234375
2016-11-30,2969.5,2963.435302734375
2016-12-01,2928.0,2922.0205078125
2016-12-02,2908.5,2902.559814453125
2016-12-05,2897.0,2891.08349609375
2016-12-06,2923.5,2917.529296875
2016-12-07,2963.0,2956.94873046875
2016-12-08,3009.0,3002.854736328125
2016-12-09,3011.5,3005.350341796875
2016-12-12,2977.0,2970.919677734375
2016-12-13,2994.0,2987.88525390625
2016-12-14,2971.5,2965.431396484375
2016-12-15,3014.0,3007.844482421875
2016-12-16,2970.0,2963.9345703125
2016-12-19,2972.0,2965.9306640625
2016-12-20,2977.5,2971.41943359375
2016-12-21,2955.0,2948.965576171875
2016-12-22,2912.0,2906.052978515625
2016-12-23,2925.0,2919.0263671875
2016-12-28,2972.0,2965.9306640625
2016-12-29,2981.5,2975.41162109375
2016-12-30,2964.0,2957.947021484375
2017-01-03,2998.5,2992.376220703125
2017-01-04,3002.0,2995.869384765625
2017-01-05,3013.5,3007.345458984375
2017-01-06,3035.5,3029.30126953125
2017-01-09,3065.0,3058.74072265625
2017-01-10,3095.5,3089.178466796875
2017-01-11,3090.0,3083.68994140625
2017-01-12,3111.0,3104.64599609375
2017-01-13,3113.5,3107.14208984375
2017-01-16,3117.0,3110.63427734375
2017-01-17,3078.0,3071.714111328125
2017-01-18,3062.5,3056.24560546875
2017-01-19,3047.5,3041.27587890625
2017-01-20,3059.5,3053.251953125
2017-01-23,3072.5,3066.225341796875
2017-01-24,3094.0,3087.681884765625
2017-01-25,3102.5,3096.16357421875
2017-01-26,3104.5,3098.159912109375
2017-01-27,3106.5,3100.155517578125
2017-01-30,3101.0,3094.667236328125
2017-01-31,3102.0,3095.6650390625
2017-02-01,3081.0,3074.7080078125
2017-02-02,3091.5,3085.1865234375
2017-02-03,3133.5,3127.1005859375
2017-02-06,3144.5,3138.078369140625
2017-02-07,3121.0,3114.626220703125
2017-02-08,3118.5,3112.13134765625
2017-02-09,3138.5,3132.09033203125
2017-02-10,3170.0,3163.526611328125
2017-02-13,3194.5,3187.97607421875
2017-02-14,3212.0,3205.43994140625
2017-02-15,3253.0,3246.356689453125
2017-02-16,3228.5,3221.906494140625
2017-02-17,3227.5,3220.908935546875
2017-02-20,3228.0,3221.40771484375
2017-02-21,3233.5,3226.896484375
2017-02-22,3235.5,3228.892333984375
2017-02-23,3222.5,3215.919189453125
2017-02-24,3217.5,3210.92919921875
2017-02-27,3224.5,3217.9150390625
2017-02-28,3222.5,3215.919189453125
2017-03-01,3245.5,3238.871826171875
2017-03-02,3223.0,3216.41748046875
2017-03-03,3208.0,3201.448974609375
2017-03-06,3226.0,3219.41162109375
2017-03-07,3265.0,3258.332275390625
2017-03-08,3284.0,3277.293701171875
2017-03-09,3230.5,3223.902587890625
2017-03-10,3239.0,3232.385009765625
2017-03-13,3252.5,3245.857666015625
2017-03-14,3273.0,3266.315185546875
2017-03-15,3281.5,3274.798095703125
2017-03-16,3314.5,3307.77392578125
2017-03-17,3312.5,3305.777587890625
2017-03-20,3362.0,3355.177001953125
2017-03-21,3314.5,3307.77392578125
2017-03-22,3322.5,3315.75732421875
2017-03-23,3306.0,3299.290771484375
2017-03-24,3327.5,3320.747314453125
2017-03-27,3314.0,3307.274658203125
2017-03-28,3334.0,3327.233642578125
2017-03-29,3335.0,3328.23193359375
2017-03-30,3310.0,3303.282470703125
2017-03-31,3273.0,3266.357177734375
2017-04-03,3290.0,3283.32373046875
2017-04-04,3301.0,3294.30078125
2017-04-05,3332.0,3325.237548828125
2017-04-06,3290.5,3283.822509765625
2017-04-07,3307.0,3300.2890625
2017-04-10,3281.0,3274.341552734375
2017-04-11,3237.5,3230.93017578125
2017-04-12,3259.5,3252.88525390625
2017-04-13,3289.5,3282.82421875
2017-04-18,3174.5,3168.0576171875
2017-04-19,3138.0,3131.6318359375
2017-04-20,3137.5,3131.132568359375
2017-04-21,3174.0,3167.558837890625
2017-04-24,3212.0,3205.48095703125
2017-04-25,3243.5,3236.917236328125
2017-04-26,3240.0,3233.42431640625
2017-04-27,3206.0,3199.493896484375
2017-04-28,3214.0,3207.4775390625
2017-05-02,3272.0,3265.35986328125
2017-05-03,3279.5,3272.84423828125
2017-05-04,3271.0,3264.361572265625
2017-05-05,3249.0,3242.40625
2017-05-08,3261.5,3254.88134765625
2017-05-09,3285.5,3278.83251953125
2017-05-10,3281.0,3274.341552734375
2017-05-11,3298.5,3291.805908203125
2017-05-12,3309.0,3302.284912109375
2017-05-15,3322.0,3315.25830078125
2017-05-16,3306.5,3299.789306640625
2017-05-17,3270.5,3263.863037109375
2017-05-18,3242.0,3235.420166015625
2017-05-19,3270.0,3263.364013671875
2017-05-22,3290.0,3283.32373046875
2017-05-23,3278.5,3271.845947265625
2017-05-24,3304.5,3297.79345703125
2017-05-25,3327.0,3320.248046875
2017-05-26,3360.0,3353.180908203125
2017-05-30,3335.0,3328.23193359375
2017-05-31,3293.0,3286.3173828125
2017-06-01,3323.5,3316.7548828125
2017-06-02,3357.0,3350.1875
2017-06-05,3372.5,3365.65576171875
2017-06-06,3370.0,3363.160888671875
2017-06-07,3347.5,3340.70654296875
2017-06-08,3375.5,3368.649169921875
2017-06-09,3418.0,3411.063720703125
2017-06-12,3377.5,3370.64599609375
2017-06-13,3371.5,3364.657470703125
2017-06-14,3363.5,3356.674560546875
2017-06-15,3329.5,3322.742919921875
2017-06-16,3353.0,3346.1953125
2017-06-19,3414.5,3407.570556640625
2017-06-20,3462.0,3454.974365234375
2017-06-21,3470.5,3463.45703125
2017-06-22,3481.0,3473.935546875
2017-06-23,3476.0,3468.946044921875
2017-06-26,3540.0,3532.815673828125
2017-06-27,3506.0,3498.88427734375
2017-06-28,3441.5,3434.51611328125
2017-06-29,3401.0,3394.098388671875
2017-06-30,3411.5,3404.57666015625
2017-07-03,3427.0,3420.044921875
2017-07-04,3413.5,3406.572998046875
2017-07-05,3432.5,3425.53369140625
2017-07-06,3385.5,3378.62890625
2017-07-07,3403.0,3396.093994140625
2017-07-10,3414.0,3407.07177734375
2017-07-11,3461.5,3454.47509765625
2017-07-12,3500.0,3492.897216796875
2017-07-13,3494.5,3487.408203125
2017-07-14,3469.5,3462.459228515625
2017-07-17,3457.5,3450.483154296875
2017-07-18,3486.5,3479.424560546875
2017-07-19,3502.0,3494.89306640625
2017-07-20,3504.0,3496.888916015625
2017-07-21,3473.0,3465.9521484375
2017-07-24,3483.5,3476.43017578125
2017-07-25,3495.5,3488.406005859375
2017-07-26,3472.5,3465.453369140625
2017-07-27,3514.0,3506.868408203125
2017-07-28,3462.0,3454.974365234375
2017-07-31,3451.0,3443.99609375
2017-08-01,3445.0,3438.008544921875
2017-08-02,3464.5,3457.468505859375
2017-08-03,3484.0,3476.929443359375
2017-08-04,3525.0,3517.84716796875
2017-08-07,3558.5,3551.2783203125
2017-08-08,3588.5,3581.217529296875
2017-08-09,3519.5,3512.357177734375
2017-08-10,3461.5,3454.47509765625
2017-08-11,3475.5,3468.447021484375
2017-08-14,3474.0,3466.949951171875
2017-08-15,3501.5,3494.394287109375
2017-08-16,3506.0,3498.88427734375
2017-08-17,3501.5,3494.394287109375
2017-08-18,3508.0,3500.881103515625
2017-08-21,3490.5,3483.415771484375
2017-08-22,3552.5,3545.29052734375
2017-08-23,3560.5,3553.2744140625
2017-08-24,3590.0,3582.71435546875
2017-08-25,3596.0,3588.70166015625
2017-08-29,3554.5,3547.286376953125
2017-08-30,3582.5,3575.230224609375
2017-08-31,3597.5,3590.19873046875
2017-09-01,3597.5,3590.19873046875
2017-09-04,3588.0,3580.718017578125
2017-09-05,3561.5,3554.272216796875
2017-09-06,3536.5,3529.32275390625
2017-09-07,3543.0,3535.809326171875
2017-09-08,3515.5,3508.364990234375
2017-09-11,3528.5,3521.339599609375
2017-09-12,3503.5,3496.390380859375
2017-09-13,3470.0,3462.957763671875
2017-09-14,3348.0,3342.052001953125
2017-09-15,3312.0,3306.1162109375
2017-09-18,3342.5,3336.562255859375
2017-09-19,3324.0,3318.09521484375
2017-09-20,3289.0,3283.15771484375
2017-09-21,3305.5,3299.627685546875
2017-09-22,3264.0,3258.20166015625
2017-09-25,3222.0,3216.275634765625
2017-09-26,3232.5,3226.75732421875
2017-09-27,3235.0,3229.2529296875
2017-09-28,3211.5,3205.794921875
2017-09-29,3244.5,3238.73583984375
2017-10-02,3299.5,3293.638427734375
2017-10-03,3318.0,3312.10546875
2017-10-04,3304.0,3298.130126953125
2017-10-05,3376.5,3370.501708984375
2017-10-06,3390.0,3383.97802734375
2017-10-09,3373.5,3367.50732421875
2017-10-10,3370.0,3364.01318359375
2017-10-11,3423.5,3417.41796875
2017-10-12,3463.5,3457.34716796875
2017-10-13,3446.0,3439.87841796875
2017-10-16,3467.0,3460.840576171875
2017-10-17,3472.5,3466.331298828125
2017-10-18,3478.5,3472.3203125
2017-10-19,3471.5,3465.333251953125
2017-10-20,3473.0,3466.830078125
2017-10-23,3467.5,3461.34033203125
2017-10-24,3485.5,3479.307861328125
2017-10-25,3437.5,3431.3935546875
2017-10-26,3472.5,3466.331298828125
2017-10-27,3507.0,3500.77001953125
2017-10-30,3498.0,3491.785888671875
2017-10-31,3492.0,3485.796875
2017-11-01,3496.0,3489.7890625
2017-11-02,3534.5,3528.220703125
2017-11-03,3522.5,3516.2421875
2017-11-06,3517.0,3510.751953125
2017-11-07,3519.0,3512.748291015625
2017-11-08,3527.5,3521.233642578125
2017-11-09,3483.5,3477.311279296875
2017-11-10,3462.5,3456.348876953125
2017-11-13,3490.5,3484.29931640625
2017-11-14,3473.0,3466.830078125
2017-11-15,3445.0,3438.880126953125
2017-11-16,3473.0,3466.830078125
2017-11-17,3481.5,3475.315185546875
2017-11-20,3457.0,3450.858154296875
2017-11-21,3519.5,3513.24755859375
2017-11-22,3493.5,3487.293701171875
2017-11-23,3492.5,3486.29541015625
2017-11-24,3492.5,3486.29541015625
2017-11-27,3419.0,3412.926513671875
2017-11-28,3446.0,3439.87841796875
2017-11-29,3364.5,3358.522705078125
2017-11-30,3334.0,3328.076904296875
2017-12-01,3305.0,3299.12890625
2017-12-04,3346.5,3340.5546875
2017-12-05,3336.0,3330.073486328125
2017-12-06,3258.0,3252.2119140625
2017-12-07,3267.0,3261.19580078125
2017-12-08,3293.0,3287.14990234375
2017-12-11,3325.5,3319.592529296875
2017-12-12,3325.5,3319.592529296875
2017-12-13,3327.0,3321.08935546875
2017-12-14,3321.0,3315.10009765625
2017-12-15,3329.5,3323.5849609375
2017-12-18,3318.5,3312.605224609375
2017-12-19,3307.0,3301.125244140625
2017-12-20,3305.5,3299.627685546875
2017-12-21,3305.5,3299.627685546875
2017-12-22,3305.5,3299.627685546875
2017-12-27,3306.5,3300.6259765625
2017-12-28,3349.5,3343.549560546875
2017-12-29,3363.0,3357.025390625
2018-01-02,3378.0,3371.999267578125
2018-01-03,3433.0,3426.9013671875
2018-01-04,3432.0,3425.90283203125
2018-01-05,3447.0,3440.876220703125
2018-01-08,3442.0,3435.885498046875
2018-01-09,3449.0,3442.872802734375
2018-01-10,3404.0,3397.95263671875
2018-01-11,3410.0,3403.9423828125
2018-01-12,3406.0,3399.948974609375
2018-01-15,3395.0,3388.96875
2018-01-16,3429.0,3422.908447265625
2018-01-17,3420.5,3414.423583984375
2018-01-18,3455.0,3448.862060546875
2018-01-19,3528.0,3521.732666015625
2018-01-22,3542.0,3535.707275390625
2018-01-23,3534.0,3527.7216796875
2018-01-24,3450.0,3443.87060546875
2018-01-25,3448.0,3441.87451171875
2018-01-26,3463.0,3456.847900390625
2018-01-29,3479.5,3473.318115234375
2018-01-30,3411.0,3404.9404296875
2018-01-31,3429.0,3422.908447265625
2018-02-01,3415.5,3409.4326171875
2018-02-02,3406.0,3399.948974609375
2018-02-05,3392.0,3385.97412109375
2018-02-06,3302.5,3296.6328125
2018-02-07,3341.5,3335.564208984375
2018-02-08,3208.0,3202.30078125
2018-02-09,3230.25,3224.511962890625
2018-02-12,3230.25,3224.511962890625
2018-02-13,3281.5,3275.67041015625
2018-02-14,3281.5,3275.67041015625
2018-02-15,3342.0,3336.06298828125
2018-02-16,3388.0,3381.981201171875
2018-02-19,3351.5,3345.5458984375
2018-02-20,3345.5,3339.556640625
2018-02-21,3366.0,3360.02001953125
2018-02-22,3335.5,3329.574462890625
2018-02-23,3335.5,3329.574462890625
2018-02-26,3392.0,3385.97412109375
2018-02-27,3373.5,3367.50732421875
2018-02-28,3374.0,3368.006103515625
2018-03-01,3390.5,3384.4765625
2018-03-02,3339.5,3333.5673828125
2018-03-05,3354.5,3348.541015625
2018-03-06,3380.0,3373.995361328125
2018-03-07,3379.5,3373.496337890625
2018-03-08,3379.5,3373.496337890625
2018-03-09,3379.5,3373.496337890625
2018-03-12,3486.0,3479.806884765625
2018-03-13,3470.5,3464.334716796875
2018-03-14,3457.0,3450.858154296875
2018-03-15,3488.0,3481.803466796875
2018-03-16,3477.0,3470.8232421875
2018-03-19,3418.0,3411.927978515625
2018-03-20,3451.5,3445.36865234375
2018-03-21,3444.0,3437.882080078125
2018-03-22,3398.5,3392.462890625
2018-03-23,3335.0,3329.075439453125
2018-03-26,3343.5,3337.560546875
2018-03-27,3406.0,3399.948974609375
2018-03-28,3343.0,3337.0615234375
2018-03-29,3407.5,3401.446533203125
2018-04-03,3370.5,3364.51220703125
2018-04-04,3357.5,3351.535888671875
2018-04-05,3431.0,3424.90478515625
2018-04-06,3356.0,3350.0380859375
2018-04-09,3366.0,3360.02001953125
2018-04-10,3380.5,3374.49462890625
2018-04-11,3371.0,3365.011474609375
2018-04-12,3348.0,3342.052001953125
2018-04-13,3336.0,3330.073486328125
2018-04-16,3316.5,3310.608642578125
2018-04-17,3290.0,3284.1552734375
2018-04-18,3318.0,3312.10546875
2018-04-19,3290.0,3284.1552734375
2018-04-20,3255.0,3249.217529296875
2018-04-23,3265.0,3259.199462890625
2018-04-24,3239.0,3233.245849609375
2018-04-25,3197.0,3191.32080078125
2018-04-26,3221.5,3215.77685546875
2018-04-27,3274.0,3268.18359375
2018-04-30,3295.5,3289.6455078125
2018-05-01,3283.5,3277.666748046875
2018-05-02,3289.0,3283.15771484375
2018-05-03,3240.0,3234.243896484375
2018-05-04,3306.0,3300.126953125
2018-05-08,3337.0,3331.072021484375
2018-05-09,3322.5,3316.597412109375
2018-05-10,3410.0,3403.9423828125
2018-05-11,3421.5,3415.421875
2018-05-14,3430.0,3423.90625
2018-05-15,3380.5,3374.49462890625
2018-05-16,3408.5,3402.445068359375
2018-05-17,3377.0,3371.00048828125
2018-05-18,3361.5,3355.5283203125
2018-05-21,3424.5,3418.415771484375
2018-05-22,3428.5,3422.40869140625
2018-05-23,3407.0,3400.947509765625
2018-05-24,3411.5,3405.439453125
2018-05-25,3452.0,3445.867431640625
2018-05-29,3419.0,3412.926513671875
2018-05-30,3396.0,3389.96728515625
2018-05-31,3401.5,3395.456787109375
2018-06-01,3434.0,3427.8994140625
2018-06-04,3514.0,3507.757080078125
2018-06-05,3469.5,3463.336669921875
2018-06-06,3519.5,3513.24755859375
2018-06-07,3506.5,3500.270751953125
2018-06-08,3453.5,3447.364990234375
2018-06-11,3480.5,3474.31689453125
2018-06-12,3456.5,3450.359619140625
2018-06-13,3489.0,3482.802001953125
2018-06-14,3437.5,3431.3935546875
2018-06-15,3411.0,3404.9404296875
2018-06-18,3362.0,3356.027099609375
2018-06-19,3371.5,3365.510498046875
2018-06-20,3424.0,3417.9169921875
2018-06-21,3357.0,3351.036376953125
2018-06-22,3364.5,3358.522705078125
2018-06-25,3311.0,3305.1181640625
2018-06-26,3329.0,3323.086181640625
2018-06-27,3333.5,3327.577880859375
2018-06-28,3323.5,3317.595947265625
2018-06-29,3375.5,3369.503173828125
2018-07-02,3362.5,3356.52685546875
2018-07-03,3362.0,3356.027099609375
2018-07-04,3347.5,3341.55322265625
2018-07-05,3313.0,3307.1142578125
2018-07-06,3325.5,3319.592529296875
2018-07-09,3390.5,3384.4765625
2018-07-10,3382.0,3375.991943359375
2018-07-11,3342.5,3336.562255859375
2018-07-12,3401.5,3395.456787109375
2018-07-13,3407.0,3400.947509765625
2018-07-16,3397.0,3390.966064453125
2018-07-17,3420.5,3414.423583984375
2018-07-18,3457.0,3450.858154296875
2018-07-19,3502.0,3495.778564453125
2018-07-20,3533.5,3527.222412109375
2018-07-23,3513.0,3506.7587890625
2018-07-24,3530.5,3524.228759765625
2018-07-25,3535.0,3528.7197265625
2018-07-26,3541.5,3535.208251953125
2018-07-27,3588.0,3581.625732421875
2018-07-30,3548.0,3541.697021484375
2018-07-31,3580.0,3573.64013671875
2018-08-01,3586.0,3579.629638671875
2018-08-02,3551.0,3544.69140625
2018-08-03,3606.5,3600.093017578125
2018-08-06,3604.0,3597.59765625
2018-08-07,3616.0,3609.57666015625
2018-08-08,3658.0,3651.501708984375
2018-08-09,3658.0,3651.501708984375
2018-08-10,3658.0,3651.501708984375
2018-08-13,3565.0,3558.666748046875
2018-08-14,3602.0,3595.601318359375
2018-08-15,3533.5,3527.222412109375
2018-08-16,3575.5,3569.148193359375
2018-08-17,3552.0,3545.689697265625
2018-08-20,3556.5,3550.18212890625
2018-08-21,3570.0,3563.657958984375
2018-08-22,3567.0,3560.6630859375
2018-08-23,3579.5,3573.14111328125
2018-08-24,3594.5,3588.114013671875
2018-08-28,3662.0,3655.494384765625
2018-08-29,3667.5,3660.985107421875
2018-08-30,3632.5,3626.046875
2018-08-31,3627.0,3620.556396484375
2018-09-03,3644.5,3638.025390625
2018-09-04,3652.5,3646.0107421875
2018-09-05,3615.5,3609.0771484375
2018-09-06,3599.5,3593.10546875
2018-09-07,3601.0,3594.6025390625
2018-09-10,3536.5,3530.21728515625
2018-09-11,3542.0,3535.707275390625
2018-09-12,3539.5,3533.211669921875
2018-09-13,3419.0,3413.752685546875
2018-09-14,3479.0,3473.66064453125
2018-09-17,3435.0,3429.728271484375
2018-09-18,3432.0,3426.733154296875
2018-09-19,3451.5,3446.203369140625
2018-09-20,3426.0,3420.7421875
2018-09-21,3507.5,3502.1171875
2018-09-24,3474.5,3469.16845703125
2018-09-25,3487.0,3481.648681640625
2018-09-26,3486.0,3480.64990234375
2018-09-27,3530.5,3525.082275390625
2018-09-28,3537.5,3532.0703125
2018-10-01,3553.5,3548.046630859375
2018-10-02,3504.5,3499.12158203125
2018-10-03,3487.5,3482.1474609375
2018-10-04,3384.0,3378.806396484375
2018-10-05,3299.0,3293.937255859375
2018-10-08,3286.5,3281.456298828125
2018-10-09,3284.5,3279.459228515625
2018-10-10,3176.5,3171.625
2018-10-11,3060.0,3055.3037109375
2018-10-12,3140.5,3135.6806640625
2018-10-15,3119.0,3114.213623046875
2018-10-16,3156.5,3151.655517578125
2018-10-17,3141.5,3136.678955078125
2018-10-18,3119.5,3114.712646484375
2018-10-19,3152.5,3147.662109375
2018-10-22,3162.5,3157.64599609375
2018-10-23,3073.0,3068.283935546875
2018-10-24,3083.0,3078.268798828125
2018-10-25,3106.5,3101.73193359375
2018-10-26,3025.5,3020.856689453125
2018-10-29,3065.5,3060.79541015625
2018-10-30,3109.5,3104.7275390625
2018-10-31,3170.0,3165.13525390625
2018-11-01,3171.0,3166.13330078125
2018-11-02,3187.0,3182.108642578125
2018-11-05,3157.0,3152.154541015625
2018-11-06,3127.0,3122.20068359375
2018-11-07,3160.5,3155.649169921875
2018-11-08,3151.5,3146.663818359375
2018-11-09,3109.5,3104.7275390625
2018-11-12,3108.0,3103.229736328125
2018-11-13,3111.5,3106.724609375
2018-11-14,3098.0,3093.245849609375
2018-11-15,3198.0,3193.092041015625
2018-11-16,3136.5,3131.686767578125
2018-11-19,3106.0,3101.23291015625
2018-11-20,3074.0,3069.281982421875
2018-11-21,3132.0,3127.193115234375
2018-11-22,3067.0,3062.29345703125
2018-11-23,3076.0,3071.279296875
2018-11-26,3122.5,3117.70849609375
2018-11-27,3122.5,3117.70849609375
2018-11-28,3167.5,3162.638671875
2018-11-29,3187.0,3182.108642578125
2018-11-30,3152.0,3147.1630859375
2018-12-03,3262.0,3256.994140625
2018-12-04,3243.5,3238.521728515625
2018-12-05,3168.5,3163.637451171875
2018-12-06,3054.0,3049.31298828125
2018-12-07,3097.0,3092.24755859375
2018-12-10,3101.0,3096.240478515625
2018-12-11,3155.5,3150.65673828125
2018-12-12,3184.5,3179.612548828125
2018-12-13,3176.0,3171.1259765625
2018-12-14,3159.5,3154.651123046875
2018-12-17,3159.5,3154.651123046875
2018-12-18,3140.0,3135.180908203125
2018-12-19,3164.0,3159.14404296875
2018-12-20,3118.0,3113.215087890625
2018-12-21,3135.5,3130.68798828125
2018-12-24,3083.5,3078.767822265625
2018-12-27,3102.0,3097.239501953125
2018-12-28,3149.5,3144.666259765625
2018-12-31,3153.5,3148.660400390625
2019-01-02,3115.5,3110.718505859375
2019-01-03,3018.0,3013.3681640625
2019-01-04,3023.5,3018.85986328125
2019-01-07,3048.5,3043.821044921875
2019-01-08,3046.5,3041.82470703125
2019-01-09,3103.0,3098.23779296875
2019-01-10,3100.5,3095.74169921875
2019-01-11,3105.5,3100.73388671875
2019-01-14,3054.5,3049.811767578125
2019-01-15,3116.5,3111.716796875
2019-01-16,3108.0,3103.229736328125
2019-01-17,3071.0,3066.287109375
2019-01-18,3129.5,3124.69677734375
2019-01-21,3105.0,3100.234375
2019-01-22,3085.0,3080.265380859375
2019-01-23,3057.5,3052.8076171875
2019-01-24,3098.0,3093.245849609375
2019-01-25,3124.5,3119.705078125
2019-01-28,3091.0,3086.25634765625
2019-01-29,3076.0,3071.279296875
2019-01-30,3098.0,3093.245849609375
2019-01-31,3176.0,3171.1259765625
2019-02-01,3162.0,3157.14697265625
2019-02-04,3179.0,3174.120849609375
2019-02-05,3239.5,3234.528564453125
2019-02-06,3234.0,3229.036865234375
2019-02-07,3180.0,3175.119873046875
2019-02-08,3162.5,3157.64599609375
2019-02-11,3182.0,3177.11669921875
2019-02-12,3203.0,3198.084716796875
2019-02-13,3181.5,3176.617431640625
2019-02-14,3190.0,3185.1044921875
2019-02-15,3195.5,3190.595947265625
2019-02-18,3188.5,3183.6064453125
2019-02-19,3167.5,3162.638671875
2019-02-20,3220.0,3215.057861328125
2019-02-21,3202.0,3197.0859375
2019-02-22,3245.5,3240.518798828125
2019-02-25,3267.0,3261.986083984375
2019-02-26,3200.5,3195.588623046875
2019-02-27,3166.0,3161.14111328125
2019-02-28,3144.0,3139.17529296875
2019-03-01,3163.0,3158.145751953125
2019-03-04,3160.0,3155.150390625
2019-03-05,3187.0,3182.108642578125
2019-03-06,3196.5,3191.59423828125
2019-03-07,3176.0,3171.1259765625
2019-03-08,3156.5,3151.655517578125
2019-03-11,3169.0,3164.13623046875
2019-03-12,3206.0,3201.080078125
2019-03-13,3184.0,3179.11328125
2019-03-14,3151.5,3146.663818359375
2019-03-15,3196.0,3191.095458984375
2019-03-18,3229.0,3224.04443359375
2019-03-19,3238.5,3233.52978515625
2019-03-20,3237.5,3232.53125
2019-03-21,3325.5,3320.396484375
2019-03-22,3246.0,3241.0185546875
2019-03-25,3242.0,3237.024169921875
2019-03-26,3255.5,3250.503662109375
2019-03-27,3229.0,3224.04443359375
2019-03-28,3275.0,3269.9736328125
2019-03-29,3330.0,3324.88916015625
2019-04-01,3335.5,3330.38037109375
2019-04-02,3351.0,3345.857421875
2019-04-03,3351.0,3345.857421875
2019-04-04,3378.0,3372.815673828125
2019-04-05,3407.5,3402.2705078125
2019-04-08,3388.0,3382.800048828125
2019-04-09,3398.0,3392.785400390625
2019-04-10,3402.0,3396.778564453125
2019-04-11,3384.5,3379.305419921875
2019-04-12,3393.5,3388.2919921875
2019-04-15,3396.0,3390.78857421875
2019-04-16,3444.0,3438.714599609375
2019-04-17,3477.0,3471.663818359375
2019-04-18,3500.0,3494.628662109375
2019-04-23,3517.0,3511.602294921875
2019-04-24,3495.5,3490.135498046875
2019-04-25,3497.0,3491.63330078125
2019-04-26,3484.5,3479.15234375
2019-04-29,3478.5,3473.160888671875
2019-04-30,3453.0,3447.700439453125
2019-05-01,3459.5,3454.1904296875
2019-05-02,3454.5,3449.198486328125
2019-05-03,3488.0,3482.647216796875
2019-05-07,3432.5,3427.23193359375
2019-05-08,3446.0,3440.71142578125
2019-05-09,3329.5,3324.39013671875
2019-05-10,3356.0,3350.849853515625
2019-05-13,3272.5,3267.477294921875
2019-05-14,3318.0,3312.908203125
2019-05-15,3336.5,3331.379150390625
2019-05-16,3343.5,3338.369140625
2019-05-17,3284.5,3279.459228515625
2019-05-20,3254.0,3249.005859375
2019-05-21,3271.5,3266.478759765625
2019-05-22,3289.5,3284.451416015625
2019-05-23,3211.5,3206.571044921875
2019-05-24,3221.5,3216.5556640625
2019-05-28,3221.0,3216.056396484375
2019-05-29,3193.5,3188.59912109375
2019-05-30,3251.5,3246.51025390625
2019-05-31,3277.0,3271.970458984375
2019-06-03,3321.0,3315.9033203125
2019-06-04,3283.5,3278.4609375
2019-06-05,3269.5,3264.482421875
2019-06-06,3257.0,3252.001953125
2019-06-07,3286.5,3281.456298828125
2019-06-10,3332.0,3326.885986328125
2019-06-11,3329.5,3324.39013671875
2019-06-12,3316.5,3311.409912109375
2019-06-13,3306.5,3301.42529296875
2019-06-14,3311.0,3305.9189453125
2019-06-17,3331.5,3326.38720703125
2019-06-18,3400.5,3395.281005859375
2019-06-19,3419.0,3413.752685546875
2019-06-20,3464.0,3458.68408203125
2019-06-21,3464.0,3458.68408203125
2019-06-24,3451.0,3445.703857421875
2019-06-25,3421.0,3415.74951171875
2019-06-26,3425.0,3419.74365234375
2019-06-27,3455.0,3449.69775390625
2019-06-28,3439.0,3433.721923828125
2019-07-01,3524.0,3518.591796875
2019-07-02,3539.5,3534.0673828125
2019-07-03,3506.0,3500.619140625
2019-07-04,3514.0,3508.60693359375
2019-07-05,3503.0,3497.6240234375
2019-07-08,3501.0,3495.626953125
2019-07-09,3524.0,3518.591796875
2019-07-10,3570.0,3564.52099609375
2019-07-11,3558.0,3552.53955078125
2019-07-12,3550.0,3544.5517578125
2019-07-15,3591.5,3585.988037109375
2019-07-16,3627.0,3621.433837890625
2019-07-17,3601.5,3595.97265625
2019-07-18,3588.5,3582.9931640625
2019-07-19,3615.0,3609.452392578125
2019-07-22,3648.0,3642.401611328125
2019-07-23,3647.0,3641.402587890625
2019-07-24,3643.5,3637.908447265625
2019-07-25,3624.5,3618.93701171875
2019-07-26,3646.5,3640.90380859375
2019-07-29,3694.0,3688.330810546875
2019-07-30,3682.0,3676.348876953125
2019-07-31,3665.0,3659.37548828125
2019-08-01,3679.0,3673.353515625
2019-08-02,3538.0,3532.56982421875
2019-08-05,3457.0,3451.6943359375
2019-08-06,3494.0,3488.6376953125
2019-08-07,3498.5,3493.130859375
2019-08-08,3569.5,3564.021728515625
2019-08-09,3537.5,3532.0703125
2019-08-12,3535.5,3530.07421875
2019-08-13,3590.5,3584.98974609375
2019-08-14,3509.5,3504.114013671875
2019-08-15,3492.5,3487.14013671875
2019-08-16,3549.0,3543.553466796875
2019-08-19,3574.5,3569.01416015625
2019-08-20,3578.0,3572.509033203125
2019-08-21,3599.0,3593.476318359375
2019-08-22,3539.5,3534.0673828125
2019-08-23,3500.0,3494.628662109375
2019-08-27,3499.0,3493.6298828125
2019-08-28,3527.5,3522.086669921875
2019-08-29,3587.0,3581.4951171875
2019-08-30,3611.0,3605.4580078125
2019-09-02,3657.0,3651.387451171875
2019-09-03,3625.5,3619.936279296875
2019-09-04,3658.5,3652.88525390625
2019-09-05,3655.0,3649.390380859375
2019-09-06,3682.0,3676.348876953125
2019-09-09,3671.5,3665.865478515625
2019-09-10,3655.5,3649.889892578125
2019-09-11,3682.5,3676.848388671875
2019-09-12,3629.5,3624.83447265625
2019-09-13,3620.5,3615.846435546875
2019-09-16,3627.5,3622.837158203125
2019-09-17,3601.5,3596.870361328125
2019-09-18,3609.0,3604.361083984375
2019-09-19,3621.5,3616.84521484375
2019-09-20,3607.0,3602.363525390625
2019-09-23,3608.0,3603.362060546875
2019-09-24,3594.5,3589.87939453125
2019-09-25,3607.0,3602.363525390625
2019-09-26,3634.0,3629.3291015625
2019-09-27,3660.5,3655.794677734375
2019-09-30,3673.0,3668.279052734375
2019-10-01,3705.0,3700.23779296875
2019-10-02,3644.5,3639.8154296875
2019-10-03,3644.0,3639.316162109375
2019-10-04,3691.0,3686.255859375
2019-10-07,3704.5,3699.73828125
2019-10-08,3754.5,3749.674072265625
2019-10-09,3746.5,3741.6845703125
2019-10-10,3764.5,3759.6611328125
2019-10-11,3711.0,3706.2294921875
2019-10-14,3720.5,3715.717529296875
2019-10-15,3702.5,3697.740478515625
2019-10-16,3685.5,3680.7626953125
2019-10-17,3676.0,3671.27490234375
2019-10-18,3673.5,3668.778564453125
2019-10-21,3654.0,3649.302978515625
2019-10-22,3683.5,3678.76513671875
2019-10-23,3692.5,3687.75390625
2019-10-24,3746.0,3741.184814453125
2019-10-25,3738.5,3733.694091796875
2019-10-28,3745.5,3740.685791015625
2019-10-29,3742.5,3737.689453125
2019-10-30,3769.0,3764.155517578125
2019-10-31,3721.5,3716.716552734375
2019-11-01,3756.5,3751.671142578125
2019-11-04,3857.0,3852.04248046875
2019-11-05,3888.5,3883.501708984375
2019-11-06,3898.0,3892.98974609375
2019-11-07,3935.0,3929.942138671875
2019-11-08,3899.5,3894.488037109375
2019-11-11,3829.0,3824.077880859375
2019-11-12,3843.0,3838.060302734375
2019-11-13,3820.5,3815.589111328125
2019-11-14,3806.0,3801.10791015625
2019-11-15,3843.0,3838.060302734375
2019-11-18,3844.5,3839.55859375
2019-11-19,3864.5,3859.532470703125
2019-11-20,3863.0,3858.034912109375
2019-11-21,3838.5,3833.56591796875
2019-11-22,3860.5,3855.537841796875
2019-11-25,3858.5,3853.54052734375
2019-11-26,3879.5,3874.513427734375
2019-11-27,3883.0,3878.008544921875
2019-11-28,3862.5,3857.53515625
2019-11-29,3808.0,3803.105224609375
2019-12-02,3796.0,3791.120361328125
2019-12-03,3769.0,3764.155517578125
2019-12-04,3784.0,3779.136474609375
2019-12-05,3794.5,3789.62255859375
2019-12-06,3824.5,3819.584228515625
2019-12-09,3818.0,3813.092529296875
2019-12-10,3804.0,3799.1103515625
2019-12-11,3842.5,3837.560791015625
2019-12-12,3976.5,3971.387939453125
2019-12-13,3908.0,3902.97705078125
2019-12-16,3949.0,3943.923583984375
2019-12-17,4042.0,4036.804443359375
2019-12-18,4062.0,4056.77880859375
2019-12-19,4071.5,4066.266357421875
2019-12-20,4044.0,4038.80224609375
2019-12-23,4084.0,4078.75048828125
2019-12-24,4059.5,4054.2822265625
2019-12-27,4059.5,4054.2822265625
2019-12-30,4023.5,4018.328369140625
2019-12-31,3993.5,3988.3671875
2020-01-02,4069.0,4063.769775390625
2020-01-03,4041.0,4035.805419921875
2020-01-06,3966.5,3961.401611328125
2020-01-07,3981.0,3975.8828125
2020-01-08,3984.5,3979.378662109375
2020-01-09,4042.0,4036.804443359375
2020-01-10,4055.5,4050.287353515625
2020-01-13,4128.5,4123.193359375
2020-01-14,4131.5,4126.189453125
2020-01-15,4094.0,4088.737548828125
2020-01-16,4085.0,4079.7490234375
2020-01-17,4092.5,4087.239501953125
2020-01-20,4101.5,4096.228515625
2020-01-21,4054.0,4048.789306640625
2020-01-22,4040.5,4035.306396484375
2020-01-23,3962.5,3957.40673828125
2020-01-24,4014.0,4008.84033203125
2020-01-27,3844.0,3839.05908203125
2020-01-28,3917.5,3912.464599609375
2020-01-29,3933.5,3928.444091796875
2020-01-30,3779.0,3774.142578125
2020-01-31,3706.0,3701.236572265625
2020-02-03,3814.5,3809.596923828125
2020-02-04,3932.0,3926.94580078125
2020-02-05,3955.5,3950.415771484375
2020-02-06,3980.0,3974.8837890625
2020-02-07,3928.5,3923.450439453125
2020-02-10,3944.0,3938.93017578125
2020-02-11,3998.0,3992.86083984375
2020-02-12,4037.5,4032.309814453125
2020-02-13,3991.0,3985.870361328125
2020-02-14,3989.0,3983.872802734375
2020-02-17,3980.0,3974.8837890625
2020-02-18,3910.0,3904.97412109375
2020-02-19,3996.5,3991.36328125
2020-02-20,3922.5,3917.4580078125
2020-02-21,3898.0,3892.98974609375
2020-02-24,3795.5,3790.62109375
2020-02-25,3796.0,3791.120361328125
2020-02-26,3849.5,3844.5517578125
2020-02-27,3774.5,3769.648193359375
2020-02-28,3720.0,3715.218505859375
2020-03-02,3845.0,3840.0576171875
2020-03-03,3879.5,3874.513427734375
2020-03-04,3922.5,3917.4580078125
2020-03-05,3903.5,3898.482177734375
2020-03-06,3756.0,3751.17236328125
2020-03-09,3636.5,3631.82568359375
2020-03-10,3698.0,3693.24658203125
2020-03-11,3705.5,3700.73681640625
2020-03-12,3429.0,3424.637451171875
2020-03-13,3552.5,3547.98046875
2020-03-16,3373.5,3369.208251953125
2020-03-17,3434.0,3429.630615234375
2020-03-18,3274.0,3269.834228515625
2020-03-19,3298.0,3293.80419921875
2020-03-20,3432.0,3427.6337890625
2020-03-23,3446.0,3441.615478515625
2020-03-24,3591.0,3586.431396484375
2020-03-25,3662.5,3657.84033203125
2020-03-26,3594.5,3589.9267578125
2020-03-27,3361.0,3356.723876953125
2020-03-30,3419.5,3415.150146484375
2020-03-31,3455.0,3450.604248046875
2020-04-01,3361.0,3356.723876953125
2020-04-02,3410.0,3405.661865234375
2020-04-03,3431.0,3426.634765625
2020-04-06,3542.5,3537.9931640625
2020-04-07,3604.0,3599.414794921875
2020-04-08,3570.5,3565.95751953125
2020-04-09,3565.0,3560.46435546875
2020-04-14,3608.5,3603.909423828125
2020-04-15,3566.5,3561.96240234375
2020-04-16,3693.0,3688.3017578125
2020-04-17,3695.5,3690.798583984375
2020-04-20,3703.0,3698.288818359375
2020-04-21,3604.5,3599.9140625
2020-04-22,3680.0,3675.318359375
2020-04-23,3674.0,3669.325927734375
2020-04-24,3657.5,3652.84716796875
2020-04-27,3727.0,3722.258544921875
2020-04-28,3742.5,3737.73876953125
2020-04-29,3817.5,3812.643310546875
2020-04-30,3783.0,3778.187255859375
2020-05-01,3698.0,3693.29541015625
2020-05-04,3768.0,3763.2060546875
2020-05-05,3793.0,3788.174560546875
2020-05-06,3795.0,3790.171875
2020-05-07,3838.5,3833.616455078125
2020-05-11,3870.0,3865.07666015625
2020-05-12,3880.5,3875.56298828125
2020-05-13,3888.0,3883.053466796875
2020-05-14,3839.0,3834.11572265625
2020-05-15,3831.0,3826.12646484375
2020-05-18,3896.5,3891.54248046875
2020-05-19,3876.0,3871.068603515625
2020-05-20,3884.5,3879.557373046875
2020-05-21,3875.5,3870.5693359375
2020-05-22,3830.5,3825.62646484375
2020-05-26,3867.5,3862.579345703125
2020-05-27,3886.0,3881.055908203125
2020-05-28,3854.0,3849.096923828125
2020-05-29,3815.0,3810.146240234375
2020-06-01,3840.5,3835.6142578125
2020-06-02,3876.5,3871.568359375
2020-06-03,3953.0,3947.970947265625
2020-06-04,3935.0,3929.993896484375
2020-06-05,4008.0,4002.900634765625
2020-06-08,3995.0,3989.91748046875
2020-06-09,3989.5,3984.424560546875
2020-06-10,4049.5,4044.347900390625
2020-06-11,3976.0,3970.94140625
2020-06-12,3996.0,3990.916259765625
2020-06-15,3957.5,3952.465087890625
2020-06-16,3999.0,3993.912109375
2020-06-17,4053.5,4048.343017578125
2020-06-18,4103.0,4097.77978515625
2020-06-19,4119.0,4113.76025390625
2020-06-22,4114.5,4109.265625
2020-06-23,4134.0,4128.740234375
2020-06-24,4118.0,4112.7607421875
2020-06-25,4128.0,4122.74853515625
2020-06-26,4150.0,4144.720703125
2020-06-29,4184.0,4178.6767578125
2020-06-30,4168.0,4162.69775390625
2020-07-01,4176.0,4170.68701171875
2020-07-02,4252.0,4246.59033203125
2020-07-03,4284.0,4278.5498046875
2020-07-06,4367.0,4361.44384765625
2020-07-07,4325.0,4319.498046875
2020-07-08,4349.0,4343.466796875
2020-07-09,4350.0,4344.4658203125
2020-07-10,4301.5,4296.02734375
2020-07-13,4411.5,4405.8876953125
2020-07-14,4410.0,4404.388671875
2020-07-15,4397.0,4391.40576171875
2020-07-16,4366.5,4360.9453125
2020-07-17,4420.5,4414.8759765625
2020-07-20,4398.5,4392.90380859375
2020-07-21,4452.0,4446.3359375
2020-07-22,4447.0,4441.3427734375
2020-07-23,4445.5,4439.84521484375
2020-07-24,4483.0,4477.29638671875
2020-07-27,4626.0,4620.1142578125
2020-07-28,4476.5,4470.80419921875
2020-07-29,4562.5,4556.6953125
2020-07-30,4462.0,4456.3232421875
2020-07-31,4431.0,4425.36279296875
2020-08-03,4454.5,4448.8330078125
2020-08-04,4492.0,4486.28466796875
2020-08-05,4568.5,4562.68701171875
2020-08-06,4528.5,4522.73828125
2020-08-07,4533.0,4527.2333984375
2020-08-10,4517.5,4511.75244140625
2020-08-11,4508.0,4502.26416015625
2020-08-12,4549.0,4543.21240234375
2020-08-13,4493.0,4487.28369140625
2020-08-14,4499.5,4493.775390625
2020-08-17,4575.5,4569.6787109375
2020-08-18,4470.0,4464.3134765625
2020-08-19,4454.5,4448.8330078125
2020-08-20,4313.0,4307.5126953125
2020-08-21,4410.0,4404.388671875
2020-08-24,4436.0,4430.357421875
2020-08-25,4464.5,4458.8193359375
2020-08-26,4478.5,4472.80224609375
2020-08-27,4426.5,4420.86865234375
2020-08-28,4368.5,4362.9423828125
2020-09-01,4324.5,4318.99853515625
2020-09-02,4358.5,4352.9541015625
2020-09-03,4319.5,4314.0048828125
2020-09-04,4330.5,4324.9912109375
2020-09-07,4390.0,4384.41552734375
2020-09-08,4429.5,4423.86474609375
2020-09-09,4456.5,4450.830078125
2020-09-10,4534.0,4528.23193359375
2020-09-11,4542.0,4536.2216796875
2020-09-14,4573.5,4567.681640625
2020-09-15,4655.5,4649.57666015625
2020-09-16,4623.5,4617.6171875
2020-09-17,4489.5,4484.64404296875
2020-09-18,4502.5,4497.63037109375
2020-09-21,4476.5,4471.65771484375
2020-09-22,4469.5,4464.6650390625
2020-09-23,4454.0,4449.18212890625
2020-09-24,4358.0,4353.287109375
2020-09-25,4361.0,4356.283203125
2020-09-28,4423.0,4418.21630859375
2020-09-29,4437.5,4432.70068359375
2020-09-30,4462.0,4457.17431640625
2020-10-01,4528.0,4523.1025390625
2020-10-02,4481.5,4476.65283203125
2020-10-05,4494.5,4489.63916015625
2020-10-06,4510.0,4505.12158203125
2020-10-07,4587.0,4582.03857421875
2020-10-08,4617.0,4612.005859375
2020-10-09,4622.5,4617.49951171875
2020-10-12,4615.5,4610.5078125
2020-10-13,4601.5,4596.5234375
2020-10-14,4570.0,4565.056640625
2020-10-15,4551.0,4546.07763671875
2020-10-16,4543.5,4538.5859375
2020-10-19,4572.5,4567.55419921875
2020-10-20,4578.0,4573.04931640625
2020-10-21,4517.0,4512.11376953125
2020-10-22,4566.5,4561.56103515625
2020-10-23,4567.5,4562.56005859375
2020-10-26,4568.0,4563.05810546875
2020-10-27,4568.5,4563.55810546875
2020-10-28,4523.0,4518.107421875
2020-10-29,4532.0,4527.09814453125
2020-10-30,4494.0,4489.1396484375
2020-11-02,4550.0,4545.07958984375
2020-11-03,4547.0,4542.08251953125
2020-11-04,4661.0,4655.95947265625
2020-11-05,4632.5,4627.4892578125
2020-11-06,4603.5,4598.52099609375
2020-11-09,4696.5,4691.419921875
2020-11-10,4588.5,4583.5361328125
2020-11-11,4674.0,4668.94482421875
2020-11-12,4711.0,4705.904296875
2020-11-13,4731.5,4726.3818359375
2020-11-16,4867.0,4861.7353515625
2020-11-17,4822.0,4816.78515625
2020-11-18,4871.0,4865.73193359375
2020-11-19,4868.0,4862.73486328125
2020-11-20,4853.0,4847.7509765625
2020-11-23,4865.0,4859.73779296875
2020-11-24,4844.0,4838.76025390625
2020-11-25,4794.0,4788.8154296875
2020-11-26,4824.0,4818.78271484375
2020-11-27,4864.0,4858.73876953125
2020-11-30,4763.0,4757.8486328125
2020-12-01,4830.0,4824.77587890625
2020-12-02,4894.0,4888.70703125
2020-12-03,4897.0,4891.70361328125
2020-12-04,4981.5,4976.11181640625
2020-12-07,5059.0,5053.52783203125
2020-12-08,5090.5,5084.994140625
2020-12-09,5077.0,5071.5087890625
2020-12-10,5077.5,5072.0087890625
2020-12-11,5095.0,5089.4892578125
2020-12-14,5052.5,5047.03564453125
2020-12-15,5005.5,5000.08642578125
2020-12-16,5023.0,5017.5673828125
2020-12-17,4971.5,4966.123046875
2020-12-18,5000.0,4994.59130859375
2020-12-21,5055.0,5049.5322265625
2020-12-22,5022.0,5016.568359375
2020-12-23,4990.5,4985.1025390625
2020-12-24,4992.0,4986.6005859375
2020-12-29,5086.0,5080.4990234375
2020-12-30,5157.5,5151.92236328125
2020-12-31,5100.5,5094.9833984375
2021-01-04,5220.0,5214.3544921875
2021-01-05,5289.5,5283.77880859375
2021-01-06,5299.5,5293.76806640625
2021-01-07,5443.0,5437.11279296875
2021-01-08,5472.0,5466.08154296875
2021-01-11,5547.0,5541.00048828125
2021-01-12,5517.5,5511.53173828125
2021-01-13,5536.5,5530.51220703125
2021-01-14,5680.5,5674.35546875
2021-01-15,5583.0,5576.96142578125
2021-01-18,5584.0,5577.96044921875
2021-01-19,5660.0,5653.8779296875
2021-01-20,5647.0,5640.892578125
2021-01-21,5733.5,5727.29833984375
2021-01-22,5703.0,5696.83203125
2021-01-25,5657.0,5650.88134765625
2021-01-26,5570.0,5563.9755859375
2021-01-27,5522.5,5516.52734375
2021-01-28,5509.5,5503.54150390625
2021-01-29,5391.0,5385.16845703125
2021-02-01,5474.0,5468.07958984375
2021-02-02,5660.0,5653.8779296875
2021-02-03,5628.0,5621.9130859375
2021-02-04,5624.0,5617.9169921875
2021-02-05,5628.5,5622.412109375
2021-02-08,5664.5,5658.37255859375
2021-02-09,5683.0,5676.853515625
2021-02-10,5688.0,5681.84716796875
2021-02-11,5744.5,5738.28662109375
2021-02-12,5737.0,5730.79443359375
2021-02-15,5776.5,5770.251953125
2021-02-16,5755.5,5749.275390625
2021-02-17,5758.5,5752.271484375
2021-02-18,5686.5,5680.34912109375
2021-02-19,5737.0,5730.79443359375
2021-02-22,5656.5,5650.38232421875
2021-02-23,5642.5,5636.3974609375
2021-02-24,5662.5,5656.3759765625
2021-02-25,5644.0,5637.896484375
2021-02-26,5529.5,5523.51953125
2021-03-01,5670.0,5663.86669921875
2021-03-02,5568.0,5561.97705078125
2021-03-03,5625.5,5619.4150390625
2021-03-04,5523.5,5517.52587890625
2021-03-05,5493.5,5487.55810546875
2021-03-08,5497.0,5491.05419921875
2021-03-09,5474.0,5468.07958984375
2021-03-10,5464.5,5458.58984375
2021-03-11,5585.5,5579.458984375
2021-03-12,5563.0,5556.982421875
2021-03-15,5583.0,5576.96142578125
2021-03-16,5616.0,5609.92529296875
2021-03-17,5565.0,5558.98095703125
2021-03-18,5557.0,5550.9892578125
2021-03-19,5507.5,5501.54345703125
2021-03-22,5588.0,5581.95556640625
2021-03-23,5583.5,5577.4609375
2021-03-24,5560.5,5554.4853515625
2021-03-25,5565.0,5558.98095703125
2021-03-26,5627.0,5620.91357421875
2021-03-29,5674.0,5667.8623046875
2021-03-30,5751.0,5744.77978515625
2021-03-31,5707.5,5701.3271484375
2021-04-01,5733.5,5727.29833984375
2021-04-06,5759.0,5752.771484375
2021-04-07,5775.5,5769.2529296875
2021-04-08,5852.5,5846.169921875
2021-04-09,5817.0,5810.70849609375
2021-04-12,5810.0,5803.71533203125
2021-04-13,5819.0,5812.7060546875
2021-04-14,5830.0,5823.6943359375
2021-04-15,5939.0,5932.576171875
2021-04-16,5923.0,5916.59375
2021-04-19,5908.0,5901.609375
2021-04-20,5926.0,5919.59033203125
2021-04-21,5934.5,5928.0810546875
2021-04-22,5965.5,5959.046875
2021-04-23,6029.5,6022.978515625
2021-04-26,6162.5,6155.83447265625
2021-04-27,6097.0,6090.4052734375
2021-04-28,6089.0,6082.41455078125
2021-04-29,6118.5,6111.8818359375
2021-04-30,6106.0,6099.3955078125
2021-05-04,5828.0,5821.6962890625
2021-05-05,5825.5,5819.19970703125
2021-05-06,5920.0,5913.59716796875
2021-05-07,6045.0,6038.46142578125
2021-05-10,5873.0,5866.64892578125
2021-05-11,5566.5,5560.478515625
2021-05-12,5303.0,5297.2646484375
2021-05-13,5385.5,5379.6748046875
2021-05-14,5476.5,5470.57666015625
2021-05-17,5259.5,5253.81201171875
2021-05-18,5556.5,5550.48974609375
2021-05-19,5463.0,5457.0908203125
2021-05-20,5524.5,5518.52490234375
2021-05-21,5525.0,5519.02490234375
2021-05-24,5616.0,5609.92529296875
2021-05-25,5668.0,5661.86962890625
2021-05-26,5700.5,5694.333984375
2021-05-27,5679.5,5673.35693359375
2021-05-28,5780.0,5773.74853515625
2021-06-01,5904.5,5898.11328125
2021-06-02,5869.0,5862.65283203125
2021-06-03,5872.5,5866.1494140625
2021-06-04,5871.0,5864.650390625
2021-06-07,5823.5,5817.201171875
2021-06-08,5799.0,5792.7275390625
2021-06-09,5797.0,5790.72998046875
2021-06-10,5867.5,5861.15380859375
2021-06-11,5884.5,5878.13525390625
2021-06-14,5907.5,5901.10986328125
2021-06-15,5939.0,5932.576171875
2021-06-16,5924.5,5918.09228515625
2021-06-17,5986.5,5980.0244140625
2021-06-18,5953.5,5947.06103515625
2021-06-21,5865.5,5859.15625
2021-06-22,5804.5,5798.22216796875
2021-06-23,5892.0,5885.62744140625
2021-06-24,5955.5,5949.05810546875
2021-06-25,5964.0,5957.5498046875
2021-06-28,6008.5,6002.00146484375
2021-06-29,6011.0,6004.498046875
2021-06-30,6072.0,6065.43310546875
2021-07-01,6067.0,6060.4384765625
2021-07-02,6080.0,6073.4248046875
2021-07-05,6146.5,6139.8515625
2021-07-06,6109.0,6102.3916015625
2021-07-07,6115.0,6108.3857421875
2021-07-08,6043.0,6036.46435546875
2021-07-09,6074.5,6067.9296875
2021-07-12,6071.0,6064.43408203125
2021-07-13,6132.5,6125.86669921875
2021-07-14,6116.0,6109.384765625
2021-07-15,6114.5,6107.88720703125
2021-07-16,6131.0,6124.369140625
2021-07-19,6056.0,6049.44970703125
2021-07-20,6097.5,6090.9052734375
2021-07-21,6067.0,6060.4384765625
2021-07-22,6051.0,6044.45458984375
2021-07-23,6049.5,6042.95703125
2021-07-26,5963.0,5956.55078125
2021-07-27,5871.0,5864.650390625
2021-07-28,5925.0,5918.59130859375
2021-07-29,5981.5,5975.03125
2021-07-30,5967.5,5961.0458984375
2021-08-02,6036.5,6029.9716796875
2021-08-03,6036.5,6029.9716796875
2021-08-04,6127.0,6120.37353515625
2021-08-05,6117.0,6110.3837890625
2021-08-06,6074.5,6067.9296875
2021-08-09,6088.0,6081.41552734375
2021-08-10,6006.0,5999.50341796875
2021-08-11,5991.5,5985.01904296875
2021-08-12,5994.5,5988.0166015625
2021-08-13,5918.0,5911.59912109375
2021-08-16,5884.0,5877.6357421875
2021-08-17,5786.5,5780.24072265625
2021-08-18,5882.5,5876.13671875
2021-08-19,5757.0,5750.7734375
2021-08-20,5801.0,5794.7255859375
2021-08-23,5903.0,5896.615234375
2021-08-24,5927.0,5920.58984375
2021-08-25,6046.5,6039.96044921875
2021-08-26,5989.5,5983.021484375
2021-08-27,6104.0,6097.3984375
2021-08-31,6191.0,6184.3046875
2021-09-01,6211.5,6204.78125
2021-09-02,6191.0,6184.3046875
2021-09-03,6221.5,6214.7705078125
2021-09-06,6272.5,6265.71533203125
2021-09-07,6217.0,6210.275390625
2021-09-08,6139.5,6132.859375
2021-09-09,6163.0,6156.333984375
2021-09-10,6206.0,6199.287109375
2021-09-13,6210.0,6203.28271484375
2021-09-14,6204.0,6197.28955078125
2021-09-15,6156.5,6149.8408203125
2021-09-16,6048.0,6042.3076171875
2021-09-17,6045.0,6039.31005859375
2021-09-20,5921.5,5915.9267578125
2021-09-21,5935.5,5929.9130859375
2021-09-22,5994.5,5988.8583984375
2021-09-23,6027.5,6021.82666015625
2021-09-24,6064.5,6058.79248046875
2021-09-27,6073.0,6067.28466796875
2021-09-28,6022.0,6016.33251953125
2021-09-29,5980.0,5974.3720703125
2021-09-30,5991.5,5985.8603515625
2021-10-01,5859.0,5853.48583984375
2021-10-04,5709.5,5704.12646484375
2021-10-05,5758.0,5752.5810546875
2021-10-06,5728.0,5722.60888671875
2021-10-07,5875.0,5869.470703125
2021-10-08,5805.0,5799.537109375
2021-10-11,5840.5,5835.00341796875
2021-10-12,5744.0,5738.59423828125
2021-10-13,5699.0,5693.63623046875
2021-10-14,5750.5,5745.08837890625
2021-10-15,5819.0,5813.52294921875
2021-10-18,5829.5,5824.01318359375
2021-10-19,5887.5,5881.95849609375
2021-10-20,5872.0,5866.47412109375
2021-10-21,5838.5,5833.00537109375
2021-10-22,5851.5,5845.9931640625
2021-10-25,5883.0,5877.462890625
2021-10-26,5932.0,5926.4169921875
2021-10-27,5956.5,5950.89453125
2021-10-28,5947.0,5941.40283203125
2021-10-29,5910.0,5904.4375
2021-11-01,5963.0,5957.38818359375
2021-11-02,5988.0,5982.3642578125
2021-11-03,5968.5,5962.8828125
2021-11-04,6031.5,6025.82373046875
2021-11-05,6123.5,6117.736328125
2021-11-08,6172.0,6166.19140625
2021-11-09,6222.0,6216.1435546875
2021-11-10,6230.0,6224.13671875
2021-11-11,6268.0,6262.1005859375
2021-11-12,6277.5,6271.59228515625
2021-11-15,6299.0,6293.07177734375
2021-11-16,6309.0,6303.06201171875
2021-11-17,6319.0,6313.0517578125
2021-11-18,6364.5,6358.51025390625
2021-11-19,6366.0,6360.00830078125
2021-11-22,6404.5,6398.47216796875
2021-11-23,6312.0,6306.05810546875
2021-11-24,6352.5,6346.521484375
2021-11-25,6347.5,6341.5263671875
2021-11-26,6147.0,6141.21435546875
2021-11-29,6241.5,6235.6259765625
2021-11-30,6257.0,6251.11083984375
2021-12-01,6408.0,6401.96923828125
2021-12-02,6411.5,6405.46630859375
2021-12-03,6401.5,6395.47509765625
2021-12-06,6414.0,6407.9638671875
2021-12-07,6521.0,6514.86279296875
2021-12-08,6492.5,6486.38916015625
2021-12-09,6506.5,6500.37646484375
2021-12-10,6464.0,6457.91650390625
2021-12-13,6376.5,6370.498046875
2021-12-14,6324.5,6318.546875
2021-12-15,6354.0,6348.0205078125
2021-12-16,6404.0,6397.97265625
2021-12-17,6429.0,6422.94873046875
2021-12-20,6348.0,6342.02587890625
2021-12-21,6441.5,6435.43701171875
2021-12-22,6462.5,6456.41748046875
2021-12-23,6464.5,6458.416015625
2021-12-24,6450.0,6443.92919921875
2021-12-29,6553.5,6547.3310546875
2021-12-30,6524.5,6518.35986328125
2021-12-31,6529.5,6523.35498046875
2022-01-04,6644.5,6638.24609375
2022-01-05,6618.0,6611.77099609375
2022-01-06,6566.5,6560.31982421875
2022-01-07,6441.5,6435.43701171875
2022-01-10,6460.5,6454.42041015625
2022-01-11,6514.0,6507.86962890625
2022-01-12,6525.0,6518.85888671875
2022-01-13,6650.0,6643.7412109375
2022-01-14,6579.0,6572.80810546875
2022-01-17,6632.5,6626.25732421875
2022-01-18,6554.0,6547.8310546875
2022-01-19,6488.0,6481.8935546875
2022-01-20,6507.0,6500.87548828125
2022-01-21,6405.5,6399.47216796875
2022-01-24,6365.5,6359.5087890625
2022-01-25,6332.0,6326.04052734375
2022-01-26,6361.0,6355.01318359375
2022-01-27,6312.0,6306.05810546875
2022-01-28,6162.5,6156.69970703125
2022-01-31,6333.0,6327.0390625
2022-02-01,6366.0,6360.00830078125
2022-02-02,6376.5,6370.498046875
2022-02-03,6314.0,6308.056640625
2022-02-04,6287.5,6281.58251953125
2022-02-07,6360.5,6354.51416015625
2022-02-08,6377.0,6370.99755859375
2022-02-09,6446.0,6439.93310546875
2022-02-10,6472.0,6465.90869140625
2022-02-11,6465.5,6459.4150390625
2022-02-14,6352.5,6346.521484375
2022-02-15,6412.0,6405.9658203125
2022-02-16,6422.5,6416.455078125
2022-02-17,6399.0,6392.97802734375
2022-02-18,6368.5,6362.50634765625
2022-02-21,6362.5,6356.5126953125
2022-02-22,6312.5,6306.5576171875
2022-02-23,6329.5,6323.54248046875
2022-02-24,6121.0,6115.23974609375
2022-02-25,6268.0,6262.1005859375
2022-02-28,6230.5,6224.6357421875
2022-03-01,6309.0,6303.06201171875
2022-03-02,6340.5,6334.5322265625
2022-03-03,6306.0,6300.06494140625
2022-03-04,6241.5,6235.6259765625
2022-03-07,6066.5,6060.791015625
2022-03-08,5964.5,5958.88720703125
2022-03-09,6087.5,6081.77099609375
2022-03-10,6143.5,6137.7177734375
2022-03-11,6148.5,6142.712890625
2022-03-14,6108.5,6102.75048828125
2022-03-15,6026.5,6020.82763671875
2022-03-16,6109.0,6103.24951171875
2022-03-17,6241.0,6235.181640625
2022-03-18,6211.5,6205.708984375
2022-03-21,6198.5,6192.7216796875
2022-03-22,6187.0,6181.232421875
2022-03-23,6201.5,6195.71826171875
2022-03-24,6214.0,6208.20654296875
2022-03-25,6180.5,6174.73876953125
2022-03-28,6155.5,6149.76171875
2022-03-29,6216.0,6210.205078125
2022-03-30,6241.0,6235.181640625
2022-03-31,6176.0,6170.24267578125
2022-04-01,6173.5,6167.7451171875
2022-04-04,6276.0,6270.1494140625
2022-04-05,6150.5,6144.76611328125
2022-04-06,6114.0,6108.30029296875
2022-04-07,6026.5,6020.88134765625
2022-04-08,6066.5,6060.84521484375
2022-04-11,5917.0,5911.48388671875
2022-04-12,5963.0,5957.44140625
2022-04-13,6053.0,6047.35693359375
2022-04-14,5965.0,5959.43896484375
2022-04-19,5875.5,5870.0234375
2022-04-20,5908.5,5902.99169921875
2022-04-21,5891.5,5886.00732421875
2022-04-22,5902.0,5896.49755859375
2022-04-25,5867.0,5861.5302734375
2022-04-26,5821.0,5815.57373046875
2022-04-27,5816.5,5811.0771484375
2022-04-28,5894.0,5888.50537109375
2022-04-29,5915.0,5909.4853515625
2022-05-03,5890.0,5884.50927734375
2022-05-04,5861.5,5856.03564453125
2022-05-05,5899.5,5894.0
2022-05-06,5895.0,5889.50390625
2022-05-09,5724.5,5719.1630859375
2022-05-10,5749.5,5744.1396484375
2022-05-11,5754.5,5749.13525390625
2022-05-12,5670.0,5664.7138671875
2022-05-13,5766.5,5761.125
2022-05-16,5739.5,5734.1494140625
2022-05-17,5750.5,5745.1396484375
2022-05-18,5737.0,5731.6513671875
2022-05-19,5681.5,5676.203125
2022-05-20,5705.0,5699.681640625
2022-05-23,5743.0,5737.64599609375
2022-05-24,5655.0,5649.72900390625
2022-05-25,5728.0,5722.66015625
2022-05-26,5738.5,5733.150390625
2022-05-27,5857.0,5851.53955078125
2022-05-30,5961.5,5955.9423828125
2022-05-31,6007.5,6001.8994140625
2022-06-01,5981.0,5975.42431640625
2022-06-06,5973.0,5967.431640625
2022-06-07,5873.0,5867.52587890625
2022-06-08,5950.5,5944.953125
2022-06-09,5883.5,5878.015625
2022-06-10,5883.5,5878.015625
2022-06-13,5766.5,5761.125
2022-06-14,5907.0,5901.49267578125
2022-06-15,5888.0,5882.51123046875
2022-06-16,5592.0,5586.787109375
2022-06-17,5631.0,5625.7509765625
2022-06-20,5627.5,5622.25390625
2022-06-21,5698.5,5693.1875
2022-06-22,5573.0,5567.80419921875
2022-06-23,5523.5,5518.3505859375
2022-06-24,5575.0,5569.80224609375
2022-06-27,5616.5,5611.26416015625
2022-06-28,5617.0,5611.763671875
2022-06-29,5567.5,5562.30908203125
2022-06-30,5406.5,5401.4599609375
2022-07-01,5305.5,5300.55419921875
2022-07-04,5249.0,5244.1064453125
2022-07-05,5243.5,5238.61181640625
2022-07-06,5230.0,5225.12451171875
2022-07-07,5374.0,5368.98974609375
2022-07-08,5396.0,5390.9697265625
2022-07-11,5339.0,5334.02294921875
2022-07-12,5346.0,5341.01611328125
2022-07-13,5366.0,5360.99755859375
2022-07-14,5427.0,5421.94091796875
2022-07-15,5480.5,5475.390625
2022-07-18,5474.0,5468.89697265625
2022-07-19,5506.5,5501.3662109375
2022-07-20,5508.5,5503.3642578125
2022-07-21,5573.0,5567.80419921875
2022-07-22,5570.0,5564.80712890625
2022-07-25,5551.5,5546.3251953125
2022-07-26,5483.0,5477.88818359375
2022-07-27,5559.5,5554.31689453125
2022-07-28,5539.0,5533.8369140625
2022-07-29,5508.0,5502.86474609375
2022-08-01,5414.5,5409.4521484375
2022-08-02,5445.0,5439.923828125
2022-08-03,5475.5,5470.3955078125
2022-08-04,5491.0,5485.880859375
2022-08-05,5609.0,5603.77099609375
2022-08-08,5578.0,5572.7998046875
2022-08-09,5584.0,5578.79443359375
2022-08-10,5559.5,5554.31689453125
2022-08-11,5656.0,5650.7275390625
2022-08-12,5728.0,5722.66015625
2022-08-15,5755.0,5749.63525390625
2022-08-16,5759.5,5754.13134765625
2022-08-17,5754.0,5748.63623046875
2022-08-18,5789.5,5784.1025390625
2022-08-19,5822.0,5816.57275390625
2022-08-22,5769.5,5764.12109375
2022-08-23,5718.5,5713.1689453125
2022-08-24,5725.0,5719.6630859375
2022-08-25,5766.0,5760.62548828125
2022-08-26,5723.5,5718.1650390625
2022-08-30,5611.0,5605.76953125
2022-08-31,5694.5,5689.19091796875
2022-09-01,5580.0,5574.7978515625
2022-09-02,5583.0,5577.79541015625
2022-09-05,5578.0,5572.7998046875
2022-09-06,5539.5,5534.33642578125
2022-09-07,5494.0,5488.8779296875
2022-09-08,5558.0,5552.818359375
2022-09-09,5594.0,5588.78515625
2022-09-12,5571.0,5565.80615234375
2022-09-13,5507.5,5502.3662109375
2022-09-14,5480.0,5474.8916015625
2022-09-15,5292.0,5288.71728515625
2022-09-16,5290.5,5287.21826171875
2022-09-20,5282.5,5279.22314453125
2022-09-21,5283.0,5279.72314453125
2022-09-22,5202.0,5198.7724609375
2022-09-23,5229.0,5225.755859375
2022-09-26,5305.0,5301.70947265625
2022-09-27,5285.5,5282.22119140625
2022-09-28,5186.0,5182.783203125
2022-09-29,4963.0,4959.921875
2022-09-30,4921.0,4917.94677734375
2022-10-03,4848.0,4844.9931640625
2022-10-04,4950.0,4946.9296875
2022-10-05,5041.5,5038.37255859375
2022-10-06,5117.0,5113.82568359375
2022-10-07,4996.0,4992.90087890625
2022-10-10,4911.5,4908.453125
2022-10-11,4791.0,4788.02783203125
2022-10-12,4814.0,4811.01416015625
2022-10-13,4755.0,4752.05029296875
2022-10-14,4739.0,4736.06005859375
2022-10-17,4678.0,4675.09814453125
2022-10-18,4685.5,4682.59326171875
2022-10-19,4650.0,4647.11572265625
2022-10-20,4718.0,4715.07275390625
2022-10-21,4671.0,4668.1025390625
2022-10-24,4604.5,4601.64404296875
2022-10-25,4520.0,4517.19580078125
2022-10-26,4548.0,4545.1787109375
2022-10-27,4555.5,4552.6748046875
2022-10-28,4501.0,4498.2080078125
2022-10-31,4545.0,4542.1806640625
2022-11-01,4608.0,4605.14111328125
2022-11-02,4595.0,4592.1494140625
2022-11-03,4660.5,4657.60888671875
2022-11-04,4719.5,4716.572265625
2022-11-07,4702.0,4699.08349609375
2022-11-08,4769.0,4766.0419921875
2022-11-09,4878.0,4874.974609375
2022-11-10,4934.0,4930.9384765625
2022-11-11,5102.0,5098.8349609375
2022-11-14,5135.5,5132.31396484375
2022-11-15,5275.0,5271.7275390625
2022-11-16,5169.5,5166.29296875
2022-11-17,5208.5,5205.26904296875
2022-11-18,5180.0,5176.78662109375
2022-11-21,5168.0,5164.7939453125
2022-11-22,5233.0,5229.7529296875
2022-11-23,5173.5,5170.29052734375
2022-11-24,5232.5,5229.25390625
2022-11-25,5178.0,5174.7880859375
2022-11-28,5128.5,5125.31787109375
2022-11-29,5175.0,5171.78955078125
2022-11-30,5291.5,5288.21728515625
2022-12-01,5239.0,5235.75
2022-12-02,5220.0,5216.76171875
2022-12-05,5252.0,5248.7421875
2022-12-06,5128.0,5124.81884765625
2022-12-07,5119.0,5115.8251953125
2022-12-08,5120.0,5116.82421875
2022-12-09,5124.5,5121.32080078125
2022-12-12,5073.5,5070.35302734375
2022-12-13,5083.5,5080.34619140625
2022-12-14,5086.0,5082.8447265625
2022-12-15,5043.5,5040.37060546875
2022-12-16,5028.5,5025.38037109375
2022-12-19,5027.0,5023.8818359375
2022-12-20,4979.0,4975.9111328125
2022-12-21,5055.5,5052.3642578125
2022-12-22,5019.0,5015.88623046875
2022-12-23,5018.5,5015.38671875
2022-12-28,4941.0,4937.9345703125
2022-12-29,5014.0,5010.8896484375
2022-12-30,4988.0,4984.90576171875
2023-01-03,5034.0,5030.87744140625
2023-01-04,5054.5,5051.36474609375
2023-01-05,5083.0,5079.8466796875
2023-01-06,5149.5,5146.3056640625
2023-01-09,5282.5,5279.22314453125
2023-01-10,5268.5,5265.2314453125
2023-01-11,5276.0,5272.72705078125
2023-01-12,5324.5,5321.19677734375
2023-01-13,5295.5,5292.21533203125
2023-01-16,5317.5,5314.201171875
2023-01-17,5330.0,5326.693359375
2023-01-18,5305.0,5301.70947265625
2023-01-19,5267.5,5264.23193359375
2023-01-20,5326.5,5323.19580078125
2023-01-23,5472.5,5469.10498046875
2023-01-24,5498.0,5494.5888671875
2023-01-25,5439.0,5435.6259765625
2023-01-26,5512.0,5508.5810546875
2023-01-27,5521.5,5518.07421875
2023-01-30,5506.5,5503.08349609375
2023-01-31,5461.0,5457.61181640625
2023-02-01,5542.0,5538.5625
2023-02-02,5654.5,5650.99267578125
2023-02-03,5664.5,5660.9853515625
2023-02-06,5567.0,5563.5458984375
2023-02-07,5579.0,5575.5390625
2023-02-08,5606.0,5602.52294921875
2023-02-09,5632.0,5628.50634765625
2023-02-10,5615.0,5611.51708984375
2023-02-13,5606.5,5603.02197265625
2023-02-14,5618.0,5614.5146484375
2023-02-15,5540.0,5536.5634765625
2023-02-16,5573.0,5569.5419921875
2023-02-17,5533.5,5530.0673828125
2023-02-20,5551.5,5548.056640625
2023-02-21,5454.0,5450.6162109375
2023-02-22,5474.0,5470.60400390625
2023-02-23,5578.0,5574.53955078125
2023-02-24,5483.0,5479.5986328125
2023-02-27,5476.5,5473.1025390625
2023-02-28,5431.5,5428.13134765625
2023-03-01,5528.5,5525.0703125
2023-03-02,5550.5,5547.05712890625
2023-03-03,5577.0,5573.5400390625
2023-03-06,5614.5,5611.01708984375
2023-03-07,5661.0,5657.48828125
2023-03-08,5681.5,5677.97509765625
2023-03-09,5607.0,5603.521484375
2023-03-10,5480.5,5477.1005859375
2023-03-13,5434.5,5431.12841796875
2023-03-14,5424.0,5420.63525390625
2023-03-15,5337.0,5333.68896484375
2023-03-16,5416.0,5412.6650390625
2023-03-17,5405.0,5401.671875
2023-03-20,5370.5,5367.19287109375
2023-03-21,5454.5,5451.140625
2023-03-22,5540.5,5537.087890625
2023-03-23,5594.0,5590.55517578125
2023-03-24,5567.0,5563.5712890625
2023-03-27,5524.5,5521.09814453125
2023-03-28,5474.0,5470.62890625
2023-03-29,5502.0,5498.611328125
2023-03-30,5498.0,5494.61376953125
2023-03-31,5506.5,5503.1083984375
2023-04-03,5509.5,5506.10693359375
2023-04-04,5474.5,5471.12841796875
2023-04-05,5413.5,5410.16650390625
2023-04-06,5415.0,5411.6650390625
2023-04-11,5461.5,5458.13623046875
2023-04-12,5429.5,5426.15673828125
2023-04-13,5396.5,5393.17626953125
2023-04-14,5436.0,5432.65185546875
2023-04-17,5453.5,5450.1416015625
2023-04-18,5417.5,5414.1640625
2023-04-19,5341.0,5337.71142578125
2023-04-20,5359.5,5356.19970703125
2023-04-21,5315.0,5311.72705078125
2023-04-24,5291.0,5287.7412109375
2023-04-25,5205.5,5202.2939453125
2023-04-26,5183.0,5179.80859375
2023-04-27,5203.5,5200.29541015625
2023-04-28,5216.5,5213.28759765625
2023-05-02,5220.5,5217.28466796875
2023-05-03,5220.0,5216.78466796875
2023-05-04,5207.5,5204.29296875
2023-05-05,5239.0,5235.77392578125
2023-05-09,5236.0,5232.775390625
2023-05-10,5221.0,5217.78466796875
2023-05-11,5195.5,5192.30029296875
2023-05-12,5197.0,5193.7998046875
2023-05-15,5217.5,5214.287109375
2023-05-16,5283.0,5279.7470703125
2023-05-17,5385.5,5382.18310546875
2023-05-18,5484.5,5481.123046875
2023-05-19,5484.0,5480.623046875
2023-05-22,5487.5,5484.12060546875
2023-05-23,5453.5,5450.1416015625
2023-05-24,5416.5,5413.16455078125
2023-05-25,5567.5,5564.0712890625
2023-05-26,5702.0,5698.48828125
2023-05-30,5689.0,5685.49609375
2023-05-31,5577.0,5573.5654296875
2023-06-01,5570.5,5567.0693359375
2023-06-02,5665.0,5661.51123046875
2023-06-05,5675.0,5671.50537109375
2023-06-06,5711.5,5707.98291015625
2023-06-07,5730.5,5726.97119140625
2023-06-08,5666.0,5662.51123046875
2023-06-09,5694.5,5690.99365234375
2023-06-12,5764.0,5760.45068359375
2023-06-13,5829.5,5825.91015625
2023-06-14,5779.5,5775.94189453125
2023-06-15,5769.0,5765.44775390625
2023-06-16,5699.5,5695.990234375
2023-06-19,5691.5,5687.9951171875
2023-06-20,5661.0,5657.51416015625
2023-06-21,5645.0,5641.52392578125
2023-06-22,5643.0,5639.52490234375
2023-06-23,5568.0,5564.5712890625
2023-06-26,5605.0,5601.54833984375
2023-06-27,5584.5,5581.06103515625
2023-06-28,5614.0,5610.54248046875
2023-06-29,5615.5,5612.0419921875
2023-06-30,5592.0,5588.55615234375
2023-07-03,5655.5,5652.017578125
2023-07-04,5681.0,5677.501953125
2023-07-05,5606.0,5602.54833984375
2023-07-06,5440.0,5436.64990234375
2023-07-07,5454.5,5451.140625
2023-07-10,5418.0,5414.66357421875
2023-07-11,5482.0,5478.6240234375
2023-07-12,5556.0,5552.578125
2023-07-13,5580.5,5577.0634765625
2023-07-14,5628.0,5624.5341796875
2023-07-17,5612.5,5609.04345703125
2023-07-18,5608.0,5604.546875
2023-07-19,5632.0,5628.53173828125
2023-07-20,5573.0,5569.5673828125
2023-07-21,5540.0,5536.58837890625
2023-07-24,5605.5,5602.04833984375
2023-07-25,5659.0,5655.51513671875
2023-07-26,5599.0,5595.55224609375
2023-07-27,5648.5,5645.02197265625
2023-07-28,5668.0,5664.50927734375
2023-07-31,5562.0,5558.57470703125
2023-08-01,5601.0,5597.55078125
2023-08-02,5477.0,5473.62744140625
2023-08-03,5429.5,5426.15673828125
2023-08-04,5488.5,5485.1201171875
2023-08-07,5503.0,5499.61083984375
2023-08-08,5431.0,5427.65576171875
2023-08-09,5447.0,5443.6455078125
2023-08-10,5456.5,5453.14013671875
2023-08-11,5387.0,5383.6826171875
2023-08-14,5349.5,5346.20556640625
2023-08-15,5298.0,5294.7373046875
2023-08-16,5309.0,5305.73095703125
2023-08-17,5308.0,5304.7314453125
2023-08-18,5286.0,5282.7451171875
2023-08-21,5283.0,5279.7470703125
2023-08-22,5293.0,5289.740234375
2023-08-23,5387.0,5383.6826171875
2023-08-24,5431.0,5427.65576171875
2023-08-25,5394.5,5391.17822265625
2023-08-29,5468.0,5464.63232421875
2023-08-30,5420.5,5417.16259765625
2023-08-31,5387.0,5383.6826171875
2023-09-01,5413.5,5410.16650390625
2023-09-04,5442.5,5439.14794921875
2023-09-05,5462.0,5458.63623046875
2023-09-06,5437.5,5434.1513671875
2023-09-07,5384.0,5380.6845703125
2023-09-08,5412.0,5408.66748046875
2023-09-11,5368.0,5364.69482421875
2023-09-12,5419.0,5415.6630859375
2023-09-13,5458.5,5455.138671875
2023-09-14,5442.0,5439.8916015625
2023-09-15,5415.5,5413.40234375
2023-09-18,5388.5,5386.41259765625
2023-09-19,5331.5,5329.4345703125
2023-09-20,5347.5,5345.4287109375
2023-09-21,5252.0,5249.9658203125
2023-09-22,5307.0,5304.9443359375
2023-09-25,5346.5,5344.42919921875
2023-09-26,5284.5,5282.453125
2023-09-27,5300.5,5298.447265625
2023-09-28,5320.0,5317.93896484375
2023-09-29,5338.0,5335.93212890625
2023-10-02,5359.0,5356.92431640625
2023-10-03,5332.0,5329.9345703125
2023-10-04,5297.0,5294.94873046875
2023-10-05,5329.0,5326.93603515625
2023-10-06,5393.5,5391.4111328125
2023-10-09,5387.0,5384.91357421875
2023-10-10,5434.5,5432.39501953125
2023-10-11,5419.0,5416.9013671875
2023-10-12,5475.5,5473.37939453125
2023-10-13,5468.5,5466.3818359375
2023-10-16,5471.0,5468.88134765625
2023-10-17,5422.5,5420.3994140625
2023-10-18,5336.5,5334.43310546875
2023-10-19,5402.0,5399.9072265625
2023-10-20,5336.5,5334.43310546875
2023-10-23,5279.0,5276.955078125
2023-10-24,5327.0,5324.9365234375
2023-10-25,5300.0,5297.947265625
2023-10-26,5232.0,5229.97314453125
2023-10-27,5235.5,5233.47216796875
2023-10-30,5245.5,5243.46826171875
2023-10-31,5197.5,5195.48681640625
2023-11-01,5257.0,5254.96435546875
2023-11-02,5369.0,5366.92041015625
2023-11-03,5368.0,5365.9208984375
2023-11-06,5377.0,5374.9169921875
2023-11-07,5419.5,5417.40087890625
2023-11-08,5410.5,5408.404296875
2023-11-09,5444.0,5441.89111328125
2023-11-10,5490.0,5487.87353515625
2023-11-13,5488.0,5485.87451171875
2023-11-14,5505.5,5503.36767578125
2023-11-15,5565.0,5562.84423828125
2023-11-16,5569.0,5566.8427734375
2023-11-17,5606.0,5603.82861328125
2023-11-20,5633.0,5630.81787109375
2023-11-21,5678.0,5675.80078125
2023-11-22,5637.0,5634.81640625
2023-11-23,5625.5,5623.32080078125
2023-11-24,5565.0,5562.84423828125
2023-11-27,5549.0,5546.8505859375
2023-11-28,5597.5,5595.33203125
2023-11-29,5636.0,5633.81689453125
2023-11-30,5608.0,5605.828125
2023-12-01,5596.0,5593.83251953125
2023-12-04,5553.0,5550.84912109375
2023-12-05,5564.0,5561.84521484375
2023-12-06,5597.5,5595.33203125
2023-12-07,5609.5,5607.3271484375
2023-12-08,5631.5,5629.31884765625
2023-12-11,5654.0,5651.81005859375
2023-12-12,5640.0,5637.8154296875
2023-12-13,5648.0,5645.8125
2023-12-14,5713.0,5710.78759765625
2023-12-15,5724.0,5721.78271484375
2023-12-18,5697.0,5694.79296875
2023-12-19,5672.0,5669.80322265625
2023-12-20,5713.5,5711.28759765625
2023-12-21,5722.0,5719.78369140625
2023-12-22,5736.0,5733.7783203125
2023-12-27,5844.5,5842.236328125
2023-12-28,5924.0,5921.70556640625
2023-12-29,5936.0,5933.701171875
2024-01-02,5852.0,5849.73291015625
2024-01-03,5744.5,5742.27490234375
2024-01-04,5740.0,5737.77685546875
2024-01-05,5727.5,5725.28125
2024-01-08,5759.0,5756.76953125
2024-01-09,5701.0,5698.7919921875
2024-01-10,5658.0,5655.80859375
2024-01-11,5663.0,5660.80615234375
2024-01-12,5680.0,5677.7998046875
2024-01-15,5651.0,5648.81103515625
2024-01-16,5591.0,5588.83447265625
2024-01-17,5486.0,5483.8759765625
2024-01-18,5629.5,5627.3193359375
2024-01-19,5742.0,5739.77587890625
2024-01-22,5764.0,5761.767578125
2024-01-23,5798.0,5795.75439453125
2024-01-24,5846.0,5843.7353515625
2024-01-25,5881.0,5878.72216796875
2024-01-26,5872.0,5869.7255859375
2024-01-29,5904.0,5901.71337890625
2024-01-30,5898.0,5895.71484375
2024-01-31,5860.0,5857.72998046875
2024-02-01,5818.5,5816.24658203125
2024-02-02,5837.0,5834.7392578125
2024-02-05,5902.5,5900.2138671875
2024-02-06,5982.0,5979.68359375
2024-02-07,6000.0,5997.67626953125
2024-02-08,6111.0,6108.63330078125
2024-02-09,6113.0,6110.63232421875
2024-02-12,6202.5,6200.09765625
2024-02-13,6043.0,6040.65966796875
2024-02-14,6129.0,6126.6259765625
2024-02-15,6127.5,6125.126953125
2024-02-16,6087.5,6085.14208984375
2024-02-19,6086.0,6083.64306640625
2024-02-20,6085.0,6082.64306640625
2024-02-21,6045.5,6043.15869140625
2024-02-22,6138.0,6135.62255859375
2024-02-23,6095.0,6092.63916015625
2024-02-26,6095.0,6092.63916015625
2024-02-27,6083.0,6080.6435546875
2024-02-28,6019.0,6016.6689453125
2024-02-29,6086.0,6083.64306640625
2024-03-01,6159.0,6156.6142578125
2024-03-04,6223.0,6220.59033203125
2024-03-05,6180.5,6178.10595703125
2024-03-06,6308.0,6305.55712890625
2024-03-07,6399.5,6397.02197265625
2024-03-08,6365.0,6362.53466796875
2024-03-11,6342.5,6340.04296875
2024-03-12,6444.0,6441.50439453125
2024-03-13,6381.0,6378.5283203125
2024-03-14,6404.0,6401.5732421875
2024-03-15,6362.0,6359.58935546875
2024-03-18,6395.0,6392.57666015625
2024-03-19,6356.5,6354.09130859375
2024-03-20,6326.0,6323.60302734375
2024-03-21,6474.0,6471.546875
2024-03-22,6508.0,6505.5341796875
2024-03-25,6503.0,6500.53564453125
2024-03-26,6470.0,6467.54833984375
2024-03-27,6465.5,6463.0498046875
2024-03-28,6469.0,6466.548828125
2024-04-02,6565.5,6563.01220703125
2024-04-03,6549.0,6546.5185546875
2024-04-04,6573.5,6571.0087890625
2024-04-05,6471.5,6469.04833984375
2024-04-08,6529.0,6526.5263671875
2024-04-09,6609.0,6606.49609375
2024-04-10,6643.0,6640.482421875
2024-04-11,6614.5,6611.99365234375
2024-04-12,6565.0,6562.51220703125
2024-04-15,6505.0,6502.53515625
2024-04-16,6322.5,6320.10400390625
2024-04-17,6346.5,6344.09521484375
2024-04-18,6348.5,6346.09423828125
2024-04-19,6203.5,6201.1494140625
2024-04-22,6188.0,6185.6552734375
2024-04-23,6243.5,6241.134765625
2024-04-24,6272.0,6269.623046875
2024-04-25,6216.0,6213.64501953125
2024-04-26,6341.5,6339.09716796875
2024-04-29,6395.0,6392.57666015625
2024-04-30,6361.0,6358.58984375
2024-05-01,6330.5,6328.10107421875
2024-05-02,6380.0,6377.58251953125
2024-05-03,6488.0,6485.54150390625
2024-05-07,6532.0,6529.52490234375
2024-05-08,6552.0,6549.51708984375
2024-05-09,6563.5,6561.0126953125
2024-05-10,6654.0,6651.47900390625
2024-05-13,6636.0,6633.4853515625
2024-05-14,6707.0,6704.4580078125
2024-05-15,6834.0,6831.41064453125
2024-05-16,6811.5,6808.91845703125
2024-05-17,6757.0,6754.439453125
2024-05-20,6745.5,6742.9443359375
2024-05-21,6703.0,6700.4599609375
2024-05-22,6788.0,6785.427734375
2024-05-23,6842.0,6839.4072265625
2024-05-24,6871.0,6868.396484375
2024-05-28,6948.0,6945.3671875
2024-05-29,6794.5,6791.92529296875
2024-05-30,6780.5,6777.9306640625
2024-05-31,6627.0,6624.4892578125
2024-06-03,6708.0,6705.4580078125
2024-06-04,6609.5,6606.99560546875
2024-06-05,6808.5,6805.919921875
2024-06-06,6841.5,6838.90771484375
2024-06-07,6849.0,6846.40478515625
2024-06-10,6878.5,6875.8935546875
2024-06-11,6822.0,6819.4150390625
2024-06-12,7004.0,7001.34619140625
2024-06-13,7010.0,7007.34375
2024-06-14,7117.0,7114.3037109375
2024-06-17,7155.0,7152.28857421875
2024-06-18,7297.0,7294.2353515625
2024-06-19,7402.0,7399.1953125
2024-06-20,7421.0,7418.18798828125
2024-06-21,7407.5,7404.69287109375
2024-06-24,7278.5,7275.7421875
2024-06-25,7237.0,7234.25732421875
2024-06-26,7236.0,7233.25830078125
2024-06-27,7281.5,7278.74072265625
2024-06-28,7368.0,7365.2080078125
2024-07-01,7301.0,7298.23291015625
2024-07-02,7305.0,7302.23193359375
2024-07-03,7390.0,7387.19970703125
2024-07-04,7479.0,7476.166015625
2024-07-05,7417.0,7414.189453125
2024-07-08,7562.0,7559.13525390625
2024-07-09,7538.5,7535.64306640625
2024-07-10,7618.5,7615.61328125
2024-07-11,7606.0,7603.1181640625
2024-07-12,7538.0,7535.1435546875
2024-07-15,7463.0,7460.17236328125
2024-07-16,7478.0,7475.166015625
2024-07-17,7276.5,7273.74267578125
2024-07-18,7117.5,7114.80322265625
2024-07-19,7068.0,7065.32177734375
2024-07-22,6966.0,6963.3603515625
2024-07-23,7082.0,7079.31640625
2024-07-24,6926.5,6923.87548828125
2024-07-25,6894.0,6891.3876953125
2024-07-26,6916.0,6913.37939453125
2024-07-29,6833.5,6830.91064453125
2024-07-30,6850.0,6847.404296875
2024-07-31,7070.0,7067.32080078125
2024-08-01,6991.0,6988.35107421875
2024-08-02,6630.5,6627.98779296875
2024-08-05,6300.5,6298.11279296875
2024-08-06,6463.5,6461.05078125
2024-08-07,6742.0,6739.4453125
2024-08-08,6808.0,6805.419921875
2024-08-09,6855.5,6852.90234375
2024-08-12,6973.0,6970.35791015625
2024-08-13,7011.0,7008.34375
2024-08-14,7064.0,7061.3232421875
2024-08-15,7062.5,7059.82421875
2024-08-16,7098.0,7095.310546875
2024-08-19,7165.5,7162.78466796875
2024-08-20,7103.0,7100.30859375
2024-08-21,7058.0,7055.32568359375
2024-08-22,6968.0,6965.35986328125
2024-08-23,7036.0,7033.33349609375
2024-08-27,6941.5,6938.86962890625
2024-08-28,6978.0,6975.35546875
2024-08-29,7073.5,7070.8193359375
2024-08-30,6960.0,6957.36279296875
2024-09-02,6946.5,6943.8681640625
2024-09-03,6784.0,6781.4296875
2024-09-04,6662.0,6659.47509765625
2024-09-05,6657.0,6654.4775390625
2024-09-06,6555.0,6552.51611328125
2024-09-09,6654.0,6651.47900390625
2024-09-10,6594.0,6591.50146484375
2024-09-11,6649.0,6646.48046875
2024-09-12,6709.0,6707.42138671875
2024-09-13,6742.5,6740.91357421875
2024-09-16,6678.0,6676.42919921875
2024-09-17,6718.0,6716.419921875
2024-09-18,6638.0,6636.4384765625
2024-09-19,6793.0,6791.40185546875
2024-09-20,6728.0,6726.4169921875
2024-09-23,6757.0,6755.41064453125
2024-09-24,6921.0,6919.3720703125
2024-09-25,6985.5,6983.85693359375
2024-09-26,7082.0,7080.333984375
2024-09-27,6996.0,6994.35400390625
2024-09-30,6767.0,6765.40771484375
2024-10-01,6740.0,6738.4140625
2024-10-02,6814.0,6812.39697265625
2024-10-03,6864.0,6862.38525390625
2024-10-04,6886.0,6884.3798828125
2024-10-07,6979.5,6977.8583984375
2024-10-08,7041.0,7039.34326171875
2024-10-09,7031.0,7029.34619140625
2024-10-10,7067.0,7065.33740234375
2024-10-11,7135.0,7133.32177734375
2024-10-14,7181.5,7179.810546875
2024-10-15,7118.5,7116.8251953125
2024-10-16,7241.0,7239.296875
2024-10-17,7438.0,7436.25048828125
2024-10-18,7438.5,7436.75
2024-10-21,7315.0,7313.27880859375
2024-10-22,7388.0,7386.26171875
2024-10-23,7328.0,7326.27587890625
2024-10-24,7309.0,7307.2802734375
2024-10-25,7428.0,7426.25244140625
2024-10-28,7281.0,7279.28759765625
2024-10-29,7225.0,7223.30029296875
2024-10-30,7181.0,7179.310546875
2024-10-31,7130.5,7128.82275390625
2024-11-01,7246.5,7244.79541015625
2024-11-04,7298.0,7296.283203125
2024-11-05,7350.5,7348.77099609375
2024-11-06,7235.0,7233.29833984375
2024-11-07,7431.0,7429.251953125
2024-11-08,7393.0,7391.2607421875
2024-11-11,7244.0,7242.2958984375
2024-11-12,7203.0,7201.3056640625
2024-11-13,7250.0,7248.29443359375
2024-11-14,7229.0,7227.2998046875
2024-11-15,7210.5,7208.8037109375
2024-11-18,7191.0,7189.30810546875
2024-11-19,7282.0,7280.28662109375
2024-11-20,7149.0,7147.318359375
2024-11-21,7215.0,7213.302734375
2024-11-22,7358.0,7356.26904296875
2024-11-25,7309.5,7307.7802734375
2024-11-26,7246.0,7244.29541015625
2024-11-27,7010.5,7008.8505859375
2024-11-28,7015.0,7013.349609375
2024-11-29,7104.0,7102.3291015625
2024-12-02,7279.0,7277.28759765625
2024-12-03,7275.0,7273.28857421875
2024-12-04,7383.5,7381.76318359375
2024-12-05,7387.0,7385.26220703125
2024-12-06,7323.0,7321.27734375
2024-12-09,7346.0,7344.27197265625
2024-12-10,7226.0,7224.30029296875
2024-12-11,7258.0,7256.29248046875
2024-12-12,7278.0,7276.2880859375
2024-12-13,7363.5,7361.767578125
2024-12-16,7324.0,7322.27685546875
2024-12-17,7280.5,7278.78759765625
2024-12-18,7398.0,7396.259765625
2024-12-19,7305.0,7303.28173828125
2024-12-20,7311.0,7309.2802734375
2024-12-23,7447.5,7445.748046875
2024-12-24,7430.0,7428.25244140625
2024-12-27,7364.0,7362.267578125
2024-12-30,7320.0,7318.2783203125
2024-12-31,7352.5,7350.7705078125
2025-01-02,7366.0,7364.267578125
2025-01-03,7406.0,7404.25732421875
2025-01-06,7622.5,7620.70654296875
2025-01-07,7599.0,7597.21240234375
2025-01-08,7544.0,7542.22509765625
2025-01-09,7526.0,7524.2294921875
2025-01-10,7436.0,7434.2509765625
2025-01-13,7312.0,7310.27978515625
2025-01-14,7372.0,7370.26611328125
2025-01-15,7446.0,7444.248046875
2025-01-16,7573.5,7571.71826171875
2025-01-17,7613.5,7611.708984375
2025-01-20,7610.0,7608.20947265625
2025-01-21,7645.0,7643.20166015625
2025-01-22,7714.0,7712.18505859375
2025-01-23,7702.5,7700.68798828125
2025-01-24,7664.0,7662.197265625
2025-01-27,7113.0,7111.32666015625
2025-01-28,7182.0,7180.310546875
2025-01-29,7267.0,7265.29052734375
2025-01-30,7343.0,7341.2724609375
2025-01-31,7466.5,7464.74365234375
2025-02-03,7313.5,7311.77978515625
2025-02-04,7348.0,7346.271484375
2025-02-05,7390.5,7388.76171875
2025-02-06,7444.5,7442.7490234375
2025-02-07,7468.0,7466.2431640625
2025-02-10,7506.0,7504.234375
2025-02-11,7484.5,7482.7392578125
2025-02-12,7443.0,7441.2490234375
2025-02-13,7449.0,7447.24755859375
2025-02-14,7351.5,7349.7705078125
2025-02-17,7438.0,7436.25048828125
2025-02-18,7465.0,7463.24365234375
2025-02-19,7436.0,7434.2509765625
2025-02-20,7398.0,7396.259765625
2025-02-21,7426.0,7424.2529296875
2025-02-24,7341.0,7339.27294921875
2025-02-25,7250.5,7248.79443359375
2025-02-26,7385.0,7383.2626953125
2025-02-27,7181.0,7179.310546875
2025-02-28,7068.0,7066.33740234375
2025-03-03,7027.5,7025.8466796875
2025-03-04,6974.0,6972.359375
2025-03-05,7029.0,7027.34619140625
2025-03-06,6969.5,6967.8603515625
2025-03-07,6871.0,6869.38330078125
2025-03-10,6784.5,6782.904296875
2025-03-11,6728.0,6726.4169921875
2025-03-12,6838.0,6836.39111328125
2025-03-13,6714.0,6712.42041015625
2025-03-14,6790.5,6788.90283203125
2025-03-17,6805.5,6803.89892578125
2025-03-18,6772.0,6770.4072265625
2025-03-19,6753.0,6751.4111328125
2025-03-20,6783.0,6781.404296875
2025-03-21,6787.5,6785.9033203125
2025-03-24,6832.5,6830.892578125
2025-03-25,6818.5,6816.89599609375
2025-03-26,6752.5,6750.91162109375
2025-03-27,6655.5,6653.93408203125
2025-03-28,6473.0,6471.47705078125
2025-03-31,6387.0,6385.49755859375
2025-04-01,6506.0,6504.46923828125
2025-04-02,6540.5,6538.96142578125
2025-04-03,6185.0,6183.544921875
2025-04-04,5964.0,5962.5966796875
2025-04-07,5705.5,5704.15771484375
2025-04-08,5840.0,5838.6259765625
2025-04-09,5452.5,5451.21728515625
2025-04-10,5863.0,5861.62060546875
2025-04-11,6051.0,6049.57666015625
2025-04-14,6084.0,6082.56884765625
2025-04-15,6101.5,6100.064453125
2025-04-16,6012.0,6010.5859375
2025-04-17,5929.5,5928.10546875
2025-04-22,5782.5,5781.1396484375
2025-04-23,6008.0,6006.5869140625
2025-04-24,6014.5,6013.08544921875
2025-04-25,6032.5,6031.0810546875
2025-04-28,6023.0,6021.5830078125
2025-04-29,6131.0,6129.5576171875
2025-04-30,6187.0,6185.54443359375
2025-05-01,6355.0,6353.5048828125
2025-05-02,6692.0,6690.42578125
2025-05-06,6773.5,6771.90625
2025-05-07,6663.5,6661.93212890625
2025-05-08,6747.0,6745.41259765625
2025-05-09,6833.5,6831.892578125
2025-05-12,6998.0,6996.35400390625
2025-05-13,7020.5,7018.84814453125
2025-05-14,7117.0,7115.32568359375
2025-05-15,7108.0,7106.32763671875
2025-05-16,7144.5,7142.81884765625
2025-05-19,7041.5,7039.84326171875
2025-05-20,6997.0,6995.35400390625
2025-05-21,7095.5,7093.83056640625
2025-05-22,7000.5,6998.853515625
2025-05-23,6923.0,6921.37109375
2025-05-27,6928.0,6926.37060546875
2025-05-28,6939.5,6937.86767578125
2025-05-29,6870.0,6868.38427734375
2025-05-30,6816.5,6814.896484375
2025-06-02,6789.5,6787.90283203125
2025-06-03,6890.5,6888.87890625
2025-06-04,6964.0,6962.36181640625
2025-06-05,7014.0,7012.349609375
2025-06-06,7019.0,7017.34912109375
2025-06-09,7072.0,7070.33642578125
2025-06-10,7195.0,7193.3076171875
2025-06-11,7276.0,7274.2880859375
2025-06-12,7328.0,7326.27587890625
2025-06-13,7249.0,7247.29443359375
2025-06-16,7313.0,7311.27978515625
2025-06-17,7270.5,7268.78955078125
2025-06-18,7337.0,7335.27392578125
2025-06-19,7196.0,7194.30712890625
2025-06-20,7190.0,7188.30859375
2025-06-23,7167.0,7165.31396484375
2025-06-24,7326.0,7324.27685546875
2025-06-25,7408.0,7406.25732421875
2025-06-26,7402.0,7400.2587890625
2025-06-27,7443.0,7441.2490234375
2025-06-30,7359.5,7357.76904296875
2025-07-01,7434.0,7432.2509765625
2025-07-02,7591.0,7589.21435546875
2025-07-03,7721.0,7719.18359375
2025-07-04,7547.5,7545.724609375
2025-07-07,7509.0,7507.23388671875
2025-07-08,7513.5,7511.732421875
2025-07-09,7565.5,7563.72021484375
2025-07-10,7633.0,7631.20458984375
2025-07-11,7688.0,7686.19140625
2025-07-14,7632.5,7630.70458984375
2025-07-15,7756.5,7754.67529296875
2025-07-16,7762.0,7760.173828125
2025-07-17,7917.5,7915.63720703125
2025-07-18,7858.5,7856.6513671875
2025-07-21,7880.0,7878.146484375
2025-07-22,7749.0,7747.17724609375
2025-07-23,7797.5,7795.66552734375
2025-07-24,7837.0,7835.15625
2025-07-25,7866.5,7864.6494140625
2025-07-28,7847.0,7845.154296875
2025-07-29,7801.0,7799.1650390625
2025-07-30,7848.5,7846.65380859375
2025-07-31,7897.0,7895.14208984375
2025-08-01,7846.0,7844.154296875
2025-08-04,7869.5,7867.6484375
2025-08-05,7886.0,7884.14501953125
2025-08-06,7828.0,7826.15869140625
2025-08-07,8020.5,8018.61328125
2025-08-08,7979.0,7977.123046875
2025-08-11,8049.0,8047.1064453125
2025-08-12,8050.5,8048.6064453125
2025-08-13,8037.5,8035.609375
2025-08-14,7977.0,7975.12353515625
2025-08-15,7955.0,7953.12841796875
2025-08-18,8029.0,8027.111328125
2025-08-19,7978.0,7976.12353515625
2025-08-20,7756.5,7754.67529296875
2025-08-21,7791.0,7789.1669921875
2025-08-22,7845.5,7843.654296875
2025-08-26,7887.0,7885.14453125
2025-08-27,7893.0,7891.14306640625
2025-08-28,7887.5,7885.64453125
2025-08-29,7750.5,7748.6767578125
2025-09-01,7707.0,7705.18701171875
2025-09-02,7695.0,7693.18994140625
2025-09-03,7791.0,7789.1669921875
2025-09-04,7826.0,7824.15869140625
2025-09-05,7903.0,7901.140625
2025-09-08,7992.0,7990.1201171875
2025-09-09,8098.0,8096.0947265625
2025-09-10,8280.0,8278.052734375
2025-09-11,8155.0,8154.39013671875
2025-09-12,8138.5,8137.89111328125
2025-09-15,8164.0,8163.38916015625
2025-09-16,8173.5,8172.888671875
2025-09-17,8177.0,8176.38818359375
2025-09-18,8284.0,8283.3798828125
2025-09-19,8266.0,8265.3818359375
2025-09-22,8308.0,8307.37890625
2025-09-23,8438.0,8437.369140625
2025-09-24,8381.0,8380.373046875
2025-09-25,8330.5,8329.876953125
2025-09-26,8226.0,8225.384765625
2025-09-29,8322.0,8321.3779296875
2025-09-30,8325.0,8324.376953125
2025-10-01,8367.0,8366.3740234375
2025-10-02,8423.0,8422.3701171875
2025-10-03,8517.0,8516.36328125
2025-10-06,8593.0,8592.357421875
2025-10-07,8617.0,8616.35546875
2025-10-08,8690.0,8689.349609375
2025-10-09,8680.0,8679.3505859375
2025-10-10,8408.0,8407.37109375
2025-10-13,8630.0,8629.3544921875
2025-10-14,8540.5,8539.861328125
2025-10-15,8678.0,8677.3505859375
2025-10-16,8727.0,8726.34765625
2025-10-17,8627.0,8626.3544921875
2025-10-20,8855.5,8854.837890625
2025-10-21,8811.0,8810.3408203125
2025-10-22,8711.0,8710.3486328125
2025-10-23,8797.5,8796.841796875
2025-10-27,8961.0,8960.330078125
2025-10-28,9018.0,9017.3251953125
2025-10-29,9130.0,9129.3173828125
2025-10-30,9079.0,9078.3212890625
2025-10-31,9089.0,9088.3203125
2025-11-03,9077.5,9076.8212890625
2025-11-04,9059.0,9058.322265625
2025-11-05,9027.0,9026.3251953125
2025-11-06,8860.0,8859.3369140625
2025-11-07,8661.0,8660.3525390625
2025-11-10,8819.5,8818.83984375
2025-11-11,8819.0,8818.33984375
2025-11-12,8874.0,8873.3359375
2025-11-13,8704.0,8703.3486328125
2025-11-14,8836.0,8835.3388671875
2025-11-17,8587.0,8586.357421875
2025-11-18,8468.5,8467.8662109375
2025-11-19,8470.0,8469.3662109375
2025-11-20,8542.0,8541.361328125
2025-11-21,8294.0,8293.3798828125
2025-11-24,8453.0,8452.3681640625
2025-11-25,8369.0,8368.3740234375
2025-11-26,8572.0,8571.3583984375
2025-11-27,8588.0,8587.357421875
2025-11-28,8645.0,8644.353515625
2025-12-01,8641.0,8640.353515625
2025-12-02,8664.0,8663.3515625
2025-12-03,8613.0,8612.35546875
2025-12-04,8586.0,8585.357421875
2025-12-05,8749.5,8748.845703125
2025-12-08,8784.0,8783.3427734375
2025-12-09,8826.0,8825.33984375
2025-12-10,8869.0,8868.3369140625
2025-12-11,8737.0,8736.3466796875
2025-12-12,8569.0,8568.359375
2025-12-15,8616.0,8615.35546875
2025-12-16,8482.0,8481.365234375
2025-12-17,8389.0,8388.3720703125
2025-12-18,8517.5,8516.86328125
2025-12-19,8607.0,8606.3564453125
2025-12-22,8592.0,8591.357421875
2025-12-23,8620.0,8619.35546875
2025-12-24,8656.0,8655.3525390625
2025-12-29,8751.0,8750.345703125
2025-12-30,8865.5,8864.8369140625
2025-12-31,8870.0,8869.3369140625
2026-01-02,9003.0,9002.326171875
2026-01-05,9156.5,9155.8154296875
2026-01-06,9221.5,9220.810546875
2026-01-07,9238.0,9237.30859375
2026-01-08,9163.5,9162.814453125
2026-01-09,9257.5,9256.8076171875
2026-01-12,9296.0,9295.3046875
2026-01-13,9333.0,9332.3017578125
2026-01-14,9298.0,9297.3046875
2026-01-15,9535.0,9534.287109375
2026-01-16,9495.0,9494.2900390625
2026-01-19,9486.0,9485.2900390625
2026-01-20,9426.5,9425.794921875
2026-01-21,9522.0,9521.2880859375
2026-01-22,9602.0,9601.28125
2026-01-23,9601.0,9600.2822265625
2026-01-26,9617.0,9616.2802734375
2026-01-27,9716.0,9715.2734375
2026-01-28,9746.0,9745.2705078125
2026-01-29,9455.5,9454.79296875
2026-01-30,9414.0,9413.2958984375
2026-02-02,9515.5,9514.7880859375
2026-02-03,9491.5,9490.7900390625
2026-02-04,9482.5,9481.791015625
2026-02-05,9478.0,9477.291015625
2026-02-06,9652.5,9651.7783203125
2026-02-09,9794.0,9793.267578125
2026-02-10,9913.0,9912.2587890625
2026-02-11,10224.0,10223.2353515625
2026-02-12,10094.0,10093.2451171875
2026-02-13,10119.0,10118.2431640625
2026-02-16,10041.0,10040.2490234375
2026-02-17,10137.0,10136.2421875
2026-02-18,10288.0,10287.23046875
2026-02-19,10242.0,10241.2333984375
2026-02-20,10408.0,10407.2216796875
2026-02-23,10237.0,10236.234375
2026-02-24,10665.0,10664.2021484375
2026-02-25,10808.0,10807.19140625
2026-02-26,10694.5,10693.7001953125
2026-02-27,10659.0,10658.203125
2026-03-02,10622.0,10621.205078125
2026-03-03,10055.0,10054.248046875
2026-03-04,10145.0,10144.2412109375
2026-03-05,9976.5,9975.75390625
2026-03-09,9796.0,9795.267578125
2026-03-10,9994.5,9993.751953125
2026-03-11,10140.0,10139.2412109375
2026-03-12,9903.0,9902.2587890625
2026-03-13,9994.5,9993.751953125
2026-03-16,10155.5,10154.740234375
2026-03-17,10311.0,10310.228515625
2026-03-18,10233.5,10232.734375
2026-03-19,10069.0,10068.2470703125
2026-03-20,9928.5,9927.7568359375
2026-03-23,9966.0,9965.2548828125
2026-03-24,9986.5,9985.7529296875
2026-03-25,10186.5,10185.73828125
2026-03-26,9978.5,9977.75390625
2026-03-27,9860.5,9859.7626953125
2026-03-30,9890.5,9889.759765625
2026-03-31,9828.0,9827.2646484375
2026-04-01,10201.0,10200.2373046875
2026-04-02,10021.0,10020.25
2026-04-07,10049.0,10048.248046875
2026-04-08,10664.0,10663.2021484375
2026-04-09,10648.5,10647.703125
2026-04-10,10793.0,10792.1923828125
2026-04-13,10845.0,10844.1884765625
2026-04-14,11110.0,11109.1689453125
2026-04-15,11236.0,11235.1591796875
2026-04-16,11316.0,11315.1533203125
2026-04-17,11565.0,11564.134765625
2026-04-20,11566.0,11565.134765625
2026-04-21,11661.0,11660.1279296875
2026-04-22,11966.5,11965.6044921875
2026-04-23,11889.5,11888.6103515625
2026-04-24,12334.0,12333.0771484375
2026-04-27,12218.0,12217.0859375
2026-04-28,12185.0,12184.0888671875
2026-04-29,12276.5,12275.58203125
2026-04-30,12345.0,12344.076171875
2026-05-01,12546.0,12545.0615234375
2026-05-05,12970.0,12969.0302734375
2026-05-06,13281.0,13280.0068359375
2026-05-07,13333.0,13332.0029296875
2026-05-08,13423.0,13421.99609375
2026-05-11,13465.0,13463.9931640625
2026-05-12,13077.0,13076.021484375
2026-05-13,13219.0,13218.0107421875
2026-05-14,13422.0,13420.99609375
2026-05-15,13077.0,13076.021484375
2026-05-18,12997.0,12996.02734375
2026-05-19,12648.0,12647.0537109375
2026-05-20,12969.0,12968.0302734375
2026-05-21,13282.0,13281.0068359375
2026-05-22,13757.0,13755.970703125
2026-05-26,14423.0,14421.9208984375
2026-05-27,14677.0,14675.90234375
2026-05-28,14643.0,14641.904296875
2026-05-29,14590.5,14589.408203125
2026-06-01,15118.0,15116.869140625
2026-06-02,15168.0,15166.865234375
2026-06-03,15142.0,15140.8671875
2026-06-04,14895.0,14893.8857421875
2026-06-05,14261.0,14259.93359375
2026-06-08,14386.0,14384.923828125
2026-06-09,14199.0,14197.9375
2026-06-10,14019.0,14017.951171875
2026-06-11,14212.0,14210.9365234375
2026-06-12,14506.5,14505.4150390625
2026-06-15,14982.0,14980.87890625
2026-06-16,14786.0,14784.8935546875
2026-06-17,15078.0,15076.8720703125
2026-06-18,15531.0,15529.837890625
2026-06-19,15478.0,15476.841796875
2026-06-22,15960.0,15958.8056640625
2026-06-23,15191.0,15189.86328125
2026-06-24,15010.0,15008.876953125
2026-06-25,15002.5,15001.3779296875
2026-06-26,14601.0,14599.908203125
2026-06-29,14815.0,14813.8916015625
2026-06-30,15364.0,15362.8505859375
2026-07-01,15204.0,15202.8623046875
2026-07-02,14992.0,14990.87890625
2026-07-03,15354.0,15352.8515625
2026-07-06,15122.0,15120.869140625
2026-07-07,14287.0,14285.931640625
2026-07-08,14359.0,14357.92578125
2026-07-09,14791.0,14789.8935546875
2026-07-10,14833.5,14832.390625
2026-07-13,14500.5,14499.4150390625
2026-07-14,14323.5,14322.4287109375
2026-07-15,14194.5,14193.4384765625
2026-07-16,13996.0,13994.953125
2026-07-17,13438.0,13436.9951171875
2026-07-20,13541.0,13539.9873046875
2026-07-21,14188.0,14186.9384765625
2026-07-22,14292.0,14290.9306640625
2026-07-23,14007.0,14005.9521484375
2026-07-24,13903.0,13901.9599609375
2026-07-27,13645.0,13643.9794921875
2026-07-28,13256.0,13255.0087890625
2026-07-29,12691.0,12690.05078125
2026-07-30,13131.0,13130.017578125
2026-07-31,13529.0,13527.98828125
2026-08-03,13605.5,13604.482421875
2026-08-04,14173.0,14171.939453125
2026-08-05,14190.0,14188.9384765625
2026-08-06,14306.0,14304.9296875
2026-08-07,14250.0,14248.93359375
2026-08-10,14198.0,14196.9375
2026-08-11,14471.0,14469.91796875
2026-08-12,14719.0,14717.8994140625
2026-08-13,14926.0,14924.8837890625
2026-08-14,14736.0,14734.8974609375
2026-08-17,14988.0,14986.87890625
2026-08-18,14332.5,14331.427734375
2026-08-19,14340.0,14338.927734375
2026-08-20,14204.0,14202.9375
2026-08-21,14312.5,14311.4296875
2026-08-24,14116.0,14114.9443359375
2026-08-25,14392.0,14390.923828125
2026-08-26,14592.0,14590.908203125
2026-08-27,14865.0,14863.8876953125
2026-08-28,14983.0,14981.87890625
2026-09-01,15208.0,15206.8623046875
2026-09-02,14997.0,14995.8779296875
2026-09-03,15088.5,15087.37109375
2026-09-04,15395.0,15393.8486328125
2026-09-07,15511.5,15510.33984375
2026-09-08,15463.0,15461.84375
2026-09-09,15343.5,15342.3525390625
2026-09-10,15130.5,15129.3681640625
2026-09-11,15304.0,15302.85546875
2026-09-14,14815.5,14814.3916015625
2026-09-15,14735.5,14734.3974609375
2026-09-16,15192.0,15190.86328125
2026-09-17,15411.0,15411.0
2026-09-18,15378.0,15378.0
2026-09-21,15934.0,15934.0
2026-09-22,15998.0,15998.0
2026-09-23,15866.0,15866.0
2026-09-24,15795.0,15795.0
2026-09-25,16068.5,16068.5
2026-09-28,15780.0,15780.0
2026-09-29,16018.0,16018.0
2026-09-30,15816.0,15816.0
2026-10-01,15736.0,15736.0
2026-10-02,16215.0,16215.0
