Date,Close,Adj Close
2015-11-20,5.065390110015869,5.065390110015869
2015-11-23,5.083000183105469,5.083000183105469
2015-11-24,5.053750038146973,5.053750038146973
2015-11-25,5.091249942779541,5.091249942779541
2015-11-26,5.121250152587891,5.121250152587891
2015-11-27,5.081250190734863,5.081250190734863
2015-11-30,5.043749809265137,5.043749809265137
2015-12-01,5.066249847412109,5.066249847412109
2015-12-02,5.071249961853027,5.071249961853027
2015-12-03,5.041250228881836,5.041250228881836
2015-12-04,5.023749828338623,5.023749828338623
2015-12-07,5.016250133514404,5.016250133514404
2015-12-08,5.039999961853027,5.039999961853027
2015-12-09,5.019999980926514,5.019999980926514
2015-12-10,4.995500087738037,4.995500087738037
2015-12-11,4.906000137329102,4.906000137329102
2015-12-14,4.840000152587891,4.840000152587891
2015-12-15,4.94350004196167,4.94350004196167
2015-12-16,4.935500144958496,4.935500144958496
2015-12-17,4.940000057220459,4.940000057220459
2015-12-18,4.880000114440918,4.880000114440918
2015-12-21,4.848499774932861,4.848499774932861
2015-12-22,4.864500045776367,4.864500045776367
2015-12-23,4.914999961853027,4.914999961853027
2015-12-24,4.920499801635742,4.920499801635742
2015-12-29,4.980000019073486,4.980000019073486
2015-12-30,4.9664998054504395,4.9664998054504395
2015-12-31,4.933499813079834,4.933499813079834
2016-01-04,4.763000011444092,4.763000011444092
2016-01-05,4.7895002365112305,4.7895002365112305
2016-01-06,4.7754998207092285,4.7754998207092285
2016-01-07,4.7220001220703125,4.7220001220703125
2016-01-08,4.661499977111816,4.661499977111816
2016-01-11,4.627999782562256,4.627999782562256
2016-01-12,4.677499771118164,4.677499771118164
2016-01-13,4.659999847412109,4.659999847412109
2016-01-14,4.53000020980835,4.53000020980835
2016-01-15,4.489999771118164,4.489999771118164
2016-01-18,4.471499919891357,4.471499919891357
2016-01-19,4.518499851226807,4.518499851226807
2016-01-20,4.359000205993652,4.359000205993652
2016-01-21,4.518499851226807,4.518499851226807
2016-01-22,4.578499794006348,4.578499794006348
2016-01-25,4.567500114440918,4.567500114440918
2016-01-26,4.573999881744385,4.573999881744385
2016-01-27,4.59250020980835,4.59250020980835
2016-01-28,4.550000190734863,4.550000190734863
2016-01-29,4.5914998054504395,4.5914998054504395
2016-02-01,4.650000095367432,4.650000095367432
2016-02-02,4.613500118255615,4.613500118255615
2016-02-03,4.528500080108643,4.528500080108643
2016-02-04,4.520999908447266,4.520999908447266
2016-02-05,4.40500020980835,4.40500020980835
2016-02-08,4.267000198364258,4.267000198364258
2016-02-09,4.300000190734863,4.300000190734863
2016-02-10,4.321000099182129,4.321000099182129
2016-02-11,4.245999813079834,4.245999813079834
2016-02-12,4.355999946594238,4.355999946594238
2016-02-15,4.417500019073486,4.417500019073486
2016-02-16,4.421500205993652,4.421500205993652
2016-02-17,4.550000190734863,4.550000190734863
2016-02-18,4.539999961853027,4.539999961853027
2016-02-19,4.539999961853027,4.539999961853027
2016-02-22,4.629499912261963,4.629499912261963
2016-02-23,4.604499816894531,4.604499816894531
2016-02-24,4.547500133514404,4.547500133514404
2016-02-25,4.637499809265137,4.637499809265137
2016-02-26,4.686999797821045,4.686999797821045
2016-02-29,4.702499866485596,4.702499866485596
2016-03-01,4.738999843597412,4.738999843597412
2016-03-02,4.764500141143799,4.764500141143799
2016-03-03,4.771500110626221,4.771500110626221
2016-03-04,4.808499813079834,4.808499813079834
2016-03-07,4.787499904632568,4.787499904632568
2016-03-08,4.762499809265137,4.762499809265137
2016-03-09,4.739999771118164,4.739999771118164
2016-03-10,4.734000205993652,4.734000205993652
2016-03-11,4.82450008392334,4.82450008392334
2016-03-14,4.850500106811523,4.850500106811523
2016-03-15,4.8414998054504395,4.8414998054504395
2016-03-16,4.866499900817871,4.866499900817871
2016-03-17,4.9004998207092285,4.9004998207092285
2016-03-18,4.923500061035156,4.923500061035156
2016-03-21,4.891499996185303,4.891499996185303
2016-03-22,4.898499965667725,4.898499965667725
2016-03-23,4.880499839782715,4.880499839782715
2016-03-24,4.855999946594238,4.855999946594238
2016-03-29,4.9070000648498535,4.9070000648498535
2016-03-30,4.965000152587891,4.965000152587891
2016-03-31,4.977499961853027,4.977499961853027
2016-04-01,4.97599983215332,4.97599983215332
2016-04-04,4.947000026702881,4.947000026702881
2016-04-05,4.916999816894531,4.916999816894531
2016-04-06,4.933000087738037,4.933000087738037
2016-04-07,4.908999919891357,4.908999919891357
2016-04-08,4.901000022888184,4.901000022888184
2016-04-11,4.913000106811523,4.913000106811523
2016-04-12,4.892000198364258,4.892000198364258
2016-04-13,4.9679999351501465,4.9679999351501465
2016-04-14,4.9730000495910645,4.9730000495910645
2016-04-15,4.986000061035156,4.986000061035156
2016-04-18,5.019999980926514,5.019999980926514
2016-04-19,5.03000020980835,5.03000020980835
2016-04-20,5.02400016784668,5.02400016784668
2016-04-21,5.033750057220459,5.033750057220459
2016-04-22,4.968999862670898,4.968999862670898
2016-04-25,4.974999904632568,4.974999904632568
2016-04-26,4.9982500076293945,4.9982500076293945
2016-04-27,4.991000175476074,4.991000175476074
2016-04-28,5.018750190734863,5.018750190734863
2016-04-29,4.960000038146973,4.960000038146973
2016-05-03,5.0,5.0
2016-05-04,4.9720001220703125,4.9720001220703125
2016-05-05,4.958000183105469,4.958000183105469
2016-05-06,4.934000015258789,4.934000015258789
2016-05-09,4.985000133514404,4.985000133514404
2016-05-10,5.03249979019165,5.03249979019165
2016-05-11,4.9720001220703125,4.9720001220703125
2016-05-12,4.940999984741211,4.940999984741211
2016-05-13,4.960000038146973,4.960000038146973
2016-05-16,4.926499843597412,4.926499843597412
2016-05-17,4.921000003814697,4.921000003814697
2016-05-18,4.855999946594238,4.855999946594238
2016-05-19,4.82450008392334,4.82450008392334
2016-05-20,4.88700008392334,4.88700008392334
2016-05-23,4.880000114440918,4.880000114440918
2016-05-24,4.909999847412109,4.909999847412109
2016-05-25,4.942999839782715,4.942999839782715
2016-05-26,4.960000038146973,4.960000038146973
2016-05-27,4.979000091552734,4.979000091552734
2016-05-31,4.980000019073486,4.980000019073486
2016-06-01,4.965000152587891,4.965000152587891
2016-06-02,4.97599983215332,4.97599983215332
2016-06-03,4.949999809265137,4.949999809265137
2016-06-06,4.96999979019165,4.96999979019165
2016-06-07,4.99399995803833,4.99399995803833
2016-06-08,4.97599983215332,4.97599983215332
2016-06-09,4.968999862670898,4.968999862670898
2016-06-10,4.941999912261963,4.941999912261963
2016-06-13,4.939499855041504,4.939499855041504
2016-06-14,4.860000133514404,4.860000133514404
2016-06-15,4.926499843597412,4.926499843597412
2016-06-16,4.874000072479248,4.874000072479248
2016-06-17,4.901500225067139,4.901500225067139
2016-06-20,4.989999771118164,4.989999771118164
2016-06-21,4.946000099182129,4.946000099182129
2016-06-22,4.971499919891357,4.971499919891357
2016-06-23,4.9770002365112305,4.9770002365112305
2016-06-24,4.840000152587891,4.840000152587891
2016-06-27,4.695000171661377,4.695000171661377
2016-06-28,4.763999938964844,4.763999938964844
2016-06-29,4.875,4.875
2016-06-30,4.896500110626221,4.896500110626221
2016-07-01,4.9629998207092285,4.9629998207092285
2016-07-04,4.96750020980835,4.96750020980835
2016-07-05,4.9120001792907715,4.9120001792907715
2016-07-06,4.939000129699707,4.939000129699707
2016-07-07,4.978000164031982,4.978000164031982
2016-07-08,5.070000171661377,5.070000171661377
2016-07-11,5.113749980926514,5.113749980926514
2016-07-12,5.133749961853027,5.133749961853027
2016-07-13,5.101250171661377,5.101250171661377
2016-07-14,5.132500171661377,5.132500171661377
2016-07-15,5.108749866485596,5.108749866485596
2016-07-18,5.131249904632568,5.131249904632568
2016-07-19,5.111249923706055,5.111249923706055
2016-07-20,5.131249904632568,5.131249904632568
2016-07-21,5.138750076293945,5.138750076293945
2016-07-22,5.130000114440918,5.130000114440918
2016-07-25,5.146249771118164,5.146249771118164
2016-07-26,5.133749961853027,5.133749961853027
2016-07-27,5.138750076293945,5.138750076293945
2016-07-28,5.118750095367432,5.118750095367432
2016-07-29,5.138750076293945,5.138750076293945
2016-08-01,5.153749942779541,5.153749942779541
2016-08-02,5.078750133514404,5.078750133514404
2016-08-03,5.068749904632568,5.068749904632568
2016-08-04,5.083749771118164,5.083749771118164
2016-08-05,5.141250133514404,5.141250133514404
2016-08-08,5.12375020980835,5.12375020980835
2016-08-09,5.12375020980835,5.12375020980835
2016-08-10,5.108749866485596,5.108749866485596
2016-08-11,5.15625,5.15625
2016-08-12,5.170000076293945,5.170000076293945
2016-08-15,5.18625020980835,5.18625020980835
2016-08-16,5.158750057220459,5.158750057220459
2016-08-17,5.106249809265137,5.106249809265137
2016-08-18,5.136250019073486,5.136250019073486
2016-08-19,5.141250133514404,5.141250133514404
2016-08-22,5.116250038146973,5.116250038146973
2016-08-23,5.151249885559082,5.151249885559082
2016-08-24,5.143750190734863,5.143750190734863
2016-08-25,5.12375020980835,5.12375020980835
2016-08-26,5.12624979019165,5.12624979019165
2016-08-30,5.083749771118164,5.083749771118164
2016-08-31,5.0625,5.0625
2016-09-01,5.068749904632568,5.068749904632568
2016-09-02,5.09375,5.09375
2016-09-05,5.082499980926514,5.082499980926514
2016-09-06,5.078750133514404,5.078750133514404
2016-09-07,5.083749771118164,5.083749771118164
2016-09-08,5.074999809265137,5.074999809265137
2016-09-09,5.0,5.0
2016-09-12,4.9604997634887695,4.9604997634887695
2016-09-13,4.932499885559082,4.932499885559082
2016-09-14,4.952499866485596,4.952499866485596
2016-09-15,4.960000038146973,4.960000038146973
2016-09-16,4.947500228881836,4.947500228881836
2016-09-19,4.977499961853027,4.977499961853027
2016-09-20,4.9644999504089355,4.9644999504089355
2016-09-21,4.968500137329102,4.968500137329102
2016-09-22,5.038750171661377,5.038750171661377
2016-09-23,5.043749809265137,5.043749809265137
2016-09-26,4.980000019073486,4.980000019073486
2016-09-27,5.011250019073486,5.011250019073486
2016-09-28,5.016250133514404,5.016250133514404
2016-09-29,5.050000190734863,5.050000190734863
2016-09-30,5.058750152587891,5.058750152587891
2016-10-03,5.053750038146973,5.053750038146973
2016-10-04,5.050000190734863,5.050000190734863
2016-10-05,5.065000057220459,5.065000057220459
2016-10-06,5.047500133514404,5.047500133514404
2016-10-07,5.046249866485596,5.046249866485596
2016-10-10,5.0625,5.0625
2016-10-11,4.994999885559082,4.994999885559082
2016-10-12,5.008749961853027,5.008749961853027
2016-10-13,4.965000152587891,4.965000152587891
2016-10-14,5.001500129699707,5.001500129699707
2016-10-17,4.960000038146973,4.960000038146973
2016-10-18,4.979000091552734,4.979000091552734
2016-10-19,4.993000030517578,4.993000030517578
2016-10-20,4.974999904632568,4.974999904632568
2016-10-21,5.011250019073486,5.011250019073486
2016-10-24,5.059999942779541,5.059999942779541
2016-10-25,5.019999980926514,5.019999980926514
2016-10-26,5.0,5.0
2016-10-27,4.947500228881836,4.947500228881836
2016-10-28,4.949999809265137,4.949999809265137
2016-10-31,4.940000057220459,4.940000057220459
2016-11-01,4.900000095367432,4.900000095367432
2016-11-02,4.889999866485596,4.889999866485596
2016-11-03,4.869999885559082,4.869999885559082
2016-11-04,4.886499881744385,4.886499881744385
2016-11-07,4.942999839782715,4.942999839782715
2016-11-08,4.9670000076293945,4.9670000076293945
2016-11-09,4.940000057220459,4.940000057220459
2016-11-10,5.010000228881836,5.010000228881836
2016-11-11,5.003749847412109,5.003749847412109
2016-11-14,5.053750038146973,5.053750038146973
2016-11-15,5.046249866485596,5.046249866485596
2016-11-16,5.070000171661377,5.070000171661377
2016-11-17,5.107500076293945,5.107500076293945
2016-11-18,5.131249904632568,5.131249904632568
2016-11-21,5.143750190734863,5.143750190734863
2016-11-22,5.204999923706055,5.204999923706055
2016-11-23,5.221250057220459,5.221250057220459
2016-11-24,5.236249923706055,5.236249923706055
2016-11-25,5.239999771118164,5.239999771118164
2016-11-28,5.197500228881836,5.197500228881836
2016-11-29,5.21999979019165,5.21999979019165
2016-11-30,5.201250076293945,5.201250076293945
2016-12-01,5.178750038146973,5.178750038146973
2016-12-02,5.166250228881836,5.166250228881836
2016-12-05,5.210000038146973,5.210000038146973
2016-12-06,5.199999809265137,5.199999809265137
2016-12-07,5.239999771118164,5.239999771118164
2016-12-08,5.320000171661377,5.320000171661377
2016-12-09,5.309999942779541,5.309999942779541
2016-12-12,5.289999961853027,5.289999961853027
2016-12-13,5.336249828338623,5.336249828338623
2016-12-14,5.3125,5.3125
2016-12-15,5.309999942779541,5.309999942779541
2016-12-16,5.258749961853027,5.258749961853027
2016-12-19,5.28000020980835,5.28000020980835
2016-12-20,5.307499885559082,5.307499885559082
2016-12-21,5.296249866485596,5.296249866485596
2016-12-22,5.25,5.25
2016-12-23,5.24875020980835,5.24875020980835
2016-12-28,5.244999885559082,5.244999885559082
2016-12-29,5.212500095367432,5.212500095367432
2016-12-30,5.227499961853027,5.227499961853027
2017-01-03,5.18625020980835,5.18625020980835
2017-01-04,5.258749961853027,5.258749961853027
2017-01-05,5.24875020980835,5.24875020980835
2017-01-06,5.288750171661377,5.288750171661377
2017-01-09,5.297500133514404,5.297500133514404
2017-01-10,5.308750152587891,5.308750152587891
2017-01-11,5.297500133514404,5.297500133514404
2017-01-12,5.289999961853027,5.289999961853027
2017-01-13,5.329999923706055,5.329999923706055
2017-01-16,5.320000171661377,5.320000171661377
2017-01-17,5.349999904632568,5.349999904632568
2017-01-18,5.329999923706055,5.329999923706055
2017-01-19,5.340000152587891,5.340000152587891
2017-01-20,5.329999923706055,5.329999923706055
2017-01-23,5.309999942779541,5.309999942779541
2017-01-24,5.349999904632568,5.349999904632568
2017-01-25,5.409999847412109,5.409999847412109
2017-01-26,5.426249980926514,5.426249980926514
2017-01-27,5.392499923706055,5.392499923706055
2017-01-30,5.360000133514404,5.360000133514404
2017-01-31,5.353750228881836,5.353750228881836
2017-02-01,5.358749866485596,5.358749866485596
2017-02-02,5.389999866485596,5.389999866485596
2017-02-03,5.368750095367432,5.368750095367432
2017-02-06,5.360000133514404,5.360000133514404
2017-02-07,5.340000152587891,5.340000152587891
2017-02-08,5.360000133514404,5.360000133514404
2017-02-09,5.420000076293945,5.420000076293945
2017-02-10,5.418749809265137,5.418749809265137
2017-02-13,5.449999809265137,5.449999809265137
2017-02-14,5.460000038146973,5.460000038146973
2017-02-15,5.496250152587891,5.496250152587891
2017-02-16,5.480000019073486,5.480000019073486
2017-02-17,5.46999979019165,5.46999979019165
2017-02-20,5.507500171661377,5.507500171661377
2017-02-21,5.519999980926514,5.519999980926514
2017-02-22,5.53000020980835,5.53000020980835
2017-02-23,5.5,5.5
2017-02-24,5.489999771118164,5.489999771118164
2017-02-27,5.519999980926514,5.519999980926514
2017-02-28,5.508749961853027,5.508749961853027
2017-03-01,5.53249979019165,5.53249979019165
2017-03-02,5.53249979019165,5.53249979019165
2017-03-03,5.510000228881836,5.510000228881836
2017-03-06,5.491250038146973,5.491250038146973
2017-03-07,5.486249923706055,5.486249923706055
2017-03-08,5.510000228881836,5.510000228881836
2017-03-09,5.516250133514404,5.516250133514404
2017-03-10,5.525000095367432,5.525000095367432
2017-03-13,5.518750190734863,5.518750190734863
2017-03-14,5.523749828338623,5.523749828338623
2017-03-15,5.53000020980835,5.53000020980835
2017-03-16,5.559999942779541,5.559999942779541
2017-03-17,5.554999828338623,5.554999828338623
2017-03-20,5.559999942779541,5.559999942779541
2017-03-21,5.506249904632568,5.506249904632568
2017-03-22,5.480000019073486,5.480000019073486
2017-03-23,5.519999980926514,5.519999980926514
2017-03-24,5.519999980926514,5.519999980926514
2017-03-27,5.5,5.5
2017-03-28,5.53249979019165,5.53249979019165
2017-03-29,5.570000171661377,5.570000171661377
2017-03-30,5.590000152587891,5.590000152587891
2017-03-31,5.608749866485596,5.608749866485596
2017-04-03,5.5625,5.5625
2017-04-04,5.570000171661377,5.570000171661377
2017-04-05,5.596250057220459,5.596250057220459
2017-04-06,5.590000152587891,5.590000152587891
2017-04-07,5.551249980926514,5.551249980926514
2017-04-10,5.579999923706055,5.579999923706055
2017-04-11,5.542500019073486,5.542500019073486
2017-04-12,5.559999942779541,5.559999942779541
2017-04-13,5.542500019073486,5.542500019073486
2017-04-18,5.5625,5.5625
2017-04-19,5.601250171661377,5.601250171661377
2017-04-20,5.610000133514404,5.610000133514404
2017-04-21,5.62375020980835,5.62375020980835
2017-04-24,5.650000095367432,5.650000095367432
2017-04-25,5.684999942779541,5.684999942779541
2017-04-26,5.738749980926514,5.738749980926514
2017-04-27,5.75,5.75
2017-04-28,5.730000019073486,5.730000019073486
2017-05-02,5.730000019073486,5.730000019073486
2017-05-03,5.710000038146973,5.710000038146973
2017-05-04,5.697500228881836,5.697500228881836
2017-05-05,5.710000038146973,5.710000038146973
2017-05-08,5.732500076293945,5.732500076293945
2017-05-09,5.78000020980835,5.78000020980835
2017-05-10,5.756249904632568,5.756249904632568
2017-05-11,5.71875,5.71875
2017-05-12,5.723750114440918,5.723750114440918
2017-05-15,5.738749980926514,5.738749980926514
2017-05-16,5.703750133514404,5.703750133514404
2017-05-17,5.643750190734863,5.643750190734863
2017-05-18,5.650000095367432,5.650000095367432
2017-05-19,5.679999828338623,5.679999828338623
2017-05-22,5.710000038146973,5.710000038146973
2017-05-23,5.698750019073486,5.698750019073486
2017-05-24,5.684999942779541,5.684999942779541
2017-05-25,5.762499809265137,5.762499809265137
2017-05-26,5.769999980926514,5.769999980926514
2017-05-30,5.786250114440918,5.786250114440918
2017-05-31,5.771249771118164,5.771249771118164
2017-06-01,5.818749904632568,5.818749904632568
2017-06-02,5.866250038146973,5.866250038146973
2017-06-05,5.84499979019165,5.84499979019165
2017-06-06,5.809999942779541,5.809999942779541
2017-06-07,5.809999942779541,5.809999942779541
2017-06-08,5.789999961853027,5.789999961853027
2017-06-09,5.78000020980835,5.78000020980835
2017-06-12,5.760000228881836,5.760000228881836
2017-06-13,5.771249771118164,5.771249771118164
2017-06-14,5.78000020980835,5.78000020980835
2017-06-15,5.733749866485596,5.733749866485596
2017-06-16,5.733749866485596,5.733749866485596
2017-06-19,5.786250114440918,5.786250114440918
2017-06-20,5.752500057220459,5.752500057220459
2017-06-21,5.723750114440918,5.723750114440918
2017-06-22,5.733749866485596,5.733749866485596
2017-06-23,5.708749771118164,5.708749771118164
2017-06-26,5.731800079345703,5.731800079345703
2017-06-27,5.689300060272217,5.689300060272217
2017-06-28,5.739999771118164,5.739999771118164
2017-06-29,5.699999809265137,5.699999809265137
2017-06-30,5.71999979019165,5.71999979019165
2017-07-03,5.732500076293945,5.732500076293945
2017-07-04,5.715000152587891,5.715000152587891
2017-07-05,5.690000057220459,5.690000057220459
2017-07-06,5.659999847412109,5.659999847412109
2017-07-07,5.68625020980835,5.68625020980835
2017-07-10,5.698750019073486,5.698750019073486
2017-07-11,5.673749923706055,5.673749923706055
2017-07-12,5.730000019073486,5.730000019073486
2017-07-13,5.742499828338623,5.742499828338623
2017-07-14,5.730000019073486,5.730000019073486
2017-07-17,5.777500152587891,5.777500152587891
2017-07-18,5.788750171661377,5.788750171661377
2017-07-19,5.8125,5.8125
2017-07-20,5.808750152587891,5.808750152587891
2017-07-21,5.800000190734863,5.800000190734863
2017-07-24,5.789999961853027,5.789999961853027
2017-07-25,5.829999923706055,5.829999923706055
2017-07-26,5.840000152587891,5.840000152587891
2017-07-27,5.889999866485596,5.889999866485596
2017-07-28,5.820000171661377,5.820000171661377
2017-07-31,5.820000171661377,5.820000171661377
2017-08-01,5.840000152587891,5.840000152587891
2017-08-02,5.809999942779541,5.809999942779541
2017-08-03,5.820000171661377,5.820000171661377
2017-08-04,5.797500133514404,5.797500133514404
2017-08-07,5.820000171661377,5.820000171661377
2017-08-08,5.832499980926514,5.832499980926514
2017-08-09,5.766250133514404,5.766250133514404
2017-08-10,5.738749980926514,5.738749980926514
2017-08-11,5.71999979019165,5.71999979019165
2017-08-14,5.78000020980835,5.78000020980835
2017-08-15,5.739999771118164,5.739999771118164
2017-08-16,5.746250152587891,5.746250152587891
2017-08-17,5.722499847412109,5.722499847412109
2017-08-18,5.650000095367432,5.650000095367432
2017-08-21,5.630000114440918,5.630000114440918
2017-08-22,5.683750152587891,5.683750152587891
2017-08-23,5.653749942779541,5.653749942779541
2017-08-24,5.639999866485596,5.639999866485596
2017-08-25,5.650000095367432,5.650000095367432
2017-08-29,5.639999866485596,5.639999866485596
2017-08-30,5.681250095367432,5.681250095367432
2017-08-31,5.711249828338623,5.711249828338623
2017-09-01,5.744999885559082,5.744999885559082
2017-09-04,5.730000019073486,5.730000019073486
2017-09-05,5.731249809265137,5.731249809265137
2017-09-06,5.723750114440918,5.723750114440918
2017-09-07,5.736249923706055,5.736249923706055
2017-09-08,5.699999809265137,5.699999809265137
2017-09-11,5.710000038146973,5.710000038146973
2017-09-12,5.730000019073486,5.730000019073486
2017-09-13,5.769999980926514,5.769999980926514
2017-09-14,5.763750076293945,5.763750076293945
2017-09-15,5.75,5.75
2017-09-18,5.743750095367432,5.743750095367432
2017-09-19,5.699999809265137,5.699999809265137
2017-09-20,5.71999979019165,5.71999979019165
2017-09-21,5.723750114440918,5.723750114440918
2017-09-22,5.71875,5.71875
2017-09-25,5.71999979019165,5.71999979019165
2017-09-26,5.710000038146973,5.710000038146973
2017-09-27,5.722499847412109,5.722499847412109
2017-09-28,5.739999771118164,5.739999771118164
2017-09-29,5.763750076293945,5.763750076293945
2017-10-02,5.778749942779541,5.778749942779541
2017-10-03,5.788750171661377,5.788750171661377
2017-10-04,5.821249961853027,5.821249961853027
2017-10-05,5.849999904632568,5.849999904632568
2017-10-06,5.869999885559082,5.869999885559082
2017-10-09,5.868750095367432,5.868750095367432
2017-10-10,5.849999904632568,5.849999904632568
2017-10-11,5.836249828338623,5.836249828338623
2017-10-12,5.818749904632568,5.818749904632568
2017-10-13,5.833749771118164,5.833749771118164
2017-10-16,5.833749771118164,5.833749771118164
2017-10-17,5.855000019073486,5.855000019073486
2017-10-18,5.849999904632568,5.849999904632568
2017-10-19,5.81374979019165,5.81374979019165
2017-10-20,5.84375,5.84375
2017-10-23,5.841249942779541,5.841249942779541
2017-10-24,5.820000171661377,5.820000171661377
2017-10-25,5.769999980926514,5.769999980926514
2017-10-26,5.81125020980835,5.81125020980835
2017-10-27,5.889999866485596,5.889999866485596
2017-10-30,5.880000114440918,5.880000114440918
2017-10-31,5.880000114440918,5.880000114440918
2017-11-01,5.898749828338623,5.898749828338623
2017-11-02,5.851250171661377,5.851250171661377
2017-11-03,5.858749866485596,5.858749866485596
2017-11-06,5.889999866485596,5.889999866485596
2017-11-07,5.889999866485596,5.889999866485596
2017-11-08,5.877500057220459,5.877500057220459
2017-11-09,5.889999866485596,5.889999866485596
2017-11-10,5.908750057220459,5.908750057220459
2017-11-13,5.929999828338623,5.929999828338623
2017-11-14,5.920000076293945,5.920000076293945
2017-11-15,5.920000076293945,5.920000076293945
2017-11-16,5.951250076293945,5.951250076293945
2017-11-17,5.989999771118164,5.989999771118164
2017-11-20,6.010000228881836,6.010000228881836
2017-11-21,6.028749942779541,6.028749942779541
2017-11-22,6.034999847412109,6.034999847412109
2017-11-23,6.038750171661377,6.038750171661377
2017-11-24,6.038750171661377,6.038750171661377
2017-11-27,6.050000190734863,6.050000190734863
2017-11-28,6.079999923706055,6.079999923706055
2017-11-29,6.139999866485596,6.139999866485596
2017-11-30,6.179999828338623,6.179999828338623
2017-12-01,6.110000133514404,6.110000133514404
2017-12-04,6.28000020980835,6.28000020980835
2017-12-05,6.260000228881836,6.260000228881836
2017-12-06,6.190000057220459,6.190000057220459
2017-12-07,6.190000057220459,6.190000057220459
2017-12-08,6.21999979019165,6.21999979019165
2017-12-11,6.21999979019165,6.21999979019165
2017-12-12,6.25,6.25
2017-12-13,6.25,6.25
2017-12-14,6.25,6.25
2017-12-15,6.289999961853027,6.289999961853027
2017-12-18,6.340000152587891,6.340000152587891
2017-12-19,6.349999904632568,6.349999904632568
2017-12-20,6.329999923706055,6.329999923706055
2017-12-21,6.329999923706055,6.329999923706055
2017-12-22,6.329999923706055,6.329999923706055
2017-12-27,6.369999885559082,6.369999885559082
2017-12-28,6.369999885559082,6.369999885559082
2017-12-29,6.369999885559082,6.369999885559082
2018-01-02,6.409999847412109,6.409999847412109
2018-01-03,6.449999809265137,6.449999809265137
2018-01-04,6.449999809265137,6.449999809265137
2018-01-05,6.510000228881836,6.510000228881836
2018-01-08,6.539999961853027,6.539999961853027
2018-01-09,6.550000190734863,6.550000190734863
2018-01-10,6.539999961853027,6.539999961853027
2018-01-11,6.590000152587891,6.590000152587891
2018-01-12,6.710000038146973,6.710000038146973
2018-01-15,6.75,6.75
2018-01-16,6.769999980926514,6.769999980926514
2018-01-17,6.699999809265137,6.699999809265137
2018-01-18,6.71999979019165,6.71999979019165
2018-01-19,6.760000228881836,6.760000228881836
2018-01-22,6.800000190734863,6.800000190734863
2018-01-23,6.889999866485596,6.889999866485596
2018-01-24,6.920000076293945,6.920000076293945
2018-01-25,6.920000076293945,6.920000076293945
2018-01-26,6.960000038146973,6.960000038146973
2018-01-29,6.980000019073486,6.980000019073486
2018-01-30,6.949999809265137,6.949999809265137
2018-01-31,6.940000057220459,6.940000057220459
2018-02-01,6.889999866485596,6.889999866485596
2018-02-02,6.880000114440918,6.880000114440918
2018-02-05,6.800000190734863,6.800000190734863
2018-02-06,6.559999942779541,6.559999942779541
2018-02-07,6.789999961853027,6.789999961853027
2018-02-08,6.579999923706055,6.579999923706055
2018-02-09,6.380000114440918,6.380000114440918
2018-02-12,6.519999980926514,6.519999980926514
2018-02-13,6.559999942779541,6.559999942779541
2018-02-14,6.650000095367432,6.650000095367432
2018-02-15,6.710000038146973,6.710000038146973
2018-02-16,6.75,6.75
2018-02-19,6.710000038146973,6.710000038146973
2018-02-20,6.760000228881836,6.760000228881836
2018-02-21,6.760000228881836,6.760000228881836
2018-02-22,6.75,6.75
2018-02-23,6.730000019073486,6.730000019073486
2018-02-26,6.840000152587891,6.840000152587891
2018-02-27,6.760000228881836,6.760000228881836
2018-02-28,6.730000019073486,6.730000019073486
2018-03-01,6.670000076293945,6.670000076293945
2018-03-02,6.550000190734863,6.550000190734863
2018-03-05,6.650000095367432,6.650000095367432
2018-03-06,6.679999828338623,6.679999828338623
2018-03-07,6.679999828338623,6.679999828338623
2018-03-08,6.71999979019165,6.71999979019165
2018-03-09,6.769999980926514,6.769999980926514
2018-03-12,6.849999904632568,6.849999904632568
2018-03-13,6.809999942779541,6.809999942779541
2018-03-14,6.78000020980835,6.78000020980835
2018-03-15,6.789999961853027,6.789999961853027
2018-03-16,6.800000190734863,6.800000190734863
2018-03-19,6.679999828338623,6.679999828338623
2018-03-20,6.730000019073486,6.730000019073486
2018-03-21,6.75,6.75
2018-03-22,6.639999866485596,6.639999866485596
2018-03-23,6.550000190734863,6.550000190734863
2018-03-26,6.5,6.5
2018-03-27,6.639999866485596,6.639999866485596
2018-03-28,6.409999847412109,6.409999847412109
2018-03-29,6.46999979019165,6.46999979019165
2018-04-03,6.389999866485596,6.389999866485596
2018-04-04,6.420000076293945,6.420000076293945
2018-04-05,6.619999885559082,6.619999885559082
2018-04-06,6.539999961853027,6.539999961853027
2018-04-09,6.539999961853027,6.539999961853027
2018-04-10,6.53000020980835,6.53000020980835
2018-04-11,6.559999942779541,6.559999942779541
2018-04-12,6.570000171661377,6.570000171661377
2018-04-13,6.539999961853027,6.539999961853027
2018-04-16,6.550000190734863,6.550000190734863
2018-04-17,6.670000076293945,6.670000076293945
2018-04-18,6.739999771118164,6.739999771118164
2018-04-19,6.699999809265137,6.699999809265137
2018-04-20,6.650000095367432,6.650000095367432
2018-04-23,6.670000076293945,6.670000076293945
2018-04-24,6.619999885559082,6.619999885559082
2018-04-25,6.570000171661377,6.570000171661377
2018-04-26,6.630000114440918,6.630000114440918
2018-04-27,6.730000019073486,6.730000019073486
2018-04-30,6.739999771118164,6.739999771118164
2018-05-01,6.610000133514404,6.610000133514404
2018-05-02,6.670000076293945,6.670000076293945
2018-05-03,6.53000020980835,6.53000020980835
2018-05-04,6.670000076293945,6.670000076293945
2018-05-08,6.699999809265137,6.699999809265137
2018-05-09,6.670000076293945,6.670000076293945
2018-05-10,6.710000038146973,6.710000038146973
2018-05-11,6.75,6.75
2018-05-14,6.769999980926514,6.769999980926514
2018-05-15,6.699999809265137,6.699999809265137
2018-05-16,6.739999771118164,6.739999771118164
2018-05-17,6.789999961853027,6.789999961853027
2018-05-18,6.739999771118164,6.739999771118164
2018-05-21,6.769999980926514,6.769999980926514
2018-05-22,6.78000020980835,6.78000020980835
2018-05-23,6.75,6.75
2018-05-24,6.789999961853027,6.789999961853027
2018-05-25,6.849999904632568,6.849999904632568
2018-05-29,6.800000190734863,6.800000190734863
2018-05-30,6.820000171661377,6.820000171661377
2018-05-31,6.800000190734863,6.800000190734863
2018-06-01,6.849999904632568,6.849999904632568
2018-06-04,6.909999847412109,6.909999847412109
2018-06-05,6.949999809265137,6.949999809265137
2018-06-06,7.010000228881836,7.010000228881836
2018-06-07,7.059999942779541,7.059999942779541
2018-06-08,7.0625,7.0625
2018-06-11,7.099999904632568,7.099999904632568
2018-06-12,7.130000114440918,7.130000114440918
2018-06-13,7.170000076293945,7.170000076293945
2018-06-14,7.190000057220459,7.190000057220459
2018-06-15,7.199999809265137,7.199999809265137
2018-06-18,7.21999979019165,7.21999979019165
2018-06-19,7.170000076293945,7.170000076293945
2018-06-20,7.230000019073486,7.230000019073486
2018-06-21,7.21999979019165,7.21999979019165
2018-06-22,7.210000038146973,7.210000038146973
2018-06-25,7.019999980926514,7.019999980926514
2018-06-26,7.050000190734863,7.050000190734863
2018-06-27,7.070000171661377,7.070000171661377
2018-06-28,7.0,7.0
2018-06-29,7.099999904632568,7.099999904632568
2018-07-02,7.010000228881836,7.010000228881836
2018-07-03,7.070000171661377,7.070000171661377
2018-07-04,7.03000020980835,7.03000020980835
2018-07-05,7.03000020980835,7.03000020980835
2018-07-06,7.110000133514404,7.110000133514404
2018-07-09,7.170000076293945,7.170000076293945
2018-07-10,7.199999809265137,7.199999809265137
2018-07-11,7.190000057220459,7.190000057220459
2018-07-12,7.21999979019165,7.21999979019165
2018-07-13,7.269999980926514,7.269999980926514
2018-07-16,7.269999980926514,7.269999980926514
2018-07-17,7.269999980926514,7.269999980926514
2018-07-18,7.28000020980835,7.28000020980835
2018-07-19,7.289999961853027,7.289999961853027
2018-07-20,7.269999980926514,7.269999980926514
2018-07-23,7.21999979019165,7.21999979019165
2018-07-24,7.230000019073486,7.230000019073486
2018-07-25,7.179999828338623,7.179999828338623
2018-07-26,7.239999771118164,7.239999771118164
2018-07-27,7.239999771118164,7.239999771118164
2018-07-30,7.170000076293945,7.170000076293945
2018-07-31,7.159999847412109,7.159999847412109
2018-08-01,7.150000095367432,7.150000095367432
2018-08-02,7.130000114440918,7.130000114440918
2018-08-03,7.199999809265137,7.199999809265137
2018-08-06,7.230000019073486,7.230000019073486
2018-08-07,7.269999980926514,7.269999980926514
2018-08-08,7.289999961853027,7.289999961853027
2018-08-09,7.329999923706055,7.329999923706055
2018-08-10,7.289999961853027,7.289999961853027
2018-08-13,7.25,7.25
2018-08-14,7.289999961853027,7.289999961853027
2018-08-15,7.199999809265137,7.199999809265137
2018-08-16,7.269999980926514,7.269999980926514
2018-08-17,7.21999979019165,7.21999979019165
2018-08-20,7.289999961853027,7.289999961853027
2018-08-21,7.349999904632568,7.349999904632568
2018-08-22,7.394999980926514,7.394999980926514
2018-08-23,7.360000133514404,7.360000133514404
2018-08-24,7.400000095367432,7.400000095367432
2018-08-28,7.460000038146973,7.460000038146973
2018-08-29,7.519999980926514,7.519999980926514
2018-08-30,7.53000020980835,7.53000020980835
2018-08-31,7.539999961853027,7.539999961853027
2018-09-03,7.570000171661377,7.570000171661377
2018-09-04,7.559999942779541,7.559999942779541
2018-09-05,7.480000019073486,7.480000019073486
2018-09-06,7.449999809265137,7.449999809265137
2018-09-07,7.489999771118164,7.489999771118164
2018-09-10,7.480000019073486,7.480000019073486
2018-09-11,7.510000228881836,7.510000228881836
2018-09-12,7.550000190734863,7.550000190734863
2018-09-13,7.559999942779541,7.559999942779541
2018-09-14,7.550000190734863,7.550000190734863
2018-09-17,7.480000019073486,7.480000019073486
2018-09-18,7.53000020980835,7.53000020980835
2018-09-19,7.53000020980835,7.53000020980835
2018-09-20,7.579999923706055,7.579999923706055
2018-09-21,7.599999904632568,7.599999904632568
2018-09-24,7.510000228881836,7.510000228881836
2018-09-25,7.550000190734863,7.550000190734863
2018-09-26,7.619999885559082,7.619999885559082
2018-09-27,7.619999885559082,7.619999885559082
2018-09-28,7.639999866485596,7.639999866485596
2018-10-01,7.650000095367432,7.650000095367432
2018-10-02,7.570000171661377,7.570000171661377
2018-10-03,7.510000228881836,7.510000228881836
2018-10-04,7.369999885559082,7.369999885559082
2018-10-05,7.300000190734863,7.300000190734863
2018-10-08,7.25,7.25
2018-10-09,7.329999923706055,7.329999923706055
2018-10-10,7.139999866485596,7.139999866485596
2018-10-11,6.920000076293945,6.920000076293945
2018-10-12,7.019999980926514,7.019999980926514
2018-10-15,7.03000020980835,7.03000020980835
2018-10-16,7.070000171661377,7.070000171661377
2018-10-17,7.079999923706055,7.079999923706055
2018-10-18,7.019999980926514,7.019999980926514
2018-10-19,6.949999809265137,6.949999809265137
2018-10-22,6.940000057220459,6.940000057220459
2018-10-23,6.829999923706055,6.829999923706055
2018-10-24,6.849999904632568,6.849999904632568
2018-10-25,6.880000114440918,6.880000114440918
2018-10-26,6.650000095367432,6.650000095367432
2018-10-29,6.630000114440918,6.630000114440918
2018-10-30,6.619999885559082,6.619999885559082
2018-10-31,6.760000228881836,6.760000228881836
2018-11-01,6.840000152587891,6.840000152587891
2018-11-02,6.920000076293945,6.920000076293945
2018-11-05,6.869999885559082,6.869999885559082
2018-11-06,6.929999828338623,6.929999828338623
2018-11-07,7.070000171661377,7.070000171661377
2018-11-08,7.199999809265137,7.199999809265137
2018-11-09,7.099999904632568,7.099999904632568
2018-11-12,6.929999828338623,6.929999828338623
2018-11-13,6.96999979019165,6.96999979019165
2018-11-14,6.909999847412109,6.909999847412109
2018-11-15,6.739999771118164,6.739999771118164
2018-11-16,6.769999980926514,6.769999980926514
2018-11-19,6.699999809265137,6.699999809265137
2018-11-20,6.510000228881836,6.510000228881836
2018-11-21,6.59499979019165,6.59499979019165
2018-11-22,6.480000019073486,6.480000019073486
2018-11-23,6.550000190734863,6.550000190734863
2018-11-26,6.639999866485596,6.639999866485596
2018-11-27,6.690000057220459,6.690000057220459
2018-11-28,6.75,6.75
2018-11-29,6.869999885559082,6.869999885559082
2018-11-30,6.900000095367432,6.900000095367432
2018-12-03,7.079999923706055,7.079999923706055
2018-12-04,7.019999980926514,7.019999980926514
2018-12-05,6.858749866485596,6.858749866485596
2018-12-06,6.659999847412109,6.659999847412109
2018-12-07,6.730000019073486,6.730000019073486
2018-12-10,6.550000190734863,6.550000190734863
2018-12-11,6.710000038146973,6.710000038146973
2018-12-12,6.78000020980835,6.78000020980835
2018-12-13,6.699999809265137,6.699999809265137
2018-12-14,6.650000095367432,6.650000095367432
2018-12-17,6.53000020980835,6.53000020980835
2018-12-18,6.440000057220459,6.440000057220459
2018-12-19,6.5,6.5
2018-12-20,6.210000038146973,6.210000038146973
2018-12-21,6.170000076293945,6.170000076293945
2018-12-24,5.96999979019165,5.96999979019165
2018-12-27,6.159999847412109,6.159999847412109
2018-12-28,6.28000020980835,6.28000020980835
2018-12-31,6.380000114440918,6.380000114440918
2019-01-02,6.389999866485596,6.389999866485596
2019-01-03,6.320000171661377,6.320000171661377
2019-01-04,6.46999979019165,6.46999979019165
2019-01-07,6.630000114440918,6.630000114440918
2019-01-08,6.670000076293945,6.670000076293945
2019-01-09,6.760000228881836,6.760000228881836
2019-01-10,6.71999979019165,6.71999979019165
2019-01-11,6.730000019073486,6.730000019073486
2019-01-14,6.730000019073486,6.730000019073486
2019-01-15,6.730000019073486,6.730000019073486
2019-01-16,6.789999961853027,6.789999961853027
2019-01-17,6.769999980926514,6.769999980926514
2019-01-18,6.900000095367432,6.900000095367432
2019-01-21,6.869999885559082,6.869999885559082
2019-01-22,6.840000152587891,6.840000152587891
2019-01-23,6.769999980926514,6.769999980926514
2019-01-24,6.784999847412109,6.784999847412109
2019-01-25,6.900000095367432,6.900000095367432
2019-01-28,6.820000171661377,6.820000171661377
2019-01-29,6.769999980926514,6.769999980926514
2019-01-30,6.867499828338623,6.867499828338623
2019-01-31,7.0,7.0
2019-02-01,6.918749809265137,6.918749809265137
2019-02-04,6.912499904632568,6.912499904632568
2019-02-05,6.980000019073486,6.980000019073486
2019-02-06,6.949999809265137,6.949999809265137
2019-02-07,6.880000114440918,6.880000114440918
2019-02-08,6.835000038146973,6.835000038146973
2019-02-11,6.880000114440918,6.880000114440918
2019-02-12,6.980000019073486,6.980000019073486
2019-02-13,7.017499923706055,7.017499923706055
2019-02-14,6.989999771118164,6.989999771118164
2019-02-15,7.037499904632568,7.037499904632568
2019-02-18,7.052499771118164,7.052499771118164
2019-02-19,7.0625,7.0625
2019-02-20,7.09375,7.09375
2019-02-21,7.059999942779541,7.059999942779541
2019-02-22,7.114999771118164,7.114999771118164
2019-02-25,7.141250133514404,7.141250133514404
2019-02-26,7.090000152587891,7.090000152587891
2019-02-27,7.083749771118164,7.083749771118164
2019-02-28,7.070000171661377,7.070000171661377
2019-03-01,7.097499847412109,7.097499847412109
2019-03-04,7.12375020980835,7.12375020980835
2019-03-05,7.153749942779541,7.153749942779541
2019-03-06,7.122499942779541,7.122499942779541
2019-03-07,7.03249979019165,7.03249979019165
2019-03-08,6.931250095367432,6.931250095367432
2019-03-11,7.03000020980835,7.03000020980835
2019-03-12,7.077499866485596,7.077499866485596
2019-03-13,7.127500057220459,7.127500057220459
2019-03-14,7.082499980926514,7.082499980926514
2019-03-15,7.130000114440918,7.130000114440918
2019-03-18,7.192500114440918,7.192500114440918
2019-03-19,7.295000076293945,7.295000076293945
2019-03-20,7.21999979019165,7.21999979019165
2019-03-21,7.329999923706055,7.329999923706055
2019-03-22,7.24875020980835,7.24875020980835
2019-03-25,7.269999980926514,7.269999980926514
2019-03-26,7.292500019073486,7.292500019073486
2019-03-27,7.255000114440918,7.255000114440918
2019-03-28,7.289999961853027,7.289999961853027
2019-03-29,7.347499847412109,7.347499847412109
2019-04-01,7.432499885559082,7.432499885559082
2019-04-02,7.429999828338623,7.429999828338623
2019-04-03,7.502500057220459,7.502500057220459
2019-04-04,7.519999980926514,7.519999980926514
2019-04-05,7.585000038146973,7.585000038146973
2019-04-08,7.579999923706055,7.579999923706055
2019-04-09,7.565000057220459,7.565000057220459
2019-04-10,7.552499771118164,7.552499771118164
2019-04-11,7.59250020980835,7.59250020980835
2019-04-12,7.625,7.625
2019-04-15,7.625,7.625
2019-04-16,7.677499771118164,7.677499771118164
2019-04-17,7.702499866485596,7.702499866485596
2019-04-18,7.6875,7.6875
2019-04-23,7.756249904632568,7.756249904632568
2019-04-24,7.806250095367432,7.806250095367432
2019-04-25,7.760000228881836,7.760000228881836
2019-04-26,7.769999980926514,7.769999980926514
2019-04-29,7.78249979019165,7.78249979019165
2019-04-30,7.71750020980835,7.71750020980835
2019-05-01,7.764999866485596,7.764999866485596
2019-05-02,7.652500152587891,7.652500152587891
2019-05-03,7.767499923706055,7.767499923706055
2019-05-07,7.637499809265137,7.637499809265137
2019-05-08,7.652500152587891,7.652500152587891
2019-05-09,7.502500057220459,7.502500057220459
2019-05-10,7.466249942779541,7.466249942779541
2019-05-13,7.369999885559082,7.369999885559082
2019-05-14,7.431250095367432,7.431250095367432
2019-05-15,7.472499847412109,7.472499847412109
2019-05-16,7.596250057220459,7.596250057220459
2019-05-17,7.582499980926514,7.582499980926514
2019-05-20,7.451250076293945,7.451250076293945
2019-05-21,7.462500095367432,7.462500095367432
2019-05-22,7.462500095367432,7.462500095367432
2019-05-23,7.347499847412109,7.347499847412109
2019-05-24,7.320000171661377,7.320000171661377
2019-05-28,7.361249923706055,7.361249923706055
2019-05-29,7.21750020980835,7.21750020980835
2019-05-30,7.277500152587891,7.277500152587891
2019-05-31,7.212500095367432,7.212500095367432
2019-06-03,7.141250133514404,7.141250133514404
2019-06-04,7.232500076293945,7.232500076293945
2019-06-05,7.287499904632568,7.287499904632568
2019-06-06,7.317500114440918,7.317500114440918
2019-06-07,7.46999979019165,7.46999979019165
2019-06-10,7.597499847412109,7.597499847412109
2019-06-11,7.572500228881836,7.572500228881836
2019-06-12,7.56374979019165,7.56374979019165
2019-06-13,7.619999885559082,7.619999885559082
2019-06-14,7.642499923706055,7.642499923706055
2019-06-17,7.675000190734863,7.675000190734863
2019-06-18,7.752500057220459,7.752500057220459
2019-06-19,7.702499866485596,7.702499866485596
2019-06-20,7.755000114440918,7.755000114440918
2019-06-21,7.773749828338623,7.773749828338623
2019-06-24,7.733749866485596,7.733749866485596
2019-06-25,7.6875,7.6875
2019-06-26,7.683750152587891,7.683750152587891
2019-06-27,7.684999942779541,7.684999942779541
2019-06-28,7.735000133514404,7.735000133514404
2019-07-01,7.796249866485596,7.796249866485596
2019-07-02,7.78000020980835,7.78000020980835
2019-07-03,7.871250152587891,7.871250152587891
2019-07-04,7.897500038146973,7.897500038146973
2019-07-05,7.856249809265137,7.856249809265137
2019-07-08,7.894999980926514,7.894999980926514
2019-07-09,7.909999847412109,7.909999847412109
2019-07-10,7.93625020980835,7.93625020980835
2019-07-11,7.997499942779541,7.997499942779541
2019-07-12,8.039999961853027,8.039999961853027
2019-07-15,8.0600004196167,8.0600004196167
2019-07-16,8.081250190734863,8.081250190734863
2019-07-17,8.0287504196167,8.0287504196167
2019-07-18,7.945000171661377,7.945000171661377
2019-07-19,7.994999885559082,7.994999885559082
2019-07-22,7.912499904632568,7.912499904632568
2019-07-23,7.945000171661377,7.945000171661377
2019-07-24,7.987500190734863,7.987500190734863
2019-07-25,8.013750076293945,8.013750076293945
2019-07-26,7.980000019073486,7.980000019073486
2019-07-29,7.932499885559082,7.932499885559082
2019-07-30,7.90500020980835,7.90500020980835
2019-07-31,7.87375020980835,7.87375020980835
2019-08-01,7.892499923706055,7.892499923706055
2019-08-02,7.627500057220459,7.627500057220459
2019-08-05,7.461249828338623,7.461249828338623
2019-08-06,7.445000171661377,7.445000171661377
2019-08-07,7.481249809265137,7.481249809265137
2019-08-08,7.664999961853027,7.664999961853027
2019-08-09,7.606249809265137,7.606249809265137
2019-08-12,7.543749809265137,7.543749809265137
2019-08-13,7.619999885559082,7.619999885559082
2019-08-14,7.458749771118164,7.458749771118164
2019-08-15,7.401249885559082,7.401249885559082
2019-08-16,7.487500190734863,7.487500190734863
2019-08-19,7.59250020980835,7.59250020980835
2019-08-20,7.616250038146973,7.616250038146973
2019-08-21,7.699999809265137,7.699999809265137
2019-08-22,7.683750152587891,7.683750152587891
2019-08-23,7.557499885559082,7.557499885559082
2019-08-27,7.570000171661377,7.570000171661377
2019-08-28,7.602499961853027,7.602499961853027
2019-08-29,7.739999771118164,7.739999771118164
2019-08-30,7.682499885559082,7.682499885559082
2019-09-02,7.662499904632568,7.662499904632568
2019-09-03,7.683750152587891,7.683750152587891
2019-09-04,7.722499847412109,7.722499847412109
2019-09-05,7.877500057220459,7.877500057220459
2019-09-06,7.913750171661377,7.913750171661377
2019-09-09,7.942500114440918,7.942500114440918
2019-09-10,7.840000152587891,7.840000152587891
2019-09-11,7.911250114440918,7.911250114440918
2019-09-12,7.96999979019165,7.96999979019165
2019-09-13,7.972499847412109,7.972499847412109
2019-09-16,7.861249923706055,7.861249923706055
2019-09-17,7.848750114440918,7.848750114440918
2019-09-18,7.857500076293945,7.857500076293945
2019-09-19,7.896249771118164,7.896249771118164
2019-09-20,7.84499979019165,7.84499979019165
2019-09-23,7.801249980926514,7.801249980926514
2019-09-24,7.769999980926514,7.769999980926514
2019-09-25,7.737500190734863,7.737500190734863
2019-09-26,7.706250190734863,7.706250190734863
2019-09-27,7.75,7.75
2019-09-30,7.74875020980835,7.74875020980835
2019-10-01,7.744999885559082,7.744999885559082
2019-10-02,7.557499885559082,7.557499885559082
2019-10-03,7.550000190734863,7.550000190734863
2019-10-04,7.643750190734863,7.643750190734863
2019-10-07,7.667500019073486,7.667500019073486
2019-10-08,7.585000038146973,7.585000038146973
2019-10-09,7.610000133514404,7.610000133514404
2019-10-10,7.695000171661377,7.695000171661377
2019-10-11,7.816249847412109,7.816249847412109
2019-10-14,7.738749980926514,7.738749980926514
2019-10-15,7.815000057220459,7.815000057220459
2019-10-16,7.852499961853027,7.852499961853027
2019-10-17,7.889999866485596,7.889999866485596
2019-10-18,7.875,7.875
2019-10-21,7.897500038146973,7.897500038146973
2019-10-22,7.875,7.875
2019-10-23,7.8125,7.8125
2019-10-24,7.823750019073486,7.823750019073486
2019-10-25,7.802499771118164,7.802499771118164
2019-10-28,7.822500228881836,7.822500228881836
2019-10-29,7.807499885559082,7.807499885559082
2019-10-30,7.764999866485596,7.764999866485596
2019-10-31,7.768750190734863,7.768750190734863
2019-11-01,7.829999923706055,7.829999923706055
2019-11-04,7.847499847412109,7.847499847412109
2019-11-05,7.852499961853027,7.852499961853027
2019-11-06,7.848750114440918,7.848750114440918
2019-11-07,7.852499961853027,7.852499961853027
2019-11-08,7.796249866485596,7.796249866485596
2019-11-11,7.777500152587891,7.777500152587891
2019-11-12,7.823750019073486,7.823750019073486
2019-11-13,7.767499923706055,7.767499923706055
2019-11-14,7.789999961853027,7.789999961853027
2019-11-15,7.8125,7.8125
2019-11-18,7.820000171661377,7.820000171661377
2019-11-19,7.760000228881836,7.760000228881836
2019-11-20,7.764999866485596,7.764999866485596
2019-11-21,7.71999979019165,7.71999979019165
2019-11-22,7.71875,7.71875
2019-11-25,7.804999828338623,7.804999828338623
2019-11-26,7.863749980926514,7.863749980926514
2019-11-27,7.93625020980835,7.93625020980835
2019-11-28,7.9375,7.9375
2019-11-29,7.909999847412109,7.909999847412109
2019-12-02,7.817500114440918,7.817500114440918
2019-12-03,7.707499980926514,7.707499980926514
2019-12-04,7.798749923706055,7.798749923706055
2019-12-05,7.769999980926514,7.769999980926514
2019-12-06,7.835000038146973,7.835000038146973
2019-12-09,7.853750228881836,7.853750228881836
2019-12-10,7.838749885559082,7.838749885559082
2019-12-11,7.815000057220459,7.815000057220459
2019-12-12,7.891250133514404,7.891250133514404
2019-12-13,7.880000114440918,7.880000114440918
2019-12-16,7.949999809265137,7.949999809265137
2019-12-17,7.988749980926514,7.988749980926514
2019-12-18,8.00374984741211,8.00374984741211
2019-12-19,8.007499694824219,8.007499694824219
2019-12-20,8.037500381469727,8.037500381469727
2019-12-23,8.03125,8.03125
2019-12-24,8.026249885559082,8.026249885559082
2019-12-27,8.182499885559082,8.182499885559082
2019-12-30,8.100000381469727,8.100000381469727
2019-12-31,8.09000015258789,8.09000015258789
2020-01-02,8.141249656677246,8.141249656677246
2020-01-03,8.132499694824219,8.132499694824219
2020-01-06,8.140000343322754,8.140000343322754
2020-01-07,8.15250015258789,8.15250015258789
2020-01-08,8.192500114440918,8.192500114440918
2020-01-09,8.227499961853027,8.227499961853027
2020-01-10,8.208749771118164,8.208749771118164
2020-01-13,8.186249732971191,8.186249732971191
2020-01-14,8.1899995803833,8.1899995803833
2020-01-15,8.170000076293945,8.170000076293945
2020-01-16,8.217499732971191,8.217499732971191
2020-01-17,8.2524995803833,8.2524995803833
2020-01-20,8.248749732971191,8.248749732971191
2020-01-21,8.237500190734863,8.237500190734863
2020-01-22,8.272500038146973,8.272500038146973
2020-01-23,8.204999923706055,8.204999923706055
2020-01-24,8.1899995803833,8.1899995803833
2020-01-27,8.017499923706055,8.017499923706055
2020-01-28,8.125,8.125
2020-01-29,8.119999885559082,8.119999885559082
2020-01-30,8.047499656677246,8.047499656677246
2020-01-31,8.210000038146973,8.210000038146973
2020-02-03,8.265000343322754,8.265000343322754
2020-02-04,8.329999923706055,8.329999923706055
2020-02-05,8.37125015258789,8.37125015258789
2020-02-06,8.396249771118164,8.396249771118164
2020-02-07,8.373749732971191,8.373749732971191
2020-02-10,8.420000076293945,8.420000076293945
2020-02-11,8.552499771118164,8.552499771118164
2020-02-12,8.604999542236328,8.604999542236328
2020-02-13,8.5912504196167,8.5912504196167
2020-02-14,8.5912504196167,8.5912504196167
2020-02-17,8.602499961853027,8.602499961853027
2020-02-18,8.538749694824219,8.538749694824219
2020-02-19,8.643750190734863,8.643750190734863
2020-02-20,8.568750381469727,8.568750381469727
2020-02-21,8.516249656677246,8.516249656677246
2020-02-24,8.1875,8.1875
2020-02-25,8.100000381469727,8.100000381469727
2020-02-26,8.076250076293945,8.076250076293945
2020-02-27,7.743750095367432,7.743750095367432
2020-02-28,7.448750019073486,7.448750019073486
2020-03-02,7.637499809265137,7.637499809265137
2020-03-03,7.68625020980835,7.68625020980835
2020-03-04,7.702499866485596,7.702499866485596
2020-03-05,7.735000133514404,7.735000133514404
2020-03-06,7.440000057220459,7.440000057220459
2020-03-09,7.147500038146973,7.147500038146973
2020-03-10,7.137499809265137,7.137499809265137
2020-03-11,7.117499828338623,7.117499828338623
2020-03-12,6.433750152587891,6.433750152587891
2020-03-13,6.329999923706055,6.329999923706055
2020-03-16,6.168749809265137,6.168749809265137
2020-03-17,6.127500057220459,6.127500057220459
2020-03-18,5.742499828338623,5.742499828338623
2020-03-19,5.983749866485596,5.983749866485596
2020-03-20,5.982500076293945,5.982500076293945
2020-03-23,5.793749809265137,5.793749809265137
2020-03-24,6.363749980926514,6.363749980926514
2020-03-25,6.581250190734863,6.581250190734863
2020-03-26,6.736249923706055,6.736249923706055
2020-03-27,6.519999980926514,6.519999980926514
2020-03-30,6.646249771118164,6.646249771118164
2020-03-31,6.648749828338623,6.648749828338623
2020-04-01,6.333749771118164,6.333749771118164
2020-04-02,6.262499809265137,6.262499809265137
2020-04-03,6.152500152587891,6.152500152587891
2020-04-06,6.514999866485596,6.514999866485596
2020-04-07,6.849999904632568,6.849999904632568
2020-04-08,6.931250095367432,6.931250095367432
2020-04-09,7.083749771118164,7.083749771118164
2020-04-14,7.309999942779541,7.309999942779541
2020-04-15,7.1875,7.1875
2020-04-16,7.389999866485596,7.389999866485596
2020-04-17,7.446249961853027,7.446249961853027
2020-04-20,7.558750152587891,7.558750152587891
2020-04-21,7.204999923706055,7.204999923706055
2020-04-22,7.361249923706055,7.361249923706055
2020-04-23,7.488749980926514,7.488749980926514
2020-04-24,7.433750152587891,7.433750152587891
2020-04-27,7.670000076293945,7.670000076293945
2020-04-28,7.658750057220459,7.658750057220459
2020-04-29,7.838749885559082,7.838749885559082
2020-04-30,7.763750076293945,7.763750076293945
2020-05-01,7.486249923706055,7.486249923706055
2020-05-04,7.463749885559082,7.463749885559082
2020-05-05,7.617499828338623,7.617499828338623
2020-05-06,7.585000038146973,7.585000038146973
2020-05-07,7.672500133514404,7.672500133514404
2020-05-11,7.784999847412109,7.784999847412109
2020-05-12,7.809999942779541,7.809999942779541
2020-05-13,7.587500095367432,7.587500095367432
2020-05-14,7.482500076293945,7.482500076293945
2020-05-15,7.606249809265137,7.606249809265137
2020-05-18,8.001250267028809,8.001250267028809
2020-05-19,8.0625,8.0625
2020-05-20,8.069999694824219,8.069999694824219
2020-05-21,8.018750190734863,8.018750190734863
2020-05-22,8.024999618530273,8.024999618530273
2020-05-26,8.227499961853027,8.227499961853027
2020-05-27,8.175000190734863,8.175000190734863
2020-05-28,8.331250190734863,8.331250190734863
2020-05-29,8.192500114440918,8.192500114440918
2020-06-01,8.307499885559082,8.307499885559082
2020-06-02,8.328749656677246,8.328749656677246
2020-06-03,8.523750305175781,8.523750305175781
2020-06-04,8.507499694824219,8.507499694824219
2020-06-05,8.697500228881836,8.697500228881836
2020-06-08,8.762499809265137,8.762499809265137
2020-06-09,8.786250114440918,8.786250114440918
2020-06-10,8.748749732971191,8.748749732971191
2020-06-11,8.513750076293945,8.513750076293945
2020-06-12,8.286250114440918,8.286250114440918
2020-06-15,8.257499694824219,8.257499694824219
2020-06-16,8.5649995803833,8.5649995803833
2020-06-17,8.607500076293945,8.607500076293945
2020-06-18,8.576250076293945,8.576250076293945
2020-06-19,8.62874984741211,8.62874984741211
2020-06-22,8.520000457763672,8.520000457763672
2020-06-23,8.717499732971191,8.717499732971191
2020-06-24,8.5024995803833,8.5024995803833
2020-06-25,8.436249732971191,8.436249732971191
2020-06-26,8.443750381469727,8.443750381469727
2020-06-29,8.4087495803833,8.4087495803833
2020-06-30,8.523750305175781,8.523750305175781
2020-07-01,8.606249809265137,8.606249809265137
2020-07-02,8.74625015258789,8.74625015258789
2020-07-03,8.7212495803833,8.7212495803833
2020-07-06,8.948749542236328,8.948749542236328
2020-07-07,8.976249694824219,8.976249694824219
2020-07-08,8.852499961853027,8.852499961853027
2020-07-09,8.881250381469727,8.881250381469727
2020-07-10,9.041250228881836,9.041250228881836
2020-07-13,9.328749656677246,9.328749656677246
2020-07-14,8.951250076293945,8.951250076293945
2020-07-15,9.068750381469727,9.068750381469727
2020-07-16,9.011249542236328,9.011249542236328
2020-07-17,9.039999961853027,9.039999961853027
2020-07-20,9.102499961853027,9.102499961853027
2020-07-21,9.243749618530273,9.243749618530273
2020-07-22,9.2524995803833,9.2524995803833
2020-07-23,9.257499694824219,9.257499694824219
2020-07-24,9.176250457763672,9.176250457763672
2020-07-27,9.1537504196167,9.1537504196167
2020-07-28,9.203749656677246,9.203749656677246
2020-07-29,9.188750267028809,9.188750267028809
2020-07-30,9.177499771118164,9.177499771118164
2020-07-31,9.27750015258789,9.27750015258789
2020-08-03,9.2475004196167,9.2475004196167
2020-08-04,9.288749694824219,9.288749694824219
2020-08-05,9.398750305175781,9.398750305175781
2020-08-06,9.431249618530273,9.431249618530273
2020-08-07,9.478750228881836,9.478750228881836
2020-08-10,9.543749809265137,9.543749809265137
2020-08-11,9.661250114440918,9.661250114440918
2020-08-12,9.636249542236328,9.636249542236328
2020-08-13,9.733750343322754,9.733750343322754
2020-08-14,9.68375015258789,9.68375015258789
2020-08-17,9.768750190734863,9.768750190734863
2020-08-18,9.863750457763672,9.863750457763672
2020-08-19,9.896249771118164,9.896249771118164
2020-08-20,9.823749542236328,9.823749542236328
2020-08-21,9.861249923706055,9.861249923706055
2020-08-24,9.976249694824219,9.976249694824219
2020-08-25,10.042499542236328,10.042499542236328
2020-08-26,10.107500076293945,10.107500076293945
2020-08-27,10.175000190734863,10.175000190734863
2020-08-28,10.167499542236328,10.167499542236328
2020-09-01,10.229999542236328,10.229999542236328
2020-09-02,10.300000190734863,10.300000190734863
2020-09-03,10.077500343322754,10.077500343322754
2020-09-04,9.779999732971191,9.779999732971191
2020-09-07,9.956250190734863,9.956250190734863
2020-09-08,9.87874984741211,9.87874984741211
2020-09-09,9.9712495803833,9.9712495803833
2020-09-10,10.067500114440918,10.067500114440918
2020-09-11,9.873749732971191,9.873749732971191
2020-09-14,9.976249694824219,9.976249694824219
2020-09-15,9.99625015258789,9.99625015258789
2020-09-16,10.022500038146973,10.022500038146973
2020-09-17,9.811249732971191,9.811249732971191
2020-09-18,9.694999694824219,9.694999694824219
2020-09-21,9.367500305175781,9.367500305175781
2020-09-22,9.619999885559082,9.619999885559082
2020-09-23,9.761249542236328,9.761249542236328
2020-09-24,9.59375,9.59375
2020-09-25,9.617500305175781,9.617500305175781
2020-09-28,9.888750076293945,9.888750076293945
2020-09-29,9.880000114440918,9.880000114440918
2020-09-30,10.017499923706055,10.017499923706055
2020-10-01,10.037500381469727,10.037500381469727
2020-10-02,9.991250038146973,9.991250038146973
2020-10-05,10.095000267028809,10.095000267028809
2020-10-06,10.0649995803833,10.0649995803833
2020-10-07,10.117500305175781,10.117500305175781
2020-10-08,10.177499771118164,10.177499771118164
2020-10-09,10.302499771118164,10.302499771118164
2020-10-12,10.542499542236328,10.542499542236328
2020-10-13,10.572500228881836,10.572500228881836
2020-10-14,10.47249984741211,10.47249984741211
2020-10-15,10.342499732971191,10.342499732971191
2020-10-16,10.442500114440918,10.442500114440918
2020-10-19,10.3100004196167,10.3100004196167
2020-10-20,10.272500038146973,10.272500038146973
2020-10-21,10.192500114440918,10.192500114440918
2020-10-22,10.145000457763672,10.145000457763672
2020-10-23,10.207500457763672,10.207500457763672
2020-10-26,10.107500076293945,10.107500076293945
2020-10-27,10.147500038146973,10.147500038146973
2020-10-28,9.9087495803833,9.9087495803833
2020-10-29,9.8774995803833,9.8774995803833
2020-10-30,9.681249618530273,9.681249618530273
2020-11-02,9.671250343322754,9.671250343322754
2020-11-03,9.888750076293945,9.888750076293945
2020-11-04,10.207500457763672,10.207500457763672
2020-11-05,10.397500038146973,10.397500038146973
2020-11-06,10.287500381469727,10.287500381469727
2020-11-09,10.4399995803833,10.4399995803833
2020-11-10,10.140000343322754,10.140000343322754
2020-11-11,10.257499694824219,10.257499694824219
2020-11-12,10.180000305175781,10.180000305175781
2020-11-13,10.197500228881836,10.197500228881836
2020-11-16,10.362500190734863,10.362500190734863
2020-11-17,10.354999542236328,10.354999542236328
2020-11-18,10.407500267028809,10.407500267028809
2020-11-19,10.300000190734863,10.300000190734863
2020-11-20,10.327500343322754,10.327500343322754
2020-11-23,10.3149995803833,10.3149995803833
2020-11-24,10.512499809265137,10.512499809265137
2020-11-25,10.539999961853027,10.539999961853027
2020-11-26,10.577500343322754,10.577500343322754
2020-11-27,10.592499732971191,10.592499732971191
2020-11-30,10.442500114440918,10.442500114440918
2020-12-01,10.5600004196167,10.5600004196167
2020-12-02,10.547499656677246,10.547499656677246
2020-12-03,10.59749984741211,10.59749984741211
2020-12-04,10.572500228881836,10.572500228881836
2020-12-07,10.517499923706055,10.517499923706055
2020-12-08,10.4975004196167,10.4975004196167
2020-12-09,10.5625,10.5625
2020-12-10,10.517499923706055,10.517499923706055
2020-12-11,10.40250015258789,10.40250015258789
2020-12-14,10.542499542236328,10.542499542236328
2020-12-15,10.524999618530273,10.524999618530273
2020-12-16,10.662500381469727,10.662500381469727
2020-12-17,10.725000381469727,10.725000381469727
2020-12-18,10.680000305175781,10.680000305175781
2020-12-21,10.542499542236328,10.542499542236328
2020-12-22,10.515000343322754,10.515000343322754
2020-12-23,10.574999809265137,10.574999809265137
2020-12-24,10.577500343322754,10.577500343322754
2020-12-29,10.742500305175781,10.742500305175781
2020-12-30,10.782500267028809,10.782500267028809
2020-12-31,10.797499656677246,10.797499656677246
2021-01-04,10.682499885559082,10.682499885559082
2021-01-05,10.702500343322754,10.702500343322754
2021-01-06,10.892499923706055,10.892499923706055
2021-01-07,11.032500267028809,11.032500267028809
2021-01-08,11.194999694824219,11.194999694824219
2021-01-11,11.109999656677246,11.109999656677246
2021-01-12,11.149999618530273,11.149999618530273
2021-01-13,11.175000190734863,11.175000190734863
2021-01-14,11.1850004196167,11.1850004196167
2021-01-15,11.052499771118164,11.052499771118164
2021-01-18,11.029999732971191,11.029999732971191
2021-01-19,11.055000305175781,11.055000305175781
2021-01-20,11.260000228881836,11.260000228881836
2021-01-21,11.447500228881836,11.447500228881836
2021-01-22,11.3149995803833,11.3149995803833
2021-01-25,11.2524995803833,11.2524995803833
2021-01-26,11.40250015258789,11.40250015258789
2021-01-27,11.1899995803833,11.1899995803833
2021-01-28,11.135000228881836,11.135000228881836
2021-01-29,10.942500114440918,10.942500114440918
2021-02-01,11.029999732971191,11.029999732971191
2021-02-02,11.390000343322754,11.390000343322754
2021-02-03,11.324999809265137,11.324999809265137
2021-02-04,11.345000267028809,11.345000267028809
2021-02-05,11.449999809265137,11.449999809265137
2021-02-08,11.479999542236328,11.479999542236328
2021-02-09,11.470000267028809,11.470000267028809
2021-02-10,11.364999771118164,11.364999771118164
2021-02-11,11.375,11.375
2021-02-12,11.3149995803833,11.3149995803833
2021-02-15,11.422499656677246,11.422499656677246
2021-02-16,11.300000190734863,11.300000190734863
2021-02-17,11.257499694824219,11.257499694824219
2021-02-18,11.354999542236328,11.354999542236328
2021-02-19,11.414999961853027,11.414999961853027
2021-02-22,11.154999732971191,11.154999732971191
2021-02-23,10.857500076293945,10.857500076293945
2021-02-24,11.0,11.0
2021-02-25,10.907500267028809,10.907500267028809
2021-02-26,10.732500076293945,10.732500076293945
2021-03-01,10.947500228881836,10.947500228881836
2021-03-02,10.917499542236328,10.917499542236328
2021-03-03,10.817500114440918,10.817500114440918
2021-03-04,10.52750015258789,10.52750015258789
2021-03-05,10.0024995803833,10.0024995803833
2021-03-08,10.592499732971191,10.592499732971191
2021-03-09,10.77750015258789,10.77750015258789
2021-03-10,10.899999618530273,10.899999618530273
2021-03-11,11.0625,11.0625
2021-03-12,10.957500457763672,10.957500457763672
2021-03-15,11.092499732971191,11.092499732971191
2021-03-16,11.125,11.125
2021-03-17,11.087499618530273,11.087499618530273
2021-03-18,11.147500038146973,11.147500038146973
2021-03-19,10.977499961853027,10.977499961853027
2021-03-22,11.149999618530273,11.149999618530273
2021-03-23,11.1225004196167,11.1225004196167
2021-03-24,11.087499618530273,11.087499618530273
2021-03-25,10.912500381469727,10.912500381469727
2021-03-26,10.925000190734863,10.925000190734863
2021-03-29,10.90999984741211,10.90999984741211
2021-03-30,10.992500305175781,10.992500305175781
2021-03-31,11.172499656677246,11.172499656677246
2021-04-01,11.225000381469727,11.225000381469727
2021-04-06,11.5649995803833,11.5649995803833
2021-04-07,11.579999923706055,11.579999923706055
2021-04-08,11.604999542236328,11.604999542236328
2021-04-09,11.625,11.625
2021-04-12,11.75,11.75
2021-04-13,11.890000343322754,11.890000343322754
2021-04-14,11.864999771118164,11.864999771118164
2021-04-15,11.824999809265137,11.824999809265137
2021-04-16,11.9350004196167,11.9350004196167
2021-04-19,11.859999656677246,11.859999656677246
2021-04-20,11.640000343322754,11.640000343322754
2021-04-21,11.770000457763672,11.770000457763672
2021-04-22,11.829999923706055,11.829999923706055
2021-04-23,11.8149995803833,11.8149995803833
2021-04-26,11.817500114440918,11.817500114440918
2021-04-27,11.90250015258789,11.90250015258789
2021-04-28,11.925000190734863,11.925000190734863
2021-04-29,11.885000228881836,11.885000228881836
2021-04-30,11.914999961853027,11.914999961853027
2021-05-04,11.649999618530273,11.649999618530273
2021-05-05,11.710000038146973,11.710000038146973
2021-05-06,11.664999961853027,11.664999961853027
2021-05-07,11.807499885559082,11.807499885559082
2021-05-10,11.694999694824219,11.694999694824219
2021-05-11,11.425000190734863,11.425000190734863
2021-05-12,11.210000038146973,11.210000038146973
2021-05-13,11.140000343322754,11.140000343322754
2021-05-14,11.3149995803833,11.3149995803833
2021-05-17,11.307499885559082,11.307499885559082
2021-05-18,11.430000305175781,11.430000305175781
2021-05-19,11.114999771118164,11.114999771118164
2021-05-20,11.260000228881836,11.260000228881836
2021-05-21,11.234999656677246,11.234999656677246
2021-05-24,11.380000114440918,11.380000114440918
2021-05-25,11.319999694824219,11.319999694824219
2021-05-26,11.489999771118164,11.489999771118164
2021-05-27,11.479999542236328,11.479999542236328
2021-05-28,11.489999771118164,11.489999771118164
2021-06-01,11.470000267028809,11.470000267028809
2021-06-02,11.420000076293945,11.420000076293945
2021-06-03,11.34749984741211,11.34749984741211
2021-06-04,11.327500343322754,11.327500343322754
2021-06-07,11.345000267028809,11.345000267028809
2021-06-08,11.40999984741211,11.40999984741211
2021-06-09,11.482500076293945,11.482500076293945
2021-06-10,11.46500015258789,11.46500015258789
2021-06-11,11.520000457763672,11.520000457763672
2021-06-14,11.52750015258789,11.52750015258789
2021-06-15,11.489999771118164,11.489999771118164
2021-06-16,11.515000343322754,11.515000343322754
2021-06-17,11.539999961853027,11.539999961853027
2021-06-18,11.524999618530273,11.524999618530273
2021-06-21,11.595000267028809,11.595000267028809
2021-06-22,11.71500015258789,11.71500015258789
2021-06-23,11.744999885559082,11.744999885559082
2021-06-24,11.880000114440918,11.880000114440918
2021-06-25,11.859999656677246,11.859999656677246
2021-06-28,11.859999656677246,11.859999656677246
2021-06-29,11.914999961853027,11.914999961853027
2021-06-30,11.9399995803833,11.9399995803833
2021-07-01,11.925000190734863,11.925000190734863
2021-07-02,11.979999542236328,11.979999542236328
2021-07-05,12.082500457763672,12.082500457763672
2021-07-06,12.100000381469727,12.100000381469727
2021-07-07,12.170000076293945,12.170000076293945
2021-07-08,12.047499656677246,12.047499656677246
2021-07-09,12.25,12.25
2021-07-12,12.289999961853027,12.289999961853027
2021-07-13,12.329999923706055,12.329999923706055
2021-07-14,12.197500228881836,12.197500228881836
2021-07-15,12.117500305175781,12.117500305175781
2021-07-16,12.029999732971191,12.029999732971191
2021-07-19,11.765000343322754,11.765000343322754
2021-07-20,11.925000190734863,11.925000190734863
2021-07-21,12.050000190734863,12.050000190734863
2021-07-22,12.1225004196167,12.1225004196167
2021-07-23,12.260000228881836,12.260000228881836
2021-07-26,12.364999771118164,12.364999771118164
2021-07-27,12.157500267028809,12.157500267028809
2021-07-28,12.207500457763672,12.207500457763672
2021-07-29,12.3100004196167,12.3100004196167
2021-07-30,12.020000457763672,12.020000457763672
2021-08-02,12.039999961853027,12.039999961853027
2021-08-03,11.975000381469727,11.975000381469727
2021-08-04,12.03499984741211,12.03499984741211
2021-08-05,12.09000015258789,12.09000015258789
2021-08-06,12.020000457763672,12.020000457763672
2021-08-09,11.994999885559082,11.994999885559082
2021-08-10,12.024999618530273,12.024999618530273
2021-08-11,12.020000457763672,12.020000457763672
2021-08-12,12.0,12.0
2021-08-13,12.005000114440918,12.005000114440918
2021-08-16,11.857500076293945,11.857500076293945
2021-08-17,11.6850004196167,11.6850004196167
2021-08-18,11.789999961853027,11.789999961853027
2021-08-19,11.65999984741211,11.65999984741211
2021-08-20,11.699999809265137,11.699999809265137
2021-08-23,11.880000114440918,11.880000114440918
2021-08-24,11.984999656677246,11.984999656677246
2021-08-25,12.024999618530273,12.024999618530273
2021-08-26,11.975000381469727,11.975000381469727
2021-08-27,12.017499923706055,12.017499923706055
2021-08-31,12.1850004196167,12.1850004196167
2021-09-01,12.267499923706055,12.267499923706055
2021-09-02,12.289999961853027,12.289999961853027
2021-09-03,12.170000076293945,12.170000076293945
2021-09-06,12.237500190734863,12.237500190734863
2021-09-07,12.2524995803833,12.2524995803833
2021-09-08,12.204999923706055,12.204999923706055
2021-09-09,12.305000305175781,12.305000305175781
2021-09-10,12.25,12.25
2021-09-13,12.135000228881836,12.135000228881836
2021-09-14,12.175000190734863,12.175000190734863
2021-09-15,12.085000038146973,12.085000038146973
2021-09-16,12.204999923706055,12.204999923706055
2021-09-17,12.229999542236328,12.229999542236328
2021-09-20,11.979999542236328,11.979999542236328
2021-09-21,11.984999656677246,11.984999656677246
2021-09-22,12.109999656677246,12.109999656677246
2021-09-23,12.234999656677246,12.234999656677246
2021-09-24,12.1899995803833,12.1899995803833
2021-09-27,12.279999732971191,12.279999732971191
2021-09-28,12.085000038146973,12.085000038146973
2021-09-29,12.135000228881836,12.135000228881836
2021-09-30,12.022500038146973,12.022500038146973
2021-10-01,11.925000190734863,11.925000190734863
2021-10-04,11.84000015258789,11.84000015258789
2021-10-05,11.994999885559082,11.994999885559082
2021-10-06,11.850000381469727,11.850000381469727
2021-10-07,12.180000305175781,12.180000305175781
2021-10-08,12.114999771118164,12.114999771118164
2021-10-11,12.1225004196167,12.1225004196167
2021-10-12,12.104999542236328,12.104999542236328
2021-10-13,12.125,12.125
2021-10-14,12.289999961853027,12.289999961853027
2021-10-15,12.479999542236328,12.479999542236328
2021-10-18,12.5600004196167,12.5600004196167
2021-10-19,12.625,12.625
2021-10-20,12.6225004196167,12.6225004196167
2021-10-21,12.71500015258789,12.71500015258789
2021-10-22,12.6899995803833,12.6899995803833
2021-10-25,12.807499885559082,12.807499885559082
2021-10-26,13.050000190734863,13.050000190734863
2021-10-27,13.09000015258789,13.09000015258789
2021-10-28,13.194999694824219,13.194999694824219
2021-10-29,13.145000457763672,13.145000457763672
2021-11-01,13.327500343322754,13.327500343322754
2021-11-02,13.260000228881836,13.260000228881836
2021-11-03,13.357500076293945,13.357500076293945
2021-11-04,13.77750015258789,13.77750015258789
2021-11-05,13.9399995803833,13.9399995803833
2021-11-08,13.772500038146973,13.772500038146973
2021-11-09,13.524999618530273,13.524999618530273
2021-11-10,13.569999694824219,13.569999694824219
2021-11-11,13.444999694824219,13.444999694824219
2021-11-12,13.404999732971191,13.404999732971191
2021-11-15,13.399999618530273,13.399999618530273
2021-11-16,13.625,13.625
2021-11-17,13.6899995803833,13.6899995803833
2021-11-18,13.835000038146973,13.835000038146973
2021-11-19,13.989999771118164,13.989999771118164
2021-11-22,14.007499694824219,14.007499694824219
2021-11-23,13.742500305175781,13.742500305175781
2021-11-24,13.8125,13.8125
2021-11-25,13.795000076293945,13.795000076293945
2021-11-26,13.460000038146973,13.460000038146973
2021-11-29,13.649999618530273,13.649999618530273
2021-11-30,13.479999542236328,13.479999542236328
2021-12-01,13.677499771118164,13.677499771118164
2021-12-02,13.382499694824219,13.382499694824219
2021-12-03,13.180000305175781,13.180000305175781
2021-12-06,13.202500343322754,13.202500343322754
2021-12-07,13.585000038146973,13.585000038146973
2021-12-08,13.539999961853027,13.539999961853027
2021-12-09,13.520000457763672,13.520000457763672
2021-12-10,13.34749984741211,13.34749984741211
2021-12-13,13.104999542236328,13.104999542236328
2021-12-14,12.954999923706055,12.954999923706055
2021-12-15,12.869999885559082,12.869999885559082
2021-12-16,13.0600004196167,13.0600004196167
2021-12-17,12.944999694824219,12.944999694824219
2021-12-20,12.567500114440918,12.567500114440918
2021-12-21,12.760000228881836,12.760000228881836
2021-12-22,13.1899995803833,13.1899995803833
2021-12-23,13.3100004196167,13.3100004196167
2021-12-24,13.375,13.375
2021-12-29,13.487500190734863,13.487500190734863
2021-12-30,13.529999732971191,13.529999732971191
2021-12-31,13.4350004196167,13.4350004196167
2022-01-04,13.645000457763672,13.645000457763672
2022-01-05,13.672499656677246,13.672499656677246
2022-01-06,13.274999618530273,13.274999618530273
2022-01-07,13.145000457763672,13.145000457763672
2022-01-10,12.795000076293945,12.795000076293945
2022-01-11,13.100000381469727,13.100000381469727
2022-01-12,13.15999984741211,13.15999984741211
2022-01-13,13.210000038146973,13.210000038146973
2022-01-14,12.789999961853027,12.789999961853027
2022-01-17,12.887499809265137,12.887499809265137
2022-01-18,12.649999618530273,12.649999618530273
2022-01-19,12.524999618530273,12.524999618530273
2022-01-20,12.582500457763672,12.582500457763672
2022-01-21,12.140000343322754,12.140000343322754
2022-01-24,11.5024995803833,11.5024995803833
2022-01-25,11.682499885559082,11.682499885559082
2022-01-26,11.890000343322754,11.890000343322754
2022-01-27,11.65999984741211,11.65999984741211
2022-01-28,11.505000114440918,11.505000114440918
2022-01-31,11.960000038146973,11.960000038146973
2022-02-01,12.107500076293945,12.107500076293945
2022-02-02,12.0649995803833,12.0649995803833
2022-02-03,11.899999618530273,11.899999618530273
2022-02-04,11.975000381469727,11.975000381469727
2022-02-07,12.180000305175781,12.180000305175781
2022-02-08,12.21500015258789,12.21500015258789
2022-02-09,12.449999809265137,12.449999809265137
2022-02-10,12.380000114440918,12.380000114440918
2022-02-11,12.130000114440918,12.130000114440918
2022-02-14,12.0600004196167,12.0600004196167
2022-02-15,12.164999961853027,12.164999961853027
2022-02-16,12.130000114440918,12.130000114440918
2022-02-17,12.095000267028809,12.095000267028809
2022-02-18,11.782500267028809,11.782500267028809
2022-02-21,11.619999885559082,11.619999885559082
2022-02-22,11.482500076293945,11.482500076293945
2022-02-23,11.260000228881836,11.260000228881836
2022-02-24,10.967499732971191,10.967499732971191
2022-02-25,11.452500343322754,11.452500343322754
2022-02-28,11.65250015258789,11.65250015258789
2022-03-01,11.579999923706055,11.579999923706055
2022-03-02,11.645000457763672,11.645000457763672
2022-03-03,11.520000457763672,11.520000457763672
2022-03-04,11.1850004196167,11.1850004196167
2022-03-07,10.994999885559082,10.994999885559082
2022-03-08,10.72249984741211,10.72249984741211
2022-03-09,11.015000343322754,11.015000343322754
2022-03-10,11.0,11.0
2022-03-11,11.112500190734863,11.112500190734863
2022-03-14,10.829999923706055,10.829999923706055
2022-03-15,11.077500343322754,11.077500343322754
2022-03-16,11.422499656677246,11.422499656677246
2022-03-17,11.579999923706055,11.579999923706055
2022-03-18,11.835000038146973,11.835000038146973
2022-03-21,11.967499732971191,11.967499732971191
2022-03-22,12.050000190734863,12.050000190734863
2022-03-23,12.1875,12.1875
2022-03-24,12.039999961853027,12.039999961853027
2022-03-25,12.074999809265137,12.074999809265137
2022-03-28,12.317500114440918,12.317500114440918
2022-03-29,12.614999771118164,12.614999771118164
2022-03-30,12.487500190734863,12.487500190734863
2022-03-31,12.3774995803833,12.3774995803833
2022-04-01,12.262499809265137,12.262499809265137
2022-04-04,12.40999984741211,12.40999984741211
2022-04-05,12.322500228881836,12.322500228881836
2022-04-06,11.850000381469727,11.850000381469727
2022-04-07,11.78499984741211,11.78499984741211
2022-04-08,11.920000076293945,11.920000076293945
2022-04-11,11.649999618530273,11.649999618530273
2022-04-12,11.817500114440918,11.817500114440918
2022-04-13,11.807499885559082,11.807499885559082
2022-04-14,11.84749984741211,11.84749984741211
2022-04-19,12.0649995803833,12.0649995803833
2022-04-20,12.010000228881836,12.010000228881836
2022-04-21,12.100000381469727,12.100000381469727
2022-04-22,11.725000381469727,11.725000381469727
2022-04-25,11.430000305175781,11.430000305175781
2022-04-26,11.164999961853027,11.164999961853027
2022-04-27,11.117500305175781,11.117500305175781
2022-04-28,11.09000015258789,11.09000015258789
2022-04-29,10.869999885559082,10.869999885559082
2022-05-03,10.78499984741211,10.78499984741211
2022-05-04,10.545000076293945,10.545000076293945
2022-05-05,10.449999809265137,10.449999809265137
2022-05-06,10.407500267028809,10.407500267028809
2022-05-09,9.928750038146973,9.928750038146973
2022-05-10,9.713749885559082,9.713749885559082
2022-05-11,9.761249542236328,9.761249542236328
2022-05-12,9.654999732971191,9.654999732971191
2022-05-13,9.87874984741211,9.87874984741211
2022-05-16,9.708749771118164,9.708749771118164
2022-05-17,9.78125,9.78125
2022-05-18,9.456250190734863,9.456250190734863
2022-05-19,9.364999771118164,9.364999771118164
2022-05-20,9.131250381469727,9.131250381469727
2022-05-23,9.136249542236328,9.136249542236328
2022-05-24,8.9350004196167,8.9350004196167
2022-05-25,9.180000305175781,9.180000305175781
2022-05-26,9.670000076293945,9.670000076293945
2022-05-27,9.90999984741211,9.90999984741211
2022-05-30,10.125,10.125
2022-05-31,10.015000343322754,10.015000343322754
2022-06-01,10.005000114440918,10.005000114440918
2022-06-06,10.175000190734863,10.175000190734863
2022-06-07,9.989999771118164,9.989999771118164
2022-06-08,10.147500038146973,10.147500038146973
2022-06-09,10.024999618530273,10.024999618530273
2022-06-10,9.430000305175781,9.430000305175781
2022-06-13,8.99625015258789,8.99625015258789
2022-06-14,8.979999542236328,8.979999542236328
2022-06-15,9.114999771118164,9.114999771118164
2022-06-16,8.851249694824219,8.851249694824219
2022-06-17,8.895000457763672,8.895000457763672
2022-06-20,8.979999542236328,8.979999542236328
2022-06-21,9.202500343322754,9.202500343322754
2022-06-22,9.231249809265137,9.231249809265137
2022-06-23,9.25,9.25
2022-06-24,9.538749694824219,9.538749694824219
2022-06-27,9.623749732971191,9.623749732971191
2022-06-28,9.324999809265137,9.324999809265137
2022-06-29,9.117500305175781,9.117500305175781
2022-06-30,9.032500267028809,9.032500267028809
2022-07-01,9.061249732971191,9.061249732971191
2022-07-04,9.138750076293945,9.138750076293945
2022-07-05,9.114999771118164,9.114999771118164
2022-07-06,9.300000190734863,9.300000190734863
2022-07-07,9.508749961853027,9.508749961853027
2022-07-08,9.680000305175781,9.680000305175781
2022-07-11,9.397500038146973,9.397500038146973
2022-07-12,9.373749732971191,9.373749732971191
2022-07-13,9.342499732971191,9.342499732971191
2022-07-14,9.236249923706055,9.236249923706055
2022-07-15,9.523750305175781,9.523750305175781
2022-07-18,9.713749885559082,9.713749885559082
2022-07-19,9.694999694824219,9.694999694824219
2022-07-20,9.9712495803833,9.9712495803833
2022-07-21,10.09000015258789,10.09000015258789
2022-07-22,10.197500228881836,10.197500228881836
2022-07-25,10.082500457763672,10.082500457763672
2022-07-26,9.78499984741211,9.78499984741211
2022-07-27,9.926250457763672,9.926250457763672
2022-07-28,10.197500228881836,10.197500228881836
2022-07-29,10.587499618530273,10.587499618530273
2022-08-01,10.867500305175781,10.867500305175781
2022-08-02,10.795000076293945,10.795000076293945
2022-08-03,10.875,10.875
2022-08-04,10.962499618530273,10.962499618530273
2022-08-05,10.789999961853027,10.789999961853027
2022-08-08,11.017499923706055,11.017499923706055
2022-08-09,10.699999809265137,10.699999809265137
2022-08-10,10.987500190734863,10.987500190734863
2022-08-11,11.010000228881836,11.010000228881836
2022-08-12,11.045000076293945,11.045000076293945
2022-08-15,11.180000305175781,11.180000305175781
2022-08-16,11.354999542236328,11.354999542236328
2022-08-17,11.210000038146973,11.210000038146973
2022-08-18,11.255000114440918,11.255000114440918
2022-08-19,11.007499694824219,11.007499694824219
2022-08-22,10.725000381469727,10.725000381469727
2022-08-23,10.72249984741211,10.72249984741211
2022-08-24,10.852499961853027,10.852499961853027
2022-08-25,10.817500114440918,10.817500114440918
2022-08-26,10.649999618530273,10.649999618530273
2022-08-30,10.322500228881836,10.322500228881836
2022-08-31,10.242500305175781,10.242500305175781
2022-09-01,10.042499542236328,10.042499542236328
2022-09-02,10.432499885559082,10.432499885559082
2022-09-05,10.22249984741211,10.22249984741211
2022-09-06,10.172499656677246,10.172499656677246
2022-09-07,10.327500343322754,10.327500343322754
2022-09-08,10.557499885559082,10.557499885559082
2022-09-09,10.742500305175781,10.742500305175781
2022-09-12,10.942500114440918,10.942500114440918
2022-09-13,10.477499961853027,10.477499961853027
2022-09-14,10.487500190734863,10.487500190734863
2022-09-15,10.4975004196167,10.4975004196167
2022-09-16,10.25,10.25
2022-09-20,10.392499923706055,10.392499923706055
2022-09-21,10.324999809265137,10.324999809265137
2022-09-22,9.851249694824219,9.851249694824219
2022-09-23,9.641249656677246,9.641249656677246
2022-09-26,9.65625,9.65625
2022-09-27,9.678750038146973,9.678750038146973
2022-09-28,9.789999961853027,9.789999961853027
2022-09-29,9.59375,9.59375
2022-09-30,9.6274995803833,9.6274995803833
2022-10-03,9.422499656677246,9.422499656677246
2022-10-04,9.842499732971191,9.842499732971191
2022-10-05,9.557499885559082,9.557499885559082
2022-10-06,9.706250190734863,9.706250190734863
2022-10-07,9.369999885559082,9.369999885559082
2022-10-10,9.239999771118164,9.239999771118164
2022-10-11,9.2524995803833,9.2524995803833
2022-10-12,9.1875,9.1875
2022-10-13,9.164999961853027,9.164999961853027
2022-10-14,9.131250381469727,9.131250381469727
2022-10-17,9.267499923706055,9.267499923706055
2022-10-18,9.3725004196167,9.3725004196167
2022-10-19,9.350000381469727,9.350000381469727
2022-10-20,9.332500457763672,9.332500457763672
2022-10-21,9.229999542236328,9.229999542236328
2022-10-24,9.358750343322754,9.358750343322754
2022-10-25,9.68375015258789,9.68375015258789
2022-10-26,9.770000457763672,9.770000457763672
2022-10-27,9.585000038146973,9.585000038146973
2022-10-28,9.313750267028809,9.313750267028809
2022-10-31,9.436249732971191,9.436249732971191
2022-11-01,9.305000305175781,9.305000305175781
2022-11-02,9.164999961853027,9.164999961853027
2022-11-03,8.923749923706055,8.923749923706055
2022-11-04,8.90999984741211,8.90999984741211
2022-11-07,8.864999771118164,8.864999771118164
2022-11-08,8.951250076293945,8.951250076293945
2022-11-09,8.760000228881836,8.760000228881836
2022-11-10,9.232500076293945,9.232500076293945
2022-11-11,9.358750343322754,9.358750343322754
2022-11-14,9.34375,9.34375
2022-11-15,9.545000076293945,9.545000076293945
2022-11-16,9.356249809265137,9.356249809265137
2022-11-17,9.145000457763672,9.145000457763672
2022-11-18,9.173749923706055,9.173749923706055
2022-11-21,9.05875015258789,9.05875015258789
2022-11-22,9.1274995803833,9.1274995803833
2022-11-23,9.305000305175781,9.305000305175781
2022-11-24,9.352499961853027,9.352499961853027
2022-11-25,9.306249618530273,9.306249618530273
2022-11-28,9.324999809265137,9.324999809265137
2022-11-29,9.192500114440918,9.192500114440918
2022-11-30,9.202500343322754,9.202500343322754
2022-12-01,9.520000457763672,9.520000457763672
2022-12-02,9.462499618530273,9.462499618530273
2022-12-05,9.3149995803833,9.3149995803833
2022-12-06,9.111249923706055,9.111249923706055
2022-12-07,9.038749694824219,9.038749694824219
2022-12-08,9.086250305175781,9.086250305175781
2022-12-09,9.151249885559082,9.151249885559082
2022-12-12,9.063750267028809,9.063750267028809
2022-12-13,9.202500343322754,9.202500343322754
2022-12-14,9.180000305175781,9.180000305175781
2022-12-15,8.87125015258789,8.87125015258789
2022-12-16,8.751250267028809,8.751250267028809
2022-12-19,8.647500038146973,8.647500038146973
2022-12-20,8.515000343322754,8.515000343322754
2022-12-21,8.65999984741211,8.65999984741211
2022-12-22,8.422499656677246,8.422499656677246
2022-12-23,8.458749771118164,8.458749771118164
2022-12-28,8.306249618530273,8.306249618530273
2022-12-29,8.481249809265137,8.481249809265137
2022-12-30,8.438750267028809,8.438750267028809
2023-01-03,8.387499809265137,8.387499809265137
2023-01-04,8.521249771118164,8.521249771118164
2023-01-05,8.454999923706055,8.454999923706055
2023-01-06,8.550000190734863,8.550000190734863
2023-01-09,8.8412504196167,8.8412504196167
2023-01-10,8.728750228881836,8.728750228881836
2023-01-11,8.987500190734863,8.987500190734863
2023-01-12,9.008749961853027,9.008749961853027
2023-01-13,9.045000076293945,9.045000076293945
2023-01-16,9.157500267028809,9.157500267028809
2023-01-17,9.1537504196167,9.1537504196167
2023-01-18,9.151249885559082,9.151249885559082
2023-01-19,8.87125015258789,8.87125015258789
2023-01-20,9.013750076293945,9.013750076293945
2023-01-23,9.220000267028809,9.220000267028809
2023-01-24,9.2787504196167,9.2787504196167
2023-01-25,9.157500267028809,9.157500267028809
2023-01-26,9.392499923706055,9.392499923706055
2023-01-27,9.617500305175781,9.617500305175781
2023-01-30,9.616250038146973,9.616250038146973
2023-01-31,9.688750267028809,9.688750267028809
2023-02-01,9.670000076293945,9.670000076293945
2023-02-02,10.2524995803833,10.2524995803833
2023-02-03,10.114999771118164,10.114999771118164
2023-02-06,9.90625,9.90625
2023-02-07,9.766249656677246,9.766249656677246
2023-02-08,9.786250114440918,9.786250114440918
2023-02-09,9.928750038146973,9.928750038146973
2023-02-10,9.699999809265137,9.699999809265137
2023-02-13,9.78499984741211,9.78499984741211
2023-02-14,9.787500381469727,9.787500381469727
2023-02-15,10.007499694824219,10.007499694824219
2023-02-16,10.029999732971191,10.029999732971191
2023-02-17,9.707500457763672,9.707500457763672
2023-02-20,9.8100004196167,9.8100004196167
2023-02-21,9.601249694824219,9.601249694824219
2023-02-22,9.563750267028809,9.563750267028809
2023-02-23,9.467499732971191,9.467499732971191
2023-02-24,9.388750076293945,9.388750076293945
2023-02-27,9.529999732971191,9.529999732971191
2023-02-28,9.53499984741211,9.53499984741211
2023-03-01,9.380000114440918,9.380000114440918
2023-03-02,9.273750305175781,9.273750305175781
2023-03-03,9.521249771118164,9.521249771118164
2023-03-06,9.607500076293945,9.607500076293945
2023-03-07,9.444999694824219,9.444999694824219
2023-03-08,9.326250076293945,9.326250076293945
2023-03-09,9.390000343322754,9.390000343322754
2023-03-10,9.237500190734863,9.237500190734863
2023-03-13,9.095000267028809,9.095000267028809
2023-03-14,9.237500190734863,9.237500190734863
2023-03-15,9.102499961853027,9.102499961853027
2023-03-16,9.361249923706055,9.361249923706055
2023-03-17,9.233750343322754,9.233750343322754
2023-03-20,9.227499961853027,9.227499961853027
2023-03-21,9.489999771118164,9.489999771118164
2023-03-22,9.5,9.5
2023-03-23,9.462499618530273,9.462499618530273
2023-03-24,9.237500190734863,9.237500190734863
2023-03-27,9.34000015258789,9.34000015258789
2023-03-28,9.321249961853027,9.321249961853027
2023-03-29,9.423749923706055,9.423749923706055
2023-03-30,9.602499961853027,9.602499961853027
2023-03-31,9.727499961853027,9.727499961853027
2023-04-03,9.712499618530273,9.712499618530273
2023-04-04,9.675000190734863,9.675000190734863
2023-04-05,9.542499542236328,9.542499542236328
2023-04-06,9.475000381469727,9.475000381469727
2023-04-11,9.573749542236328,9.573749542236328
2023-04-12,9.5,9.5
2023-04-13,9.563750267028809,9.563750267028809
2023-04-14,9.612500190734863,9.612500190734863
2023-04-17,9.662500381469727,9.662500381469727
2023-04-18,9.733750343322754,9.733750343322754
2023-04-19,9.71500015258789,9.71500015258789
2023-04-20,9.631250381469727,9.631250381469727
2023-04-21,9.6875,9.6875
2023-04-24,9.62874984741211,9.62874984741211
2023-04-25,9.630000114440918,9.630000114440918
2023-04-26,9.56624984741211,9.56624984741211
2023-04-27,9.642499923706055,9.642499923706055
2023-04-28,9.668749809265137,9.668749809265137
2023-05-02,9.537500381469727,9.537500381469727
2023-05-03,9.657500267028809,9.657500267028809
2023-05-04,9.52750015258789,9.52750015258789
2023-05-05,9.657500267028809,9.657500267028809
2023-05-09,9.72249984741211,9.72249984741211
2023-05-10,9.795000076293945,9.795000076293945
2023-05-11,9.8125,9.8125
2023-05-12,9.767499923706055,9.767499923706055
2023-05-15,9.727499961853027,9.727499961853027
2023-05-16,9.782500267028809,9.782500267028809
2023-05-17,9.904999732971191,9.904999732971191
2023-05-18,10.045000076293945,10.045000076293945
2023-05-19,10.005000114440918,10.005000114440918
2023-05-22,9.982500076293945,9.982500076293945
2023-05-23,10.015000343322754,10.015000343322754
2023-05-24,9.817500114440918,9.817500114440918
2023-05-25,9.829999923706055,9.829999923706055
2023-05-26,10.045000076293945,10.045000076293945
2023-05-30,10.109999656677246,10.109999656677246
2023-05-31,9.917499542236328,9.917499542236328
2023-06-01,10.104999542236328,10.104999542236328
2023-06-02,10.404999732971191,10.404999732971191
2023-06-05,10.447500228881836,10.447500228881836
2023-06-06,10.475000381469727,10.475000381469727
2023-06-07,10.529999732971191,10.529999732971191
2023-06-08,10.59000015258789,10.59000015258789
2023-06-09,10.667499542236328,10.667499542236328
2023-06-12,10.734999656677246,10.734999656677246
2023-06-13,10.912500381469727,10.912500381469727
2023-06-14,10.967499732971191,10.967499732971191
2023-06-15,10.957500457763672,10.957500457763672
2023-06-16,11.017499923706055,11.017499923706055
2023-06-19,10.977499961853027,10.977499961853027
2023-06-20,10.979999542236328,10.979999542236328
2023-06-21,10.947500228881836,10.947500228881836
2023-06-22,11.02750015258789,11.02750015258789
2023-06-23,10.987500190734863,10.987500190734863
2023-06-26,10.942500114440918,10.942500114440918
2023-06-27,10.949999809265137,10.949999809265137
2023-06-28,11.149999618530273,11.149999618530273
2023-06-29,11.092499732971191,11.092499732971191
2023-06-30,11.242500305175781,11.242500305175781
2023-07-03,11.399999618530273,11.399999618530273
2023-07-04,11.354999542236328,11.354999542236328
2023-07-05,11.327500343322754,11.327500343322754
2023-07-06,11.140000343322754,11.140000343322754
2023-07-07,11.21500015258789,11.21500015258789
2023-07-10,11.194999694824219,11.194999694824219
2023-07-11,11.270000457763672,11.270000457763672
2023-07-12,11.452500343322754,11.452500343322754
2023-07-13,11.484999656677246,11.484999656677246
2023-07-14,11.614999771118164,11.614999771118164
2023-07-17,11.604999542236328,11.604999542236328
2023-07-18,11.59749984741211,11.59749984741211
2023-07-19,11.742500305175781,11.742500305175781
2023-07-20,11.420000076293945,11.420000076293945
2023-07-21,11.34000015258789,11.34000015258789
2023-07-24,11.350000381469727,11.350000381469727
2023-07-25,11.335000038146973,11.335000038146973
2023-07-26,11.3149995803833,11.3149995803833
2023-07-27,11.475000381469727,11.475000381469727
2023-07-28,11.4399995803833,11.4399995803833
2023-07-31,11.489999771118164,11.489999771118164
2023-08-01,11.444999694824219,11.444999694824219
2023-08-02,11.22249984741211,11.22249984741211
2023-08-03,11.192500114440918,11.192500114440918
2023-08-04,11.614999771118164,11.614999771118164
2023-08-07,11.40250015258789,11.40250015258789
2023-08-08,11.392499923706055,11.392499923706055
2023-08-09,11.335000038146973,11.335000038146973
2023-08-10,11.432499885559082,11.432499885559082
2023-08-11,11.295000076293945,11.295000076293945
2023-08-14,11.34000015258789,11.34000015258789
2023-08-15,11.2524995803833,11.2524995803833
2023-08-16,11.1875,11.1875
2023-08-17,11.02750015258789,11.02750015258789
2023-08-18,10.817500114440918,10.817500114440918
2023-08-21,10.899999618530273,10.899999618530273
2023-08-22,11.022500038146973,11.022500038146973
2023-08-23,11.047499656677246,11.047499656677246
2023-08-24,10.957500457763672,10.957500457763672
2023-08-25,10.897500038146973,10.897500038146973
2023-08-29,11.192500114440918,11.192500114440918
2023-08-30,11.305000305175781,11.305000305175781
2023-08-31,11.390000343322754,11.390000343322754
2023-09-01,11.305000305175781,11.305000305175781
2023-09-04,11.329999923706055,11.329999923706055
2023-09-05,11.282500267028809,11.282500267028809
2023-09-06,11.162500381469727,11.162500381469727
2023-09-07,11.137499809265137,11.137499809265137
2023-09-08,11.324999809265137,11.324999809265137
2023-09-11,11.512499809265137,11.512499809265137
2023-09-12,11.4975004196167,11.4975004196167
2023-09-13,11.574999809265137,11.574999809265137
2023-09-14,11.647500038146973,11.647500038146973
2023-09-15,11.5024995803833,11.5024995803833
2023-09-18,11.3774995803833,11.3774995803833
2023-09-19,11.192500114440918,11.192500114440918
2023-09-20,11.274999618530273,11.274999618530273
2023-09-21,10.912500381469727,10.912500381469727
2023-09-22,10.90999984741211,10.90999984741211
2023-09-25,10.779999732971191,10.779999732971191
2023-09-26,10.654999732971191,10.654999732971191
2023-09-27,10.5649995803833,10.5649995803833
2023-09-28,10.604999542236328,10.604999542236328
2023-09-29,10.75,10.75
2023-10-02,10.8100004196167,10.8100004196167
2023-10-03,10.489999771118164,10.489999771118164
2023-10-04,10.595000267028809,10.595000267028809
2023-10-05,10.539999961853027,10.539999961853027
2023-10-06,10.539999961853027,10.539999961853027
2023-10-09,10.532500267028809,10.532500267028809
2023-10-10,10.875,10.875
2023-10-11,10.854999542236328,10.854999542236328
2023-10-12,10.852499961853027,10.852499961853027
2023-10-13,10.645000457763672,10.645000457763672
2023-10-16,10.755000114440918,10.755000114440918
2023-10-17,10.779999732971191,10.779999732971191
2023-10-18,10.625,10.625
2023-10-19,10.460000038146973,10.460000038146973
2023-10-20,10.147500038146973,10.147500038146973
2023-10-23,10.1875,10.1875
2023-10-24,10.260000228881836,10.260000228881836
2023-10-25,10.135000228881836,10.135000228881836
2023-10-26,9.930000305175781,9.930000305175781
2023-10-27,10.147500038146973,10.147500038146973
2023-10-30,10.09749984741211,10.09749984741211
2023-10-31,10.15250015258789,10.15250015258789
2023-11-01,10.267499923706055,10.267499923706055
2023-11-02,10.572500228881836,10.572500228881836
2023-11-03,10.765000343322754,10.765000343322754
2023-11-06,10.78499984741211,10.78499984741211
2023-11-07,10.864999771118164,10.864999771118164
2023-11-08,10.862500190734863,10.862500190734863
2023-11-09,10.78499984741211,10.78499984741211
2023-11-10,10.71500015258789,10.71500015258789
2023-11-13,10.895000457763672,10.895000457763672
2023-11-14,11.2524995803833,11.2524995803833
2023-11-15,11.282500267028809,11.282500267028809
2023-11-16,11.114999771118164,11.114999771118164
2023-11-17,11.199999809265137,11.199999809265137
2023-11-20,11.244999885559082,11.244999885559082
2023-11-21,11.194999694824219,11.194999694824219
2023-11-22,11.279999732971191,11.279999732971191
2023-11-23,11.287500381469727,11.287500381469727
2023-11-24,11.302499771118164,11.302499771118164
2023-11-27,11.354999542236328,11.354999542236328
2023-11-28,11.380000114440918,11.380000114440918
2023-11-29,11.359999656677246,11.359999656677246
2023-11-30,11.292499542236328,11.292499542236328
2023-12-01,11.397500038146973,11.397500038146973
2023-12-04,11.395000457763672,11.395000457763672
2023-12-05,11.507499694824219,11.507499694824219
2023-12-06,11.515000343322754,11.515000343322754
2023-12-07,11.5600004196167,11.5600004196167
2023-12-08,11.595000267028809,11.595000267028809
2023-12-11,11.595000267028809,11.595000267028809
2023-12-12,11.604999542236328,11.604999542236328
2023-12-13,11.607500076293945,11.607500076293945
2023-12-14,11.944999694824219,11.944999694824219
2023-12-15,11.992500305175781,11.992500305175781
2023-12-18,12.104999542236328,12.104999542236328
2023-12-19,12.1850004196167,12.1850004196167
2023-12-20,12.207500457763672,12.207500457763672
2023-12-21,12.104999542236328,12.104999542236328
2023-12-22,12.09000015258789,12.09000015258789
2023-12-27,12.154999732971191,12.154999732971191
2023-12-28,12.130000114440918,12.130000114440918
2023-12-29,12.119999885559082,12.119999885559082
2024-01-02,11.960000038146973,11.960000038146973
2024-01-03,11.75,11.75
2024-01-04,11.710000038146973,11.710000038146973
2024-01-05,11.635000228881836,11.635000228881836
2024-01-08,11.704999923706055,11.704999923706055
2024-01-09,11.765000343322754,11.765000343322754
2024-01-10,11.867500305175781,11.867500305175781
2024-01-11,11.805000305175781,11.805000305175781
2024-01-12,11.824999809265137,11.824999809265137
2024-01-15,11.78499984741211,11.78499984741211
2024-01-16,11.762499809265137,11.762499809265137
2024-01-17,11.630000114440918,11.630000114440918
2024-01-18,11.6899995803833,11.6899995803833
2024-01-19,11.71500015258789,11.71500015258789
2024-01-22,11.805000305175781,11.805000305175781
2024-01-23,11.729999542236328,11.729999542236328
2024-01-24,11.8149995803833,11.8149995803833
2024-01-25,11.642499923706055,11.642499923706055
2024-01-26,11.704999923706055,11.704999923706055
2024-01-29,11.720000267028809,11.720000267028809
2024-01-30,11.859999656677246,11.859999656677246
2024-01-31,11.725000381469727,11.725000381469727
2024-02-01,11.637499809265137,11.637499809265137
2024-02-02,12.020000457763672,12.020000457763672
2024-02-05,11.852499961853027,11.852499961853027
2024-02-06,11.96500015258789,11.96500015258789
2024-02-07,12.130000114440918,12.130000114440918
2024-02-08,12.164999961853027,12.164999961853027
2024-02-09,12.207500457763672,12.207500457763672
2024-02-12,12.34000015258789,12.34000015258789
2024-02-13,12.069999694824219,12.069999694824219
2024-02-14,12.042499542236328,12.042499542236328
2024-02-15,12.140000343322754,12.140000343322754
2024-02-16,12.239999771118164,12.239999771118164
2024-02-19,12.170000076293945,12.170000076293945
2024-02-20,12.074999809265137,12.074999809265137
2024-02-21,12.164999961853027,12.164999961853027
2024-02-22,12.345000267028809,12.345000267028809
2024-02-23,12.390000343322754,12.390000343322754
2024-02-26,12.444999694824219,12.444999694824219
2024-02-27,12.470000267028809,12.470000267028809
2024-02-28,12.529999732971191,12.529999732971191
2024-02-29,12.505000114440918,12.505000114440918
2024-03-01,12.604999542236328,12.604999542236328
2024-03-04,12.550000190734863,12.550000190734863
2024-03-05,12.335000038146973,12.335000038146973
2024-03-06,12.34749984741211,12.34749984741211
2024-03-07,12.385000228881836,12.385000228881836
2024-03-08,12.369999885559082,12.369999885559082
2024-03-11,12.270000457763672,12.270000457763672
2024-03-12,12.380000114440918,12.380000114440918
2024-03-13,12.414999961853027,12.414999961853027
2024-03-14,12.292499542236328,12.292499542236328
2024-03-15,12.154999732971191,12.154999732971191
2024-03-18,12.260000228881836,12.260000228881836
2024-03-19,12.335000038146973,12.335000038146973
2024-03-20,12.359999656677246,12.359999656677246
2024-03-21,12.645000457763672,12.645000457763672
2024-03-22,12.494999885559082,12.494999885559082
2024-03-25,12.494999885559082,12.494999885559082
2024-03-26,12.5600004196167,12.5600004196167
2024-03-27,12.542499542236328,12.542499542236328
2024-03-28,12.604999542236328,12.604999542236328
2024-04-02,12.319999694824219,12.319999694824219
2024-04-03,12.404999732971191,12.404999732971191
2024-04-04,12.470000267028809,12.470000267028809
2024-04-05,12.302499771118164,12.302499771118164
2024-04-08,12.46500015258789,12.46500015258789
2024-04-09,12.414999961853027,12.414999961853027
2024-04-10,12.329999923706055,12.329999923706055
2024-04-11,12.305000305175781,12.305000305175781
2024-04-12,12.302499771118164,12.302499771118164
2024-04-15,12.220000267028809,12.220000267028809
2024-04-16,12.0,12.0
2024-04-17,11.925000190734863,11.925000190734863
2024-04-18,11.96500015258789,11.96500015258789
2024-04-19,11.779999732971191,11.779999732971191
2024-04-22,11.664999961853027,11.664999961853027
2024-04-23,11.887499809265137,11.887499809265137
2024-04-24,11.994999885559082,11.994999885559082
2024-04-25,11.859999656677246,11.859999656677246
2024-04-26,12.1225004196167,12.1225004196167
2024-04-29,12.3100004196167,12.3100004196167
2024-04-30,12.204999923706055,12.204999923706055
2024-05-01,11.994999885559082,11.994999885559082
2024-05-02,12.119999885559082,12.119999885559082
2024-05-03,12.289999961853027,12.289999961853027
2024-05-07,12.385000228881836,12.385000228881836
2024-05-08,12.289999961853027,12.289999961853027
2024-05-09,12.3774995803833,12.3774995803833
2024-05-10,12.295000076293945,12.295000076293945
2024-05-13,12.289999961853027,12.289999961853027
2024-05-14,12.300000190734863,12.300000190734863
2024-05-15,12.345000267028809,12.345000267028809
2024-05-16,12.335000038146973,12.335000038146973
2024-05-17,12.295000076293945,12.295000076293945
2024-05-20,12.282500267028809,12.282500267028809
2024-05-21,12.135000228881836,12.135000228881836
2024-05-22,12.255000114440918,12.255000114440918
2024-05-23,12.114999771118164,12.114999771118164
2024-05-24,12.130000114440918,12.130000114440918
2024-05-28,12.072500228881836,12.072500228881836
2024-05-29,12.024999618530273,12.024999618530273
2024-05-30,12.045000076293945,12.045000076293945
2024-05-31,11.9350004196167,11.9350004196167
2024-06-03,12.077500343322754,12.077500343322754
2024-06-04,12.077500343322754,12.077500343322754
2024-06-05,12.157500267028809,12.157500267028809
2024-06-06,12.25,12.25
2024-06-07,12.295000076293945,12.295000076293945
2024-06-10,12.270000457763672,12.270000457763672
2024-06-11,12.210000038146973,12.210000038146973
2024-06-12,12.430000305175781,12.430000305175781
2024-06-13,12.357500076293945,12.357500076293945
2024-06-14,12.220000267028809,12.220000267028809
2024-06-17,12.362500190734863,12.362500190734863
2024-06-18,12.375,12.375
2024-06-19,12.387499809265137,12.387499809265137
2024-06-20,12.444999694824219,12.444999694824219
2024-06-21,12.510000228881836,12.510000228881836
2024-06-24,12.595000267028809,12.595000267028809
2024-06-25,12.5,12.5
2024-06-26,12.574999809265137,12.574999809265137
2024-06-27,12.704999923706055,12.704999923706055
2024-06-28,12.734999656677246,12.734999656677246
2024-07-01,12.670000076293945,12.670000076293945
2024-07-02,12.8725004196167,12.8725004196167
2024-07-03,12.949999809265137,12.949999809265137
2024-07-04,13.010000228881836,13.010000228881836
2024-07-05,13.055000305175781,13.055000305175781
2024-07-08,13.145000457763672,13.145000457763672
2024-07-09,13.149999618530273,13.149999618530273
2024-07-10,13.135000228881836,13.135000228881836
2024-07-11,13.1899995803833,13.1899995803833
2024-07-12,13.220000267028809,13.220000267028809
2024-07-15,13.279999732971191,13.279999732971191
2024-07-16,13.287500381469727,13.287500381469727
2024-07-17,13.154999732971191,13.154999732971191
2024-07-18,13.039999961853027,13.039999961853027
2024-07-19,12.842499732971191,12.842499732971191
2024-07-22,12.9350004196167,12.9350004196167
2024-07-23,13.0649995803833,13.0649995803833
2024-07-24,12.585000038146973,12.585000038146973
2024-07-25,12.510000228881836,12.510000228881836
2024-07-26,12.484999656677246,12.484999656677246
2024-07-29,12.6899995803833,12.6899995803833
2024-07-30,12.675000190734863,12.675000190734863
2024-07-31,12.885000228881836,12.885000228881836
2024-08-01,12.680000305175781,12.680000305175781
2024-08-02,11.949999809265137,11.949999809265137
2024-08-05,11.71500015258789,11.71500015258789
2024-08-06,11.795000076293945,11.795000076293945
2024-08-07,11.899999618530273,11.899999618530273
2024-08-08,11.852499961853027,11.852499961853027
2024-08-09,11.920000076293945,11.920000076293945
2024-08-12,11.864999771118164,11.864999771118164
2024-08-13,12.029999732971191,12.029999732971191
2024-08-14,12.130000114440918,12.130000114440918
2024-08-15,12.460000038146973,12.460000038146973
2024-08-16,12.529999732971191,12.529999732971191
2024-08-19,12.617500305175781,12.617500305175781
2024-08-20,12.65999984741211,12.65999984741211
2024-08-21,12.789999961853027,12.789999961853027
2024-08-22,12.732500076293945,12.732500076293945
2024-08-23,12.805000305175781,12.805000305175781
2024-08-27,12.640000343322754,12.640000343322754
2024-08-28,12.547499656677246,12.547499656677246
2024-08-29,12.6899995803833,12.6899995803833
2024-08-30,12.635000228881836,12.635000228881836
2024-09-02,12.739999771118164,12.739999771118164
2024-09-03,12.720000267028809,12.720000267028809
2024-09-04,12.645000457763672,12.645000457763672
2024-09-05,12.729999542236328,12.729999542236328
2024-09-06,12.53499984741211,12.53499984741211
2024-09-09,12.595000267028809,12.595000267028809
2024-09-10,12.744999885559082,12.744999885559082
2024-09-11,12.604999542236328,12.604999542236328
2024-09-12,12.994999885559082,12.994999885559082
2024-09-13,13.194999694824219,13.194999694824219
2024-09-16,13.142499923706055,13.142499923706055
2024-09-17,13.305000305175781,13.305000305175781
2024-09-18,13.199999809265137,13.199999809265137
2024-09-19,13.454999923706055,13.454999923706055
2024-09-20,13.404999732971191,13.404999732971191
2024-09-23,13.555000305175781,13.555000305175781
2024-09-24,13.699999809265137,13.699999809265137
2024-09-25,13.707500457763672,13.707500457763672
2024-09-26,13.694999694824219,13.694999694824219
2024-09-27,13.75,13.75
2024-09-30,13.640000343322754,13.640000343322754
2024-10-01,13.522500038146973,13.522500038146973
2024-10-02,13.555000305175781,13.555000305175781
2024-10-03,13.392499923706055,13.392499923706055
2024-10-04,13.425000190734863,13.425000190734863
2024-10-07,13.390000343322754,13.390000343322754
2024-10-08,13.420000076293945,13.420000076293945
2024-10-09,13.5649995803833,13.5649995803833
2024-10-10,13.53499984741211,13.53499984741211
2024-10-11,13.452500343322754,13.452500343322754
2024-10-14,13.447500228881836,13.447500228881836
2024-10-15,13.53499984741211,13.53499984741211
2024-10-16,13.484999656677246,13.484999656677246
2024-10-17,13.545000076293945,13.545000076293945
2024-10-18,13.609999656677246,13.609999656677246
2024-10-21,13.46500015258789,13.46500015258789
2024-10-22,13.4399995803833,13.4399995803833
2024-10-23,13.295000076293945,13.295000076293945
2024-10-24,13.635000228881836,13.635000228881836
2024-10-25,13.819999694824219,13.819999694824219
2024-10-28,13.852499961853027,13.852499961853027
2024-10-29,13.680000305175781,13.680000305175781
2024-10-30,13.827500343322754,13.827500343322754
2024-10-31,13.524999618530273,13.524999618530273
2024-11-01,13.824999809265137,13.824999809265137
2024-11-04,13.734999656677246,13.734999656677246
2024-11-05,13.875,13.875
2024-11-06,14.324999809265137,14.324999809265137
2024-11-07,14.675000190734863,14.675000190734863
2024-11-08,14.864999771118164,14.864999771118164
2024-11-11,15.1875,15.1875
2024-11-12,14.984999656677246,14.984999656677246
2024-11-13,15.079999923706055,15.079999923706055
2024-11-14,15.024999618530273,15.024999618530273
2024-11-15,14.744999885559082,14.744999885559082
2024-11-18,14.890000343322754,14.890000343322754
2024-11-19,14.864999771118164,14.864999771118164
2024-11-20,14.65999984741211,14.65999984741211
2024-11-21,14.760000228881836,14.760000228881836
2024-11-22,14.9399995803833,14.9399995803833
2024-11-25,15.194999694824219,15.194999694824219
2024-11-26,15.194999694824219,15.194999694824219
2024-11-27,15.135000228881836,15.135000228881836
2024-11-28,15.194999694824219,15.194999694824219
2024-11-29,15.204999923706055,15.204999923706055
2024-12-02,15.4350004196167,15.4350004196167
2024-12-03,15.414999961853027,15.414999961853027
2024-12-04,15.574999809265137,15.574999809265137
2024-12-05,15.789999961853027,15.789999961853027
2024-12-06,16.02750015258789,16.02750015258789
2024-12-09,16.125,16.125
2024-12-10,16.225000381469727,16.225000381469727
2024-12-11,16.389999389648438,16.389999389648438
2024-12-12,16.424999237060547,16.424999237060547
2024-12-13,16.31999969482422,16.31999969482422
2024-12-16,16.614999771118164,16.614999771118164
2024-12-17,16.690000534057617,16.690000534057617
2024-12-18,16.739999771118164,16.739999771118164
2024-12-19,16.030000686645508,16.030000686645508
2024-12-20,16.1299991607666,16.1299991607666
2024-12-23,15.970000267028809,15.970000267028809
2024-12-24,16.040000915527344,16.040000915527344
2024-12-27,16.049999237060547,16.049999237060547
2024-12-30,15.795000076293945,15.795000076293945
2024-12-31,15.854999542236328,15.854999542236328
2025-01-02,15.609999656677246,15.609999656677246
2025-01-03,15.65250015258789,15.65250015258789
2025-01-06,15.96500015258789,15.96500015258789
2025-01-07,15.640000343322754,15.640000343322754
2025-01-08,15.550000190734863,15.550000190734863
2025-01-09,15.550000190734863,15.550000190734863
2025-01-10,15.390000343322754,15.390000343322754
2025-01-13,15.345000267028809,15.345000267028809
2025-01-14,15.5649995803833,15.5649995803833
2025-01-15,15.755000114440918,15.755000114440918
2025-01-16,15.84000015258789,15.84000015258789
2025-01-17,16.107500076293945,16.107500076293945
2025-01-20,16.1299991607666,16.1299991607666
2025-01-21,16.1299991607666,16.1299991607666
2025-01-22,16.235000610351562,16.235000610351562
2025-01-23,16.174999237060547,16.174999237060547
2025-01-24,16.219999313354492,16.219999313354492
2025-01-27,16.122499465942383,16.122499465942383
2025-01-28,16.235000610351562,16.235000610351562
2025-01-29,16.24250030517578,16.24250030517578
2025-01-30,16.295000076293945,16.295000076293945
2025-01-31,16.469999313354492,16.469999313354492
2025-02-03,16.09000015258789,16.09000015258789
2025-02-04,16.2549991607666,16.2549991607666
2025-02-05,16.100000381469727,16.100000381469727
2025-02-06,16.1200008392334,16.1200008392334
2025-02-07,15.864999771118164,15.864999771118164
2025-02-10,15.880000114440918,15.880000114440918
2025-02-11,15.694999694824219,15.694999694824219
2025-02-12,15.600000381469727,15.600000381469727
2025-02-13,15.770000457763672,15.770000457763672
2025-02-14,15.817500114440918,15.817500114440918
2025-02-17,15.8100004196167,15.8100004196167
2025-02-18,15.71500015258789,15.71500015258789
2025-02-19,15.675000190734863,15.675000190734863
2025-02-20,15.529999732971191,15.529999732971191
2025-02-21,15.422499656677246,15.422499656677246
2025-02-24,15.149999618530273,15.149999618530273
2025-02-25,14.774999618530273,14.774999618530273
2025-02-26,15.145000457763672,15.145000457763672
2025-02-27,14.9399995803833,14.9399995803833
2025-02-28,14.765000343322754,14.765000343322754
2025-03-03,14.90250015258789,14.90250015258789
2025-03-04,14.239999771118164,14.239999771118164
2025-03-05,14.364999771118164,14.364999771118164
2025-03-06,14.4350004196167,14.4350004196167
2025-03-07,13.890000343322754,13.890000343322754
2025-03-10,13.805000305175781,13.805000305175781
2025-03-11,13.587499618530273,13.587499618530273
2025-03-12,13.755000114440918,13.755000114440918
2025-03-13,13.345000267028809,13.345000267028809
2025-03-14,13.545000076293945,13.545000076293945
2025-03-17,13.53499984741211,13.53499984741211
2025-03-18,13.364999771118164,13.364999771118164
2025-03-19,13.515000343322754,13.515000343322754
2025-03-20,13.595000267028809,13.595000267028809
2025-03-21,13.579999923706055,13.579999923706055
2025-03-24,14.119999885559082,14.119999885559082
2025-03-25,14.225000381469727,14.225000381469727
2025-03-26,14.175000190734863,14.175000190734863
2025-03-27,14.234999656677246,14.234999656677246
2025-03-28,13.699999809265137,13.699999809265137
2025-03-31,13.454999923706055,13.454999923706055
2025-04-01,13.84000015258789,13.84000015258789
2025-04-02,13.927499771118164,13.927499771118164
2025-04-03,13.295000076293945,13.295000076293945
2025-04-04,12.914999961853027,12.914999961853027
2025-04-07,12.270000457763672,12.270000457763672
2025-04-08,12.779999732971191,12.779999732971191
2025-04-09,12.292499542236328,12.292499542236328
2025-04-10,13.017499923706055,13.017499923706055
2025-04-11,12.829999923706055,12.829999923706055
2025-04-14,13.15999984741211,13.15999984741211
2025-04-15,13.130000114440918,13.130000114440918
2025-04-16,13.029999732971191,13.029999732971191
2025-04-17,12.779999732971191,12.779999732971191
2025-04-22,12.837499618530273,12.837499618530273
2025-04-23,13.28499984741211,13.28499984741211
2025-04-24,13.324999809265137,13.324999809265137
2025-04-25,13.635000228881836,13.635000228881836
2025-04-28,13.579999923706055,13.579999923706055
2025-04-29,13.619999885559082,13.619999885559082
2025-04-30,13.494999885559082,13.494999885559082
2025-05-01,13.875,13.875
2025-05-02,13.842499732971191,13.842499732971191
2025-05-06,13.725000381469727,13.725000381469727
2025-05-07,13.739999771118164,13.739999771118164
2025-05-08,14.010000228881836,14.010000228881836
2025-05-09,14.050000190734863,14.050000190734863
2025-05-12,14.734999656677246,14.734999656677246
2025-05-13,14.989999771118164,14.989999771118164
2025-05-14,15.114999771118164,15.114999771118164
2025-05-15,14.9350004196167,14.9350004196167
2025-05-16,15.104999542236328,15.104999542236328
2025-05-19,15.045000076293945,15.045000076293945
2025-05-20,15.082500457763672,15.082500457763672
2025-05-21,14.942500114440918,14.942500114440918
2025-05-22,14.8149995803833,14.8149995803833
2025-05-23,14.649999618530273,14.649999618530273
2025-05-27,15.03499984741211,15.03499984741211
2025-05-28,15.085000038146973,15.085000038146973
2025-05-29,15.087499618530273,15.087499618530273
2025-05-30,15.02750015258789,15.02750015258789
2025-06-02,14.77750015258789,14.77750015258789
2025-06-03,15.050000190734863,15.050000190734863
2025-06-04,14.954999923706055,14.954999923706055
2025-06-05,15.0024995803833,15.0024995803833
2025-06-06,14.760000228881836,14.760000228881836
2025-06-09,14.770000457763672,14.770000457763672
2025-06-10,14.96500015258789,14.96500015258789
2025-06-11,15.140000343322754,15.140000343322754
2025-06-12,14.942500114440918,14.942500114440918
2025-06-13,14.854999542236328,14.854999542236328
2025-06-16,14.949999809265137,14.949999809265137
2025-06-17,14.850000381469727,14.850000381469727
2025-06-18,14.854999542236328,14.854999542236328
2025-06-19,14.539999961853027,14.539999961853027
2025-06-20,14.670000076293945,14.670000076293945
2025-06-23,14.9350004196167,14.9350004196167
2025-06-24,15.085000038146973,15.085000038146973
2025-06-25,14.930000305175781,14.930000305175781
2025-06-26,15.020000457763672,15.020000457763672
2025-06-27,15.212499618530273,15.212499618530273
2025-06-30,15.229999542236328,15.229999542236328
2025-07-01,15.234999656677246,15.234999656677246
2025-07-02,15.34000015258789,15.34000015258789
2025-07-03,15.4350004196167,15.4350004196167
2025-07-04,15.335000038146973,15.335000038146973
2025-07-07,15.244999885559082,15.244999885559082
2025-07-08,15.207500457763672,15.207500457763672
2025-07-09,15.225000381469727,15.225000381469727
2025-07-10,15.395000457763672,15.395000457763672
2025-07-11,15.385000228881836,15.385000228881836
2025-07-14,15.470000267028809,15.470000267028809
2025-07-15,15.40999984741211,15.40999984741211
2025-07-16,15.239999771118164,15.239999771118164
2025-07-17,15.3774995803833,15.3774995803833
2025-07-18,15.489999771118164,15.489999771118164
2025-07-21,15.619999885559082,15.619999885559082
2025-07-22,15.640000343322754,15.640000343322754
2025-07-23,15.774999618530273,15.774999618530273
2025-07-24,15.614999771118164,15.614999771118164
2025-07-25,15.710000038146973,15.710000038146973
2025-07-28,15.869999885559082,15.869999885559082
2025-07-29,15.6899995803833,15.6899995803833
2025-07-30,15.65250015258789,15.65250015258789
2025-07-31,15.602499961853027,15.602499961853027
2025-08-01,15.055000305175781,15.055000305175781
2025-08-04,15.125,15.125
2025-08-05,15.204999923706055,15.204999923706055
2025-08-06,15.460000038146973,15.460000038146973
2025-08-07,15.545000076293945,15.545000076293945
2025-08-08,15.654999732971191,15.654999732971191
2025-08-11,15.6850004196167,15.6850004196167
2025-08-12,15.75,15.75
2025-08-13,15.949999809265137,15.949999809265137
2025-08-14,15.960000038146973,15.960000038146973
2025-08-15,16.010000228881836,16.010000228881836
2025-08-18,16.010000228881836,16.010000228881836
2025-08-19,16.094999313354492,16.094999313354492
2025-08-20,15.84000015258789,15.84000015258789
2025-08-21,15.755000114440918,15.755000114440918
2025-08-22,16.174999237060547,16.174999237060547
2025-08-26,16.174999237060547,16.174999237060547
2025-08-27,16.31999969482422,16.31999969482422
2025-08-28,16.274999618530273,16.274999618530273
2025-08-29,16.15999984741211,16.15999984741211
2025-09-01,16.1825008392334,16.1825008392334
2025-09-02,15.899999618530273,15.899999618530273
2025-09-03,16.110000610351562,16.110000610351562
2025-09-04,16.295000076293945,16.295000076293945
2025-09-05,16.40999984741211,16.40999984741211
2025-09-08,16.520000457763672,16.520000457763672
2025-09-09,16.43000030517578,16.43000030517578
2025-09-10,16.30500030517578,16.30500030517578
2025-09-11,16.510000228881836,16.510000228881836
2025-09-12,16.6200008392334,16.6200008392334
2025-09-15,16.934999465942383,16.934999465942383
2025-09-16,16.93000030517578,16.93000030517578
2025-09-17,16.864999771118164,16.864999771118164
2025-09-18,16.94499969482422,16.94499969482422
2025-09-19,16.8799991607666,16.8799991607666
2025-09-22,16.93000030517578,16.93000030517578
2025-09-23,16.719999313354492,16.719999313354492
2025-09-24,16.739999771118164,16.739999771118164
2025-09-25,16.545000076293945,16.545000076293945
2025-09-26,16.6200008392334,16.6200008392334
2025-09-29,16.729999542236328,16.729999542236328
2025-09-30,16.639999389648438,16.639999389648438
2025-10-01,16.764999389648438,16.764999389648438
2025-10-02,16.7549991607666,16.7549991607666
2025-10-03,16.65999984741211,16.65999984741211
2025-10-06,16.670000076293945,16.670000076293945
2025-10-07,16.56999969482422,16.56999969482422
2025-10-08,16.524999618530273,16.524999618530273
2025-10-09,16.399999618530273,16.399999618530273
2025-10-10,16.204999923706055,16.204999923706055
2025-10-13,16.292499542236328,16.292499542236328
2025-10-14,16.290000915527344,16.290000915527344
2025-10-15,16.424999237060547,16.424999237060547
2025-10-16,16.385000228881836,16.385000228881836
2025-10-17,16.235000610351562,16.235000610351562
2025-10-20,16.44499969482422,16.44499969482422
2025-10-21,16.7450008392334,16.7450008392334
2025-10-22,16.600000381469727,16.600000381469727
2025-10-23,16.520000457763672,16.520000457763672
2025-10-24,16.647300720214844,16.647300720214844
2025-10-27,16.915000915527344,16.915000915527344
2025-10-28,17.0,17.0
2025-10-29,16.899999618530273,16.899999618530273
2025-10-30,16.584999084472656,16.584999084472656
2025-10-31,16.9950008392334,16.9950008392334
2025-11-03,17.209999084472656,17.209999084472656
2025-11-04,17.024999618530273,17.024999618530273
2025-11-05,16.94499969482422,16.94499969482422
2025-11-06,16.670000076293945,16.670000076293945
2025-11-07,16.565000534057617,16.565000534057617
2025-11-10,16.850000381469727,16.850000381469727
2025-11-11,16.90999984741211,16.90999984741211
2025-11-12,16.844999313354492,16.844999313354492
2025-11-13,16.594999313354492,16.594999313354492
2025-11-14,16.440000534057617,16.440000534057617
2025-11-17,16.354999542236328,16.354999542236328
2025-11-18,15.944999694824219,15.944999694824219
2025-11-19,15.824999809265137,15.824999809265137
2025-11-20,15.960000038146973,15.960000038146973
2025-11-21,15.729999542236328,15.729999542236328
2025-11-24,16.079999923706055,16.079999923706055
2025-11-25,16.290000915527344,16.290000915527344
2025-11-26,16.520000457763672,16.520000457763672
2025-11-27,16.485000610351562,16.485000610351562
2025-11-28,16.6299991607666,16.6299991607666
2025-12-01,16.674999237060547,16.674999237060547
2025-12-02,16.565000534057617,16.565000534057617
2025-12-03,16.729999542236328,16.729999542236328
2025-12-04,16.645000457763672,16.645000457763672
2025-12-05,16.764999389648438,16.764999389648438
2025-12-08,16.559999465942383,16.559999465942383
2025-12-09,16.579999923706055,16.579999923706055
2025-12-10,16.65999984741211,16.65999984741211
2025-12-11,16.790000915527344,16.790000915527344
2025-12-12,16.790000915527344,16.790000915527344
2025-12-15,16.954999923706055,16.954999923706055
2025-12-16,16.950000762939453,16.950000762939453
2025-12-17,16.950000762939453,16.950000762939453
2025-12-18,17.200000762939453,17.200000762939453
2025-12-19,17.040000915527344,17.040000915527344
2025-12-22,17.1200008392334,17.1200008392334
2025-12-23,17.065000534057617,17.065000534057617
2025-12-24,17.1299991607666,17.1299991607666
2025-12-29,16.96500015258789,16.96500015258789
2025-12-30,16.934999465942383,16.934999465942383
2025-12-31,16.905000686645508,16.905000686645508
2026-01-02,16.625,16.625
2026-01-05,16.899999618530273,16.899999618530273
2026-01-06,16.915000915527344,16.915000915527344
2026-01-07,17.145000457763672,17.145000457763672
2026-01-08,17.274999618530273,17.274999618530273
2026-01-09,17.424999237060547,17.424999237060547
2026-01-12,17.565000534057617,17.565000534057617
2026-01-13,17.475000381469727,17.475000381469727
2026-01-14,17.21500015258789,17.21500015258789
2026-01-15,17.28499984741211,17.28499984741211
2026-01-16,17.21500015258789,17.21500015258789
2026-01-19,16.989999771118164,16.989999771118164
2026-01-20,16.90999984741211,16.90999984741211
2026-01-21,16.93000030517578,16.93000030517578
2026-01-22,17.200000762939453,17.200000762939453
2026-01-23,17.290000915527344,17.290000915527344
2026-01-26,17.274999618530273,17.274999618530273
2026-01-27,17.28499984741211,17.28499984741211
2026-01-28,17.235000610351562,17.235000610351562
2026-01-29,17.045000076293945,17.045000076293945
2026-01-30,17.084999084472656,17.084999084472656
2026-02-02,17.174999237060547,17.174999237060547
2026-02-03,17.104999542236328,17.104999542236328
2026-02-04,17.040000915527344,17.040000915527344
2026-02-05,16.559999465942383,16.559999465942383
2026-02-06,16.315000534057617,16.315000534057617
2026-02-09,16.405000686645508,16.405000686645508
2026-02-10,16.559999465942383,16.559999465942383
2026-02-11,16.344999313354492,16.344999313354492
2026-02-12,16.219999313354492,16.219999313354492
2026-02-13,16.207500457763672,16.207500457763672
2026-02-16,16.155000686645508,16.155000686645508
2026-02-17,16.084999084472656,16.084999084472656
2026-02-18,16.354999542236328,16.354999542236328
2026-02-19,16.21500015258789,16.21500015258789
2026-02-20,16.25749969482422,16.25749969482422
2026-02-23,15.925000190734863,15.925000190734863
2026-02-24,16.25,16.25
2026-02-25,16.280000686645508,16.280000686645508
2026-02-26,16.309999465942383,16.309999465942383
2026-02-27,16.247499465942383,16.247499465942383
2026-03-02,16.03499984741211,16.03499984741211
2026-03-03,15.800000190734863,15.800000190734863
2026-03-04,16.280000686645508,16.280000686645508
2026-03-05,16.264999389648438,16.264999389648438
2026-03-06,16.024999618530273,16.024999618530273
2026-03-09,15.765000343322754,15.765000343322754
2026-03-10,16.110000610351562,16.110000610351562
2026-03-11,15.9375,15.9375
2026-03-12,15.734999656677246,15.734999656677246
2026-03-13,15.569999694824219,15.569999694824219
2026-03-16,15.675000190734863,15.675000190734863
2026-03-17,15.859999656677246,15.859999656677246
2026-03-18,15.670000076293945,15.670000076293945
2026-03-19,15.3100004196167,15.3100004196167
2026-03-20,15.21500015258789,15.21500015258789
2026-03-23,15.5,15.5
2026-03-24,15.430000305175781,15.430000305175781
2026-03-25,15.595000267028809,15.595000267028809
2026-03-26,15.414999961853027,15.414999961853027
2026-03-27,14.954999923706055,14.954999923706055
2026-03-30,15.024999618530273,15.024999618530273
2026-03-31,15.130000114440918,15.130000114440918
2026-04-01,15.515000343322754,15.515000343322754
2026-04-02,15.279999732971191,15.279999732971191
2026-04-07,15.0649995803833,15.0649995803833
2026-04-08,15.649999618530273,15.649999618530273
2026-04-09,15.835000038146973,15.835000038146973
2026-04-10,16.03499984741211,16.03499984741211
2026-04-13,16.020000457763672,16.020000457763672
2026-04-14,16.540000915527344,16.540000915527344
2026-04-15,16.725000381469727,16.725000381469727
2026-04-16,16.709999084472656,16.709999084472656
2026-04-17,17.239999771118164,17.239999771118164
2026-04-20,16.899999618530273,16.899999618530273
2026-04-21,17.014999389648438,17.014999389648438
2026-04-22,16.90999984741211,16.90999984741211
2026-04-23,16.850000381469727,16.850000381469727
2026-04-24,16.8700008392334,16.8700008392334
2026-04-27,16.739999771118164,16.739999771118164
2026-04-28,16.670000076293945,16.670000076293945
2026-04-29,16.670000076293945,16.670000076293945
2026-04-30,16.684999465942383,16.684999465942383
2026-05-01,17.024999618530273,17.024999618530273
2026-05-05,16.959999084472656,16.959999084472656
2026-05-06,17.045000076293945,17.045000076293945
2026-05-07,17.15999984741211,17.15999984741211
2026-05-08,17.2549991607666,17.2549991607666
2026-05-11,17.09000015258789,17.09000015258789
2026-05-12,16.815000534057617,16.815000534057617
2026-05-13,16.959999084472656,16.959999084472656
2026-05-14,17.030000686645508,17.030000686645508
2026-05-15,16.665000915527344,16.665000915527344
2026-05-18,16.674999237060547,16.674999237060547
2026-05-19,16.334999084472656,16.334999084472656
2026-05-20,16.764999389648438,16.764999389648438
2026-05-21,16.790000915527344,16.790000915527344
2026-05-22,17.065000534057617,17.065000534057617
2026-05-26,16.989999771118164,16.989999771118164
2026-05-27,17.389999389648438,17.389999389648438
2026-05-28,17.309999465942383,17.309999465942383
2026-05-29,17.350000381469727,17.350000381469727
2026-06-01,16.934999465942383,16.934999465942383
2026-06-02,16.860000610351562,16.860000610351562
2026-06-03,16.665000915527344,16.665000915527344
2026-06-04,16.729999542236328,16.729999542236328
2026-06-05,16.6299991607666,16.6299991607666
2026-06-08,16.475000381469727,16.475000381469727
2026-06-09,16.43000030517578,16.43000030517578
2026-06-10,16.31999969482422,16.31999969482422
2026-06-11,16.272499084472656,16.272499084472656
2026-06-12,16.549999237060547,16.549999237060547
2026-06-15,16.934999465942383,16.934999465942383
2026-06-16,16.989999771118164,16.989999771118164
2026-06-17,16.764999389648438,16.764999389648438
2026-06-18,16.65999984741211,16.65999984741211
2026-06-19,16.674999237060547,16.674999237060547
2026-06-22,16.514999389648438,16.514999389648438
2026-06-23,16.229999542236328,16.229999542236328
2026-06-24,16.639999389648438,16.639999389648438
2026-06-25,16.264999389648438,16.264999389648438
2026-06-26,16.40250015258789,16.40250015258789
2026-06-29,16.68000030517578,16.68000030517578
2026-06-30,16.709999084472656,16.709999084472656
2026-07-01,17.017499923706055,17.017499923706055
2026-07-02,16.760000228881836,16.760000228881836
2026-07-03,16.760000228881836,16.760000228881836
2026-07-06,16.774999618530273,16.774999618530273
2026-07-07,16.770000457763672,16.770000457763672
2026-07-08,16.399999618530273,16.399999618530273
2026-07-09,16.549999237060547,16.549999237060547
2026-07-10,16.81999969482422,16.81999969482422
2026-07-13,16.739999771118164,16.739999771118164
2026-07-14,16.594999313354492,16.594999313354492
2026-07-15,16.915000915527344,16.915000915527344
2026-07-16,16.940000534057617,16.940000534057617
2026-07-17,16.645000457763672,16.645000457763672
2026-07-20,16.5049991607666,16.5049991607666
2026-07-21,16.479999542236328,16.479999542236328
2026-07-22,16.357500076293945,16.357500076293945
2026-07-23,15.520000457763672,15.520000457763672
2026-07-24,15.654999732971191,15.654999732971191
2026-07-27,15.760000228881836,15.760000228881836
2026-07-28,15.954999923706055,15.954999923706055
2026-07-29,15.899999618530273,15.899999618530273
2026-07-30,15.954999923706055,15.954999923706055
2026-07-31,16.56999969482422,16.56999969482422
2026-08-03,17.139999389648438,17.139999389648438
2026-08-04,17.017499923706055,17.017499923706055
2026-08-05,17.1200008392334,17.1200008392334
2026-08-06,17.049999237060547,17.049999237060547
2026-08-07,17.325000762939453,17.325000762939453
2026-08-10,17.2450008392334,17.2450008392334
2026-08-11,17.165000915527344,17.165000915527344
2026-08-12,16.920000076293945,16.920000076293945
2026-08-13,16.954999923706055,16.954999923706055
2026-08-14,16.94499969482422,16.94499969482422
2026-08-17,16.78499984741211,16.78499984741211
2026-08-18,16.80500030517578,16.80500030517578
2026-08-19,17.0049991607666,17.0049991607666
2026-08-20,16.774999618530273,16.774999618530273
2026-08-21,16.895000457763672,16.895000457763672
2026-08-24,17.010000228881836,17.010000228881836
2026-08-25,16.90999984741211,16.90999984741211
2026-08-26,16.770000457763672,16.770000457763672
2026-08-27,16.684999465942383,16.684999465942383
2026-08-28,16.892499923706055,16.892499923706055
2026-09-01,16.510000228881836,16.510000228881836
2026-09-02,16.469999313354492,16.469999313354492
2026-09-03,16.774999618530273,16.774999618530273
2026-09-04,16.440000534057617,16.440000534057617
2026-09-07,16.40999984741211,16.40999984741211
2026-09-08,16.415000915527344,16.415000915527344
2026-09-09,16.149999618530273,16.149999618530273
2026-09-10,16.155000686645508,16.155000686645508
2026-09-11,16.264999389648438,16.264999389648438
2026-09-14,16.204999923706055,16.204999923706055
2026-09-15,15.992500305175781,15.992500305175781
2026-09-16,15.96500015258789,15.96500015258789
2026-09-17,16.079999923706055,16.079999923706055
2026-09-18,15.989999771118164,15.989999771118164
2026-09-21,16.1299991607666,16.1299991607666
2026-09-22,16.21500015258789,16.21500015258789
2026-09-23,15.989999771118164,15.989999771118164
2026-09-24,15.824999809265137,15.824999809265137
2026-09-25,15.875,15.875
2026-09-28,15.725000381469727,15.725000381469727
2026-09-29,15.6899995803833,15.6899995803833
2026-09-30,15.739999771118164,15.739999771118164
2026-10-01,15.569999694824219,15.569999694824219
2026-10-02,15.875,15.875
