Date,Close,Adj Close
2017-03-22,4.993199825286865,4.993199825286865
2017-03-23,4.9807000160217285,4.9807000160217285
2017-03-24,4.967700004577637,4.967700004577637
2017-03-27,4.9644999504089355,4.9644999504089355
2017-03-28,4.96750020980835,4.96750020980835
2017-03-29,4.983500003814697,4.983500003814697
2017-03-30,4.990499973297119,4.990499973297119
2017-03-31,4.975500106811523,4.975500106811523
2017-04-03,4.96150016784668,4.96150016784668
2017-04-04,4.95550012588501,4.95550012588501
2017-04-05,4.986499786376953,4.986499786376953
2017-04-06,4.961999893188477,4.961999893188477
2017-04-07,4.980000019073486,4.980000019073486
2017-04-10,4.985000133514404,4.985000133514404
2017-04-11,4.985000133514404,4.985000133514404
2017-04-12,5.007750034332275,5.007750034332275
2017-04-13,4.999000072479248,4.999000072479248
2017-04-18,5.048749923706055,5.048749923706055
2017-04-19,5.033750057220459,5.033750057220459
2017-04-20,5.002500057220459,5.002500057220459
2017-04-21,5.008749961853027,5.008749961853027
2017-04-24,5.039999961853027,5.039999961853027
2017-04-25,5.059999942779541,5.059999942779541
2017-04-26,5.046249866485596,5.046249866485596
2017-04-27,5.010000228881836,5.010000228881836
2017-04-28,5.004499912261963,5.004499912261963
2017-05-02,4.960000038146973,4.960000038146973
2017-05-03,4.965000152587891,4.965000152587891
2017-05-04,5.000500202178955,5.000500202178955
2017-05-05,5.005000114440918,5.005000114440918
2017-05-08,5.006249904632568,5.006249904632568
2017-05-09,5.003499984741211,5.003499984741211
2017-05-10,4.995999813079834,4.995999813079834
2017-05-11,4.989999771118164,4.989999771118164
2017-05-12,4.994999885559082,4.994999885559082
2017-05-15,5.010000228881836,5.010000228881836
2017-05-16,5.023749828338623,5.023749828338623
2017-05-17,4.996500015258789,4.996500015258789
2017-05-18,5.004000186920166,5.004000186920166
2017-05-19,5.025000095367432,5.025000095367432
2017-05-22,5.041250228881836,5.041250228881836
2017-05-23,5.070000171661377,5.070000171661377
2017-05-24,5.066249847412109,5.066249847412109
2017-05-25,5.116250038146973,5.116250038146973
2017-05-26,5.130000114440918,5.130000114440918
2017-05-30,5.125,5.125
2017-05-31,5.150000095367432,5.150000095367432
2017-06-01,5.141250133514404,5.141250133514404
2017-06-02,5.18874979019165,5.18874979019165
2017-06-05,5.190000057220459,5.190000057220459
2017-06-06,5.193749904632568,5.193749904632568
2017-06-07,5.190000057220459,5.190000057220459
2017-06-08,5.159999847412109,5.159999847412109
2017-06-09,5.158750057220459,5.158750057220459
2017-06-12,5.139999866485596,5.139999866485596
2017-06-13,5.144999980926514,5.144999980926514
2017-06-14,5.196249961853027,5.196249961853027
2017-06-15,5.170000076293945,5.170000076293945
2017-06-16,5.098750114440918,5.098750114440918
2017-06-19,5.133749961853027,5.133749961853027
2017-06-20,5.15749979019165,5.15749979019165
2017-06-21,5.122499942779541,5.122499942779541
2017-06-22,5.102499961853027,5.102499961853027
2017-06-23,5.102499961853027,5.102499961853027
2017-06-26,5.1057000160217285,5.1057000160217285
2017-06-27,5.060500144958496,5.060500144958496
2017-06-28,5.099999904632568,5.099999904632568
2017-06-29,5.039999961853027,5.039999961853027
2017-06-30,5.039999961853027,5.039999961853027
2017-07-03,5.03249979019165,5.03249979019165
2017-07-04,5.034999847412109,5.034999847412109
2017-07-05,5.037499904632568,5.037499904632568
2017-07-06,5.010000228881836,5.010000228881836
2017-07-07,5.008749961853027,5.008749961853027
2017-07-10,4.993000030517578,4.993000030517578
2017-07-11,4.942500114440918,4.942500114440918
2017-07-12,4.980000019073486,4.980000019073486
2017-07-13,4.97599983215332,4.97599983215332
2017-07-14,5.0007500648498535,5.0007500648498535
2017-07-17,5.019999980926514,5.019999980926514
2017-07-18,5.023749828338623,5.023749828338623
2017-07-19,5.023749828338623,5.023749828338623
2017-07-20,5.047500133514404,5.047500133514404
2017-07-21,5.026249885559082,5.026249885559082
2017-07-24,5.046249866485596,5.046249866485596
2017-07-25,5.06374979019165,5.06374979019165
2017-07-26,5.070000171661377,5.070000171661377
2017-07-27,5.086249828338623,5.086249828338623
2017-07-28,5.070000171661377,5.070000171661377
2017-07-31,5.059999942779541,5.059999942779541
2017-08-01,5.070000171661377,5.070000171661377
2017-08-02,5.048749923706055,5.048749923706055
2017-08-03,5.070000171661377,5.070000171661377
2017-08-04,5.03249979019165,5.03249979019165
2017-08-07,5.056250095367432,5.056250095367432
2017-08-08,5.0625,5.0625
2017-08-09,5.047500133514404,5.047500133514404
2017-08-10,5.053750038146973,5.053750038146973
2017-08-11,5.053750038146973,5.053750038146973
2017-08-14,5.074999809265137,5.074999809265137
2017-08-15,5.090000152587891,5.090000152587891
2017-08-16,5.110000133514404,5.110000133514404
2017-08-17,5.102499961853027,5.102499961853027
2017-08-18,5.051249980926514,5.051249980926514
2017-08-21,5.065000057220459,5.065000057220459
2017-08-22,5.065000057220459,5.065000057220459
2017-08-23,5.050000190734863,5.050000190734863
2017-08-24,5.023749828338623,5.023749828338623
2017-08-25,5.0042500495910645,5.0042500495910645
2017-08-29,4.999000072479248,4.999000072479248
2017-08-30,4.99399995803833,4.99399995803833
2017-08-31,5.007500171661377,5.007500171661377
2017-09-01,5.013750076293945,5.013750076293945
2017-09-04,5.012499809265137,5.012499809265137
2017-09-05,5.023749828338623,5.023749828338623
2017-09-06,5.038750171661377,5.038750171661377
2017-09-07,5.048749923706055,5.048749923706055
2017-09-08,5.045000076293945,5.045000076293945
2017-09-11,5.059999942779541,5.059999942779541
2017-09-12,5.06374979019165,5.06374979019165
2017-09-13,5.090000152587891,5.090000152587891
2017-09-14,5.054999828338623,5.054999828338623
2017-09-15,5.068749904632568,5.068749904632568
2017-09-18,5.083749771118164,5.083749771118164
2017-09-19,5.059999942779541,5.059999942779541
2017-09-20,5.047500133514404,5.047500133514404
2017-09-21,4.986499786376953,4.986499786376953
2017-09-22,4.9644999504089355,4.9644999504089355
2017-09-25,4.982500076293945,4.982500076293945
2017-09-26,5.0,5.0
2017-09-27,4.958000183105469,4.958000183105469
2017-09-28,4.9654998779296875,4.9654998779296875
2017-09-29,4.9695000648498535,4.9695000648498535
2017-10-02,4.964000225067139,4.964000225067139
2017-10-03,4.956999778747559,4.956999778747559
2017-10-04,4.9695000648498535,4.9695000648498535
2017-10-05,4.999499797821045,4.999499797821045
2017-10-06,4.954500198364258,4.954500198364258
2017-10-09,4.950500011444092,4.950500011444092
2017-10-10,4.9604997634887695,4.9604997634887695
2017-10-11,4.991499900817871,4.991499900817871
2017-10-12,5.010000228881836,5.010000228881836
2017-10-13,5.022500038146973,5.022500038146973
2017-10-16,5.019999980926514,5.019999980926514
2017-10-17,5.007500171661377,5.007500171661377
2017-10-18,5.0,5.0
2017-10-19,4.971499919891357,4.971499919891357
2017-10-20,4.948999881744385,4.948999881744385
2017-10-23,4.966000080108643,4.966000080108643
2017-10-24,4.940499782562256,4.940499782562256
2017-10-25,4.9079999923706055,4.9079999923706055
2017-10-26,4.952000141143799,4.952000141143799
2017-10-27,4.900000095367432,4.900000095367432
2017-10-30,4.848999977111816,4.848999977111816
2017-10-31,4.883999824523926,4.883999824523926
2017-11-01,4.914000034332275,4.914000034332275
2017-11-02,4.885499954223633,4.885499954223633
2017-11-03,4.9054999351501465,4.9054999351501465
2017-11-06,4.869500160217285,4.869500160217285
2017-11-07,4.885499954223633,4.885499954223633
2017-11-08,4.928999900817871,4.928999900817871
2017-11-09,4.934000015258789,4.934000015258789
2017-11-10,4.973999977111816,4.973999977111816
2017-11-13,5.028749942779541,5.028749942779541
2017-11-14,5.03000020980835,5.03000020980835
2017-11-15,5.008749961853027,5.008749961853027
2017-11-16,5.059999942779541,5.059999942779541
2017-11-17,5.050000190734863,5.050000190734863
2017-11-20,5.050000190734863,5.050000190734863
2017-11-21,5.070000171661377,5.070000171661377
2017-11-22,5.043749809265137,5.043749809265137
2017-11-23,5.051249980926514,5.051249980926514
2017-11-24,5.050000190734863,5.050000190734863
2017-11-27,5.053750038146973,5.053750038146973
2017-11-28,5.053750038146973,5.053750038146973
2017-11-29,5.117499828338623,5.117499828338623
2017-11-30,5.139999866485596,5.139999866485596
2017-12-01,5.121250152587891,5.121250152587891
2017-12-04,5.215000152587891,5.215000152587891
2017-12-05,5.21999979019165,5.21999979019165
2017-12-06,5.232500076293945,5.232500076293945
2017-12-07,5.210000038146973,5.210000038146973
2017-12-08,5.199999809265137,5.199999809265137
2017-12-11,5.199999809265137,5.199999809265137
2017-12-12,5.199999809265137,5.199999809265137
2017-12-13,5.199999809265137,5.199999809265137
2017-12-14,5.199999809265137,5.199999809265137
2017-12-15,5.199999809265137,5.199999809265137
2017-12-18,5.289999961853027,5.289999961853027
2017-12-19,5.289999961853027,5.289999961853027
2017-12-20,5.25,5.25
2017-12-21,5.28000020980835,5.28000020980835
2017-12-22,5.28000020980835,5.28000020980835
2017-12-27,5.289999961853027,5.289999961853027
2017-12-28,5.289999961853027,5.289999961853027
2017-12-29,5.289999961853027,5.289999961853027
2018-01-02,5.289999961853027,5.289999961853027
2018-01-03,5.25,5.25
2018-01-04,5.260000228881836,5.260000228881836
2018-01-05,5.260000228881836,5.260000228881836
2018-01-08,5.28000020980835,5.28000020980835
2018-01-09,5.28000020980835,5.28000020980835
2018-01-10,5.260000228881836,5.260000228881836
2018-01-11,5.260000228881836,5.260000228881836
2018-01-12,5.260000228881836,5.260000228881836
2018-01-15,5.260000228881836,5.260000228881836
2018-01-16,5.260000228881836,5.260000228881836
2018-01-17,5.260000228881836,5.260000228881836
2018-01-18,5.309999942779541,5.309999942779541
2018-01-19,5.309999942779541,5.309999942779541
2018-01-22,5.309999942779541,5.309999942779541
2018-01-23,5.400000095367432,5.400000095367432
2018-01-24,5.400000095367432,5.400000095367432
2018-01-25,5.400000095367432,5.400000095367432
2018-01-26,5.409999847412109,5.409999847412109
2018-01-29,5.420000076293945,5.420000076293945
2018-01-30,5.380000114440918,5.380000114440918
2018-01-31,5.380000114440918,5.380000114440918
2018-02-01,5.380000114440918,5.380000114440918
2018-02-02,5.289999961853027,5.289999961853027
2018-02-05,5.210000038146973,5.210000038146973
2018-02-06,5.210000038146973,5.210000038146973
2018-02-07,5.139999866485596,5.139999866485596
2018-02-08,5.039999961853027,5.039999961853027
2018-02-09,4.949999809265137,4.949999809265137
2018-02-12,5.010000228881836,5.010000228881836
2018-02-13,5.010000228881836,5.010000228881836
2018-02-14,5.039999961853027,5.039999961853027
2018-02-15,5.059999942779541,5.059999942779541
2018-02-16,5.059999942779541,5.059999942779541
2018-02-19,5.059999942779541,5.059999942779541
2018-02-20,5.059999942779541,5.059999942779541
2018-02-21,5.010000228881836,5.010000228881836
2018-02-22,5.010000228881836,5.010000228881836
2018-02-23,5.010000228881836,5.010000228881836
2018-02-26,5.010000228881836,5.010000228881836
2018-02-27,5.03000020980835,5.03000020980835
2018-02-28,4.989999771118164,4.989999771118164
2018-03-01,4.929999828338623,4.929999828338623
2018-03-02,4.929999828338623,4.929999828338623
2018-03-05,4.989999771118164,4.989999771118164
2018-03-06,4.989999771118164,4.989999771118164
2018-03-07,4.980000019073486,4.980000019073486
2018-03-08,4.980000019073486,4.980000019073486
2018-03-09,4.980000019073486,4.980000019073486
2018-03-12,4.980000019073486,4.980000019073486
2018-03-13,5.039999961853027,5.039999961853027
2018-03-14,5.0,5.0
2018-03-15,4.96999979019165,4.96999979019165
2018-03-16,4.96999979019165,4.96999979019165
2018-03-19,4.96999979019165,4.96999979019165
2018-03-20,4.96999979019165,4.96999979019165
2018-03-21,4.840000152587891,4.840000152587891
2018-03-22,4.840000152587891,4.840000152587891
2018-03-23,4.840000152587891,4.840000152587891
2018-03-26,4.840000152587891,4.840000152587891
2018-03-27,4.840000152587891,4.840000152587891
2018-03-28,4.840000152587891,4.840000152587891
2018-03-29,4.840000152587891,4.840000152587891
2018-04-03,4.809999942779541,4.809999942779541
2018-04-04,4.879499912261963,4.879499912261963
2018-04-05,4.879499912261963,4.879499912261963
2018-04-06,4.879499912261963,4.879499912261963
2018-04-09,4.900000095367432,4.900000095367432
2018-04-10,4.895999908447266,4.895999908447266
2018-04-11,4.880000114440918,4.880000114440918
2018-04-12,4.894000053405762,4.894000053405762
2018-04-13,4.894000053405762,4.894000053405762
2018-04-16,4.894000053405762,4.894000053405762
2018-04-17,4.894000053405762,4.894000053405762
2018-04-18,4.894000053405762,4.894000053405762
2018-04-19,4.894000053405762,4.894000053405762
2018-04-20,4.894000053405762,4.894000053405762
2018-04-23,4.894000053405762,4.894000053405762
2018-04-24,4.670000076293945,4.670000076293945
2018-04-25,4.644499778747559,4.644499778747559
2018-04-26,4.644499778747559,4.644499778747559
2018-04-27,4.644499778747559,4.644499778747559
2018-04-30,4.644499778747559,4.644499778747559
2018-05-01,4.619999885559082,4.619999885559082
2018-05-02,4.579999923706055,4.579999923706055
2018-05-03,4.5295000076293945,4.5295000076293945
2018-05-04,4.5295000076293945,4.5295000076293945
2018-05-08,4.5295000076293945,4.5295000076293945
2018-05-09,4.5295000076293945,4.5295000076293945
2018-05-10,4.5295000076293945,4.5295000076293945
2018-05-11,4.590000152587891,4.590000152587891
2018-05-14,4.591000080108643,4.591000080108643
2018-05-15,4.570000171661377,4.570000171661377
2018-05-16,4.5954999923706055,4.5954999923706055
2018-05-17,4.5954999923706055,4.5954999923706055
2018-05-18,4.5954999923706055,4.5954999923706055
2018-05-21,4.5954999923706055,4.5954999923706055
2018-05-22,4.5954999923706055,4.5954999923706055
2018-05-23,4.5954999923706055,4.5954999923706055
2018-05-24,4.5954999923706055,4.5954999923706055
2018-05-25,4.5954999923706055,4.5954999923706055
2018-05-29,4.5954999923706055,4.5954999923706055
2018-05-30,4.5954999923706055,4.5954999923706055
2018-05-31,4.610000133514404,4.610000133514404
2018-06-01,4.5980000495910645,4.5980000495910645
2018-06-04,4.639999866485596,4.639999866485596
2018-06-05,4.616000175476074,4.616000175476074
2018-06-06,4.616000175476074,4.616000175476074
2018-06-07,4.659999847412109,4.659999847412109
2018-06-08,4.690000057220459,4.690000057220459
2018-06-11,4.732999801635742,4.732999801635742
2018-06-12,4.732999801635742,4.732999801635742
2018-06-13,4.732999801635742,4.732999801635742
2018-06-14,4.75,4.75
2018-06-15,4.776000022888184,4.776000022888184
2018-06-18,4.776000022888184,4.776000022888184
2018-06-19,4.776000022888184,4.776000022888184
2018-06-20,4.776000022888184,4.776000022888184
2018-06-21,4.789999961853027,4.789999961853027
2018-06-22,4.816999912261963,4.816999912261963
2018-06-25,4.816999912261963,4.816999912261963
2018-06-26,4.840000152587891,4.840000152587891
2018-06-27,4.840000152587891,4.840000152587891
2018-06-28,4.829999923706055,4.829999923706055
2018-06-29,4.820000171661377,4.820000171661377
2018-07-02,4.789999961853027,4.789999961853027
2018-07-03,4.809999942779541,4.809999942779541
2018-07-04,4.806000232696533,4.806000232696533
2018-07-05,4.820000171661377,4.820000171661377
2018-07-06,4.889999866485596,4.889999866485596
2018-07-09,4.866499900817871,4.866499900817871
2018-07-10,4.866499900817871,4.866499900817871
2018-07-11,4.900000095367432,4.900000095367432
2018-07-12,4.90500020980835,4.90500020980835
2018-07-13,4.920000076293945,4.920000076293945
2018-07-16,4.900000095367432,4.900000095367432
2018-07-17,4.929999828338623,4.929999828338623
2018-07-18,4.900000095367432,4.900000095367432
2018-07-19,4.896999835968018,4.896999835968018
2018-07-20,4.896999835968018,4.896999835968018
2018-07-23,4.896999835968018,4.896999835968018
2018-07-24,4.909999847412109,4.909999847412109
2018-07-25,4.94350004196167,4.94350004196167
2018-07-26,4.989999771118164,4.989999771118164
2018-07-27,5.0,5.0
2018-07-30,4.989999771118164,4.989999771118164
2018-07-31,5.0,5.0
2018-08-01,4.96999979019165,4.96999979019165
2018-08-02,4.980000019073486,4.980000019073486
2018-08-03,5.09250020980835,5.09250020980835
2018-08-06,5.079999923706055,5.079999923706055
2018-08-07,5.045000076293945,5.045000076293945
2018-08-08,5.045000076293945,5.045000076293945
2018-08-09,5.045000076293945,5.045000076293945
2018-08-10,4.989999771118164,4.989999771118164
2018-08-13,4.96999979019165,4.96999979019165
2018-08-14,4.997000217437744,4.997000217437744
2018-08-15,5.0,5.0
2018-08-16,5.102499961853027,5.102499961853027
2018-08-17,5.102499961853027,5.102499961853027
2018-08-20,5.102499961853027,5.102499961853027
2018-08-21,5.102499961853027,5.102499961853027
2018-08-22,5.070000171661377,5.070000171661377
2018-08-23,5.0625,5.0625
2018-08-24,5.050000190734863,5.050000190734863
2018-08-28,5.045000076293945,5.045000076293945
2018-08-29,5.050000190734863,5.050000190734863
2018-08-30,5.028749942779541,5.028749942779541
2018-08-31,5.03000020980835,5.03000020980835
2018-09-03,5.03000020980835,5.03000020980835
2018-09-04,5.03000020980835,5.03000020980835
2018-09-05,5.059999942779541,5.059999942779541
2018-09-06,5.070000171661377,5.070000171661377
2018-09-07,5.079999923706055,5.079999923706055
2018-09-10,5.110000133514404,5.110000133514404
2018-09-11,5.079999923706055,5.079999923706055
2018-09-12,5.139999866485596,5.139999866485596
2018-09-13,5.119999885559082,5.119999885559082
2018-09-14,5.110000133514404,5.110000133514404
2018-09-17,5.119999885559082,5.119999885559082
2018-09-18,5.110000133514404,5.110000133514404
2018-09-19,5.110000133514404,5.110000133514404
2018-09-20,5.150000095367432,5.150000095367432
2018-09-21,5.179999828338623,5.179999828338623
2018-09-24,5.110000133514404,5.110000133514404
2018-09-25,5.099999904632568,5.099999904632568
2018-09-26,5.097499847412109,5.097499847412109
2018-09-27,5.099999904632568,5.099999904632568
2018-09-28,5.070000171661377,5.070000171661377
2018-10-01,5.077499866485596,5.077499866485596
2018-10-02,5.079999923706055,5.079999923706055
2018-10-03,5.102499961853027,5.102499961853027
2018-10-04,5.010000228881836,5.010000228881836
2018-10-05,5.034999847412109,5.034999847412109
2018-10-08,5.079999923706055,5.079999923706055
2018-10-09,5.099999904632568,5.099999904632568
2018-10-10,5.099999904632568,5.099999904632568
2018-10-11,4.980000019073486,4.980000019073486
2018-10-12,4.921500205993652,4.921500205993652
2018-10-15,4.980000019073486,4.980000019073486
2018-10-16,5.005000114440918,5.005000114440918
2018-10-17,5.010000228881836,5.010000228881836
2018-10-18,5.072500228881836,5.072500228881836
2018-10-19,5.127500057220459,5.127500057220459
2018-10-22,5.110000133514404,5.110000133514404
2018-10-23,5.070000171661377,5.070000171661377
2018-10-24,5.179999828338623,5.179999828338623
2018-10-25,5.159999847412109,5.159999847412109
2018-10-26,5.090000152587891,5.090000152587891
2018-10-29,5.159999847412109,5.159999847412109
2018-10-30,5.199999809265137,5.199999809265137
2018-10-31,5.179999828338623,5.179999828338623
2018-11-01,5.21750020980835,5.21750020980835
2018-11-02,5.179999828338623,5.179999828338623
2018-11-05,5.260000228881836,5.260000228881836
2018-11-06,5.28000020980835,5.28000020980835
2018-11-07,5.300000190734863,5.300000190734863
2018-11-08,5.320000171661377,5.320000171661377
2018-11-09,5.360000133514404,5.360000133514404
2018-11-12,5.360000133514404,5.360000133514404
2018-11-13,5.301249980926514,5.301249980926514
2018-11-14,5.289999961853027,5.289999961853027
2018-11-15,5.236249923706055,5.236249923706055
2018-11-16,5.260000228881836,5.260000228881836
2018-11-19,5.260000228881836,5.260000228881836
2018-11-20,5.191249847412109,5.191249847412109
2018-11-21,5.139999866485596,5.139999866485596
2018-11-22,5.105000019073486,5.105000019073486
2018-11-23,5.150000095367432,5.150000095367432
2018-11-26,5.130000114440918,5.130000114440918
2018-11-27,5.150000095367432,5.150000095367432
2018-11-28,5.199999809265137,5.199999809265137
2018-11-29,5.239999771118164,5.239999771118164
2018-11-30,5.239999771118164,5.239999771118164
2018-12-03,5.239999771118164,5.239999771118164
2018-12-04,5.309999942779541,5.309999942779541
2018-12-05,5.199999809265137,5.199999809265137
2018-12-06,5.099999904632568,5.099999904632568
2018-12-07,5.170000076293945,5.170000076293945
2018-12-10,5.074999809265137,5.074999809265137
2018-12-11,5.190000057220459,5.190000057220459
2018-12-12,5.170000076293945,5.170000076293945
2018-12-13,5.199999809265137,5.199999809265137
2018-12-14,5.122499942779541,5.122499942779541
2018-12-17,5.059999942779541,5.059999942779541
2018-12-18,4.96999979019165,4.96999979019165
2018-12-19,4.949999809265137,4.949999809265137
2018-12-20,4.840000152587891,4.840000152587891
2018-12-21,4.860000133514404,4.860000133514404
2018-12-24,4.729499816894531,4.729499816894531
2018-12-27,4.699999809265137,4.699999809265137
2018-12-28,4.789999961853027,4.789999961853027
2018-12-31,4.80649995803833,4.80649995803833
2019-01-02,4.760000228881836,4.760000228881836
2019-01-03,4.77400016784668,4.77400016784668
2019-01-04,4.811999797821045,4.811999797821045
2019-01-07,4.840000152587891,4.840000152587891
2019-01-08,4.869999885559082,4.869999885559082
2019-01-09,4.864500045776367,4.864500045776367
2019-01-10,4.855000019073486,4.855000019073486
2019-01-11,4.869999885559082,4.869999885559082
2019-01-14,4.857999801635742,4.857999801635742
2019-01-15,4.900000095367432,4.900000095367432
2019-01-16,4.872000217437744,4.872000217437744
2019-01-17,4.889999866485596,4.889999866485596
2019-01-18,4.960000038146973,4.960000038146973
2019-01-21,4.960000038146973,4.960000038146973
2019-01-22,4.909999847412109,4.909999847412109
2019-01-23,4.940000057220459,4.940000057220459
2019-01-24,4.895999908447266,4.895999908447266
2019-01-25,4.914999961853027,4.914999961853027
2019-01-28,4.889999866485596,4.889999866485596
2019-01-29,4.920000076293945,4.920000076293945
2019-01-30,4.953000068664551,4.953000068664551
2019-01-31,5.014999866485596,5.014999866485596
2019-02-01,5.026249885559082,5.026249885559082
2019-02-04,5.052499771118164,5.052499771118164
2019-02-05,5.077499866485596,5.077499866485596
2019-02-06,5.065000057220459,5.065000057220459
2019-02-07,5.047500133514404,5.047500133514404
2019-02-08,5.052499771118164,5.052499771118164
2019-02-11,5.090000152587891,5.090000152587891
2019-02-12,5.139999866485596,5.139999866485596
2019-02-13,5.159999847412109,5.159999847412109
2019-02-14,5.097499847412109,5.097499847412109
2019-02-15,5.150000095367432,5.150000095367432
2019-02-18,5.147500038146973,5.147500038146973
2019-02-19,5.184999942779541,5.184999942779541
2019-02-20,5.159999847412109,5.159999847412109
2019-02-21,5.179999828338623,5.179999828338623
2019-02-22,5.167500019073486,5.167500019073486
2019-02-25,5.170000076293945,5.170000076293945
2019-02-26,5.150000095367432,5.150000095367432
2019-02-27,5.135000228881836,5.135000228881836
2019-02-28,5.172500133514404,5.172500133514404
2019-03-01,5.144999980926514,5.144999980926514
2019-03-04,5.147500038146973,5.147500038146973
2019-03-05,5.15749979019165,5.15749979019165
2019-03-06,5.130000114440918,5.130000114440918
2019-03-07,5.117499828338623,5.117499828338623
2019-03-08,5.117499828338623,5.117499828338623
2019-03-11,5.159999847412109,5.159999847412109
2019-03-12,5.192500114440918,5.192500114440918
2019-03-13,5.222499847412109,5.222499847412109
2019-03-14,5.21999979019165,5.21999979019165
2019-03-15,5.252500057220459,5.252500057220459
2019-03-18,5.252500057220459,5.252500057220459
2019-03-19,5.275000095367432,5.275000095367432
2019-03-20,5.235000133514404,5.235000133514404
2019-03-21,5.277500152587891,5.277500152587891
2019-03-22,5.297500133514404,5.297500133514404
2019-03-25,5.300000190734863,5.300000190734863
2019-03-26,5.332499980926514,5.332499980926514
2019-03-27,5.293749809265137,5.293749809265137
2019-03-28,5.329999923706055,5.329999923706055
2019-03-29,5.347499847412109,5.347499847412109
2019-04-01,5.394999980926514,5.394999980926514
2019-04-02,5.327499866485596,5.327499866485596
2019-04-03,5.307499885559082,5.307499885559082
2019-04-04,5.300000190734863,5.300000190734863
2019-04-05,5.307499885559082,5.307499885559082
2019-04-08,5.327499866485596,5.327499866485596
2019-04-09,5.332499980926514,5.332499980926514
2019-04-10,5.34250020980835,5.34250020980835
2019-04-11,5.360000133514404,5.360000133514404
2019-04-12,5.362500190734863,5.362500190734863
2019-04-15,5.396249771118164,5.396249771118164
2019-04-16,5.400000095367432,5.400000095367432
2019-04-17,5.422500133514404,5.422500133514404
2019-04-18,5.425000190734863,5.425000190734863
2019-04-23,5.425000190734863,5.425000190734863
2019-04-24,5.432499885559082,5.432499885559082
2019-04-25,5.385000228881836,5.385000228881836
2019-04-26,5.427499771118164,5.427499771118164
2019-04-29,5.434999942779541,5.434999942779541
2019-04-30,5.477499961853027,5.477499961853027
2019-05-01,5.510000228881836,5.510000228881836
2019-05-02,5.420000076293945,5.420000076293945
2019-05-03,5.477499961853027,5.477499961853027
2019-05-07,5.423749923706055,5.423749923706055
2019-05-08,5.409999847412109,5.409999847412109
2019-05-09,5.362500190734863,5.362500190734863
2019-05-10,5.364999771118164,5.364999771118164
2019-05-13,5.40500020980835,5.40500020980835
2019-05-14,5.452499866485596,5.452499866485596
2019-05-15,5.472499847412109,5.472499847412109
2019-05-16,5.542500019073486,5.542500019073486
2019-05-17,5.527500152587891,5.527500152587891
2019-05-20,5.519999980926514,5.519999980926514
2019-05-21,5.487500190734863,5.487500190734863
2019-05-22,5.5,5.5
2019-05-23,5.492499828338623,5.492499828338623
2019-05-24,5.477499961853027,5.477499961853027
2019-05-28,5.432499885559082,5.432499885559082
2019-05-29,5.349999904632568,5.349999904632568
2019-05-30,5.362500190734863,5.362500190734863
2019-05-31,5.309999942779541,5.309999942779541
2019-06-03,5.328750133514404,5.328750133514404
2019-06-04,5.380000114440918,5.380000114440918
2019-06-05,5.445000171661377,5.445000171661377
2019-06-06,5.510000228881836,5.510000228881836
2019-06-07,5.586249828338623,5.586249828338623
2019-06-10,5.566249847412109,5.566249847412109
2019-06-11,5.603750228881836,5.603750228881836
2019-06-12,5.603750228881836,5.603750228881836
2019-06-13,5.591249942779541,5.591249942779541
2019-06-14,5.621250152587891,5.621250152587891
2019-06-17,5.591249942779541,5.591249942779541
2019-06-18,5.571249961853027,5.571249961853027
2019-06-19,5.545000076293945,5.545000076293945
2019-06-20,5.621250152587891,5.621250152587891
2019-06-21,5.643750190734863,5.643750190734863
2019-06-24,5.663750171661377,5.663750171661377
2019-06-25,5.646249771118164,5.646249771118164
2019-06-26,5.573750019073486,5.573750019073486
2019-06-27,5.557499885559082,5.557499885559082
2019-06-28,5.567500114440918,5.567500114440918
2019-07-01,5.59375,5.59375
2019-07-02,5.618750095367432,5.618750095367432
2019-07-03,5.696249961853027,5.696249961853027
2019-07-04,5.713749885559082,5.713749885559082
2019-07-05,5.648749828338623,5.648749828338623
2019-07-08,5.683750152587891,5.683750152587891
2019-07-09,5.65625,5.65625
2019-07-10,5.695000171661377,5.695000171661377
2019-07-11,5.713749885559082,5.713749885559082
2019-07-12,5.756249904632568,5.756249904632568
2019-07-15,5.753749847412109,5.753749847412109
2019-07-16,5.737500190734863,5.737500190734863
2019-07-17,5.733749866485596,5.733749866485596
2019-07-18,5.771249771118164,5.771249771118164
2019-07-19,5.802499771118164,5.802499771118164
2019-07-22,5.736249923706055,5.736249923706055
2019-07-23,5.757500171661377,5.757500171661377
2019-07-24,5.736249923706055,5.736249923706055
2019-07-25,5.742499828338623,5.742499828338623
2019-07-26,5.778749942779541,5.778749942779541
2019-07-29,5.806250095367432,5.806250095367432
2019-07-30,5.838749885559082,5.838749885559082
2019-07-31,5.768750190734863,5.768750190734863
2019-08-01,5.778749942779541,5.778749942779541
2019-08-02,5.667500019073486,5.667500019073486
2019-08-05,5.612500190734863,5.612500190734863
2019-08-06,5.5625,5.5625
2019-08-07,5.585000038146973,5.585000038146973
2019-08-08,5.671249866485596,5.671249866485596
2019-08-09,5.662499904632568,5.662499904632568
2019-08-12,5.646249771118164,5.646249771118164
2019-08-13,5.697500228881836,5.697500228881836
2019-08-14,5.677499771118164,5.677499771118164
2019-08-15,5.693749904632568,5.693749904632568
2019-08-16,5.768750190734863,5.768750190734863
2019-08-19,5.826250076293945,5.826250076293945
2019-08-20,5.791250228881836,5.791250228881836
2019-08-21,5.773749828338623,5.773749828338623
2019-08-22,5.783750057220459,5.783750057220459
2019-08-23,5.755000114440918,5.755000114440918
2019-08-27,5.763750076293945,5.763750076293945
2019-08-28,5.798749923706055,5.798749923706055
2019-08-29,5.801249980926514,5.801249980926514
2019-08-30,5.791250228881836,5.791250228881836
2019-09-02,5.786250114440918,5.786250114440918
2019-09-03,5.81125020980835,5.81125020980835
2019-09-04,5.863749980926514,5.863749980926514
2019-09-05,5.87624979019165,5.87624979019165
2019-09-06,5.87375020980835,5.87375020980835
2019-09-09,5.863749980926514,5.863749980926514
2019-09-10,5.801249980926514,5.801249980926514
2019-09-11,5.824999809265137,5.824999809265137
2019-09-12,5.87624979019165,5.87624979019165
2019-09-13,5.853750228881836,5.853750228881836
2019-09-16,5.787499904632568,5.787499904632568
2019-09-17,5.818749904632568,5.818749904632568
2019-09-18,5.808750152587891,5.808750152587891
2019-09-19,5.806250095367432,5.806250095367432
2019-09-20,5.818749904632568,5.818749904632568
2019-09-23,5.836249828338623,5.836249828338623
2019-09-24,5.853750228881836,5.853750228881836
2019-09-25,5.846250057220459,5.846250057220459
2019-09-26,5.866250038146973,5.866250038146973
2019-09-27,5.888750076293945,5.888750076293945
2019-09-30,5.916250228881836,5.916250228881836
2019-10-01,5.888750076293945,5.888750076293945
2019-10-02,5.788750171661377,5.788750171661377
2019-10-03,5.81374979019165,5.81374979019165
2019-10-04,5.866250038146973,5.866250038146973
2019-10-07,5.883749961853027,5.883749961853027
2019-10-08,5.81125020980835,5.81125020980835
2019-10-09,5.827499866485596,5.827499866485596
2019-10-10,5.87375020980835,5.87375020980835
2019-10-11,5.871250152587891,5.871250152587891
2019-10-14,5.835000038146973,5.835000038146973
2019-10-15,5.808750152587891,5.808750152587891
2019-10-16,5.808750152587891,5.808750152587891
2019-10-17,5.833749771118164,5.833749771118164
2019-10-18,5.868750095367432,5.868750095367432
2019-10-21,5.861249923706055,5.861249923706055
2019-10-22,5.901249885559082,5.901249885559082
2019-10-23,5.896249771118164,5.896249771118164
2019-10-24,5.934999942779541,5.934999942779541
2019-10-25,5.902500152587891,5.902500152587891
2019-10-28,5.862500190734863,5.862500190734863
2019-10-29,5.891250133514404,5.891250133514404
2019-10-30,5.898749828338623,5.898749828338623
2019-10-31,5.869999885559082,5.869999885559082
2019-11-01,5.880000114440918,5.880000114440918
2019-11-04,5.87624979019165,5.87624979019165
2019-11-05,5.841249942779541,5.841249942779541
2019-11-06,5.881249904632568,5.881249904632568
2019-11-07,5.861249923706055,5.861249923706055
2019-11-08,5.846250057220459,5.846250057220459
2019-11-11,5.848750114440918,5.848750114440918
2019-11-12,5.847499847412109,5.847499847412109
2019-11-13,5.901249885559082,5.901249885559082
2019-11-14,5.913750171661377,5.913750171661377
2019-11-15,5.901249885559082,5.901249885559082
2019-11-18,5.966249942779541,5.966249942779541
2019-11-19,5.928750038146973,5.928750038146973
2019-11-20,5.93625020980835,5.93625020980835
2019-11-21,5.913750171661377,5.913750171661377
2019-11-22,5.891250133514404,5.891250133514404
2019-11-25,5.891250133514404,5.891250133514404
2019-11-26,5.943749904632568,5.943749904632568
2019-11-27,5.958749771118164,5.958749771118164
2019-11-28,5.961249828338623,5.961249828338623
2019-11-29,5.963749885559082,5.963749885559082
2019-12-02,5.946249961853027,5.946249961853027
2019-12-03,5.93874979019165,5.93874979019165
2019-12-04,5.988749980926514,5.988749980926514
2019-12-05,5.978750228881836,5.978750228881836
2019-12-06,6.041250228881836,6.041250228881836
2019-12-09,6.03125,6.03125
2019-12-10,6.026249885559082,6.026249885559082
2019-12-11,6.018750190734863,6.018750190734863
2019-12-12,6.03125,6.03125
2019-12-13,6.008749961853027,6.008749961853027
2019-12-16,6.056250095367432,6.056250095367432
2019-12-17,6.046249866485596,6.046249866485596
2019-12-18,6.043749809265137,6.043749809265137
2019-12-19,6.066249847412109,6.066249847412109
2019-12-20,6.121250152587891,6.121250152587891
2019-12-23,6.110000133514404,6.110000133514404
2019-12-24,6.09375,6.09375
2019-12-27,6.112500190734863,6.112500190734863
2019-12-30,6.096250057220459,6.096250057220459
2019-12-31,6.09250020980835,6.09250020980835
2020-01-02,6.06374979019165,6.06374979019165
2020-01-03,6.036250114440918,6.036250114440918
2020-01-06,6.026249885559082,6.026249885559082
2020-01-07,6.033750057220459,6.033750057220459
2020-01-08,6.03000020980835,6.03000020980835
2020-01-09,6.06125020980835,6.06125020980835
2020-01-10,6.087500095367432,6.087500095367432
2020-01-13,6.09375,6.09375
2020-01-14,6.111249923706055,6.111249923706055
2020-01-15,6.15625,6.15625
2020-01-16,6.171249866485596,6.171249866485596
2020-01-17,6.183750152587891,6.183750152587891
2020-01-20,6.178750038146973,6.178750038146973
2020-01-21,6.181250095367432,6.181250095367432
2020-01-22,6.221250057220459,6.221250057220459
2020-01-23,6.178750038146973,6.178750038146973
2020-01-24,6.196249961853027,6.196249961853027
2020-01-27,6.166250228881836,6.166250228881836
2020-01-28,6.166250228881836,6.166250228881836
2020-01-29,6.15625,6.15625
2020-01-30,6.146249771118164,6.146249771118164
2020-01-31,6.159999847412109,6.159999847412109
2020-02-03,6.12624979019165,6.12624979019165
2020-02-04,6.184999942779541,6.184999942779541
2020-02-05,6.199999809265137,6.199999809265137
2020-02-06,6.236249923706055,6.236249923706055
2020-02-07,6.228750228881836,6.228750228881836
2020-02-10,6.257500171661377,6.257500171661377
2020-02-11,6.233749866485596,6.233749866485596
2020-02-12,6.236249923706055,6.236249923706055
2020-02-13,6.253749847412109,6.253749847412109
2020-02-14,6.266250133514404,6.266250133514404
2020-02-17,6.293749809265137,6.293749809265137
2020-02-18,6.24875020980835,6.24875020980835
2020-02-19,6.273749828338623,6.273749828338623
2020-02-20,6.221250057220459,6.221250057220459
2020-02-21,6.273749828338623,6.273749828338623
2020-02-24,6.177499771118164,6.177499771118164
2020-02-25,6.111249923706055,6.111249923706055
2020-02-26,6.079999923706055,6.079999923706055
2020-02-27,5.886250019073486,5.886250019073486
2020-02-28,5.546249866485596,5.546249866485596
2020-03-02,5.822500228881836,5.822500228881836
2020-03-03,5.869999885559082,5.869999885559082
2020-03-04,5.96750020980835,5.96750020980835
2020-03-05,6.09375,6.09375
2020-03-06,5.928750038146973,5.928750038146973
2020-03-09,5.816249847412109,5.816249847412109
2020-03-10,5.670000076293945,5.670000076293945
2020-03-11,5.641250133514404,5.641250133514404
2020-03-12,5.176249980926514,5.176249980926514
2020-03-13,5.181250095367432,5.181250095367432
2020-03-16,5.324999809265137,5.324999809265137
2020-03-17,5.43874979019165,5.43874979019165
2020-03-18,5.338749885559082,5.338749885559082
2020-03-19,5.266250133514404,5.266250133514404
2020-03-20,5.038750171661377,5.038750171661377
2020-03-23,4.7895002365112305,4.7895002365112305
2020-03-24,4.974999904632568,4.974999904632568
2020-03-25,5.000500202178955,5.000500202178955
2020-03-26,5.132500171661377,5.132500171661377
2020-03-27,5.204999923706055,5.204999923706055
2020-03-30,5.34499979019165,5.34499979019165
2020-03-31,5.412499904632568,5.412499904632568
2020-04-01,5.266250133514404,5.266250133514404
2020-04-02,5.263750076293945,5.263750076293945
2020-04-03,5.340000152587891,5.340000152587891
2020-04-06,5.542500019073486,5.542500019073486
2020-04-07,5.707499980926514,5.707499980926514
2020-04-08,5.59499979019165,5.59499979019165
2020-04-09,5.708749771118164,5.708749771118164
2020-04-14,5.778749942779541,5.778749942779541
2020-04-15,5.75,5.75
2020-04-16,5.772500038146973,5.772500038146973
2020-04-17,5.81374979019165,5.81374979019165
2020-04-20,5.866250038146973,5.866250038146973
2020-04-21,5.653749942779541,5.653749942779541
2020-04-22,5.68874979019165,5.68874979019165
2020-04-23,5.71750020980835,5.71750020980835
2020-04-24,5.679999828338623,5.679999828338623
2020-04-27,5.731249809265137,5.731249809265137
2020-04-28,5.800000190734863,5.800000190734863
2020-04-29,5.736249923706055,5.736249923706055
2020-04-30,5.698750019073486,5.698750019073486
2020-05-01,5.659999847412109,5.659999847412109
2020-05-04,5.582499980926514,5.582499980926514
2020-05-05,5.635000228881836,5.635000228881836
2020-05-06,5.585000038146973,5.585000038146973
2020-05-07,5.565000057220459,5.565000057220459
2020-05-11,5.652500152587891,5.652500152587891
2020-05-12,5.679999828338623,5.679999828338623
2020-05-13,5.582499980926514,5.582499980926514
2020-05-14,5.457499980926514,5.457499980926514
2020-05-15,5.542500019073486,5.542500019073486
2020-05-18,5.662499904632568,5.662499904632568
2020-05-19,5.635000228881836,5.635000228881836
2020-05-20,5.622499942779541,5.622499942779541
2020-05-21,5.572500228881836,5.572500228881836
2020-05-22,5.579999923706055,5.579999923706055
2020-05-26,5.647500038146973,5.647500038146973
2020-05-27,5.65749979019165,5.65749979019165
2020-05-28,5.764999866485596,5.764999866485596
2020-05-29,5.704999923706055,5.704999923706055
2020-06-01,5.788750171661377,5.788750171661377
2020-06-02,5.778749942779541,5.778749942779541
2020-06-03,5.827499866485596,5.827499866485596
2020-06-04,5.817500114440918,5.817500114440918
2020-06-05,5.887499809265137,5.887499809265137
2020-06-08,5.901249885559082,5.901249885559082
2020-06-09,5.889999866485596,5.889999866485596
2020-06-10,5.894999980926514,5.894999980926514
2020-06-11,5.78000020980835,5.78000020980835
2020-06-12,5.648749828338623,5.648749828338623
2020-06-15,5.618750095367432,5.618750095367432
2020-06-16,5.778749942779541,5.778749942779541
2020-06-17,5.798749923706055,5.798749923706055
2020-06-18,5.791250228881836,5.791250228881836
2020-06-19,5.856249809265137,5.856249809265137
2020-06-22,5.760000228881836,5.760000228881836
2020-06-23,5.816249847412109,5.816249847412109
2020-06-24,5.672500133514404,5.672500133514404
2020-06-25,5.663750171661377,5.663750171661377
2020-06-26,5.651249885559082,5.651249885559082
2020-06-29,5.699999809265137,5.699999809265137
2020-06-30,5.726250171661377,5.726250171661377
2020-07-01,5.733749866485596,5.733749866485596
2020-07-02,5.792500019073486,5.792500019073486
2020-07-03,5.746250152587891,5.746250152587891
2020-07-06,5.787499904632568,5.787499904632568
2020-07-07,5.797500133514404,5.797500133514404
2020-07-08,5.831250190734863,5.831250190734863
2020-07-09,5.778749942779541,5.778749942779541
2020-07-10,5.863749980926514,5.863749980926514
2020-07-13,5.972499847412109,5.972499847412109
2020-07-14,5.951250076293945,5.951250076293945
2020-07-15,6.056250095367432,6.056250095367432
2020-07-16,6.003749847412109,6.003749847412109
2020-07-17,6.027500152587891,6.027500152587891
2020-07-20,5.966249942779541,5.966249942779541
2020-07-21,6.070000171661377,6.070000171661377
2020-07-22,6.026249885559082,6.026249885559082
2020-07-23,6.098750114440918,6.098750114440918
2020-07-24,6.079999923706055,6.079999923706055
2020-07-27,6.09250020980835,6.09250020980835
2020-07-28,6.138750076293945,6.138750076293945
2020-07-29,6.150000095367432,6.150000095367432
2020-07-30,6.113749980926514,6.113749980926514
2020-07-31,6.087500095367432,6.087500095367432
2020-08-03,6.121250152587891,6.121250152587891
2020-08-04,6.182499885559082,6.182499885559082
2020-08-05,6.18874979019165,6.18874979019165
2020-08-06,6.170000076293945,6.170000076293945
2020-08-07,6.183750152587891,6.183750152587891
2020-08-10,6.233749866485596,6.233749866485596
2020-08-11,6.238749980926514,6.238749980926514
2020-08-12,6.28249979019165,6.28249979019165
2020-08-13,6.300000190734863,6.300000190734863
2020-08-14,6.295000076293945,6.295000076293945
2020-08-17,6.333749771118164,6.333749771118164
2020-08-18,6.323750019073486,6.323750019073486
2020-08-19,6.323750019073486,6.323750019073486
2020-08-20,6.268750190734863,6.268750190734863
2020-08-21,6.268750190734863,6.268750190734863
2020-08-24,6.333749771118164,6.333749771118164
2020-08-25,6.322500228881836,6.322500228881836
2020-08-26,6.298749923706055,6.298749923706055
2020-08-27,6.391250133514404,6.391250133514404
2020-08-28,6.388750076293945,6.388750076293945
2020-09-01,6.421249866485596,6.421249866485596
2020-09-02,6.512499809265137,6.512499809265137
2020-09-03,6.485000133514404,6.485000133514404
2020-09-04,6.367499828338623,6.367499828338623
2020-09-07,6.458749771118164,6.458749771118164
2020-09-08,6.302499771118164,6.302499771118164
2020-09-09,6.391250133514404,6.391250133514404
2020-09-10,6.37624979019165,6.37624979019165
2020-09-11,6.34375,6.34375
2020-09-14,6.381249904632568,6.381249904632568
2020-09-15,6.40625,6.40625
2020-09-16,6.40625,6.40625
2020-09-17,6.31374979019165,6.31374979019165
2020-09-18,6.272500038146973,6.272500038146973
2020-09-21,6.151249885559082,6.151249885559082
2020-09-22,6.224999904632568,6.224999904632568
2020-09-23,6.213749885559082,6.213749885559082
2020-09-24,6.146249771118164,6.146249771118164
2020-09-25,6.170000076293945,6.170000076293945
2020-09-28,6.302499771118164,6.302499771118164
2020-09-29,6.255000114440918,6.255000114440918
2020-09-30,6.326250076293945,6.326250076293945
2020-10-01,6.351250171661377,6.351250171661377
2020-10-02,6.31125020980835,6.31125020980835
2020-10-05,6.351250171661377,6.351250171661377
2020-10-06,6.387499809265137,6.387499809265137
2020-10-07,6.383749961853027,6.383749961853027
2020-10-08,6.433750152587891,6.433750152587891
2020-10-09,6.487500190734863,6.487500190734863
2020-10-12,6.583749771118164,6.583749771118164
2020-10-13,6.553750038146973,6.553750038146973
2020-10-14,6.545000076293945,6.545000076293945
2020-10-15,6.513750076293945,6.513750076293945
2020-10-16,6.572500228881836,6.572500228881836
2020-10-19,6.507500171661377,6.507500171661377
2020-10-20,6.480000019073486,6.480000019073486
2020-10-21,6.456250190734863,6.456250190734863
2020-10-22,6.432499885559082,6.432499885559082
2020-10-23,6.457499980926514,6.457499980926514
2020-10-26,6.337500095367432,6.337500095367432
2020-10-27,6.394999980926514,6.394999980926514
2020-10-28,6.216249942779541,6.216249942779541
2020-10-29,6.148749828338623,6.148749828338623
2020-10-30,6.162499904632568,6.162499904632568
2020-11-02,6.258749961853027,6.258749961853027
2020-11-03,6.389999866485596,6.389999866485596
2020-11-04,6.425000190734863,6.425000190734863
2020-11-05,6.414999961853027,6.414999961853027
2020-11-06,6.441249847412109,6.441249847412109
2020-11-09,6.516250133514404,6.516250133514404
2020-11-10,6.5,6.5
2020-11-11,6.588749885559082,6.588749885559082
2020-11-12,6.568749904632568,6.568749904632568
2020-11-13,6.59499979019165,6.59499979019165
2020-11-16,6.692500114440918,6.692500114440918
2020-11-17,6.706250190734863,6.706250190734863
2020-11-18,6.68874979019165,6.68874979019165
2020-11-19,6.570000171661377,6.570000171661377
2020-11-20,6.59250020980835,6.59250020980835
2020-11-23,6.538750171661377,6.538750171661377
2020-11-24,6.608749866485596,6.608749866485596
2020-11-25,6.622499942779541,6.622499942779541
2020-11-26,6.602499961853027,6.602499961853027
2020-11-27,6.603750228881836,6.603750228881836
2020-11-30,6.537499904632568,6.537499904632568
2020-12-01,6.637499809265137,6.637499809265137
2020-12-02,6.622499942779541,6.622499942779541
2020-12-03,6.614999771118164,6.614999771118164
2020-12-04,6.62375020980835,6.62375020980835
2020-12-07,6.614999771118164,6.614999771118164
2020-12-08,6.683750152587891,6.683750152587891
2020-12-09,6.658750057220459,6.658750057220459
2020-12-10,6.641250133514404,6.641250133514404
2020-12-11,6.62375020980835,6.62375020980835
2020-12-14,6.662499904632568,6.662499904632568
2020-12-15,6.633749961853027,6.633749961853027
2020-12-16,6.648749828338623,6.648749828338623
2020-12-17,6.672500133514404,6.672500133514404
2020-12-18,6.662499904632568,6.662499904632568
2020-12-21,6.590000152587891,6.590000152587891
2020-12-22,6.611249923706055,6.611249923706055
2020-12-23,6.59375,6.59375
2020-12-24,6.610000133514404,6.610000133514404
2020-12-29,6.707499980926514,6.707499980926514
2020-12-30,6.683750152587891,6.683750152587891
2020-12-31,6.661250114440918,6.661250114440918
2021-01-04,6.625,6.625
2021-01-05,6.613749980926514,6.613749980926514
2021-01-06,6.675000190734863,6.675000190734863
2021-01-07,6.630000114440918,6.630000114440918
2021-01-08,6.601250171661377,6.601250171661377
2021-01-11,6.631249904632568,6.631249904632568
2021-01-12,6.571249961853027,6.571249961853027
2021-01-13,6.591249942779541,6.591249942779541
2021-01-14,6.558750152587891,6.558750152587891
2021-01-15,6.53249979019165,6.53249979019165
2021-01-18,6.53125,6.53125
2021-01-19,6.5,6.5
2021-01-20,6.471250057220459,6.471250057220459
2021-01-21,6.488749980926514,6.488749980926514
2021-01-22,6.473750114440918,6.473750114440918
2021-01-25,6.505000114440918,6.505000114440918
2021-01-26,6.551249980926514,6.551249980926514
2021-01-27,6.568749904632568,6.568749904632568
2021-01-28,6.547500133514404,6.547500133514404
2021-01-29,6.418749809265137,6.418749809265137
2021-02-01,6.385000228881836,6.385000228881836
2021-02-02,6.442500114440918,6.442500114440918
2021-02-03,6.421249866485596,6.421249866485596
2021-02-04,6.454999923706055,6.454999923706055
2021-02-05,6.53000020980835,6.53000020980835
2021-02-08,6.537499904632568,6.537499904632568
2021-02-09,6.548749923706055,6.548749923706055
2021-02-10,6.557499885559082,6.557499885559082
2021-02-11,6.539999961853027,6.539999961853027
2021-02-12,6.503749847412109,6.503749847412109
2021-02-15,6.554999828338623,6.554999828338623
2021-02-16,6.49875020980835,6.49875020980835
2021-02-17,6.533750057220459,6.533750057220459
2021-02-18,6.525000095367432,6.525000095367432
2021-02-19,6.508749961853027,6.508749961853027
2021-02-22,6.440000057220459,6.440000057220459
2021-02-23,6.473750114440918,6.473750114440918
2021-02-24,6.443749904632568,6.443749904632568
2021-02-25,6.446249961853027,6.446249961853027
2021-02-26,6.295000076293945,6.295000076293945
2021-03-01,6.375,6.375
2021-03-02,6.338749885559082,6.338749885559082
2021-03-03,6.31374979019165,6.31374979019165
2021-03-04,6.356249809265137,6.356249809265137
2021-03-05,6.337500095367432,6.337500095367432
2021-03-08,6.447500228881836,6.447500228881836
2021-03-09,6.443749904632568,6.443749904632568
2021-03-10,6.466249942779541,6.466249942779541
2021-03-11,6.521249771118164,6.521249771118164
2021-03-12,6.511250019073486,6.511250019073486
2021-03-15,6.545000076293945,6.545000076293945
2021-03-16,6.586249828338623,6.586249828338623
2021-03-17,6.581250190734863,6.581250190734863
2021-03-18,6.536250114440918,6.536250114440918
2021-03-19,6.559999942779541,6.559999942779541
2021-03-22,6.617499828338623,6.617499828338623
2021-03-23,6.683750152587891,6.683750152587891
2021-03-24,6.672500133514404,6.672500133514404
2021-03-25,6.65625,6.65625
2021-03-26,6.742499828338623,6.742499828338623
2021-03-29,6.852499961853027,6.852499961853027
2021-03-30,6.838749885559082,6.838749885559082
2021-03-31,6.829999923706055,6.829999923706055
2021-04-01,6.760000228881836,6.760000228881836
2021-04-06,6.882500171661377,6.882500171661377
2021-04-07,6.885000228881836,6.885000228881836
2021-04-08,6.875,6.875
2021-04-09,6.855000019073486,6.855000019073486
2021-04-12,6.889999866485596,6.889999866485596
2021-04-13,6.882500171661377,6.882500171661377
2021-04-14,6.872499942779541,6.872499942779541
2021-04-15,6.918749809265137,6.918749809265137
2021-04-16,6.949999809265137,6.949999809265137
2021-04-19,6.973750114440918,6.973750114440918
2021-04-20,6.986249923706055,6.986249923706055
2021-04-21,6.994999885559082,6.994999885559082
2021-04-22,6.978750228881836,6.978750228881836
2021-04-23,6.953750133514404,6.953750133514404
2021-04-26,6.866250038146973,6.866250038146973
2021-04-27,6.848750114440918,6.848750114440918
2021-04-28,6.871250152587891,6.871250152587891
2021-04-29,6.909999847412109,6.909999847412109
2021-04-30,6.911250114440918,6.911250114440918
2021-05-04,6.978750228881836,6.978750228881836
2021-05-05,6.931250095367432,6.931250095367432
2021-05-06,7.016250133514404,7.016250133514404
2021-05-07,7.053750038146973,7.053750038146973
2021-05-10,7.137499809265137,7.137499809265137
2021-05-11,7.050000190734863,7.050000190734863
2021-05-12,7.008749961853027,7.008749961853027
2021-05-13,7.019999980926514,7.019999980926514
2021-05-14,7.102499961853027,7.102499961853027
2021-05-17,7.053750038146973,7.053750038146973
2021-05-18,7.056250095367432,7.056250095367432
2021-05-19,7.002500057220459,7.002500057220459
2021-05-20,7.070000171661377,7.070000171661377
2021-05-21,7.091249942779541,7.091249942779541
2021-05-24,7.118750095367432,7.118750095367432
2021-05-25,7.087500095367432,7.087500095367432
2021-05-26,7.099999904632568,7.099999904632568
2021-05-27,7.09250020980835,7.09250020980835
2021-05-28,7.074999809265137,7.074999809265137
2021-06-01,7.054999828338623,7.054999828338623
2021-06-02,7.053750038146973,7.053750038146973
2021-06-03,7.087500095367432,7.087500095367432
2021-06-04,7.138750076293945,7.138750076293945
2021-06-07,7.097499847412109,7.097499847412109
2021-06-08,7.06125020980835,7.06125020980835
2021-06-09,7.068749904632568,7.068749904632568
2021-06-10,7.077499866485596,7.077499866485596
2021-06-11,7.053750038146973,7.053750038146973
2021-06-14,7.039999961853027,7.039999961853027
2021-06-15,7.078750133514404,7.078750133514404
2021-06-16,7.038750171661377,7.038750171661377
2021-06-17,6.985000133514404,6.985000133514404
2021-06-18,6.891250133514404,6.891250133514404
2021-06-21,6.940000057220459,6.940000057220459
2021-06-22,6.983749866485596,6.983749866485596
2021-06-23,6.942500114440918,6.942500114440918
2021-06-24,6.943749904632568,6.943749904632568
2021-06-25,6.978750228881836,6.978750228881836
2021-06-28,7.008749961853027,7.008749961853027
2021-06-29,7.005000114440918,7.005000114440918
2021-06-30,7.021249771118164,7.021249771118164
2021-07-01,7.037499904632568,7.037499904632568
2021-07-02,7.045000076293945,7.045000076293945
2021-07-05,7.042500019073486,7.042500019073486
2021-07-06,6.985000133514404,6.985000133514404
2021-07-07,7.070000171661377,7.070000171661377
2021-07-08,7.019999980926514,7.019999980926514
2021-07-09,7.071249961853027,7.071249961853027
2021-07-12,7.043749809265137,7.043749809265137
2021-07-13,7.088749885559082,7.088749885559082
2021-07-14,7.099999904632568,7.099999904632568
2021-07-15,7.09375,7.09375
2021-07-16,7.159999847412109,7.159999847412109
2021-07-19,7.105000019073486,7.105000019073486
2021-07-20,7.153749942779541,7.153749942779541
2021-07-21,7.138750076293945,7.138750076293945
2021-07-22,7.119999885559082,7.119999885559082
2021-07-23,7.176249980926514,7.176249980926514
2021-07-26,7.201250076293945,7.201250076293945
2021-07-27,7.236249923706055,7.236249923706055
2021-07-28,7.171249866485596,7.171249866485596
2021-07-29,7.196249961853027,7.196249961853027
2021-07-30,7.241250038146973,7.241250038146973
2021-08-02,7.213749885559082,7.213749885559082
2021-08-03,7.221250057220459,7.221250057220459
2021-08-04,7.138750076293945,7.138750076293945
2021-08-05,7.15500020980835,7.15500020980835
2021-08-06,7.167500019073486,7.167500019073486
2021-08-09,7.184999942779541,7.184999942779541
2021-08-10,7.241250038146973,7.241250038146973
2021-08-11,7.288750171661377,7.288750171661377
2021-08-12,7.257500171661377,7.257500171661377
2021-08-13,7.315000057220459,7.315000057220459
2021-08-16,7.355000019073486,7.355000019073486
2021-08-17,7.389999866485596,7.389999866485596
2021-08-18,7.323750019073486,7.323750019073486
2021-08-19,7.324999809265137,7.324999809265137
2021-08-20,7.363749980926514,7.363749980926514
2021-08-23,7.367499828338623,7.367499828338623
2021-08-24,7.293749809265137,7.293749809265137
2021-08-25,7.262499809265137,7.262499809265137
2021-08-26,7.235000133514404,7.235000133514404
2021-08-27,7.256249904632568,7.256249904632568
2021-08-31,7.31374979019165,7.31374979019165
2021-09-01,7.327499866485596,7.327499866485596
2021-09-02,7.372499942779541,7.372499942779541
2021-09-03,7.366250038146973,7.366250038146973
2021-09-06,7.394999980926514,7.394999980926514
2021-09-07,7.297500133514404,7.297500133514404
2021-09-08,7.324999809265137,7.324999809265137
2021-09-09,7.320000171661377,7.320000171661377
2021-09-10,7.28249979019165,7.28249979019165
2021-09-13,7.355000019073486,7.355000019073486
2021-09-14,7.28249979019165,7.28249979019165
2021-09-15,7.275000095367432,7.275000095367432
2021-09-16,7.230000019073486,7.230000019073486
2021-09-17,7.252500057220459,7.252500057220459
2021-09-20,7.191249847412109,7.191249847412109
2021-09-21,7.166250228881836,7.166250228881836
2021-09-22,7.183750152587891,7.183750152587891
2021-09-23,7.190000057220459,7.190000057220459
2021-09-24,7.196249961853027,7.196249961853027
2021-09-27,7.195000171661377,7.195000171661377
2021-09-28,7.086249828338623,7.086249828338623
2021-09-29,7.15500020980835,7.15500020980835
2021-09-30,7.085000038146973,7.085000038146973
2021-10-01,6.982500076293945,6.982500076293945
2021-10-04,6.957499980926514,6.957499980926514
2021-10-05,7.057499885559082,7.057499885559082
2021-10-06,7.014999866485596,7.014999866485596
2021-10-07,7.172500133514404,7.172500133514404
2021-10-08,7.12375020980835,7.12375020980835
2021-10-11,7.128749847412109,7.128749847412109
2021-10-12,7.170000076293945,7.170000076293945
2021-10-13,7.096250057220459,7.096250057220459
2021-10-14,7.207499980926514,7.207499980926514
2021-10-15,7.207499980926514,7.207499980926514
2021-10-18,7.190000057220459,7.190000057220459
2021-10-19,7.143750190734863,7.143750190734863
2021-10-20,7.21999979019165,7.21999979019165
2021-10-21,7.207499980926514,7.207499980926514
2021-10-22,7.262499809265137,7.262499809265137
2021-10-25,7.260000228881836,7.260000228881836
2021-10-26,7.28000020980835,7.28000020980835
2021-10-27,7.276249885559082,7.276249885559082
2021-10-28,7.275000095367432,7.275000095367432
2021-10-29,7.286250114440918,7.286250114440918
2021-11-01,7.292500019073486,7.292500019073486
2021-11-02,7.326250076293945,7.326250076293945
2021-11-03,7.360000133514404,7.360000133514404
2021-11-04,7.412499904632568,7.412499904632568
2021-11-05,7.434999942779541,7.434999942779541
2021-11-08,7.369999885559082,7.369999885559082
2021-11-09,7.383749961853027,7.383749961853027
2021-11-10,7.4375,7.4375
2021-11-11,7.431250095367432,7.431250095367432
2021-11-12,7.466249942779541,7.466249942779541
2021-11-15,7.472499847412109,7.472499847412109
2021-11-16,7.454999923706055,7.454999923706055
2021-11-17,7.418749809265137,7.418749809265137
2021-11-18,7.363749980926514,7.363749980926514
2021-11-19,7.403749942779541,7.403749942779541
2021-11-22,7.452499866485596,7.452499866485596
2021-11-23,7.461249828338623,7.461249828338623
2021-11-24,7.441249847412109,7.441249847412109
2021-11-25,7.460000038146973,7.460000038146973
2021-11-26,7.369999885559082,7.369999885559082
2021-11-29,7.386250019073486,7.386250019073486
2021-11-30,7.28125,7.28125
2021-12-01,7.288750171661377,7.288750171661377
2021-12-02,7.24875020980835,7.24875020980835
2021-12-03,7.289999961853027,7.289999961853027
2021-12-06,7.448750019073486,7.448750019073486
2021-12-07,7.481249809265137,7.481249809265137
2021-12-08,7.386250019073486,7.386250019073486
2021-12-09,7.409999847412109,7.409999847412109
2021-12-10,7.550000190734863,7.550000190734863
2021-12-13,7.642499923706055,7.642499923706055
2021-12-14,7.664999961853027,7.664999961853027
2021-12-15,7.716249942779541,7.716249942779541
2021-12-16,7.806250095367432,7.806250095367432
2021-12-17,7.764999866485596,7.764999866485596
2021-12-20,7.642499923706055,7.642499923706055
2021-12-21,7.627500057220459,7.627500057220459
2021-12-22,7.693749904632568,7.693749904632568
2021-12-23,7.743750095367432,7.743750095367432
2021-12-24,7.739999771118164,7.739999771118164
2021-12-29,7.875,7.875
2021-12-30,7.880000114440918,7.880000114440918
2021-12-31,7.869999885559082,7.869999885559082
2022-01-04,7.987500190734863,7.987500190734863
2022-01-05,8.015000343322754,8.015000343322754
2022-01-06,7.953750133514404,7.953750133514404
2022-01-07,7.949999809265137,7.949999809265137
2022-01-10,7.885000228881836,7.885000228881836
2022-01-11,7.824999809265137,7.824999809265137
2022-01-12,7.885000228881836,7.885000228881836
2022-01-13,7.914999961853027,7.914999961853027
2022-01-14,7.883749961853027,7.883749961853027
2022-01-17,7.929999828338623,7.929999828338623
2022-01-18,7.824999809265137,7.824999809265137
2022-01-19,7.896249771118164,7.896249771118164
2022-01-20,7.908750057220459,7.908750057220459
2022-01-21,7.881249904632568,7.881249904632568
2022-01-24,7.730000019073486,7.730000019073486
2022-01-25,7.681250095367432,7.681250095367432
2022-01-26,7.724999904632568,7.724999904632568
2022-01-27,7.773749828338623,7.773749828338623
2022-01-28,7.676249980926514,7.676249980926514
2022-01-31,7.75,7.75
2022-02-01,7.744999885559082,7.744999885559082
2022-02-02,7.871250152587891,7.871250152587891
2022-02-03,7.911250114440918,7.911250114440918
2022-02-04,7.824999809265137,7.824999809265137
2022-02-07,7.818749904632568,7.818749904632568
2022-02-08,7.841249942779541,7.841249942779541
2022-02-09,7.853750228881836,7.853750228881836
2022-02-10,7.81374979019165,7.81374979019165
2022-02-11,7.769999980926514,7.769999980926514
2022-02-14,7.633749961853027,7.633749961853027
2022-02-15,7.764999866485596,7.764999866485596
2022-02-16,7.713749885559082,7.713749885559082
2022-02-17,7.753749847412109,7.753749847412109
2022-02-18,7.853750228881836,7.853750228881836
2022-02-21,7.804999828338623,7.804999828338623
2022-02-22,7.806250095367432,7.806250095367432
2022-02-23,7.763750076293945,7.763750076293945
2022-02-24,7.463749885559082,7.463749885559082
2022-02-25,7.758749961853027,7.758749961853027
2022-02-28,7.706250190734863,7.706250190734863
2022-03-01,7.693749904632568,7.693749904632568
2022-03-02,7.744999885559082,7.744999885559082
2022-03-03,7.776249885559082,7.776249885559082
2022-03-04,7.738749980926514,7.738749980926514
2022-03-07,7.724999904632568,7.724999904632568
2022-03-08,7.517499923706055,7.517499923706055
2022-03-09,7.527500152587891,7.527500152587891
2022-03-10,7.381249904632568,7.381249904632568
2022-03-11,7.46875,7.46875
2022-03-14,7.442500114440918,7.442500114440918
2022-03-15,7.554999828338623,7.554999828338623
2022-03-16,7.576250076293945,7.576250076293945
2022-03-17,7.612500190734863,7.612500190734863
2022-03-18,7.599999904632568,7.599999904632568
2022-03-21,7.617499828338623,7.617499828338623
2022-03-22,7.667500019073486,7.667500019073486
2022-03-23,7.638750076293945,7.638750076293945
2022-03-24,7.650000095367432,7.650000095367432
2022-03-25,7.712500095367432,7.712500095367432
2022-03-28,7.732500076293945,7.732500076293945
2022-03-29,7.829999923706055,7.829999923706055
2022-03-30,7.848750114440918,7.848750114440918
2022-03-31,7.878749847412109,7.878749847412109
2022-04-01,7.867499828338623,7.867499828338623
2022-04-04,7.880000114440918,7.880000114440918
2022-04-05,7.974999904632568,7.974999904632568
2022-04-06,7.989999771118164,7.989999771118164
2022-04-07,8.053750038146973,8.053750038146973
2022-04-08,8.163749694824219,8.163749694824219
2022-04-11,8.15999984741211,8.15999984741211
2022-04-12,8.157500267028809,8.157500267028809
2022-04-13,8.137499809265137,8.137499809265137
2022-04-14,8.208749771118164,8.208749771118164
2022-04-19,8.175000190734863,8.175000190734863
2022-04-20,8.317500114440918,8.317500114440918
2022-04-21,8.40250015258789,8.40250015258789
2022-04-22,8.293749809265137,8.293749809265137
2022-04-25,8.1225004196167,8.1225004196167
2022-04-26,8.213749885559082,8.213749885559082
2022-04-27,8.194999694824219,8.194999694824219
2022-04-28,8.168749809265137,8.168749809265137
2022-04-29,8.145000457763672,8.145000457763672
2022-05-03,7.962500095367432,7.962500095367432
2022-05-04,7.958749771118164,7.958749771118164
2022-05-05,7.980000019073486,7.980000019073486
2022-05-06,7.958749771118164,7.958749771118164
2022-05-09,7.933750152587891,7.933750152587891
2022-05-10,7.869999885559082,7.869999885559082
2022-05-11,7.951250076293945,7.951250076293945
2022-05-12,7.832499980926514,7.832499980926514
2022-05-13,7.917500019073486,7.917500019073486
2022-05-16,7.972499847412109,7.972499847412109
2022-05-17,7.911250114440918,7.911250114440918
2022-05-18,7.548749923706055,7.548749923706055
2022-05-19,7.28249979019165,7.28249979019165
2022-05-20,7.184999942779541,7.184999942779541
2022-05-23,7.449999809265137,7.449999809265137
2022-05-24,7.423749923706055,7.423749923706055
2022-05-25,7.56125020980835,7.56125020980835
2022-05-26,7.639999866485596,7.639999866485596
2022-05-27,7.690000057220459,7.690000057220459
2022-05-30,7.747499942779541,7.747499942779541
2022-05-31,7.637499809265137,7.637499809265137
2022-06-01,7.537499904632568,7.537499904632568
2022-06-06,7.610000133514404,7.610000133514404
2022-06-07,7.559999942779541,7.559999942779541
2022-06-08,7.583749771118164,7.583749771118164
2022-06-09,7.53249979019165,7.53249979019165
2022-06-10,7.397500038146973,7.397500038146973
2022-06-13,7.289999961853027,7.289999961853027
2022-06-14,7.143750190734863,7.143750190734863
2022-06-15,7.121250152587891,7.121250152587891
2022-06-16,7.108749866485596,7.108749866485596
2022-06-17,7.105000019073486,7.105000019073486
2022-06-20,7.127500057220459,7.127500057220459
2022-06-21,7.210000038146973,7.210000038146973
2022-06-22,7.277500152587891,7.277500152587891
2022-06-23,7.37624979019165,7.37624979019165
2022-06-24,7.5,7.5
2022-06-27,7.519999980926514,7.519999980926514
2022-06-28,7.506249904632568,7.506249904632568
2022-06-29,7.472499847412109,7.472499847412109
2022-06-30,7.4375,7.4375
2022-07-01,7.491250038146973,7.491250038146973
2022-07-04,7.545000076293945,7.545000076293945
2022-07-05,7.431250095367432,7.431250095367432
2022-07-06,7.553750038146973,7.553750038146973
2022-07-07,7.519999980926514,7.519999980926514
2022-07-08,7.552499771118164,7.552499771118164
2022-07-11,7.527500152587891,7.527500152587891
2022-07-12,7.576250076293945,7.576250076293945
2022-07-13,7.49875020980835,7.49875020980835
2022-07-14,7.453750133514404,7.453750133514404
2022-07-15,7.547500133514404,7.547500133514404
2022-07-18,7.5625,7.5625
2022-07-19,7.557499885559082,7.557499885559082
2022-07-20,7.537499904632568,7.537499904632568
2022-07-21,7.480000019073486,7.480000019073486
2022-07-22,7.576250076293945,7.576250076293945
2022-07-25,7.631249904632568,7.631249904632568
2022-07-26,7.510000228881836,7.510000228881836
2022-07-27,7.56374979019165,7.56374979019165
2022-07-28,7.697500228881836,7.697500228881836
2022-07-29,7.68874979019165,7.68874979019165
2022-08-01,7.807499885559082,7.807499885559082
2022-08-02,7.777500152587891,7.777500152587891
2022-08-03,7.762499809265137,7.762499809265137
2022-08-04,7.735000133514404,7.735000133514404
2022-08-05,7.65749979019165,7.65749979019165
2022-08-08,7.75,7.75
2022-08-09,7.727499961853027,7.727499961853027
2022-08-10,7.762499809265137,7.762499809265137
2022-08-11,7.801249980926514,7.801249980926514
2022-08-12,7.772500038146973,7.772500038146973
2022-08-15,7.852499961853027,7.852499961853027
2022-08-16,7.983749866485596,7.983749866485596
2022-08-17,7.986249923706055,7.986249923706055
2022-08-18,7.974999904632568,7.974999904632568
2022-08-19,7.974999904632568,7.974999904632568
2022-08-22,7.909999847412109,7.909999847412109
2022-08-23,7.829999923706055,7.829999923706055
2022-08-24,7.877500057220459,7.877500057220459
2022-08-25,7.852499961853027,7.852499961853027
2022-08-26,7.808750152587891,7.808750152587891
2022-08-30,7.667500019073486,7.667500019073486
2022-08-31,7.644999980926514,7.644999980926514
2022-09-01,7.602499961853027,7.602499961853027
2022-09-02,7.68874979019165,7.68874979019165
2022-09-05,7.53249979019165,7.53249979019165
2022-09-06,7.537499904632568,7.537499904632568
2022-09-07,7.56125020980835,7.56125020980835
2022-09-08,7.614999771118164,7.614999771118164
2022-09-09,7.643750190734863,7.643750190734863
2022-09-12,7.721250057220459,7.721250057220459
2022-09-13,7.56125020980835,7.56125020980835
2022-09-14,7.442500114440918,7.442500114440918
2022-09-15,7.417500019073486,7.417500019073486
2022-09-16,7.37375020980835,7.37375020980835
2022-09-20,7.392499923706055,7.392499923706055
2022-09-21,7.488749980926514,7.488749980926514
2022-09-22,7.369999885559082,7.369999885559082
2022-09-23,7.272500038146973,7.272500038146973
2022-09-26,7.258749961853027,7.258749961853027
2022-09-27,7.198750019073486,7.198750019073486
2022-09-28,7.153749942779541,7.153749942779541
2022-09-29,7.125,7.125
2022-09-30,7.079999923706055,7.079999923706055
2022-10-03,7.051249980926514,7.051249980926514
2022-10-04,7.183750152587891,7.183750152587891
2022-10-05,7.117499828338623,7.117499828338623
2022-10-06,7.130000114440918,7.130000114440918
2022-10-07,6.987500190734863,6.987500190734863
2022-10-10,6.957499980926514,6.957499980926514
2022-10-11,7.043749809265137,7.043749809265137
2022-10-12,7.122499942779541,7.122499942779541
2022-10-13,7.077499866485596,7.077499866485596
2022-10-14,7.118750095367432,7.118750095367432
2022-10-17,7.133749961853027,7.133749961853027
2022-10-18,7.190000057220459,7.190000057220459
2022-10-19,7.202499866485596,7.202499866485596
2022-10-20,7.143750190734863,7.143750190734863
2022-10-21,7.12375020980835,7.12375020980835
2022-10-24,7.28125,7.28125
2022-10-25,7.37375020980835,7.37375020980835
2022-10-26,7.487500190734863,7.487500190734863
2022-10-27,7.502500057220459,7.502500057220459
2022-10-28,7.59499979019165,7.59499979019165
2022-10-31,7.602499961853027,7.602499961853027
2022-11-01,7.570000171661377,7.570000171661377
2022-11-02,7.53125,7.53125
2022-11-03,7.428750038146973,7.428750038146973
2022-11-04,7.441249847412109,7.441249847412109
2022-11-07,7.53249979019165,7.53249979019165
2022-11-08,7.621250152587891,7.621250152587891
2022-11-09,7.583749771118164,7.583749771118164
2022-11-10,7.635000228881836,7.635000228881836
2022-11-11,7.587500095367432,7.587500095367432
2022-11-14,7.677499771118164,7.677499771118164
2022-11-15,7.711249828338623,7.711249828338623
2022-11-16,7.715000152587891,7.715000152587891
2022-11-17,7.678750038146973,7.678750038146973
2022-11-18,7.796249866485596,7.796249866485596
2022-11-21,7.871250152587891,7.871250152587891
2022-11-22,7.925000190734863,7.925000190734863
2022-11-23,7.978750228881836,7.978750228881836
2022-11-24,7.981249809265137,7.981249809265137
2022-11-25,7.962500095367432,7.962500095367432
2022-11-28,7.972499847412109,7.972499847412109
2022-11-29,7.880000114440918,7.880000114440918
2022-11-30,7.898749828338623,7.898749828338623
2022-12-01,7.996250152587891,7.996250152587891
2022-12-02,8.0337495803833,8.0337495803833
2022-12-05,7.989999771118164,7.989999771118164
2022-12-06,7.941249847412109,7.941249847412109
2022-12-07,7.929999828338623,7.929999828338623
2022-12-08,7.96875,7.96875
2022-12-09,7.974999904632568,7.974999904632568
2022-12-12,7.943749904632568,7.943749904632568
2022-12-13,8.03125,8.03125
2022-12-14,8.051250457763672,8.051250457763672
2022-12-15,7.829999923706055,7.829999923706055
2022-12-16,7.803750038146973,7.803750038146973
2022-12-19,7.840000152587891,7.840000152587891
2022-12-20,7.78249979019165,7.78249979019165
2022-12-21,7.898749828338623,7.898749828338623
2022-12-22,7.837500095367432,7.837500095367432
2022-12-23,7.875,7.875
2022-12-28,7.891250133514404,7.891250133514404
2022-12-29,7.877500057220459,7.877500057220459
2022-12-30,7.864999771118164,7.864999771118164
2023-01-03,7.760000228881836,7.760000228881836
2023-01-04,7.857500076293945,7.857500076293945
2023-01-05,7.755000114440918,7.755000114440918
2023-01-06,7.962500095367432,7.962500095367432
2023-01-09,8.0024995803833,8.0024995803833
2023-01-10,7.875,7.875
2023-01-11,7.84250020980835,7.84250020980835
2023-01-12,7.835000038146973,7.835000038146973
2023-01-13,7.820000171661377,7.820000171661377
2023-01-16,7.866250038146973,7.866250038146973
2023-01-17,7.891250133514404,7.891250133514404
2023-01-18,7.728750228881836,7.728750228881836
2023-01-19,7.639999866485596,7.639999866485596
2023-01-20,7.59250020980835,7.59250020980835
2023-01-23,7.679999828338623,7.679999828338623
2023-01-24,7.675000190734863,7.675000190734863
2023-01-25,7.637499809265137,7.637499809265137
2023-01-26,7.682499885559082,7.682499885559082
2023-01-27,7.647500038146973,7.647500038146973
2023-01-30,7.697500228881836,7.697500228881836
2023-01-31,7.691249847412109,7.691249847412109
2023-02-01,7.764999866485596,7.764999866485596
2023-02-02,7.78000020980835,7.78000020980835
2023-02-03,7.713749885559082,7.713749885559082
2023-02-06,7.732500076293945,7.732500076293945
2023-02-07,7.670000076293945,7.670000076293945
2023-02-08,7.651249885559082,7.651249885559082
2023-02-09,7.647500038146973,7.647500038146973
2023-02-10,7.650000095367432,7.650000095367432
2023-02-13,7.752500057220459,7.752500057220459
2023-02-14,7.692500114440918,7.692500114440918
2023-02-15,7.684999942779541,7.684999942779541
2023-02-16,7.679999828338623,7.679999828338623
2023-02-17,7.692500114440918,7.692500114440918
2023-02-20,7.723750114440918,7.723750114440918
2023-02-21,7.730000019073486,7.730000019073486
2023-02-22,7.762499809265137,7.762499809265137
2023-02-23,7.684999942779541,7.684999942779541
2023-02-24,7.635000228881836,7.635000228881836
2023-02-27,7.65749979019165,7.65749979019165
2023-02-28,7.606249809265137,7.606249809265137
2023-03-01,7.488749980926514,7.488749980926514
2023-03-02,7.571249961853027,7.571249961853027
2023-03-03,7.59250020980835,7.59250020980835
2023-03-06,7.637499809265137,7.637499809265137
2023-03-07,7.579999923706055,7.579999923706055
2023-03-08,7.567500114440918,7.567500114440918
2023-03-09,7.570000171661377,7.570000171661377
2023-03-10,7.539999961853027,7.539999961853027
2023-03-13,7.571249961853027,7.571249961853027
2023-03-14,7.5625,7.5625
2023-03-15,7.550000190734863,7.550000190734863
2023-03-16,7.597499847412109,7.597499847412109
2023-03-17,7.587500095367432,7.587500095367432
2023-03-20,7.647500038146973,7.647500038146973
2023-03-21,7.644999980926514,7.644999980926514
2023-03-22,7.698750019073486,7.698750019073486
2023-03-23,7.642499923706055,7.642499923706055
2023-03-24,7.643750190734863,7.643750190734863
2023-03-27,7.741250038146973,7.741250038146973
2023-03-28,7.78249979019165,7.78249979019165
2023-03-29,7.783750057220459,7.783750057220459
2023-03-30,7.820000171661377,7.820000171661377
2023-03-31,7.872499942779541,7.872499942779541
2023-04-03,7.931250095367432,7.931250095367432
2023-04-04,7.90625,7.90625
2023-04-05,7.958749771118164,7.958749771118164
2023-04-06,7.93874979019165,7.93874979019165
2023-04-11,7.993750095367432,7.993750095367432
2023-04-12,7.96750020980835,7.96750020980835
2023-04-13,7.929999828338623,7.929999828338623
2023-04-14,7.943749904632568,7.943749904632568
2023-04-17,7.988749980926514,7.988749980926514
2023-04-18,7.96750020980835,7.96750020980835
2023-04-19,8.021249771118164,8.021249771118164
2023-04-20,8.032500267028809,8.032500267028809
2023-04-21,8.077500343322754,8.077500343322754
2023-04-24,8.116250038146973,8.116250038146973
2023-04-25,8.15999984741211,8.15999984741211
2023-04-26,8.081250190734863,8.081250190734863
2023-04-27,8.074999809265137,8.074999809265137
2023-04-28,8.1587495803833,8.1587495803833
2023-05-02,8.081250190734863,8.081250190734863
2023-05-03,8.132499694824219,8.132499694824219
2023-05-04,8.057499885559082,8.057499885559082
2023-05-05,8.145000457763672,8.145000457763672
2023-05-09,8.119999885559082,8.119999885559082
2023-05-10,8.088749885559082,8.088749885559082
2023-05-11,8.074999809265137,8.074999809265137
2023-05-12,8.111249923706055,8.111249923706055
2023-05-15,8.1225004196167,8.1225004196167
2023-05-16,8.087499618530273,8.087499618530273
2023-05-17,8.0,8.0
2023-05-18,7.997499942779541,7.997499942779541
2023-05-19,7.992499828338623,7.992499828338623
2023-05-22,7.90500020980835,7.90500020980835
2023-05-23,7.852499961853027,7.852499961853027
2023-05-24,7.793749809265137,7.793749809265137
2023-05-25,7.715000152587891,7.715000152587891
2023-05-26,7.737500190734863,7.737500190734863
2023-05-30,7.662499904632568,7.662499904632568
2023-05-31,7.682499885559082,7.682499885559082
2023-06-01,7.651249885559082,7.651249885559082
2023-06-02,7.75,7.75
2023-06-05,7.783750057220459,7.783750057220459
2023-06-06,7.707499980926514,7.707499980926514
2023-06-07,7.696249961853027,7.696249961853027
2023-06-08,7.711249828338623,7.711249828338623
2023-06-09,7.755000114440918,7.755000114440918
2023-06-12,7.721250057220459,7.721250057220459
2023-06-13,7.762499809265137,7.762499809265137
2023-06-14,7.840000152587891,7.840000152587891
2023-06-15,7.868750095367432,7.868750095367432
2023-06-16,7.946249961853027,7.946249961853027
2023-06-19,7.893750190734863,7.893750190734863
2023-06-20,7.855000019073486,7.855000019073486
2023-06-21,7.892499923706055,7.892499923706055
2023-06-22,7.897500038146973,7.897500038146973
2023-06-23,7.913750171661377,7.913750171661377
2023-06-26,7.836249828338623,7.836249828338623
2023-06-27,7.847499847412109,7.847499847412109
2023-06-28,7.84375,7.84375
2023-06-29,7.84375,7.84375
2023-06-30,7.898749828338623,7.898749828338623
2023-07-03,7.960000038146973,7.960000038146973
2023-07-04,7.971250057220459,7.971250057220459
2023-07-05,7.960000038146973,7.960000038146973
2023-07-06,7.93625020980835,7.93625020980835
2023-07-07,7.871250152587891,7.871250152587891
2023-07-10,7.849999904632568,7.849999904632568
2023-07-11,7.824999809265137,7.824999809265137
2023-07-12,7.885000228881836,7.885000228881836
2023-07-13,7.864999771118164,7.864999771118164
2023-07-14,7.892499923706055,7.892499923706055
2023-07-17,7.927499771118164,7.927499771118164
2023-07-18,7.942500114440918,7.942500114440918
2023-07-19,7.925000190734863,7.925000190734863
2023-07-20,8.018750190734863,8.018750190734863
2023-07-21,8.057499885559082,8.057499885559082
2023-07-24,8.069999694824219,8.069999694824219
2023-07-25,8.083749771118164,8.083749771118164
2023-07-26,8.104999542236328,8.104999542236328
2023-07-27,8.0962495803833,8.0962495803833
2023-07-28,8.135000228881836,8.135000228881836
2023-07-31,8.068750381469727,8.068750381469727
2023-08-01,8.046250343322754,8.046250343322754
2023-08-02,8.081250190734863,8.081250190734863
2023-08-03,8.056249618530273,8.056249618530273
2023-08-04,8.051250457763672,8.051250457763672
2023-08-07,8.043749809265137,8.043749809265137
2023-08-08,7.965000152587891,7.965000152587891
2023-08-09,8.024999618530273,8.024999618530273
2023-08-10,8.057499885559082,8.057499885559082
2023-08-11,7.989999771118164,7.989999771118164
2023-08-14,7.985000133514404,7.985000133514404
2023-08-15,7.903749942779541,7.903749942779541
2023-08-16,7.90749979019165,7.90749979019165
2023-08-17,7.832499980926514,7.832499980926514
2023-08-18,7.807499885559082,7.807499885559082
2023-08-21,7.738749980926514,7.738749980926514
2023-08-22,7.71750020980835,7.71750020980835
2023-08-23,7.739999771118164,7.739999771118164
2023-08-24,7.764999866485596,7.764999866485596
2023-08-25,7.75,7.75
2023-08-29,7.771249771118164,7.771249771118164
2023-08-30,7.823750019073486,7.823750019073486
2023-08-31,7.8125,7.8125
2023-09-01,7.747499942779541,7.747499942779541
2023-09-04,7.735000133514404,7.735000133514404
2023-09-05,7.699999809265137,7.699999809265137
2023-09-06,7.651249885559082,7.651249885559082
2023-09-07,7.666250228881836,7.666250228881836
2023-09-08,7.672500133514404,7.672500133514404
2023-09-11,7.732500076293945,7.732500076293945
2023-09-12,7.712500095367432,7.712500095367432
2023-09-13,7.723750114440918,7.723750114440918
2023-09-14,7.755000114440918,7.755000114440918
2023-09-15,7.762499809265137,7.762499809265137
2023-09-18,7.704999923706055,7.704999923706055
2023-09-19,7.695000171661377,7.695000171661377
2023-09-20,7.736249923706055,7.736249923706055
2023-09-21,7.672500133514404,7.672500133514404
2023-09-22,7.630000114440918,7.630000114440918
2023-09-25,7.554999828338623,7.554999828338623
2023-09-26,7.505000114440918,7.505000114440918
2023-09-27,7.452499866485596,7.452499866485596
2023-09-28,7.448750019073486,7.448750019073486
2023-09-29,7.454999923706055,7.454999923706055
2023-10-02,7.394999980926514,7.394999980926514
2023-10-03,7.340000152587891,7.340000152587891
2023-10-04,7.329999923706055,7.329999923706055
2023-10-05,7.293749809265137,7.293749809265137
2023-10-06,7.15500020980835,7.15500020980835
2023-10-09,7.139999866485596,7.139999866485596
2023-10-10,7.287499904632568,7.287499904632568
2023-10-11,7.215000152587891,7.215000152587891
2023-10-12,7.159999847412109,7.159999847412109
2023-10-13,7.1875,7.1875
2023-10-16,7.297500133514404,7.297500133514404
2023-10-17,7.307499885559082,7.307499885559082
2023-10-18,7.352499961853027,7.352499961853027
2023-10-19,7.335000038146973,7.335000038146973
2023-10-20,7.332499980926514,7.332499980926514
2023-10-23,7.287499904632568,7.287499904632568
2023-10-24,7.318749904632568,7.318749904632568
2023-10-25,7.371250152587891,7.371250152587891
2023-10-26,7.34499979019165,7.34499979019165
2023-10-27,7.242499828338623,7.242499828338623
2023-10-30,7.283750057220459,7.283750057220459
2023-10-31,7.321249961853027,7.321249961853027
2023-11-01,7.332499980926514,7.332499980926514
2023-11-02,7.429999828338623,7.429999828338623
2023-11-03,7.482500076293945,7.482500076293945
2023-11-06,7.46999979019165,7.46999979019165
2023-11-07,7.492499828338623,7.492499828338623
2023-11-08,7.453750133514404,7.453750133514404
2023-11-09,7.420000076293945,7.420000076293945
2023-11-10,7.411250114440918,7.411250114440918
2023-11-13,7.477499961853027,7.477499961853027
2023-11-14,7.570000171661377,7.570000171661377
2023-11-15,7.588749885559082,7.588749885559082
2023-11-16,7.522500038146973,7.522500038146973
2023-11-17,7.489999771118164,7.489999771118164
2023-11-20,7.489999771118164,7.489999771118164
2023-11-21,7.506249904632568,7.506249904632568
2023-11-22,7.571249961853027,7.571249961853027
2023-11-23,7.590000152587891,7.590000152587891
2023-11-24,7.613749980926514,7.613749980926514
2023-11-27,7.62375020980835,7.62375020980835
2023-11-28,7.627500057220459,7.627500057220459
2023-11-29,7.570000171661377,7.570000171661377
2023-11-30,7.59250020980835,7.59250020980835
2023-12-01,7.632500171661377,7.632500171661377
2023-12-04,7.672500133514404,7.672500133514404
2023-12-05,7.642499923706055,7.642499923706055
2023-12-06,7.582499980926514,7.582499980926514
2023-12-07,7.622499942779541,7.622499942779541
2023-12-08,7.585000038146973,7.585000038146973
2023-12-11,7.630000114440918,7.630000114440918
2023-12-12,7.652500152587891,7.652500152587891
2023-12-13,7.710000038146973,7.710000038146973
2023-12-14,7.757500171661377,7.757500171661377
2023-12-15,7.698750019073486,7.698750019073486
2023-12-18,7.797500133514404,7.797500133514404
2023-12-19,7.787499904632568,7.787499904632568
2023-12-20,7.724999904632568,7.724999904632568
2023-12-21,7.675000190734863,7.675000190734863
2023-12-22,7.697500228881836,7.697500228881836
2023-12-27,7.8125,7.8125
2023-12-28,7.815000057220459,7.815000057220459
2023-12-29,7.835000038146973,7.835000038146973
2024-01-02,7.912499904632568,7.912499904632568
2024-01-03,7.902500152587891,7.902500152587891
2024-01-04,7.892499923706055,7.892499923706055
2024-01-05,7.856249809265137,7.856249809265137
2024-01-08,7.858749866485596,7.858749866485596
2024-01-09,7.872499942779541,7.872499942779541
2024-01-10,7.901249885559082,7.901249885559082
2024-01-11,7.860000133514404,7.860000133514404
2024-01-12,7.911250114440918,7.911250114440918
2024-01-15,7.918749809265137,7.918749809265137
2024-01-16,7.912499904632568,7.912499904632568
2024-01-17,7.90500020980835,7.90500020980835
2024-01-18,7.840000152587891,7.840000152587891
2024-01-19,7.849999904632568,7.849999904632568
2024-01-22,7.823750019073486,7.823750019073486
2024-01-23,7.877500057220459,7.877500057220459
2024-01-24,7.887499809265137,7.887499809265137
2024-01-25,7.821249961853027,7.821249961853027
2024-01-26,7.909999847412109,7.909999847412109
2024-01-29,7.922500133514404,7.922500133514404
2024-01-30,7.965000152587891,7.965000152587891
2024-01-31,8.0,8.0
2024-02-01,8.052499771118164,8.052499771118164
2024-02-02,8.061249732971191,8.061249732971191
2024-02-05,8.055000305175781,8.055000305175781
2024-02-06,8.052499771118164,8.052499771118164
2024-02-07,8.077500343322754,8.077500343322754
2024-02-08,8.0600004196167,8.0600004196167
2024-02-09,7.987500190734863,7.987500190734863
2024-02-12,7.988749980926514,7.988749980926514
2024-02-13,7.960000038146973,7.960000038146973
2024-02-14,7.929999828338623,7.929999828338623
2024-02-15,7.971250057220459,7.971250057220459
2024-02-16,8.006250381469727,8.006250381469727
2024-02-19,8.006250381469727,8.006250381469727
2024-02-20,8.087499618530273,8.087499618530273
2024-02-21,8.100000381469727,8.100000381469727
2024-02-22,8.087499618530273,8.087499618530273
2024-02-23,8.1850004196167,8.1850004196167
2024-02-26,8.15999984741211,8.15999984741211
2024-02-27,8.142499923706055,8.142499923706055
2024-02-28,8.137499809265137,8.137499809265137
2024-02-29,8.147500038146973,8.147500038146973
2024-03-01,8.102499961853027,8.102499961853027
2024-03-04,8.133749961853027,8.133749961853027
2024-03-05,8.171250343322754,8.171250343322754
2024-03-06,8.232500076293945,8.232500076293945
2024-03-07,8.257499694824219,8.257499694824219
2024-03-08,8.201250076293945,8.201250076293945
2024-03-11,8.213749885559082,8.213749885559082
2024-03-12,8.297499656677246,8.297499656677246
2024-03-13,8.3149995803833,8.3149995803833
2024-03-14,8.270000457763672,8.270000457763672
2024-03-15,8.241250038146973,8.241250038146973
2024-03-18,8.327500343322754,8.327500343322754
2024-03-19,8.3149995803833,8.3149995803833
2024-03-20,8.345000267028809,8.345000267028809
2024-03-21,8.387499809265137,8.387499809265137
2024-03-22,8.354999542236328,8.354999542236328
2024-03-25,8.302499771118164,8.302499771118164
2024-03-26,8.332500457763672,8.332500457763672
2024-03-27,8.367500305175781,8.367500305175781
2024-03-28,8.421250343322754,8.421250343322754
2024-04-02,8.2837495803833,8.2837495803833
2024-04-03,8.226249694824219,8.226249694824219
2024-04-04,8.237500190734863,8.237500190734863
2024-04-05,8.199999809265137,8.199999809265137
2024-04-08,8.1850004196167,8.1850004196167
2024-04-09,8.175000190734863,8.175000190734863
2024-04-10,8.162500381469727,8.162500381469727
2024-04-11,8.149999618530273,8.149999618530273
2024-04-12,8.123749732971191,8.123749732971191
2024-04-15,8.106249809265137,8.106249809265137
2024-04-16,8.067500114440918,8.067500114440918
2024-04-17,8.052499771118164,8.052499771118164
2024-04-18,8.125,8.125
2024-04-19,8.154999732971191,8.154999732971191
2024-04-22,8.2475004196167,8.2475004196167
2024-04-23,8.291250228881836,8.291250228881836
2024-04-24,8.319999694824219,8.319999694824219
2024-04-25,8.352499961853027,8.352499961853027
2024-04-26,8.34749984741211,8.34749984741211
2024-04-29,8.338749885559082,8.338749885559082
2024-04-30,8.3125,8.3125
2024-05-01,8.297499656677246,8.297499656677246
2024-05-02,8.336250305175781,8.336250305175781
2024-05-03,8.34000015258789,8.34000015258789
2024-05-07,8.454999923706055,8.454999923706055
2024-05-08,8.477499961853027,8.477499961853027
2024-05-09,8.493749618530273,8.493749618530273
2024-05-10,8.555000305175781,8.555000305175781
2024-05-13,8.574999809265137,8.574999809265137
2024-05-14,8.507499694824219,8.507499694824219
2024-05-15,8.545000076293945,8.545000076293945
2024-05-16,8.670000076293945,8.670000076293945
2024-05-17,8.635000228881836,8.635000228881836
2024-05-20,8.632499694824219,8.632499694824219
2024-05-21,8.602499961853027,8.602499961853027
2024-05-22,8.611249923706055,8.611249923706055
2024-05-23,8.582500457763672,8.582500457763672
2024-05-24,8.557499885559082,8.557499885559082
2024-05-28,8.447500228881836,8.447500228881836
2024-05-29,8.412500381469727,8.412500381469727
2024-05-30,8.430000305175781,8.430000305175781
2024-05-31,8.427499771118164,8.427499771118164
2024-06-03,8.545000076293945,8.545000076293945
2024-06-04,8.598750114440918,8.598750114440918
2024-06-05,8.574999809265137,8.574999809265137
2024-06-06,8.65250015258789,8.65250015258789
2024-06-07,8.6274995803833,8.6274995803833
2024-06-10,8.529999732971191,8.529999732971191
2024-06-11,8.556249618530273,8.556249618530273
2024-06-12,8.5024995803833,8.5024995803833
2024-06-13,8.454999923706055,8.454999923706055
2024-06-14,8.477499961853027,8.477499961853027
2024-06-17,8.53125,8.53125
2024-06-18,8.581250190734863,8.581250190734863
2024-06-19,8.576250076293945,8.576250076293945
2024-06-20,8.5625,8.5625
2024-06-21,8.579999923706055,8.579999923706055
2024-06-24,8.645000457763672,8.645000457763672
2024-06-25,8.595000267028809,8.595000267028809
2024-06-26,8.602499961853027,8.602499961853027
2024-06-27,8.556249618530273,8.556249618530273
2024-06-28,8.52750015258789,8.52750015258789
2024-07-01,8.478750228881836,8.478750228881836
2024-07-02,8.484999656677246,8.484999656677246
2024-07-03,8.478750228881836,8.478750228881836
2024-07-04,8.524999618530273,8.524999618530273
2024-07-05,8.539999961853027,8.539999961853027
2024-07-08,8.5912504196167,8.5912504196167
2024-07-09,8.579999923706055,8.579999923706055
2024-07-10,8.56624984741211,8.56624984741211
2024-07-11,8.582500457763672,8.582500457763672
2024-07-12,8.642499923706055,8.642499923706055
2024-07-15,8.609999656677246,8.609999656677246
2024-07-16,8.598750114440918,8.598750114440918
2024-07-17,8.71500015258789,8.71500015258789
2024-07-18,8.795000076293945,8.795000076293945
2024-07-19,8.720000267028809,8.720000267028809
2024-07-22,8.680000305175781,8.680000305175781
2024-07-23,8.692500114440918,8.692500114440918
2024-07-24,8.62874984741211,8.62874984741211
2024-07-25,8.729999542236328,8.729999542236328
2024-07-26,8.732500076293945,8.732500076293945
2024-07-29,8.7212495803833,8.7212495803833
2024-07-30,8.664999961853027,8.664999961853027
2024-07-31,8.692500114440918,8.692500114440918
2024-08-01,8.707500457763672,8.707500457763672
2024-08-02,8.707500457763672,8.707500457763672
2024-08-05,8.702500343322754,8.702500343322754
2024-08-06,8.77750015258789,8.77750015258789
2024-08-07,8.835000038146973,8.835000038146973
2024-08-08,8.805000305175781,8.805000305175781
2024-08-09,8.800000190734863,8.800000190734863
2024-08-12,8.77750015258789,8.77750015258789
2024-08-13,8.772500038146973,8.772500038146973
2024-08-14,8.861249923706055,8.861249923706055
2024-08-15,8.9350004196167,8.9350004196167
2024-08-16,8.958749771118164,8.958749771118164
2024-08-19,8.984999656677246,8.984999656677246
2024-08-20,9.024999618530273,9.024999618530273
2024-08-21,9.09749984741211,9.09749984741211
2024-08-22,9.09749984741211,9.09749984741211
2024-08-23,9.085000038146973,9.085000038146973
2024-08-27,9.194999694824219,9.194999694824219
2024-08-28,9.199999809265137,9.199999809265137
2024-08-29,9.132499694824219,9.132499694824219
2024-08-30,9.135000228881836,9.135000228881836
2024-09-02,9.192500114440918,9.192500114440918
2024-09-03,9.272500038146973,9.272500038146973
2024-09-04,9.305000305175781,9.305000305175781
2024-09-05,9.243749618530273,9.243749618530273
2024-09-06,9.257499694824219,9.257499694824219
2024-09-09,9.313750267028809,9.313750267028809
2024-09-10,9.345000267028809,9.345000267028809
2024-09-11,9.1850004196167,9.1850004196167
2024-09-12,9.237500190734863,9.237500190734863
2024-09-13,9.350000381469727,9.350000381469727
2024-09-16,9.353750228881836,9.353750228881836
2024-09-17,9.368749618530273,9.368749618530273
2024-09-18,9.296250343322754,9.296250343322754
2024-09-19,9.194999694824219,9.194999694824219
2024-09-20,9.202500343322754,9.202500343322754
2024-09-23,9.322500228881836,9.322500228881836
2024-09-24,9.27750015258789,9.27750015258789
2024-09-25,9.266249656677246,9.266249656677246
2024-09-26,9.260000228881836,9.260000228881836
2024-09-27,9.295000076293945,9.295000076293945
2024-09-30,9.2524995803833,9.2524995803833
2024-10-01,9.255000114440918,9.255000114440918
2024-10-02,9.172499656677246,9.172499656677246
2024-10-03,9.107500076293945,9.107500076293945
2024-10-04,9.09749984741211,9.09749984741211
2024-10-07,9.050000190734863,9.050000190734863
2024-10-08,9.050000190734863,9.050000190734863
2024-10-09,9.135000228881836,9.135000228881836
2024-10-10,9.12125015258789,9.12125015258789
2024-10-11,9.1225004196167,9.1225004196167
2024-10-14,9.157500267028809,9.157500267028809
2024-10-15,9.265000343322754,9.265000343322754
2024-10-16,9.192500114440918,9.192500114440918
2024-10-17,9.197500228881836,9.197500228881836
2024-10-18,9.217499732971191,9.217499732971191
2024-10-21,9.130000114440918,9.130000114440918
2024-10-22,9.1899995803833,9.1899995803833
2024-10-23,9.1899995803833,9.1899995803833
2024-10-24,9.1850004196167,9.1850004196167
2024-10-25,9.175000190734863,9.175000190734863
2024-10-28,9.135000228881836,9.135000228881836
2024-10-29,9.077500343322754,9.077500343322754
2024-10-30,9.056249618530273,9.056249618530273
2024-10-31,9.036250114440918,9.036250114440918
2024-11-01,9.029999732971191,9.029999732971191
2024-11-04,9.010000228881836,9.010000228881836
2024-11-05,9.05875015258789,9.05875015258789
2024-11-06,8.960000038146973,8.960000038146973
2024-11-07,9.012499809265137,9.012499809265137
2024-11-08,9.092499732971191,9.092499732971191
2024-11-11,9.100000381469727,9.100000381469727
2024-11-12,9.072500228881836,9.072500228881836
2024-11-13,9.079999923706055,9.079999923706055
2024-11-14,9.117500305175781,9.117500305175781
2024-11-15,9.017499923706055,9.017499923706055
2024-11-18,9.050000190734863,9.050000190734863
2024-11-19,9.104999542236328,9.104999542236328
2024-11-20,9.026249885559082,9.026249885559082
2024-11-21,9.180000305175781,9.180000305175781
2024-11-22,9.272500038146973,9.272500038146973
2024-11-25,9.289999961853027,9.289999961853027
2024-11-26,9.337499618530273,9.337499618530273
2024-11-27,9.422499656677246,9.422499656677246
2024-11-28,9.392499923706055,9.392499923706055
2024-11-29,9.399999618530273,9.399999618530273
2024-12-02,9.412500381469727,9.412500381469727
2024-12-03,9.375,9.375
2024-12-04,9.352499961853027,9.352499961853027
2024-12-05,9.375,9.375
2024-12-06,9.417499542236328,9.417499542236328
2024-12-09,9.335000038146973,9.335000038146973
2024-12-10,9.367500305175781,9.367500305175781
2024-12-11,9.407500267028809,9.407500267028809
2024-12-12,9.357500076293945,9.357500076293945
2024-12-13,9.359999656677246,9.359999656677246
2024-12-16,9.337499618530273,9.337499618530273
2024-12-17,9.270000457763672,9.270000457763672
2024-12-18,9.242500305175781,9.242500305175781
2024-12-19,9.114999771118164,9.114999771118164
2024-12-20,9.104999542236328,9.104999542236328
2024-12-23,8.942500114440918,8.942500114440918
2024-12-24,9.015000343322754,9.015000343322754
2024-12-27,9.055000305175781,9.055000305175781
2024-12-30,8.949999809265137,8.949999809265137
2024-12-31,8.957500457763672,8.957500457763672
2025-01-02,8.960000038146973,8.960000038146973
2025-01-03,8.958749771118164,8.958749771118164
2025-01-06,8.912500381469727,8.912500381469727
2025-01-07,8.829999923706055,8.829999923706055
2025-01-08,8.822500228881836,8.822500228881836
2025-01-09,8.8774995803833,8.8774995803833
2025-01-10,8.7524995803833,8.7524995803833
2025-01-13,8.734999656677246,8.734999656677246
2025-01-14,8.732500076293945,8.732500076293945
2025-01-15,8.729999542236328,8.729999542236328
2025-01-16,8.7475004196167,8.7475004196167
2025-01-17,8.859999656677246,8.859999656677246
2025-01-20,8.880000114440918,8.880000114440918
2025-01-21,8.942500114440918,8.942500114440918
2025-01-22,8.917499542236328,8.917499542236328
2025-01-23,8.875,8.875
2025-01-24,8.957500457763672,8.957500457763672
2025-01-27,9.116250038146973,9.116250038146973
2025-01-28,9.149999618530273,9.149999618530273
2025-01-29,9.132499694824219,9.132499694824219
2025-01-30,9.171250343322754,9.171250343322754
2025-01-31,9.180000305175781,9.180000305175781
2025-02-03,9.178750038146973,9.178750038146973
2025-02-04,9.147500038146973,9.147500038146973
2025-02-05,9.192500114440918,9.192500114440918
2025-02-06,9.289999961853027,9.289999961853027
2025-02-07,9.279999732971191,9.279999732971191
2025-02-10,9.297499656677246,9.297499656677246
2025-02-11,9.3725004196167,9.3725004196167
2025-02-12,9.426250457763672,9.426250457763672
2025-02-13,9.507499694824219,9.507499694824219
2025-02-14,9.49625015258789,9.49625015258789
2025-02-17,9.479999542236328,9.479999542236328
2025-02-18,9.425000190734863,9.425000190734863
2025-02-19,9.494999885559082,9.494999885559082
2025-02-20,9.425000190734863,9.425000190734863
2025-02-21,9.477499961853027,9.477499961853027
2025-02-24,9.550000190734863,9.550000190734863
2025-02-25,9.702500343322754,9.702500343322754
2025-02-26,9.59000015258789,9.59000015258789
2025-02-27,9.572500228881836,9.572500228881836
2025-02-28,9.555000305175781,9.555000305175781
2025-03-03,9.704999923706055,9.704999923706055
2025-03-04,9.667499542236328,9.667499542236328
2025-03-05,9.550000190734863,9.550000190734863
2025-03-06,9.587499618530273,9.587499618530273
2025-03-07,9.542499542236328,9.542499542236328
2025-03-10,9.542499542236328,9.542499542236328
2025-03-11,9.359999656677246,9.359999656677246
2025-03-12,9.196249961853027,9.196249961853027
2025-03-13,9.09000015258789,9.09000015258789
2025-03-14,9.092499732971191,9.092499732971191
2025-03-17,9.234999656677246,9.234999656677246
2025-03-18,9.193750381469727,9.193750381469727
2025-03-19,9.125,9.125
2025-03-20,9.117500305175781,9.117500305175781
2025-03-21,9.103750228881836,9.103750228881836
2025-03-24,9.149999618530273,9.149999618530273
2025-03-25,9.072500228881836,9.072500228881836
2025-03-26,9.164999961853027,9.164999961853027
2025-03-27,9.287500381469727,9.287500381469727
2025-03-28,9.27750015258789,9.27750015258789
2025-03-31,9.373749732971191,9.373749732971191
2025-04-01,9.430000305175781,9.430000305175781
2025-04-02,9.457500457763672,9.457500457763672
2025-04-03,9.524999618530273,9.524999618530273
2025-04-04,9.265000343322754,9.265000343322754
2025-04-07,8.854999542236328,8.854999542236328
2025-04-08,9.0625,9.0625
2025-04-09,8.864999771118164,8.864999771118164
2025-04-10,9.180000305175781,9.180000305175781
2025-04-11,9.217499732971191,9.217499732971191
2025-04-14,9.467499732971191,9.467499732971191
2025-04-15,9.467499732971191,9.467499732971191
2025-04-16,9.430000305175781,9.430000305175781
2025-04-17,9.479999542236328,9.479999542236328
2025-04-22,9.563750267028809,9.563750267028809
2025-04-23,9.479999542236328,9.479999542236328
2025-04-24,9.40250015258789,9.40250015258789
2025-04-25,9.350000381469727,9.350000381469727
2025-04-28,9.390000343322754,9.390000343322754
2025-04-29,9.417499542236328,9.417499542236328
2025-04-30,9.467499732971191,9.467499732971191
2025-05-01,9.470000267028809,9.470000267028809
2025-05-02,9.489999771118164,9.489999771118164
2025-05-06,9.508749961853027,9.508749961853027
2025-05-07,9.507499694824219,9.507499694824219
2025-05-08,9.492500305175781,9.492500305175781
2025-05-09,9.4375,9.4375
2025-05-12,9.367500305175781,9.367500305175781
2025-05-13,9.345000267028809,9.345000267028809
2025-05-14,9.279999732971191,9.279999732971191
2025-05-15,9.397500038146973,9.397500038146973
2025-05-16,9.5,9.5
2025-05-19,9.574999809265137,9.574999809265137
2025-05-20,9.625,9.625
2025-05-21,9.595000267028809,9.595000267028809
2025-05-22,9.484999656677246,9.484999656677246
2025-05-23,9.462499618530273,9.462499618530273
2025-05-27,9.567500114440918,9.567500114440918
2025-05-28,9.569999694824219,9.569999694824219
2025-05-29,9.551250457763672,9.551250457763672
2025-05-30,9.668749809265137,9.668749809265137
2025-06-02,9.635000228881836,9.635000228881836
2025-06-03,9.636249542236328,9.636249542236328
2025-06-04,9.692500114440918,9.692500114440918
2025-06-05,9.5625,9.5625
2025-06-06,9.539999961853027,9.539999961853027
2025-06-09,9.520000457763672,9.520000457763672
2025-06-10,9.529999732971191,9.529999732971191
2025-06-11,9.507499694824219,9.507499694824219
2025-06-12,9.494999885559082,9.494999885559082
2025-06-13,9.50374984741211,9.50374984741211
2025-06-16,9.454999923706055,9.454999923706055
2025-06-17,9.427499771118164,9.427499771118164
2025-06-18,9.407500267028809,9.407500267028809
2025-06-19,9.328749656677246,9.328749656677246
2025-06-20,9.425000190734863,9.425000190734863
2025-06-23,9.46500015258789,9.46500015258789
2025-06-24,9.513750076293945,9.513750076293945
2025-06-25,9.461250305175781,9.461250305175781
2025-06-26,9.392499923706055,9.392499923706055
2025-06-27,9.4399995803833,9.4399995803833
2025-06-30,9.452500343322754,9.452500343322754
2025-07-01,9.612500190734863,9.612500190734863
2025-07-02,9.545000076293945,9.545000076293945
2025-07-03,9.582500457763672,9.582500457763672
2025-07-04,9.569999694824219,9.569999694824219
2025-07-07,9.572500228881836,9.572500228881836
2025-07-08,9.52750015258789,9.52750015258789
2025-07-09,9.422499656677246,9.422499656677246
2025-07-10,9.460000038146973,9.460000038146973
2025-07-11,9.399999618530273,9.399999618530273
2025-07-14,9.40999984741211,9.40999984741211
2025-07-15,9.34749984741211,9.34749984741211
2025-07-16,9.329999923706055,9.329999923706055
2025-07-17,9.425000190734863,9.425000190734863
2025-07-18,9.457500457763672,9.457500457763672
2025-07-21,9.467499732971191,9.467499732971191
2025-07-22,9.420000076293945,9.420000076293945
2025-07-23,9.4399995803833,9.4399995803833
2025-07-24,9.462499618530273,9.462499618530273
2025-07-25,9.404999732971191,9.404999732971191
2025-07-28,9.395000457763672,9.395000457763672
2025-07-29,9.422499656677246,9.422499656677246
2025-07-30,9.3725004196167,9.3725004196167
2025-07-31,9.3149995803833,9.3149995803833
2025-08-01,9.362500190734863,9.362500190734863
2025-08-04,9.351249694824219,9.351249694824219
2025-08-05,9.382499694824219,9.382499694824219
2025-08-06,9.515000343322754,9.515000343322754
2025-08-07,9.512499809265137,9.512499809265137
2025-08-08,9.602499961853027,9.602499961853027
2025-08-11,9.576250076293945,9.576250076293945
2025-08-12,9.6274995803833,9.6274995803833
2025-08-13,9.604999542236328,9.604999542236328
2025-08-14,9.573749542236328,9.573749542236328
2025-08-15,9.542499542236328,9.542499542236328
2025-08-18,9.577500343322754,9.577500343322754
2025-08-19,9.637499809265137,9.637499809265137
2025-08-20,9.71500015258789,9.71500015258789
2025-08-21,9.642499923706055,9.642499923706055
2025-08-22,9.611249923706055,9.611249923706055
2025-08-26,9.3774995803833,9.3774995803833
2025-08-27,9.375,9.375
2025-08-28,9.342499732971191,9.342499732971191
2025-08-29,9.387499809265137,9.387499809265137
2025-09-01,9.442500114440918,9.442500114440918
2025-09-02,9.422499656677246,9.422499656677246
2025-09-03,9.399999618530273,9.399999618530273
2025-09-04,9.460000038146973,9.460000038146973
2025-09-05,9.475000381469727,9.475000381469727
2025-09-08,9.390000343322754,9.390000343322754
2025-09-09,9.4399995803833,9.4399995803833
2025-09-10,9.354999542236328,9.354999542236328
2025-09-11,9.46500015258789,9.46500015258789
2025-09-12,9.443750381469727,9.443750381469727
2025-09-15,9.392499923706055,9.392499923706055
2025-09-16,9.358750343322754,9.358750343322754
2025-09-17,9.479999542236328,9.479999542236328
2025-09-18,9.412500381469727,9.412500381469727
2025-09-19,9.337499618530273,9.337499618530273
2025-09-22,9.270000457763672,9.270000457763672
2025-09-23,9.220000267028809,9.220000267028809
2025-09-24,9.297499656677246,9.297499656677246
2025-09-25,9.260000228881836,9.260000228881836
2025-09-26,9.212499618530273,9.212499618530273
2025-09-29,9.212499618530273,9.212499618530273
2025-09-30,9.272500038146973,9.272500038146973
2025-10-01,9.21500015258789,9.21500015258789
2025-10-02,9.199999809265137,9.199999809265137
2025-10-03,9.201250076293945,9.201250076293945
2025-10-06,9.137499809265137,9.137499809265137
2025-10-07,9.207500457763672,9.207500457763672
2025-10-08,9.1875,9.1875
2025-10-09,9.204999923706055,9.204999923706055
2025-10-10,9.319999694824219,9.319999694824219
2025-10-13,9.202500343322754,9.202500343322754
2025-10-14,9.28499984741211,9.28499984741211
2025-10-15,9.407500267028809,9.407500267028809
2025-10-16,9.397500038146973,9.397500038146973
2025-10-17,9.425000190734863,9.425000190734863
2025-10-20,9.422499656677246,9.422499656677246
2025-10-21,9.3774995803833,9.3774995803833
2025-10-22,9.507499694824219,9.507499694824219
2025-10-23,9.399999618530273,9.399999618530273
2025-10-24,9.391300201416016,9.391300201416016
2025-10-27,9.364999771118164,9.364999771118164
2025-10-28,9.324999809265137,9.324999809265137
2025-10-29,9.147500038146973,9.147500038146973
2025-10-30,9.117500305175781,9.117500305175781
2025-10-31,9.050000190734863,9.050000190734863
2025-11-03,8.9975004196167,8.9975004196167
2025-11-04,9.029999732971191,9.029999732971191
2025-11-05,9.022500038146973,9.022500038146973
2025-11-06,9.005000114440918,9.005000114440918
2025-11-07,9.126250267028809,9.126250267028809
2025-11-10,9.037500381469727,9.037500381469727
2025-11-11,9.172499656677246,9.172499656677246
2025-11-12,9.212499618530273,9.212499618530273
2025-11-13,9.188750267028809,9.188750267028809
2025-11-14,9.130000114440918,9.130000114440918
2025-11-17,9.147500038146973,9.147500038146973
2025-11-18,9.119999885559082,9.119999885559082
2025-11-19,9.051250457763672,9.051250457763672
2025-11-20,9.197500228881836,9.197500228881836
2025-11-21,9.238750457763672,9.238750457763672
2025-11-24,9.157500267028809,9.157500267028809
2025-11-25,9.237500190734863,9.237500190734863
2025-11-26,9.375,9.375
2025-11-27,9.3725004196167,9.3725004196167
2025-11-28,9.404999732971191,9.404999732971191
2025-12-01,9.420000076293945,9.420000076293945
2025-12-02,9.3100004196167,9.3100004196167
2025-12-03,9.387499809265137,9.387499809265137
2025-12-04,9.257499694824219,9.257499694824219
2025-12-05,9.34749984741211,9.34749984741211
2025-12-08,9.217499732971191,9.217499732971191
2025-12-09,9.22249984741211,9.22249984741211
2025-12-10,9.270000457763672,9.270000457763672
2025-12-11,9.324999809265137,9.324999809265137
2025-12-12,9.352499961853027,9.352499961853027
2025-12-15,9.40250015258789,9.40250015258789
2025-12-16,9.417499542236328,9.417499542236328
2025-12-17,9.447500228881836,9.447500228881836
2025-12-18,9.422499656677246,9.422499656677246
2025-12-19,9.342499732971191,9.342499732971191
2025-12-22,9.300000190734863,9.300000190734863
2025-12-23,9.257499694824219,9.257499694824219
2025-12-24,9.239999771118164,9.239999771118164
2025-12-29,9.324999809265137,9.324999809265137
2025-12-30,9.3100004196167,9.3100004196167
2025-12-31,9.3125,9.3125
2026-01-02,9.255000114440918,9.255000114440918
2026-01-05,9.202500343322754,9.202500343322754
2026-01-06,9.212499618530273,9.212499618530273
2026-01-07,9.1850004196167,9.1850004196167
2026-01-08,9.324999809265137,9.324999809265137
2026-01-09,9.397500038146973,9.397500038146973
2026-01-12,9.5600004196167,9.5600004196167
2026-01-13,9.6225004196167,9.6225004196167
2026-01-14,9.770000457763672,9.770000457763672
2026-01-15,9.805000305175781,9.805000305175781
2026-01-16,9.744999885559082,9.744999885559082
2026-01-19,9.762499809265137,9.762499809265137
2026-01-20,9.767499923706055,9.767499923706055
2026-01-21,9.7524995803833,9.7524995803833
2026-01-22,9.835000038146973,9.835000038146973
2026-01-23,9.84000015258789,9.84000015258789
2026-01-26,9.895000457763672,9.895000457763672
2026-01-27,9.858750343322754,9.858750343322754
2026-01-28,9.875,9.875
2026-01-29,9.8725004196167,9.8725004196167
2026-01-30,9.862500190734863,9.862500190734863
2026-02-02,10.039999961853027,10.039999961853027
2026-02-03,10.319999694824219,10.319999694824219
2026-02-04,10.420000076293945,10.420000076293945
2026-02-05,10.425000190734863,10.425000190734863
2026-02-06,10.53499984741211,10.53499984741211
2026-02-09,10.449999809265137,10.449999809265137
2026-02-10,10.40999984741211,10.40999984741211
2026-02-11,10.569999694824219,10.569999694824219
2026-02-12,10.779999732971191,10.779999732971191
2026-02-13,10.765000343322754,10.765000343322754
2026-02-16,10.765000343322754,10.765000343322754
2026-02-17,10.529999732971191,10.529999732971191
2026-02-18,10.520000457763672,10.520000457763672
2026-02-19,10.475000381469727,10.475000381469727
2026-02-20,10.40999984741211,10.40999984741211
2026-02-23,10.574999809265137,10.574999809265137
2026-02-24,10.6899995803833,10.6899995803833
2026-02-25,10.604999542236328,10.604999542236328
2026-02-26,10.585000038146973,10.585000038146973
2026-02-27,10.729999542236328,10.729999542236328
2026-03-02,10.640000343322754,10.640000343322754
2026-03-03,10.4350004196167,10.4350004196167
2026-03-04,10.454999923706055,10.454999923706055
2026-03-05,10.220000267028809,10.220000267028809
2026-03-06,10.204999923706055,10.204999923706055
2026-03-09,10.239999771118164,10.239999771118164
2026-03-10,10.324999809265137,10.324999809265137
2026-03-11,10.170000076293945,10.170000076293945
2026-03-12,10.170000076293945,10.170000076293945
2026-03-13,10.225000381469727,10.225000381469727
2026-03-16,10.204999923706055,10.204999923706055
2026-03-17,10.270000457763672,10.270000457763672
2026-03-18,10.010000228881836,10.010000228881836
2026-03-19,9.875,9.875
2026-03-20,9.827500343322754,9.827500343322754
2026-03-23,9.8149995803833,9.8149995803833
2026-03-24,9.904999732971191,9.904999732971191
2026-03-25,9.854999542236328,9.854999542236328
2026-03-26,9.887499809265137,9.887499809265137
2026-03-27,9.928750038146973,9.928750038146973
2026-03-30,10.0,10.0
2026-03-31,9.917499542236328,9.917499542236328
2026-04-01,9.8774995803833,9.8774995803833
2026-04-02,9.922499656677246,9.922499656677246
2026-04-07,9.90999984741211,9.90999984741211
2026-04-08,9.987500190734863,9.987500190734863
2026-04-09,10.109999656677246,10.109999656677246
2026-04-10,10.039999961853027,10.039999961853027
2026-04-13,9.864999771118164,9.864999771118164
2026-04-14,9.84749984741211,9.84749984741211
2026-04-15,9.800000190734863,9.800000190734863
2026-04-16,9.8774995803833,9.8774995803833
2026-04-17,9.942500114440918,9.942500114440918
2026-04-20,10.024999618530273,10.024999618530273
2026-04-21,9.944999694824219,9.944999694824219
2026-04-22,10.020000457763672,10.020000457763672
2026-04-23,10.125,10.125
2026-04-24,10.140000343322754,10.140000343322754
2026-04-27,10.074999809265137,10.074999809265137
2026-04-28,10.164999961853027,10.164999961853027
2026-04-29,10.0625,10.0625
2026-04-30,10.21500015258789,10.21500015258789
2026-05-01,10.317500114440918,10.317500114440918
2026-05-05,10.180000305175781,10.180000305175781
2026-05-06,10.210000038146973,10.210000038146973
2026-05-07,10.199999809265137,10.199999809265137
2026-05-08,10.274999618530273,10.274999618530273
2026-05-11,10.104999542236328,10.104999542236328
2026-05-12,10.305000305175781,10.305000305175781
2026-05-13,10.3149995803833,10.3149995803833
2026-05-14,10.395000457763672,10.395000457763672
2026-05-15,10.375,10.375
2026-05-18,10.4350004196167,10.4350004196167
2026-05-19,10.5600004196167,10.5600004196167
2026-05-20,10.515000343322754,10.515000343322754
2026-05-21,10.220000267028809,10.220000267028809
2026-05-22,10.265000343322754,10.265000343322754
2026-05-26,10.125,10.125
2026-05-27,10.234999656677246,10.234999656677246
2026-05-28,10.125,10.125
2026-05-29,9.920000076293945,9.920000076293945
2026-06-01,9.772500038146973,9.772500038146973
2026-06-02,9.765000343322754,9.765000343322754
2026-06-03,9.895000457763672,9.895000457763672
2026-06-04,9.904999732971191,9.904999732971191
2026-06-05,10.050000190734863,10.050000190734863
2026-06-08,10.005000114440918,10.005000114440918
2026-06-09,10.100000381469727,10.100000381469727
2026-06-10,10.270000457763672,10.270000457763672
2026-06-11,10.270000457763672,10.270000457763672
2026-06-12,10.239999771118164,10.239999771118164
2026-06-15,10.225000381469727,10.225000381469727
2026-06-16,10.319999694824219,10.319999694824219
2026-06-17,10.1850004196167,10.1850004196167
2026-06-18,10.03499984741211,10.03499984741211
2026-06-19,10.024999618530273,10.024999618530273
2026-06-22,10.029999732971191,10.029999732971191
2026-06-23,10.109999656677246,10.109999656677246
2026-06-24,10.21500015258789,10.21500015258789
2026-06-25,10.114999771118164,10.114999771118164
2026-06-26,10.210000038146973,10.210000038146973
2026-06-29,10.125,10.125
2026-06-30,9.989999771118164,9.989999771118164
2026-07-01,9.90250015258789,9.90250015258789
2026-07-02,10.119999885559082,10.119999885559082
2026-07-03,10.130000114440918,10.130000114440918
2026-07-06,10.0,10.0
2026-07-07,10.234999656677246,10.234999656677246
2026-07-08,10.21500015258789,10.21500015258789
2026-07-09,10.010000228881836,10.010000228881836
2026-07-10,10.029999732971191,10.029999732971191
2026-07-13,10.079999923706055,10.079999923706055
2026-07-14,10.039999961853027,10.039999961853027
2026-07-15,10.039999961853027,10.039999961853027
2026-07-16,10.199999809265137,10.199999809265137
2026-07-17,10.324999809265137,10.324999809265137
2026-07-20,10.145000457763672,10.145000457763672
2026-07-21,10.055000305175781,10.055000305175781
2026-07-22,10.0600004196167,10.0600004196167
2026-07-23,9.970000267028809,9.970000267028809
2026-07-24,10.079999923706055,10.079999923706055
2026-07-27,10.234999656677246,10.234999656677246
2026-07-28,10.555000305175781,10.555000305175781
2026-07-29,10.479999542236328,10.479999542236328
2026-07-30,10.21500015258789,10.21500015258789
2026-07-31,10.204999923706055,10.204999923706055
2026-08-03,10.170000076293945,10.170000076293945
2026-08-04,10.104999542236328,10.104999542236328
2026-08-05,10.140000343322754,10.140000343322754
2026-08-06,10.175000190734863,10.175000190734863
2026-08-07,10.15999984741211,10.15999984741211
2026-08-10,10.154999732971191,10.154999732971191
2026-08-11,10.100000381469727,10.100000381469727
2026-08-12,10.15999984741211,10.15999984741211
2026-08-13,10.25,10.25
2026-08-14,10.300000190734863,10.300000190734863
2026-08-17,10.149999618530273,10.149999618530273
2026-08-18,10.28499984741211,10.28499984741211
2026-08-19,10.359999656677246,10.359999656677246
2026-08-20,10.180000305175781,10.180000305175781
2026-08-21,10.15999984741211,10.15999984741211
2026-08-24,10.350000381469727,10.350000381469727
2026-08-25,10.279999732971191,10.279999732971191
2026-08-26,10.260000228881836,10.260000228881836
2026-08-27,10.15999984741211,10.15999984741211
2026-08-28,10.125,10.125
2026-09-01,10.204999923706055,10.204999923706055
2026-09-02,10.1850004196167,10.1850004196167
2026-09-03,10.194999694824219,10.194999694824219
2026-09-04,10.100000381469727,10.100000381469727
2026-09-07,10.029999732971191,10.029999732971191
2026-09-08,9.9975004196167,9.9975004196167
2026-09-09,9.912500381469727,9.912500381469727
2026-09-10,9.96500015258789,9.96500015258789
2026-09-11,9.975000381469727,9.975000381469727
2026-09-14,10.109999656677246,10.109999656677246
2026-09-15,10.085000038146973,10.085000038146973
2026-09-16,10.0600004196167,10.0600004196167
2026-09-17,9.954999923706055,9.954999923706055
2026-09-18,9.967499732971191,9.967499732971191
2026-09-21,9.90250015258789,9.90250015258789
2026-09-22,9.984999656677246,9.984999656677246
2026-09-23,9.982500076293945,9.982500076293945
2026-09-24,9.979999542236328,9.979999542236328
2026-09-25,9.892499923706055,9.892499923706055
2026-09-28,9.982500076293945,9.982500076293945
2026-09-29,9.890000343322754,9.890000343322754
2026-09-30,9.882499694824219,9.882499694824219
2026-10-01,9.774999618530273,9.774999618530273
2026-10-02,9.760000228881836,9.760000228881836
