Date,Close,Adj Close
2015-11-20,5.013319969177246,5.013319969177246
2015-11-23,4.994100093841553,4.994100093841553
2015-11-24,4.953499794006348,4.953499794006348
2015-11-25,4.978499889373779,4.978499889373779
2015-11-26,5.0032501220703125,5.0032501220703125
2015-11-27,4.997499942779541,4.997499942779541
2015-11-30,4.987500190734863,4.987500190734863
2015-12-01,5.013750076293945,5.013750076293945
2015-12-02,5.023749828338623,5.023749828338623
2015-12-03,4.980000019073486,4.980000019073486
2015-12-04,4.99399995803833,4.99399995803833
2015-12-07,4.980999946594238,4.980999946594238
2015-12-08,4.949999809265137,4.949999809265137
2015-12-09,4.918499946594238,4.918499946594238
2015-12-10,4.899499893188477,4.899499893188477
2015-12-11,4.805500030517578,4.805500030517578
2015-12-14,4.739999771118164,4.739999771118164
2015-12-15,4.872499942779541,4.872499942779541
2015-12-16,4.891499996185303,4.891499996185303
2015-12-17,4.909999847412109,4.909999847412109
2015-12-18,4.829999923706055,4.829999923706055
2015-12-21,4.792500019073486,4.792500019073486
2015-12-22,4.808499813079834,4.808499813079834
2015-12-23,4.893499851226807,4.893499851226807
2015-12-24,4.9085001945495605,4.9085001945495605
2015-12-29,4.942999839782715,4.942999839782715
2015-12-30,4.950500011444092,4.950500011444092
2015-12-31,4.9120001792907715,4.9120001792907715
2016-01-04,4.739999771118164,4.739999771118164
2016-01-05,4.767499923706055,4.767499923706055
2016-01-06,4.75,4.75
2016-01-07,4.651000022888184,4.651000022888184
2016-01-08,4.570000171661377,4.570000171661377
2016-01-11,4.515500068664551,4.515500068664551
2016-01-12,4.524499893188477,4.524499893188477
2016-01-13,4.548500061035156,4.548500061035156
2016-01-14,4.472499847412109,4.472499847412109
2016-01-15,4.375999927520752,4.375999927520752
2016-01-18,4.375,4.375
2016-01-19,4.400000095367432,4.400000095367432
2016-01-20,4.25,4.25
2016-01-21,4.30649995803833,4.30649995803833
2016-01-22,4.340000152587891,4.340000152587891
2016-01-25,4.300000190734863,4.300000190734863
2016-01-26,4.323500156402588,4.323500156402588
2016-01-27,4.353000164031982,4.353000164031982
2016-01-28,4.321499824523926,4.321499824523926
2016-01-29,4.360499858856201,4.360499858856201
2016-02-01,4.409999847412109,4.409999847412109
2016-02-02,4.32450008392334,4.32450008392334
2016-02-03,4.241000175476074,4.241000175476074
2016-02-04,4.340000152587891,4.340000152587891
2016-02-05,4.303999900817871,4.303999900817871
2016-02-08,4.159999847412109,4.159999847412109
2016-02-09,4.153500080108643,4.153500080108643
2016-02-10,4.185999870300293,4.185999870300293
2016-02-11,4.019000053405762,4.019000053405762
2016-02-12,4.1620001792907715,4.1620001792907715
2016-02-15,4.232500076293945,4.232500076293945
2016-02-16,4.228000164031982,4.228000164031982
2016-02-17,4.329999923706055,4.329999923706055
2016-02-18,4.28000020980835,4.28000020980835
2016-02-19,4.302999973297119,4.302999973297119
2016-02-22,4.355000019073486,4.355000019073486
2016-02-23,4.273499965667725,4.273499965667725
2016-02-24,4.190000057220459,4.190000057220459
2016-02-25,4.289999961853027,4.289999961853027
2016-02-26,4.369999885559082,4.369999885559082
2016-02-29,4.357999801635742,4.357999801635742
2016-03-01,4.409999847412109,4.409999847412109
2016-03-02,4.492000102996826,4.492000102996826
2016-03-03,4.492499828338623,4.492499828338623
2016-03-04,4.559500217437744,4.559500217437744
2016-03-07,4.540999889373779,4.540999889373779
2016-03-08,4.488999843597412,4.488999843597412
2016-03-09,4.5,4.5
2016-03-10,4.460999965667725,4.460999965667725
2016-03-11,4.568999767303467,4.568999767303467
2016-03-14,4.566999912261963,4.566999912261963
2016-03-15,4.550000190734863,4.550000190734863
2016-03-16,4.579999923706055,4.579999923706055
2016-03-17,4.5995001792907715,4.5995001792907715
2016-03-18,4.6620001792907715,4.6620001792907715
2016-03-21,4.644499778747559,4.644499778747559
2016-03-22,4.652500152587891,4.652500152587891
2016-03-23,4.630000114440918,4.630000114440918
2016-03-24,4.554500102996826,4.554500102996826
2016-03-29,4.559999942779541,4.559999942779541
2016-03-30,4.644999980926514,4.644999980926514
2016-03-31,4.63700008392334,4.63700008392334
2016-04-01,4.635499954223633,4.635499954223633
2016-04-04,4.639999866485596,4.639999866485596
2016-04-05,4.5894999504089355,4.5894999504089355
2016-04-06,4.590000152587891,4.590000152587891
2016-04-07,4.53849983215332,4.53849983215332
2016-04-08,4.55649995803833,4.55649995803833
2016-04-11,4.552499771118164,4.552499771118164
2016-04-12,4.579999923706055,4.579999923706055
2016-04-13,4.679999828338623,4.679999828338623
2016-04-14,4.725500106811523,4.725500106811523
2016-04-15,4.718999862670898,4.718999862670898
2016-04-18,4.71999979019165,4.71999979019165
2016-04-19,4.789999961853027,4.789999961853027
2016-04-20,4.809500217437744,4.809500217437744
2016-04-21,4.820000171661377,4.820000171661377
2016-04-22,4.827000141143799,4.827000141143799
2016-04-25,4.805500030517578,4.805500030517578
2016-04-26,4.85099983215332,4.85099983215332
2016-04-27,4.8429999351501465,4.8429999351501465
2016-04-28,4.849999904632568,4.849999904632568
2016-04-29,4.769999980926514,4.769999980926514
2016-05-03,4.739999771118164,4.739999771118164
2016-05-04,4.7164998054504395,4.7164998054504395
2016-05-05,4.736499786376953,4.736499786376953
2016-05-06,4.71999979019165,4.71999979019165
2016-05-09,4.730000019073486,4.730000019073486
2016-05-10,4.789999961853027,4.789999961853027
2016-05-11,4.789999961853027,4.789999961853027
2016-05-12,4.730000019073486,4.730000019073486
2016-05-13,4.755000114440918,4.755000114440918
2016-05-16,4.718500137329102,4.718500137329102
2016-05-17,4.7154998779296875,4.7154998779296875
2016-05-18,4.760000228881836,4.760000228881836
2016-05-19,4.716000080108643,4.716000080108643
2016-05-20,4.788000106811523,4.788000106811523
2016-05-23,4.760000228881836,4.760000228881836
2016-05-24,4.828000068664551,4.828000068664551
2016-05-25,4.889999866485596,4.889999866485596
2016-05-26,4.860000133514404,4.860000133514404
2016-05-27,4.86899995803833,4.86899995803833
2016-05-31,4.888999938964844,4.888999938964844
2016-06-01,4.862500190734863,4.862500190734863
2016-06-02,4.868000030517578,4.868000030517578
2016-06-03,4.789999961853027,4.789999961853027
2016-06-06,4.860000133514404,4.860000133514404
2016-06-07,4.86299991607666,4.86299991607666
2016-06-08,4.8404998779296875,4.8404998779296875
2016-06-09,4.799499988555908,4.799499988555908
2016-06-10,4.770500183105469,4.770500183105469
2016-06-13,4.760000228881836,4.760000228881836
2016-06-14,4.664999961853027,4.664999961853027
2016-06-15,4.690999984741211,4.690999984741211
2016-06-16,4.629499912261963,4.629499912261963
2016-06-17,4.650000095367432,4.650000095367432
2016-06-20,4.730000019073486,4.730000019073486
2016-06-21,4.71750020980835,4.71750020980835
2016-06-22,4.747499942779541,4.747499942779541
2016-06-23,4.790999889373779,4.790999889373779
2016-06-24,4.610000133514404,4.610000133514404
2016-06-27,4.420000076293945,4.420000076293945
2016-06-28,4.46999979019165,4.46999979019165
2016-06-29,4.603499889373779,4.603499889373779
2016-06-30,4.6545000076293945,4.6545000076293945
2016-07-01,4.699999809265137,4.699999809265137
2016-07-04,4.698500156402588,4.698500156402588
2016-07-05,4.619500160217285,4.619500160217285
2016-07-06,4.606500148773193,4.606500148773193
2016-07-07,4.641499996185303,4.641499996185303
2016-07-08,4.71999979019165,4.71999979019165
2016-07-11,4.75,4.75
2016-07-12,4.809999942779541,4.809999942779541
2016-07-13,4.800000190734863,4.800000190734863
2016-07-14,4.860000133514404,4.860000133514404
2016-07-15,4.829999923706055,4.829999923706055
2016-07-18,4.869999885559082,4.869999885559082
2016-07-19,4.866000175476074,4.866000175476074
2016-07-20,4.879000186920166,4.879000186920166
2016-07-21,4.870999813079834,4.870999813079834
2016-07-22,4.86299991607666,4.86299991607666
2016-07-25,4.864500045776367,4.864500045776367
2016-07-26,4.868000030517578,4.868000030517578
2016-07-27,4.880000114440918,4.880000114440918
2016-07-28,4.869999885559082,4.869999885559082
2016-07-29,4.891499996185303,4.891499996185303
2016-08-01,4.891499996185303,4.891499996185303
2016-08-02,4.835999965667725,4.835999965667725
2016-08-03,4.868500232696533,4.868500232696533
2016-08-04,4.857999801635742,4.857999801635742
2016-08-05,4.940000057220459,4.940000057220459
2016-08-08,4.956999778747559,4.956999778747559
2016-08-09,4.968500137329102,4.968500137329102
2016-08-10,4.940000057220459,4.940000057220459
2016-08-11,4.942999839782715,4.942999839782715
2016-08-12,4.925000190734863,4.925000190734863
2016-08-15,4.947000026702881,4.947000026702881
2016-08-16,4.946000099182129,4.946000099182129
2016-08-17,4.931000232696533,4.931000232696533
2016-08-18,4.961999893188477,4.961999893188477
2016-08-19,4.947999954223633,4.947999954223633
2016-08-22,4.935999870300293,4.935999870300293
2016-08-23,4.9710001945495605,4.9710001945495605
2016-08-24,4.960000038146973,4.960000038146973
2016-08-25,4.968999862670898,4.968999862670898
2016-08-26,4.99399995803833,4.99399995803833
2016-08-30,5.03000020980835,5.03000020980835
2016-08-31,5.050000190734863,5.050000190734863
2016-09-01,5.022500038146973,5.022500038146973
2016-09-02,5.059999942779541,5.059999942779541
2016-09-05,5.06125020980835,5.06125020980835
2016-09-06,5.03000020980835,5.03000020980835
2016-09-07,5.045000076293945,5.045000076293945
2016-09-08,5.070000171661377,5.070000171661377
2016-09-09,5.019999980926514,5.019999980926514
2016-09-12,4.960000038146973,4.960000038146973
2016-09-13,4.91349983215332,4.91349983215332
2016-09-14,4.936999797821045,4.936999797821045
2016-09-15,4.935500144958496,4.935500144958496
2016-09-16,4.900000095367432,4.900000095367432
2016-09-19,4.949999809265137,4.949999809265137
2016-09-20,4.929999828338623,4.929999828338623
2016-09-21,4.949999809265137,4.949999809265137
2016-09-22,4.96999979019165,4.96999979019165
2016-09-23,4.96999979019165,4.96999979019165
2016-09-26,4.889999866485596,4.889999866485596
2016-09-27,4.88700008392334,4.88700008392334
2016-09-28,4.884500026702881,4.884500026702881
2016-09-29,4.929999828338623,4.929999828338623
2016-09-30,4.932000160217285,4.932000160217285
2016-10-03,4.920000076293945,4.920000076293945
2016-10-04,4.929999828338623,4.929999828338623
2016-10-05,5.0,5.0
2016-10-06,4.980000019073486,4.980000019073486
2016-10-07,5.0,5.0
2016-10-10,5.039999961853027,5.039999961853027
2016-10-11,4.980000019073486,4.980000019073486
2016-10-12,4.989999771118164,4.989999771118164
2016-10-13,4.900000095367432,4.900000095367432
2016-10-14,4.960000038146973,4.960000038146973
2016-10-17,4.940000057220459,4.940000057220459
2016-10-18,4.96999979019165,4.96999979019165
2016-10-19,5.0,5.0
2016-10-20,5.010000228881836,5.010000228881836
2016-10-21,4.992000102996826,4.992000102996826
2016-10-24,5.039999961853027,5.039999961853027
2016-10-25,5.019999980926514,5.019999980926514
2016-10-26,5.039999961853027,5.039999961853027
2016-10-27,5.059999942779541,5.059999942779541
2016-10-28,5.070000171661377,5.070000171661377
2016-10-31,5.059999942779541,5.059999942779541
2016-11-01,5.010000228881836,5.010000228881836
2016-11-02,4.980000019073486,4.980000019073486
2016-11-03,5.0,5.0
2016-11-04,5.010000228881836,5.010000228881836
2016-11-07,5.079999923706055,5.079999923706055
2016-11-08,5.099999904632568,5.099999904632568
2016-11-09,5.25,5.25
2016-11-10,5.440000057220459,5.440000057220459
2016-11-11,5.46999979019165,5.46999979019165
2016-11-14,5.650000095367432,5.650000095367432
2016-11-15,5.610000133514404,5.610000133514404
2016-11-16,5.579999923706055,5.579999923706055
2016-11-17,5.639999866485596,5.639999866485596
2016-11-18,5.659999847412109,5.659999847412109
2016-11-21,5.659999847412109,5.659999847412109
2016-11-22,5.659999847412109,5.659999847412109
2016-11-23,5.699999809265137,5.699999809265137
2016-11-24,5.730000019073486,5.730000019073486
2016-11-25,5.699999809265137,5.699999809265137
2016-11-28,5.659999847412109,5.659999847412109
2016-11-29,5.679999828338623,5.679999828338623
2016-11-30,5.739999771118164,5.739999771118164
2016-12-01,5.829999923706055,5.829999923706055
2016-12-02,5.789999961853027,5.789999961853027
2016-12-05,5.849999904632568,5.849999904632568
2016-12-06,5.860000133514404,5.860000133514404
2016-12-07,5.920000076293945,5.920000076293945
2016-12-08,6.03000020980835,6.03000020980835
2016-12-09,6.010000228881836,6.010000228881836
2016-12-12,6.019999980926514,6.019999980926514
2016-12-13,5.980000019073486,5.980000019073486
2016-12-14,6.0,6.0
2016-12-15,6.070000171661377,6.070000171661377
2016-12-16,6.010000228881836,6.010000228881836
2016-12-19,5.960000038146973,5.960000038146973
2016-12-20,6.050000190734863,6.050000190734863
2016-12-21,6.050000190734863,6.050000190734863
2016-12-22,6.019999980926514,6.019999980926514
2016-12-23,6.03000020980835,6.03000020980835
2016-12-28,6.039999961853027,6.039999961853027
2016-12-29,5.940000057220459,5.940000057220459
2016-12-30,5.960000038146973,5.960000038146973
2017-01-03,6.0,6.0
2017-01-04,6.039999961853027,6.039999961853027
2017-01-05,5.989999771118164,5.989999771118164
2017-01-06,6.039999961853027,6.039999961853027
2017-01-09,6.019999980926514,6.019999980926514
2017-01-10,6.019999980926514,6.019999980926514
2017-01-11,6.0,6.0
2017-01-12,5.960000038146973,5.960000038146973
2017-01-13,6.059999942779541,6.059999942779541
2017-01-16,6.019999980926514,6.019999980926514
2017-01-17,5.920000076293945,5.920000076293945
2017-01-18,5.889999866485596,5.889999866485596
2017-01-19,5.920000076293945,5.920000076293945
2017-01-20,5.929999828338623,5.929999828338623
2017-01-23,5.889999866485596,5.889999866485596
2017-01-24,5.940000057220459,5.940000057220459
2017-01-25,6.03000020980835,6.03000020980835
2017-01-26,6.079999923706055,6.079999923706055
2017-01-27,6.050000190734863,6.050000190734863
2017-01-30,5.960000038146973,5.960000038146973
2017-01-31,5.949999809265137,5.949999809265137
2017-02-01,6.0,6.0
2017-02-02,5.949999809265137,5.949999809265137
2017-02-03,6.059999942779541,6.059999942779541
2017-02-06,6.070000171661377,6.070000171661377
2017-02-07,6.059999942779541,6.059999942779541
2017-02-08,5.980000019073486,5.980000019073486
2017-02-09,6.070000171661377,6.070000171661377
2017-02-10,6.070000171661377,6.070000171661377
2017-02-13,6.159999847412109,6.159999847412109
2017-02-14,6.210000038146973,6.210000038146973
2017-02-15,6.28000020980835,6.28000020980835
2017-02-16,6.239999771118164,6.239999771118164
2017-02-17,6.239999771118164,6.239999771118164
2017-02-20,6.289999961853027,6.289999961853027
2017-02-21,6.289999961853027,6.289999961853027
2017-02-22,6.289999961853027,6.289999961853027
2017-02-23,6.300000190734863,6.300000190734863
2017-02-24,6.25,6.25
2017-02-27,6.269999980926514,6.269999980926514
2017-02-28,6.269999980926514,6.269999980926514
2017-03-01,6.440000057220459,6.440000057220459
2017-03-02,6.389999866485596,6.389999866485596
2017-03-03,6.369999885559082,6.369999885559082
2017-03-06,6.329999923706055,6.329999923706055
2017-03-07,6.329999923706055,6.329999923706055
2017-03-08,6.360000133514404,6.360000133514404
2017-03-09,6.360000133514404,6.360000133514404
2017-03-10,6.360000133514404,6.360000133514404
2017-03-13,6.349999904632568,6.349999904632568
2017-03-14,6.320000171661377,6.320000171661377
2017-03-15,6.369999885559082,6.369999885559082
2017-03-16,6.360000133514404,6.360000133514404
2017-03-17,6.300000190734863,6.300000190734863
2017-03-20,6.260000228881836,6.260000228881836
2017-03-21,6.110000133514404,6.110000133514404
2017-03-22,6.03000020980835,6.03000020980835
2017-03-23,6.099999904632568,6.099999904632568
2017-03-24,6.070000171661377,6.070000171661377
2017-03-27,5.989999771118164,5.989999771118164
2017-03-28,6.099999904632568,6.099999904632568
2017-03-29,6.079999923706055,6.079999923706055
2017-03-30,6.130000114440918,6.130000114440918
2017-03-31,6.130000114440918,6.130000114440918
2017-04-03,6.03000020980835,6.03000020980835
2017-04-04,6.070000171661377,6.070000171661377
2017-04-05,6.099999904632568,6.099999904632568
2017-04-06,6.079999923706055,6.079999923706055
2017-04-07,6.039999961853027,6.039999961853027
2017-04-10,6.050000190734863,6.050000190734863
2017-04-11,5.949999809265137,5.949999809265137
2017-04-12,5.96999979019165,5.96999979019165
2017-04-13,5.960000038146973,5.960000038146973
2017-04-18,5.920000076293945,5.920000076293945
2017-04-19,5.960000038146973,5.960000038146973
2017-04-20,5.96999979019165,5.96999979019165
2017-04-21,5.980000019073486,5.980000019073486
2017-04-24,6.070000171661377,6.070000171661377
2017-04-25,6.150000095367432,6.150000095367432
2017-04-26,6.159999847412109,6.159999847412109
2017-04-27,6.090000152587891,6.090000152587891
2017-04-28,6.070000171661377,6.070000171661377
2017-05-02,6.059999942779541,6.059999942779541
2017-05-03,6.079999923706055,6.079999923706055
2017-05-04,6.139999866485596,6.139999866485596
2017-05-05,6.110000133514404,6.110000133514404
2017-05-08,6.119999885559082,6.119999885559082
2017-05-09,6.119999885559082,6.119999885559082
2017-05-10,6.099999904632568,6.099999904632568
2017-05-11,6.070000171661377,6.070000171661377
2017-05-12,6.019999980926514,6.019999980926514
2017-05-15,6.090000152587891,6.090000152587891
2017-05-16,6.090000152587891,6.090000152587891
2017-05-17,5.96999979019165,5.96999979019165
2017-05-18,5.929999828338623,5.929999828338623
2017-05-19,6.0,6.0
2017-05-22,5.989999771118164,5.989999771118164
2017-05-23,6.03000020980835,6.03000020980835
2017-05-24,6.039999961853027,6.039999961853027
2017-05-25,6.070000171661377,6.070000171661377
2017-05-26,6.070000171661377,6.070000171661377
2017-05-30,6.019999980926514,6.019999980926514
2017-05-31,5.949999809265137,5.949999809265137
2017-06-01,5.989999771118164,5.989999771118164
2017-06-02,6.010000228881836,6.010000228881836
2017-06-05,6.059999942779541,6.059999942779541
2017-06-06,5.989999771118164,5.989999771118164
2017-06-07,6.03000020980835,6.03000020980835
2017-06-08,6.130000114440918,6.130000114440918
2017-06-09,6.21999979019165,6.21999979019165
2017-06-12,6.239999771118164,6.239999771118164
2017-06-13,6.269999980926514,6.269999980926514
2017-06-14,6.230000019073486,6.230000019073486
2017-06-15,6.269999980926514,6.269999980926514
2017-06-16,6.269999980926514,6.269999980926514
2017-06-19,6.320000171661377,6.320000171661377
2017-06-20,6.289999961853027,6.289999961853027
2017-06-21,6.230000019073486,6.230000019073486
2017-06-22,6.199999809265137,6.199999809265137
2017-06-23,6.179999828338623,6.179999828338623
2017-06-26,6.170000076293945,6.170000076293945
2017-06-27,6.239999771118164,6.239999771118164
2017-06-28,6.300000190734863,6.300000190734863
2017-06-29,6.369999885559082,6.369999885559082
2017-06-30,6.349999904632568,6.349999904632568
2017-07-03,6.480000019073486,6.480000019073486
2017-07-04,6.460000038146973,6.460000038146973
2017-07-05,6.449999809265137,6.449999809265137
2017-07-06,6.46999979019165,6.46999979019165
2017-07-07,6.440000057220459,6.440000057220459
2017-07-10,6.440000057220459,6.440000057220459
2017-07-11,6.389999866485596,6.389999866485596
2017-07-12,6.409999847412109,6.409999847412109
2017-07-13,6.429999828338623,6.429999828338623
2017-07-14,6.389999866485596,6.389999866485596
2017-07-17,6.409999847412109,6.409999847412109
2017-07-18,6.369999885559082,6.369999885559082
2017-07-19,6.389999866485596,6.389999866485596
2017-07-20,6.389999866485596,6.389999866485596
2017-07-21,6.389999866485596,6.389999866485596
2017-07-24,6.400000095367432,6.400000095367432
2017-07-25,6.510000228881836,6.510000228881836
2017-07-26,6.5,6.5
2017-07-27,6.429999828338623,6.429999828338623
2017-07-28,6.409999847412109,6.409999847412109
2017-07-31,6.460000038146973,6.460000038146973
2017-08-01,6.480000019073486,6.480000019073486
2017-08-02,6.519999980926514,6.519999980926514
2017-08-03,6.5,6.5
2017-08-04,6.559999942779541,6.559999942779541
2017-08-07,6.519999980926514,6.519999980926514
2017-08-08,6.570000171661377,6.570000171661377
2017-08-09,6.480000019073486,6.480000019073486
2017-08-10,6.429999828338623,6.429999828338623
2017-08-11,6.369999885559082,6.369999885559082
2017-08-14,6.46999979019165,6.46999979019165
2017-08-15,6.480000019073486,6.480000019073486
2017-08-16,6.46999979019165,6.46999979019165
2017-08-17,6.409999847412109,6.409999847412109
2017-08-18,6.349999904632568,6.349999904632568
2017-08-21,6.309999942779541,6.309999942779541
2017-08-22,6.360000133514404,6.360000133514404
2017-08-23,6.389999866485596,6.389999866485596
2017-08-24,6.369999885559082,6.369999885559082
2017-08-25,6.380000114440918,6.380000114440918
2017-08-29,6.300000190734863,6.300000190734863
2017-08-30,6.360000133514404,6.360000133514404
2017-08-31,6.360000133514404,6.360000133514404
2017-09-01,6.400000095367432,6.400000095367432
2017-09-04,6.340000152587891,6.340000152587891
2017-09-05,6.28000020980835,6.28000020980835
2017-09-06,6.269999980926514,6.269999980926514
2017-09-07,6.139999866485596,6.139999866485596
2017-09-08,6.199999809265137,6.199999809265137
2017-09-11,6.300000190734863,6.300000190734863
2017-09-12,6.360000133514404,6.360000133514404
2017-09-13,6.389999866485596,6.389999866485596
2017-09-14,6.389999866485596,6.389999866485596
2017-09-15,6.380000114440918,6.380000114440918
2017-09-18,6.46999979019165,6.46999979019165
2017-09-19,6.519999980926514,6.519999980926514
2017-09-20,6.550000190734863,6.550000190734863
2017-09-21,6.579999923706055,6.579999923706055
2017-09-22,6.570000171661377,6.570000171661377
2017-09-25,6.550000190734863,6.550000190734863
2017-09-26,6.559999942779541,6.559999942779541
2017-09-27,6.630000114440918,6.630000114440918
2017-09-28,6.639999866485596,6.639999866485596
2017-09-29,6.679999828338623,6.679999828338623
2017-10-02,6.690000057220459,6.690000057220459
2017-10-03,6.75,6.75
2017-10-04,6.75,6.75
2017-10-05,6.78000020980835,6.78000020980835
2017-10-06,6.803750038146973,6.803750038146973
2017-10-09,6.789999961853027,6.789999961853027
2017-10-10,6.789999961853027,6.789999961853027
2017-10-11,6.800000190734863,6.800000190734863
2017-10-12,6.78000020980835,6.78000020980835
2017-10-13,6.760000228881836,6.760000228881836
2017-10-16,6.789999961853027,6.789999961853027
2017-10-17,6.769999980926514,6.769999980926514
2017-10-18,6.800000190734863,6.800000190734863
2017-10-19,6.760000228881836,6.760000228881836
2017-10-20,6.869999885559082,6.869999885559082
2017-10-23,6.889999866485596,6.889999866485596
2017-10-24,6.940000057220459,6.940000057220459
2017-10-25,6.880000114440918,6.880000114440918
2017-10-26,6.940000057220459,6.940000057220459
2017-10-27,6.920000076293945,6.920000076293945
2017-10-30,6.880000114440918,6.880000114440918
2017-10-31,6.889999866485596,6.889999866485596
2017-11-01,6.900000095367432,6.900000095367432
2017-11-02,6.949999809265137,6.949999809265137
2017-11-03,6.909999847412109,6.909999847412109
2017-11-06,6.909999847412109,6.909999847412109
2017-11-07,6.880000114440918,6.880000114440918
2017-11-08,6.760000228881836,6.760000228881836
2017-11-09,6.75,6.75
2017-11-10,6.760000228881836,6.760000228881836
2017-11-13,6.739999771118164,6.739999771118164
2017-11-14,6.730000019073486,6.730000019073486
2017-11-15,6.769999980926514,6.769999980926514
2017-11-16,6.769999980926514,6.769999980926514
2017-11-17,6.760000228881836,6.760000228881836
2017-11-20,6.78000020980835,6.78000020980835
2017-11-21,6.809999942779541,6.809999942779541
2017-11-22,6.789999961853027,6.789999961853027
2017-11-23,6.78000020980835,6.78000020980835
2017-11-24,6.78000020980835,6.78000020980835
2017-11-27,6.78000020980835,6.78000020980835
2017-11-28,6.820000171661377,6.820000171661377
2017-11-29,7.110000133514404,7.110000133514404
2017-11-30,7.139999866485596,7.139999866485596
2017-12-01,6.989999771118164,6.989999771118164
2017-12-04,7.269999980926514,7.269999980926514
2017-12-05,7.269999980926514,7.269999980926514
2017-12-06,7.210000038146973,7.210000038146973
2017-12-07,7.21999979019165,7.21999979019165
2017-12-08,7.199999809265137,7.199999809265137
2017-12-11,7.230000019073486,7.230000019073486
2017-12-12,7.28000020980835,7.28000020980835
2017-12-13,7.289999961853027,7.289999961853027
2017-12-14,7.199999809265137,7.199999809265137
2017-12-15,7.239999771118164,7.239999771118164
2017-12-18,7.289999961853027,7.289999961853027
2017-12-19,7.289999961853027,7.289999961853027
2017-12-20,7.260000228881836,7.260000228881836
2017-12-21,7.309999942779541,7.309999942779541
2017-12-22,7.320000171661377,7.320000171661377
2017-12-27,7.269999980926514,7.269999980926514
2017-12-28,7.269999980926514,7.269999980926514
2017-12-29,7.329999923706055,7.329999923706055
2018-01-02,7.239999771118164,7.239999771118164
2018-01-03,7.269999980926514,7.269999980926514
2018-01-04,7.360000133514404,7.360000133514404
2018-01-05,7.349999904632568,7.349999904632568
2018-01-08,7.380000114440918,7.380000114440918
2018-01-09,7.440000057220459,7.440000057220459
2018-01-10,7.489999771118164,7.489999771118164
2018-01-11,7.489999771118164,7.489999771118164
2018-01-12,7.559999942779541,7.559999942779541
2018-01-15,7.619999885559082,7.619999885559082
2018-01-16,7.619999885559082,7.619999885559082
2018-01-17,7.570000171661377,7.570000171661377
2018-01-18,7.619999885559082,7.619999885559082
2018-01-19,7.639999866485596,7.639999866485596
2018-01-22,7.659999847412109,7.659999847412109
2018-01-23,7.730000019073486,7.730000019073486
2018-01-24,7.78000020980835,7.78000020980835
2018-01-25,7.789999961853027,7.789999961853027
2018-01-26,7.78000020980835,7.78000020980835
2018-01-29,7.829999923706055,7.829999923706055
2018-01-30,7.739999771118164,7.739999771118164
2018-01-31,7.730000019073486,7.730000019073486
2018-02-01,7.760000228881836,7.760000228881836
2018-02-02,7.760000228881836,7.760000228881836
2018-02-05,7.550000190734863,7.550000190734863
2018-02-06,7.170000076293945,7.170000076293945
2018-02-07,7.440000057220459,7.440000057220459
2018-02-08,7.28000020980835,7.28000020980835
2018-02-09,7.070000171661377,7.070000171661377
2018-02-12,7.25,7.25
2018-02-13,7.269999980926514,7.269999980926514
2018-02-14,7.389999866485596,7.389999866485596
2018-02-15,7.489999771118164,7.489999771118164
2018-02-16,7.539999961853027,7.539999961853027
2018-02-19,7.510000228881836,7.510000228881836
2018-02-20,7.550000190734863,7.550000190734863
2018-02-21,7.579999923706055,7.579999923706055
2018-02-22,7.519999980926514,7.519999980926514
2018-02-23,7.489999771118164,7.489999771118164
2018-02-26,7.599999904632568,7.599999904632568
2018-02-27,7.710000038146973,7.710000038146973
2018-02-28,7.610000133514404,7.610000133514404
2018-03-01,7.489999771118164,7.489999771118164
2018-03-02,7.300000190734863,7.300000190734863
2018-03-05,7.440000057220459,7.440000057220459
2018-03-06,7.460000038146973,7.460000038146973
2018-03-07,7.480000019073486,7.480000019073486
2018-03-08,7.460000038146973,7.460000038146973
2018-03-09,7.650000095367432,7.650000095367432
2018-03-12,7.679999828338623,7.679999828338623
2018-03-13,7.639999866485596,7.639999866485596
2018-03-14,7.53000020980835,7.53000020980835
2018-03-15,7.53000020980835,7.53000020980835
2018-03-16,7.559999942779541,7.559999942779541
2018-03-19,7.449999809265137,7.449999809265137
2018-03-20,7.489999771118164,7.489999771118164
2018-03-21,7.510000228881836,7.510000228881836
2018-03-22,7.340000152587891,7.340000152587891
2018-03-23,7.130000114440918,7.130000114440918
2018-03-26,7.079999923706055,7.079999923706055
2018-03-27,7.239999771118164,7.239999771118164
2018-03-28,7.059999942779541,7.059999942779541
2018-03-29,7.139999866485596,7.139999866485596
2018-04-03,7.070000171661377,7.070000171661377
2018-04-04,7.090000152587891,7.090000152587891
2018-04-05,7.300000190734863,7.300000190734863
2018-04-06,7.130000114440918,7.130000114440918
2018-04-09,7.199999809265137,7.199999809265137
2018-04-10,7.25,7.25
2018-04-11,7.150000095367432,7.150000095367432
2018-04-12,7.25,7.25
2018-04-13,7.159999847412109,7.159999847412109
2018-04-16,7.170000076293945,7.170000076293945
2018-04-17,7.210000038146973,7.210000038146973
2018-04-18,7.190000057220459,7.190000057220459
2018-04-19,7.239999771118164,7.239999771118164
2018-04-20,7.269999980926514,7.269999980926514
2018-04-23,7.28000020980835,7.28000020980835
2018-04-24,7.320000171661377,7.320000171661377
2018-04-25,7.159999847412109,7.159999847412109
2018-04-26,7.179999828338623,7.179999828338623
2018-04-27,7.190000057220459,7.190000057220459
2018-04-30,7.239999771118164,7.239999771118164
2018-05-01,7.099999904632568,7.099999904632568
2018-05-02,7.110000133514404,7.110000133514404
2018-05-03,6.909999847412109,6.909999847412109
2018-05-04,7.070000171661377,7.070000171661377
2018-05-08,7.21999979019165,7.21999979019165
2018-05-09,7.239999771118164,7.239999771118164
2018-05-10,7.340000152587891,7.340000152587891
2018-05-11,7.369999885559082,7.369999885559082
2018-05-14,7.369999885559082,7.369999885559082
2018-05-15,7.360000133514404,7.360000133514404
2018-05-16,7.320000171661377,7.320000171661377
2018-05-17,7.349999904632568,7.349999904632568
2018-05-18,7.300000190734863,7.300000190734863
2018-05-21,7.329999923706055,7.329999923706055
2018-05-22,7.389999866485596,7.389999866485596
2018-05-23,7.28000020980835,7.28000020980835
2018-05-24,7.239999771118164,7.239999771118164
2018-05-25,7.25,7.25
2018-05-29,7.070000171661377,7.070000171661377
2018-05-30,7.099999904632568,7.099999904632568
2018-05-31,7.110000133514404,7.110000133514404
2018-06-01,7.130000114440918,7.130000114440918
2018-06-04,7.170000076293945,7.170000076293945
2018-06-05,7.119999885559082,7.119999885559082
2018-06-06,7.239999771118164,7.239999771118164
2018-06-07,7.309999942779541,7.309999942779541
2018-06-08,7.28000020980835,7.28000020980835
2018-06-11,7.309999942779541,7.309999942779541
2018-06-12,7.300000190734863,7.300000190734863
2018-06-13,7.239999771118164,7.239999771118164
2018-06-14,7.179999828338623,7.179999828338623
2018-06-15,7.130000114440918,7.130000114440918
2018-06-18,7.139999866485596,7.139999866485596
2018-06-19,7.130000114440918,7.130000114440918
2018-06-20,7.159999847412109,7.159999847412109
2018-06-21,7.090000152587891,7.090000152587891
2018-06-22,7.130000114440918,7.130000114440918
2018-06-25,6.960000038146973,6.960000038146973
2018-06-26,6.960000038146973,6.960000038146973
2018-06-27,6.989999771118164,6.989999771118164
2018-06-28,6.949999809265137,6.949999809265137
2018-06-29,7.059999942779541,7.059999942779541
2018-07-02,6.940000057220459,6.940000057220459
2018-07-03,6.960000038146973,6.960000038146973
2018-07-04,6.929999828338623,6.929999828338623
2018-07-05,6.920000076293945,6.920000076293945
2018-07-06,6.980000019073486,6.980000019073486
2018-07-09,7.090000152587891,7.090000152587891
2018-07-10,7.119999885559082,7.119999885559082
2018-07-11,7.090000152587891,7.090000152587891
2018-07-12,7.050000190734863,7.050000190734863
2018-07-13,7.050000190734863,7.050000190734863
2018-07-16,7.130000114440918,7.130000114440918
2018-07-17,7.190000057220459,7.190000057220459
2018-07-18,7.289999961853027,7.289999961853027
2018-07-19,7.21999979019165,7.21999979019165
2018-07-20,7.210000038146973,7.210000038146973
2018-07-23,7.289999961853027,7.289999961853027
2018-07-24,7.329999923706055,7.329999923706055
2018-07-25,7.300000190734863,7.300000190734863
2018-07-26,7.360000133514404,7.360000133514404
2018-07-27,7.360000133514404,7.360000133514404
2018-07-30,7.369999885559082,7.369999885559082
2018-07-31,7.300000190734863,7.300000190734863
2018-08-01,7.329999923706055,7.329999923706055
2018-08-02,7.260000228881836,7.260000228881836
2018-08-03,7.300000190734863,7.300000190734863
2018-08-06,7.360000133514404,7.360000133514404
2018-08-07,7.440000057220459,7.440000057220459
2018-08-08,7.440000057220459,7.440000057220459
2018-08-09,7.409999847412109,7.409999847412109
2018-08-10,7.320000171661377,7.320000171661377
2018-08-13,7.28000020980835,7.28000020980835
2018-08-14,7.28000020980835,7.28000020980835
2018-08-15,7.25,7.25
2018-08-16,7.340000152587891,7.340000152587891
2018-08-17,7.340000152587891,7.340000152587891
2018-08-20,7.380000114440918,7.380000114440918
2018-08-21,7.420000076293945,7.420000076293945
2018-08-22,7.400000095367432,7.400000095367432
2018-08-23,7.360000133514404,7.360000133514404
2018-08-24,7.369999885559082,7.369999885559082
2018-08-28,7.480000019073486,7.480000019073486
2018-08-29,7.480000019073486,7.480000019073486
2018-08-30,7.420000076293945,7.420000076293945
2018-08-31,7.369999885559082,7.369999885559082
2018-09-03,7.400000095367432,7.400000095367432
2018-09-04,7.400000095367432,7.400000095367432
2018-09-05,7.440000057220459,7.440000057220459
2018-09-06,7.389999866485596,7.389999866485596
2018-09-07,7.400000095367432,7.400000095367432
2018-09-10,7.420000076293945,7.420000076293945
2018-09-11,7.380000114440918,7.380000114440918
2018-09-12,7.369999885559082,7.369999885559082
2018-09-13,7.309999942779541,7.309999942779541
2018-09-14,7.380000114440918,7.380000114440918
2018-09-17,7.349999904632568,7.349999904632568
2018-09-18,7.369999885559082,7.369999885559082
2018-09-19,7.489999771118164,7.489999771118164
2018-09-20,7.550000190734863,7.550000190734863
2018-09-21,7.550000190734863,7.550000190734863
2018-09-24,7.489999771118164,7.489999771118164
2018-09-25,7.460000038146973,7.460000038146973
2018-09-26,7.409999847412109,7.409999847412109
2018-09-27,7.340000152587891,7.340000152587891
2018-09-28,7.269999980926514,7.269999980926514
2018-10-01,7.269999980926514,7.269999980926514
2018-10-02,7.230000019073486,7.230000019073486
2018-10-03,7.309999942779541,7.309999942779541
2018-10-04,7.369999885559082,7.369999885559082
2018-10-05,7.360000133514404,7.360000133514404
2018-10-08,7.349999904632568,7.349999904632568
2018-10-09,7.369999885559082,7.369999885559082
2018-10-10,7.309999942779541,7.309999942779541
2018-10-11,7.03000020980835,7.03000020980835
2018-10-12,6.929999828338623,6.929999828338623
2018-10-15,6.949999809265137,6.949999809265137
2018-10-16,6.980000019073486,6.980000019073486
2018-10-17,7.039999961853027,7.039999961853027
2018-10-18,7.019999980926514,7.019999980926514
2018-10-19,7.019999980926514,7.019999980926514
2018-10-22,6.900000095367432,6.900000095367432
2018-10-23,6.760000228881836,6.760000228881836
2018-10-24,6.679999828338623,6.679999828338623
2018-10-25,6.730000019073486,6.730000019073486
2018-10-26,6.639999866485596,6.639999866485596
2018-10-29,6.769999980926514,6.769999980926514
2018-10-30,6.710000038146973,6.710000038146973
2018-10-31,6.909999847412109,6.909999847412109
2018-11-01,6.909999847412109,6.909999847412109
2018-11-02,6.889999866485596,6.889999866485596
2018-11-05,7.0,7.0
2018-11-06,7.03000020980835,7.03000020980835
2018-11-07,7.039999961853027,7.039999961853027
2018-11-08,7.190000057220459,7.190000057220459
2018-11-09,7.119999885559082,7.119999885559082
2018-11-12,6.989999771118164,6.989999771118164
2018-11-13,7.050000190734863,7.050000190734863
2018-11-14,6.980000019073486,6.980000019073486
2018-11-15,6.929999828338623,6.929999828338623
2018-11-16,7.010000228881836,7.010000228881836
2018-11-19,7.03000020980835,7.03000020980835
2018-11-20,6.860000133514404,6.860000133514404
2018-11-21,6.940000057220459,6.940000057220459
2018-11-22,6.840000152587891,6.840000152587891
2018-11-23,6.849999904632568,6.849999904632568
2018-11-26,6.960000038146973,6.960000038146973
2018-11-27,6.949999809265137,6.949999809265137
2018-11-28,6.980000019073486,6.980000019073486
2018-11-29,7.039999961853027,7.039999961853027
2018-11-30,7.03000020980835,7.03000020980835
2018-12-03,7.079999923706055,7.079999923706055
2018-12-04,6.960000038146973,6.960000038146973
2018-12-05,6.800000190734863,6.800000190734863
2018-12-06,6.539999961853027,6.539999961853027
2018-12-07,6.630000114440918,6.630000114440918
2018-12-10,6.389999866485596,6.389999866485596
2018-12-11,6.5,6.5
2018-12-12,6.46999979019165,6.46999979019165
2018-12-13,6.420000076293945,6.420000076293945
2018-12-14,6.389999866485596,6.389999866485596
2018-12-17,6.380000114440918,6.380000114440918
2018-12-18,6.309999942779541,6.309999942779541
2018-12-19,6.320000171661377,6.320000171661377
2018-12-20,6.150000095367432,6.150000095367432
2018-12-21,6.170000076293945,6.170000076293945
2018-12-24,5.949999809265137,5.949999809265137
2018-12-27,6.090000152587891,6.090000152587891
2018-12-28,6.230000019073486,6.230000019073486
2018-12-31,6.28000020980835,6.28000020980835
2019-01-02,6.309999942779541,6.309999942779541
2019-01-03,6.21999979019165,6.21999979019165
2019-01-04,6.329999923706055,6.329999923706055
2019-01-07,6.400000095367432,6.400000095367432
2019-01-08,6.349999904632568,6.349999904632568
2019-01-09,6.429999828338623,6.429999828338623
2019-01-10,6.440000057220459,6.440000057220459
2019-01-11,6.420000076293945,6.420000076293945
2019-01-14,6.46999979019165,6.46999979019165
2019-01-15,6.519999980926514,6.519999980926514
2019-01-16,6.690000057220459,6.690000057220459
2019-01-17,6.670000076293945,6.670000076293945
2019-01-18,6.840000152587891,6.840000152587891
2019-01-21,6.829999923706055,6.829999923706055
2019-01-22,6.800000190734863,6.800000190734863
2019-01-23,6.760000228881836,6.760000228881836
2019-01-24,6.789999961853027,6.789999961853027
2019-01-25,6.849999904632568,6.849999904632568
2019-01-28,6.800000190734863,6.800000190734863
2019-01-29,6.809999942779541,6.809999942779541
2019-01-30,6.820000171661377,6.820000171661377
2019-01-31,6.797500133514404,6.797500133514404
2019-02-01,6.887499809265137,6.887499809265137
2019-02-04,6.862500190734863,6.862500190734863
2019-02-05,6.857500076293945,6.857500076293945
2019-02-06,6.847499847412109,6.847499847412109
2019-02-07,6.752500057220459,6.752500057220459
2019-02-08,6.695000171661377,6.695000171661377
2019-02-11,6.763750076293945,6.763750076293945
2019-02-12,6.892499923706055,6.892499923706055
2019-02-13,6.921249866485596,6.921249866485596
2019-02-14,6.795000076293945,6.795000076293945
2019-02-15,6.945000171661377,6.945000171661377
2019-02-18,6.956250190734863,6.956250190734863
2019-02-19,6.934999942779541,6.934999942779541
2019-02-20,6.972499847412109,6.972499847412109
2019-02-21,6.96999979019165,6.96999979019165
2019-02-22,6.974999904632568,6.974999904632568
2019-02-25,7.050000190734863,7.050000190734863
2019-02-26,7.003749847412109,7.003749847412109
2019-02-27,6.986249923706055,6.986249923706055
2019-02-28,6.994999885559082,6.994999885559082
2019-03-01,7.014999866485596,7.014999866485596
2019-03-04,7.017499923706055,7.017499923706055
2019-03-05,6.946249961853027,6.946249961853027
2019-03-06,6.957499980926514,6.957499980926514
2019-03-07,6.837500095367432,6.837500095367432
2019-03-08,6.81125020980835,6.81125020980835
2019-03-11,6.900000095367432,6.900000095367432
2019-03-12,6.918749809265137,6.918749809265137
2019-03-13,6.974999904632568,6.974999904632568
2019-03-14,7.002500057220459,7.002500057220459
2019-03-15,7.047500133514404,7.047500133514404
2019-03-18,7.12375020980835,7.12375020980835
2019-03-19,7.137499809265137,7.137499809265137
2019-03-20,6.989999771118164,6.989999771118164
2019-03-21,6.877500057220459,6.877500057220459
2019-03-22,6.695000171661377,6.695000171661377
2019-03-25,6.682499885559082,6.682499885559082
2019-03-26,6.703750133514404,6.703750133514404
2019-03-27,6.71999979019165,6.71999979019165
2019-03-28,6.721250057220459,6.721250057220459
2019-03-29,6.795000076293945,6.795000076293945
2019-04-01,6.9375,6.9375
2019-04-02,6.973750114440918,6.973750114440918
2019-04-03,6.994999885559082,6.994999885559082
2019-04-04,7.047500133514404,7.047500133514404
2019-04-05,7.03000020980835,7.03000020980835
2019-04-08,7.019999980926514,7.019999980926514
2019-04-09,6.976250171661377,6.976250171661377
2019-04-10,6.96999979019165,6.96999979019165
2019-04-11,7.042500019073486,7.042500019073486
2019-04-12,7.144999980926514,7.144999980926514
2019-04-15,7.144999980926514,7.144999980926514
2019-04-16,7.190000057220459,7.190000057220459
2019-04-17,7.202499866485596,7.202499866485596
2019-04-18,7.243750095367432,7.243750095367432
2019-04-23,7.224999904632568,7.224999904632568
2019-04-24,7.25,7.25
2019-04-25,7.25,7.25
2019-04-26,7.295000076293945,7.295000076293945
2019-04-29,7.402500152587891,7.402500152587891
2019-04-30,7.364999771118164,7.364999771118164
2019-05-01,7.387499809265137,7.387499809265137
2019-05-02,7.329999923706055,7.329999923706055
2019-05-03,7.420000076293945,7.420000076293945
2019-05-07,7.272500038146973,7.272500038146973
2019-05-08,7.262499809265137,7.262499809265137
2019-05-09,7.12624979019165,7.12624979019165
2019-05-10,7.137499809265137,7.137499809265137
2019-05-13,7.079999923706055,7.079999923706055
2019-05-14,7.144999980926514,7.144999980926514
2019-05-15,7.09375,7.09375
2019-05-16,7.179999828338623,7.179999828338623
2019-05-17,7.161250114440918,7.161250114440918
2019-05-20,7.127500057220459,7.127500057220459
2019-05-21,7.173749923706055,7.173749923706055
2019-05-22,7.150000095367432,7.150000095367432
2019-05-23,7.043749809265137,7.043749809265137
2019-05-24,7.057499885559082,7.057499885559082
2019-05-28,7.086249828338623,7.086249828338623
2019-05-29,6.972499847412109,6.972499847412109
2019-05-30,7.0,7.0
2019-05-31,6.925000190734863,6.925000190734863
2019-06-03,6.912499904632568,6.912499904632568
2019-06-04,7.070000171661377,7.070000171661377
2019-06-05,7.103750228881836,7.103750228881836
2019-06-06,7.15749979019165,7.15749979019165
2019-06-07,7.172500133514404,7.172500133514404
2019-06-10,7.269999980926514,7.269999980926514
2019-06-11,7.272500038146973,7.272500038146973
2019-06-12,7.175000190734863,7.175000190734863
2019-06-13,7.18874979019165,7.18874979019165
2019-06-14,7.162499904632568,7.162499904632568
2019-06-17,7.204999923706055,7.204999923706055
2019-06-18,7.239999771118164,7.239999771118164
2019-06-19,7.262499809265137,7.262499809265137
2019-06-20,7.190000057220459,7.190000057220459
2019-06-21,7.287499904632568,7.287499904632568
2019-06-24,7.236249923706055,7.236249923706055
2019-06-25,7.197500228881836,7.197500228881836
2019-06-26,7.212500095367432,7.212500095367432
2019-06-27,7.21875,7.21875
2019-06-28,7.322500228881836,7.322500228881836
2019-07-01,7.40500020980835,7.40500020980835
2019-07-02,7.40500020980835,7.40500020980835
2019-07-03,7.442500114440918,7.442500114440918
2019-07-04,7.453750133514404,7.453750133514404
2019-07-05,7.472499847412109,7.472499847412109
2019-07-08,7.462500095367432,7.462500095367432
2019-07-09,7.440000057220459,7.440000057220459
2019-07-10,7.43625020980835,7.43625020980835
2019-07-11,7.460000038146973,7.460000038146973
2019-07-12,7.477499961853027,7.477499961853027
2019-07-15,7.487500190734863,7.487500190734863
2019-07-16,7.481249809265137,7.481249809265137
2019-07-17,7.420000076293945,7.420000076293945
2019-07-18,7.417500019073486,7.417500019073486
2019-07-19,7.465000152587891,7.465000152587891
2019-07-22,7.403749942779541,7.403749942779541
2019-07-23,7.496250152587891,7.496250152587891
2019-07-24,7.53249979019165,7.53249979019165
2019-07-25,7.585000038146973,7.585000038146973
2019-07-26,7.598750114440918,7.598750114440918
2019-07-29,7.621250152587891,7.621250152587891
2019-07-30,7.522500038146973,7.522500038146973
2019-07-31,7.554999828338623,7.554999828338623
2019-08-01,7.548749923706055,7.548749923706055
2019-08-02,7.277500152587891,7.277500152587891
2019-08-05,7.161250114440918,7.161250114440918
2019-08-06,7.086249828338623,7.086249828338623
2019-08-07,7.036250114440918,7.036250114440918
2019-08-08,7.202499866485596,7.202499866485596
2019-08-09,7.147500038146973,7.147500038146973
2019-08-12,7.114999771118164,7.114999771118164
2019-08-13,7.158750057220459,7.158750057220459
2019-08-14,6.946249961853027,6.946249961853027
2019-08-15,6.9375,6.9375
2019-08-16,7.047500133514404,7.047500133514404
2019-08-19,7.12624979019165,7.12624979019165
2019-08-20,7.087500095367432,7.087500095367432
2019-08-21,7.054999828338623,7.054999828338623
2019-08-22,7.087500095367432,7.087500095367432
2019-08-23,7.010000228881836,7.010000228881836
2019-08-27,6.953750133514404,6.953750133514404
2019-08-28,7.002500057220459,7.002500057220459
2019-08-29,7.117499828338623,7.117499828338623
2019-08-30,7.131249904632568,7.131249904632568
2019-09-02,7.122499942779541,7.122499942779541
2019-09-03,7.050000190734863,7.050000190734863
2019-09-04,7.138750076293945,7.138750076293945
2019-09-05,7.31125020980835,7.31125020980835
2019-09-06,7.297500133514404,7.297500133514404
2019-09-09,7.397500038146973,7.397500038146973
2019-09-10,7.364999771118164,7.364999771118164
2019-09-11,7.425000190734863,7.425000190734863
2019-09-12,7.474999904632568,7.474999904632568
2019-09-13,7.577499866485596,7.577499866485596
2019-09-16,7.53249979019165,7.53249979019165
2019-09-17,7.505000114440918,7.505000114440918
2019-09-18,7.510000228881836,7.510000228881836
2019-09-19,7.619999885559082,7.619999885559082
2019-09-20,7.565000057220459,7.565000057220459
2019-09-23,7.489999771118164,7.489999771118164
2019-09-24,7.49875020980835,7.49875020980835
2019-09-25,7.487500190734863,7.487500190734863
2019-09-26,7.461249828338623,7.461249828338623
2019-09-27,7.527500152587891,7.527500152587891
2019-09-30,7.496250152587891,7.496250152587891
2019-10-01,7.402500152587891,7.402500152587891
2019-10-02,7.195000171661377,7.195000171661377
2019-10-03,7.143750190734863,7.143750190734863
2019-10-04,7.25,7.25
2019-10-07,7.317500114440918,7.317500114440918
2019-10-08,7.15625,7.15625
2019-10-09,7.197500228881836,7.197500228881836
2019-10-10,7.322500228881836,7.322500228881836
2019-10-11,7.458749771118164,7.458749771118164
2019-10-14,7.386250019073486,7.386250019073486
2019-10-15,7.522500038146973,7.522500038146973
2019-10-16,7.494999885559082,7.494999885559082
2019-10-17,7.497499942779541,7.497499942779541
2019-10-18,7.512499809265137,7.512499809265137
2019-10-21,7.597499847412109,7.597499847412109
2019-10-22,7.605000019073486,7.605000019073486
2019-10-23,7.591249942779541,7.591249942779541
2019-10-24,7.610000133514404,7.610000133514404
2019-10-25,7.65500020980835,7.65500020980835
2019-10-28,7.702499866485596,7.702499866485596
2019-10-29,7.710000038146973,7.710000038146973
2019-10-30,7.679999828338623,7.679999828338623
2019-10-31,7.621250152587891,7.621250152587891
2019-11-01,7.755000114440918,7.755000114440918
2019-11-04,7.840000152587891,7.840000152587891
2019-11-05,7.875,7.875
2019-11-06,7.902500152587891,7.902500152587891
2019-11-07,8.007499694824219,8.007499694824219
2019-11-08,7.9375,7.9375
2019-11-11,7.932499885559082,7.932499885559082
2019-11-12,7.972499847412109,7.972499847412109
2019-11-13,7.894999980926514,7.894999980926514
2019-11-14,7.892499923706055,7.892499923706055
2019-11-15,7.945000171661377,7.945000171661377
2019-11-18,7.929999828338623,7.929999828338623
2019-11-19,7.965000152587891,7.965000152587891
2019-11-20,7.9375,7.9375
2019-11-21,7.917500019073486,7.917500019073486
2019-11-22,7.956250190734863,7.956250190734863
2019-11-25,8.024999618530273,8.024999618530273
2019-11-26,8.0,8.0
2019-11-27,8.039999961853027,8.039999961853027
2019-11-28,8.048749923706055,8.048749923706055
2019-11-29,8.052499771118164,8.052499771118164
2019-12-02,8.0024995803833,8.0024995803833
2019-12-03,7.829999923706055,7.829999923706055
2019-12-04,7.96750020980835,7.96750020980835
2019-12-05,7.972499847412109,7.972499847412109
2019-12-06,8.108750343322754,8.108750343322754
2019-12-09,8.107500076293945,8.107500076293945
2019-12-10,8.079999923706055,8.079999923706055
2019-12-11,8.0625,8.0625
2019-12-12,8.1899995803833,8.1899995803833
2019-12-13,8.149999618530273,8.149999618530273
2019-12-16,8.262499809265137,8.262499809265137
2019-12-17,8.2524995803833,8.2524995803833
2019-12-18,8.265000343322754,8.265000343322754
2019-12-19,8.232500076293945,8.232500076293945
2019-12-20,8.282500267028809,8.282500267028809
2019-12-23,8.227499961853027,8.227499961853027
2019-12-24,8.220000267028809,8.220000267028809
2019-12-27,8.272500038146973,8.272500038146973
2019-12-30,8.234999656677246,8.234999656677246
2019-12-31,8.233750343322754,8.233750343322754
2020-01-02,8.28499984741211,8.28499984741211
2020-01-03,8.242500305175781,8.242500305175781
2020-01-06,8.202500343322754,8.202500343322754
2020-01-07,8.21500015258789,8.21500015258789
2020-01-08,8.24625015258789,8.24625015258789
2020-01-09,8.282500267028809,8.282500267028809
2020-01-10,8.258749961853027,8.258749961853027
2020-01-13,8.2524995803833,8.2524995803833
2020-01-14,8.313750267028809,8.313750267028809
2020-01-15,8.239999771118164,8.239999771118164
2020-01-16,8.265000343322754,8.265000343322754
2020-01-17,8.329999923706055,8.329999923706055
2020-01-20,8.300000190734863,8.300000190734863
2020-01-21,8.27750015258789,8.27750015258789
2020-01-22,8.272500038146973,8.272500038146973
2020-01-23,8.182499885559082,8.182499885559082
2020-01-24,8.1850004196167,8.1850004196167
2020-01-27,8.007499694824219,8.007499694824219
2020-01-28,8.130000114440918,8.130000114440918
2020-01-29,8.154999732971191,8.154999732971191
2020-01-30,8.0625,8.0625
2020-01-31,8.067500114440918,8.067500114440918
2020-02-03,8.107500076293945,8.107500076293945
2020-02-04,8.229999542236328,8.229999542236328
2020-02-05,8.279999732971191,8.279999732971191
2020-02-06,8.319999694824219,8.319999694824219
2020-02-07,8.292499542236328,8.292499542236328
2020-02-10,8.265000343322754,8.265000343322754
2020-02-11,8.342499732971191,8.342499732971191
2020-02-12,8.369999885559082,8.369999885559082
2020-02-13,8.332500457763672,8.332500457763672
2020-02-14,8.350000381469727,8.350000381469727
2020-02-17,8.364999771118164,8.364999771118164
2020-02-18,8.244999885559082,8.244999885559082
2020-02-19,8.354999542236328,8.354999542236328
2020-02-20,8.282500267028809,8.282500267028809
2020-02-21,8.232500076293945,8.232500076293945
2020-02-24,8.024999618530273,8.024999618530273
2020-02-25,7.875,7.875
2020-02-26,7.78249979019165,7.78249979019165
2020-02-27,7.46999979019165,7.46999979019165
2020-02-28,7.077499866485596,7.077499866485596
2020-03-02,7.227499961853027,7.227499961853027
2020-03-03,7.28249979019165,7.28249979019165
2020-03-04,7.263750076293945,7.263750076293945
2020-03-05,7.175000190734863,7.175000190734863
2020-03-06,6.84499979019165,6.84499979019165
2020-03-09,6.195000171661377,6.195000171661377
2020-03-10,6.122499942779541,6.122499942779541
2020-03-11,6.25124979019165,6.25124979019165
2020-03-12,5.485000133514404,5.485000133514404
2020-03-13,5.675000190734863,5.675000190734863
2020-03-16,5.53125,5.53125
2020-03-17,5.497499942779541,5.497499942779541
2020-03-18,5.107500076293945,5.107500076293945
2020-03-19,5.150000095367432,5.150000095367432
2020-03-20,5.142499923706055,5.142499923706055
2020-03-23,4.7779998779296875,4.7779998779296875
2020-03-24,5.309999942779541,5.309999942779541
2020-03-25,5.507500171661377,5.507500171661377
2020-03-26,5.807499885559082,5.807499885559082
2020-03-27,5.658750057220459,5.658750057220459
2020-03-30,5.713749885559082,5.713749885559082
2020-03-31,5.775000095367432,5.775000095367432
2020-04-01,5.320000171661377,5.320000171661377
2020-04-02,5.337500095367432,5.337500095367432
2020-04-03,5.324999809265137,5.324999809265137
2020-04-06,5.567500114440918,5.567500114440918
2020-04-07,5.891250133514404,5.891250133514404
2020-04-08,5.90749979019165,5.90749979019165
2020-04-09,6.271249771118164,6.271249771118164
2020-04-14,6.03000020980835,6.03000020980835
2020-04-15,5.835000038146973,5.835000038146973
2020-04-16,5.730000019073486,5.730000019073486
2020-04-17,5.96999979019165,5.96999979019165
2020-04-20,6.010000228881836,6.010000228881836
2020-04-21,5.762499809265137,5.762499809265137
2020-04-22,5.824999809265137,5.824999809265137
2020-04-23,5.877500057220459,5.877500057220459
2020-04-24,5.767499923706055,5.767499923706055
2020-04-27,6.042500019073486,6.042500019073486
2020-04-28,6.159999847412109,6.159999847412109
2020-04-29,6.332499980926514,6.332499980926514
2020-04-30,6.183750152587891,6.183750152587891
2020-05-01,5.961249828338623,5.961249828338623
2020-05-04,5.827499866485596,5.827499866485596
2020-05-05,5.981249809265137,5.981249809265137
2020-05-06,5.792500019073486,5.792500019073486
2020-05-07,5.942500114440918,5.942500114440918
2020-05-11,5.902500152587891,5.902500152587891
2020-05-12,5.84375,5.84375
2020-05-13,5.587500095367432,5.587500095367432
2020-05-14,5.582499980926514,5.582499980926514
2020-05-15,5.659999847412109,5.659999847412109
2020-05-18,5.925000190734863,5.925000190734863
2020-05-19,5.957499980926514,5.957499980926514
2020-05-20,5.96750020980835,5.96750020980835
2020-05-21,5.908750057220459,5.908750057220459
2020-05-22,5.885000228881836,5.885000228881836
2020-05-26,6.197500228881836,6.197500228881836
2020-05-27,6.417500019073486,6.417500019073486
2020-05-28,6.427499771118164,6.427499771118164
2020-05-29,6.304999828338623,6.304999828338623
2020-06-01,6.381249904632568,6.381249904632568
2020-06-02,6.449999809265137,6.449999809265137
2020-06-03,6.699999809265137,6.699999809265137
2020-06-04,6.743750095367432,6.743750095367432
2020-06-05,7.141250133514404,7.141250133514404
2020-06-08,7.172500133514404,7.172500133514404
2020-06-09,7.025000095367432,7.025000095367432
2020-06-10,6.880000114440918,6.880000114440918
2020-06-11,6.417500019073486,6.417500019073486
2020-06-12,6.352499961853027,6.352499961853027
2020-06-15,6.340000152587891,6.340000152587891
2020-06-16,6.607500076293945,6.607500076293945
2020-06-17,6.565000057220459,6.565000057220459
2020-06-18,6.526249885559082,6.526249885559082
2020-06-19,6.505000114440918,6.505000114440918
2020-06-22,6.440000057220459,6.440000057220459
2020-06-23,6.5,6.5
2020-06-24,6.267499923706055,6.267499923706055
2020-06-25,6.28249979019165,6.28249979019165
2020-06-26,6.164999961853027,6.164999961853027
2020-06-29,6.192500114440918,6.192500114440918
2020-06-30,6.256249904632568,6.256249904632568
2020-07-01,6.232500076293945,6.232500076293945
2020-07-02,6.28000020980835,6.28000020980835
2020-07-03,6.207499980926514,6.207499980926514
2020-07-06,6.332499980926514,6.332499980926514
2020-07-07,6.272500038146973,6.272500038146973
2020-07-08,6.235000133514404,6.235000133514404
2020-07-09,6.127500057220459,6.127500057220459
2020-07-10,6.257500171661377,6.257500171661377
2020-07-13,6.425000190734863,6.425000190734863
2020-07-14,6.396249771118164,6.396249771118164
2020-07-15,6.507500171661377,6.507500171661377
2020-07-16,6.607500076293945,6.607500076293945
2020-07-17,6.507500171661377,6.507500171661377
2020-07-20,6.46999979019165,6.46999979019165
2020-07-21,6.611249923706055,6.611249923706055
2020-07-22,6.567500114440918,6.567500114440918
2020-07-23,6.587500095367432,6.587500095367432
2020-07-24,6.574999809265137,6.574999809265137
2020-07-27,6.53000020980835,6.53000020980835
2020-07-28,6.505000114440918,6.505000114440918
2020-07-29,6.541250228881836,6.541250228881836
2020-07-30,6.487500190734863,6.487500190734863
2020-07-31,6.474999904632568,6.474999904632568
2020-08-03,6.572500228881836,6.572500228881836
2020-08-04,6.513750076293945,6.513750076293945
2020-08-05,6.607500076293945,6.607500076293945
2020-08-06,6.572500228881836,6.572500228881836
2020-08-07,6.599999904632568,6.599999904632568
2020-08-10,6.771249771118164,6.771249771118164
2020-08-11,6.927499771118164,6.927499771118164
2020-08-12,6.885000228881836,6.885000228881836
2020-08-13,6.789999961853027,6.789999961853027
2020-08-14,6.829999923706055,6.829999923706055
2020-08-17,6.737500190734863,6.737500190734863
2020-08-18,6.704999923706055,6.704999923706055
2020-08-19,6.724999904632568,6.724999904632568
2020-08-20,6.605000019073486,6.605000019073486
2020-08-21,6.590000152587891,6.590000152587891
2020-08-24,6.703750133514404,6.703750133514404
2020-08-25,6.753749847412109,6.753749847412109
2020-08-26,6.727499961853027,6.727499961853027
2020-08-27,6.840000152587891,6.840000152587891
2020-08-28,6.838749885559082,6.838749885559082
2020-09-01,6.804999828338623,6.804999828338623
2020-09-02,6.871250152587891,6.871250152587891
2020-09-03,6.860000133514404,6.860000133514404
2020-09-04,6.78249979019165,6.78249979019165
2020-09-07,6.9375,6.9375
2020-09-08,6.682499885559082,6.682499885559082
2020-09-09,6.747499942779541,6.747499942779541
2020-09-10,6.747499942779541,6.747499942779541
2020-09-11,6.682499885559082,6.682499885559082
2020-09-14,6.820000171661377,6.820000171661377
2020-09-15,6.737500190734863,6.737500190734863
2020-09-16,6.815000057220459,6.815000057220459
2020-09-17,6.71999979019165,6.71999979019165
2020-09-18,6.722499847412109,6.722499847412109
2020-09-21,6.442500114440918,6.442500114440918
2020-09-22,6.422500133514404,6.422500133514404
2020-09-23,6.454999923706055,6.454999923706055
2020-09-24,6.300000190734863,6.300000190734863
2020-09-25,6.347499847412109,6.347499847412109
2020-09-28,6.566249847412109,6.566249847412109
2020-09-29,6.465000152587891,6.465000152587891
2020-09-30,6.553750038146973,6.553750038146973
2020-10-01,6.581250190734863,6.581250190734863
2020-10-02,6.587500095367432,6.587500095367432
2020-10-05,6.727499961853027,6.727499961853027
2020-10-06,6.792500019073486,6.792500019073486
2020-10-07,6.747499942779541,6.747499942779541
2020-10-08,6.804999828338623,6.804999828338623
2020-10-09,6.868750095367432,6.868750095367432
2020-10-12,6.93625020980835,6.93625020980835
2020-10-13,6.856249809265137,6.856249809265137
2020-10-14,6.807499885559082,6.807499885559082
2020-10-15,6.752500057220459,6.752500057220459
2020-10-16,6.841249942779541,6.841249942779541
2020-10-19,6.777500152587891,6.777500152587891
2020-10-20,6.769999980926514,6.769999980926514
2020-10-21,6.757500171661377,6.757500171661377
2020-10-22,6.809999942779541,6.809999942779541
2020-10-23,6.880000114440918,6.880000114440918
2020-10-26,6.696249961853027,6.696249961853027
2020-10-27,6.642499923706055,6.642499923706055
2020-10-28,6.472499847412109,6.472499847412109
2020-10-29,6.445000171661377,6.445000171661377
2020-10-30,6.460000038146973,6.460000038146973
2020-11-02,6.642499923706055,6.642499923706055
2020-11-03,6.822500228881836,6.822500228881836
2020-11-04,6.758749961853027,6.758749961853027
2020-11-05,6.864999771118164,6.864999771118164
2020-11-06,6.835000038146973,6.835000038146973
2020-11-09,7.291250228881836,7.291250228881836
2020-11-10,7.351250171661377,7.351250171661377
2020-11-11,7.387499809265137,7.387499809265137
2020-11-12,7.264999866485596,7.264999866485596
2020-11-13,7.322500228881836,7.322500228881836
2020-11-16,7.527500152587891,7.527500152587891
2020-11-17,7.494999885559082,7.494999885559082
2020-11-18,7.599999904632568,7.599999904632568
2020-11-19,7.412499904632568,7.412499904632568
2020-11-20,7.409999847412109,7.409999847412109
2020-11-23,7.523749828338623,7.523749828338623
2020-11-24,7.753749847412109,7.753749847412109
2020-11-25,7.746250152587891,7.746250152587891
2020-11-26,7.737500190734863,7.737500190734863
2020-11-27,7.737500190734863,7.737500190734863
2020-11-30,7.642499923706055,7.642499923706055
2020-12-01,7.767499923706055,7.767499923706055
2020-12-02,7.762499809265137,7.762499809265137
2020-12-03,7.8125,7.8125
2020-12-04,7.886250019073486,7.886250019073486
2020-12-07,7.836249828338623,7.836249828338623
2020-12-08,7.840000152587891,7.840000152587891
2020-12-09,7.807499885559082,7.807499885559082
2020-12-10,7.807499885559082,7.807499885559082
2020-12-11,7.742499828338623,7.742499828338623
2020-12-14,7.71750020980835,7.71750020980835
2020-12-15,7.732500076293945,7.732500076293945
2020-12-16,7.802499771118164,7.802499771118164
2020-12-17,7.804999828338623,7.804999828338623
2020-12-18,7.758749961853027,7.758749961853027
2020-12-21,7.801249980926514,7.801249980926514
2020-12-22,7.822500228881836,7.822500228881836
2020-12-23,7.929999828338623,7.929999828338623
2020-12-24,7.942500114440918,7.942500114440918
2020-12-29,7.951250076293945,7.951250076293945
2020-12-30,7.96750020980835,7.96750020980835
2020-12-31,7.960000038146973,7.960000038146973
2021-01-04,7.972499847412109,7.972499847412109
2021-01-05,7.954999923706055,7.954999923706055
2021-01-06,8.364999771118164,8.364999771118164
2021-01-07,8.515000343322754,8.515000343322754
2021-01-08,8.422499656677246,8.422499656677246
2021-01-11,8.460000038146973,8.460000038146973
2021-01-12,8.609999656677246,8.609999656677246
2021-01-13,8.537500381469727,8.537500381469727
2021-01-14,8.6225004196167,8.6225004196167
2021-01-15,8.447500228881836,8.447500228881836
2021-01-18,8.505000114440918,8.505000114440918
2021-01-19,8.5024995803833,8.5024995803833
2021-01-20,8.4350004196167,8.4350004196167
2021-01-21,8.380000114440918,8.380000114440918
2021-01-22,8.295000076293945,8.295000076293945
2021-01-25,8.151249885559082,8.151249885559082
2021-01-26,8.233750343322754,8.233750343322754
2021-01-27,7.992499828338623,7.992499828338623
2021-01-28,8.130000114440918,8.130000114440918
2021-01-29,7.96750020980835,7.96750020980835
2021-02-01,7.980000019073486,7.980000019073486
2021-02-02,8.236249923706055,8.236249923706055
2021-02-03,8.234999656677246,8.234999656677246
2021-02-04,8.413749694824219,8.413749694824219
2021-02-05,8.4975004196167,8.4975004196167
2021-02-08,8.511249542236328,8.511249542236328
2021-02-09,8.539999961853027,8.539999961853027
2021-02-10,8.579999923706055,8.579999923706055
2021-02-11,8.552499771118164,8.552499771118164
2021-02-12,8.5912504196167,8.5912504196167
2021-02-15,8.71500015258789,8.71500015258789
2021-02-16,8.762499809265137,8.762499809265137
2021-02-17,8.787500381469727,8.787500381469727
2021-02-18,8.725000381469727,8.725000381469727
2021-02-19,8.867500305175781,8.867500305175781
2021-02-22,8.949999809265137,8.949999809265137
2021-02-23,9.0,9.0
2021-02-24,9.15250015258789,9.15250015258789
2021-02-25,9.167499542236328,9.167499542236328
2021-02-26,8.90250015258789,8.90250015258789
2021-03-01,9.069999694824219,9.069999694824219
2021-03-02,9.100000381469727,9.100000381469727
2021-03-03,9.244999885559082,9.244999885559082
2021-03-04,9.107500076293945,9.107500076293945
2021-03-05,9.007499694824219,9.007499694824219
2021-03-08,9.385000228881836,9.385000228881836
2021-03-09,9.34375,9.34375
2021-03-10,9.407500267028809,9.407500267028809
2021-03-11,9.470000267028809,9.470000267028809
2021-03-12,9.521249771118164,9.521249771118164
2021-03-15,9.40999984741211,9.40999984741211
2021-03-16,9.350000381469727,9.350000381469727
2021-03-17,9.388750076293945,9.388750076293945
2021-03-18,9.614999771118164,9.614999771118164
2021-03-19,9.375,9.375
2021-03-22,9.227499961853027,9.227499961853027
2021-03-23,9.199999809265137,9.199999809265137
2021-03-24,9.263750076293945,9.263750076293945
2021-03-25,9.211250305175781,9.211250305175781
2021-03-26,9.367500305175781,9.367500305175781
2021-03-29,9.282500267028809,9.282500267028809
2021-03-30,9.456250190734863,9.456250190734863
2021-03-31,9.357500076293945,9.357500076293945
2021-04-01,9.427499771118164,9.427499771118164
2021-04-06,9.512499809265137,9.512499809265137
2021-04-07,9.53499984741211,9.53499984741211
2021-04-08,9.53499984741211,9.53499984741211
2021-04-09,9.630000114440918,9.630000114440918
2021-04-12,9.680000305175781,9.680000305175781
2021-04-13,9.642499923706055,9.642499923706055
2021-04-14,9.742500305175781,9.742500305175781
2021-04-15,9.588749885559082,9.588749885559082
2021-04-16,9.717499732971191,9.717499732971191
2021-04-19,9.694999694824219,9.694999694824219
2021-04-20,9.537500381469727,9.537500381469727
2021-04-21,9.568750381469727,9.568750381469727
2021-04-22,9.6225004196167,9.6225004196167
2021-04-23,9.6899995803833,9.6899995803833
2021-04-26,9.824999809265137,9.824999809265137
2021-04-27,9.802499771118164,9.802499771118164
2021-04-28,9.8774995803833,9.8774995803833
2021-04-29,9.97249984741211,9.97249984741211
2021-04-30,9.96500015258789,9.96500015258789
2021-05-04,9.986249923706055,9.986249923706055
2021-05-05,10.164999961853027,10.164999961853027
2021-05-06,10.229999542236328,10.229999542236328
2021-05-07,10.3100004196167,10.3100004196167
2021-05-10,10.515000343322754,10.515000343322754
2021-05-11,10.210000038146973,10.210000038146973
2021-05-12,10.204999923706055,10.204999923706055
2021-05-13,10.220000267028809,10.220000267028809
2021-05-14,10.375,10.375
2021-05-17,10.385000228881836,10.385000228881836
2021-05-18,10.395000457763672,10.395000457763672
2021-05-19,10.119999885559082,10.119999885559082
2021-05-20,10.274999618530273,10.274999618530273
2021-05-21,10.359999656677246,10.359999656677246
2021-05-24,10.385000228881836,10.385000228881836
2021-05-25,10.354999542236328,10.354999542236328
2021-05-26,10.329999923706055,10.329999923706055
2021-05-27,10.350000381469727,10.350000381469727
2021-05-28,10.414999961853027,10.414999961853027
2021-06-01,10.539999961853027,10.539999961853027
2021-06-02,10.529999732971191,10.529999732971191
2021-06-03,10.574999809265137,10.574999809265137
2021-06-04,10.5,10.5
2021-06-07,10.494999885559082,10.494999885559082
2021-06-08,10.444999694824219,10.444999694824219
2021-06-09,10.420000076293945,10.420000076293945
2021-06-10,10.319999694824219,10.319999694824219
2021-06-11,10.300000190734863,10.300000190734863
2021-06-14,10.204999923706055,10.204999923706055
2021-06-15,10.192500114440918,10.192500114440918
2021-06-16,10.180000305175781,10.180000305175781
2021-06-17,9.970000267028809,9.970000267028809
2021-06-18,9.739999771118164,9.739999771118164
2021-06-21,9.867500305175781,9.867500305175781
2021-06-22,9.907500267028809,9.907500267028809
2021-06-23,9.9350004196167,9.9350004196167
2021-06-24,10.024999618530273,10.024999618530273
2021-06-25,10.164999961853027,10.164999961853027
2021-06-28,10.069999694824219,10.069999694824219
2021-06-29,10.140000343322754,10.140000343322754
2021-06-30,10.109999656677246,10.109999656677246
2021-07-01,10.1899995803833,10.1899995803833
2021-07-02,10.164999961853027,10.164999961853027
2021-07-05,10.21500015258789,10.21500015258789
2021-07-06,10.0,10.0
2021-07-07,10.045000076293945,10.045000076293945
2021-07-08,9.899999618530273,9.899999618530273
2021-07-09,10.074999809265137,10.074999809265137
2021-07-12,10.1899995803833,10.1899995803833
2021-07-13,10.09000015258789,10.09000015258789
2021-07-14,9.992500305175781,9.992500305175781
2021-07-15,10.125,10.125
2021-07-16,10.03499984741211,10.03499984741211
2021-07-19,9.6899995803833,9.6899995803833
2021-07-20,9.920000076293945,9.920000076293945
2021-07-21,10.074999809265137,10.074999809265137
2021-07-22,9.97249984741211,9.97249984741211
2021-07-23,10.010000228881836,10.010000228881836
2021-07-26,10.055000305175781,10.055000305175781
2021-07-27,10.055000305175781,10.055000305175781
2021-07-28,10.020000457763672,10.020000457763672
2021-07-29,10.164999961853027,10.164999961853027
2021-07-30,10.104999542236328,10.104999542236328
2021-08-02,10.149999618530273,10.149999618530273
2021-08-03,10.109999656677246,10.109999656677246
2021-08-04,10.180000305175781,10.180000305175781
2021-08-05,10.212499618530273,10.212499618530273
2021-08-06,10.425000190734863,10.425000190734863
2021-08-09,10.479999542236328,10.479999542236328
2021-08-10,10.585000038146973,10.585000038146973
2021-08-11,10.680000305175781,10.680000305175781
2021-08-12,10.675000190734863,10.675000190734863
2021-08-13,10.640000343322754,10.640000343322754
2021-08-16,10.595000267028809,10.595000267028809
2021-08-17,10.569999694824219,10.569999694824219
2021-08-18,10.550000190734863,10.550000190734863
2021-08-19,10.289999961853027,10.289999961853027
2021-08-20,10.369999885559082,10.369999885559082
2021-08-23,10.510000228881836,10.510000228881836
2021-08-24,10.520000457763672,10.520000457763672
2021-08-25,10.680000305175781,10.680000305175781
2021-08-26,10.664999961853027,10.664999961853027
2021-08-27,10.720000267028809,10.720000267028809
2021-08-31,10.65999984741211,10.65999984741211
2021-09-01,10.539999961853027,10.539999961853027
2021-09-02,10.59000015258789,10.59000015258789
2021-09-03,10.4975004196167,10.4975004196167
2021-09-06,10.520000457763672,10.520000457763672
2021-09-07,10.494999885559082,10.494999885559082
2021-09-08,10.380000114440918,10.380000114440918
2021-09-09,10.475000381469727,10.475000381469727
2021-09-10,10.40999984741211,10.40999984741211
2021-09-13,10.484999656677246,10.484999656677246
2021-09-14,10.364999771118164,10.364999771118164
2021-09-15,10.420000076293945,10.420000076293945
2021-09-16,10.40999984741211,10.40999984741211
2021-09-17,10.380000114440918,10.380000114440918
2021-09-20,10.0600004196167,10.0600004196167
2021-09-21,10.130000114440918,10.130000114440918
2021-09-22,10.305000305175781,10.305000305175781
2021-09-23,10.524999618530273,10.524999618530273
2021-09-24,10.574999809265137,10.574999809265137
2021-09-27,10.71500015258789,10.71500015258789
2021-09-28,10.574999809265137,10.574999809265137
2021-09-29,10.600000381469727,10.600000381469727
2021-09-30,10.532500267028809,10.532500267028809
2021-10-01,10.475000381469727,10.475000381469727
2021-10-04,10.460000038146973,10.460000038146973
2021-10-05,10.6899995803833,10.6899995803833
2021-10-06,10.510000228881836,10.510000228881836
2021-10-07,10.84000015258789,10.84000015258789
2021-10-08,10.824999809265137,10.824999809265137
2021-10-11,10.869999885559082,10.869999885559082
2021-10-12,10.694999694824219,10.694999694824219
2021-10-13,10.545000076293945,10.545000076293945
2021-10-14,10.710000038146973,10.710000038146973
2021-10-15,10.899999618530273,10.899999618530273
2021-10-18,10.960000038146973,10.960000038146973
2021-10-19,11.0,11.0
2021-10-20,11.085000038146973,11.085000038146973
2021-10-21,11.029999732971191,11.029999732971191
2021-10-22,11.154999732971191,11.154999732971191
2021-10-25,11.229999542236328,11.229999542236328
2021-10-26,11.295000076293945,11.295000076293945
2021-10-27,11.140000343322754,11.140000343322754
2021-10-28,11.154999732971191,11.154999732971191
2021-10-29,11.210000038146973,11.210000038146973
2021-11-01,11.140000343322754,11.140000343322754
2021-11-02,11.1899995803833,11.1899995803833
2021-11-03,11.180000305175781,11.180000305175781
2021-11-04,11.029999732971191,11.029999732971191
2021-11-05,11.109999656677246,11.109999656677246
2021-11-08,11.154999732971191,11.154999732971191
2021-11-09,11.055000305175781,11.055000305175781
2021-11-10,11.104999542236328,11.104999542236328
2021-11-11,11.087499618530273,11.087499618530273
2021-11-12,11.09000015258789,11.09000015258789
2021-11-15,11.140000343322754,11.140000343322754
2021-11-16,11.104999542236328,11.104999542236328
2021-11-17,10.970000267028809,10.970000267028809
2021-11-18,10.9399995803833,10.9399995803833
2021-11-19,10.795000076293945,10.795000076293945
2021-11-22,10.989999771118164,10.989999771118164
2021-11-23,11.03499984741211,11.03499984741211
2021-11-24,11.0649995803833,11.0649995803833
2021-11-25,11.109999656677246,11.109999656677246
2021-11-26,10.645000457763672,10.645000457763672
2021-11-29,10.704999923706055,10.704999923706055
2021-11-30,10.595000267028809,10.595000267028809
2021-12-01,10.734999656677246,10.734999656677246
2021-12-02,10.625,10.625
2021-12-03,10.569999694824219,10.569999694824219
2021-12-06,10.739999771118164,10.739999771118164
2021-12-07,10.854999542236328,10.854999542236328
2021-12-08,10.8149995803833,10.8149995803833
2021-12-09,10.789999961853027,10.789999961853027
2021-12-10,10.770000457763672,10.770000457763672
2021-12-13,10.640000343322754,10.640000343322754
2021-12-14,10.725000381469727,10.725000381469727
2021-12-15,10.71500015258789,10.71500015258789
2021-12-16,10.979999542236328,10.979999542236328
2021-12-17,10.744999885559082,10.744999885559082
2021-12-20,10.380000114440918,10.380000114440918
2021-12-21,10.640000343322754,10.640000343322754
2021-12-22,10.744999885559082,10.744999885559082
2021-12-23,10.819999694824219,10.819999694824219
2021-12-24,10.800000190734863,10.800000190734863
2021-12-29,10.914999961853027,10.914999961853027
2021-12-30,10.90999984741211,10.90999984741211
2021-12-31,10.84749984741211,10.84749984741211
2022-01-04,11.265000343322754,11.265000343322754
2022-01-05,11.3149995803833,11.3149995803833
2022-01-06,11.199999809265137,11.199999809265137
2022-01-07,11.399999618530273,11.399999618530273
2022-01-10,11.329999923706055,11.329999923706055
2022-01-11,11.390000343322754,11.390000343322754
2022-01-12,11.510000228881836,11.510000228881836
2022-01-13,11.5649995803833,11.5649995803833
2022-01-14,11.279999732971191,11.279999732971191
2022-01-17,11.430000305175781,11.430000305175781
2022-01-18,11.074999809265137,11.074999809265137
2022-01-19,11.029999732971191,11.029999732971191
2022-01-20,11.050000190734863,11.050000190734863
2022-01-21,10.795000076293945,10.795000076293945
2022-01-24,10.359999656677246,10.359999656677246
2022-01-25,10.5649995803833,10.5649995803833
2022-01-26,10.829999923706055,10.829999923706055
2022-01-27,10.789999961853027,10.789999961853027
2022-01-28,10.600000381469727,10.600000381469727
2022-01-31,10.75,10.75
2022-02-01,10.90999984741211,10.90999984741211
2022-02-02,10.994999885559082,10.994999885559082
2022-02-03,11.079999923706055,11.079999923706055
2022-02-04,11.045000076293945,11.045000076293945
2022-02-07,11.170000076293945,11.170000076293945
2022-02-08,11.265000343322754,11.265000343322754
2022-02-09,11.4399995803833,11.4399995803833
2022-02-10,11.4350004196167,11.4350004196167
2022-02-11,11.364999771118164,11.364999771118164
2022-02-14,11.015000343322754,11.015000343322754
2022-02-15,11.194999694824219,11.194999694824219
2022-02-16,11.170000076293945,11.170000076293945
2022-02-17,11.0,11.0
2022-02-18,10.904999732971191,10.904999732971191
2022-02-21,10.78499984741211,10.78499984741211
2022-02-22,10.90999984741211,10.90999984741211
2022-02-23,10.779999732971191,10.779999732971191
2022-02-24,10.319999694824219,10.319999694824219
2022-02-25,10.800000190734863,10.800000190734863
2022-02-28,10.739999771118164,10.739999771118164
2022-03-01,10.367500305175781,10.367500305175781
2022-03-02,10.585000038146973,10.585000038146973
2022-03-03,10.505000114440918,10.505000114440918
2022-03-04,10.25,10.25
2022-03-07,10.135000228881836,10.135000228881836
2022-03-08,9.864999771118164,9.864999771118164
2022-03-09,10.289999961853027,10.289999961853027
2022-03-10,10.114999771118164,10.114999771118164
2022-03-11,10.210000038146973,10.210000038146973
2022-03-14,10.319999694824219,10.319999694824219
2022-03-15,10.3149995803833,10.3149995803833
2022-03-16,10.635000228881836,10.635000228881836
2022-03-17,10.710000038146973,10.710000038146973
2022-03-18,10.744999885559082,10.744999885559082
2022-03-21,10.84000015258789,10.84000015258789
2022-03-22,10.994999885559082,10.994999885559082
2022-03-23,10.869999885559082,10.869999885559082
2022-03-24,10.854999542236328,10.854999542236328
2022-03-25,10.975000381469727,10.975000381469727
2022-03-28,10.899999618530273,10.899999618530273
2022-03-29,11.03499984741211,11.03499984741211
2022-03-30,10.970000267028809,10.970000267028809
2022-03-31,10.859999656677246,10.859999656677246
2022-04-01,10.6875,10.6875
2022-04-04,10.577500343322754,10.577500343322754
2022-04-05,10.630000114440918,10.630000114440918
2022-04-06,10.489999771118164,10.489999771118164
2022-04-07,10.324999809265137,10.324999809265137
2022-04-08,10.579999923706055,10.579999923706055
2022-04-11,10.5600004196167,10.5600004196167
2022-04-12,10.547499656677246,10.547499656677246
2022-04-13,10.359999656677246,10.359999656677246
2022-04-14,10.392499923706055,10.392499923706055
2022-04-19,10.454999923706055,10.454999923706055
2022-04-20,10.619999885559082,10.619999885559082
2022-04-21,10.569999694824219,10.569999694824219
2022-04-22,10.229999542236328,10.229999542236328
2022-04-25,9.875,9.875
2022-04-26,9.957500457763672,9.957500457763672
2022-04-27,9.882499694824219,9.882499694824219
2022-04-28,9.826250076293945,9.826250076293945
2022-04-29,9.869999885559082,9.869999885559082
2022-05-03,9.800000190734863,9.800000190734863
2022-05-04,9.757499694824219,9.757499694824219
2022-05-05,9.725000381469727,9.725000381469727
2022-05-06,9.654999732971191,9.654999732971191
2022-05-09,9.449999809265137,9.449999809265137
2022-05-10,9.297499656677246,9.297499656677246
2022-05-11,9.492500305175781,9.492500305175781
2022-05-12,9.213749885559082,9.213749885559082
2022-05-13,9.369999885559082,9.369999885559082
2022-05-16,9.244999885559082,9.244999885559082
2022-05-17,9.457500457763672,9.457500457763672
2022-05-18,9.313750267028809,9.313750267028809
2022-05-19,9.141249656677246,9.141249656677246
2022-05-20,9.118749618530273,9.118749618530273
2022-05-23,9.492500305175781,9.492500305175781
2022-05-24,9.293749809265137,9.293749809265137
2022-05-25,9.488750457763672,9.488750457763672
2022-05-26,9.710000038146973,9.710000038146973
2022-05-27,9.787500381469727,9.787500381469727
2022-05-30,9.9712495803833,9.9712495803833
2022-05-31,9.84749984741211,9.84749984741211
2022-06-01,9.668749809265137,9.668749809265137
2022-06-06,9.78499984741211,9.78499984741211
2022-06-07,9.732500076293945,9.732500076293945
2022-06-08,9.732500076293945,9.732500076293945
2022-06-09,9.543749809265137,9.543749809265137
2022-06-10,9.082500457763672,9.082500457763672
2022-06-13,8.842499732971191,8.842499732971191
2022-06-14,8.77750015258789,8.77750015258789
2022-06-15,8.798749923706055,8.798749923706055
2022-06-16,8.5625,8.5625
2022-06-17,8.618749618530273,8.618749618530273
2022-06-20,8.729999542236328,8.729999542236328
2022-06-21,8.758749961853027,8.758749961853027
2022-06-22,8.7837495803833,8.7837495803833
2022-06-23,8.703749656677246,8.703749656677246
2022-06-24,9.021249771118164,9.021249771118164
2022-06-27,9.055000305175781,9.055000305175781
2022-06-28,9.0287504196167,9.0287504196167
2022-06-29,8.896249771118164,8.896249771118164
2022-06-30,8.787500381469727,8.787500381469727
2022-07-01,8.797499656677246,8.797499656677246
2022-07-04,8.897500038146973,8.897500038146973
2022-07-05,8.71500015258789,8.71500015258789
2022-07-06,8.797499656677246,8.797499656677246
2022-07-07,8.982500076293945,8.982500076293945
2022-07-08,9.03499984741211,9.03499984741211
2022-07-11,8.911250114440918,8.911250114440918
2022-07-12,9.006250381469727,9.006250381469727
2022-07-13,8.739999771118164,8.739999771118164
2022-07-14,8.556249618530273,8.556249618530273
2022-07-15,8.854999542236328,8.854999542236328
2022-07-18,8.951250076293945,8.951250076293945
2022-07-19,9.057499885559082,9.057499885559082
2022-07-20,9.133749961853027,9.133749961853027
2022-07-21,9.102499961853027,9.102499961853027
2022-07-22,9.201250076293945,9.201250076293945
2022-07-25,9.257499694824219,9.257499694824219
2022-07-26,9.130000114440918,9.130000114440918
2022-07-27,9.116250038146973,9.116250038146973
2022-07-28,9.220000267028809,9.220000267028809
2022-07-29,9.399999618530273,9.399999618530273
2022-08-01,9.376250267028809,9.376250267028809
2022-08-02,9.3412504196167,9.3412504196167
2022-08-03,9.318750381469727,9.318750381469727
2022-08-04,9.3774995803833,9.3774995803833
2022-08-05,9.381250381469727,9.381250381469727
2022-08-08,9.478750228881836,9.478750228881836
2022-08-09,9.460000038146973,9.460000038146973
2022-08-10,9.682499885559082,9.682499885559082
2022-08-11,9.78499984741211,9.78499984741211
2022-08-12,9.863750457763672,9.863750457763672
2022-08-15,9.886249542236328,9.886249542236328
2022-08-16,9.994999885559082,9.994999885559082
2022-08-17,9.943750381469727,9.943750381469727
2022-08-18,9.9375,9.9375
2022-08-19,9.782500267028809,9.782500267028809
2022-08-22,9.609999656677246,9.609999656677246
2022-08-23,9.557499885559082,9.557499885559082
2022-08-24,9.581250190734863,9.581250190734863
2022-08-25,9.677499771118164,9.677499771118164
2022-08-26,9.545000076293945,9.545000076293945
2022-08-30,9.326250076293945,9.326250076293945
2022-08-31,9.307499885559082,9.307499885559082
2022-09-01,9.161250114440918,9.161250114440918
2022-09-02,9.425000190734863,9.425000190734863
2022-09-05,9.227499961853027,9.227499961853027
2022-09-06,9.199999809265137,9.199999809265137
2022-09-07,9.266249656677246,9.266249656677246
2022-09-08,9.46875,9.46875
2022-09-09,9.59000015258789,9.59000015258789
2022-09-12,9.69124984741211,9.69124984741211
2022-09-13,9.443750381469727,9.443750381469727
2022-09-14,9.31624984741211,9.31624984741211
2022-09-15,9.357500076293945,9.357500076293945
2022-09-16,9.213749885559082,9.213749885559082
2022-09-20,9.231249809265137,9.231249809265137
2022-09-21,9.251250267028809,9.251250267028809
2022-09-22,8.883749961853027,8.883749961853027
2022-09-23,8.702500343322754,8.702500343322754
2022-09-26,8.603750228881836,8.603750228881836
2022-09-27,8.568750381469727,8.568750381469727
2022-09-28,8.677499771118164,8.677499771118164
2022-09-29,8.592499732971191,8.592499732971191
2022-09-30,8.701250076293945,8.701250076293945
2022-10-03,8.71500015258789,8.71500015258789
2022-10-04,9.0649995803833,9.0649995803833
2022-10-05,8.960000038146973,8.960000038146973
2022-10-06,8.962499618530273,8.962499618530273
2022-10-07,8.736249923706055,8.736249923706055
2022-10-10,8.670000076293945,8.670000076293945
2022-10-11,8.569999694824219,8.569999694824219
2022-10-12,8.572500228881836,8.572500228881836
2022-10-13,8.649999618530273,8.649999618530273
2022-10-14,8.822500228881836,8.822500228881836
2022-10-17,8.911250114440918,8.911250114440918
2022-10-18,9.00374984741211,9.00374984741211
2022-10-19,8.989999771118164,8.989999771118164
2022-10-20,8.899999618530273,8.899999618530273
2022-10-21,8.863750457763672,8.863750457763672
2022-10-24,9.1274995803833,9.1274995803833
2022-10-25,9.239999771118164,9.239999771118164
2022-10-26,9.381250381469727,9.381250381469727
2022-10-27,9.4037504196167,9.4037504196167
2022-10-28,9.488750457763672,9.488750457763672
2022-10-31,9.581250190734863,9.581250190734863
2022-11-01,9.571249961853027,9.571249961853027
2022-11-02,9.537500381469727,9.537500381469727
2022-11-03,9.381250381469727,9.381250381469727
2022-11-04,9.454999923706055,9.454999923706055
2022-11-07,9.561249732971191,9.561249732971191
2022-11-08,9.707500457763672,9.707500457763672
2022-11-09,9.609999656677246,9.609999656677246
2022-11-10,9.90250015258789,9.90250015258789
2022-11-11,10.020000457763672,10.020000457763672
2022-11-14,10.005000114440918,10.005000114440918
2022-11-15,10.0024995803833,10.0024995803833
2022-11-16,9.897500038146973,9.897500038146973
2022-11-17,9.795000076293945,9.795000076293945
2022-11-18,9.93375015258789,9.93375015258789
2022-11-21,9.932499885559082,9.932499885559082
2022-11-22,10.055000305175781,10.055000305175781
2022-11-23,10.109999656677246,10.109999656677246
2022-11-24,10.140000343322754,10.140000343322754
2022-11-25,10.142499923706055,10.142499923706055
2022-11-28,10.050000190734863,10.050000190734863
2022-11-29,9.977499961853027,9.977499961853027
2022-11-30,9.938750267028809,9.938750267028809
2022-12-01,10.109999656677246,10.109999656677246
2022-12-02,10.024999618530273,10.024999618530273
2022-12-05,9.921250343322754,9.921250343322754
2022-12-06,9.770000457763672,9.770000457763672
2022-12-07,9.725000381469727,9.725000381469727
2022-12-08,9.737500190734863,9.737500190734863
2022-12-09,9.743749618530273,9.743749618530273
2022-12-12,9.737500190734863,9.737500190734863
2022-12-13,9.912500381469727,9.912500381469727
2022-12-14,9.899999618530273,9.899999618530273
2022-12-15,9.52750015258789,9.52750015258789
2022-12-16,9.442500114440918,9.442500114440918
2022-12-19,9.470000267028809,9.470000267028809
2022-12-20,9.4712495803833,9.4712495803833
2022-12-21,9.632499694824219,9.632499694824219
2022-12-22,9.489999771118164,9.489999771118164
2022-12-23,9.557499885559082,9.557499885559082
2022-12-28,9.576250076293945,9.576250076293945
2022-12-29,9.65625,9.65625
2022-12-30,9.649999618530273,9.649999618530273
2023-01-03,9.699999809265137,9.699999809265137
2023-01-04,9.861249923706055,9.861249923706055
2023-01-05,9.725000381469727,9.725000381469727
2023-01-06,9.930000305175781,9.930000305175781
2023-01-09,10.069999694824219,10.069999694824219
2023-01-10,9.973750114440918,9.973750114440918
2023-01-11,10.057499885559082,10.057499885559082
2023-01-12,10.135000228881836,10.135000228881836
2023-01-13,10.117500305175781,10.117500305175781
2023-01-16,10.210000038146973,10.210000038146973
2023-01-17,10.125,10.125
2023-01-18,10.032500267028809,10.032500267028809
2023-01-19,9.768750190734863,9.768750190734863
2023-01-20,9.914999961853027,9.914999961853027
2023-01-23,10.079999923706055,10.079999923706055
2023-01-24,10.130000114440918,10.130000114440918
2023-01-25,10.069999694824219,10.069999694824219
2023-01-26,10.15999984741211,10.15999984741211
2023-01-27,10.232500076293945,10.232500076293945
2023-01-30,10.25,10.25
2023-01-31,10.212499618530273,10.212499618530273
2023-02-01,10.300000190734863,10.300000190734863
2023-02-02,10.380000114440918,10.380000114440918
2023-02-03,10.375,10.375
2023-02-06,10.307499885559082,10.307499885559082
2023-02-07,10.354999542236328,10.354999542236328
2023-02-08,10.4375,10.4375
2023-02-09,10.390000343322754,10.390000343322754
2023-02-10,10.270000457763672,10.270000457763672
2023-02-13,10.385000228881836,10.385000228881836
2023-02-14,10.329999923706055,10.329999923706055
2023-02-15,10.364999771118164,10.364999771118164
2023-02-16,10.319999694824219,10.319999694824219
2023-02-17,10.225000381469727,10.225000381469727
2023-02-20,10.229999542236328,10.229999542236328
2023-02-21,10.0600004196167,10.0600004196167
2023-02-22,10.0600004196167,10.0600004196167
2023-02-23,10.024999618530273,10.024999618530273
2023-02-24,10.029999732971191,10.029999732971191
2023-02-27,10.079999923706055,10.079999923706055
2023-02-28,10.109999656677246,10.109999656677246
2023-03-01,10.045000076293945,10.045000076293945
2023-03-02,9.947500228881836,9.947500228881836
2023-03-03,10.079999923706055,10.079999923706055
2023-03-06,10.175000190734863,10.175000190734863
2023-03-07,9.986249923706055,9.986249923706055
2023-03-08,9.885000228881836,9.885000228881836
2023-03-09,9.6875,9.6875
2023-03-10,9.505000114440918,9.505000114440918
2023-03-13,9.001250267028809,9.001250267028809
2023-03-14,9.142499923706055,9.142499923706055
2023-03-15,8.772500038146973,8.772500038146973
2023-03-16,8.991250038146973,8.991250038146973
2023-03-17,8.779999732971191,8.779999732971191
2023-03-20,8.832500457763672,8.832500457763672
2023-03-21,9.056249618530273,9.056249618530273
2023-03-22,9.005000114440918,9.005000114440918
2023-03-23,8.890000343322754,8.890000343322754
2023-03-24,8.694999694824219,8.694999694824219
2023-03-27,8.9037504196167,8.9037504196167
2023-03-28,8.90999984741211,8.90999984741211
2023-03-29,8.96875,8.96875
2023-03-30,9.015000343322754,9.015000343322754
2023-03-31,9.067500114440918,9.067500114440918
2023-04-03,9.082500457763672,9.082500457763672
2023-04-04,9.024999618530273,9.024999618530273
2023-04-05,9.022500038146973,9.022500038146973
2023-04-06,9.039999961853027,9.039999961853027
2023-04-11,9.137499809265137,9.137499809265137
2023-04-12,9.157500267028809,9.157500267028809
2023-04-13,9.172499656677246,9.172499656677246
2023-04-14,9.307499885559082,9.307499885559082
2023-04-17,9.3462495803833,9.3462495803833
2023-04-18,9.417499542236328,9.417499542236328
2023-04-19,9.449999809265137,9.449999809265137
2023-04-20,9.430000305175781,9.430000305175781
2023-04-21,9.396249771118164,9.396249771118164
2023-04-24,9.390000343322754,9.390000343322754
2023-04-25,9.322500228881836,9.322500228881836
2023-04-26,9.210000038146973,9.210000038146973
2023-04-27,9.226249694824219,9.226249694824219
2023-04-28,9.363750457763672,9.363750457763672
2023-05-02,9.095000267028809,9.095000267028809
2023-05-03,9.137499809265137,9.137499809265137
2023-05-04,8.9037504196167,8.9037504196167
2023-05-05,9.140000343322754,9.140000343322754
2023-05-09,9.15250015258789,9.15250015258789
2023-05-10,9.09375,9.09375
2023-05-11,9.047499656677246,9.047499656677246
2023-05-12,9.048749923706055,9.048749923706055
2023-05-15,9.092499732971191,9.092499732971191
2023-05-16,9.053750038146973,9.053750038146973
2023-05-17,9.135000228881836,9.135000228881836
2023-05-18,9.207500457763672,9.207500457763672
2023-05-19,9.227499961853027,9.227499961853027
2023-05-22,9.24625015258789,9.24625015258789
2023-05-23,9.25,9.25
2023-05-24,9.041250228881836,9.041250228881836
2023-05-25,8.992500305175781,8.992500305175781
2023-05-26,9.073749542236328,9.073749542236328
2023-05-30,9.047499656677246,9.047499656677246
2023-05-31,8.921250343322754,8.921250343322754
2023-06-01,9.056249618530273,9.056249618530273
2023-06-02,9.260000228881836,9.260000228881836
2023-06-05,9.244999885559082,9.244999885559082
2023-06-06,9.34749984741211,9.34749984741211
2023-06-07,9.364999771118164,9.364999771118164
2023-06-08,9.348750114440918,9.348750114440918
2023-06-09,9.386249542236328,9.386249542236328
2023-06-12,9.327500343322754,9.327500343322754
2023-06-13,9.462499618530273,9.462499618530273
2023-06-14,9.4975004196167,9.4975004196167
2023-06-15,9.475000381469727,9.475000381469727
2023-06-16,9.520000457763672,9.520000457763672
2023-06-19,9.484999656677246,9.484999656677246
2023-06-20,9.4037504196167,9.4037504196167
2023-06-21,9.452500343322754,9.452500343322754
2023-06-22,9.337499618530273,9.337499618530273
2023-06-23,9.321249961853027,9.321249961853027
2023-06-26,9.296250343322754,9.296250343322754
2023-06-27,9.332500457763672,9.332500457763672
2023-06-28,9.34000015258789,9.34000015258789
2023-06-29,9.473750114440918,9.473750114440918
2023-06-30,9.577500343322754,9.577500343322754
2023-07-03,9.657500267028809,9.657500267028809
2023-07-04,9.647500038146973,9.647500038146973
2023-07-05,9.631250381469727,9.631250381469727
2023-07-06,9.512499809265137,9.512499809265137
2023-07-07,9.551250457763672,9.551250457763672
2023-07-10,9.609999656677246,9.609999656677246
2023-07-11,9.664999961853027,9.664999961853027
2023-07-12,9.8149995803833,9.8149995803833
2023-07-13,9.802499771118164,9.802499771118164
2023-07-14,9.762499809265137,9.762499809265137
2023-07-17,9.835000038146973,9.835000038146973
2023-07-18,9.958749771118164,9.958749771118164
2023-07-19,10.007499694824219,10.007499694824219
2023-07-20,10.020000457763672,10.020000457763672
2023-07-21,10.050000190734863,10.050000190734863
2023-07-24,10.107500076293945,10.107500076293945
2023-07-25,10.09000015258789,10.09000015258789
2023-07-26,10.109999656677246,10.109999656677246
2023-07-27,10.09000015258789,10.09000015258789
2023-07-28,10.032500267028809,10.032500267028809
2023-07-31,10.069999694824219,10.069999694824219
2023-08-01,10.017499923706055,10.017499923706055
2023-08-02,9.9350004196167,9.9350004196167
2023-08-03,9.93375015258789,9.93375015258789
2023-08-04,10.029999732971191,10.029999732971191
2023-08-07,10.047499656677246,10.047499656677246
2023-08-08,9.888750076293945,9.888750076293945
2023-08-09,9.931249618530273,9.931249618530273
2023-08-10,9.977499961853027,9.977499961853027
2023-08-11,9.921250343322754,9.921250343322754
2023-08-14,9.922499656677246,9.922499656677246
2023-08-15,9.771249771118164,9.771249771118164
2023-08-16,9.765000343322754,9.765000343322754
2023-08-17,9.713749885559082,9.713749885559082
2023-08-18,9.671250343322754,9.671250343322754
2023-08-21,9.607500076293945,9.607500076293945
2023-08-22,9.569999694824219,9.569999694824219
2023-08-23,9.612500190734863,9.612500190734863
2023-08-24,9.664999961853027,9.664999961853027
2023-08-25,9.65999984741211,9.65999984741211
2023-08-29,9.731249809265137,9.731249809265137
2023-08-30,9.827500343322754,9.827500343322754
2023-08-31,9.797499656677246,9.797499656677246
2023-09-01,9.852499961853027,9.852499961853027
2023-09-04,9.853750228881836,9.853750228881836
2023-09-05,9.8125,9.8125
2023-09-06,9.726249694824219,9.726249694824219
2023-09-07,9.74625015258789,9.74625015258789
2023-09-08,9.75,9.75
2023-09-11,9.77750015258789,9.77750015258789
2023-09-12,9.862500190734863,9.862500190734863
2023-09-13,9.890000343322754,9.890000343322754
2023-09-14,9.922499656677246,9.922499656677246
2023-09-15,9.94124984741211,9.94124984741211
2023-09-18,9.917499542236328,9.917499542236328
2023-09-19,9.87874984741211,9.87874984741211
2023-09-20,9.977499961853027,9.977499961853027
2023-09-21,9.742500305175781,9.742500305175781
2023-09-22,9.6899995803833,9.6899995803833
2023-09-25,9.602499961853027,9.602499961853027
2023-09-26,9.537500381469727,9.537500381469727
2023-09-27,9.507499694824219,9.507499694824219
2023-09-28,9.572500228881836,9.572500228881836
2023-09-29,9.5649995803833,9.5649995803833
2023-10-02,9.411250114440918,9.411250114440918
2023-10-03,9.239999771118164,9.239999771118164
2023-10-04,9.2475004196167,9.2475004196167
2023-10-05,9.28125,9.28125
2023-10-06,9.417499542236328,9.417499542236328
2023-10-09,9.392499923706055,9.392499923706055
2023-10-10,9.529999732971191,9.529999732971191
2023-10-11,9.494999885559082,9.494999885559082
2023-10-12,9.505000114440918,9.505000114440918
2023-10-13,9.517499923706055,9.517499923706055
2023-10-16,9.587499618530273,9.587499618530273
2023-10-17,9.625,9.625
2023-10-18,9.517499923706055,9.517499923706055
2023-10-19,9.479999542236328,9.479999542236328
2023-10-20,9.232500076293945,9.232500076293945
2023-10-23,9.21500015258789,9.21500015258789
2023-10-24,9.180000305175781,9.180000305175781
2023-10-25,9.211250305175781,9.211250305175781
2023-10-26,9.176250457763672,9.176250457763672
2023-10-27,9.067500114440918,9.067500114440918
2023-10-30,9.067500114440918,9.067500114440918
2023-10-31,9.181249618530273,9.181249618530273
2023-11-01,9.256250381469727,9.256250381469727
2023-11-02,9.460000038146973,9.460000038146973
2023-11-03,9.663749694824219,9.663749694824219
2023-11-06,9.607500076293945,9.607500076293945
2023-11-07,9.607500076293945,9.607500076293945
2023-11-08,9.602499961853027,9.602499961853027
2023-11-09,9.6274995803833,9.6274995803833
2023-11-10,9.603750228881836,9.603750228881836
2023-11-13,9.680000305175781,9.680000305175781
2023-11-14,9.899999618530273,9.899999618530273
2023-11-15,9.918749809265137,9.918749809265137
2023-11-16,9.912500381469727,9.912500381469727
2023-11-17,9.9712495803833,9.9712495803833
2023-11-20,10.0,10.0
2023-11-21,10.039999961853027,10.039999961853027
2023-11-22,10.072500228881836,10.072500228881836
2023-11-23,10.077500343322754,10.077500343322754
2023-11-24,10.087499618530273,10.087499618530273
2023-11-27,10.0649995803833,10.0649995803833
2023-11-28,10.09000015258789,10.09000015258789
2023-11-29,10.145000457763672,10.145000457763672
2023-11-30,10.210000038146973,10.210000038146973
2023-12-01,10.274999618530273,10.274999618530273
2023-12-04,10.279999732971191,10.279999732971191
2023-12-05,10.225000381469727,10.225000381469727
2023-12-06,10.287500381469727,10.287500381469727
2023-12-07,10.229999542236328,10.229999542236328
2023-12-08,10.270000457763672,10.270000457763672
2023-12-11,10.369999885559082,10.369999885559082
2023-12-12,10.420000076293945,10.420000076293945
2023-12-13,10.470000267028809,10.470000267028809
2023-12-14,10.720000267028809,10.720000267028809
2023-12-15,10.675000190734863,10.675000190734863
2023-12-18,10.720000267028809,10.720000267028809
2023-12-19,10.760000228881836,10.760000228881836
2023-12-20,10.770000457763672,10.770000457763672
2023-12-21,10.649999618530273,10.649999618530273
2023-12-22,10.699999809265137,10.699999809265137
2023-12-27,10.757499694824219,10.757499694824219
2023-12-28,10.8100004196167,10.8100004196167
2023-12-29,10.819999694824219,10.819999694824219
2024-01-02,10.795000076293945,10.795000076293945
2024-01-03,10.770000457763672,10.770000457763672
2024-01-04,10.864999771118164,10.864999771118164
2024-01-05,10.850000381469727,10.850000381469727
2024-01-08,10.805000305175781,10.805000305175781
2024-01-09,10.824999809265137,10.824999809265137
2024-01-10,10.800000190734863,10.800000190734863
2024-01-11,10.734999656677246,10.734999656677246
2024-01-12,10.770000457763672,10.770000457763672
2024-01-15,10.795000076293945,10.795000076293945
2024-01-16,10.720000267028809,10.720000267028809
2024-01-17,10.702500343322754,10.702500343322754
2024-01-18,10.640000343322754,10.640000343322754
2024-01-19,10.78499984741211,10.78499984741211
2024-01-22,10.942500114440918,10.942500114440918
2024-01-23,10.9350004196167,10.9350004196167
2024-01-24,11.039999961853027,11.039999961853027
2024-01-25,11.005000114440918,11.005000114440918
2024-01-26,11.079999923706055,11.079999923706055
2024-01-29,11.0649995803833,11.0649995803833
2024-01-30,11.210000038146973,11.210000038146973
2024-01-31,11.2475004196167,11.2475004196167
2024-02-01,11.020000457763672,11.020000457763672
2024-02-02,11.162500381469727,11.162500381469727
2024-02-05,11.104999542236328,11.104999542236328
2024-02-06,11.112500190734863,11.112500190734863
2024-02-07,11.175000190734863,11.175000190734863
2024-02-08,11.112500190734863,11.112500190734863
2024-02-09,11.135000228881836,11.135000228881836
2024-02-12,11.272500038146973,11.272500038146973
2024-02-13,11.137499809265137,11.137499809265137
2024-02-14,11.1875,11.1875
2024-02-15,11.335000038146973,11.335000038146973
2024-02-16,11.395000457763672,11.395000457763672
2024-02-19,11.3725004196167,11.3725004196167
2024-02-20,11.364999771118164,11.364999771118164
2024-02-21,11.319999694824219,11.319999694824219
2024-02-22,11.494999885559082,11.494999885559082
2024-02-23,11.572500228881836,11.572500228881836
2024-02-26,11.53499984741211,11.53499984741211
2024-02-27,11.477499961853027,11.477499961853027
2024-02-28,11.595000267028809,11.595000267028809
2024-02-29,11.539999961853027,11.539999961853027
2024-03-01,11.520000457763672,11.520000457763672
2024-03-04,11.574999809265137,11.574999809265137
2024-03-05,11.630000114440918,11.630000114440918
2024-03-06,11.657500267028809,11.657500267028809
2024-03-07,11.6274995803833,11.6274995803833
2024-03-08,11.682499885559082,11.682499885559082
2024-03-11,11.635000228881836,11.635000228881836
2024-03-12,11.702500343322754,11.702500343322754
2024-03-13,11.789999961853027,11.789999961853027
2024-03-14,11.729999542236328,11.729999542236328
2024-03-15,11.694999694824219,11.694999694824219
2024-03-18,11.760000228881836,11.760000228881836
2024-03-19,11.797499656677246,11.797499656677246
2024-03-20,11.854999542236328,11.854999542236328
2024-03-21,12.050000190734863,12.050000190734863
2024-03-22,11.954999923706055,11.954999923706055
2024-03-25,11.882499694824219,11.882499694824219
2024-03-26,11.922499656677246,11.922499656677246
2024-03-27,11.942500114440918,11.942500114440918
2024-03-28,12.095000267028809,12.095000267028809
2024-04-02,11.994999885559082,11.994999885559082
2024-04-03,12.0,12.0
2024-04-04,12.069999694824219,12.069999694824219
2024-04-05,11.9350004196167,11.9350004196167
2024-04-08,12.005000114440918,12.005000114440918
2024-04-09,11.887499809265137,11.887499809265137
2024-04-10,11.8100004196167,11.8100004196167
2024-04-11,11.65999984741211,11.65999984741211
2024-04-12,11.545000076293945,11.545000076293945
2024-04-15,11.59000015258789,11.59000015258789
2024-04-16,11.404999732971191,11.404999732971191
2024-04-17,11.395000457763672,11.395000457763672
2024-04-18,11.545000076293945,11.545000076293945
2024-04-19,11.574999809265137,11.574999809265137
2024-04-22,11.675000190734863,11.675000190734863
2024-04-23,11.824999809265137,11.824999809265137
2024-04-24,11.78499984741211,11.78499984741211
2024-04-25,11.729999542236328,11.729999542236328
2024-04-26,11.725000381469727,11.725000381469727
2024-04-29,11.739999771118164,11.739999771118164
2024-04-30,11.699999809265137,11.699999809265137
2024-05-01,11.645000457763672,11.645000457763672
2024-05-02,11.579999923706055,11.579999923706055
2024-05-03,11.649999618530273,11.649999618530273
2024-05-07,11.854999542236328,11.854999542236328
2024-05-08,11.854999542236328,11.854999542236328
2024-05-09,11.9399995803833,11.9399995803833
2024-05-10,12.020000457763672,12.020000457763672
2024-05-13,12.029999732971191,12.029999732971191
2024-05-14,12.010000228881836,12.010000228881836
2024-05-15,12.100000381469727,12.100000381469727
2024-05-16,12.1850004196167,12.1850004196167
2024-05-17,12.170000076293945,12.170000076293945
2024-05-20,12.192500114440918,12.192500114440918
2024-05-21,12.100000381469727,12.100000381469727
2024-05-22,12.104999542236328,12.104999542236328
2024-05-23,11.975000381469727,11.975000381469727
2024-05-24,11.960000038146973,11.960000038146973
2024-05-28,11.862500190734863,11.862500190734863
2024-05-29,11.725000381469727,11.725000381469727
2024-05-30,11.8100004196167,11.8100004196167
2024-05-31,11.835000038146973,11.835000038146973
2024-06-03,11.84000015258789,11.84000015258789
2024-06-04,11.824999809265137,11.824999809265137
2024-06-05,11.845000267028809,11.845000267028809
2024-06-06,11.8774995803833,11.8774995803833
2024-06-07,11.944999694824219,11.944999694824219
2024-06-10,11.829999923706055,11.829999923706055
2024-06-11,11.732500076293945,11.732500076293945
2024-06-12,11.8149995803833,11.8149995803833
2024-06-13,11.682499885559082,11.682499885559082
2024-06-14,11.680000305175781,11.680000305175781
2024-06-17,11.704999923706055,11.704999923706055
2024-06-18,11.829999923706055,11.829999923706055
2024-06-19,11.837499618530273,11.837499618530273
2024-06-20,11.854999542236328,11.854999542236328
2024-06-21,11.845000267028809,11.845000267028809
2024-06-24,12.047499656677246,12.047499656677246
2024-06-25,11.925000190734863,11.925000190734863
2024-06-26,11.824999809265137,11.824999809265137
2024-06-27,11.824999809265137,11.824999809265137
2024-06-28,11.895000457763672,11.895000457763672
2024-07-01,11.875,11.875
2024-07-02,11.925000190734863,11.925000190734863
2024-07-03,12.0024995803833,12.0024995803833
2024-07-04,12.024999618530273,12.024999618530273
2024-07-05,11.942500114440918,11.942500114440918
2024-07-08,11.984999656677246,11.984999656677246
2024-07-09,12.024999618530273,12.024999618530273
2024-07-10,12.045000076293945,12.045000076293945
2024-07-11,12.1850004196167,12.1850004196167
2024-07-12,12.244999885559082,12.244999885559082
2024-07-15,12.380000114440918,12.380000114440918
2024-07-16,12.484999656677246,12.484999656677246
2024-07-17,12.645000457763672,12.645000457763672
2024-07-18,12.645000457763672,12.645000457763672
2024-07-19,12.395000457763672,12.395000457763672
2024-07-22,12.425000190734863,12.425000190734863
2024-07-23,12.494999885559082,12.494999885559082
2024-07-24,12.399999618530273,12.399999618530273
2024-07-25,12.425000190734863,12.425000190734863
2024-07-26,12.510000228881836,12.510000228881836
2024-07-29,12.489999771118164,12.489999771118164
2024-07-30,12.65999984741211,12.65999984741211
2024-07-31,12.6899995803833,12.6899995803833
2024-08-01,12.475000381469727,12.475000381469727
2024-08-02,12.104999542236328,12.104999542236328
2024-08-05,11.859999656677246,11.859999656677246
2024-08-06,11.979999542236328,11.979999542236328
2024-08-07,12.170000076293945,12.170000076293945
2024-08-08,12.154999732971191,12.154999732971191
2024-08-09,12.220000267028809,12.220000267028809
2024-08-12,12.199999809265137,12.199999809265137
2024-08-13,12.21500015258789,12.21500015258789
2024-08-14,12.385000228881836,12.385000228881836
2024-08-15,12.550000190734863,12.550000190734863
2024-08-16,12.585000038146973,12.585000038146973
2024-08-19,12.6899995803833,12.6899995803833
2024-08-20,12.664999961853027,12.664999961853027
2024-08-21,12.614999771118164,12.614999771118164
2024-08-22,12.65999984741211,12.65999984741211
2024-08-23,12.845000267028809,12.845000267028809
2024-08-27,12.899999618530273,12.899999618530273
2024-08-28,13.005000114440918,13.005000114440918
2024-08-29,13.055000305175781,13.055000305175781
2024-08-30,13.079999923706055,13.079999923706055
2024-09-02,13.22249984741211,13.22249984741211
2024-09-03,13.199999809265137,13.199999809265137
2024-09-04,13.130000114440918,13.130000114440918
2024-09-05,12.975000381469727,12.975000381469727
2024-09-06,12.850000381469727,12.850000381469727
2024-09-09,12.979999542236328,12.979999542236328
2024-09-10,12.772500038146973,12.772500038146973
2024-09-11,12.579999923706055,12.579999923706055
2024-09-12,12.779999732971191,12.779999732971191
2024-09-13,12.859999656677246,12.859999656677246
2024-09-16,12.944999694824219,12.944999694824219
2024-09-17,13.125,13.125
2024-09-18,13.0649995803833,13.0649995803833
2024-09-19,13.149999618530273,13.149999618530273
2024-09-20,13.125,13.125
2024-09-23,13.1850004196167,13.1850004196167
2024-09-24,13.0649995803833,13.0649995803833
2024-09-25,12.96500015258789,12.96500015258789
2024-09-26,13.039999961853027,13.039999961853027
2024-09-27,13.140000343322754,13.140000343322754
2024-09-30,13.0649995803833,13.0649995803833
2024-10-01,13.069999694824219,13.069999694824219
2024-10-02,13.0600004196167,13.0600004196167
2024-10-03,12.989999771118164,12.989999771118164
2024-10-04,13.114999771118164,13.114999771118164
2024-10-07,13.130000114440918,13.130000114440918
2024-10-08,13.135000228881836,13.135000228881836
2024-10-09,13.255000114440918,13.255000114440918
2024-10-10,13.229999542236328,13.229999542236328
2024-10-11,13.475000381469727,13.475000381469727
2024-10-14,13.537500381469727,13.537500381469727
2024-10-15,13.670000076293945,13.670000076293945
2024-10-16,13.6899995803833,13.6899995803833
2024-10-17,13.829999923706055,13.829999923706055
2024-10-18,13.774999618530273,13.774999618530273
2024-10-21,13.65999984741211,13.65999984741211
2024-10-22,13.640000343322754,13.640000343322754
2024-10-23,13.625,13.625
2024-10-24,13.6225004196167,13.6225004196167
2024-10-25,13.5600004196167,13.5600004196167
2024-10-28,13.649999618530273,13.649999618530273
2024-10-29,13.625,13.625
2024-10-30,13.699999809265137,13.699999809265137
2024-10-31,13.569999694824219,13.569999694824219
2024-11-01,13.579999923706055,13.579999923706055
2024-11-04,13.414999961853027,13.414999961853027
2024-11-05,13.470000267028809,13.470000267028809
2024-11-06,14.255000114440918,14.255000114440918
2024-11-07,14.1850004196167,14.1850004196167
2024-11-08,14.274999618530273,14.274999618530273
2024-11-11,14.477499961853027,14.477499961853027
2024-11-12,14.414999961853027,14.414999961853027
2024-11-13,14.5,14.5
2024-11-14,14.4350004196167,14.4350004196167
2024-11-15,14.420000076293945,14.420000076293945
2024-11-18,14.5,14.5
2024-11-19,14.4350004196167,14.4350004196167
2024-11-20,14.300000190734863,14.300000190734863
2024-11-21,14.550000190734863,14.550000190734863
2024-11-22,14.667499542236328,14.667499542236328
2024-11-25,14.75,14.75
2024-11-26,14.774999618530273,14.774999618530273
2024-11-27,14.899999618530273,14.899999618530273
2024-11-28,14.895000457763672,14.895000457763672
2024-11-29,14.904999732971191,14.904999732971191
2024-12-02,14.725000381469727,14.725000381469727
2024-12-03,14.645000457763672,14.645000457763672
2024-12-04,14.545000076293945,14.545000076293945
2024-12-05,14.640000343322754,14.640000343322754
2024-12-06,14.577500343322754,14.577500343322754
2024-12-09,14.494999885559082,14.494999885559082
2024-12-10,14.4399995803833,14.4399995803833
2024-12-11,14.395000457763672,14.395000457763672
2024-12-12,14.425000190734863,14.425000190734863
2024-12-13,14.380000114440918,14.380000114440918
2024-12-16,14.324999809265137,14.324999809265137
2024-12-17,14.225000381469727,14.225000381469727
2024-12-18,14.239999771118164,14.239999771118164
2024-12-19,13.9399995803833,13.9399995803833
2024-12-20,14.085000038146973,14.085000038146973
2024-12-23,13.994999885559082,13.994999885559082
2024-12-24,14.074999809265137,14.074999809265137
2024-12-27,14.1899995803833,14.1899995803833
2024-12-30,14.050000190734863,14.050000190734863
2024-12-31,14.09000015258789,14.09000015258789
2025-01-02,14.095000267028809,14.095000267028809
2025-01-03,14.079999923706055,14.079999923706055
2025-01-06,14.220000267028809,14.220000267028809
2025-01-07,14.135000228881836,14.135000228881836
2025-01-08,14.055000305175781,14.055000305175781
2025-01-09,14.055000305175781,14.055000305175781
2025-01-10,13.75,13.75
2025-01-13,13.779999732971191,13.779999732971191
2025-01-14,13.920000076293945,13.920000076293945
2025-01-15,14.3149995803833,14.3149995803833
2025-01-16,14.444999694824219,14.444999694824219
2025-01-17,14.574999809265137,14.574999809265137
2025-01-20,14.704999923706055,14.704999923706055
2025-01-21,14.720000267028809,14.720000267028809
2025-01-22,14.630000114440918,14.630000114440918
2025-01-23,14.725000381469727,14.725000381469727
2025-01-24,14.78499984741211,14.78499984741211
2025-01-27,14.819999694824219,14.819999694824219
2025-01-28,14.90999984741211,14.90999984741211
2025-01-29,15.0,15.0
2025-01-30,15.072500228881836,15.072500228881836
2025-01-31,15.057499885559082,15.057499885559082
2025-02-03,14.885000228881836,14.885000228881836
2025-02-04,14.914999961853027,14.914999961853027
2025-02-05,14.9399995803833,14.9399995803833
2025-02-06,15.135000228881836,15.135000228881836
2025-02-07,15.104999542236328,15.104999542236328
2025-02-10,14.899999618530273,14.899999618530273
2025-02-11,14.880000114440918,14.880000114440918
2025-02-12,14.824999809265137,14.824999809265137
2025-02-13,14.944999694824219,14.944999694824219
2025-02-14,15.069999694824219,15.069999694824219
2025-02-17,15.100000381469727,15.100000381469727
2025-02-18,15.085000038146973,15.085000038146973
2025-02-19,15.130000114440918,15.130000114440918
2025-02-20,14.859999656677246,14.859999656677246
2025-02-21,14.9399995803833,14.9399995803833
2025-02-24,14.850000381469727,14.850000381469727
2025-02-25,14.630000114440918,14.630000114440918
2025-02-26,14.850000381469727,14.850000381469727
2025-02-27,14.984999656677246,14.984999656677246
2025-02-28,14.960000038146973,14.960000038146973
2025-03-03,15.1899995803833,15.1899995803833
2025-03-04,14.449999809265137,14.449999809265137
2025-03-05,14.40999984741211,14.40999984741211
2025-03-06,14.46500015258789,14.46500015258789
2025-03-07,14.055000305175781,14.055000305175781
2025-03-10,14.029999732971191,14.029999732971191
2025-03-11,13.835000038146973,13.835000038146973
2025-03-12,13.880000114440918,13.880000114440918
2025-03-13,13.824999809265137,13.824999809265137
2025-03-14,14.017499923706055,14.017499923706055
2025-03-17,14.204999923706055,14.204999923706055
2025-03-18,14.244999885559082,14.244999885559082
2025-03-19,14.34000015258789,14.34000015258789
2025-03-20,14.449999809265137,14.449999809265137
2025-03-21,14.364999771118164,14.364999771118164
2025-03-24,14.609999656677246,14.609999656677246
2025-03-25,14.654999732971191,14.654999732971191
2025-03-26,14.699999809265137,14.699999809265137
2025-03-27,14.670000076293945,14.670000076293945
2025-03-28,14.354999542236328,14.354999542236328
2025-03-31,14.354999542236328,14.354999542236328
2025-04-01,14.510000228881836,14.510000228881836
2025-04-02,14.585000038146973,14.585000038146973
2025-04-03,14.010000228881836,14.010000228881836
2025-04-04,13.109999656677246,13.109999656677246
2025-04-07,12.6899995803833,12.6899995803833
2025-04-08,13.210000038146973,13.210000038146973
2025-04-09,12.664999961853027,12.664999961853027
2025-04-10,13.345000267028809,13.345000267028809
2025-04-11,13.305000305175781,13.305000305175781
2025-04-14,13.770000457763672,13.770000457763672
2025-04-15,13.90999984741211,13.90999984741211
2025-04-16,13.795000076293945,13.795000076293945
2025-04-17,13.664999961853027,13.664999961853027
2025-04-22,13.6225004196167,13.6225004196167
2025-04-23,14.010000228881836,14.010000228881836
2025-04-24,13.994999885559082,13.994999885559082
2025-04-25,13.949999809265137,13.949999809265137
2025-04-28,13.979999542236328,13.979999542236328
2025-04-29,14.079999923706055,14.079999923706055
2025-04-30,14.085000038146973,14.085000038146973
2025-05-01,14.265000343322754,14.265000343322754
2025-05-02,14.4350004196167,14.4350004196167
2025-05-06,14.425000190734863,14.425000190734863
2025-05-07,14.4399995803833,14.4399995803833
2025-05-08,14.600000381469727,14.600000381469727
2025-05-09,14.529999732971191,14.529999732971191
2025-05-12,14.760000228881836,14.760000228881836
2025-05-13,14.9399995803833,14.9399995803833
2025-05-14,14.859999656677246,14.859999656677246
2025-05-15,14.875,14.875
2025-05-16,15.015000343322754,15.015000343322754
2025-05-19,15.010000228881836,15.010000228881836
2025-05-20,14.984999656677246,14.984999656677246
2025-05-21,14.819999694824219,14.819999694824219
2025-05-22,14.645000457763672,14.645000457763672
2025-05-23,14.585000038146973,14.585000038146973
2025-05-27,14.760000228881836,14.760000228881836
2025-05-28,14.739999771118164,14.739999771118164
2025-05-29,14.729999542236328,14.729999542236328
2025-05-30,14.78499984741211,14.78499984741211
2025-06-02,14.744999885559082,14.744999885559082
2025-06-03,14.827500343322754,14.827500343322754
2025-06-04,14.864999771118164,14.864999771118164
2025-06-05,14.795000076293945,14.795000076293945
2025-06-06,14.90999984741211,14.90999984741211
2025-06-09,14.835000038146973,14.835000038146973
2025-06-10,14.854999542236328,14.854999542236328
2025-06-11,14.920000076293945,14.920000076293945
2025-06-12,14.8100004196167,14.8100004196167
2025-06-13,14.649999618530273,14.649999618530273
2025-06-16,14.779999732971191,14.779999732971191
2025-06-17,14.642499923706055,14.642499923706055
2025-06-18,14.704999923706055,14.704999923706055
2025-06-19,14.484999656677246,14.484999656677246
2025-06-20,14.710000038146973,14.710000038146973
2025-06-23,14.6850004196167,14.6850004196167
2025-06-24,15.055000305175781,15.055000305175781
2025-06-25,15.015000343322754,15.015000343322754
2025-06-26,15.125,15.125
2025-06-27,15.225000381469727,15.225000381469727
2025-06-30,15.267499923706055,15.267499923706055
2025-07-01,15.324999809265137,15.324999809265137
2025-07-02,15.329999923706055,15.329999923706055
2025-07-03,15.539999961853027,15.539999961853027
2025-07-04,15.444999694824219,15.444999694824219
2025-07-07,15.4350004196167,15.4350004196167
2025-07-08,15.305000305175781,15.305000305175781
2025-07-09,15.295000076293945,15.295000076293945
2025-07-10,15.399999618530273,15.399999618530273
2025-07-11,15.274999618530273,15.274999618530273
2025-07-14,15.345000267028809,15.345000267028809
2025-07-15,15.194999694824219,15.194999694824219
2025-07-16,15.087499618530273,15.087499618530273
2025-07-17,15.265000343322754,15.265000343322754
2025-07-18,15.369999885559082,15.369999885559082
2025-07-21,15.449999809265137,15.449999809265137
2025-07-22,15.369999885559082,15.369999885559082
2025-07-23,15.420000076293945,15.420000076293945
2025-07-24,15.600000381469727,15.600000381469727
2025-07-25,15.567500114440918,15.567500114440918
2025-07-28,15.545000076293945,15.545000076293945
2025-07-29,15.460000038146973,15.460000038146973
2025-07-30,15.454999923706055,15.454999923706055
2025-07-31,15.399999618530273,15.399999618530273
2025-08-01,14.979999542236328,14.979999542236328
2025-08-04,15.119999885559082,15.119999885559082
2025-08-05,15.050000190734863,15.050000190734863
2025-08-06,15.1899995803833,15.1899995803833
2025-08-07,15.039999961853027,15.039999961853027
2025-08-08,15.104999542236328,15.104999542236328
2025-08-11,15.140000343322754,15.140000343322754
2025-08-12,15.307499885559082,15.307499885559082
2025-08-13,15.404999732971191,15.404999732971191
2025-08-14,15.399999618530273,15.399999618530273
2025-08-15,15.395000457763672,15.395000457763672
2025-08-18,15.345000267028809,15.345000267028809
2025-08-19,15.395000457763672,15.395000457763672
2025-08-20,15.4399995803833,15.4399995803833
2025-08-21,15.420000076293945,15.420000076293945
2025-08-22,15.649999618530273,15.649999618530273
2025-08-26,15.539999961853027,15.539999961853027
2025-08-27,15.755000114440918,15.755000114440918
2025-08-28,15.710000038146973,15.710000038146973
2025-08-29,15.774999618530273,15.774999618530273
2025-09-01,15.8100004196167,15.8100004196167
2025-09-02,15.569999694824219,15.569999694824219
2025-09-03,15.604999542236328,15.604999542236328
2025-09-04,15.734999656677246,15.734999656677246
2025-09-05,15.510000228881836,15.510000228881836
2025-09-08,15.504599571228027,15.504599571228027
2025-09-09,15.654999732971191,15.654999732971191
2025-09-10,15.484999656677246,15.484999656677246
2025-09-11,15.739999771118164,15.739999771118164
2025-09-12,15.699999809265137,15.699999809265137
2025-09-15,15.71500015258789,15.71500015258789
2025-09-16,15.569999694824219,15.569999694824219
2025-09-17,15.789999961853027,15.789999961853027
2025-09-18,15.859999656677246,15.859999656677246
2025-09-19,15.78499984741211,15.78499984741211
2025-09-22,15.819999694824219,15.819999694824219
2025-09-23,15.859999656677246,15.859999656677246
2025-09-24,15.744999885559082,15.744999885559082
2025-09-25,15.6899995803833,15.6899995803833
2025-09-26,15.789999961853027,15.789999961853027
2025-09-29,15.789999961853027,15.789999961853027
2025-09-30,15.699999809265137,15.699999809265137
2025-10-01,15.71500015258789,15.71500015258789
2025-10-02,15.574999809265137,15.574999809265137
2025-10-03,15.739999771118164,15.739999771118164
2025-10-06,15.779999732971191,15.779999732971191
2025-10-07,15.744999885559082,15.744999885559082
2025-10-08,15.770000457763672,15.770000457763672
2025-10-09,15.640000343322754,15.640000343322754
2025-10-10,15.46500015258789,15.46500015258789
2025-10-13,15.449999809265137,15.449999809265137
2025-10-14,15.515000343322754,15.515000343322754
2025-10-15,15.654999732971191,15.654999732971191
2025-10-16,15.454999923706055,15.454999923706055
2025-10-17,15.225000381469727,15.225000381469727
2025-10-20,15.425000190734863,15.425000190734863
2025-10-21,15.520000457763672,15.520000457763672
2025-10-22,15.385000228881836,15.385000228881836
2025-10-23,15.354999542236328,15.354999542236328
2025-10-24,15.563300132751465,15.563300132751465
2025-10-27,15.619999885559082,15.619999885559082
2025-10-28,15.595000267028809,15.595000267028809
2025-10-29,15.385000228881836,15.385000228881836
2025-10-30,15.404999732971191,15.404999732971191
2025-10-31,15.324999809265137,15.324999809265137
2025-11-03,15.270000457763672,15.270000457763672
2025-11-04,15.375,15.375
2025-11-05,15.395000457763672,15.395000457763672
2025-11-06,15.305000305175781,15.305000305175781
2025-11-07,15.305000305175781,15.305000305175781
2025-11-10,15.454999923706055,15.454999923706055
2025-11-11,15.574999809265137,15.574999809265137
2025-11-12,15.729999542236328,15.729999542236328
2025-11-13,15.635000228881836,15.635000228881836
2025-11-14,15.425000190734863,15.425000190734863
2025-11-17,15.274999618530273,15.274999618530273
2025-11-18,15.0649995803833,15.0649995803833
2025-11-19,15.015000343322754,15.015000343322754
2025-11-20,15.21500015258789,15.21500015258789
2025-11-21,15.069999694824219,15.069999694824219
2025-11-24,15.15999984741211,15.15999984741211
2025-11-25,15.345000267028809,15.345000267028809
2025-11-26,15.524999618530273,15.524999618530273
2025-11-27,15.53499984741211,15.53499984741211
2025-11-28,15.675000190734863,15.675000190734863
2025-12-01,15.574999809265137,15.574999809265137
2025-12-02,15.515000343322754,15.515000343322754
2025-12-03,15.614999771118164,15.614999771118164
2025-12-04,15.710000038146973,15.710000038146973
2025-12-05,15.744999885559082,15.744999885559082
2025-12-08,15.654999732971191,15.654999732971191
2025-12-09,15.805000305175781,15.805000305175781
2025-12-10,15.71500015258789,15.71500015258789
2025-12-11,15.994999885559082,15.994999885559082
2025-12-12,16.040000915527344,16.040000915527344
2025-12-15,16.100000381469727,16.100000381469727
2025-12-16,16.040000915527344,16.040000915527344
2025-12-17,16.059999465942383,16.059999465942383
2025-12-18,16.06999969482422,16.06999969482422
2025-12-19,16.084999084472656,16.084999084472656
2025-12-22,16.2549991607666,16.2549991607666
2025-12-23,16.295000076293945,16.295000076293945
2025-12-24,16.28499984741211,16.28499984741211
2025-12-29,16.2549991607666,16.2549991607666
2025-12-30,16.225000381469727,16.225000381469727
2025-12-31,16.209999084472656,16.209999084472656
2026-01-02,16.09000015258789,16.09000015258789
2026-01-05,16.524999618530273,16.524999618530273
2026-01-06,16.5049991607666,16.5049991607666
2026-01-07,16.364999771118164,16.364999771118164
2026-01-08,16.510000228881836,16.510000228881836
2026-01-09,16.405000686645508,16.405000686645508
2026-01-12,16.225000381469727,16.225000381469727
2026-01-13,15.960000038146973,15.960000038146973
2026-01-14,15.845000267028809,15.845000267028809
2026-01-15,16.040000915527344,16.040000915527344
2026-01-16,16.020000457763672,16.020000457763672
2026-01-19,15.850000381469727,15.850000381469727
2026-01-20,15.829999923706055,15.829999923706055
2026-01-21,15.694999694824219,15.694999694824219
2026-01-22,15.824999809265137,15.824999809265137
2026-01-23,15.595000267028809,15.595000267028809
2026-01-26,15.645000457763672,15.645000457763672
2026-01-27,15.5600004196167,15.5600004196167
2026-01-28,15.555000305175781,15.555000305175781
2026-01-29,15.619999885559082,15.619999885559082
2026-01-30,15.609999656677246,15.609999656677246
2026-02-02,15.800000190734863,15.800000190734863
2026-02-03,15.789999961853027,15.789999961853027
2026-02-04,15.854999542236328,15.854999542236328
2026-02-05,15.680000305175781,15.680000305175781
2026-02-06,15.885000228881836,15.885000228881836
2026-02-09,15.90999984741211,15.90999984741211
2026-02-10,15.795000076293945,15.795000076293945
2026-02-11,15.5649995803833,15.5649995803833
2026-02-12,15.21500015258789,15.21500015258789
2026-02-13,15.180000305175781,15.180000305175781
2026-02-16,15.3100004196167,15.3100004196167
2026-02-17,15.354999542236328,15.354999542236328
2026-02-18,15.444999694824219,15.444999694824219
2026-02-19,15.274999618530273,15.274999618530273
2026-02-20,15.305000305175781,15.305000305175781
2026-02-23,14.96500015258789,14.96500015258789
2026-02-24,14.845000267028809,14.845000267028809
2026-02-25,15.154999732971191,15.154999732971191
2026-02-26,15.375,15.375
2026-02-27,15.135000228881836,15.135000228881836
2026-03-02,15.020000457763672,15.020000457763672
2026-03-03,14.904999732971191,14.904999732971191
2026-03-04,15.154999732971191,15.154999732971191
2026-03-05,15.005000114440918,15.005000114440918
2026-03-06,14.755000114440918,14.755000114440918
2026-03-09,14.59000015258789,14.59000015258789
2026-03-10,14.8100004196167,14.8100004196167
2026-03-11,14.524999618530273,14.524999618530273
2026-03-12,14.359999656677246,14.359999656677246
2026-03-13,14.404999732971191,14.404999732971191
2026-03-16,14.420000076293945,14.420000076293945
2026-03-17,14.574999809265137,14.574999809265137
2026-03-18,14.444999694824219,14.444999694824219
2026-03-19,14.305000305175781,14.305000305175781
2026-03-20,14.430000305175781,14.430000305175781
2026-03-23,14.569999694824219,14.569999694824219
2026-03-24,14.604999542236328,14.604999542236328
2026-03-25,14.585000038146973,14.585000038146973
2026-03-26,14.430000305175781,14.430000305175781
2026-03-27,14.220000267028809,14.220000267028809
2026-03-30,14.345000267028809,14.345000267028809
2026-03-31,14.375,14.375
2026-04-01,14.65999984741211,14.65999984741211
2026-04-02,14.595000267028809,14.595000267028809
2026-04-07,14.675000190734863,14.675000190734863
2026-04-08,15.069999694824219,15.069999694824219
2026-04-09,15.085000038146973,15.085000038146973
2026-04-10,14.975000381469727,14.975000381469727
2026-04-13,15.007499694824219,15.007499694824219
2026-04-14,15.3149995803833,15.3149995803833
2026-04-15,15.364999771118164,15.364999771118164
2026-04-16,15.335000038146973,15.335000038146973
2026-04-17,15.53499984741211,15.53499984741211
2026-04-20,15.470000267028809,15.470000267028809
2026-04-21,15.484999656677246,15.484999656677246
2026-04-22,15.404999732971191,15.404999732971191
2026-04-23,15.329999923706055,15.329999923706055
2026-04-24,15.170000076293945,15.170000076293945
2026-04-27,15.265000343322754,15.265000343322754
2026-04-28,15.359999656677246,15.359999656677246
2026-04-29,15.289999961853027,15.289999961853027
2026-04-30,15.364999771118164,15.364999771118164
2026-05-01,15.462499618530273,15.462499618530273
2026-05-05,15.204999923706055,15.204999923706055
2026-05-06,15.345000267028809,15.345000267028809
2026-05-07,15.274999618530273,15.274999618530273
2026-05-08,15.135000228881836,15.135000228881836
2026-05-11,15.095000267028809,15.095000267028809
2026-05-12,15.130000114440918,15.130000114440918
2026-05-13,15.055000305175781,15.055000305175781
2026-05-14,15.164999961853027,15.164999961853027
2026-05-15,15.104999542236328,15.104999542236328
2026-05-18,15.204999923706055,15.204999923706055
2026-05-19,15.1899995803833,15.1899995803833
2026-05-20,15.199999809265137,15.199999809265137
2026-05-21,15.1899995803833,15.1899995803833
2026-05-22,15.324999809265137,15.324999809265137
2026-05-26,15.289999961853027,15.289999961853027
2026-05-27,15.15999984741211,15.15999984741211
2026-05-28,15.104999542236328,15.104999542236328
2026-05-29,15.260000228881836,15.260000228881836
2026-06-01,15.175000190734863,15.175000190734863
2026-06-02,15.149999618530273,15.149999618530273
2026-06-03,14.914999961853027,14.914999961853027
2026-06-04,15.390000343322754,15.390000343322754
2026-06-05,15.420000076293945,15.420000076293945
2026-06-08,15.390000343322754,15.390000343322754
2026-06-09,15.380000114440918,15.380000114440918
2026-06-10,15.494999885559082,15.494999885559082
2026-06-11,15.380000114440918,15.380000114440918
2026-06-12,15.779999732971191,15.779999732971191
2026-06-15,15.875,15.875
2026-06-16,15.994999885559082,15.994999885559082
2026-06-17,16.165000915527344,16.165000915527344
2026-06-18,15.920000076293945,15.920000076293945
2026-06-19,15.795000076293945,15.795000076293945
2026-06-22,15.930000305175781,15.930000305175781
2026-06-23,15.970000267028809,15.970000267028809
2026-06-24,16.010000228881836,16.010000228881836
2026-06-25,16.059999465942383,16.059999465942383
2026-06-26,15.930000305175781,15.930000305175781
2026-06-29,15.904999732971191,15.904999732971191
2026-06-30,15.875,15.875
2026-07-01,16.184999465942383,16.184999465942383
2026-07-02,16.395000457763672,16.395000457763672
2026-07-03,16.420000076293945,16.420000076293945
2026-07-06,16.524999618530273,16.524999618530273
2026-07-07,16.645000457763672,16.645000457763672
2026-07-08,16.3075008392334,16.3075008392334
2026-07-09,16.43000030517578,16.43000030517578
2026-07-10,16.440000534057617,16.440000534057617
2026-07-13,16.5,16.5
2026-07-14,16.665000915527344,16.665000915527344
2026-07-15,16.780000686645508,16.780000686645508
2026-07-16,16.78499984741211,16.78499984741211
2026-07-17,16.735000610351562,16.735000610351562
2026-07-20,16.625,16.625
2026-07-21,16.594999313354492,16.594999313354492
2026-07-22,16.600000381469727,16.600000381469727
2026-07-23,16.459999084472656,16.459999084472656
2026-07-24,16.670000076293945,16.670000076293945
2026-07-27,16.825000762939453,16.825000762939453
2026-07-28,17.0049991607666,17.0049991607666
2026-07-29,16.905000686645508,16.905000686645508
2026-07-30,16.667499542236328,16.667499542236328
2026-07-31,16.844999313354492,16.844999313354492
2026-08-03,16.905000686645508,16.905000686645508
2026-08-04,17.114999771118164,17.114999771118164
2026-08-05,17.110000610351562,17.110000610351562
2026-08-06,17.040000915527344,17.040000915527344
2026-08-07,17.010000228881836,17.010000228881836
2026-08-10,17.145000457763672,17.145000457763672
2026-08-11,17.135000228881836,17.135000228881836
2026-08-12,17.104999542236328,17.104999542236328
2026-08-13,17.114999771118164,17.114999771118164
2026-08-14,17.219999313354492,17.219999313354492
2026-08-17,17.1200008392334,17.1200008392334
2026-08-18,17.09000015258789,17.09000015258789
2026-08-19,17.1200008392334,17.1200008392334
2026-08-20,16.9950008392334,16.9950008392334
2026-08-21,17.014999389648438,17.014999389648438
2026-08-24,17.229999542236328,17.229999542236328
2026-08-25,17.184999465942383,17.184999465942383
2026-08-26,17.204999923706055,17.204999923706055
2026-08-27,17.174999237060547,17.174999237060547
2026-08-28,17.2549991607666,17.2549991607666
2026-09-01,17.010000228881836,17.010000228881836
2026-09-02,17.100000381469727,17.100000381469727
2026-09-03,17.274999618530273,17.274999618530273
2026-09-04,17.165000915527344,17.165000915527344
2026-09-07,17.139999389648438,17.139999389648438
2026-09-08,17.020000457763672,17.020000457763672
2026-09-09,16.885000228881836,16.885000228881836
2026-09-10,16.844999313354492,16.844999313354492
2026-09-11,16.905000686645508,16.905000686645508
2026-09-14,16.8799991607666,16.8799991607666
2026-09-15,16.735000610351562,16.735000610351562
2026-09-16,16.690000534057617,16.690000534057617
2026-09-17,16.530000686645508,16.530000686645508
2026-09-18,16.5,16.5
2026-09-21,16.565000534057617,16.565000534057617
2026-09-22,16.200000762939453,16.200000762939453
2026-09-23,16.2549991607666,16.2549991607666
2026-09-24,16.104999542236328,16.104999542236328
2026-09-25,16.190000534057617,16.190000534057617
2026-09-28,16.114999771118164,16.114999771118164
2026-09-29,16.0,16.0
2026-09-30,15.9350004196167,15.9350004196167
2026-10-01,15.6850004196167,15.6850004196167
2026-10-02,15.845000267028809,15.845000267028809
