Date,Close,Adj Close
2017-03-22,4.932199954986572,4.932199954986572
2017-03-23,4.924699783325195,4.924699783325195
2017-03-24,4.911099910736084,4.911099910736084
2017-03-27,4.878499984741211,4.878499984741211
2017-03-28,4.932499885559082,4.932499885559082
2017-03-29,4.940999984741211,4.940999984741211
2017-03-30,4.976500034332275,4.976500034332275
2017-03-31,4.973499774932861,4.973499774932861
2017-04-03,4.93149995803833,4.93149995803833
2017-04-04,4.953499794006348,4.953499794006348
2017-04-05,4.983500003814697,4.983500003814697
2017-04-06,4.9704999923706055,4.9704999923706055
2017-04-07,4.9604997634887695,4.9604997634887695
2017-04-10,4.993500232696533,4.993500232696533
2017-04-11,4.993500232696533,4.993500232696533
2017-04-12,4.927499771118164,4.927499771118164
2017-04-13,4.91949987411499,4.91949987411499
2017-04-18,4.924499988555908,4.924499988555908
2017-04-19,4.944499969482422,4.944499969482422
2017-04-20,4.96999979019165,4.96999979019165
2017-04-21,4.978499889373779,4.978499889373779
2017-04-24,5.037499904632568,5.037499904632568
2017-04-25,5.070000171661377,5.070000171661377
2017-04-26,5.099999904632568,5.099999904632568
2017-04-27,5.058750152587891,5.058750152587891
2017-04-28,5.058750152587891,5.058750152587891
2017-05-02,5.039999961853027,5.039999961853027
2017-05-03,5.045000076293945,5.045000076293945
2017-05-04,5.059999942779541,5.059999942779541
2017-05-05,5.072500228881836,5.072500228881836
2017-05-08,5.078750133514404,5.078750133514404
2017-05-09,5.086249828338623,5.086249828338623
2017-05-10,5.079999923706055,5.079999923706055
2017-05-11,5.048749923706055,5.048749923706055
2017-05-12,5.033750057220459,5.033750057220459
2017-05-15,5.059999942779541,5.059999942779541
2017-05-16,5.048749923706055,5.048749923706055
2017-05-17,4.980000019073486,4.980000019073486
2017-05-18,4.962500095367432,4.962500095367432
2017-05-19,5.019999980926514,5.019999980926514
2017-05-22,5.059999942779541,5.059999942779541
2017-05-23,5.076250076293945,5.076250076293945
2017-05-24,5.081250190734863,5.081250190734863
2017-05-25,5.103750228881836,5.103750228881836
2017-05-26,5.110000133514404,5.110000133514404
2017-05-30,5.102499961853027,5.102499961853027
2017-05-31,5.099999904632568,5.099999904632568
2017-06-01,5.143750190734863,5.143750190734863
2017-06-02,5.190000057220459,5.190000057220459
2017-06-05,5.171249866485596,5.171249866485596
2017-06-06,5.143750190734863,5.143750190734863
2017-06-07,5.103750228881836,5.103750228881836
2017-06-08,5.125,5.125
2017-06-09,5.158750057220459,5.158750057220459
2017-06-12,5.166250228881836,5.166250228881836
2017-06-13,5.191249847412109,5.191249847412109
2017-06-14,5.197500228881836,5.197500228881836
2017-06-15,5.199999809265137,5.199999809265137
2017-06-16,5.226250171661377,5.226250171661377
2017-06-19,5.25124979019165,5.25124979019165
2017-06-20,5.236249923706055,5.236249923706055
2017-06-21,5.191249847412109,5.191249847412109
2017-06-22,5.179999828338623,5.179999828338623
2017-06-23,5.1875,5.1875
2017-06-26,5.183700084686279,5.183700084686279
2017-06-27,5.141300201416016,5.141300201416016
2017-06-28,5.191249847412109,5.191249847412109
2017-06-29,5.159999847412109,5.159999847412109
2017-06-30,5.170000076293945,5.170000076293945
2017-07-03,5.233749866485596,5.233749866485596
2017-07-04,5.230000019073486,5.230000019073486
2017-07-05,5.226250171661377,5.226250171661377
2017-07-06,5.210000038146973,5.210000038146973
2017-07-07,5.201250076293945,5.201250076293945
2017-07-10,5.226250171661377,5.226250171661377
2017-07-11,5.203750133514404,5.203750133514404
2017-07-12,5.260000228881836,5.260000228881836
2017-07-13,5.261250019073486,5.261250019073486
2017-07-14,5.268750190734863,5.268750190734863
2017-07-17,5.278749942779541,5.278749942779541
2017-07-18,5.269999980926514,5.269999980926514
2017-07-19,5.253749847412109,5.253749847412109
2017-07-20,5.243750095367432,5.243750095367432
2017-07-21,5.211249828338623,5.211249828338623
2017-07-24,5.211249828338623,5.211249828338623
2017-07-25,5.221250057220459,5.221250057220459
2017-07-26,5.211249828338623,5.211249828338623
2017-07-27,5.175000190734863,5.175000190734863
2017-07-28,5.177499771118164,5.177499771118164
2017-07-31,5.206250190734863,5.206250190734863
2017-08-01,5.170000076293945,5.170000076293945
2017-08-02,5.18625020980835,5.18625020980835
2017-08-03,5.199999809265137,5.199999809265137
2017-08-04,5.221250057220459,5.221250057220459
2017-08-07,5.227499961853027,5.227499961853027
2017-08-08,5.246250152587891,5.246250152587891
2017-08-09,5.21875,5.21875
2017-08-10,5.179999828338623,5.179999828338623
2017-08-11,5.168749809265137,5.168749809265137
2017-08-14,5.206250190734863,5.206250190734863
2017-08-15,5.202499866485596,5.202499866485596
2017-08-16,5.215000152587891,5.215000152587891
2017-08-17,5.181250095367432,5.181250095367432
2017-08-18,5.125,5.125
2017-08-21,5.110000133514404,5.110000133514404
2017-08-22,5.150000095367432,5.150000095367432
2017-08-23,5.130000114440918,5.130000114440918
2017-08-24,5.110000133514404,5.110000133514404
2017-08-25,5.130000114440918,5.130000114440918
2017-08-29,5.137499809265137,5.137499809265137
2017-08-30,5.153749942779541,5.153749942779541
2017-08-31,5.181250095367432,5.181250095367432
2017-09-01,5.212500095367432,5.212500095367432
2017-09-04,5.179999828338623,5.179999828338623
2017-09-05,5.168749809265137,5.168749809265137
2017-09-06,5.163750171661377,5.163750171661377
2017-09-07,5.146249771118164,5.146249771118164
2017-09-08,5.170000076293945,5.170000076293945
2017-09-11,5.199999809265137,5.199999809265137
2017-09-12,5.233749866485596,5.233749866485596
2017-09-13,5.227499961853027,5.227499961853027
2017-09-14,5.239999771118164,5.239999771118164
2017-09-15,5.269999980926514,5.269999980926514
2017-09-18,5.298749923706055,5.298749923706055
2017-09-19,5.320000171661377,5.320000171661377
2017-09-20,5.348750114440918,5.348750114440918
2017-09-21,5.37375020980835,5.37375020980835
2017-09-22,5.380000114440918,5.380000114440918
2017-09-25,5.369999885559082,5.369999885559082
2017-09-26,5.385000228881836,5.385000228881836
2017-09-27,5.382500171661377,5.382500171661377
2017-09-28,5.381249904632568,5.381249904632568
2017-09-29,5.392499923706055,5.392499923706055
2017-10-02,5.40625,5.40625
2017-10-03,5.446249961853027,5.446249961853027
2017-10-04,5.458749771118164,5.458749771118164
2017-10-05,5.457499980926514,5.457499980926514
2017-10-06,5.457499980926514,5.457499980926514
2017-10-09,5.453750133514404,5.453750133514404
2017-10-10,5.462500095367432,5.462500095367432
2017-10-11,5.449999809265137,5.449999809265137
2017-10-12,5.480000019073486,5.480000019073486
2017-10-13,5.481249809265137,5.481249809265137
2017-10-16,5.466249942779541,5.466249942779541
2017-10-17,5.458749771118164,5.458749771118164
2017-10-18,5.466249942779541,5.466249942779541
2017-10-19,5.456250190734863,5.456250190734863
2017-10-20,5.49875020980835,5.49875020980835
2017-10-23,5.525000095367432,5.525000095367432
2017-10-24,5.539999961853027,5.539999961853027
2017-10-25,5.472499847412109,5.472499847412109
2017-10-26,5.477499961853027,5.477499961853027
2017-10-27,5.471250057220459,5.471250057220459
2017-10-30,5.43625020980835,5.43625020980835
2017-10-31,5.429999828338623,5.429999828338623
2017-11-01,5.40749979019165,5.40749979019165
2017-11-02,5.412499904632568,5.412499904632568
2017-11-03,5.428750038146973,5.428750038146973
2017-11-06,5.440000057220459,5.440000057220459
2017-11-07,5.442500114440918,5.442500114440918
2017-11-08,5.432499885559082,5.432499885559082
2017-11-09,5.383749961853027,5.383749961853027
2017-11-10,5.369999885559082,5.369999885559082
2017-11-13,5.348750114440918,5.348750114440918
2017-11-14,5.318749904632568,5.318749904632568
2017-11-15,5.31374979019165,5.31374979019165
2017-11-16,5.341249942779541,5.341249942779541
2017-11-17,5.328750133514404,5.328750133514404
2017-11-20,5.328750133514404,5.328750133514404
2017-11-21,5.37375020980835,5.37375020980835
2017-11-22,5.385000228881836,5.385000228881836
2017-11-23,5.389999866485596,5.389999866485596
2017-11-24,5.389999866485596,5.389999866485596
2017-11-27,5.389999866485596,5.389999866485596
2017-11-28,5.427499771118164,5.427499771118164
2017-11-29,5.50124979019165,5.50124979019165
2017-11-30,5.571249961853027,5.571249961853027
2017-12-01,5.5,5.5
2017-12-04,5.638750076293945,5.638750076293945
2017-12-05,5.586249828338623,5.586249828338623
2017-12-06,5.559999942779541,5.559999942779541
2017-12-07,5.596250057220459,5.596250057220459
2017-12-08,5.619999885559082,5.619999885559082
2017-12-11,5.619999885559082,5.619999885559082
2017-12-12,5.630000114440918,5.630000114440918
2017-12-13,5.659999847412109,5.659999847412109
2017-12-14,5.659999847412109,5.659999847412109
2017-12-15,5.650000095367432,5.650000095367432
2017-12-18,5.670000076293945,5.670000076293945
2017-12-19,5.670000076293945,5.670000076293945
2017-12-20,5.670000076293945,5.670000076293945
2017-12-21,5.670000076293945,5.670000076293945
2017-12-22,5.670000076293945,5.670000076293945
2017-12-27,5.670000076293945,5.670000076293945
2017-12-28,5.670000076293945,5.670000076293945
2017-12-29,5.670000076293945,5.670000076293945
2018-01-02,5.670000076293945,5.670000076293945
2018-01-03,5.670000076293945,5.670000076293945
2018-01-04,5.670000076293945,5.670000076293945
2018-01-05,5.670000076293945,5.670000076293945
2018-01-08,5.670000076293945,5.670000076293945
2018-01-09,5.933800220489502,5.933800220489502
2018-01-10,5.929999828338623,5.929999828338623
2018-01-11,5.929999828338623,5.929999828338623
2018-01-12,5.929999828338623,5.929999828338623
2018-01-15,6.079999923706055,6.079999923706055
2018-01-16,6.070000171661377,6.070000171661377
2018-01-17,6.03000020980835,6.03000020980835
2018-01-18,6.010000228881836,6.010000228881836
2018-01-19,6.010000228881836,6.010000228881836
2018-01-22,6.010000228881836,6.010000228881836
2018-01-23,6.019999980926514,6.019999980926514
2018-01-24,6.019999980926514,6.019999980926514
2018-01-25,6.019999980926514,6.019999980926514
2018-01-26,6.019999980926514,6.019999980926514
2018-01-29,6.019999980926514,6.019999980926514
2018-01-30,6.019999980926514,6.019999980926514
2018-01-31,6.039999961853027,6.039999961853027
2018-02-01,6.019999980926514,6.019999980926514
2018-02-02,5.949999809265137,5.949999809265137
2018-02-05,5.869999885559082,5.869999885559082
2018-02-06,5.869999885559082,5.869999885559082
2018-02-07,5.800000190734863,5.800000190734863
2018-02-08,5.630000114440918,5.630000114440918
2018-02-09,5.489999771118164,5.489999771118164
2018-02-12,5.630000114440918,5.630000114440918
2018-02-13,5.650000095367432,5.650000095367432
2018-02-14,5.699999809265137,5.699999809265137
2018-02-15,5.699999809265137,5.699999809265137
2018-02-16,5.860000133514404,5.860000133514404
2018-02-19,5.860000133514404,5.860000133514404
2018-02-20,5.820000171661377,5.820000171661377
2018-02-21,5.840000152587891,5.840000152587891
2018-02-22,5.840000152587891,5.840000152587891
2018-02-23,5.829999923706055,5.829999923706055
2018-02-26,5.829999923706055,5.829999923706055
2018-02-27,5.829999923706055,5.829999923706055
2018-02-28,5.829999923706055,5.829999923706055
2018-03-01,5.829999923706055,5.829999923706055
2018-03-02,5.829999923706055,5.829999923706055
2018-03-05,5.679999828338623,5.679999828338623
2018-03-06,5.679999828338623,5.679999828338623
2018-03-07,5.71999979019165,5.71999979019165
2018-03-08,5.71999979019165,5.71999979019165
2018-03-09,5.71999979019165,5.71999979019165
2018-03-12,5.71999979019165,5.71999979019165
2018-03-13,5.840000152587891,5.840000152587891
2018-03-14,5.840000152587891,5.840000152587891
2018-03-15,5.840000152587891,5.840000152587891
2018-03-16,5.840000152587891,5.840000152587891
2018-03-19,5.840000152587891,5.840000152587891
2018-03-20,5.840000152587891,5.840000152587891
2018-03-21,5.840000152587891,5.840000152587891
2018-03-22,5.840000152587891,5.840000152587891
2018-03-23,5.840000152587891,5.840000152587891
2018-03-26,5.840000152587891,5.840000152587891
2018-03-27,5.840000152587891,5.840000152587891
2018-03-28,5.840000152587891,5.840000152587891
2018-03-29,5.840000152587891,5.840000152587891
2018-04-03,5.840000152587891,5.840000152587891
2018-04-04,5.519999980926514,5.519999980926514
2018-04-05,5.675000190734863,5.675000190734863
2018-04-06,5.675000190734863,5.675000190734863
2018-04-09,5.675000190734863,5.675000190734863
2018-04-10,5.675000190734863,5.675000190734863
2018-04-11,5.675000190734863,5.675000190734863
2018-04-12,5.675000190734863,5.675000190734863
2018-04-13,5.675000190734863,5.675000190734863
2018-04-16,5.650000095367432,5.650000095367432
2018-04-17,5.721250057220459,5.721250057220459
2018-04-18,5.769999980926514,5.769999980926514
2018-04-19,5.739999771118164,5.739999771118164
2018-04-20,5.71999979019165,5.71999979019165
2018-04-23,5.738749980926514,5.738749980926514
2018-04-24,5.738749980926514,5.738749980926514
2018-04-25,5.559999942779541,5.559999942779541
2018-04-26,5.533750057220459,5.533750057220459
2018-04-27,5.533750057220459,5.533750057220459
2018-04-30,5.533750057220459,5.533750057220459
2018-05-01,5.533750057220459,5.533750057220459
2018-05-02,5.449999809265137,5.449999809265137
2018-05-03,5.329999923706055,5.329999923706055
2018-05-04,5.441249847412109,5.441249847412109
2018-05-08,5.539999961853027,5.539999961853027
2018-05-09,5.571249961853027,5.571249961853027
2018-05-10,5.571249961853027,5.571249961853027
2018-05-11,5.659999847412109,5.659999847412109
2018-05-14,5.658750057220459,5.658750057220459
2018-05-15,5.619999885559082,5.619999885559082
2018-05-16,5.633749961853027,5.633749961853027
2018-05-17,5.679999828338623,5.679999828338623
2018-05-18,5.683750152587891,5.683750152587891
2018-05-21,5.683750152587891,5.683750152587891
2018-05-22,5.78000020980835,5.78000020980835
2018-05-23,5.690000057220459,5.690000057220459
2018-05-24,5.71875,5.71875
2018-05-25,5.71875,5.71875
2018-05-29,5.679999828338623,5.679999828338623
2018-05-30,5.678750038146973,5.678750038146973
2018-05-31,5.678750038146973,5.678750038146973
2018-06-01,5.678750038146973,5.678750038146973
2018-06-04,5.678750038146973,5.678750038146973
2018-06-05,5.679999828338623,5.679999828338623
2018-06-06,5.710000038146973,5.710000038146973
2018-06-07,5.756249904632568,5.756249904632568
2018-06-08,5.756249904632568,5.756249904632568
2018-06-11,5.756249904632568,5.756249904632568
2018-06-12,5.756249904632568,5.756249904632568
2018-06-13,5.756249904632568,5.756249904632568
2018-06-14,5.756249904632568,5.756249904632568
2018-06-15,5.756249904632568,5.756249904632568
2018-06-18,5.756249904632568,5.756249904632568
2018-06-19,5.756249904632568,5.756249904632568
2018-06-20,5.756249904632568,5.756249904632568
2018-06-21,5.756249904632568,5.756249904632568
2018-06-22,5.756249904632568,5.756249904632568
2018-06-25,5.756249904632568,5.756249904632568
2018-06-26,5.756249904632568,5.756249904632568
2018-06-27,5.756249904632568,5.756249904632568
2018-06-28,5.756249904632568,5.756249904632568
2018-06-29,5.489999771118164,5.489999771118164
2018-07-02,5.425000190734863,5.425000190734863
2018-07-03,5.425000190734863,5.425000190734863
2018-07-04,5.425000190734863,5.425000190734863
2018-07-05,5.425000190734863,5.425000190734863
2018-07-06,5.425000190734863,5.425000190734863
2018-07-09,5.425000190734863,5.425000190734863
2018-07-10,5.425000190734863,5.425000190734863
2018-07-11,5.53000020980835,5.53000020980835
2018-07-12,5.56125020980835,5.56125020980835
2018-07-13,5.56125020980835,5.56125020980835
2018-07-16,5.56125020980835,5.56125020980835
2018-07-17,5.56125020980835,5.56125020980835
2018-07-18,5.56125020980835,5.56125020980835
2018-07-19,5.56125020980835,5.56125020980835
2018-07-20,5.56125020980835,5.56125020980835
2018-07-23,5.610000133514404,5.610000133514404
2018-07-24,5.642499923706055,5.642499923706055
2018-07-25,5.642499923706055,5.642499923706055
2018-07-26,5.760000228881836,5.760000228881836
2018-07-27,5.773749828338623,5.773749828338623
2018-07-30,5.773749828338623,5.773749828338623
2018-07-31,5.773749828338623,5.773749828338623
2018-08-01,5.773749828338623,5.773749828338623
2018-08-02,5.773749828338623,5.773749828338623
2018-08-03,5.773749828338623,5.773749828338623
2018-08-06,5.773749828338623,5.773749828338623
2018-08-07,5.773749828338623,5.773749828338623
2018-08-08,5.773749828338623,5.773749828338623
2018-08-09,5.773749828338623,5.773749828338623
2018-08-10,5.710000038146973,5.710000038146973
2018-08-13,5.681250095367432,5.681250095367432
2018-08-14,5.681250095367432,5.681250095367432
2018-08-15,5.681250095367432,5.681250095367432
2018-08-16,5.681250095367432,5.681250095367432
2018-08-17,5.681250095367432,5.681250095367432
2018-08-20,5.681250095367432,5.681250095367432
2018-08-21,5.681250095367432,5.681250095367432
2018-08-22,5.840000152587891,5.840000152587891
2018-08-23,5.793749809265137,5.793749809265137
2018-08-24,5.793749809265137,5.793749809265137
2018-08-28,5.793749809265137,5.793749809265137
2018-08-29,5.889999866485596,5.889999866485596
2018-08-30,5.862500190734863,5.862500190734863
2018-08-31,5.862500190734863,5.862500190734863
2018-09-03,5.862500190734863,5.862500190734863
2018-09-04,5.862500190734863,5.862500190734863
2018-09-05,5.862500190734863,5.862500190734863
2018-09-06,5.862500190734863,5.862500190734863
2018-09-07,5.862500190734863,5.862500190734863
2018-09-10,5.862500190734863,5.862500190734863
2018-09-11,5.862500190734863,5.862500190734863
2018-09-12,5.862500190734863,5.862500190734863
2018-09-13,5.949999809265137,5.949999809265137
2018-09-14,5.993750095367432,5.993750095367432
2018-09-17,6.019999980926514,6.019999980926514
2018-09-18,6.039999961853027,6.039999961853027
2018-09-19,6.071249961853027,6.071249961853027
2018-09-20,6.071249961853027,6.071249961853027
2018-09-21,6.071249961853027,6.071249961853027
2018-09-24,6.071249961853027,6.071249961853027
2018-09-25,6.071249961853027,6.071249961853027
2018-09-26,6.071249961853027,6.071249961853027
2018-09-27,5.99875020980835,5.99875020980835
2018-09-28,5.981249809265137,5.981249809265137
2018-10-01,6.043749809265137,6.043749809265137
2018-10-02,6.03125,6.03125
2018-10-03,6.083749771118164,6.083749771118164
2018-10-04,6.053750038146973,6.053750038146973
2018-10-05,6.036250114440918,6.036250114440918
2018-10-08,6.005000114440918,6.005000114440918
2018-10-09,5.981249809265137,5.981249809265137
2018-10-10,5.789999961853027,5.789999961853027
2018-10-11,5.682499885559082,5.682499885559082
2018-10-12,5.641250133514404,5.641250133514404
2018-10-15,5.663750171661377,5.663750171661377
2018-10-16,5.711249828338623,5.711249828338623
2018-10-17,5.693749904632568,5.693749904632568
2018-10-18,5.650000095367432,5.650000095367432
2018-10-19,5.601250171661377,5.601250171661377
2018-10-22,5.566249847412109,5.566249847412109
2018-10-23,5.420000076293945,5.420000076293945
2018-10-24,5.371250152587891,5.371250152587891
2018-10-25,5.329999923706055,5.329999923706055
2018-10-26,5.25,5.25
2018-10-29,5.28000020980835,5.28000020980835
2018-10-30,5.239999771118164,5.239999771118164
2018-10-31,5.349999904632568,5.349999904632568
2018-11-01,5.409999847412109,5.409999847412109
2018-11-02,5.429999828338623,5.429999828338623
2018-11-05,5.420000076293945,5.420000076293945
2018-11-06,5.480000019073486,5.480000019073486
2018-11-07,5.53000020980835,5.53000020980835
2018-11-08,5.586249828338623,5.586249828338623
2018-11-09,5.5,5.5
2018-11-12,5.449999809265137,5.449999809265137
2018-11-13,5.486249923706055,5.486249923706055
2018-11-14,5.440000057220459,5.440000057220459
2018-11-15,5.409999847412109,5.409999847412109
2018-11-16,5.457499980926514,5.457499980926514
2018-11-19,5.432499885559082,5.432499885559082
2018-11-20,5.289999961853027,5.289999961853027
2018-11-21,5.349999904632568,5.349999904632568
2018-11-22,5.289999961853027,5.289999961853027
2018-11-23,5.349999904632568,5.349999904632568
2018-11-26,5.356249809265137,5.356249809265137
2018-11-27,5.320000171661377,5.320000171661377
2018-11-28,5.375,5.375
2018-11-29,5.452499866485596,5.452499866485596
2018-11-30,5.482500076293945,5.482500076293945
2018-12-03,5.586249828338623,5.586249828338623
2018-12-04,5.485000133514404,5.485000133514404
2018-12-05,5.380000114440918,5.380000114440918
2018-12-06,5.179999828338623,5.179999828338623
2018-12-07,5.239999771118164,5.239999771118164
2018-12-10,5.110000133514404,5.110000133514404
2018-12-11,5.208749771118164,5.208749771118164
2018-12-12,5.25,5.25
2018-12-13,5.190000057220459,5.190000057220459
2018-12-14,5.139999866485596,5.139999866485596
2018-12-17,5.119999885559082,5.119999885559082
2018-12-18,5.068749904632568,5.068749904632568
2018-12-19,5.079999923706055,5.079999923706055
2018-12-20,4.910999774932861,4.910999774932861
2018-12-21,4.880000114440918,4.880000114440918
2018-12-24,4.730000019073486,4.730000019073486
2018-12-27,4.800000190734863,4.800000190734863
2018-12-28,4.909999847412109,4.909999847412109
2018-12-31,4.941500186920166,4.941500186920166
2019-01-02,4.935999870300293,4.935999870300293
2019-01-03,4.829999923706055,4.829999923706055
2019-01-04,4.942999839782715,4.942999839782715
2019-01-07,5.016250133514404,5.016250133514404
2019-01-08,5.066249847412109,5.066249847412109
2019-01-09,5.133749961853027,5.133749961853027
2019-01-10,5.150000095367432,5.150000095367432
2019-01-11,5.179999828338623,5.179999828338623
2019-01-14,5.172500133514404,5.172500133514404
2019-01-15,5.170000076293945,5.170000076293945
2019-01-16,5.211249828338623,5.211249828338623
2019-01-17,5.232500076293945,5.232500076293945
2019-01-18,5.380000114440918,5.380000114440918
2019-01-21,5.347499847412109,5.347499847412109
2019-01-22,5.295000076293945,5.295000076293945
2019-01-23,5.260000228881836,5.260000228881836
2019-01-24,5.300000190734863,5.300000190734863
2019-01-25,5.380000114440918,5.380000114440918
2019-01-28,5.304999828338623,5.304999828338623
2019-01-29,5.380000114440918,5.380000114440918
2019-01-30,5.43625020980835,5.43625020980835
2019-01-31,5.505000114440918,5.505000114440918
2019-02-01,5.539999961853027,5.539999961853027
2019-02-04,5.525000095367432,5.525000095367432
2019-02-05,5.591249942779541,5.591249942779541
2019-02-06,5.638750076293945,5.638750076293945
2019-02-07,5.578750133514404,5.578750133514404
2019-02-08,5.539999961853027,5.539999961853027
2019-02-11,5.628749847412109,5.628749847412109
2019-02-12,5.716249942779541,5.716249942779541
2019-02-13,5.733749866485596,5.733749866485596
2019-02-14,5.706250190734863,5.706250190734863
2019-02-15,5.78125,5.78125
2019-02-18,5.801249980926514,5.801249980926514
2019-02-19,5.776249885559082,5.776249885559082
2019-02-20,5.806250095367432,5.806250095367432
2019-02-21,5.798749923706055,5.798749923706055
2019-02-22,5.828750133514404,5.828750133514404
2019-02-25,5.886250019073486,5.886250019073486
2019-02-26,5.87375020980835,5.87375020980835
2019-02-27,5.838749885559082,5.838749885559082
2019-02-28,5.856249809265137,5.856249809265137
2019-03-01,5.848750114440918,5.848750114440918
2019-03-04,5.858749866485596,5.858749866485596
2019-03-05,5.826250076293945,5.826250076293945
2019-03-06,5.766250133514404,5.766250133514404
2019-03-07,5.673749923706055,5.673749923706055
2019-03-08,5.679999828338623,5.679999828338623
2019-03-11,5.701250076293945,5.701250076293945
2019-03-12,5.693749904632568,5.693749904632568
2019-03-13,5.741250038146973,5.741250038146973
2019-03-14,5.726250171661377,5.726250171661377
2019-03-15,5.728750228881836,5.728750228881836
2019-03-18,5.723750114440918,5.723750114440918
2019-03-19,5.771249771118164,5.771249771118164
2019-03-20,5.683750152587891,5.683750152587891
2019-03-21,5.731249809265137,5.731249809265137
2019-03-22,5.627500057220459,5.627500057220459
2019-03-25,5.636250019073486,5.636250019073486
2019-03-26,5.653749942779541,5.653749942779541
2019-03-27,5.653749942779541,5.653749942779541
2019-03-28,5.68625020980835,5.68625020980835
2019-03-29,5.758749961853027,5.758749961853027
2019-04-01,5.880000114440918,5.880000114440918
2019-04-02,5.896249771118164,5.896249771118164
2019-04-03,5.891250133514404,5.891250133514404
2019-04-04,5.916250228881836,5.916250228881836
2019-04-05,5.931250095367432,5.931250095367432
2019-04-08,5.87375020980835,5.87375020980835
2019-04-09,5.836249828338623,5.836249828338623
2019-04-10,5.798749923706055,5.798749923706055
2019-04-11,5.861249923706055,5.861249923706055
2019-04-12,5.913750171661377,5.913750171661377
2019-04-15,5.916250228881836,5.916250228881836
2019-04-16,5.93874979019165,5.93874979019165
2019-04-17,5.965000152587891,5.965000152587891
2019-04-18,6.00124979019165,6.00124979019165
2019-04-23,6.053750038146973,6.053750038146973
2019-04-24,6.048749923706055,6.048749923706055
2019-04-25,5.93874979019165,5.93874979019165
2019-04-26,5.948750019073486,5.948750019073486
2019-04-29,5.976250171661377,5.976250171661377
2019-04-30,5.973750114440918,5.973750114440918
2019-05-01,6.021249771118164,6.021249771118164
2019-05-02,5.928750038146973,5.928750038146973
2019-05-03,6.011250019073486,6.011250019073486
2019-05-07,5.883749961853027,5.883749961853027
2019-05-08,5.875,5.875
2019-05-09,5.762499809265137,5.762499809265137
2019-05-10,5.758749961853027,5.758749961853027
2019-05-13,5.698750019073486,5.698750019073486
2019-05-14,5.771249771118164,5.771249771118164
2019-05-15,5.767499923706055,5.767499923706055
2019-05-16,5.828750133514404,5.828750133514404
2019-05-17,5.816249847412109,5.816249847412109
2019-05-20,5.75124979019165,5.75124979019165
2019-05-21,5.786250114440918,5.786250114440918
2019-05-22,5.793749809265137,5.793749809265137
2019-05-23,5.678750038146973,5.678750038146973
2019-05-24,5.668749809265137,5.668749809265137
2019-05-28,5.671249866485596,5.671249866485596
2019-05-29,5.583749771118164,5.583749771118164
2019-05-30,5.619999885559082,5.619999885559082
2019-05-31,5.581250190734863,5.581250190734863
2019-06-03,5.578750133514404,5.578750133514404
2019-06-04,5.691249847412109,5.691249847412109
2019-06-05,5.75124979019165,5.75124979019165
2019-06-06,5.758749961853027,5.758749961853027
2019-06-07,5.826250076293945,5.826250076293945
2019-06-10,5.87624979019165,5.87624979019165
2019-06-11,5.793749809265137,5.793749809265137
2019-06-12,5.773749828338623,5.773749828338623
2019-06-13,5.798749923706055,5.798749923706055
2019-06-14,5.793749809265137,5.793749809265137
2019-06-17,5.793749809265137,5.793749809265137
2019-06-18,5.896249771118164,5.896249771118164
2019-06-19,5.886250019073486,5.886250019073486
2019-06-20,5.946249961853027,5.946249961853027
2019-06-21,5.988749980926514,5.988749980926514
2019-06-24,5.96875,5.96875
2019-06-25,5.923749923706055,5.923749923706055
2019-06-26,5.918749809265137,5.918749809265137
2019-06-27,5.902500152587891,5.902500152587891
2019-06-28,5.960000038146973,5.960000038146973
2019-07-01,6.0,6.0
2019-07-02,5.989999771118164,5.989999771118164
2019-07-03,5.985000133514404,5.985000133514404
2019-07-04,6.025000095367432,6.025000095367432
2019-07-05,5.940000057220459,5.940000057220459
2019-07-08,5.947500228881836,5.947500228881836
2019-07-09,5.897500038146973,5.897500038146973
2019-07-10,5.914999961853027,5.914999961853027
2019-07-11,5.929999828338623,5.929999828338623
2019-07-12,6.010000228881836,6.010000228881836
2019-07-15,6.03000020980835,6.03000020980835
2019-07-16,6.072500228881836,6.072500228881836
2019-07-17,5.997499942779541,5.997499942779541
2019-07-18,5.927499771118164,5.927499771118164
2019-07-19,5.997499942779541,5.997499942779541
2019-07-22,5.978750228881836,5.978750228881836
2019-07-23,6.019999980926514,6.019999980926514
2019-07-24,6.077499866485596,6.077499866485596
2019-07-25,6.087500095367432,6.087500095367432
2019-07-26,6.067500114440918,6.067500114440918
2019-07-29,6.065000057220459,6.065000057220459
2019-07-30,6.065000057220459,6.065000057220459
2019-07-31,6.065000057220459,6.065000057220459
2019-08-01,6.037499904632568,6.037499904632568
2019-08-02,5.84250020980835,5.84250020980835
2019-08-05,5.737500190734863,5.737500190734863
2019-08-06,5.71999979019165,5.71999979019165
2019-08-07,5.707499980926514,5.707499980926514
2019-08-08,5.84499979019165,5.84499979019165
2019-08-09,5.793749809265137,5.793749809265137
2019-08-12,5.769999980926514,5.769999980926514
2019-08-13,5.827499866485596,5.827499866485596
2019-08-14,5.678750038146973,5.678750038146973
2019-08-15,5.62375020980835,5.62375020980835
2019-08-16,5.721250057220459,5.721250057220459
2019-08-19,5.806250095367432,5.806250095367432
2019-08-20,5.778749942779541,5.778749942779541
2019-08-21,5.803750038146973,5.803750038146973
2019-08-22,5.773749828338623,5.773749828338623
2019-08-23,5.712500095367432,5.712500095367432
2019-08-27,5.668749809265137,5.668749809265137
2019-08-28,5.721250057220459,5.721250057220459
2019-08-29,5.806250095367432,5.806250095367432
2019-08-30,5.848750114440918,5.848750114440918
2019-09-02,5.821249961853027,5.821249961853027
2019-09-03,5.753749847412109,5.753749847412109
2019-09-04,5.841249942779541,5.841249942779541
2019-09-05,5.976250171661377,5.976250171661377
2019-09-06,5.96875,5.96875
2019-09-09,5.996250152587891,5.996250152587891
2019-09-10,5.985000133514404,5.985000133514404
2019-09-11,6.036250114440918,6.036250114440918
2019-09-12,6.088749885559082,6.088749885559082
2019-09-13,6.143750190734863,6.143750190734863
2019-09-16,6.12375020980835,6.12375020980835
2019-09-17,6.085000038146973,6.085000038146973
2019-09-18,6.073750019073486,6.073750019073486
2019-09-19,6.116250038146973,6.116250038146973
2019-09-20,6.078750133514404,6.078750133514404
2019-09-23,6.028749942779541,6.028749942779541
2019-09-24,6.023749828338623,6.023749828338623
2019-09-25,6.021249771118164,6.021249771118164
2019-09-26,6.018750190734863,6.018750190734863
2019-09-27,6.053750038146973,6.053750038146973
2019-09-30,6.039999961853027,6.039999961853027
2019-10-01,5.963749885559082,5.963749885559082
2019-10-02,5.763750076293945,5.763750076293945
2019-10-03,5.761250019073486,5.761250019073486
2019-10-04,5.838749885559082,5.838749885559082
2019-10-07,5.858749866485596,5.858749866485596
2019-10-08,5.763750076293945,5.763750076293945
2019-10-09,5.772500038146973,5.772500038146973
2019-10-10,5.858749866485596,5.858749866485596
2019-10-11,5.991250038146973,5.991250038146973
2019-10-14,5.956250190734863,5.956250190734863
2019-10-15,6.011250019073486,6.011250019073486
2019-10-16,6.013750076293945,6.013750076293945
2019-10-17,6.041250228881836,6.041250228881836
2019-10-18,5.993750095367432,5.993750095367432
2019-10-21,6.008749961853027,6.008749961853027
2019-10-22,6.026249885559082,6.026249885559082
2019-10-23,6.041250228881836,6.041250228881836
2019-10-24,6.051249980926514,6.051249980926514
2019-10-25,6.103750228881836,6.103750228881836
2019-10-28,6.118750095367432,6.118750095367432
2019-10-29,6.139999866485596,6.139999866485596
2019-10-30,6.12624979019165,6.12624979019165
2019-10-31,6.085000038146973,6.085000038146973
2019-11-01,6.195000171661377,6.195000171661377
2019-11-04,6.28000020980835,6.28000020980835
2019-11-05,6.306250095367432,6.306250095367432
2019-11-06,6.301249980926514,6.301249980926514
2019-11-07,6.349999904632568,6.349999904632568
2019-11-08,6.321249961853027,6.321249961853027
2019-11-11,6.301249980926514,6.301249980926514
2019-11-12,6.358749866485596,6.358749866485596
2019-11-13,6.321249961853027,6.321249961853027
2019-11-14,6.346250057220459,6.346250057220459
2019-11-15,6.388750076293945,6.388750076293945
2019-11-18,6.352499961853027,6.352499961853027
2019-11-19,6.358749866485596,6.358749866485596
2019-11-20,6.336249828338623,6.336249828338623
2019-11-21,6.298749923706055,6.298749923706055
2019-11-22,6.303750038146973,6.303750038146973
2019-11-25,6.378749847412109,6.378749847412109
2019-11-26,6.403749942779541,6.403749942779541
2019-11-27,6.377500057220459,6.377500057220459
2019-11-28,6.378749847412109,6.378749847412109
2019-11-29,6.368750095367432,6.368750095367432
2019-12-02,6.31374979019165,6.31374979019165
2019-12-03,6.167500019073486,6.167500019073486
2019-12-04,6.25124979019165,6.25124979019165
2019-12-05,6.213749885559082,6.213749885559082
2019-12-06,6.296249866485596,6.296249866485596
2019-12-09,6.273749828338623,6.273749828338623
2019-12-10,6.268750190734863,6.268750190734863
2019-12-11,6.263750076293945,6.263750076293945
2019-12-12,6.341249942779541,6.341249942779541
2019-12-13,6.316249847412109,6.316249847412109
2019-12-16,6.348750114440918,6.348750114440918
2019-12-17,6.335000038146973,6.335000038146973
2019-12-18,6.307499885559082,6.307499885559082
2019-12-19,6.306250095367432,6.306250095367432
2019-12-20,6.338749885559082,6.338749885559082
2019-12-23,6.392499923706055,6.392499923706055
2019-12-24,6.400000095367432,6.400000095367432
2019-12-27,6.391250133514404,6.391250133514404
2019-12-30,6.353750228881836,6.353750228881836
2019-12-31,6.349999904632568,6.349999904632568
2020-01-02,6.396249771118164,6.396249771118164
2020-01-03,6.418749809265137,6.418749809265137
2020-01-06,6.426249980926514,6.426249980926514
2020-01-07,6.461249828338623,6.461249828338623
2020-01-08,6.473750114440918,6.473750114440918
2020-01-09,6.488749980926514,6.488749980926514
2020-01-10,6.473750114440918,6.473750114440918
2020-01-13,6.492499828338623,6.492499828338623
2020-01-14,6.521249771118164,6.521249771118164
2020-01-15,6.526249885559082,6.526249885559082
2020-01-16,6.543749809265137,6.543749809265137
2020-01-17,6.576250076293945,6.576250076293945
2020-01-20,6.56125020980835,6.56125020980835
2020-01-21,6.526249885559082,6.526249885559082
2020-01-22,6.487500190734863,6.487500190734863
2020-01-23,6.478750228881836,6.478750228881836
2020-01-24,6.527500152587891,6.527500152587891
2020-01-27,6.402500152587891,6.402500152587891
2020-01-28,6.400000095367432,6.400000095367432
2020-01-29,6.496250152587891,6.496250152587891
2020-01-30,6.423749923706055,6.423749923706055
2020-01-31,6.335000038146973,6.335000038146973
2020-02-03,6.356249809265137,6.356249809265137
2020-02-04,6.43625020980835,6.43625020980835
2020-02-05,6.502500057220459,6.502500057220459
2020-02-06,6.556250095367432,6.556250095367432
2020-02-07,6.538750171661377,6.538750171661377
2020-02-10,6.538750171661377,6.538750171661377
2020-02-11,6.577499866485596,6.577499866485596
2020-02-12,6.619999885559082,6.619999885559082
2020-02-13,6.603750228881836,6.603750228881836
2020-02-14,6.59375,6.59375
2020-02-17,6.598750114440918,6.598750114440918
2020-02-18,6.537499904632568,6.537499904632568
2020-02-19,6.581250190734863,6.581250190734863
2020-02-20,6.534999847412109,6.534999847412109
2020-02-21,6.516250133514404,6.516250133514404
2020-02-24,6.338749885559082,6.338749885559082
2020-02-25,6.224999904632568,6.224999904632568
2020-02-26,6.170000076293945,6.170000076293945
2020-02-27,5.917500019073486,5.917500019073486
2020-02-28,5.644999980926514,5.644999980926514
2020-03-02,5.78249979019165,5.78249979019165
2020-03-03,5.816249847412109,5.816249847412109
2020-03-04,5.851250171661377,5.851250171661377
2020-03-05,5.827499866485596,5.827499866485596
2020-03-06,5.581250190734863,5.581250190734863
2020-03-09,5.247499942779541,5.247499942779541
2020-03-10,5.15625,5.15625
2020-03-11,5.164999961853027,5.164999961853027
2020-03-12,4.656000137329102,4.656000137329102
2020-03-13,4.605500221252441,4.605500221252441
2020-03-16,4.533999919891357,4.533999919891357
2020-03-17,4.465000152587891,4.465000152587891
2020-03-18,4.0954999923706055,4.0954999923706055
2020-03-19,4.1620001792907715,4.1620001792907715
2020-03-20,4.122499942779541,4.122499942779541
2020-03-23,3.828000068664551,3.828000068664551
2020-03-24,4.242499828338623,4.242499828338623
2020-03-25,4.581999778747559,4.581999778747559
2020-03-26,4.756499767303467,4.756499767303467
2020-03-27,4.5980000495910645,4.5980000495910645
2020-03-30,4.664999961853027,4.664999961853027
2020-03-31,4.71150016784668,4.71150016784668
2020-04-01,4.432499885559082,4.432499885559082
2020-04-02,4.446499824523926,4.446499824523926
2020-04-03,4.415500164031982,4.415500164031982
2020-04-06,4.644499778747559,4.644499778747559
2020-04-07,4.859499931335449,4.859499931335449
2020-04-08,4.848499774932861,4.848499774932861
2020-04-09,4.997250080108643,4.997250080108643
2020-04-14,4.865499973297119,4.865499973297119
2020-04-15,4.706500053405762,4.706500053405762
2020-04-16,4.710000038146973,4.710000038146973
2020-04-17,4.872000217437744,4.872000217437744
2020-04-20,4.891499996185303,4.891499996185303
2020-04-21,4.705999851226807,4.705999851226807
2020-04-22,4.737500190734863,4.737500190734863
2020-04-23,4.872499942779541,4.872499942779541
2020-04-24,4.761000156402588,4.761000156402588
2020-04-27,4.9039998054504395,4.9039998054504395
2020-04-28,5.018750190734863,5.018750190734863
2020-04-29,5.135000228881836,5.135000228881836
2020-04-30,5.033750057220459,5.033750057220459
2020-05-01,4.875999927520752,4.875999927520752
2020-05-04,4.758999824523926,4.758999824523926
2020-05-05,4.879499912261963,4.879499912261963
2020-05-06,4.796999931335449,4.796999931335449
2020-05-07,4.864500045776367,4.864500045776367
2020-05-11,4.877500057220459,4.877500057220459
2020-05-12,4.873000144958496,4.873000144958496
2020-05-13,4.638500213623047,4.638500213623047
2020-05-14,4.565000057220459,4.565000057220459
2020-05-15,4.645999908447266,4.645999908447266
2020-05-18,4.95550012588501,4.95550012588501
2020-05-19,4.993000030517578,4.993000030517578
2020-05-20,5.034999847412109,5.034999847412109
2020-05-21,4.979499816894531,4.979499816894531
2020-05-22,4.9720001220703125,4.9720001220703125
2020-05-26,5.207499980926514,5.207499980926514
2020-05-27,5.324999809265137,5.324999809265137
2020-05-28,5.40500020980835,5.40500020980835
2020-05-29,5.267499923706055,5.267499923706055
2020-06-01,5.328750133514404,5.328750133514404
2020-06-02,5.372499942779541,5.372499942779541
2020-06-03,5.558750152587891,5.558750152587891
2020-06-04,5.62375020980835,5.62375020980835
2020-06-05,5.960000038146973,5.960000038146973
2020-06-08,5.971250057220459,5.971250057220459
2020-06-09,5.848750114440918,5.848750114440918
2020-06-10,5.711249828338623,5.711249828338623
2020-06-11,5.440000057220459,5.440000057220459
2020-06-12,5.34375,5.34375
2020-06-15,5.332499980926514,5.332499980926514
2020-06-16,5.553750038146973,5.553750038146973
2020-06-17,5.526249885559082,5.526249885559082
2020-06-18,5.512499809265137,5.512499809265137
2020-06-19,5.508749961853027,5.508749961853027
2020-06-22,5.392499923706055,5.392499923706055
2020-06-23,5.449999809265137,5.449999809265137
2020-06-24,5.287499904632568,5.287499904632568
2020-06-25,5.21750020980835,5.21750020980835
2020-06-26,5.227499961853027,5.227499961853027
2020-06-29,5.335000038146973,5.335000038146973
2020-06-30,5.382500171661377,5.382500171661377
2020-07-01,5.383749961853027,5.383749961853027
2020-07-02,5.449999809265137,5.449999809265137
2020-07-03,5.389999866485596,5.389999866485596
2020-07-06,5.485000133514404,5.485000133514404
2020-07-07,5.462500095367432,5.462500095367432
2020-07-08,5.366250038146973,5.366250038146973
2020-07-09,5.284999847412109,5.284999847412109
2020-07-10,5.323750019073486,5.323750019073486
2020-07-13,5.409999847412109,5.409999847412109
2020-07-14,5.429999828338623,5.429999828338623
2020-07-15,5.608749866485596,5.608749866485596
2020-07-16,5.653749942779541,5.653749942779541
2020-07-17,5.650000095367432,5.650000095367432
2020-07-20,5.597499847412109,5.597499847412109
2020-07-21,5.701250076293945,5.701250076293945
2020-07-22,5.706250190734863,5.706250190734863
2020-07-23,5.731249809265137,5.731249809265137
2020-07-24,5.673749923706055,5.673749923706055
2020-07-27,5.666250228881836,5.666250228881836
2020-07-28,5.670000076293945,5.670000076293945
2020-07-29,5.693749904632568,5.693749904632568
2020-07-30,5.683750152587891,5.683750152587891
2020-07-31,5.579999923706055,5.579999923706055
2020-08-03,5.664999961853027,5.664999961853027
2020-08-04,5.682499885559082,5.682499885559082
2020-08-05,5.761250019073486,5.761250019073486
2020-08-06,5.795000076293945,5.795000076293945
2020-08-07,5.841249942779541,5.841249942779541
2020-08-10,6.025000095367432,6.025000095367432
2020-08-11,6.164999961853027,6.164999961853027
2020-08-12,6.136250019073486,6.136250019073486
2020-08-13,6.087500095367432,6.087500095367432
2020-08-14,6.121250152587891,6.121250152587891
2020-08-17,6.09375,6.09375
2020-08-18,6.06374979019165,6.06374979019165
2020-08-19,6.0625,6.0625
2020-08-20,5.989999771118164,5.989999771118164
2020-08-21,6.005000114440918,6.005000114440918
2020-08-24,6.098750114440918,6.098750114440918
2020-08-25,6.098750114440918,6.098750114440918
2020-08-26,6.108749866485596,6.108749866485596
2020-08-27,6.141250133514404,6.141250133514404
2020-08-28,6.148749828338623,6.148749828338623
2020-09-01,6.153749942779541,6.153749942779541
2020-09-02,6.236249923706055,6.236249923706055
2020-09-03,6.128749847412109,6.128749847412109
2020-09-04,6.065000057220459,6.065000057220459
2020-09-07,6.168749809265137,6.168749809265137
2020-09-08,6.041250228881836,6.041250228881836
2020-09-09,6.102499961853027,6.102499961853027
2020-09-10,6.098750114440918,6.098750114440918
2020-09-11,6.12375020980835,6.12375020980835
2020-09-14,6.158750057220459,6.158750057220459
2020-09-15,6.204999923706055,6.204999923706055
2020-09-16,6.28125,6.28125
2020-09-17,6.293749809265137,6.293749809265137
2020-09-18,6.283750057220459,6.283750057220459
2020-09-21,5.948750019073486,5.948750019073486
2020-09-22,6.012499809265137,6.012499809265137
2020-09-23,6.068749904632568,6.068749904632568
2020-09-24,5.921249866485596,5.921249866485596
2020-09-25,5.991250038146973,5.991250038146973
2020-09-28,6.18625020980835,6.18625020980835
2020-09-29,6.112500190734863,6.112500190734863
2020-09-30,6.158750057220459,6.158750057220459
2020-10-01,6.105000019073486,6.105000019073486
2020-10-02,6.097499847412109,6.097499847412109
2020-10-05,6.21875,6.21875
2020-10-06,6.25124979019165,6.25124979019165
2020-10-07,6.268750190734863,6.268750190734863
2020-10-08,6.307499885559082,6.307499885559082
2020-10-09,6.375,6.375
2020-10-12,6.412499904632568,6.412499904632568
2020-10-13,6.329999923706055,6.329999923706055
2020-10-14,6.411250114440918,6.411250114440918
2020-10-15,6.341249942779541,6.341249942779541
2020-10-16,6.463749885559082,6.463749885559082
2020-10-19,6.441249847412109,6.441249847412109
2020-10-20,6.425000190734863,6.425000190734863
2020-10-21,6.361249923706055,6.361249923706055
2020-10-22,6.353750228881836,6.353750228881836
2020-10-23,6.394999980926514,6.394999980926514
2020-10-26,6.223750114440918,6.223750114440918
2020-10-27,6.15625,6.15625
2020-10-28,5.991250038146973,5.991250038146973
2020-10-29,5.961249828338623,5.961249828338623
2020-10-30,5.973750114440918,5.973750114440918
2020-11-02,6.143750190734863,6.143750190734863
2020-11-03,6.326250076293945,6.326250076293945
2020-11-04,6.353750228881836,6.353750228881836
2020-11-05,6.442500114440918,6.442500114440918
2020-11-06,6.403749942779541,6.403749942779541
2020-11-09,6.681250095367432,6.681250095367432
2020-11-10,6.767499923706055,6.767499923706055
2020-11-11,6.71875,6.71875
2020-11-12,6.681250095367432,6.681250095367432
2020-11-13,6.726250171661377,6.726250171661377
2020-11-16,6.928750038146973,6.928750038146973
2020-11-17,6.921249866485596,6.921249866485596
2020-11-18,6.986249923706055,6.986249923706055
2020-11-19,6.837500095367432,6.837500095367432
2020-11-20,6.849999904632568,6.849999904632568
2020-11-23,6.927499771118164,6.927499771118164
2020-11-24,7.09375,7.09375
2020-11-25,7.023749828338623,7.023749828338623
2020-11-26,6.99875020980835,6.99875020980835
2020-11-27,7.006249904632568,7.006249904632568
2020-11-30,6.949999809265137,6.949999809265137
2020-12-01,7.018750190734863,7.018750190734863
2020-12-02,6.918749809265137,6.918749809265137
2020-12-03,7.010000228881836,7.010000228881836
2020-12-04,7.041250228881836,7.041250228881836
2020-12-07,7.026249885559082,7.026249885559082
2020-12-08,7.043749809265137,7.043749809265137
2020-12-09,7.043749809265137,7.043749809265137
2020-12-10,7.003749847412109,7.003749847412109
2020-12-11,6.988749980926514,6.988749980926514
2020-12-14,7.003749847412109,7.003749847412109
2020-12-15,6.982500076293945,6.982500076293945
2020-12-16,6.988749980926514,6.988749980926514
2020-12-17,6.994999885559082,6.994999885559082
2020-12-18,6.971250057220459,6.971250057220459
2020-12-21,6.922500133514404,6.922500133514404
2020-12-22,6.943749904632568,6.943749904632568
2020-12-23,7.005000114440918,7.005000114440918
2020-12-24,6.993750095367432,6.993750095367432
2020-12-29,6.972499847412109,6.972499847412109
2020-12-30,6.981249809265137,6.981249809265137
2020-12-31,6.982500076293945,6.982500076293945
2021-01-04,6.892499923706055,6.892499923706055
2021-01-05,6.888750076293945,6.888750076293945
2021-01-06,7.110000133514404,7.110000133514404
2021-01-07,7.118750095367432,7.118750095367432
2021-01-08,7.108749866485596,7.108749866485596
2021-01-11,7.113749980926514,7.113749980926514
2021-01-12,7.147500038146973,7.147500038146973
2021-01-13,7.113749980926514,7.113749980926514
2021-01-14,7.151249885559082,7.151249885559082
2021-01-15,7.038750171661377,7.038750171661377
2021-01-18,7.057499885559082,7.057499885559082
2021-01-19,7.090000152587891,7.090000152587891
2021-01-20,7.078750133514404,7.078750133514404
2021-01-21,7.068749904632568,7.068749904632568
2021-01-22,7.010000228881836,7.010000228881836
2021-01-25,6.917500019073486,6.917500019073486
2021-01-26,6.957499980926514,6.957499980926514
2021-01-27,6.795000076293945,6.795000076293945
2021-01-28,6.90625,6.90625
2021-01-29,6.771249771118164,6.771249771118164
2021-02-01,6.764999866485596,6.764999866485596
2021-02-02,6.9375,6.9375
2021-02-03,6.921249866485596,6.921249866485596
2021-02-04,7.014999866485596,7.014999866485596
2021-02-05,7.076250076293945,7.076250076293945
2021-02-08,7.086249828338623,7.086249828338623
2021-02-09,7.103750228881836,7.103750228881836
2021-02-10,7.122499942779541,7.122499942779541
2021-02-11,7.096250057220459,7.096250057220459
2021-02-12,7.127500057220459,7.127500057220459
2021-02-15,7.198750019073486,7.198750019073486
2021-02-16,7.147500038146973,7.147500038146973
2021-02-17,7.09375,7.09375
2021-02-18,7.06125020980835,7.06125020980835
2021-02-19,7.21999979019165,7.21999979019165
2021-02-22,7.253749847412109,7.253749847412109
2021-02-23,7.191249847412109,7.191249847412109
2021-02-24,7.371250152587891,7.371250152587891
2021-02-25,7.34375,7.34375
2021-02-26,7.213749885559082,7.213749885559082
2021-03-01,7.37375020980835,7.37375020980835
2021-03-02,7.348750114440918,7.348750114440918
2021-03-03,7.40625,7.40625
2021-03-04,7.31374979019165,7.31374979019165
2021-03-05,7.163750171661377,7.163750171661377
2021-03-08,7.545000076293945,7.545000076293945
2021-03-09,7.528749942779541,7.528749942779541
2021-03-10,7.522500038146973,7.522500038146973
2021-03-11,7.617499828338623,7.617499828338623
2021-03-12,7.625,7.625
2021-03-15,7.671249866485596,7.671249866485596
2021-03-16,7.637499809265137,7.637499809265137
2021-03-17,7.695000171661377,7.695000171661377
2021-03-18,7.793749809265137,7.793749809265137
2021-03-19,7.684999942779541,7.684999942779541
2021-03-22,7.606249809265137,7.606249809265137
2021-03-23,7.578750133514404,7.578750133514404
2021-03-24,7.672500133514404,7.672500133514404
2021-03-25,7.599999904632568,7.599999904632568
2021-03-26,7.744999885559082,7.744999885559082
2021-03-29,7.816249847412109,7.816249847412109
2021-03-30,7.84499979019165,7.84499979019165
2021-03-31,7.809999942779541,7.809999942779541
2021-04-01,7.817500114440918,7.817500114440918
2021-04-06,7.966249942779541,7.966249942779541
2021-04-07,7.887499809265137,7.887499809265137
2021-04-08,7.892499923706055,7.892499923706055
2021-04-09,7.932499885559082,7.932499885559082
2021-04-12,8.0,8.0
2021-04-13,7.974999904632568,7.974999904632568
2021-04-14,8.02750015258789,8.02750015258789
2021-04-15,7.994999885559082,7.994999885559082
2021-04-16,8.045000076293945,8.045000076293945
2021-04-19,7.987500190734863,7.987500190734863
2021-04-20,7.897500038146973,7.897500038146973
2021-04-21,7.976250171661377,7.976250171661377
2021-04-22,8.063750267028809,8.063750267028809
2021-04-23,8.055000305175781,8.055000305175781
2021-04-26,8.092499732971191,8.092499732971191
2021-04-27,8.098750114440918,8.098750114440918
2021-04-28,8.12125015258789,8.12125015258789
2021-04-29,8.141249656677246,8.141249656677246
2021-04-30,8.087499618530273,8.087499618530273
2021-05-04,8.157500267028809,8.157500267028809
2021-05-05,8.227499961853027,8.227499961853027
2021-05-06,8.2524995803833,8.2524995803833
2021-05-07,8.328749656677246,8.328749656677246
2021-05-10,8.487500190734863,8.487500190734863
2021-05-11,8.24625015258789,8.24625015258789
2021-05-12,8.173749923706055,8.173749923706055
2021-05-13,8.177499771118164,8.177499771118164
2021-05-14,8.300000190734863,8.300000190734863
2021-05-17,8.262499809265137,8.262499809265137
2021-05-18,8.2475004196167,8.2475004196167
2021-05-19,8.063750267028809,8.063750267028809
2021-05-20,8.132499694824219,8.132499694824219
2021-05-21,8.22249984741211,8.22249984741211
2021-05-24,8.25,8.25
2021-05-25,8.237500190734863,8.237500190734863
2021-05-26,8.207500457763672,8.207500457763672
2021-05-27,8.329999923706055,8.329999923706055
2021-05-28,8.34375,8.34375
2021-06-01,8.412500381469727,8.412500381469727
2021-06-02,8.387499809265137,8.387499809265137
2021-06-03,8.3725004196167,8.3725004196167
2021-06-04,8.34749984741211,8.34749984741211
2021-06-07,8.3149995803833,8.3149995803833
2021-06-08,8.295000076293945,8.295000076293945
2021-06-09,8.279999732971191,8.279999732971191
2021-06-10,8.225000381469727,8.225000381469727
2021-06-11,8.199999809265137,8.199999809265137
2021-06-14,8.168749809265137,8.168749809265137
2021-06-15,8.192500114440918,8.192500114440918
2021-06-16,8.207500457763672,8.207500457763672
2021-06-17,8.021249771118164,8.021249771118164
2021-06-18,7.93874979019165,7.93874979019165
2021-06-21,8.069999694824219,8.069999694824219
2021-06-22,8.100000381469727,8.100000381469727
2021-06-23,8.114999771118164,8.114999771118164
2021-06-24,8.092499732971191,8.092499732971191
2021-06-25,8.172499656677246,8.172499656677246
2021-06-28,8.081250190734863,8.081250190734863
2021-06-29,8.138750076293945,8.138750076293945
2021-06-30,8.137499809265137,8.137499809265137
2021-07-01,8.21500015258789,8.21500015258789
2021-07-02,8.234999656677246,8.234999656677246
2021-07-05,8.241250038146973,8.241250038146973
2021-07-06,8.082500457763672,8.082500457763672
2021-07-07,8.223750114440918,8.223750114440918
2021-07-08,8.130000114440918,8.130000114440918
2021-07-09,8.232500076293945,8.232500076293945
2021-07-12,8.237500190734863,8.237500190734863
2021-07-13,8.211250305175781,8.211250305175781
2021-07-14,8.154999732971191,8.154999732971191
2021-07-15,8.201250076293945,8.201250076293945
2021-07-16,8.1850004196167,8.1850004196167
2021-07-19,7.926249980926514,7.926249980926514
2021-07-20,8.106249809265137,8.106249809265137
2021-07-21,8.2162504196167,8.2162504196167
2021-07-22,8.223750114440918,8.223750114440918
2021-07-23,8.260000228881836,8.260000228881836
2021-07-26,8.25,8.25
2021-07-27,8.212499618530273,8.212499618530273
2021-07-28,8.196249961853027,8.196249961853027
2021-07-29,8.255000114440918,8.255000114440918
2021-07-30,8.226249694824219,8.226249694824219
2021-08-02,8.2524995803833,8.2524995803833
2021-08-03,8.231249809265137,8.231249809265137
2021-08-04,8.197500228881836,8.197500228881836
2021-08-05,8.237500190734863,8.237500190734863
2021-08-06,8.257499694824219,8.257499694824219
2021-08-09,8.212499618530273,8.212499618530273
2021-08-10,8.323749542236328,8.323749542236328
2021-08-11,8.363750457763672,8.363750457763672
2021-08-12,8.369999885559082,8.369999885559082
2021-08-13,8.385000228881836,8.385000228881836
2021-08-16,8.375,8.375
2021-08-17,8.295000076293945,8.295000076293945
2021-08-18,8.291250228881836,8.291250228881836
2021-08-19,8.137499809265137,8.137499809265137
2021-08-20,8.15625,8.15625
2021-08-23,8.262499809265137,8.262499809265137
2021-08-24,8.291250228881836,8.291250228881836
2021-08-25,8.326250076293945,8.326250076293945
2021-08-26,8.305000305175781,8.305000305175781
2021-08-27,8.362500190734863,8.362500190734863
2021-08-31,8.359999656677246,8.359999656677246
2021-09-01,8.28125,8.28125
2021-09-02,8.358750343322754,8.358750343322754
2021-09-03,8.336250305175781,8.336250305175781
2021-09-06,8.34000015258789,8.34000015258789
2021-09-07,8.203749656677246,8.203749656677246
2021-09-08,8.157500267028809,8.157500267028809
2021-09-09,8.199999809265137,8.199999809265137
2021-09-10,8.148750305175781,8.148750305175781
2021-09-13,8.164999961853027,8.164999961853027
2021-09-14,8.078749656677246,8.078749656677246
2021-09-15,8.113750457763672,8.113750457763672
2021-09-16,8.087499618530273,8.087499618530273
2021-09-17,8.010000228881836,8.010000228881836
2021-09-20,7.897500038146973,7.897500038146973
2021-09-21,7.857500076293945,7.857500076293945
2021-09-22,7.9375,7.9375
2021-09-23,8.057499885559082,8.057499885559082
2021-09-24,8.063750267028809,8.063750267028809
2021-09-27,8.108750343322754,8.108750343322754
2021-09-28,7.989999771118164,7.989999771118164
2021-09-29,8.022500038146973,8.022500038146973
2021-09-30,7.946249961853027,7.946249961853027
2021-10-01,7.848750114440918,7.848750114440918
2021-10-04,7.849999904632568,7.849999904632568
2021-10-05,7.996250152587891,7.996250152587891
2021-10-06,7.866250038146973,7.866250038146973
2021-10-07,8.09749984741211,8.09749984741211
2021-10-08,8.067500114440918,8.067500114440918
2021-10-11,8.081250190734863,8.081250190734863
2021-10-12,8.012499809265137,8.012499809265137
2021-10-13,7.952499866485596,7.952499866485596
2021-10-14,8.09375,8.09375
2021-10-15,8.227499961853027,8.227499961853027
2021-10-18,8.220000267028809,8.220000267028809
2021-10-19,8.267499923706055,8.267499923706055
2021-10-20,8.3149995803833,8.3149995803833
2021-10-21,8.297499656677246,8.297499656677246
2021-10-22,8.373749732971191,8.373749732971191
2021-10-25,8.404999732971191,8.404999732971191
2021-10-26,8.386249542236328,8.386249542236328
2021-10-27,8.3100004196167,8.3100004196167
2021-10-28,8.3125,8.3125
2021-10-29,8.375,8.375
2021-11-01,8.364999771118164,8.364999771118164
2021-11-02,8.386249542236328,8.386249542236328
2021-11-03,8.318750381469727,8.318750381469727
2021-11-04,8.425000190734863,8.425000190734863
2021-11-05,8.506250381469727,8.506250381469727
2021-11-08,8.523750305175781,8.523750305175781
2021-11-09,8.511249542236328,8.511249542236328
2021-11-10,8.557499885559082,8.557499885559082
2021-11-11,8.486249923706055,8.486249923706055
2021-11-12,8.537500381469727,8.537500381469727
2021-11-15,8.56624984741211,8.56624984741211
2021-11-16,8.587499618530273,8.587499618530273
2021-11-17,8.488750457763672,8.488750457763672
2021-11-18,8.481249809265137,8.481249809265137
2021-11-19,8.462499618530273,8.462499618530273
2021-11-22,8.5337495803833,8.5337495803833
2021-11-23,8.467499732971191,8.467499732971191
2021-11-24,8.475000381469727,8.475000381469727
2021-11-25,8.481249809265137,8.481249809265137
2021-11-26,8.208749771118164,8.208749771118164
2021-11-29,8.225000381469727,8.225000381469727
2021-11-30,8.132499694824219,8.132499694824219
2021-12-01,8.188750267028809,8.188750267028809
2021-12-02,8.132499694824219,8.132499694824219
2021-12-03,8.145000457763672,8.145000457763672
2021-12-06,8.307499885559082,8.307499885559082
2021-12-07,8.438750267028809,8.438750267028809
2021-12-08,8.380000114440918,8.380000114440918
2021-12-09,8.3774995803833,8.3774995803833
2021-12-10,8.391249656677246,8.391249656677246
2021-12-13,8.31624984741211,8.31624984741211
2021-12-14,8.286250114440918,8.286250114440918
2021-12-15,8.226249694824219,8.226249694824219
2021-12-16,8.398750305175781,8.398750305175781
2021-12-17,8.3149995803833,8.3149995803833
2021-12-20,7.997499942779541,7.997499942779541
2021-12-21,8.173749923706055,8.173749923706055
2021-12-22,8.234999656677246,8.234999656677246
2021-12-23,8.332500457763672,8.332500457763672
2021-12-24,8.352499961853027,8.352499961853027
2021-12-29,8.47249984741211,8.47249984741211
2021-12-30,8.467499732971191,8.467499732971191
2021-12-31,8.428750038146973,8.428750038146973
2022-01-04,8.569999694824219,8.569999694824219
2022-01-05,8.6225004196167,8.6225004196167
2022-01-06,8.510000228881836,8.510000228881836
2022-01-07,8.567500114440918,8.567500114440918
2022-01-10,8.422499656677246,8.422499656677246
2022-01-11,8.416250228881836,8.416250228881836
2022-01-12,8.515000343322754,8.515000343322754
2022-01-13,8.581250190734863,8.581250190734863
2022-01-14,8.417499542236328,8.417499542236328
2022-01-17,8.494999885559082,8.494999885559082
2022-01-18,8.380000114440918,8.380000114440918
2022-01-19,8.356249809265137,8.356249809265137
2022-01-20,8.376250267028809,8.376250267028809
2022-01-21,8.242500305175781,8.242500305175781
2022-01-24,7.965000152587891,7.965000152587891
2022-01-25,7.985000133514404,7.985000133514404
2022-01-26,8.145000457763672,8.145000457763672
2022-01-27,8.043749809265137,8.043749809265137
2022-01-28,7.855000019073486,7.855000019073486
2022-01-31,7.966249942779541,7.966249942779541
2022-02-01,8.132499694824219,8.132499694824219
2022-02-02,8.197500228881836,8.197500228881836
2022-02-03,8.206250190734863,8.206250190734863
2022-02-04,7.989999771118164,7.989999771118164
2022-02-07,8.037500381469727,8.037500381469727
2022-02-08,8.092499732971191,8.092499732971191
2022-02-09,8.207500457763672,8.207500457763672
2022-02-10,8.197500228881836,8.197500228881836
2022-02-11,8.076250076293945,8.076250076293945
2022-02-14,7.928750038146973,7.928750038146973
2022-02-15,8.053750038146973,8.053750038146973
2022-02-16,8.047499656677246,8.047499656677246
2022-02-17,8.005000114440918,8.005000114440918
2022-02-18,7.90500020980835,7.90500020980835
2022-02-21,7.828750133514404,7.828750133514404
2022-02-22,7.856249809265137,7.856249809265137
2022-02-23,7.737500190734863,7.737500190734863
2022-02-24,7.581250190734863,7.581250190734863
2022-02-25,7.908750057220459,7.908750057220459
2022-02-28,8.012499809265137,8.012499809265137
2022-03-01,7.931250095367432,7.931250095367432
2022-03-02,8.03125,8.03125
2022-03-03,8.061249732971191,8.061249732971191
2022-03-04,7.957499980926514,7.957499980926514
2022-03-07,8.021249771118164,8.021249771118164
2022-03-08,7.846250057220459,7.846250057220459
2022-03-09,7.974999904632568,7.974999904632568
2022-03-10,7.860000133514404,7.860000133514404
2022-03-11,7.945000171661377,7.945000171661377
2022-03-14,7.880000114440918,7.880000114440918
2022-03-15,7.9375,7.9375
2022-03-16,8.063750267028809,8.063750267028809
2022-03-17,8.15250015258789,8.15250015258789
2022-03-18,8.167499542236328,8.167499542236328
2022-03-21,8.28125,8.28125
2022-03-22,8.268750190734863,8.268750190734863
2022-03-23,8.256250381469727,8.256250381469727
2022-03-24,8.242500305175781,8.242500305175781
2022-03-25,8.305000305175781,8.305000305175781
2022-03-28,8.293749809265137,8.293749809265137
2022-03-29,8.3725004196167,8.3725004196167
2022-03-30,8.40250015258789,8.40250015258789
2022-03-31,8.385000228881836,8.385000228881836
2022-04-01,8.225000381469727,8.225000381469727
2022-04-04,8.171250343322754,8.171250343322754
2022-04-05,8.136249542236328,8.136249542236328
2022-04-06,8.011249542236328,8.011249542236328
2022-04-07,7.958749771118164,7.958749771118164
2022-04-08,8.06624984741211,8.06624984741211
2022-04-11,8.005000114440918,8.005000114440918
2022-04-12,8.047499656677246,8.047499656677246
2022-04-13,8.036250114440918,8.036250114440918
2022-04-14,8.081250190734863,8.081250190734863
2022-04-19,8.1225004196167,8.1225004196167
2022-04-20,8.227499961853027,8.227499961853027
2022-04-21,8.226249694824219,8.226249694824219
2022-04-22,8.013750076293945,8.013750076293945
2022-04-25,7.767499923706055,7.767499923706055
2022-04-26,7.797500133514404,7.797500133514404
2022-04-27,7.784999847412109,7.784999847412109
2022-04-28,7.741250038146973,7.741250038146973
2022-04-29,7.81125020980835,7.81125020980835
2022-05-03,7.743750095367432,7.743750095367432
2022-05-04,7.727499961853027,7.727499961853027
2022-05-05,7.744999885559082,7.744999885559082
2022-05-06,7.677499771118164,7.677499771118164
2022-05-09,7.510000228881836,7.510000228881836
2022-05-10,7.416250228881836,7.416250228881836
2022-05-11,7.519999980926514,7.519999980926514
2022-05-12,7.378749847412109,7.378749847412109
2022-05-13,7.503749847412109,7.503749847412109
2022-05-16,7.442500114440918,7.442500114440918
2022-05-17,7.577499866485596,7.577499866485596
2022-05-18,7.456250190734863,7.456250190734863
2022-05-19,7.237500190734863,7.237500190734863
2022-05-20,7.144999980926514,7.144999980926514
2022-05-23,7.329999923706055,7.329999923706055
2022-05-24,7.191249847412109,7.191249847412109
2022-05-25,7.352499961853027,7.352499961853027
2022-05-26,7.517499923706055,7.517499923706055
2022-05-27,7.616250038146973,7.616250038146973
2022-05-30,7.690000057220459,7.690000057220459
2022-05-31,7.567500114440918,7.567500114440918
2022-06-01,7.519999980926514,7.519999980926514
2022-06-06,7.71875,7.71875
2022-06-07,7.71999979019165,7.71999979019165
2022-06-08,7.742499828338623,7.742499828338623
2022-06-09,7.616250038146973,7.616250038146973
2022-06-10,7.300000190734863,7.300000190734863
2022-06-13,7.074999809265137,7.074999809265137
2022-06-14,7.051249980926514,7.051249980926514
2022-06-15,7.103750228881836,7.103750228881836
2022-06-16,6.93625020980835,6.93625020980835
2022-06-17,6.883749961853027,6.883749961853027
2022-06-20,6.941249847412109,6.941249847412109
2022-06-21,6.983749866485596,6.983749866485596
2022-06-22,6.980000019073486,6.980000019073486
2022-06-23,6.908750057220459,6.908750057220459
2022-06-24,7.131249904632568,7.131249904632568
2022-06-27,7.190000057220459,7.190000057220459
2022-06-28,7.151249885559082,7.151249885559082
2022-06-29,6.982500076293945,6.982500076293945
2022-06-30,7.011250019073486,7.011250019073486
2022-07-01,7.03125,7.03125
2022-07-04,7.076250076293945,7.076250076293945
2022-07-05,6.896249771118164,6.896249771118164
2022-07-06,6.96875,6.96875
2022-07-07,7.086249828338623,7.086249828338623
2022-07-08,7.107500076293945,7.107500076293945
2022-07-11,7.052499771118164,7.052499771118164
2022-07-12,7.101250171661377,7.101250171661377
2022-07-13,6.941249847412109,6.941249847412109
2022-07-14,6.838749885559082,6.838749885559082
2022-07-15,7.00124979019165,7.00124979019165
2022-07-18,7.045000076293945,7.045000076293945
2022-07-19,7.139999866485596,7.139999866485596
2022-07-20,7.246250152587891,7.246250152587891
2022-07-21,7.266250133514404,7.266250133514404
2022-07-22,7.328750133514404,7.328750133514404
2022-07-25,7.335000038146973,7.335000038146973
2022-07-26,7.31125020980835,7.31125020980835
2022-07-27,7.333749771118164,7.333749771118164
2022-07-28,7.508749961853027,7.508749961853027
2022-07-29,7.643750190734863,7.643750190734863
2022-08-01,7.728750228881836,7.728750228881836
2022-08-02,7.684999942779541,7.684999942779541
2022-08-03,7.671249866485596,7.671249866485596
2022-08-04,7.742499828338623,7.742499828338623
2022-08-05,7.681250095367432,7.681250095367432
2022-08-08,7.776249885559082,7.776249885559082
2022-08-09,7.747499942779541,7.747499942779541
2022-08-10,7.901249885559082,7.901249885559082
2022-08-11,7.973750114440918,7.973750114440918
2022-08-12,7.978750228881836,7.978750228881836
2022-08-15,8.0287504196167,8.0287504196167
2022-08-16,8.09375,8.09375
2022-08-17,8.0337495803833,8.0337495803833
2022-08-18,8.050000190734863,8.050000190734863
2022-08-19,7.958749771118164,7.958749771118164
2022-08-22,7.871250152587891,7.871250152587891
2022-08-23,7.837500095367432,7.837500095367432
2022-08-24,7.869999885559082,7.869999885559082
2022-08-25,7.912499904632568,7.912499904632568
2022-08-26,7.828750133514404,7.828750133514404
2022-08-30,7.567500114440918,7.567500114440918
2022-08-31,7.525000095367432,7.525000095367432
2022-09-01,7.43625020980835,7.43625020980835
2022-09-02,7.576250076293945,7.576250076293945
2022-09-05,7.4375,7.4375
2022-09-06,7.432499885559082,7.432499885559082
2022-09-07,7.482500076293945,7.482500076293945
2022-09-08,7.565000057220459,7.565000057220459
2022-09-09,7.659999847412109,7.659999847412109
2022-09-12,7.733749866485596,7.733749866485596
2022-09-13,7.537499904632568,7.537499904632568
2022-09-14,7.402500152587891,7.402500152587891
2022-09-15,7.414999961853027,7.414999961853027
2022-09-16,7.168749809265137,7.168749809265137
2022-09-20,7.181250095367432,7.181250095367432
2022-09-21,7.271249771118164,7.271249771118164
2022-09-22,7.021249771118164,7.021249771118164
2022-09-23,6.868750095367432,6.868750095367432
2022-09-26,6.81374979019165,6.81374979019165
2022-09-27,6.796249866485596,6.796249866485596
2022-09-28,6.852499961853027,6.852499961853027
2022-09-29,6.792500019073486,6.792500019073486
2022-09-30,6.826250076293945,6.826250076293945
2022-10-03,6.897500038146973,6.897500038146973
2022-10-04,7.118750095367432,7.118750095367432
2022-10-05,7.072500228881836,7.072500228881836
2022-10-06,7.090000152587891,7.090000152587891
2022-10-07,6.90625,6.90625
2022-10-10,6.923749923706055,6.923749923706055
2022-10-11,6.940000057220459,6.940000057220459
2022-10-12,6.921249866485596,6.921249866485596
2022-10-13,6.920000076293945,6.920000076293945
2022-10-14,6.928750038146973,6.928750038146973
2022-10-17,7.011250019073486,7.011250019073486
2022-10-18,7.096250057220459,7.096250057220459
2022-10-19,7.147500038146973,7.147500038146973
2022-10-20,7.083749771118164,7.083749771118164
2022-10-21,7.048749923706055,7.048749923706055
2022-10-24,7.253749847412109,7.253749847412109
2022-10-25,7.326250076293945,7.326250076293945
2022-10-26,7.489999771118164,7.489999771118164
2022-10-27,7.537499904632568,7.537499904632568
2022-10-28,7.590000152587891,7.590000152587891
2022-10-31,7.65625,7.65625
2022-11-01,7.622499942779541,7.622499942779541
2022-11-02,7.622499942779541,7.622499942779541
2022-11-03,7.614999771118164,7.614999771118164
2022-11-04,7.621250152587891,7.621250152587891
2022-11-07,7.721250057220459,7.721250057220459
2022-11-08,7.856249809265137,7.856249809265137
2022-11-09,7.815000057220459,7.815000057220459
2022-11-10,8.015000343322754,8.015000343322754
2022-11-11,8.046250343322754,8.046250343322754
2022-11-14,8.052499771118164,8.052499771118164
2022-11-15,8.061249732971191,8.061249732971191
2022-11-16,8.0287504196167,8.0287504196167
2022-11-17,7.878749847412109,7.878749847412109
2022-11-18,8.042499542236328,8.042499542236328
2022-11-21,8.041250228881836,8.041250228881836
2022-11-22,8.109999656677246,8.109999656677246
2022-11-23,8.18375015258789,8.18375015258789
2022-11-24,8.178750038146973,8.178750038146973
2022-11-25,8.202500343322754,8.202500343322754
2022-11-28,8.112500190734863,8.112500190734863
2022-11-29,8.046250343322754,8.046250343322754
2022-11-30,8.063750267028809,8.063750267028809
2022-12-01,8.206250190734863,8.206250190734863
2022-12-02,8.25,8.25
2022-12-05,8.18375015258789,8.18375015258789
2022-12-06,8.057499885559082,8.057499885559082
2022-12-07,8.038749694824219,8.038749694824219
2022-12-08,8.0912504196167,8.0912504196167
2022-12-09,8.077500343322754,8.077500343322754
2022-12-12,8.074999809265137,8.074999809265137
2022-12-13,8.206250190734863,8.206250190734863
2022-12-14,8.261249542236328,8.261249542236328
2022-12-15,7.958749771118164,7.958749771118164
2022-12-16,7.894999980926514,7.894999980926514
2022-12-19,7.954999923706055,7.954999923706055
2022-12-20,7.894999980926514,7.894999980926514
2022-12-21,8.024999618530273,8.024999618530273
2022-12-22,7.934999942779541,7.934999942779541
2022-12-23,7.96750020980835,7.96750020980835
2022-12-28,7.977499961853027,7.977499961853027
2022-12-29,7.991250038146973,7.991250038146973
2022-12-30,7.983749866485596,7.983749866485596
2023-01-03,7.976250171661377,7.976250171661377
2023-01-04,8.036250114440918,8.036250114440918
2023-01-05,7.981249809265137,7.981249809265137
2023-01-06,8.181249618530273,8.181249618530273
2023-01-09,8.2787504196167,8.2787504196167
2023-01-10,8.163749694824219,8.163749694824219
2023-01-11,8.226249694824219,8.226249694824219
2023-01-12,8.30875015258789,8.30875015258789
2023-01-13,8.287500381469727,8.287500381469727
2023-01-16,8.331250190734863,8.331250190734863
2023-01-17,8.2837495803833,8.2837495803833
2023-01-18,8.19124984741211,8.19124984741211
2023-01-19,7.96750020980835,7.96750020980835
2023-01-20,7.989999771118164,7.989999771118164
2023-01-23,8.132499694824219,8.132499694824219
2023-01-24,8.172499656677246,8.172499656677246
2023-01-25,8.079999923706055,8.079999923706055
2023-01-26,8.132499694824219,8.132499694824219
2023-01-27,8.2162504196167,8.2162504196167
2023-01-30,8.196249961853027,8.196249961853027
2023-01-31,8.194999694824219,8.194999694824219
2023-02-01,8.255000114440918,8.255000114440918
2023-02-02,8.392499923706055,8.392499923706055
2023-02-03,8.411250114440918,8.411250114440918
2023-02-06,8.350000381469727,8.350000381469727
2023-02-07,8.27750015258789,8.27750015258789
2023-02-08,8.313750267028809,8.313750267028809
2023-02-09,8.318750381469727,8.318750381469727
2023-02-10,8.282500267028809,8.282500267028809
2023-02-13,8.366250038146973,8.366250038146973
2023-02-14,8.279999732971191,8.279999732971191
2023-02-15,8.373749732971191,8.373749732971191
2023-02-16,8.3462495803833,8.3462495803833
2023-02-17,8.3100004196167,8.3100004196167
2023-02-20,8.342499732971191,8.342499732971191
2023-02-21,8.208749771118164,8.208749771118164
2023-02-22,8.193750381469727,8.193750381469727
2023-02-23,8.164999961853027,8.164999961853027
2023-02-24,8.107500076293945,8.107500076293945
2023-02-27,8.228750228881836,8.228750228881836
2023-02-28,8.236249923706055,8.236249923706055
2023-03-01,8.234999656677246,8.234999656677246
2023-03-02,8.243749618530273,8.243749618530273
2023-03-03,8.364999771118164,8.364999771118164
2023-03-06,8.426250457763672,8.426250457763672
2023-03-07,8.3462495803833,8.3462495803833
2023-03-08,8.301250457763672,8.301250457763672
2023-03-09,8.359999656677246,8.359999656677246
2023-03-10,8.211250305175781,8.211250305175781
2023-03-13,8.021249771118164,8.021249771118164
2023-03-14,8.140000343322754,8.140000343322754
2023-03-15,7.795000076293945,7.795000076293945
2023-03-16,7.960000038146973,7.960000038146973
2023-03-17,7.833749771118164,7.833749771118164
2023-03-20,7.916250228881836,7.916250228881836
2023-03-21,8.038749694824219,8.038749694824219
2023-03-22,8.016249656677246,8.016249656677246
2023-03-23,7.957499980926514,7.957499980926514
2023-03-24,7.836249828338623,7.836249828338623
2023-03-27,7.942500114440918,7.942500114440918
2023-03-28,8.013750076293945,8.013750076293945
2023-03-29,8.078749656677246,8.078749656677246
2023-03-30,8.157500267028809,8.157500267028809
2023-03-31,8.21875,8.21875
2023-04-03,8.220000267028809,8.220000267028809
2023-04-04,8.108750343322754,8.108750343322754
2023-04-05,8.012499809265137,8.012499809265137
2023-04-06,7.963749885559082,7.963749885559082
2023-04-11,8.100000381469727,8.100000381469727
2023-04-12,8.1274995803833,8.1274995803833
2023-04-13,8.078749656677246,8.078749656677246
2023-04-14,8.116250038146973,8.116250038146973
2023-04-17,8.173749923706055,8.173749923706055
2023-04-18,8.232500076293945,8.232500076293945
2023-04-19,8.208749771118164,8.208749771118164
2023-04-20,8.232500076293945,8.232500076293945
2023-04-21,8.18375015258789,8.18375015258789
2023-04-24,8.2212495803833,8.2212495803833
2023-04-25,8.137499809265137,8.137499809265137
2023-04-26,8.0024995803833,8.0024995803833
2023-04-27,7.966249942779541,7.966249942779541
2023-04-28,8.138750076293945,8.138750076293945
2023-05-02,8.043749809265137,8.043749809265137
2023-05-03,8.133749961853027,8.133749961853027
2023-05-04,7.99875020980835,7.99875020980835
2023-05-05,8.079999923706055,8.079999923706055
2023-05-09,8.102499961853027,8.102499961853027
2023-05-10,8.071249961853027,8.071249961853027
2023-05-11,8.013750076293945,8.013750076293945
2023-05-12,8.022500038146973,8.022500038146973
2023-05-15,8.0625,8.0625
2023-05-16,7.986249923706055,7.986249923706055
2023-05-17,8.038749694824219,8.038749694824219
2023-05-18,8.114999771118164,8.114999771118164
2023-05-19,8.119999885559082,8.119999885559082
2023-05-22,8.1274995803833,8.1274995803833
2023-05-23,8.109999656677246,8.109999656677246
2023-05-24,7.965000152587891,7.965000152587891
2023-05-25,7.903749942779541,7.903749942779541
2023-05-26,7.992499828338623,7.992499828338623
2023-05-30,7.980000019073486,7.980000019073486
2023-05-31,7.871250152587891,7.871250152587891
2023-06-01,7.96750020980835,7.96750020980835
2023-06-02,8.186249732971191,8.186249732971191
2023-06-05,8.192500114440918,8.192500114440918
2023-06-06,8.2162504196167,8.2162504196167
2023-06-07,8.307499885559082,8.307499885559082
2023-06-08,8.350000381469727,8.350000381469727
2023-06-09,8.319999694824219,8.319999694824219
2023-06-12,8.357500076293945,8.357500076293945
2023-06-13,8.486249923706055,8.486249923706055
2023-06-14,8.539999961853027,8.539999961853027
2023-06-15,8.563750267028809,8.563750267028809
2023-06-16,8.612500190734863,8.612500190734863
2023-06-19,8.588749885559082,8.588749885559082
2023-06-20,8.511249542236328,8.511249542236328
2023-06-21,8.576250076293945,8.576250076293945
2023-06-22,8.515000343322754,8.515000343322754
2023-06-23,8.458749771118164,8.458749771118164
2023-06-26,8.47249984741211,8.47249984741211
2023-06-27,8.587499618530273,8.587499618530273
2023-06-28,8.607500076293945,8.607500076293945
2023-06-29,8.666250228881836,8.666250228881836
2023-06-30,8.751250267028809,8.751250267028809
2023-07-03,8.774999618530273,8.774999618530273
2023-07-04,8.7787504196167,8.7787504196167
2023-07-05,8.744999885559082,8.744999885559082
2023-07-06,8.626250267028809,8.626250267028809
2023-07-07,8.706250190734863,8.706250190734863
2023-07-10,8.779999732971191,8.779999732971191
2023-07-11,8.867500305175781,8.867500305175781
2023-07-12,8.938750267028809,8.938750267028809
2023-07-13,8.896249771118164,8.896249771118164
2023-07-14,8.864999771118164,8.864999771118164
2023-07-17,8.921250343322754,8.921250343322754
2023-07-18,8.988750457763672,8.988750457763672
2023-07-19,8.931249618530273,8.931249618530273
2023-07-20,9.010000228881836,9.010000228881836
2023-07-21,8.987500190734863,8.987500190734863
2023-07-24,8.984999656677246,8.984999656677246
2023-07-25,8.952500343322754,8.952500343322754
2023-07-26,8.994999885559082,8.994999885559082
2023-07-27,8.982500076293945,8.982500076293945
2023-07-28,9.024999618530273,9.024999618530273
2023-07-31,9.042499542236328,9.042499542236328
2023-08-01,9.037500381469727,9.037500381469727
2023-08-02,9.026249885559082,9.026249885559082
2023-08-03,8.921250343322754,8.921250343322754
2023-08-04,8.931249618530273,8.931249618530273
2023-08-07,8.942500114440918,8.942500114440918
2023-08-08,8.887499809265137,8.887499809265137
2023-08-09,8.936249732971191,8.936249732971191
2023-08-10,8.94124984741211,8.94124984741211
2023-08-11,8.890000343322754,8.890000343322754
2023-08-14,8.888750076293945,8.888750076293945
2023-08-15,8.822500228881836,8.822500228881836
2023-08-16,8.819999694824219,8.819999694824219
2023-08-17,8.731249809265137,8.731249809265137
2023-08-18,8.701250076293945,8.701250076293945
2023-08-21,8.641249656677246,8.641249656677246
2023-08-22,8.670000076293945,8.670000076293945
2023-08-23,8.7162504196167,8.7162504196167
2023-08-24,8.711250305175781,8.711250305175781
2023-08-25,8.671250343322754,8.671250343322754
2023-08-29,8.818750381469727,8.818750381469727
2023-08-30,8.890000343322754,8.890000343322754
2023-08-31,8.90250015258789,8.90250015258789
2023-09-01,8.883749961853027,8.883749961853027
2023-09-04,8.868749618530273,8.868749618530273
2023-09-05,8.797499656677246,8.797499656677246
2023-09-06,8.717499732971191,8.717499732971191
2023-09-07,8.672499656677246,8.672499656677246
2023-09-08,8.680000305175781,8.680000305175781
2023-09-11,8.59375,8.59375
2023-09-12,8.638750076293945,8.638750076293945
2023-09-13,8.607500076293945,8.607500076293945
2023-09-14,8.5962495803833,8.5962495803833
2023-09-15,8.588749885559082,8.588749885559082
2023-09-18,8.635000228881836,8.635000228881836
2023-09-19,8.546250343322754,8.546250343322754
2023-09-20,8.62125015258789,8.62125015258789
2023-09-21,8.421250343322754,8.421250343322754
2023-09-22,8.399999618530273,8.399999618530273
2023-09-25,8.383749961853027,8.383749961853027
2023-09-26,8.301250457763672,8.301250457763672
2023-09-27,8.34749984741211,8.34749984741211
2023-09-28,8.398750305175781,8.398750305175781
2023-09-29,8.373749732971191,8.373749732971191
2023-10-02,8.302499771118164,8.302499771118164
2023-10-03,8.192500114440918,8.192500114440918
2023-10-04,8.167499542236328,8.167499542236328
2023-10-05,8.142499923706055,8.142499923706055
2023-10-06,8.2162504196167,8.2162504196167
2023-10-09,8.335000038146973,8.335000038146973
2023-10-10,8.491250038146973,8.491250038146973
2023-10-11,8.462499618530273,8.462499618530273
2023-10-12,8.461250305175781,8.461250305175781
2023-10-13,8.3725004196167,8.3725004196167
2023-10-16,8.46500015258789,8.46500015258789
2023-10-17,8.483750343322754,8.483750343322754
2023-10-18,8.331250190734863,8.331250190734863
2023-10-19,8.234999656677246,8.234999656677246
2023-10-20,8.102499961853027,8.102499961853027
2023-10-23,8.137499809265137,8.137499809265137
2023-10-24,8.12125015258789,8.12125015258789
2023-10-25,8.107500076293945,8.107500076293945
2023-10-26,8.05875015258789,8.05875015258789
2023-10-27,7.986249923706055,7.986249923706055
2023-10-30,7.96750020980835,7.96750020980835
2023-10-31,8.052499771118164,8.052499771118164
2023-11-01,8.043749809265137,8.043749809265137
2023-11-02,8.21875,8.21875
2023-11-03,8.352499961853027,8.352499961853027
2023-11-06,8.289999961853027,8.289999961853027
2023-11-07,8.291250228881836,8.291250228881836
2023-11-08,8.3149995803833,8.3149995803833
2023-11-09,8.37125015258789,8.37125015258789
2023-11-10,8.350000381469727,8.350000381469727
2023-11-13,8.416250228881836,8.416250228881836
2023-11-14,8.607500076293945,8.607500076293945
2023-11-15,8.645000457763672,8.645000457763672
2023-11-16,8.5912504196167,8.5912504196167
2023-11-17,8.642499923706055,8.642499923706055
2023-11-20,8.672499656677246,8.672499656677246
2023-11-21,8.677499771118164,8.677499771118164
2023-11-22,8.699999809265137,8.699999809265137
2023-11-23,8.704999923706055,8.704999923706055
2023-11-24,8.727499961853027,8.727499961853027
2023-11-27,8.6899995803833,8.6899995803833
2023-11-28,8.71500015258789,8.71500015258789
2023-11-29,8.686249732971191,8.686249732971191
2023-11-30,8.7475004196167,8.7475004196167
2023-12-01,8.875,8.875
2023-12-04,8.890000343322754,8.890000343322754
2023-12-05,8.867500305175781,8.867500305175781
2023-12-06,8.90999984741211,8.90999984741211
2023-12-07,8.895000457763672,8.895000457763672
2023-12-08,8.936249732971191,8.936249732971191
2023-12-11,8.96500015258789,8.96500015258789
2023-12-12,9.047499656677246,9.047499656677246
2023-12-13,9.048749923706055,9.048749923706055
2023-12-14,9.242500305175781,9.242500305175781
2023-12-15,9.279999732971191,9.279999732971191
2023-12-18,9.272500038146973,9.272500038146973
2023-12-19,9.335000038146973,9.335000038146973
2023-12-20,9.332500457763672,9.332500457763672
2023-12-21,9.267499923706055,9.267499923706055
2023-12-22,9.295000076293945,9.295000076293945
2023-12-27,9.40250015258789,9.40250015258789
2023-12-28,9.395000457763672,9.395000457763672
2023-12-29,9.414999961853027,9.414999961853027
2024-01-02,9.335000038146973,9.335000038146973
2024-01-03,9.212499618530273,9.212499618530273
2024-01-04,9.242500305175781,9.242500305175781
2024-01-05,9.182499885559082,9.182499885559082
2024-01-08,9.175000190734863,9.175000190734863
2024-01-09,9.202500343322754,9.202500343322754
2024-01-10,9.232500076293945,9.232500076293945
2024-01-11,9.180000305175781,9.180000305175781
2024-01-12,9.232500076293945,9.232500076293945
2024-01-15,9.21500015258789,9.21500015258789
2024-01-16,9.170000076293945,9.170000076293945
2024-01-17,9.109999656677246,9.109999656677246
2024-01-18,9.157500267028809,9.157500267028809
2024-01-19,9.206250190734863,9.206250190734863
2024-01-22,9.350000381469727,9.350000381469727
2024-01-23,9.305000305175781,9.305000305175781
2024-01-24,9.34749984741211,9.34749984741211
2024-01-25,9.327500343322754,9.327500343322754
2024-01-26,9.358750343322754,9.358750343322754
2024-01-29,9.332500457763672,9.332500457763672
2024-01-30,9.385000228881836,9.385000228881836
2024-01-31,9.380000114440918,9.380000114440918
2024-02-01,9.335000038146973,9.335000038146973
2024-02-02,9.487500190734863,9.487500190734863
2024-02-05,9.446249961853027,9.446249961853027
2024-02-06,9.547499656677246,9.547499656677246
2024-02-07,9.625,9.625
2024-02-08,9.600000381469727,9.600000381469727
2024-02-09,9.59749984741211,9.59749984741211
2024-02-12,9.645000457763672,9.645000457763672
2024-02-13,9.552499771118164,9.552499771118164
2024-02-14,9.642499923706055,9.642499923706055
2024-02-15,9.726249694824219,9.726249694824219
2024-02-16,9.782500267028809,9.782500267028809
2024-02-19,9.717499732971191,9.717499732971191
2024-02-20,9.710000038146973,9.710000038146973
2024-02-21,9.727499961853027,9.727499961853027
2024-02-22,9.829999923706055,9.829999923706055
2024-02-23,9.887499809265137,9.887499809265137
2024-02-26,9.904999732971191,9.904999732971191
2024-02-27,9.880000114440918,9.880000114440918
2024-02-28,9.946249961853027,9.946249961853027
2024-02-29,9.944999694824219,9.944999694824219
2024-03-01,9.967499732971191,9.967499732971191
2024-03-04,10.039999961853027,10.039999961853027
2024-03-05,10.010000228881836,10.010000228881836
2024-03-06,10.0649995803833,10.0649995803833
2024-03-07,10.074999809265137,10.074999809265137
2024-03-08,10.132499694824219,10.132499694824219
2024-03-11,9.994999885559082,9.994999885559082
2024-03-12,10.03499984741211,10.03499984741211
2024-03-13,10.109999656677246,10.109999656677246
2024-03-14,10.0649995803833,10.0649995803833
2024-03-15,10.055000305175781,10.055000305175781
2024-03-18,10.095000267028809,10.095000267028809
2024-03-19,10.119999885559082,10.119999885559082
2024-03-20,10.194999694824219,10.194999694824219
2024-03-21,10.395000457763672,10.395000457763672
2024-03-22,10.350000381469727,10.350000381469727
2024-03-25,10.300000190734863,10.300000190734863
2024-03-26,10.274999618530273,10.274999618530273
2024-03-27,10.335000038146973,10.335000038146973
2024-03-28,10.404999732971191,10.404999732971191
2024-04-02,10.319999694824219,10.319999694824219
2024-04-03,10.364999771118164,10.364999771118164
2024-04-04,10.420000076293945,10.420000076293945
2024-04-05,10.354999542236328,10.354999542236328
2024-04-08,10.390000343322754,10.390000343322754
2024-04-09,10.28499984741211,10.28499984741211
2024-04-10,10.257499694824219,10.257499694824219
2024-04-11,10.225000381469727,10.225000381469727
2024-04-12,10.197500228881836,10.197500228881836
2024-04-15,10.1850004196167,10.1850004196167
2024-04-16,10.050000190734863,10.050000190734863
2024-04-17,9.994999885559082,9.994999885559082
2024-04-18,10.079999923706055,10.079999923706055
2024-04-19,9.992500305175781,9.992500305175781
2024-04-22,9.982500076293945,9.982500076293945
2024-04-23,10.164999961853027,10.164999961853027
2024-04-24,10.0649995803833,10.0649995803833
2024-04-25,10.045000076293945,10.045000076293945
2024-04-26,10.117500305175781,10.117500305175781
2024-04-29,10.194999694824219,10.194999694824219
2024-04-30,10.117500305175781,10.117500305175781
2024-05-01,10.024999618530273,10.024999618530273
2024-05-02,10.020000457763672,10.020000457763672
2024-05-03,10.1225004196167,10.1225004196167
2024-05-07,10.295000076293945,10.295000076293945
2024-05-08,10.265000343322754,10.265000343322754
2024-05-09,10.354999542236328,10.354999542236328
2024-05-10,10.375,10.375
2024-05-13,10.369999885559082,10.369999885559082
2024-05-14,10.329999923706055,10.329999923706055
2024-05-15,10.399999618530273,10.399999618530273
2024-05-16,10.390000343322754,10.390000343322754
2024-05-17,10.3149995803833,10.3149995803833
2024-05-20,10.414999961853027,10.414999961853027
2024-05-21,10.335000038146973,10.335000038146973
2024-05-22,10.345000267028809,10.345000267028809
2024-05-23,10.28499984741211,10.28499984741211
2024-05-24,10.295000076293945,10.295000076293945
2024-05-28,10.21500015258789,10.21500015258789
2024-05-29,10.045000076293945,10.045000076293945
2024-05-30,10.074999809265137,10.074999809265137
2024-05-31,10.039999961853027,10.039999961853027
2024-06-03,10.0600004196167,10.0600004196167
2024-06-04,10.015000343322754,10.015000343322754
2024-06-05,10.100000381469727,10.100000381469727
2024-06-06,10.114999771118164,10.114999771118164
2024-06-07,10.130000114440918,10.130000114440918
2024-06-10,10.119999885559082,10.119999885559082
2024-06-11,10.072500228881836,10.072500228881836
2024-06-12,10.175000190734863,10.175000190734863
2024-06-13,10.055000305175781,10.055000305175781
2024-06-14,9.942500114440918,9.942500114440918
2024-06-17,10.074999809265137,10.074999809265137
2024-06-18,10.130000114440918,10.130000114440918
2024-06-19,10.149999618530273,10.149999618530273
2024-06-20,10.182499885559082,10.182499885559082
2024-06-21,10.145000457763672,10.145000457763672
2024-06-24,10.279999732971191,10.279999732971191
2024-06-25,10.085000038146973,10.085000038146973
2024-06-26,10.0649995803833,10.0649995803833
2024-06-27,10.095000267028809,10.095000267028809
2024-06-28,10.145000457763672,10.145000457763672
2024-07-01,9.981249809265137,9.981249809265137
2024-07-02,10.0,10.0
2024-07-03,10.077500343322754,10.077500343322754
2024-07-04,10.09000015258789,10.09000015258789
2024-07-05,9.9975004196167,9.9975004196167
2024-07-08,10.069999694824219,10.069999694824219
2024-07-09,10.03499984741211,10.03499984741211
2024-07-10,10.037500381469727,10.037500381469727
2024-07-11,10.25,10.25
2024-07-12,10.324999809265137,10.324999809265137
2024-07-15,10.375,10.375
2024-07-16,10.5649995803833,10.5649995803833
2024-07-17,10.529999732971191,10.529999732971191
2024-07-18,10.515000343322754,10.515000343322754
2024-07-19,10.345000267028809,10.345000267028809
2024-07-22,10.380000114440918,10.380000114440918
2024-07-23,10.475000381469727,10.475000381469727
2024-07-24,10.3149995803833,10.3149995803833
2024-07-25,10.335000038146973,10.335000038146973
2024-07-26,10.454999923706055,10.454999923706055
2024-07-29,10.430000305175781,10.430000305175781
2024-07-30,10.479999542236328,10.479999542236328
2024-07-31,10.625,10.625
2024-08-01,10.385000228881836,10.385000228881836
2024-08-02,10.087499618530273,10.087499618530273
2024-08-05,10.015000343322754,10.015000343322754
2024-08-06,10.140000343322754,10.140000343322754
2024-08-07,10.279999732971191,10.279999732971191
2024-08-08,10.265000343322754,10.265000343322754
2024-08-09,10.265000343322754,10.265000343322754
2024-08-12,10.244999885559082,10.244999885559082
2024-08-13,10.25,10.25
2024-08-14,10.375,10.375
2024-08-15,10.53499984741211,10.53499984741211
2024-08-16,10.5,10.5
2024-08-19,10.5600004196167,10.5600004196167
2024-08-20,10.52750015258789,10.52750015258789
2024-08-21,10.604999542236328,10.604999542236328
2024-08-22,10.614999771118164,10.614999771118164
2024-08-23,10.729999542236328,10.729999542236328
2024-08-27,10.680000305175781,10.680000305175781
2024-08-28,10.720000267028809,10.720000267028809
2024-08-29,10.824999809265137,10.824999809265137
2024-08-30,10.779999732971191,10.779999732971191
2024-09-02,10.885000228881836,10.885000228881836
2024-09-03,10.725000381469727,10.725000381469727
2024-09-04,10.65999984741211,10.65999984741211
2024-09-05,10.4975004196167,10.4975004196167
2024-09-06,10.4399995803833,10.4399995803833
2024-09-09,10.569999694824219,10.569999694824219
2024-09-10,10.587499618530273,10.587499618530273
2024-09-11,10.4350004196167,10.4350004196167
2024-09-12,10.649999618530273,10.649999618530273
2024-09-13,10.802499771118164,10.802499771118164
2024-09-16,10.819999694824219,10.819999694824219
2024-09-17,10.960000038146973,10.960000038146973
2024-09-18,10.932499885559082,10.932499885559082
2024-09-19,11.0600004196167,11.0600004196167
2024-09-20,11.0024995803833,11.0024995803833
2024-09-23,11.082500457763672,11.082500457763672
2024-09-24,11.15999984741211,11.15999984741211
2024-09-25,11.162500381469727,11.162500381469727
2024-09-26,11.204999923706055,11.204999923706055
2024-09-27,11.272500038146973,11.272500038146973
2024-09-30,11.194999694824219,11.194999694824219
2024-10-01,11.234999656677246,11.234999656677246
2024-10-02,11.265000343322754,11.265000343322754
2024-10-03,11.175000190734863,11.175000190734863
2024-10-04,11.175000190734863,11.175000190734863
2024-10-07,11.270000457763672,11.270000457763672
2024-10-08,11.234999656677246,11.234999656677246
2024-10-09,11.345000267028809,11.345000267028809
2024-10-10,11.3149995803833,11.3149995803833
2024-10-11,11.477499961853027,11.477499961853027
2024-10-14,11.53499984741211,11.53499984741211
2024-10-15,11.53499984741211,11.53499984741211
2024-10-16,11.545000076293945,11.545000076293945
2024-10-17,11.539999961853027,11.539999961853027
2024-10-18,11.5600004196167,11.5600004196167
2024-10-21,11.479999542236328,11.479999542236328
2024-10-22,11.395000457763672,11.395000457763672
2024-10-23,11.350000381469727,11.350000381469727
2024-10-24,11.300000190734863,11.300000190734863
2024-10-25,11.287500381469727,11.287500381469727
2024-10-28,11.295000076293945,11.295000076293945
2024-10-29,11.274999618530273,11.274999618530273
2024-10-30,11.28499984741211,11.28499984741211
2024-10-31,11.130000114440918,11.130000114440918
2024-11-01,11.175000190734863,11.175000190734863
2024-11-04,11.130000114440918,11.130000114440918
2024-11-05,11.270000457763672,11.270000457763672
2024-11-06,11.680000305175781,11.680000305175781
2024-11-07,11.710000038146973,11.710000038146973
2024-11-08,11.795000076293945,11.795000076293945
2024-11-11,11.914999961853027,11.914999961853027
2024-11-12,11.795000076293945,11.795000076293945
2024-11-13,11.850000381469727,11.850000381469727
2024-11-14,11.710000038146973,11.710000038146973
2024-11-15,11.5600004196167,11.5600004196167
2024-11-18,11.569999694824219,11.569999694824219
2024-11-19,11.539999961853027,11.539999961853027
2024-11-20,11.470000267028809,11.470000267028809
2024-11-21,11.71500015258789,11.71500015258789
2024-11-22,11.782500267028809,11.782500267028809
2024-11-25,11.895000457763672,11.895000457763672
2024-11-26,11.925000190734863,11.925000190734863
2024-11-27,11.914999961853027,11.914999961853027
2024-11-28,11.920000076293945,11.920000076293945
2024-11-29,11.96500015258789,11.96500015258789
2024-12-02,11.885000228881836,11.885000228881836
2024-12-03,11.765000343322754,11.765000343322754
2024-12-04,11.824999809265137,11.824999809265137
2024-12-05,11.739999771118164,11.739999771118164
2024-12-06,11.675000190734863,11.675000190734863
2024-12-09,11.59000015258789,11.59000015258789
2024-12-10,11.574999809265137,11.574999809265137
2024-12-11,11.5649995803833,11.5649995803833
2024-12-12,11.479999542236328,11.479999542236328
2024-12-13,11.452500343322754,11.452500343322754
2024-12-16,11.4399995803833,11.4399995803833
2024-12-17,11.345000267028809,11.345000267028809
2024-12-18,11.319999694824219,11.319999694824219
2024-12-19,11.029999732971191,11.029999732971191
2024-12-20,11.145000457763672,11.145000457763672
2024-12-23,11.039999961853027,11.039999961853027
2024-12-24,11.100000381469727,11.100000381469727
2024-12-27,11.119999885559082,11.119999885559082
2024-12-30,10.9975004196167,10.9975004196167
2024-12-31,11.055000305175781,11.055000305175781
2025-01-02,11.020000457763672,11.020000457763672
2025-01-03,11.045000076293945,11.045000076293945
2025-01-06,11.125,11.125
2025-01-07,11.074999809265137,11.074999809265137
2025-01-08,11.037500381469727,11.037500381469727
2025-01-09,11.0649995803833,11.0649995803833
2025-01-10,10.949999809265137,10.949999809265137
2025-01-13,11.020000457763672,11.020000457763672
2025-01-14,11.154999732971191,11.154999732971191
2025-01-15,11.28499984741211,11.28499984741211
2025-01-16,11.414999961853027,11.414999961853027
2025-01-17,11.529999732971191,11.529999732971191
2025-01-20,11.537500381469727,11.537500381469727
2025-01-21,11.697500228881836,11.697500228881836
2025-01-22,11.725000381469727,11.725000381469727
2025-01-23,11.800000190734863,11.800000190734863
2025-01-24,11.805000305175781,11.805000305175781
2025-01-27,11.567500114440918,11.567500114440918
2025-01-28,11.52750015258789,11.52750015258789
2025-01-29,11.557499885559082,11.557499885559082
2025-01-30,11.574999809265137,11.574999809265137
2025-01-31,11.632499694824219,11.632499694824219
2025-02-03,11.492500305175781,11.492500305175781
2025-02-04,11.454999923706055,11.454999923706055
2025-02-05,11.40999984741211,11.40999984741211
2025-02-06,11.470000267028809,11.470000267028809
2025-02-07,11.5,11.5
2025-02-10,11.5,11.5
2025-02-11,11.53499984741211,11.53499984741211
2025-02-12,11.447500228881836,11.447500228881836
2025-02-13,11.479999542236328,11.479999542236328
2025-02-14,11.479999542236328,11.479999542236328
2025-02-17,11.494999885559082,11.494999885559082
2025-02-18,11.555000305175781,11.555000305175781
2025-02-19,11.550000190734863,11.550000190734863
2025-02-20,11.4399995803833,11.4399995803833
2025-02-21,11.354999542236328,11.354999542236328
2025-02-24,11.265000343322754,11.265000343322754
2025-02-25,11.1899995803833,11.1899995803833
2025-02-26,11.350000381469727,11.350000381469727
2025-02-27,11.350000381469727,11.350000381469727
2025-02-28,11.270000457763672,11.270000457763672
2025-03-03,11.354999542236328,11.354999542236328
2025-03-04,10.914999961853027,10.914999961853027
2025-03-05,11.024999618530273,11.024999618530273
2025-03-06,11.114999771118164,11.114999771118164
2025-03-07,11.010000228881836,11.010000228881836
2025-03-10,11.125,11.125
2025-03-11,10.869999885559082,10.869999885559082
2025-03-12,10.875,10.875
2025-03-13,10.774999618530273,10.774999618530273
2025-03-14,10.887499809265137,10.887499809265137
2025-03-17,11.055000305175781,11.055000305175781
2025-03-18,10.992500305175781,10.992500305175781
2025-03-19,11.114999771118164,11.114999771118164
2025-03-20,11.109999656677246,11.109999656677246
2025-03-21,10.994999885559082,10.994999885559082
2025-03-24,11.21500015258789,11.21500015258789
2025-03-25,11.220000267028809,11.220000267028809
2025-03-26,11.220000267028809,11.220000267028809
2025-03-27,11.157500267028809,11.157500267028809
2025-03-28,10.922499656677246,10.922499656677246
2025-03-31,10.869999885559082,10.869999885559082
2025-04-01,11.0,11.0
2025-04-02,11.079999923706055,11.079999923706055
2025-04-03,10.637499809265137,10.637499809265137
2025-04-04,10.092499732971191,10.092499732971191
2025-04-07,9.62125015258789,9.62125015258789
2025-04-08,10.024999618530273,10.024999618530273
2025-04-09,9.757499694824219,9.757499694824219
2025-04-10,10.295000076293945,10.295000076293945
2025-04-11,10.274999618530273,10.274999618530273
2025-04-14,10.630000114440918,10.630000114440918
2025-04-15,10.630000114440918,10.630000114440918
2025-04-16,10.5649995803833,10.5649995803833
2025-04-17,10.484999656677246,10.484999656677246
2025-04-22,10.3774995803833,10.3774995803833
2025-04-23,10.625,10.625
2025-04-24,10.694999694824219,10.694999694824219
2025-04-25,10.760000228881836,10.760000228881836
2025-04-28,10.789999961853027,10.789999961853027
2025-04-29,10.824999809265137,10.824999809265137
2025-04-30,10.869999885559082,10.869999885559082
2025-05-01,11.1274995803833,11.1274995803833
2025-05-02,11.225000381469727,11.225000381469727
2025-05-06,11.204999923706055,11.204999923706055
2025-05-07,11.199999809265137,11.199999809265137
2025-05-08,11.399999618530273,11.399999618530273
2025-05-09,11.345000267028809,11.345000267028809
2025-05-12,11.642499923706055,11.642499923706055
2025-05-13,11.869999885559082,11.869999885559082
2025-05-14,11.782500267028809,11.782500267028809
2025-05-15,11.850000381469727,11.850000381469727
2025-05-16,11.944999694824219,11.944999694824219
2025-05-19,12.015000343322754,12.015000343322754
2025-05-20,12.0600004196167,12.0600004196167
2025-05-21,11.944999694824219,11.944999694824219
2025-05-22,11.787500381469727,11.787500381469727
2025-05-23,11.760000228881836,11.760000228881836
2025-05-27,11.9399995803833,11.9399995803833
2025-05-28,11.944999694824219,11.944999694824219
2025-05-29,11.930000305175781,11.930000305175781
2025-05-30,11.922499656677246,11.922499656677246
2025-06-02,11.854999542236328,11.854999542236328
2025-06-03,11.979999542236328,11.979999542236328
2025-06-04,12.055000305175781,12.055000305175781
2025-06-05,12.045000076293945,12.045000076293945
2025-06-06,12.09000015258789,12.09000015258789
2025-06-09,12.104999542236328,12.104999542236328
2025-06-10,12.010000228881836,12.010000228881836
2025-06-11,12.074999809265137,12.074999809265137
2025-06-12,12.005000114440918,12.005000114440918
2025-06-13,12.0,12.0
2025-06-16,12.03499984741211,12.03499984741211
2025-06-17,11.97249984741211,11.97249984741211
2025-06-18,11.97249984741211,11.97249984741211
2025-06-19,11.774999618530273,11.774999618530273
2025-06-20,11.9399995803833,11.9399995803833
2025-06-23,11.947500228881836,11.947500228881836
2025-06-24,12.109999656677246,12.109999656677246
2025-06-25,12.0649995803833,12.0649995803833
2025-06-26,12.1899995803833,12.1899995803833
2025-06-27,12.307499885559082,12.307499885559082
2025-06-30,12.335000038146973,12.335000038146973
2025-07-01,12.395000457763672,12.395000457763672
2025-07-02,12.385000228881836,12.385000228881836
2025-07-03,12.524999618530273,12.524999618530273
2025-07-04,12.462499618530273,12.462499618530273
2025-07-07,12.489999771118164,12.489999771118164
2025-07-08,12.475000381469727,12.475000381469727
2025-07-09,12.515000343322754,12.515000343322754
2025-07-10,12.65999984741211,12.65999984741211
2025-07-11,12.609999656677246,12.609999656677246
2025-07-14,12.625,12.625
2025-07-15,12.619999885559082,12.619999885559082
2025-07-16,12.494999885559082,12.494999885559082
2025-07-17,12.6850004196167,12.6850004196167
2025-07-18,12.720000267028809,12.720000267028809
2025-07-21,12.727499961853027,12.727499961853027
2025-07-22,12.614999771118164,12.614999771118164
2025-07-23,12.824999809265137,12.824999809265137
2025-07-24,12.914999961853027,12.914999961853027
2025-07-25,12.912500381469727,12.912500381469727
2025-07-28,12.954999923706055,12.954999923706055
2025-07-29,12.800000190734863,12.800000190734863
2025-07-30,12.779999732971191,12.779999732971191
2025-07-31,12.757499694824219,12.757499694824219
2025-08-01,12.515000343322754,12.515000343322754
2025-08-04,12.65250015258789,12.65250015258789
2025-08-05,12.595000267028809,12.595000267028809
2025-08-06,12.649999618530273,12.649999618530273
2025-08-07,12.585000038146973,12.585000038146973
2025-08-08,12.654999732971191,12.654999732971191
2025-08-11,12.587499618530273,12.587499618530273
2025-08-12,12.71500015258789,12.71500015258789
2025-08-13,12.664999961853027,12.664999961853027
2025-08-14,12.677499771118164,12.677499771118164
2025-08-15,12.619999885559082,12.619999885559082
2025-08-18,12.640000343322754,12.640000343322754
2025-08-19,12.729999542236328,12.729999542236328
2025-08-20,12.664999961853027,12.664999961853027
2025-08-21,12.664999961853027,12.664999961853027
2025-08-22,12.880000114440918,12.880000114440918
2025-08-26,12.765000343322754,12.765000343322754
2025-08-27,12.854999542236328,12.854999542236328
2025-08-28,12.824999809265137,12.824999809265137
2025-08-29,12.717499732971191,12.717499732971191
2025-09-01,12.75,12.75
2025-09-02,12.574999809265137,12.574999809265137
2025-09-03,12.550000190734863,12.550000190734863
2025-09-04,12.635000228881836,12.635000228881836
2025-09-05,12.555000305175781,12.555000305175781
2025-09-08,12.670000076293945,12.670000076293945
2025-09-09,12.53499984741211,12.53499984741211
2025-09-10,12.635000228881836,12.635000228881836
2025-09-11,12.8100004196167,12.8100004196167
2025-09-12,12.742500305175781,12.742500305175781
2025-09-15,12.734999656677246,12.734999656677246
2025-09-16,12.699999809265137,12.699999809265137
2025-09-17,12.71500015258789,12.71500015258789
2025-09-18,12.770000457763672,12.770000457763672
2025-09-19,12.75,12.75
2025-09-22,12.835000038146973,12.835000038146973
2025-09-23,12.904999732971191,12.904999732971191
2025-09-24,12.864999771118164,12.864999771118164
2025-09-25,12.734999656677246,12.734999656677246
2025-09-26,12.835000038146973,12.835000038146973
2025-09-29,12.880000114440918,12.880000114440918
2025-09-30,12.875,12.875
2025-10-01,12.954999923706055,12.954999923706055
2025-10-02,12.925000190734863,12.925000190734863
2025-10-03,13.024999618530273,13.024999618530273
2025-10-06,13.050000190734863,13.050000190734863
2025-10-07,12.979999542236328,12.979999542236328
2025-10-08,13.069999694824219,13.069999694824219
2025-10-09,12.949999809265137,12.949999809265137
2025-10-10,12.755000114440918,12.755000114440918
2025-10-13,12.744999885559082,12.744999885559082
2025-10-14,12.8100004196167,12.8100004196167
2025-10-15,12.880000114440918,12.880000114440918
2025-10-16,12.8149995803833,12.8149995803833
2025-10-17,12.717499732971191,12.717499732971191
2025-10-20,12.890000343322754,12.890000343322754
2025-10-21,13.055000305175781,13.055000305175781
2025-10-22,12.890000343322754,12.890000343322754
2025-10-23,12.96500015258789,12.96500015258789
2025-10-24,13.0246000289917,13.0246000289917
2025-10-27,13.0649995803833,13.0649995803833
2025-10-28,13.100000381469727,13.100000381469727
2025-10-29,13.119999885559082,13.119999885559082
2025-10-30,13.09000015258789,13.09000015258789
2025-10-31,13.024999618530273,13.024999618530273
2025-11-03,12.984999656677246,12.984999656677246
2025-11-04,12.84749984741211,12.84749984741211
2025-11-05,12.854999542236328,12.854999542236328
2025-11-06,12.850000381469727,12.850000381469727
2025-11-07,12.75,12.75
2025-11-10,12.864999771118164,12.864999771118164
2025-11-11,12.930000305175781,12.930000305175781
2025-11-12,13.029999732971191,13.029999732971191
2025-11-13,12.875,12.875
2025-11-14,12.84000015258789,12.84000015258789
2025-11-17,12.744999885559082,12.744999885559082
2025-11-18,12.635000228881836,12.635000228881836
2025-11-19,12.609999656677246,12.609999656677246
2025-11-20,12.625,12.625
2025-11-21,12.505000114440918,12.505000114440918
2025-11-24,12.640000343322754,12.640000343322754
2025-11-25,12.699999809265137,12.699999809265137
2025-11-26,12.859999656677246,12.859999656677246
2025-11-27,12.850000381469727,12.850000381469727
2025-11-28,12.925000190734863,12.925000190734863
2025-12-01,12.84000015258789,12.84000015258789
2025-12-02,12.779999732971191,12.779999732971191
2025-12-03,12.895000457763672,12.895000457763672
2025-12-04,13.03499984741211,13.03499984741211
2025-12-05,13.015000343322754,13.015000343322754
2025-12-08,13.0,13.0
2025-12-09,13.005000114440918,13.005000114440918
2025-12-10,12.994999885559082,12.994999885559082
2025-12-11,13.194999694824219,13.194999694824219
2025-12-12,13.149999618530273,13.149999618530273
2025-12-15,13.204999923706055,13.204999923706055
2025-12-16,13.135000228881836,13.135000228881836
2025-12-17,12.989999771118164,12.989999771118164
2025-12-18,13.0600004196167,13.0600004196167
2025-12-19,13.079999923706055,13.079999923706055
2025-12-22,13.229999542236328,13.229999542236328
2025-12-23,13.220000267028809,13.220000267028809
2025-12-24,13.234999656677246,13.234999656677246
2025-12-29,13.21500015258789,13.21500015258789
2025-12-30,13.234999656677246,13.234999656677246
2025-12-31,13.182499885559082,13.182499885559082
2026-01-02,13.255000114440918,13.255000114440918
2026-01-05,13.479999542236328,13.479999542236328
2026-01-06,13.529999732971191,13.529999732971191
2026-01-07,13.569999694824219,13.569999694824219
2026-01-08,13.53499984741211,13.53499984741211
2026-01-09,13.635000228881836,13.635000228881836
2026-01-12,13.699999809265137,13.699999809265137
2026-01-13,13.8149995803833,13.8149995803833
2026-01-14,13.819999694824219,13.819999694824219
2026-01-15,13.994999885559082,13.994999885559082
2026-01-16,14.109999656677246,14.109999656677246
2026-01-19,13.994999885559082,13.994999885559082
2026-01-20,13.890000343322754,13.890000343322754
2026-01-21,13.954999923706055,13.954999923706055
2026-01-22,14.010000228881836,14.010000228881836
2026-01-23,13.880000114440918,13.880000114440918
2026-01-26,13.835000038146973,13.835000038146973
2026-01-27,13.914999961853027,13.914999961853027
2026-01-28,13.880000114440918,13.880000114440918
2026-01-29,13.944999694824219,13.944999694824219
2026-01-30,13.859999656677246,13.859999656677246
2026-02-02,14.055000305175781,14.055000305175781
2026-02-03,14.260000228881836,14.260000228881836
2026-02-04,14.260000228881836,14.260000228881836
2026-02-05,14.204999923706055,14.204999923706055
2026-02-06,14.545000076293945,14.545000076293945
2026-02-09,14.649999618530273,14.649999618530273
2026-02-10,14.694999694824219,14.694999694824219
2026-02-11,14.800000190734863,14.800000190734863
2026-02-12,14.645000457763672,14.645000457763672
2026-02-13,14.75,14.75
2026-02-16,14.707500457763672,14.707500457763672
2026-02-17,14.78499984741211,14.78499984741211
2026-02-18,14.805000305175781,14.805000305175781
2026-02-19,14.880000114440918,14.880000114440918
2026-02-20,14.904999732971191,14.904999732971191
2026-02-23,14.760000228881836,14.760000228881836
2026-02-24,14.84000015258789,14.84000015258789
2026-02-25,14.819999694824219,14.819999694824219
2026-02-26,14.819999694824219,14.819999694824219
2026-02-27,14.854999542236328,14.854999542236328
2026-03-02,14.96500015258789,14.96500015258789
2026-03-03,14.760000228881836,14.760000228881836
2026-03-04,14.835000038146973,14.835000038146973
2026-03-05,14.510000228881836,14.510000228881836
2026-03-06,14.305000305175781,14.305000305175781
2026-03-09,14.229999542236328,14.229999542236328
2026-03-10,14.460000038146973,14.460000038146973
2026-03-11,14.300000190734863,14.300000190734863
2026-03-12,14.0649995803833,14.0649995803833
2026-03-13,13.904999732971191,13.904999732971191
2026-03-16,13.954999923706055,13.954999923706055
2026-03-17,14.010000228881836,14.010000228881836
2026-03-18,14.039999961853027,14.039999961853027
2026-03-19,13.744999885559082,13.744999885559082
2026-03-20,13.694999694824219,13.694999694824219
2026-03-23,13.869999885559082,13.869999885559082
2026-03-24,13.869999885559082,13.869999885559082
2026-03-25,13.970000267028809,13.970000267028809
2026-03-26,13.710000038146973,13.710000038146973
2026-03-27,13.545000076293945,13.545000076293945
2026-03-30,13.404999732971191,13.404999732971191
2026-03-31,13.475000381469727,13.475000381469727
2026-04-01,13.949999809265137,13.949999809265137
2026-04-02,13.882499694824219,13.882499694824219
2026-04-07,13.8149995803833,13.8149995803833
2026-04-08,14.380000114440918,14.380000114440918
2026-04-09,14.510000228881836,14.510000228881836
2026-04-10,14.569999694824219,14.569999694824219
2026-04-13,14.430000305175781,14.430000305175781
2026-04-14,14.704999923706055,14.704999923706055
2026-04-15,14.425000190734863,14.425000190734863
2026-04-16,14.4399995803833,14.4399995803833
2026-04-17,14.725000381469727,14.725000381469727
2026-04-20,14.6899995803833,14.6899995803833
2026-04-21,14.529999732971191,14.529999732971191
2026-04-22,14.484999656677246,14.484999656677246
2026-04-23,14.720000267028809,14.720000267028809
2026-04-24,14.574999809265137,14.574999809265137
2026-04-27,14.539999961853027,14.539999961853027
2026-04-28,14.375,14.375
2026-04-29,14.329999923706055,14.329999923706055
2026-04-30,14.680000305175781,14.680000305175781
2026-05-01,14.654999732971191,14.654999732971191
2026-05-05,14.574999809265137,14.574999809265137
2026-05-06,14.925000190734863,14.925000190734863
2026-05-07,14.850000381469727,14.850000381469727
2026-05-08,14.680000305175781,14.680000305175781
2026-05-11,14.755000114440918,14.755000114440918
2026-05-12,14.59000015258789,14.59000015258789
2026-05-13,14.675000190734863,14.675000190734863
2026-05-14,14.680000305175781,14.680000305175781
2026-05-15,14.524999618530273,14.524999618530273
2026-05-18,14.369999885559082,14.369999885559082
2026-05-19,14.255000114440918,14.255000114440918
2026-05-20,14.4399995803833,14.4399995803833
2026-05-21,14.300000190734863,14.300000190734863
2026-05-22,14.529999732971191,14.529999732971191
2026-05-26,14.6899995803833,14.6899995803833
2026-05-27,14.734999656677246,14.734999656677246
2026-05-28,14.71500015258789,14.71500015258789
2026-05-29,14.680000305175781,14.680000305175781
2026-06-01,14.484999656677246,14.484999656677246
2026-06-02,14.6899995803833,14.6899995803833
2026-06-03,14.854999542236328,14.854999542236328
2026-06-04,14.84000015258789,14.84000015258789
2026-06-05,14.854999542236328,14.854999542236328
2026-06-08,14.710000038146973,14.710000038146973
2026-06-09,14.604999542236328,14.604999542236328
2026-06-10,14.484999656677246,14.484999656677246
2026-06-11,14.5649995803833,14.5649995803833
2026-06-12,14.864999771118164,14.864999771118164
2026-06-15,15.145000457763672,15.145000457763672
2026-06-16,15.255000114440918,15.255000114440918
2026-06-17,15.369999885559082,15.369999885559082
2026-06-18,15.345000267028809,15.345000267028809
2026-06-19,15.300000190734863,15.300000190734863
2026-06-22,15.395000457763672,15.395000457763672
2026-06-23,15.149999618530273,15.149999618530273
2026-06-24,15.375,15.375
2026-06-25,15.604999542236328,15.604999542236328
2026-06-26,15.449999809265137,15.449999809265137
2026-06-29,15.395000457763672,15.395000457763672
2026-06-30,15.649999618530273,15.649999618530273
2026-07-01,15.680000305175781,15.680000305175781
2026-07-02,15.5649995803833,15.5649995803833
2026-07-03,15.579999923706055,15.579999923706055
2026-07-06,15.6899995803833,15.6899995803833
2026-07-07,15.300000190734863,15.300000190734863
2026-07-08,15.199999809265137,15.199999809265137
2026-07-09,15.390000343322754,15.390000343322754
2026-07-10,15.425000190734863,15.425000190734863
2026-07-13,15.319999694824219,15.319999694824219
2026-07-14,15.295000076293945,15.295000076293945
2026-07-15,15.1899995803833,15.1899995803833
2026-07-16,15.28499984741211,15.28499984741211
2026-07-17,15.295000076293945,15.295000076293945
2026-07-20,15.125,15.125
2026-07-21,15.170000076293945,15.170000076293945
2026-07-22,15.1850004196167,15.1850004196167
2026-07-23,15.395000457763672,15.395000457763672
2026-07-24,15.539999961853027,15.539999961853027
2026-07-27,15.350000381469727,15.350000381469727
2026-07-28,15.4399995803833,15.4399995803833
2026-07-29,15.055000305175781,15.055000305175781
2026-07-30,14.9399995803833,14.9399995803833
2026-07-31,15.180000305175781,15.180000305175781
2026-08-03,15.369999885559082,15.369999885559082
2026-08-04,15.625,15.625
2026-08-05,15.792499542236328,15.792499542236328
2026-08-06,15.694999694824219,15.694999694824219
2026-08-07,15.670000076293945,15.670000076293945
2026-08-10,15.680000305175781,15.680000305175781
2026-08-11,15.725000381469727,15.725000381469727
2026-08-12,15.75,15.75
2026-08-13,15.675000190734863,15.675000190734863
2026-08-14,15.78499984741211,15.78499984741211
2026-08-17,15.789999961853027,15.789999961853027
2026-08-18,15.59000015258789,15.59000015258789
2026-08-19,15.475000381469727,15.475000381469727
2026-08-20,15.359999656677246,15.359999656677246
2026-08-21,15.260000228881836,15.260000228881836
2026-08-24,15.125,15.125
2026-08-25,15.140000343322754,15.140000343322754
2026-08-26,15.260000228881836,15.260000228881836
2026-08-27,15.175000190734863,15.175000190734863
2026-08-28,15.020000457763672,15.020000457763672
2026-09-01,14.654999732971191,14.654999732971191
2026-09-02,14.65999984741211,14.65999984741211
2026-09-03,14.734999656677246,14.734999656677246
2026-09-04,14.800000190734863,14.800000190734863
2026-09-07,14.779999732971191,14.779999732971191
2026-09-08,14.829999923706055,14.829999923706055
2026-09-09,14.5649995803833,14.5649995803833
2026-09-10,14.475000381469727,14.475000381469727
2026-09-11,14.585000038146973,14.585000038146973
2026-09-14,14.345000267028809,14.345000267028809
2026-09-15,14.270000457763672,14.270000457763672
2026-09-16,14.414999961853027,14.414999961853027
2026-09-17,14.3100004196167,14.3100004196167
2026-09-18,14.295000076293945,14.295000076293945
2026-09-21,14.430000305175781,14.430000305175781
2026-09-22,14.399999618530273,14.399999618530273
2026-09-23,14.470000267028809,14.470000267028809
2026-09-24,14.279999732971191,14.279999732971191
2026-09-25,14.390000343322754,14.390000343322754
2026-09-28,14.279999732971191,14.279999732971191
2026-09-29,14.295000076293945,14.295000076293945
2026-09-30,14.28499984741211,14.28499984741211
2026-10-01,14.164999961853027,14.164999961853027
2026-10-02,14.425000190734863,14.425000190734863
