Date,Close,Adj Close
2015-11-20,5.059999942779541,5.059999942779541
2015-11-23,5.038300037384033,5.038300037384033
2015-11-24,5.018750190734863,5.018750190734863
2015-11-25,5.026249885559082,5.026249885559082
2015-11-26,5.043749809265137,5.043749809265137
2015-11-27,5.038750171661377,5.038750171661377
2015-11-30,5.033750057220459,5.033750057220459
2015-12-01,5.068749904632568,5.068749904632568
2015-12-02,5.098750114440918,5.098750114440918
2015-12-03,5.06125020980835,5.06125020980835
2015-12-04,5.070000171661377,5.070000171661377
2015-12-07,5.06125020980835,5.06125020980835
2015-12-08,5.06374979019165,5.06374979019165
2015-12-09,5.051249980926514,5.051249980926514
2015-12-10,5.016250133514404,5.016250133514404
2015-12-11,4.928500175476074,4.928500175476074
2015-12-14,4.860000133514404,4.860000133514404
2015-12-15,4.980000019073486,4.980000019073486
2015-12-16,4.951499938964844,4.951499938964844
2015-12-17,4.962500095367432,4.962500095367432
2015-12-18,4.902500152587891,4.902500152587891
2015-12-21,4.860000133514404,4.860000133514404
2015-12-22,4.892499923706055,4.892499923706055
2015-12-23,4.949999809265137,4.949999809265137
2015-12-24,4.95550012588501,4.95550012588501
2015-12-29,5.018750190734863,5.018750190734863
2015-12-30,5.010000228881836,5.010000228881836
2015-12-31,4.979000091552734,4.979000091552734
2016-01-04,4.78000020980835,4.78000020980835
2016-01-05,4.83050012588501,4.83050012588501
2016-01-06,4.7845001220703125,4.7845001220703125
2016-01-07,4.691500186920166,4.691500186920166
2016-01-08,4.597499847412109,4.597499847412109
2016-01-11,4.573999881744385,4.573999881744385
2016-01-12,4.626500129699707,4.626500129699707
2016-01-13,4.659999847412109,4.659999847412109
2016-01-14,4.570000171661377,4.570000171661377
2016-01-15,4.474999904632568,4.474999904632568
2016-01-18,4.476500034332275,4.476500034332275
2016-01-19,4.489999771118164,4.489999771118164
2016-01-20,4.361999988555908,4.361999988555908
2016-01-21,4.480000019073486,4.480000019073486
2016-01-22,4.553500175476074,4.553500175476074
2016-01-25,4.565000057220459,4.565000057220459
2016-01-26,4.561500072479248,4.561500072479248
2016-01-27,4.5,4.5
2016-01-28,4.501500129699707,4.501500129699707
2016-01-29,4.617499828338623,4.617499828338623
2016-02-01,4.673999786376953,4.673999786376953
2016-02-02,4.662499904632568,4.662499904632568
2016-02-03,4.550000190734863,4.550000190734863
2016-02-04,4.569499969482422,4.569499969482422
2016-02-05,4.454999923706055,4.454999923706055
2016-02-08,4.313000202178955,4.313000202178955
2016-02-09,4.386000156402588,4.386000156402588
2016-02-10,4.4019999504089355,4.4019999504089355
2016-02-11,4.309999942779541,4.309999942779541
2016-02-12,4.413000106811523,4.413000106811523
2016-02-15,4.46999979019165,4.46999979019165
2016-02-16,4.460000038146973,4.460000038146973
2016-02-17,4.576000213623047,4.576000213623047
2016-02-18,4.5929999351501465,4.5929999351501465
2016-02-19,4.590000152587891,4.590000152587891
2016-02-22,4.639999866485596,4.639999866485596
2016-02-23,4.58050012588501,4.58050012588501
2016-02-24,4.489999771118164,4.489999771118164
2016-02-25,4.605000019073486,4.605000019073486
2016-02-26,4.656499862670898,4.656499862670898
2016-02-29,4.671000003814697,4.671000003814697
2016-03-01,4.7154998779296875,4.7154998779296875
2016-03-02,4.744500160217285,4.744500160217285
2016-03-03,4.730000019073486,4.730000019073486
2016-03-04,4.789999961853027,4.789999961853027
2016-03-07,4.747499942779541,4.747499942779541
2016-03-08,4.730000019073486,4.730000019073486
2016-03-09,4.75,4.75
2016-03-10,4.730000019073486,4.730000019073486
2016-03-11,4.81850004196167,4.81850004196167
2016-03-14,4.843500137329102,4.843500137329102
2016-03-15,4.8470001220703125,4.8470001220703125
2016-03-16,4.880499839782715,4.880499839782715
2016-03-17,4.948500156402588,4.948500156402588
2016-03-18,4.950500011444092,4.950500011444092
2016-03-21,4.951000213623047,4.951000213623047
2016-03-22,4.971250057220459,4.971250057220459
2016-03-23,4.959499835968018,4.959499835968018
2016-03-24,4.927000045776367,4.927000045776367
2016-03-29,4.965000152587891,4.965000152587891
2016-03-30,5.051249980926514,5.051249980926514
2016-03-31,5.052499771118164,5.052499771118164
2016-04-01,5.059999942779541,5.059999942779541
2016-04-04,5.059999942779541,5.059999942779541
2016-04-05,5.025000095367432,5.025000095367432
2016-04-06,5.028749942779541,5.028749942779541
2016-04-07,4.995999813079834,4.995999813079834
2016-04-08,5.002749919891357,5.002749919891357
2016-04-11,5.019999980926514,5.019999980926514
2016-04-12,4.988500118255615,4.988500118255615
2016-04-13,5.059999942779541,5.059999942779541
2016-04-14,5.066249847412109,5.066249847412109
2016-04-15,5.072500228881836,5.072500228881836
2016-04-18,5.051249980926514,5.051249980926514
2016-04-19,5.03249979019165,5.03249979019165
2016-04-20,5.052499771118164,5.052499771118164
2016-04-21,5.050000190734863,5.050000190734863
2016-04-22,4.920000076293945,4.920000076293945
2016-04-25,4.929999828338623,4.929999828338623
2016-04-26,4.922999858856201,4.922999858856201
2016-04-27,4.853499889373779,4.853499889373779
2016-04-28,4.902500152587891,4.902500152587891
2016-04-29,4.739999771118164,4.739999771118164
2016-05-03,4.748000144958496,4.748000144958496
2016-05-04,4.733500003814697,4.733500003814697
2016-05-05,4.749499797821045,4.749499797821045
2016-05-06,4.745999813079834,4.745999813079834
2016-05-09,4.781499862670898,4.781499862670898
2016-05-10,4.815499782562256,4.815499782562256
2016-05-11,4.840000152587891,4.840000152587891
2016-05-12,4.763999938964844,4.763999938964844
2016-05-13,4.819499969482422,4.819499969482422
2016-05-16,4.821000099182129,4.821000099182129
2016-05-17,4.822500228881836,4.822500228881836
2016-05-18,4.826000213623047,4.826000213623047
2016-05-19,4.768499851226807,4.768499851226807
2016-05-20,4.860000133514404,4.860000133514404
2016-05-23,4.858500003814697,4.858500003814697
2016-05-24,4.929500102996826,4.929500102996826
2016-05-25,4.9730000495910645,4.9730000495910645
2016-05-26,4.982999801635742,4.982999801635742
2016-05-27,5.008749961853027,5.008749961853027
2016-05-31,5.011250019073486,5.011250019073486
2016-06-01,5.014999866485596,5.014999866485596
2016-06-02,4.98799991607666,4.98799991607666
2016-06-03,4.980000019073486,4.980000019073486
2016-06-06,5.010000228881836,5.010000228881836
2016-06-07,5.03000020980835,5.03000020980835
2016-06-08,5.021249771118164,5.021249771118164
2016-06-09,5.021249771118164,5.021249771118164
2016-06-10,4.988500118255615,4.988500118255615
2016-06-13,4.953999996185303,4.953999996185303
2016-06-14,4.889999866485596,4.889999866485596
2016-06-15,4.921999931335449,4.921999931335449
2016-06-16,4.880000114440918,4.880000114440918
2016-06-17,4.86299991607666,4.86299991607666
2016-06-20,4.946000099182129,4.946000099182129
2016-06-21,4.926000118255615,4.926000118255615
2016-06-22,4.952000141143799,4.952000141143799
2016-06-23,4.960000038146973,4.960000038146973
2016-06-24,4.829999923706055,4.829999923706055
2016-06-27,4.670499801635742,4.670499801635742
2016-06-28,4.708499908447266,4.708499908447266
2016-06-29,4.818999767303467,4.818999767303467
2016-06-30,4.867000102996826,4.867000102996826
2016-07-01,4.910999774932861,4.910999774932861
2016-07-04,4.900000095367432,4.900000095367432
2016-07-05,4.858500003814697,4.858500003814697
2016-07-06,4.867000102996826,4.867000102996826
2016-07-07,4.909999847412109,4.909999847412109
2016-07-08,4.973499774932861,4.973499774932861
2016-07-11,5.022500038146973,5.022500038146973
2016-07-12,5.057499885559082,5.057499885559082
2016-07-13,5.066249847412109,5.066249847412109
2016-07-14,5.098750114440918,5.098750114440918
2016-07-15,5.087500095367432,5.087500095367432
2016-07-18,5.130000114440918,5.130000114440918
2016-07-19,5.125,5.125
2016-07-20,5.197500228881836,5.197500228881836
2016-07-21,5.190000057220459,5.190000057220459
2016-07-22,5.179999828338623,5.179999828338623
2016-07-25,5.179999828338623,5.179999828338623
2016-07-26,5.190000057220459,5.190000057220459
2016-07-27,5.239999771118164,5.239999771118164
2016-07-28,5.25,5.25
2016-07-29,5.289999961853027,5.289999961853027
2016-08-01,5.300000190734863,5.300000190734863
2016-08-02,5.25,5.25
2016-08-03,5.255000114440918,5.255000114440918
2016-08-04,5.295000076293945,5.295000076293945
2016-08-05,5.360000133514404,5.360000133514404
2016-08-08,5.360000133514404,5.360000133514404
2016-08-09,5.387499809265137,5.387499809265137
2016-08-10,5.351250171661377,5.351250171661377
2016-08-11,5.377500057220459,5.377500057220459
2016-08-12,5.369999885559082,5.369999885559082
2016-08-15,5.40625,5.40625
2016-08-16,5.380000114440918,5.380000114440918
2016-08-17,5.34250020980835,5.34250020980835
2016-08-18,5.380000114440918,5.380000114440918
2016-08-19,5.385000228881836,5.385000228881836
2016-08-22,5.360000133514404,5.360000133514404
2016-08-23,5.40749979019165,5.40749979019165
2016-08-24,5.380000114440918,5.380000114440918
2016-08-25,5.380000114440918,5.380000114440918
2016-08-26,5.420000076293945,5.420000076293945
2016-08-30,5.380000114440918,5.380000114440918
2016-08-31,5.382500171661377,5.382500171661377
2016-09-01,5.369999885559082,5.369999885559082
2016-09-02,5.420000076293945,5.420000076293945
2016-09-05,5.40749979019165,5.40749979019165
2016-09-06,5.428750038146973,5.428750038146973
2016-09-07,5.440000057220459,5.440000057220459
2016-09-08,5.429999828338623,5.429999828338623
2016-09-09,5.364999771118164,5.364999771118164
2016-09-12,5.329999923706055,5.329999923706055
2016-09-13,5.329999923706055,5.329999923706055
2016-09-14,5.389999866485596,5.389999866485596
2016-09-15,5.449999809265137,5.449999809265137
2016-09-16,5.429999828338623,5.429999828338623
2016-09-19,5.460000038146973,5.460000038146973
2016-09-20,5.4375,5.4375
2016-09-21,5.454999923706055,5.454999923706055
2016-09-22,5.519999980926514,5.519999980926514
2016-09-23,5.492499828338623,5.492499828338623
2016-09-26,5.434999942779541,5.434999942779541
2016-09-27,5.46999979019165,5.46999979019165
2016-09-28,5.489999771118164,5.489999771118164
2016-09-29,5.5,5.5
2016-09-30,5.510000228881836,5.510000228881836
2016-10-03,5.5,5.5
2016-10-04,5.5,5.5
2016-10-05,5.510000228881836,5.510000228881836
2016-10-06,5.5,5.5
2016-10-07,5.510000228881836,5.510000228881836
2016-10-10,5.550000190734863,5.550000190734863
2016-10-11,5.489999771118164,5.489999771118164
2016-10-12,5.480000019073486,5.480000019073486
2016-10-13,5.429999828338623,5.429999828338623
2016-10-14,5.489999771118164,5.489999771118164
2016-10-17,5.46999979019165,5.46999979019165
2016-10-18,5.5,5.5
2016-10-19,5.489999771118164,5.489999771118164
2016-10-20,5.473750114440918,5.473750114440918
2016-10-21,5.508749961853027,5.508749961853027
2016-10-24,5.573750019073486,5.573750019073486
2016-10-25,5.559999942779541,5.559999942779541
2016-10-26,5.550000190734863,5.550000190734863
2016-10-27,5.53000020980835,5.53000020980835
2016-10-28,5.559999942779541,5.559999942779541
2016-10-31,5.523749828338623,5.523749828338623
2016-11-01,5.471250057220459,5.471250057220459
2016-11-02,5.449999809265137,5.449999809265137
2016-11-03,5.389999866485596,5.389999866485596
2016-11-04,5.393750190734863,5.393750190734863
2016-11-07,5.46999979019165,5.46999979019165
2016-11-08,5.489999771118164,5.489999771118164
2016-11-09,5.460000038146973,5.460000038146973
2016-11-10,5.400000095367432,5.400000095367432
2016-11-11,5.409999847412109,5.409999847412109
2016-11-14,5.329999923706055,5.329999923706055
2016-11-15,5.420000076293945,5.420000076293945
2016-11-16,5.449999809265137,5.449999809265137
2016-11-17,5.480000019073486,5.480000019073486
2016-11-18,5.489999771118164,5.489999771118164
2016-11-21,5.53000020980835,5.53000020980835
2016-11-22,5.550000190734863,5.550000190734863
2016-11-23,5.508749961853027,5.508749961853027
2016-11-24,5.53000020980835,5.53000020980835
2016-11-25,5.538750171661377,5.538750171661377
2016-11-28,5.559999942779541,5.559999942779541
2016-11-29,5.558750152587891,5.558750152587891
2016-11-30,5.519999980926514,5.519999980926514
2016-12-01,5.389999866485596,5.389999866485596
2016-12-02,5.396249771118164,5.396249771118164
2016-12-05,5.440000057220459,5.440000057220459
2016-12-06,5.440000057220459,5.440000057220459
2016-12-07,5.46999979019165,5.46999979019165
2016-12-08,5.579999923706055,5.579999923706055
2016-12-09,5.599999904632568,5.599999904632568
2016-12-12,5.590000152587891,5.590000152587891
2016-12-13,5.670000076293945,5.670000076293945
2016-12-14,5.670000076293945,5.670000076293945
2016-12-15,5.690000057220459,5.690000057220459
2016-12-16,5.630000114440918,5.630000114440918
2016-12-19,5.670000076293945,5.670000076293945
2016-12-20,5.670000076293945,5.670000076293945
2016-12-21,5.659999847412109,5.659999847412109
2016-12-22,5.650000095367432,5.650000095367432
2016-12-23,5.642499923706055,5.642499923706055
2016-12-28,5.659999847412109,5.659999847412109
2016-12-29,5.619999885559082,5.619999885559082
2016-12-30,5.639999866485596,5.639999866485596
2017-01-03,5.610000133514404,5.610000133514404
2017-01-04,5.639999866485596,5.639999866485596
2017-01-05,5.639999866485596,5.639999866485596
2017-01-06,5.690000057220459,5.690000057220459
2017-01-09,5.730000019073486,5.730000019073486
2017-01-10,5.739999771118164,5.739999771118164
2017-01-11,5.730000019073486,5.730000019073486
2017-01-12,5.699999809265137,5.699999809265137
2017-01-13,5.760000228881836,5.760000228881836
2017-01-16,5.75,5.75
2017-01-17,5.739999771118164,5.739999771118164
2017-01-18,5.75,5.75
2017-01-19,5.75,5.75
2017-01-20,5.769999980926514,5.769999980926514
2017-01-23,5.75,5.75
2017-01-24,5.800000190734863,5.800000190734863
2017-01-25,5.869999885559082,5.869999885559082
2017-01-26,5.869999885559082,5.869999885559082
2017-01-27,5.909999847412109,5.909999847412109
2017-01-30,5.829999923706055,5.829999923706055
2017-01-31,5.800000190734863,5.800000190734863
2017-02-01,5.840000152587891,5.840000152587891
2017-02-02,5.869999885559082,5.869999885559082
2017-02-03,5.898749828338623,5.898749828338623
2017-02-06,5.909999847412109,5.909999847412109
2017-02-07,5.940000057220459,5.940000057220459
2017-02-08,5.949999809265137,5.949999809265137
2017-02-09,5.980000019073486,5.980000019073486
2017-02-10,5.980000019073486,5.980000019073486
2017-02-13,6.010000228881836,6.010000228881836
2017-02-14,6.019999980926514,6.019999980926514
2017-02-15,6.050000190734863,6.050000190734863
2017-02-16,6.070000171661377,6.070000171661377
2017-02-17,6.070000171661377,6.070000171661377
2017-02-20,6.110000133514404,6.110000133514404
2017-02-21,6.110000133514404,6.110000133514404
2017-02-22,6.119999885559082,6.119999885559082
2017-02-23,6.110000133514404,6.110000133514404
2017-02-24,6.110000133514404,6.110000133514404
2017-02-27,6.130000114440918,6.130000114440918
2017-02-28,6.119999885559082,6.119999885559082
2017-03-01,6.179999828338623,6.179999828338623
2017-03-02,6.159999847412109,6.159999847412109
2017-03-03,6.150000095367432,6.150000095367432
2017-03-06,6.150000095367432,6.150000095367432
2017-03-07,6.170000076293945,6.170000076293945
2017-03-08,6.190000057220459,6.190000057220459
2017-03-09,6.179999828338623,6.179999828338623
2017-03-10,6.210000038146973,6.210000038146973
2017-03-13,6.199999809265137,6.199999809265137
2017-03-14,6.179999828338623,6.179999828338623
2017-03-15,6.199999809265137,6.199999809265137
2017-03-16,6.25,6.25
2017-03-17,6.269999980926514,6.269999980926514
2017-03-20,6.260000228881836,6.260000228881836
2017-03-21,6.210000038146973,6.210000038146973
2017-03-22,6.199999809265137,6.199999809265137
2017-03-23,6.21999979019165,6.21999979019165
2017-03-24,6.230000019073486,6.230000019073486
2017-03-27,6.179999828338623,6.179999828338623
2017-03-28,6.21999979019165,6.21999979019165
2017-03-29,6.25,6.25
2017-03-30,6.28000020980835,6.28000020980835
2017-03-31,6.28000020980835,6.28000020980835
2017-04-03,6.239999771118164,6.239999771118164
2017-04-04,6.25,6.25
2017-04-05,6.289999961853027,6.289999961853027
2017-04-06,6.25,6.25
2017-04-07,6.230000019073486,6.230000019073486
2017-04-10,6.239999771118164,6.239999771118164
2017-04-11,6.159999847412109,6.159999847412109
2017-04-12,6.179999828338623,6.179999828338623
2017-04-13,6.199999809265137,6.199999809265137
2017-04-18,6.210000038146973,6.210000038146973
2017-04-19,6.230000019073486,6.230000019073486
2017-04-20,6.239999771118164,6.239999771118164
2017-04-21,6.269999980926514,6.269999980926514
2017-04-24,6.320000171661377,6.320000171661377
2017-04-25,6.380000114440918,6.380000114440918
2017-04-26,6.380000114440918,6.380000114440918
2017-04-27,6.380000114440918,6.380000114440918
2017-04-28,6.420000076293945,6.420000076293945
2017-05-02,6.5,6.5
2017-05-03,6.480000019073486,6.480000019073486
2017-05-04,6.489999771118164,6.489999771118164
2017-05-05,6.5,6.5
2017-05-08,6.510000228881836,6.510000228881836
2017-05-09,6.559999942779541,6.559999942779541
2017-05-10,6.570000171661377,6.570000171661377
2017-05-11,6.539999961853027,6.539999961853027
2017-05-12,6.579999923706055,6.579999923706055
2017-05-15,6.619999885559082,6.619999885559082
2017-05-16,6.639999866485596,6.639999866485596
2017-05-17,6.550000190734863,6.550000190734863
2017-05-18,6.519999980926514,6.519999980926514
2017-05-19,6.550000190734863,6.550000190734863
2017-05-22,6.590000152587891,6.590000152587891
2017-05-23,6.619999885559082,6.619999885559082
2017-05-24,6.630000114440918,6.630000114440918
2017-05-25,6.690000057220459,6.690000057220459
2017-05-26,6.690000057220459,6.690000057220459
2017-05-30,6.710000038146973,6.710000038146973
2017-05-31,6.710000038146973,6.710000038146973
2017-06-01,6.690000057220459,6.690000057220459
2017-06-02,6.75,6.75
2017-06-05,6.800000190734863,6.800000190734863
2017-06-06,6.809999942779541,6.809999942779541
2017-06-07,6.800000190734863,6.800000190734863
2017-06-08,6.800000190734863,6.800000190734863
2017-06-09,6.800000190734863,6.800000190734863
2017-06-12,6.590000152587891,6.590000152587891
2017-06-13,6.619999885559082,6.619999885559082
2017-06-14,6.650000095367432,6.650000095367432
2017-06-15,6.539999961853027,6.539999961853027
2017-06-16,6.550000190734863,6.550000190734863
2017-06-19,6.650000095367432,6.650000095367432
2017-06-20,6.639999866485596,6.639999866485596
2017-06-21,6.639999866485596,6.639999866485596
2017-06-22,6.659999847412109,6.659999847412109
2017-06-23,6.710000038146973,6.710000038146973
2017-06-26,6.679999828338623,6.679999828338623
2017-06-27,6.639999866485596,6.639999866485596
2017-06-28,6.599999904632568,6.599999904632568
2017-06-29,6.53000020980835,6.53000020980835
2017-06-30,6.53000020980835,6.53000020980835
2017-07-03,6.5,6.5
2017-07-04,6.449999809265137,6.449999809265137
2017-07-05,6.53000020980835,6.53000020980835
2017-07-06,6.489999771118164,6.489999771118164
2017-07-07,6.550000190734863,6.550000190734863
2017-07-10,6.590000152587891,6.590000152587891
2017-07-11,6.599999904632568,6.599999904632568
2017-07-12,6.699999809265137,6.699999809265137
2017-07-13,6.739999771118164,6.739999771118164
2017-07-14,6.78000020980835,6.78000020980835
2017-07-17,6.800000190734863,6.800000190734863
2017-07-18,6.809999942779541,6.809999942779541
2017-07-19,6.869999885559082,6.869999885559082
2017-07-20,6.880000114440918,6.880000114440918
2017-07-21,6.869999885559082,6.869999885559082
2017-07-24,6.869999885559082,6.869999885559082
2017-07-25,6.889999866485596,6.889999866485596
2017-07-26,6.880000114440918,6.880000114440918
2017-07-27,6.920000076293945,6.920000076293945
2017-07-28,6.820000171661377,6.820000171661377
2017-07-31,6.809999942779541,6.809999942779541
2017-08-01,6.820000171661377,6.820000171661377
2017-08-02,6.829999923706055,6.829999923706055
2017-08-03,6.849999904632568,6.849999904632568
2017-08-04,6.880000114440918,6.880000114440918
2017-08-07,6.900000095367432,6.900000095367432
2017-08-08,6.920000076293945,6.920000076293945
2017-08-09,6.869999885559082,6.869999885559082
2017-08-10,6.820000171661377,6.820000171661377
2017-08-11,6.78000020980835,6.78000020980835
2017-08-14,6.900000095367432,6.900000095367432
2017-08-15,6.929999828338623,6.929999828338623
2017-08-16,6.960000038146973,6.960000038146973
2017-08-17,6.889999866485596,6.889999866485596
2017-08-18,6.829999923706055,6.829999923706055
2017-08-21,6.789999961853027,6.789999961853027
2017-08-22,6.880000114440918,6.880000114440918
2017-08-23,6.900000095367432,6.900000095367432
2017-08-24,6.849999904632568,6.849999904632568
2017-08-25,6.880000114440918,6.880000114440918
2017-08-29,6.900000095367432,6.900000095367432
2017-08-30,6.949999809265137,6.949999809265137
2017-08-31,7.019999980926514,7.019999980926514
2017-09-01,7.03000020980835,7.03000020980835
2017-09-04,7.010000228881836,7.010000228881836
2017-09-05,6.989999771118164,6.989999771118164
2017-09-06,6.96999979019165,6.96999979019165
2017-09-07,7.010000228881836,7.010000228881836
2017-09-08,6.989999771118164,6.989999771118164
2017-09-11,7.039999961853027,7.039999961853027
2017-09-12,7.070000171661377,7.070000171661377
2017-09-13,7.050000190734863,7.050000190734863
2017-09-14,7.059999942779541,7.059999942779541
2017-09-15,7.059999942779541,7.059999942779541
2017-09-18,7.090000152587891,7.090000152587891
2017-09-19,7.079999923706055,7.079999923706055
2017-09-20,7.039999961853027,7.039999961853027
2017-09-21,7.010000228881836,7.010000228881836
2017-09-22,6.989999771118164,6.989999771118164
2017-09-25,6.909999847412109,6.909999847412109
2017-09-26,6.920000076293945,6.920000076293945
2017-09-27,6.989999771118164,6.989999771118164
2017-09-28,7.010000228881836,7.010000228881836
2017-09-29,7.059999942779541,7.059999942779541
2017-10-02,7.090000152587891,7.090000152587891
2017-10-03,7.090000152587891,7.090000152587891
2017-10-04,7.079999923706055,7.079999923706055
2017-10-05,7.119999885559082,7.119999885559082
2017-10-06,7.159999847412109,7.159999847412109
2017-10-09,7.210000038146973,7.210000038146973
2017-10-10,7.190000057220459,7.190000057220459
2017-10-11,7.21999979019165,7.21999979019165
2017-10-12,7.260000228881836,7.260000228881836
2017-10-13,7.28000020980835,7.28000020980835
2017-10-16,7.289999961853027,7.289999961853027
2017-10-17,7.300000190734863,7.300000190734863
2017-10-18,7.320000171661377,7.320000171661377
2017-10-19,7.289999961853027,7.289999961853027
2017-10-20,7.340000152587891,7.340000152587891
2017-10-23,7.349999904632568,7.349999904632568
2017-10-24,7.349999904632568,7.349999904632568
2017-10-25,7.309999942779541,7.309999942779541
2017-10-26,7.360000133514404,7.360000133514404
2017-10-27,7.53000020980835,7.53000020980835
2017-10-30,7.570000171661377,7.570000171661377
2017-10-31,7.619999885559082,7.619999885559082
2017-11-01,7.630000114440918,7.630000114440918
2017-11-02,7.619999885559082,7.619999885559082
2017-11-03,7.679999828338623,7.679999828338623
2017-11-06,7.71999979019165,7.71999979019165
2017-11-07,7.730000019073486,7.730000019073486
2017-11-08,7.75,7.75
2017-11-09,7.699999809265137,7.699999809265137
2017-11-10,7.699999809265137,7.699999809265137
2017-11-13,7.710000038146973,7.710000038146973
2017-11-14,7.690000057220459,7.690000057220459
2017-11-15,7.659999847412109,7.659999847412109
2017-11-16,7.730000019073486,7.730000019073486
2017-11-17,7.710000038146973,7.710000038146973
2017-11-20,7.710000038146973,7.710000038146973
2017-11-21,7.789999961853027,7.789999961853027
2017-11-22,7.769999980926514,7.769999980926514
2017-11-23,7.769999980926514,7.769999980926514
2017-11-24,7.809999942779541,7.809999942779541
2017-11-27,7.800000190734863,7.800000190734863
2017-11-28,7.840000152587891,7.840000152587891
2017-11-29,7.630000114440918,7.630000114440918
2017-11-30,7.690000057220459,7.690000057220459
2017-12-01,7.579999923706055,7.579999923706055
2017-12-04,7.559999942779541,7.559999942779541
2017-12-05,7.610000133514404,7.610000133514404
2017-12-06,7.570000171661377,7.570000171661377
2017-12-07,7.639999866485596,7.639999866485596
2017-12-08,7.670000076293945,7.670000076293945
2017-12-11,7.710000038146973,7.710000038146973
2017-12-12,7.739999771118164,7.739999771118164
2017-12-13,7.739999771118164,7.739999771118164
2017-12-14,7.75,7.75
2017-12-15,7.769999980926514,7.769999980926514
2017-12-18,7.860000133514404,7.860000133514404
2017-12-19,7.829999923706055,7.829999923706055
2017-12-20,7.800000190734863,7.800000190734863
2017-12-21,7.840000152587891,7.840000152587891
2017-12-22,7.800000190734863,7.800000190734863
2017-12-27,7.75,7.75
2017-12-28,7.760000228881836,7.760000228881836
2017-12-29,7.78000020980835,7.78000020980835
2018-01-02,7.789999961853027,7.789999961853027
2018-01-03,7.889999866485596,7.889999866485596
2018-01-04,7.96999979019165,7.96999979019165
2018-01-05,8.020000457763672,8.020000457763672
2018-01-08,8.069999694824219,8.069999694824219
2018-01-09,8.0600004196167,8.0600004196167
2018-01-10,7.989999771118164,7.989999771118164
2018-01-11,8.039999961853027,8.039999961853027
2018-01-12,8.09000015258789,8.09000015258789
2018-01-15,8.119999885559082,8.119999885559082
2018-01-16,8.149999618530273,8.149999618530273
2018-01-17,8.140000343322754,8.140000343322754
2018-01-18,8.210000038146973,8.210000038146973
2018-01-19,8.210000038146973,8.210000038146973
2018-01-22,8.260000228881836,8.260000228881836
2018-01-23,8.359999656677246,8.359999656677246
2018-01-24,8.319999694824219,8.319999694824219
2018-01-25,8.300000190734863,8.300000190734863
2018-01-26,8.34000015258789,8.34000015258789
2018-01-29,8.34000015258789,8.34000015258789
2018-01-30,8.260000228881836,8.260000228881836
2018-01-31,8.279999732971191,8.279999732971191
2018-02-01,8.319999694824219,8.319999694824219
2018-02-02,8.140000343322754,8.140000343322754
2018-02-05,8.0600004196167,8.0600004196167
2018-02-06,7.670000076293945,7.670000076293945
2018-02-07,7.980000019073486,7.980000019073486
2018-02-08,7.730000019073486,7.730000019073486
2018-02-09,7.570000171661377,7.570000171661377
2018-02-12,7.789999961853027,7.789999961853027
2018-02-13,7.809999942779541,7.809999942779541
2018-02-14,7.929999828338623,7.929999828338623
2018-02-15,8.069999694824219,8.069999694824219
2018-02-16,8.210000038146973,8.210000038146973
2018-02-19,8.149999618530273,8.149999618530273
2018-02-20,8.220000267028809,8.220000267028809
2018-02-21,8.239999771118164,8.239999771118164
2018-02-22,8.1899995803833,8.1899995803833
2018-02-23,8.220000267028809,8.220000267028809
2018-02-26,8.380000114440918,8.380000114440918
2018-02-27,8.40999984741211,8.40999984741211
2018-02-28,8.390000343322754,8.390000343322754
2018-03-01,8.270000457763672,8.270000457763672
2018-03-02,8.130000114440918,8.130000114440918
2018-03-05,8.279999732971191,8.279999732971191
2018-03-06,8.3100004196167,8.3100004196167
2018-03-07,8.329999923706055,8.329999923706055
2018-03-08,8.40999984741211,8.40999984741211
2018-03-09,8.529999732971191,8.529999732971191
2018-03-12,8.630000114440918,8.630000114440918
2018-03-13,8.5600004196167,8.5600004196167
2018-03-14,8.489999771118164,8.489999771118164
2018-03-15,8.529999732971191,8.529999732971191
2018-03-16,8.510000228881836,8.510000228881836
2018-03-19,8.300000190734863,8.300000190734863
2018-03-20,8.34000015258789,8.34000015258789
2018-03-21,8.359999656677246,8.359999656677246
2018-03-22,8.15999984741211,8.15999984741211
2018-03-23,8.010000228881836,8.010000228881836
2018-03-26,7.929999828338623,7.929999828338623
2018-03-27,8.15999984741211,8.15999984741211
2018-03-28,7.789999961853027,7.789999961853027
2018-03-29,7.929999828338623,7.929999828338623
2018-04-03,7.829999923706055,7.829999923706055
2018-04-04,7.809999942779541,7.809999942779541
2018-04-05,8.029999732971191,8.029999732971191
2018-04-06,7.909999847412109,7.909999847412109
2018-04-09,7.960000038146973,7.960000038146973
2018-04-10,8.010000228881836,8.010000228881836
2018-04-11,8.029999732971191,8.029999732971191
2018-04-12,8.119999885559082,8.119999885559082
2018-04-13,8.109999656677246,8.109999656677246
2018-04-16,8.119999885559082,8.119999885559082
2018-04-17,8.289999961853027,8.289999961853027
2018-04-18,8.289999961853027,8.289999961853027
2018-04-19,8.199999809265137,8.199999809265137
2018-04-20,8.079999923706055,8.079999923706055
2018-04-23,8.119999885559082,8.119999885559082
2018-04-24,7.989999771118164,7.989999771118164
2018-04-25,7.880000114440918,7.880000114440918
2018-04-26,8.039999961853027,8.039999961853027
2018-04-27,8.039999961853027,8.039999961853027
2018-04-30,8.069999694824219,8.069999694824219
2018-05-01,8.0,8.0
2018-05-02,8.130000114440918,8.130000114440918
2018-05-03,8.0,8.0
2018-05-04,8.239999771118164,8.239999771118164
2018-05-08,8.350000381469727,8.350000381469727
2018-05-09,8.390000343322754,8.390000343322754
2018-05-10,8.5600004196167,8.5600004196167
2018-05-11,8.579999923706055,8.579999923706055
2018-05-14,8.619999885559082,8.619999885559082
2018-05-15,8.470000267028809,8.470000267028809
2018-05-16,8.5,8.5
2018-05-17,8.529999732971191,8.529999732971191
2018-05-18,8.479999542236328,8.479999542236328
2018-05-21,8.479999542236328,8.479999542236328
2018-05-22,8.520000457763672,8.520000457763672
2018-05-23,8.470000267028809,8.470000267028809
2018-05-24,8.510000228881836,8.510000228881836
2018-05-25,8.5600004196167,8.5600004196167
2018-05-29,8.510000228881836,8.510000228881836
2018-05-30,8.5600004196167,8.5600004196167
2018-05-31,8.600000381469727,8.600000381469727
2018-06-01,8.699999809265137,8.699999809265137
2018-06-04,8.779999732971191,8.779999732971191
2018-06-05,8.829999923706055,8.829999923706055
2018-06-06,8.850000381469727,8.850000381469727
2018-06-07,8.789999961853027,8.789999961853027
2018-06-08,8.760000228881836,8.760000228881836
2018-06-11,8.789999961853027,8.789999961853027
2018-06-12,8.819999694824219,8.819999694824219
2018-06-13,8.899999618530273,8.899999618530273
2018-06-14,8.880000114440918,8.880000114440918
2018-06-15,8.819999694824219,8.819999694824219
2018-06-18,8.84000015258789,8.84000015258789
2018-06-19,8.760000228881836,8.760000228881836
2018-06-20,8.84000015258789,8.84000015258789
2018-06-21,8.789999961853027,8.789999961853027
2018-06-22,8.720000267028809,8.720000267028809
2018-06-25,8.510000228881836,8.510000228881836
2018-06-26,8.5600004196167,8.5600004196167
2018-06-27,8.569999694824219,8.569999694824219
2018-06-28,8.510000228881836,8.510000228881836
2018-06-29,8.579999923706055,8.579999923706055
2018-07-02,8.529999732971191,8.529999732971191
2018-07-03,8.579999923706055,8.579999923706055
2018-07-04,8.5,8.5
2018-07-05,8.569999694824219,8.569999694824219
2018-07-06,8.699999809265137,8.699999809265137
2018-07-09,8.760000228881836,8.760000228881836
2018-07-10,8.829999923706055,8.829999923706055
2018-07-11,8.779999732971191,8.779999732971191
2018-07-12,8.899999618530273,8.899999618530273
2018-07-13,8.949999809265137,8.949999809265137
2018-07-16,8.930000305175781,8.930000305175781
2018-07-17,8.920000076293945,8.920000076293945
2018-07-18,8.960000038146973,8.960000038146973
2018-07-19,8.960000038146973,8.960000038146973
2018-07-20,8.989999771118164,8.989999771118164
2018-07-23,8.9399995803833,8.9399995803833
2018-07-24,9.069999694824219,9.069999694824219
2018-07-25,9.079999923706055,9.079999923706055
2018-07-26,9.039999961853027,9.039999961853027
2018-07-27,8.930000305175781,8.930000305175781
2018-07-30,8.699999809265137,8.699999809265137
2018-07-31,8.720000267028809,8.720000267028809
2018-08-01,8.800000190734863,8.800000190734863
2018-08-02,8.850000381469727,8.850000381469727
2018-08-03,8.899999618530273,8.899999618530273
2018-08-06,8.960000038146973,8.960000038146973
2018-08-07,9.010000228881836,9.010000228881836
2018-08-08,9.0600004196167,9.0600004196167
2018-08-09,9.079999923706055,9.079999923706055
2018-08-10,9.010000228881836,9.010000228881836
2018-08-13,9.010000228881836,9.010000228881836
2018-08-14,9.010000228881836,9.010000228881836
2018-08-15,8.90999984741211,8.90999984741211
2018-08-16,9.0,9.0
2018-08-17,8.930000305175781,8.930000305175781
2018-08-20,8.930000305175781,8.930000305175781
2018-08-21,8.979999542236328,8.979999542236328
2018-08-22,9.010000228881836,9.010000228881836
2018-08-23,9.029999732971191,9.029999732971191
2018-08-24,9.109999656677246,9.109999656677246
2018-08-28,9.229999542236328,9.229999542236328
2018-08-29,9.319999694824219,9.319999694824219
2018-08-30,9.319999694824219,9.319999694824219
2018-08-31,9.300000190734863,9.300000190734863
2018-09-03,9.329999923706055,9.329999923706055
2018-09-04,9.270000457763672,9.270000457763672
2018-09-05,9.109999656677246,9.109999656677246
2018-09-06,9.050000190734863,9.050000190734863
2018-09-07,9.109999656677246,9.109999656677246
2018-09-10,9.069999694824219,9.069999694824219
2018-09-11,9.100000381469727,9.100000381469727
2018-09-12,9.100000381469727,9.100000381469727
2018-09-13,9.1899995803833,9.1899995803833
2018-09-14,9.220000267028809,9.220000267028809
2018-09-17,9.119999885559082,9.119999885559082
2018-09-18,9.170000076293945,9.170000076293945
2018-09-19,9.109999656677246,9.109999656677246
2018-09-20,9.220000267028809,9.220000267028809
2018-09-21,9.25,9.25
2018-09-24,9.210000038146973,9.210000038146973
2018-09-25,9.229999542236328,9.229999542236328
2018-09-26,9.260000228881836,9.260000228881836
2018-09-27,9.25,9.25
2018-09-28,9.260000228881836,9.260000228881836
2018-10-01,9.350000381469727,9.350000381469727
2018-10-02,9.350000381469727,9.350000381469727
2018-10-03,9.380000114440918,9.380000114440918
2018-10-04,9.220000267028809,9.220000267028809
2018-10-05,9.069999694824219,9.069999694824219
2018-10-08,8.9399995803833,8.9399995803833
2018-10-09,9.029999732971191,9.029999732971191
2018-10-10,8.760000228881836,8.760000228881836
2018-10-11,8.529999732971191,8.529999732971191
2018-10-12,8.670000076293945,8.670000076293945
2018-10-15,8.680000305175781,8.680000305175781
2018-10-16,8.75,8.75
2018-10-17,8.779999732971191,8.779999732971191
2018-10-18,8.680000305175781,8.680000305175781
2018-10-19,8.699999809265137,8.699999809265137
2018-10-22,8.720000267028809,8.720000267028809
2018-10-23,8.520000457763672,8.520000457763672
2018-10-24,8.470000267028809,8.470000267028809
2018-10-25,8.510000228881836,8.510000228881836
2018-10-26,8.369999885559082,8.369999885559082
2018-10-29,8.350000381469727,8.350000381469727
2018-10-30,8.279999732971191,8.279999732971191
2018-10-31,8.529999732971191,8.529999732971191
2018-11-01,8.579999923706055,8.579999923706055
2018-11-02,8.470000267028809,8.470000267028809
2018-11-05,8.390000343322754,8.390000343322754
2018-11-06,8.489999771118164,8.489999771118164
2018-11-07,8.720000267028809,8.720000267028809
2018-11-08,8.729999542236328,8.729999542236328
2018-11-09,8.600000381469727,8.600000381469727
2018-11-12,8.289999961853027,8.289999961853027
2018-11-13,8.430000305175781,8.430000305175781
2018-11-14,8.260000228881836,8.260000228881836
2018-11-15,8.3100004196167,8.3100004196167
2018-11-16,8.380000114440918,8.380000114440918
2018-11-19,8.15999984741211,8.15999984741211
2018-11-20,7.929999828338623,7.929999828338623
2018-11-21,8.010000228881836,8.010000228881836
2018-11-22,7.869999885559082,7.869999885559082
2018-11-23,7.920000076293945,7.920000076293945
2018-11-26,8.010000228881836,8.010000228881836
2018-11-27,8.069999694824219,8.069999694824219
2018-11-28,8.149999618530273,8.149999618530273
2018-11-29,8.270000457763672,8.270000457763672
2018-11-30,8.289999961853027,8.289999961853027
2018-12-03,8.489999771118164,8.489999771118164
2018-12-04,8.430000305175781,8.430000305175781
2018-12-05,8.25,8.25
2018-12-06,8.0,8.0
2018-12-07,8.0600004196167,8.0600004196167
2018-12-10,7.900000095367432,7.900000095367432
2018-12-11,8.130000114440918,8.130000114440918
2018-12-12,8.25,8.25
2018-12-13,8.149999618530273,8.149999618530273
2018-12-14,8.039999961853027,8.039999961853027
2018-12-17,7.940000057220459,7.940000057220459
2018-12-18,7.820000171661377,7.820000171661377
2018-12-19,7.889999866485596,7.889999866485596
2018-12-20,7.579999923706055,7.579999923706055
2018-12-21,7.53000020980835,7.53000020980835
2018-12-24,7.260000228881836,7.260000228881836
2018-12-27,7.409999847412109,7.409999847412109
2018-12-28,7.590000152587891,7.590000152587891
2018-12-31,7.670000076293945,7.670000076293945
2019-01-02,7.659999847412109,7.659999847412109
2019-01-03,7.369999885559082,7.369999885559082
2019-01-04,7.559999942779541,7.559999942779541
2019-01-07,7.639999866485596,7.639999866485596
2019-01-08,7.650000095367432,7.650000095367432
2019-01-09,7.829999923706055,7.829999923706055
2019-01-10,7.820000171661377,7.820000171661377
2019-01-11,7.820000171661377,7.820000171661377
2019-01-14,7.78000020980835,7.78000020980835
2019-01-15,7.860000133514404,7.860000133514404
2019-01-16,7.920000076293945,7.920000076293945
2019-01-17,7.900000095367432,7.900000095367432
2019-01-18,8.079999923706055,8.079999923706055
2019-01-21,8.020000457763672,8.020000457763672
2019-01-22,7.989999771118164,7.989999771118164
2019-01-23,7.949999809265137,7.949999809265137
2019-01-24,8.010000228881836,8.010000228881836
2019-01-25,8.130000114440918,8.130000114440918
2019-01-28,8.020000457763672,8.020000457763672
2019-01-29,7.960000038146973,7.960000038146973
2019-01-30,8.081250190734863,8.081250190734863
2019-01-31,8.186249732971191,8.186249732971191
2019-02-01,8.260000228881836,8.260000228881836
2019-02-04,8.345000267028809,8.345000267028809
2019-02-05,8.436249732971191,8.436249732971191
2019-02-06,8.479999542236328,8.479999542236328
2019-02-07,8.348750114440918,8.348750114440918
2019-02-08,8.3125,8.3125
2019-02-11,8.40250015258789,8.40250015258789
2019-02-12,8.49625015258789,8.49625015258789
2019-02-13,8.529999732971191,8.529999732971191
2019-02-14,8.524999618530273,8.524999618530273
2019-02-15,8.567500114440918,8.567500114440918
2019-02-18,8.618749618530273,8.618749618530273
2019-02-19,8.581250190734863,8.581250190734863
2019-02-20,8.633749961853027,8.633749961853027
2019-02-21,8.603750228881836,8.603750228881836
2019-02-22,8.72249984741211,8.72249984741211
2019-02-25,8.807499885559082,8.807499885559082
2019-02-26,8.802499771118164,8.802499771118164
2019-02-27,8.7524995803833,8.7524995803833
2019-02-28,8.742500305175781,8.742500305175781
2019-03-01,8.765000343322754,8.765000343322754
2019-03-04,8.765000343322754,8.765000343322754
2019-03-05,8.760000228881836,8.760000228881836
2019-03-06,8.717499732971191,8.717499732971191
2019-03-07,8.637499809265137,8.637499809265137
2019-03-08,8.588749885559082,8.588749885559082
2019-03-11,8.787500381469727,8.787500381469727
2019-03-12,8.8774995803833,8.8774995803833
2019-03-13,8.962499618530273,8.962499618530273
2019-03-14,8.948749542236328,8.948749542236328
2019-03-15,9.087499618530273,9.087499618530273
2019-03-18,9.037500381469727,9.037500381469727
2019-03-19,9.130000114440918,9.130000114440918
2019-03-20,9.015000343322754,9.015000343322754
2019-03-21,9.229999542236328,9.229999542236328
2019-03-22,9.164999961853027,9.164999961853027
2019-03-25,9.032500267028809,9.032500267028809
2019-03-26,9.130000114440918,9.130000114440918
2019-03-27,9.03499984741211,9.03499984741211
2019-03-28,9.072500228881836,9.072500228881836
2019-03-29,9.132499694824219,9.132499694824219
2019-04-01,9.27750015258789,9.27750015258789
2019-04-02,9.3125,9.3125
2019-04-03,9.427499771118164,9.427499771118164
2019-04-04,9.359999656677246,9.359999656677246
2019-04-05,9.412500381469727,9.412500381469727
2019-04-08,9.399999618530273,9.399999618530273
2019-04-09,9.404999732971191,9.404999732971191
2019-04-10,9.46500015258789,9.46500015258789
2019-04-11,9.470000267028809,9.470000267028809
2019-04-12,9.484999656677246,9.484999656677246
2019-04-15,9.5,9.5
2019-04-16,9.5649995803833,9.5649995803833
2019-04-17,9.587499618530273,9.587499618530273
2019-04-18,9.59749984741211,9.59749984741211
2019-04-23,9.737500190734863,9.737500190734863
2019-04-24,9.819999694824219,9.819999694824219
2019-04-25,9.760000228881836,9.760000228881836
2019-04-26,9.717499732971191,9.717499732971191
2019-04-29,9.742500305175781,9.742500305175781
2019-04-30,9.71500015258789,9.71500015258789
2019-05-01,9.857500076293945,9.857500076293945
2019-05-02,9.696249961853027,9.696249961853027
2019-05-03,9.743749618530273,9.743749618530273
2019-05-07,9.512499809265137,9.512499809265137
2019-05-08,9.5024995803833,9.5024995803833
2019-05-09,9.279999732971191,9.279999732971191
2019-05-10,9.234999656677246,9.234999656677246
2019-05-13,9.112500190734863,9.112500190734863
2019-05-14,9.255000114440918,9.255000114440918
2019-05-15,9.324999809265137,9.324999809265137
2019-05-16,9.457500457763672,9.457500457763672
2019-05-17,9.43375015258789,9.43375015258789
2019-05-20,9.21500015258789,9.21500015258789
2019-05-21,9.300000190734863,9.300000190734863
2019-05-22,9.255000114440918,9.255000114440918
2019-05-23,9.0625,9.0625
2019-05-24,9.104999542236328,9.104999542236328
2019-05-28,9.109999656677246,9.109999656677246
2019-05-29,8.975000381469727,8.975000381469727
2019-05-30,9.042499542236328,9.042499542236328
2019-05-31,8.975000381469727,8.975000381469727
2019-06-03,8.90999984741211,8.90999984741211
2019-06-04,8.984999656677246,8.984999656677246
2019-06-05,9.1225004196167,9.1225004196167
2019-06-06,9.202500343322754,9.202500343322754
2019-06-07,9.454999923706055,9.454999923706055
2019-06-10,9.612500190734863,9.612500190734863
2019-06-11,9.52750015258789,9.52750015258789
2019-06-12,9.467499732971191,9.467499732971191
2019-06-13,9.494999885559082,9.494999885559082
2019-06-14,9.4375,9.4375
2019-06-17,9.456250190734863,9.456250190734863
2019-06-18,9.630000114440918,9.630000114440918
2019-06-19,9.619999885559082,9.619999885559082
2019-06-20,9.755000114440918,9.755000114440918
2019-06-21,9.787500381469727,9.787500381469727
2019-06-24,9.772500038146973,9.772500038146973
2019-06-25,9.672499656677246,9.672499656677246
2019-06-26,9.72249984741211,9.72249984741211
2019-06-27,9.682499885559082,9.682499885559082
2019-06-28,9.697500228881836,9.697500228881836
2019-07-01,9.880000114440918,9.880000114440918
2019-07-02,9.866250038146973,9.866250038146973
2019-07-03,9.9350004196167,9.9350004196167
2019-07-04,9.994999885559082,9.994999885559082
2019-07-05,9.890000343322754,9.890000343322754
2019-07-08,9.84000015258789,9.84000015258789
2019-07-09,9.859999656677246,9.859999656677246
2019-07-10,9.967499732971191,9.967499732971191
2019-07-11,10.045000076293945,10.045000076293945
2019-07-12,10.045000076293945,10.045000076293945
2019-07-15,10.104999542236328,10.104999542236328
2019-07-16,10.079999923706055,10.079999923706055
2019-07-17,10.029999732971191,10.029999732971191
2019-07-18,9.984999656677246,9.984999656677246
2019-07-19,10.130000114440918,10.130000114440918
2019-07-22,10.1274995803833,10.1274995803833
2019-07-23,10.15999984741211,10.15999984741211
2019-07-24,10.217499732971191,10.217499732971191
2019-07-25,10.22249984741211,10.22249984741211
2019-07-26,10.2524995803833,10.2524995803833
2019-07-29,10.25,10.25
2019-07-30,10.207500457763672,10.207500457763672
2019-07-31,10.22249984741211,10.22249984741211
2019-08-01,10.244999885559082,10.244999885559082
2019-08-02,9.765000343322754,9.765000343322754
2019-08-05,9.4975004196167,9.4975004196167
2019-08-06,9.470000267028809,9.470000267028809
2019-08-07,9.550000190734863,9.550000190734863
2019-08-08,9.8149995803833,9.8149995803833
2019-08-09,9.692500114440918,9.692500114440918
2019-08-12,9.667499542236328,9.667499542236328
2019-08-13,9.801250457763672,9.801250457763672
2019-08-14,9.625,9.625
2019-08-15,9.532500267028809,9.532500267028809
2019-08-16,9.704999923706055,9.704999923706055
2019-08-19,9.890000343322754,9.890000343322754
2019-08-20,9.887499809265137,9.887499809265137
2019-08-21,9.960000038146973,9.960000038146973
2019-08-22,9.864999771118164,9.864999771118164
2019-08-23,9.692500114440918,9.692500114440918
2019-08-27,9.702500343322754,9.702500343322754
2019-08-28,9.6899995803833,9.6899995803833
2019-08-29,9.885000228881836,9.885000228881836
2019-08-30,9.854999542236328,9.854999542236328
2019-09-02,9.831250190734863,9.831250190734863
2019-09-03,9.774999618530273,9.774999618530273
2019-09-04,9.912500381469727,9.912500381469727
2019-09-05,10.135000228881836,10.135000228881836
2019-09-06,10.130000114440918,10.130000114440918
2019-09-09,10.109999656677246,10.109999656677246
2019-09-10,9.914999961853027,9.914999961853027
2019-09-11,10.055000305175781,10.055000305175781
2019-09-12,10.15999984741211,10.15999984741211
2019-09-13,10.114999771118164,10.114999771118164
2019-09-16,10.055000305175781,10.055000305175781
2019-09-17,10.055000305175781,10.055000305175781
2019-09-18,10.074999809265137,10.074999809265137
2019-09-19,10.194999694824219,10.194999694824219
2019-09-20,10.114999771118164,10.114999771118164
2019-09-23,10.045000076293945,10.045000076293945
2019-09-24,10.045000076293945,10.045000076293945
2019-09-25,9.9399995803833,9.9399995803833
2019-09-26,10.010000228881836,10.010000228881836
2019-09-27,10.050000190734863,10.050000190734863
2019-09-30,10.03499984741211,10.03499984741211
2019-10-01,10.045000076293945,10.045000076293945
2019-10-02,9.727499961853027,9.727499961853027
2019-10-03,9.802499771118164,9.802499771118164
2019-10-04,9.994999885559082,9.994999885559082
2019-10-07,10.045000076293945,10.045000076293945
2019-10-08,9.864999771118164,9.864999771118164
2019-10-09,9.932499885559082,9.932499885559082
2019-10-10,10.050000190734863,10.050000190734863
2019-10-11,10.244999885559082,10.244999885559082
2019-10-14,10.175000190734863,10.175000190734863
2019-10-15,10.270000457763672,10.270000457763672
2019-10-16,10.1899995803833,10.1899995803833
2019-10-17,10.154999732971191,10.154999732971191
2019-10-18,10.104999542236328,10.104999542236328
2019-10-21,10.154999732971191,10.154999732971191
2019-10-22,10.170000076293945,10.170000076293945
2019-10-23,10.039999961853027,10.039999961853027
2019-10-24,10.210000038146973,10.210000038146973
2019-10-25,10.34000015258789,10.34000015258789
2019-10-28,10.430000305175781,10.430000305175781
2019-10-29,10.430000305175781,10.430000305175781
2019-10-30,10.385000228881836,10.385000228881836
2019-10-31,10.395000457763672,10.395000457763672
2019-11-01,10.489999771118164,10.489999771118164
2019-11-04,10.604999542236328,10.604999542236328
2019-11-05,10.600000381469727,10.600000381469727
2019-11-06,10.574999809265137,10.574999809265137
2019-11-07,10.725000381469727,10.725000381469727
2019-11-08,10.649999618530273,10.649999618530273
2019-11-11,10.710000038146973,10.710000038146973
2019-11-12,10.795000076293945,10.795000076293945
2019-11-13,10.774999618530273,10.774999618530273
2019-11-14,10.755000114440918,10.755000114440918
2019-11-15,10.869999885559082,10.869999885559082
2019-11-18,10.875,10.875
2019-11-19,10.9350004196167,10.9350004196167
2019-11-20,10.895000457763672,10.895000457763672
2019-11-21,10.805000305175781,10.805000305175781
2019-11-22,10.78499984741211,10.78499984741211
2019-11-25,10.920000076293945,10.920000076293945
2019-11-26,10.96500015258789,10.96500015258789
2019-11-27,10.994999885559082,10.994999885559082
2019-11-28,11.015000343322754,11.015000343322754
2019-11-29,10.989999771118164,10.989999771118164
2019-12-02,10.800000190734863,10.800000190734863
2019-12-03,10.640000343322754,10.640000343322754
2019-12-04,10.805000305175781,10.805000305175781
2019-12-05,10.800000190734863,10.800000190734863
2019-12-06,10.9350004196167,10.9350004196167
2019-12-09,10.920000076293945,10.920000076293945
2019-12-10,10.930000305175781,10.930000305175781
2019-12-11,10.9350004196167,10.9350004196167
2019-12-12,11.010000228881836,11.010000228881836
2019-12-13,11.119999885559082,11.119999885559082
2019-12-16,11.295000076293945,11.295000076293945
2019-12-17,11.234999656677246,11.234999656677246
2019-12-18,11.262499809265137,11.262499809265137
2019-12-19,11.270000457763672,11.270000457763672
2019-12-20,11.385000228881836,11.385000228881836
2019-12-23,11.4350004196167,11.4350004196167
2019-12-24,11.425000190734863,11.425000190734863
2019-12-27,11.529999732971191,11.529999732971191
2019-12-30,11.404999732971191,11.404999732971191
2019-12-31,11.414999961853027,11.414999961853027
2020-01-02,11.574999809265137,11.574999809265137
2020-01-03,11.569999694824219,11.569999694824219
2020-01-06,11.53499984741211,11.53499984741211
2020-01-07,11.609999656677246,11.609999656677246
2020-01-08,11.630000114440918,11.630000114440918
2020-01-09,11.819999694824219,11.819999694824219
2020-01-10,11.850000381469727,11.850000381469727
2020-01-13,11.885000228881836,11.885000228881836
2020-01-14,11.920000076293945,11.920000076293945
2020-01-15,11.9399995803833,11.9399995803833
2020-01-16,11.984999656677246,11.984999656677246
2020-01-17,12.085000038146973,12.085000038146973
2020-01-20,12.135000228881836,12.135000228881836
2020-01-21,12.1850004196167,12.1850004196167
2020-01-22,12.244999885559082,12.244999885559082
2020-01-23,12.164999961853027,12.164999961853027
2020-01-24,12.3149995803833,12.3149995803833
2020-01-27,11.895000457763672,11.895000457763672
2020-01-28,12.095000267028809,12.095000267028809
2020-01-29,12.180000305175781,12.180000305175781
2020-01-30,12.135000228881836,12.135000228881836
2020-01-31,12.03499984741211,12.03499984741211
2020-02-03,12.029999732971191,12.029999732971191
2020-02-04,12.404999732971191,12.404999732971191
2020-02-05,12.414999961853027,12.414999961853027
2020-02-06,12.550000190734863,12.550000190734863
2020-02-07,12.555000305175781,12.555000305175781
2020-02-10,12.529999732971191,12.529999732971191
2020-02-11,12.6899995803833,12.6899995803833
2020-02-12,12.6899995803833,12.6899995803833
2020-02-13,12.744999885559082,12.744999885559082
2020-02-14,12.75,12.75
2020-02-17,12.8100004196167,12.8100004196167
2020-02-18,12.649999618530273,12.649999618530273
2020-02-19,12.854999542236328,12.854999542236328
2020-02-20,12.579999923706055,12.579999923706055
2020-02-21,12.515000343322754,12.515000343322754
2020-02-24,11.96500015258789,11.96500015258789
2020-02-25,11.734999656677246,11.734999656677246
2020-02-26,11.765000343322754,11.765000343322754
2020-02-27,11.210000038146973,11.210000038146973
2020-02-28,10.895000457763672,10.895000457763672
2020-03-02,11.345000267028809,11.345000267028809
2020-03-03,11.484999656677246,11.484999656677246
2020-03-04,11.460000038146973,11.460000038146973
2020-03-05,11.5649995803833,11.5649995803833
2020-03-06,11.0600004196167,11.0600004196167
2020-03-09,10.520000457763672,10.520000457763672
2020-03-10,10.454999923706055,10.454999923706055
2020-03-11,10.574999809265137,10.574999809265137
2020-03-12,9.545000076293945,9.545000076293945
2020-03-13,9.699999809265137,9.699999809265137
2020-03-16,9.65999984741211,9.65999984741211
2020-03-17,9.5600004196167,9.5600004196167
2020-03-18,9.1875,9.1875
2020-03-19,9.28499984741211,9.28499984741211
2020-03-20,9.3149995803833,9.3149995803833
2020-03-23,8.755000114440918,8.755000114440918
2020-03-24,9.694999694824219,9.694999694824219
2020-03-25,9.9350004196167,9.9350004196167
2020-03-26,10.199999809265137,10.199999809265137
2020-03-27,9.96500015258789,9.96500015258789
2020-03-30,10.25,10.25
2020-03-31,10.399999618530273,10.399999618530273
2020-04-01,9.854999542236328,9.854999542236328
2020-04-02,9.774999618530273,9.774999618530273
2020-04-03,9.720000267028809,9.720000267028809
2020-04-06,10.255000114440918,10.255000114440918
2020-04-07,10.6850004196167,10.6850004196167
2020-04-08,10.654999732971191,10.654999732971191
2020-04-09,10.72249984741211,10.72249984741211
2020-04-14,11.055000305175781,11.055000305175781
2020-04-15,10.920000076293945,10.920000076293945
2020-04-16,11.029999732971191,11.029999732971191
2020-04-17,11.100000381469727,11.100000381469727
2020-04-20,11.154999732971191,11.154999732971191
2020-04-21,10.550000190734863,10.550000190734863
2020-04-22,10.845000267028809,10.845000267028809
2020-04-23,11.055000305175781,11.055000305175781
2020-04-24,10.925000190734863,10.925000190734863
2020-04-27,11.227499961853027,11.227499961853027
2020-04-28,11.21500015258789,11.21500015258789
2020-04-29,11.460000038146973,11.460000038146973
2020-04-30,11.489999771118164,11.489999771118164
2020-05-01,11.260000228881836,11.260000228881836
2020-05-04,11.194999694824219,11.194999694824219
2020-05-05,11.515000343322754,11.515000343322754
2020-05-06,11.602499961853027,11.602499961853027
2020-05-07,11.725000381469727,11.725000381469727
2020-05-11,11.920000076293945,11.920000076293945
2020-05-12,11.975000381469727,11.975000381469727
2020-05-13,11.640000343322754,11.640000343322754
2020-05-14,11.460000038146973,11.460000038146973
2020-05-15,11.5,11.5
2020-05-18,12.029999732971191,12.029999732971191
2020-05-19,12.149999618530273,12.149999618530273
2020-05-20,12.244999885559082,12.244999885559082
2020-05-21,12.077500343322754,12.077500343322754
2020-05-22,12.020000457763672,12.020000457763672
2020-05-26,12.1850004196167,12.1850004196167
2020-05-27,11.917499542236328,11.917499542236328
2020-05-28,12.210000038146973,12.210000038146973
2020-05-29,12.114999771118164,12.114999771118164
2020-06-01,12.229999542236328,12.229999542236328
2020-06-02,12.234999656677246,12.234999656677246
2020-06-03,12.449999809265137,12.449999809265137
2020-06-04,12.430000305175781,12.430000305175781
2020-06-05,12.699999809265137,12.699999809265137
2020-06-08,12.664999961853027,12.664999961853027
2020-06-09,12.835000038146973,12.835000038146973
2020-06-10,12.984999656677246,12.984999656677246
2020-06-11,12.694999694824219,12.694999694824219
2020-06-12,12.392499923706055,12.392499923706055
2020-06-15,12.354999542236328,12.354999542236328
2020-06-16,12.854999542236328,12.854999542236328
2020-06-17,12.887499809265137,12.887499809265137
2020-06-18,12.890000343322754,12.890000343322754
2020-06-19,12.994999885559082,12.994999885559082
2020-06-22,12.942500114440918,12.942500114440918
2020-06-23,13.227499961853027,13.227499961853027
2020-06-24,12.890000343322754,12.890000343322754
2020-06-25,12.800000190734863,12.800000190734863
2020-06-26,12.805000305175781,12.805000305175781
2020-06-29,12.8149995803833,12.8149995803833
2020-06-30,13.039999961853027,13.039999961853027
2020-07-01,13.132499694824219,13.132499694824219
2020-07-02,13.265000343322754,13.265000343322754
2020-07-03,13.229999542236328,13.229999542236328
2020-07-06,13.5,13.5
2020-07-07,13.529999732971191,13.529999732971191
2020-07-08,13.390000343322754,13.390000343322754
2020-07-09,13.4350004196167,13.4350004196167
2020-07-10,13.515000343322754,13.515000343322754
2020-07-13,13.734999656677246,13.734999656677246
2020-07-14,13.260000228881836,13.260000228881836
2020-07-15,13.489999771118164,13.489999771118164
2020-07-16,13.260000228881836,13.260000228881836
2020-07-17,13.350000381469727,13.350000381469727
2020-07-20,13.600000381469727,13.600000381469727
2020-07-21,13.6850004196167,13.6850004196167
2020-07-22,13.6850004196167,13.6850004196167
2020-07-23,13.6850004196167,13.6850004196167
2020-07-24,13.270000457763672,13.270000457763672
2020-07-27,13.295000076293945,13.295000076293945
2020-07-28,13.354999542236328,13.354999542236328
2020-07-29,13.404999732971191,13.404999732971191
2020-07-30,13.425000190734863,13.425000190734863
2020-07-31,13.630000114440918,13.630000114440918
2020-08-03,14.109999656677246,14.109999656677246
2020-08-04,14.140000343322754,14.140000343322754
2020-08-05,14.25,14.25
2020-08-06,14.255000114440918,14.255000114440918
2020-08-07,14.345000267028809,14.345000267028809
2020-08-10,14.135000228881836,14.135000228881836
2020-08-11,14.15999984741211,14.15999984741211
2020-08-12,14.21500015258789,14.21500015258789
2020-08-13,14.3149995803833,14.3149995803833
2020-08-14,14.244999885559082,14.244999885559082
2020-08-17,14.345000267028809,14.345000267028809
2020-08-18,14.380000114440918,14.380000114440918
2020-08-19,14.470000267028809,14.470000267028809
2020-08-20,14.46500015258789,14.46500015258789
2020-08-21,14.680000305175781,14.680000305175781
2020-08-24,14.819999694824219,14.819999694824219
2020-08-25,14.864999771118164,14.864999771118164
2020-08-26,15.1850004196167,15.1850004196167
2020-08-27,15.324999809265137,15.324999809265137
2020-08-28,15.369999885559082,15.369999885559082
2020-09-01,15.609999656677246,15.609999656677246
2020-09-02,15.739999771118164,15.739999771118164
2020-09-03,15.085000038146973,15.085000038146973
2020-09-04,14.375,14.375
2020-09-07,14.680000305175781,14.680000305175781
2020-09-08,14.329999923706055,14.329999923706055
2020-09-09,14.520000457763672,14.520000457763672
2020-09-10,14.579999923706055,14.579999923706055
2020-09-11,14.204999923706055,14.204999923706055
2020-09-14,14.454999923706055,14.454999923706055
2020-09-15,14.65999984741211,14.65999984741211
2020-09-16,14.574999809265137,14.574999809265137
2020-09-17,14.220000267028809,14.220000267028809
2020-09-18,14.010000228881836,14.010000228881836
2020-09-21,13.725000381469727,13.725000381469727
2020-09-22,14.0600004196167,14.0600004196167
2020-09-23,14.164999961853027,14.164999961853027
2020-09-24,14.010000228881836,14.010000228881836
2020-09-25,14.135000228881836,14.135000228881836
2020-09-28,14.460000038146973,14.460000038146973
2020-09-29,14.524999618530273,14.524999618530273
2020-09-30,14.6899995803833,14.6899995803833
2020-10-01,14.800000190734863,14.800000190734863
2020-10-02,14.520000457763672,14.520000457763672
2020-10-05,14.625,14.625
2020-10-06,14.664999961853027,14.664999961853027
2020-10-07,14.720000267028809,14.720000267028809
2020-10-08,14.800000190734863,14.800000190734863
2020-10-09,15.0,15.0
2020-10-12,15.399999618530273,15.399999618530273
2020-10-13,15.550000190734863,15.550000190734863
2020-10-14,15.359999656677246,15.359999656677246
2020-10-15,15.114999771118164,15.114999771118164
2020-10-16,15.244999885559082,15.244999885559082
2020-10-19,15.154999732971191,15.154999732971191
2020-10-20,14.904999732971191,14.904999732971191
2020-10-21,14.9350004196167,14.9350004196167
2020-10-22,14.78499984741211,14.78499984741211
2020-10-23,14.755000114440918,14.755000114440918
2020-10-26,14.470000267028809,14.470000267028809
2020-10-27,14.585000038146973,14.585000038146973
2020-10-28,14.09000015258789,14.09000015258789
2020-10-29,14.194999694824219,14.194999694824219
2020-10-30,13.892499923706055,13.892499923706055
2020-11-02,13.925000190734863,13.925000190734863
2020-11-03,14.260000228881836,14.260000228881836
2020-11-04,14.692500114440918,14.692500114440918
2020-11-05,15.15999984741211,15.15999984741211
2020-11-06,15.170000076293945,15.170000076293945
2020-11-09,15.625,15.625
2020-11-10,14.890000343322754,14.890000343322754
2020-11-11,15.140000343322754,15.140000343322754
2020-11-12,15.145000457763672,15.145000457763672
2020-11-13,15.077500343322754,15.077500343322754
2020-11-16,15.335000038146973,15.335000038146973
2020-11-17,15.25,15.25
2020-11-18,15.244999885559082,15.244999885559082
2020-11-19,15.125,15.125
2020-11-20,15.220000267028809,15.220000267028809
2020-11-23,14.954999923706055,14.954999923706055
2020-11-24,15.202500343322754,15.202500343322754
2020-11-25,15.319999694824219,15.319999694824219
2020-11-26,15.350000381469727,15.350000381469727
2020-11-27,15.4350004196167,15.4350004196167
2020-11-30,15.244999885559082,15.244999885559082
2020-12-01,15.704999923706055,15.704999923706055
2020-12-02,15.602499961853027,15.602499961853027
2020-12-03,15.699999809265137,15.699999809265137
2020-12-04,15.779999732971191,15.779999732971191
2020-12-07,15.869999885559082,15.869999885559082
2020-12-08,15.864999771118164,15.864999771118164
2020-12-09,15.864999771118164,15.864999771118164
2020-12-10,15.670000076293945,15.670000076293945
2020-12-11,15.475000381469727,15.475000381469727
2020-12-14,15.729999542236328,15.729999542236328
2020-12-15,15.760000228881836,15.760000228881836
2020-12-16,15.989999771118164,15.989999771118164
2020-12-17,16.094999313354492,16.094999313354492
2020-12-18,16.059999465942383,16.059999465942383
2020-12-21,15.859999656677246,15.859999656677246
2020-12-22,16.174999237060547,16.174999237060547
2020-12-23,16.18000030517578,16.18000030517578
2020-12-24,16.145000457763672,16.145000457763672
2020-12-29,16.424999237060547,16.424999237060547
2020-12-30,16.385000228881836,16.385000228881836
2020-12-31,16.34000015258789,16.34000015258789
2021-01-04,16.110000610351562,16.110000610351562
2021-01-05,16.104999542236328,16.104999542236328
2021-01-06,16.155000686645508,16.155000686645508
2021-01-07,16.295000076293945,16.295000076293945
2021-01-08,16.354999542236328,16.354999542236328
2021-01-11,16.350000381469727,16.350000381469727
2021-01-12,16.219999313354492,16.219999313354492
2021-01-13,16.337499618530273,16.337499618530273
2021-01-14,16.309999465942383,16.309999465942383
2021-01-15,16.110000610351562,16.110000610351562
2021-01-18,16.024999618530273,16.024999618530273
2021-01-19,16.084999084472656,16.084999084472656
2021-01-20,16.53499984741211,16.53499984741211
2021-01-21,16.655000686645508,16.655000686645508
2021-01-22,16.700000762939453,16.700000762939453
2021-01-25,16.645000457763672,16.645000457763672
2021-01-26,16.844999313354492,16.844999313354492
2021-01-27,16.614999771118164,16.614999771118164
2021-01-28,16.69499969482422,16.69499969482422
2021-01-29,16.295000076293945,16.295000076293945
2021-02-01,16.530000686645508,16.530000686645508
2021-02-02,16.780000686645508,16.780000686645508
2021-02-03,16.795000076293945,16.795000076293945
2021-02-04,16.885000228881836,16.885000228881836
2021-02-05,16.975000381469727,16.975000381469727
2021-02-08,17.06999969482422,17.06999969482422
2021-02-09,17.170000076293945,17.170000076293945
2021-02-10,17.09000015258789,17.09000015258789
2021-02-11,17.309999465942383,17.309999465942383
2021-02-12,17.350000381469727,17.350000381469727
2021-02-15,17.479999542236328,17.479999542236328
2021-02-16,17.360000610351562,17.360000610351562
2021-02-17,17.010000228881836,17.010000228881836
2021-02-18,16.954999923706055,16.954999923706055
2021-02-19,17.190000534057617,17.190000534057617
2021-02-22,16.760000228881836,16.760000228881836
2021-02-23,16.485000610351562,16.485000610351562
2021-02-24,16.69499969482422,16.69499969482422
2021-02-25,16.625,16.625
2021-02-26,16.514999389648438,16.514999389648438
2021-03-01,16.825000762939453,16.825000762939453
2021-03-02,16.69499969482422,16.69499969482422
2021-03-03,16.5049991607666,16.5049991607666
2021-03-04,16.19499969482422,16.19499969482422
2021-03-05,15.710000038146973,15.710000038146973
2021-03-08,16.084999084472656,16.084999084472656
2021-03-09,16.299999237060547,16.299999237060547
2021-03-10,16.315000534057617,16.315000534057617
2021-03-11,16.63249969482422,16.63249969482422
2021-03-12,16.3700008392334,16.3700008392334
2021-03-15,16.520000457763672,16.520000457763672
2021-03-16,16.825000762939453,16.825000762939453
2021-03-17,16.579999923706055,16.579999923706055
2021-03-18,16.514999389648438,16.514999389648438
2021-03-19,16.334999084472656,16.334999084472656
2021-03-22,16.610000610351562,16.610000610351562
2021-03-23,16.559999465942383,16.559999465942383
2021-03-24,16.44499969482422,16.44499969482422
2021-03-25,16.190000534057617,16.190000534057617
2021-03-26,16.440000534057617,16.440000534057617
2021-03-29,16.549999237060547,16.549999237060547
2021-03-30,16.422500610351562,16.422500610351562
2021-03-31,16.690000534057617,16.690000534057617
2021-04-01,16.96500015258789,16.96500015258789
2021-04-06,17.364999771118164,17.364999771118164
2021-04-07,17.360000610351562,17.360000610351562
2021-04-08,17.594999313354492,17.594999313354492
2021-04-09,17.674999237060547,17.674999237060547
2021-04-12,17.709999084472656,17.709999084472656
2021-04-13,17.799999237060547,17.799999237060547
2021-04-14,17.795000076293945,17.795000076293945
2021-04-15,17.959999084472656,17.959999084472656
2021-04-16,17.975000381469727,17.975000381469727
2021-04-19,17.825000762939453,17.825000762939453
2021-04-20,17.647499084472656,17.647499084472656
2021-04-21,17.81999969482422,17.81999969482422
2021-04-22,17.895000457763672,17.895000457763672
2021-04-23,17.889999389648438,17.889999389648438
2021-04-26,18.014999389648438,18.014999389648438
2021-04-27,17.959999084472656,17.959999084472656
2021-04-28,17.815000534057617,17.815000534057617
2021-04-29,17.704999923706055,17.704999923706055
2021-04-30,17.614999771118164,17.614999771118164
2021-05-04,17.059999465942383,17.059999465942383
2021-05-05,17.299999237060547,17.299999237060547
2021-05-06,17.204999923706055,17.204999923706055
2021-05-07,17.545000076293945,17.545000076293945
2021-05-10,17.225000381469727,17.225000381469727
2021-05-11,16.940000534057617,16.940000534057617
2021-05-12,16.575000762939453,16.575000762939453
2021-05-13,16.719999313354492,16.719999313354492
2021-05-14,17.0049991607666,17.0049991607666
2021-05-17,16.88249969482422,16.88249969482422
2021-05-18,16.975000381469727,16.975000381469727
2021-05-19,16.71500015258789,16.71500015258789
2021-05-20,17.184999465942383,17.184999465942383
2021-05-21,17.165000915527344,17.165000915527344
2021-05-24,17.415000915527344,17.415000915527344
2021-05-25,17.399999618530273,17.399999618530273
2021-05-26,17.385000228881836,17.385000228881836
2021-05-27,17.40999984741211,17.40999984741211
2021-05-28,17.434999465942383,17.434999465942383
2021-06-01,17.34000015258789,17.34000015258789
2021-06-02,17.475000381469727,17.475000381469727
2021-06-03,17.28499984741211,17.28499984741211
2021-06-04,17.559999465942383,17.559999465942383
2021-06-07,17.540000915527344,17.540000915527344
2021-06-08,17.579999923706055,17.579999923706055
2021-06-09,17.642499923706055,17.642499923706055
2021-06-10,17.674999237060547,17.674999237060547
2021-06-11,17.799999237060547,17.799999237060547
2021-06-14,17.875,17.875
2021-06-15,17.93000030517578,17.93000030517578
2021-06-16,17.920000076293945,17.920000076293945
2021-06-17,18.059999465942383,18.059999465942383
2021-06-18,17.860000610351562,17.860000610351562
2021-06-21,17.969999313354492,17.969999313354492
2021-06-22,18.110000610351562,18.110000610351562
2021-06-23,18.155000686645508,18.155000686645508
2021-06-24,18.315000534057617,18.315000534057617
2021-06-25,18.309999465942383,18.309999465942383
2021-06-28,18.450000762939453,18.450000762939453
2021-06-29,18.545000076293945,18.545000076293945
2021-06-30,18.575000762939453,18.575000762939453
2021-07-01,18.5049991607666,18.5049991607666
2021-07-02,18.74250030517578,18.74250030517578
2021-07-05,18.84000015258789,18.84000015258789
2021-07-06,18.889999389648438,18.889999389648438
2021-07-07,18.9325008392334,18.9325008392334
2021-07-08,18.764999389648438,18.764999389648438
2021-07-09,18.975000381469727,18.975000381469727
2021-07-12,19.0049991607666,19.0049991607666
2021-07-13,19.235000610351562,19.235000610351562
2021-07-14,19.232500076293945,19.232500076293945
2021-07-15,19.149999618530273,19.149999618530273
2021-07-16,18.99250030517578,18.99250030517578
2021-07-19,18.71500015258789,18.71500015258789
2021-07-20,18.844999313354492,18.844999313354492
2021-07-21,19.045000076293945,19.045000076293945
2021-07-22,19.19499969482422,19.19499969482422
2021-07-23,19.399999618530273,19.399999618530273
2021-07-26,19.392499923706055,19.392499923706055
2021-07-27,19.084999084472656,19.084999084472656
2021-07-28,19.260000228881836,19.260000228881836
2021-07-29,19.315000534057617,19.315000534057617
2021-07-30,19.219999313354492,19.219999313354492
2021-08-02,19.385000228881836,19.385000228881836
2021-08-03,19.18000030517578,19.18000030517578
2021-08-04,19.30500030517578,19.30500030517578
2021-08-05,19.46500015258789,19.46500015258789
2021-08-06,19.462499618530273,19.462499618530273
2021-08-09,19.405000686645508,19.405000686645508
2021-08-10,19.260000228881836,19.260000228881836
2021-08-11,19.219999313354492,19.219999313354492
2021-08-12,19.360000610351562,19.360000610351562
2021-08-13,19.434999465942383,19.434999465942383
2021-08-16,19.354999542236328,19.354999542236328
2021-08-17,19.420000076293945,19.420000076293945
2021-08-18,19.332500457763672,19.332500457763672
2021-08-19,19.232500076293945,19.232500076293945
2021-08-20,19.530000686645508,19.530000686645508
2021-08-23,19.764999389648438,19.764999389648438
2021-08-24,19.792499542236328,19.792499542236328
2021-08-25,19.799999237060547,19.799999237060547
2021-08-26,19.69499969482422,19.69499969482422
2021-08-27,19.780000686645508,19.780000686645508
2021-08-31,19.989999771118164,19.989999771118164
2021-09-01,20.09000015258789,20.09000015258789
2021-09-02,19.989999771118164,19.989999771118164
2021-09-03,20.065000534057617,20.065000534057617
2021-09-06,20.114999771118164,20.114999771118164
2021-09-07,20.010000228881836,20.010000228881836
2021-09-08,19.889999389648438,19.889999389648438
2021-09-09,19.959999084472656,19.959999084472656
2021-09-10,19.80500030517578,19.80500030517578
2021-09-13,19.639999389648438,19.639999389648438
2021-09-14,19.7450008392334,19.7450008392334
2021-09-15,19.665000915527344,19.665000915527344
2021-09-16,19.674999237060547,19.674999237060547
2021-09-17,19.53499984741211,19.53499984741211
2021-09-20,19.174999237060547,19.174999237060547
2021-09-21,19.295000076293945,19.295000076293945
2021-09-22,19.420000076293945,19.420000076293945
2021-09-23,19.684999465942383,19.684999465942383
2021-09-24,19.610000610351562,19.610000610351562
2021-09-27,19.520000457763672,19.520000457763672
2021-09-28,19.065000534057617,19.065000534057617
2021-09-29,18.959999084472656,18.959999084472656
2021-09-30,18.975000381469727,18.975000381469727
2021-10-01,18.864999771118164,18.864999771118164
2021-10-04,18.565000534057617,18.565000534057617
2021-10-05,18.940000534057617,18.940000534057617
2021-10-06,18.770000457763672,18.770000457763672
2021-10-07,19.30500030517578,19.30500030517578
2021-10-08,19.174999237060547,19.174999237060547
2021-10-11,19.229999542236328,19.229999542236328
2021-10-12,18.94499969482422,18.94499969482422
2021-10-13,18.899999618530273,18.899999618530273
2021-10-14,19.350000381469727,19.350000381469727
2021-10-15,19.55500030517578,19.55500030517578
2021-10-18,19.670000076293945,19.670000076293945
2021-10-19,19.950000762939453,19.950000762939453
2021-10-20,19.940000534057617,19.940000534057617
2021-10-21,19.8700008392334,19.8700008392334
2021-10-22,19.915000915527344,19.915000915527344
2021-10-25,19.985000610351562,19.985000610351562
2021-10-26,20.139999389648438,20.139999389648438
2021-10-27,20.079999923706055,20.079999923706055
2021-10-28,20.19499969482422,20.19499969482422
2021-10-29,20.190000534057617,20.190000534057617
2021-11-01,20.237499237060547,20.237499237060547
2021-11-02,20.454999923706055,20.454999923706055
2021-11-03,20.434999465942383,20.434999465942383
2021-11-04,20.825000762939453,20.825000762939453
2021-11-05,21.030000686645508,21.030000686645508
2021-11-08,21.110000610351562,21.110000610351562
2021-11-09,21.059999465942383,21.059999465942383
2021-11-10,20.844999313354492,20.844999313354492
2021-11-11,20.809999465942383,20.809999465942383
2021-11-12,21.03499984741211,21.03499984741211
2021-11-15,21.03499984741211,21.03499984741211
2021-11-16,21.200000762939453,21.200000762939453
2021-11-17,21.229999542236328,21.229999542236328
2021-11-18,21.274999618530273,21.274999618530273
2021-11-19,21.559999465942383,21.559999465942383
2021-11-22,21.655000686645508,21.655000686645508
2021-11-23,21.06999969482422,21.06999969482422
2021-11-24,21.2450008392334,21.2450008392334
2021-11-25,21.440000534057617,21.440000534057617
2021-11-26,20.8700008392334,20.8700008392334
2021-11-29,21.25,21.25
2021-11-30,21.09000015258789,21.09000015258789
2021-12-01,21.540000915527344,21.540000915527344
2021-12-02,20.885000228881836,20.885000228881836
2021-12-03,20.729999542236328,20.729999542236328
2021-12-06,20.729999542236328,20.729999542236328
2021-12-07,21.610000610351562,21.610000610351562
2021-12-08,21.645000457763672,21.645000457763672
2021-12-09,21.684999465942383,21.684999465942383
2021-12-10,21.69499969482422,21.69499969482422
2021-12-13,21.727500915527344,21.727500915527344
2021-12-14,21.110000610351562,21.110000610351562
2021-12-15,21.135000228881836,21.135000228881836
2021-12-16,21.420000076293945,21.420000076293945
2021-12-17,21.084999084472656,21.084999084472656
2021-12-20,20.65999984741211,20.65999984741211
2021-12-21,20.959999084472656,20.959999084472656
2021-12-22,21.5,21.5
2021-12-23,21.790000915527344,21.790000915527344
2021-12-24,21.719999313354492,21.719999313354492
2021-12-29,22.06999969482422,22.06999969482422
2021-12-30,22.114999771118164,22.114999771118164
2021-12-31,21.90999984741211,21.90999984741211
2022-01-04,21.7450008392334,21.7450008392334
2022-01-05,21.667499542236328,21.667499542236328
2022-01-06,21.09000015258789,21.09000015258789
2022-01-07,20.860000610351562,20.860000610351562
2022-01-10,20.424999237060547,20.424999237060547
2022-01-11,20.9950008392334,20.9950008392334
2022-01-12,21.204999923706055,21.204999923706055
2022-01-13,21.079999923706055,21.079999923706055
2022-01-14,20.704999923706055,20.704999923706055
2022-01-17,20.829999923706055,20.829999923706055
2022-01-18,20.420000076293945,20.420000076293945
2022-01-19,20.174999237060547,20.174999237060547
2022-01-20,20.385000228881836,20.385000228881836
2022-01-21,19.854999542236328,19.854999542236328
2022-01-24,18.767499923706055,18.767499923706055
2022-01-25,18.895000457763672,18.895000457763672
2022-01-26,19.5,19.5
2022-01-27,19.344999313354492,19.344999313354492
2022-01-28,19.44499969482422,19.44499969482422
2022-01-31,20.075000762939453,20.075000762939453
2022-02-01,20.299999237060547,20.299999237060547
2022-02-02,20.309999465942383,20.309999465942383
2022-02-03,20.18000030517578,20.18000030517578
2022-02-04,19.899999618530273,19.899999618530273
2022-02-07,20.0,20.0
2022-02-08,20.075000762939453,20.075000762939453
2022-02-09,20.469999313354492,20.469999313354492
2022-02-10,20.329999923706055,20.329999923706055
2022-02-11,19.864999771118164,19.864999771118164
2022-02-14,19.524999618530273,19.524999618530273
2022-02-15,19.854999542236328,19.854999542236328
2022-02-16,19.71500015258789,19.71500015258789
2022-02-17,19.614999771118164,19.614999771118164
2022-02-18,19.139999389648438,19.139999389648438
2022-02-21,18.80500030517578,18.80500030517578
2022-02-22,19.010000228881836,19.010000228881836
2022-02-23,18.81999969482422,18.81999969482422
2022-02-24,18.434999465942383,18.434999465942383
2022-02-25,19.264999389648438,19.264999389648438
2022-02-28,19.3799991607666,19.3799991607666
2022-03-01,19.049999237060547,19.049999237060547
2022-03-02,19.295000076293945,19.295000076293945
2022-03-03,19.174999237060547,19.174999237060547
2022-03-04,18.65999984741211,18.65999984741211
2022-03-07,18.389999389648438,18.389999389648438
2022-03-08,17.75,17.75
2022-03-09,18.549999237060547,18.549999237060547
2022-03-10,18.114999771118164,18.114999771118164
2022-03-11,18.200000762939453,18.200000762939453
2022-03-14,17.84000015258789,17.84000015258789
2022-03-15,18.19499969482422,18.19499969482422
2022-03-16,18.739999771118164,18.739999771118164
2022-03-17,18.860000610351562,18.860000610351562
2022-03-18,19.299999237060547,19.299999237060547
2022-03-21,19.344999313354492,19.344999313354492
2022-03-22,19.704999923706055,19.704999923706055
2022-03-23,19.6200008392334,19.6200008392334
2022-03-24,19.674999237060547,19.674999237060547
2022-03-25,19.78499984741211,19.78499984741211
2022-03-28,19.952499389648438,19.952499389648438
2022-03-29,20.3799991607666,20.3799991607666
2022-03-30,20.40999984741211,20.40999984741211
2022-03-31,20.270000457763672,20.270000457763672
2022-04-01,19.829999923706055,19.829999923706055
2022-04-04,20.2450008392334,20.2450008392334
2022-04-05,20.020000457763672,20.020000457763672
2022-04-06,19.31999969482422,19.31999969482422
2022-04-07,19.282499313354492,19.282499313354492
2022-04-08,19.295000076293945,19.295000076293945
2022-04-11,18.739999771118164,18.739999771118164
2022-04-12,18.905000686645508,18.905000686645508
2022-04-13,18.844999313354492,18.844999313354492
2022-04-14,18.719999313354492,18.719999313354492
2022-04-19,18.7549991607666,18.7549991607666
2022-04-20,18.850000381469727,18.850000381469727
2022-04-21,18.950000762939453,18.950000762939453
2022-04-22,18.309999465942383,18.309999465942383
2022-04-25,17.850000381469727,17.850000381469727
2022-04-26,17.704999923706055,17.704999923706055
2022-04-27,17.899999618530273,17.899999618530273
2022-04-28,18.104999542236328,18.104999542236328
2022-04-29,18.204999923706055,18.204999923706055
2022-05-03,18.05500030517578,18.05500030517578
2022-05-04,17.799999237060547,17.799999237060547
2022-05-05,17.889999389648438,17.889999389648438
2022-05-06,17.69499969482422,17.69499969482422
2022-05-09,17.0049991607666,17.0049991607666
2022-05-10,16.975000381469727,16.975000381469727
2022-05-11,17.110000610351562,17.110000610351562
2022-05-12,16.56999969482422,16.56999969482422
2022-05-13,16.96500015258789,16.96500015258789
2022-05-16,16.809999465942383,16.809999465942383
2022-05-17,17.162500381469727,17.162500381469727
2022-05-18,16.844999313354492,16.844999313354492
2022-05-19,16.450000762939453,16.450000762939453
2022-05-20,16.232500076293945,16.232500076293945
2022-05-23,16.709999084472656,16.709999084472656
2022-05-24,16.290000915527344,16.290000915527344
2022-05-25,16.514999389648438,16.514999389648438
2022-05-26,16.950000762939453,16.950000762939453
2022-05-27,17.545000076293945,17.545000076293945
2022-05-30,17.837499618530273,17.837499618530273
2022-05-31,17.520000457763672,17.520000457763672
2022-06-01,17.510000228881836,17.510000228881836
2022-06-06,17.61750030517578,17.61750030517578
2022-06-07,17.53499984741211,17.53499984741211
2022-06-08,17.68000030517578,17.68000030517578
2022-06-09,17.43000030517578,17.43000030517578
2022-06-10,16.420000076293945,16.420000076293945
2022-06-13,15.819999694824219,15.819999694824219
2022-06-14,15.6899995803833,15.6899995803833
2022-06-15,15.920000076293945,15.920000076293945
2022-06-16,15.444999694824219,15.444999694824219
2022-06-17,15.5649995803833,15.5649995803833
2022-06-20,15.699999809265137,15.699999809265137
2022-06-21,16.014999389648438,16.014999389648438
2022-06-22,16.065000534057617,16.065000534057617
2022-06-23,16.045000076293945,16.045000076293945
2022-06-24,16.459999084472656,16.459999084472656
2022-06-27,16.68000030517578,16.68000030517578
2022-06-28,16.295000076293945,16.295000076293945
2022-06-29,16.110000610351562,16.110000610351562
2022-06-30,15.925000190734863,15.925000190734863
2022-07-01,15.75,15.75
2022-07-04,15.84749984741211,15.84749984741211
2022-07-05,15.739999771118164,15.739999771118164
2022-07-06,16.13249969482422,16.13249969482422
2022-07-07,16.5,16.5
2022-07-08,16.684999465942383,16.684999465942383
2022-07-11,16.420000076293945,16.420000076293945
2022-07-12,16.392499923706055,16.392499923706055
2022-07-13,16.102500915527344,16.102500915527344
2022-07-14,16.0049991607666,16.0049991607666
2022-07-15,16.524999618530273,16.524999618530273
2022-07-18,16.737499237060547,16.737499237060547
2022-07-19,16.799999237060547,16.799999237060547
2022-07-20,17.197500228881836,17.197500228881836
2022-07-21,17.280000686645508,17.280000686645508
2022-07-22,17.225000381469727,17.225000381469727
2022-07-25,17.100000381469727,17.100000381469727
2022-07-26,16.844999313354492,16.844999313354492
2022-07-27,17.274999618530273,17.274999618530273
2022-07-28,17.674999237060547,17.674999237060547
2022-07-29,17.84000015258789,17.84000015258789
2022-08-01,18.139999389648438,18.139999389648438
2022-08-02,17.9325008392334,17.9325008392334
2022-08-03,18.239999771118164,18.239999771118164
2022-08-04,18.34000015258789,18.34000015258789
2022-08-05,18.2450008392334,18.2450008392334
2022-08-08,18.350000381469727,18.350000381469727
2022-08-09,18.102500915527344,18.102500915527344
2022-08-10,18.5049991607666,18.5049991607666
2022-08-11,18.639999389648438,18.639999389648438
2022-08-12,18.739999771118164,18.739999771118164
2022-08-15,18.895000457763672,18.895000457763672
2022-08-16,18.93000030517578,18.93000030517578
2022-08-17,18.735000610351562,18.735000610351562
2022-08-18,18.93000030517578,18.93000030517578
2022-08-19,18.579999923706055,18.579999923706055
2022-08-22,18.1200008392334,18.1200008392334
2022-08-23,18.03499984741211,18.03499984741211
2022-08-24,18.0575008392334,18.0575008392334
2022-08-25,18.114999771118164,18.114999771118164
2022-08-26,17.852500915527344,17.852500915527344
2022-08-30,17.1299991607666,17.1299991607666
2022-08-31,17.045000076293945,17.045000076293945
2022-09-01,16.584999084472656,16.584999084472656
2022-09-02,17.059999465942383,17.059999465942383
2022-09-05,16.6825008392334,16.6825008392334
2022-09-06,16.637500762939453,16.637500762939453
2022-09-07,16.6299991607666,16.6299991607666
2022-09-08,16.920000076293945,16.920000076293945
2022-09-09,17.165000915527344,17.165000915527344
2022-09-12,17.440000534057617,17.440000534057617
2022-09-13,16.790000915527344,16.790000915527344
2022-09-14,16.635000228881836,16.635000228881836
2022-09-15,16.30500030517578,16.30500030517578
2022-09-16,15.979999542236328,15.979999542236328
2022-09-20,16.209999084472656,16.209999084472656
2022-09-21,16.282499313354492,16.282499313354492
2022-09-22,15.717499732971191,15.717499732971191
2022-09-23,15.537500381469727,15.537500381469727
2022-09-26,15.547499656677246,15.547499656677246
2022-09-27,15.522500038146973,15.522500038146973
2022-09-28,15.442500114440918,15.442500114440918
2022-09-29,15.1850004196167,15.1850004196167
2022-09-30,15.324999809265137,15.324999809265137
2022-10-03,15.262499809265137,15.262499809265137
2022-10-04,15.859999656677246,15.859999656677246
2022-10-05,15.6899995803833,15.6899995803833
2022-10-06,15.930000305175781,15.930000305175781
2022-10-07,15.28499984741211,15.28499984741211
2022-10-10,14.914999961853027,14.914999961853027
2022-10-11,14.800000190734863,14.800000190734863
2022-10-12,14.71500015258789,14.71500015258789
2022-10-13,14.859999656677246,14.859999656677246
2022-10-14,14.84000015258789,14.84000015258789
2022-10-17,15.074999809265137,15.074999809265137
2022-10-18,15.140000343322754,15.140000343322754
2022-10-19,15.21500015258789,15.21500015258789
2022-10-20,15.425000190734863,15.425000190734863
2022-10-21,15.300000190734863,15.300000190734863
2022-10-24,15.6850004196167,15.6850004196167
2022-10-25,16.06999969482422,16.06999969482422
2022-10-26,16.094999313354492,16.094999313354492
2022-10-27,15.734999656677246,15.734999656677246
2022-10-28,16.197500228881836,16.197500228881836
2022-10-31,16.15250015258789,16.15250015258789
2022-11-01,15.9350004196167,15.9350004196167
2022-11-02,15.779999732971191,15.779999732971191
2022-11-03,15.100000381469727,15.100000381469727
2022-11-04,15.03499984741211,15.03499984741211
2022-11-07,15.3100004196167,15.3100004196167
2022-11-08,15.729999542236328,15.729999542236328
2022-11-09,15.34000015258789,15.34000015258789
2022-11-10,16.155000686645508,16.155000686645508
2022-11-11,16.475000381469727,16.475000381469727
2022-11-14,16.592500686645508,16.592500686645508
2022-11-15,16.979999542236328,16.979999542236328
2022-11-16,16.604999542236328,16.604999542236328
2022-11-17,16.454999923706055,16.454999923706055
2022-11-18,16.582500457763672,16.582500457763672
2022-11-21,16.44499969482422,16.44499969482422
2022-11-22,16.530000686645508,16.530000686645508
2022-11-23,16.892499923706055,16.892499923706055
2022-11-24,16.957500457763672,16.957500457763672
2022-11-25,16.77750015258789,16.77750015258789
2022-11-28,16.520000457763672,16.520000457763672
2022-11-29,16.204999923706055,16.204999923706055
2022-11-30,16.309999465942383,16.309999465942383
2022-12-01,17.010000228881836,17.010000228881836
2022-12-02,16.854999542236328,16.854999542236328
2022-12-05,16.780000686645508,16.780000686645508
2022-12-06,16.450000762939453,16.450000762939453
2022-12-07,16.200000762939453,16.200000762939453
2022-12-08,16.489999771118164,16.489999771118164
2022-12-09,16.610000610351562,16.610000610351562
2022-12-12,16.545000076293945,16.545000076293945
2022-12-13,17.165000915527344,17.165000915527344
2022-12-14,17.094999313354492,17.094999313354492
2022-12-15,16.270000457763672,16.270000457763672
2022-12-16,15.960000038146973,15.960000038146973
2022-12-19,15.739999771118164,15.739999771118164
2022-12-20,15.675000190734863,15.675000190734863
2022-12-21,16.065000534057617,16.065000534057617
2022-12-22,15.53499984741211,15.53499984741211
2022-12-23,15.6850004196167,15.6850004196167
2022-12-28,15.329999923706055,15.329999923706055
2022-12-29,15.645000457763672,15.645000457763672
2022-12-30,15.522500038146973,15.522500038146973
2023-01-03,15.420000076293945,15.420000076293945
2023-01-04,15.579999923706055,15.579999923706055
2023-01-05,15.335000038146973,15.335000038146973
2023-01-06,15.482500076293945,15.482500076293945
2023-01-09,16.139999389648438,16.139999389648438
2023-01-10,15.8149995803833,15.8149995803833
2023-01-11,16.075000762939453,16.075000762939453
2023-01-12,16.235000610351562,16.235000610351562
2023-01-13,16.2450008392334,16.2450008392334
2023-01-16,16.3799991607666,16.3799991607666
2023-01-17,16.44499969482422,16.44499969482422
2023-01-18,16.385000228881836,16.385000228881836
2023-01-19,16.03499984741211,16.03499984741211
2023-01-20,16.295000076293945,16.295000076293945
2023-01-23,16.93000030517578,16.93000030517578
2023-01-24,16.924999237060547,16.924999237060547
2023-01-25,16.639999389648438,16.639999389648438
2023-01-26,16.889999389648438,16.889999389648438
2023-01-27,17.19499969482422,17.19499969482422
2023-01-30,16.982500076293945,16.982500076293945
2023-01-31,16.989999771118164,16.989999771118164
2023-02-01,17.114999771118164,17.114999771118164
2023-02-02,17.950000762939453,17.950000762939453
2023-02-03,18.092500686645508,18.092500686645508
2023-02-06,17.739999771118164,17.739999771118164
2023-02-07,17.78499984741211,17.78499984741211
2023-02-08,17.860000610351562,17.860000610351562
2023-02-09,17.959999084472656,17.959999084472656
2023-02-10,17.575000762939453,17.575000762939453
2023-02-13,17.920000076293945,17.920000076293945
2023-02-14,17.81999969482422,17.81999969482422
2023-02-15,17.959999084472656,17.959999084472656
2023-02-16,17.969999313354492,17.969999313354492
2023-02-17,17.5,17.5
2023-02-20,17.549999237060547,17.549999237060547
2023-02-21,17.2450008392334,17.2450008392334
2023-02-22,17.125,17.125
2023-02-23,17.2450008392334,17.2450008392334
2023-02-24,17.06999969482422,17.06999969482422
2023-02-27,17.190000534057617,17.190000534057617
2023-02-28,17.22249984741211,17.22249984741211
2023-03-01,17.049999237060547,17.049999237060547
2023-03-02,17.0,17.0
2023-03-03,17.440000534057617,17.440000534057617
2023-03-06,17.905000686645508,17.905000686645508
2023-03-07,17.55500030517578,17.55500030517578
2023-03-08,17.56999969482422,17.56999969482422
2023-03-09,17.780000686645508,17.780000686645508
2023-03-10,17.395000457763672,17.395000457763672
2023-03-13,17.235000610351562,17.235000610351562
2023-03-14,17.56999969482422,17.56999969482422
2023-03-15,17.325000762939453,17.325000762939453
2023-03-16,17.892499923706055,17.892499923706055
2023-03-17,18.0,18.0
2023-03-20,17.950000762939453,17.950000762939453
2023-03-21,18.084999084472656,18.084999084472656
2023-03-22,18.31999969482422,18.31999969482422
2023-03-23,18.55500030517578,18.55500030517578
2023-03-24,18.219999313354492,18.219999313354492
2023-03-27,18.31999969482422,18.31999969482422
2023-03-28,18.06999969482422,18.06999969482422
2023-03-29,18.44499969482422,18.44499969482422
2023-03-30,18.74250030517578,18.74250030517578
2023-03-31,18.854999542236328,18.854999542236328
2023-04-03,18.905000686645508,18.905000686645508
2023-04-04,18.975000381469727,18.975000381469727
2023-04-05,18.625,18.625
2023-04-06,18.655000686645508,18.655000686645508
2023-04-11,18.59749984741211,18.59749984741211
2023-04-12,18.577499389648438,18.577499389648438
2023-04-13,18.674999237060547,18.674999237060547
2023-04-14,18.712499618530273,18.712499618530273
2023-04-17,18.670000076293945,18.670000076293945
2023-04-18,18.8700008392334,18.8700008392334
2023-04-19,18.780000686645508,18.780000686645508
2023-04-20,18.760000228881836,18.760000228881836
2023-04-21,18.625,18.625
2023-04-24,18.46500015258789,18.46500015258789
2023-04-25,18.360000610351562,18.360000610351562
2023-04-26,18.552499771118164,18.552499771118164
2023-04-27,18.647499084472656,18.647499084472656
2023-04-28,18.8799991607666,18.8799991607666
2023-05-02,18.809999465942383,18.809999465942383
2023-05-03,18.850000381469727,18.850000381469727
2023-05-04,18.655000686645508,18.655000686645508
2023-05-05,19.094999313354492,19.094999313354492
2023-05-09,19.0049991607666,19.0049991607666
2023-05-10,19.177499771118164,19.177499771118164
2023-05-11,19.084999084472656,19.084999084472656
2023-05-12,19.024999618530273,19.024999618530273
2023-05-15,19.149999618530273,19.149999618530273
2023-05-16,19.329999923706055,19.329999923706055
2023-05-17,19.34000015258789,19.34000015258789
2023-05-18,19.864999771118164,19.864999771118164
2023-05-19,19.895000457763672,19.895000457763672
2023-05-22,19.952499389648438,19.952499389648438
2023-05-23,19.825000762939453,19.825000762939453
2023-05-24,19.440000534057617,19.440000534057617
2023-05-25,20.332500457763672,20.332500457763672
2023-05-26,20.84000015258789,20.84000015258789
2023-05-30,21.299999237060547,21.299999237060547
2023-05-31,20.93000030517578,20.93000030517578
2023-06-01,21.06999969482422,21.06999969482422
2023-06-02,21.299999237060547,21.299999237060547
2023-06-05,21.350000381469727,21.350000381469727
2023-06-06,21.100000381469727,21.100000381469727
2023-06-07,21.079999923706055,21.079999923706055
2023-06-08,21.030000686645508,21.030000686645508
2023-06-09,21.227500915527344,21.227500915527344
2023-06-12,21.40999984741211,21.40999984741211
2023-06-13,21.764999389648438,21.764999389648438
2023-06-14,22.0049991607666,22.0049991607666
2023-06-15,22.229999542236328,22.229999542236328
2023-06-16,22.2450008392334,22.2450008392334
2023-06-19,22.077499389648438,22.077499389648438
2023-06-20,21.915000915527344,21.915000915527344
2023-06-21,21.709999084472656,21.709999084472656
2023-06-22,21.809999465942383,21.809999465942383
2023-06-23,21.614999771118164,21.614999771118164
2023-06-26,21.665000915527344,21.665000915527344
2023-06-27,21.6299991607666,21.6299991607666
2023-06-28,21.934999465942383,21.934999465942383
2023-06-29,21.94499969482422,21.94499969482422
2023-06-30,22.2549991607666,22.2549991607666
2023-07-03,22.170000076293945,22.170000076293945
2023-07-04,22.2549991607666,22.2549991607666
2023-07-05,22.170000076293945,22.170000076293945
2023-07-06,21.889999389648438,21.889999389648438
2023-07-07,22.09000015258789,22.09000015258789
2023-07-10,21.94499969482422,21.94499969482422
2023-07-11,21.905000686645508,21.905000686645508
2023-07-12,22.30500030517578,22.30500030517578
2023-07-13,22.520000457763672,22.520000457763672
2023-07-14,22.850000381469727,22.850000381469727
2023-07-17,22.815000534057617,22.815000534057617
2023-07-18,22.860000610351562,22.860000610351562
2023-07-19,23.225000381469727,23.225000381469727
2023-07-20,22.90999984741211,22.90999984741211
2023-07-21,22.760000228881836,22.760000228881836
2023-07-24,22.65999984741211,22.65999984741211
2023-07-25,22.899999618530273,22.899999618530273
2023-07-26,22.610000610351562,22.610000610351562
2023-07-27,22.975000381469727,22.975000381469727
2023-07-28,22.940000534057617,22.940000534057617
2023-07-31,22.924999237060547,22.924999237060547
2023-08-01,22.9950008392334,22.9950008392334
2023-08-02,22.46500015258789,22.46500015258789
2023-08-03,22.389999389648438,22.389999389648438
2023-08-04,22.2549991607666,22.2549991607666
2023-08-07,21.915000915527344,21.915000915527344
2023-08-08,21.729999542236328,21.729999542236328
2023-08-09,21.545000076293945,21.545000076293945
2023-08-10,21.704999923706055,21.704999923706055
2023-08-11,21.30500030517578,21.30500030517578
2023-08-14,21.559999465942383,21.559999465942383
2023-08-15,21.697500228881836,21.697500228881836
2023-08-16,21.604999542236328,21.604999542236328
2023-08-17,21.25,21.25
2023-08-18,21.059999465942383,21.059999465942383
2023-08-21,21.40999984741211,21.40999984741211
2023-08-22,21.7450008392334,21.7450008392334
2023-08-23,22.024999618530273,22.024999618530273
2023-08-24,21.790000915527344,21.790000915527344
2023-08-25,21.584999084472656,21.584999084472656
2023-08-29,22.34000015258789,22.34000015258789
2023-08-30,22.579999923706055,22.579999923706055
2023-08-31,22.690000534057617,22.690000534057617
2023-09-01,22.729999542236328,22.729999542236328
2023-09-04,22.7549991607666,22.7549991607666
2023-09-05,22.795000076293945,22.795000076293945
2023-09-06,22.5049991607666,22.5049991607666
2023-09-07,22.1200008392334,22.1200008392334
2023-09-08,22.295000076293945,22.295000076293945
2023-09-11,22.145000457763672,22.145000457763672
2023-09-12,22.014999389648438,22.014999389648438
2023-09-13,22.0049991607666,22.0049991607666
2023-09-14,22.094999313354492,22.094999313354492
2023-09-15,21.700000762939453,21.700000762939453
2023-09-18,21.760000228881836,21.760000228881836
2023-09-19,21.645000457763672,21.645000457763672
2023-09-20,21.71500015258789,21.71500015258789
2023-09-21,21.165000915527344,21.165000915527344
2023-09-22,21.280000686645508,21.280000686645508
2023-09-25,21.19499969482422,21.19499969482422
2023-09-26,20.8799991607666,20.8799991607666
2023-09-27,20.860000610351562,20.860000610351562
2023-09-28,21.010000228881836,21.010000228881836
2023-09-29,21.190000534057617,21.190000534057617
2023-10-02,21.399999618530273,21.399999618530273
2023-10-03,21.0049991607666,21.0049991607666
2023-10-04,21.15999984741211,21.15999984741211
2023-10-05,21.1200008392334,21.1200008392334
2023-10-06,21.540000915527344,21.540000915527344
2023-10-09,21.584999084472656,21.584999084472656
2023-10-10,21.969999313354492,21.969999313354492
2023-10-11,21.950000762939453,21.950000762939453
2023-10-12,22.25,22.25
2023-10-13,21.844999313354492,21.844999313354492
2023-10-16,22.010000228881836,22.010000228881836
2023-10-17,21.809999465942383,21.809999465942383
2023-10-18,21.635000228881836,21.635000228881836
2023-10-19,21.639999389648438,21.639999389648438
2023-10-20,21.024999618530273,21.024999618530273
2023-10-23,21.114999771118164,21.114999771118164
2023-10-24,21.1200008392334,21.1200008392334
2023-10-25,21.155000686645508,21.155000686645508
2023-10-26,20.594999313354492,20.594999313354492
2023-10-27,20.8125,20.8125
2023-10-30,20.7450008392334,20.7450008392334
2023-10-31,20.84000015258789,20.84000015258789
2023-11-01,21.204999923706055,21.204999923706055
2023-11-02,21.725000381469727,21.725000381469727
2023-11-03,22.02750015258789,22.02750015258789
2023-11-06,22.170000076293945,22.170000076293945
2023-11-07,22.5,22.5
2023-11-08,22.524999618530273,22.524999618530273
2023-11-09,22.770000457763672,22.770000457763672
2023-11-10,22.850000381469727,22.850000381469727
2023-11-13,23.014999389648438,23.014999389648438
2023-11-14,23.399999618530273,23.399999618530273
2023-11-15,23.53499984741211,23.53499984741211
2023-11-16,23.420000076293945,23.420000076293945
2023-11-17,23.4950008392334,23.4950008392334
2023-11-20,23.760000228881836,23.760000228881836
2023-11-21,23.625,23.625
2023-11-22,23.78499984741211,23.78499984741211
2023-11-23,23.809999465942383,23.809999465942383
2023-11-24,23.65999984741211,23.65999984741211
2023-11-27,23.709999084472656,23.709999084472656
2023-11-28,23.799999237060547,23.799999237060547
2023-11-29,23.790000915527344,23.790000915527344
2023-11-30,23.600000381469727,23.600000381469727
2023-12-01,23.690000534057617,23.690000534057617
2023-12-04,23.280000686645508,23.280000686645508
2023-12-05,23.510000228881836,23.510000228881836
2023-12-06,23.5049991607666,23.5049991607666
2023-12-07,23.575000762939453,23.575000762939453
2023-12-08,23.795000076293945,23.795000076293945
2023-12-11,23.84000015258789,23.84000015258789
2023-12-12,24.1299991607666,24.1299991607666
2023-12-13,24.309999465942383,24.309999465942383
2023-12-14,24.3700008392334,24.3700008392334
2023-12-15,24.614999771118164,24.614999771118164
2023-12-18,24.53499984741211,24.53499984741211
2023-12-19,24.604999542236328,24.604999542236328
2023-12-20,24.65999984741211,24.65999984741211
2023-12-21,24.46500015258789,24.46500015258789
2023-12-22,24.565000534057617,24.565000534057617
2023-12-27,24.614999771118164,24.614999771118164
2023-12-28,24.729999542236328,24.729999542236328
2023-12-29,24.75,24.75
2024-01-02,24.065000534057617,24.065000534057617
2024-01-03,23.770000457763672,23.770000457763672
2024-01-04,23.719999313354492,23.719999313354492
2024-01-05,23.739999771118164,23.739999771118164
2024-01-08,24.03499984741211,24.03499984741211
2024-01-09,24.239999771118164,24.239999771118164
2024-01-10,24.440000534057617,24.440000534057617
2024-01-11,24.385000228881836,24.385000228881836
2024-01-12,24.729999542236328,24.729999542236328
2024-01-15,24.75,24.75
2024-01-16,24.93000030517578,24.93000030517578
2024-01-17,24.670000076293945,24.670000076293945
2024-01-18,25.219999313354492,25.219999313354492
2024-01-19,25.520000457763672,25.520000457763672
2024-01-22,26.020000457763672,26.020000457763672
2024-01-23,25.969999313354492,25.969999313354492
2024-01-24,26.40999984741211,26.40999984741211
2024-01-25,26.6299991607666,26.6299991607666
2024-01-26,26.280000686645508,26.280000686645508
2024-01-29,26.1299991607666,26.1299991607666
2024-01-30,26.270000457763672,26.270000457763672
2024-01-31,25.739999771118164,25.739999771118164
2024-02-01,25.760000228881836,25.760000228881836
2024-02-02,26.229999542236328,26.229999542236328
2024-02-05,26.3700008392334,26.3700008392334
2024-02-06,26.34000015258789,26.34000015258789
2024-02-07,26.59000015258789,26.59000015258789
2024-02-08,26.809999465942383,26.809999465942383
2024-02-09,27.110000610351562,27.110000610351562
2024-02-12,27.309999465942383,27.309999465942383
2024-02-13,26.700000762939453,26.700000762939453
2024-02-14,26.700000762939453,26.700000762939453
2024-02-15,26.719999313354492,26.719999313354492
2024-02-16,26.815000534057617,26.815000534057617
2024-02-19,26.649999618530273,26.649999618530273
2024-02-20,26.020000457763672,26.020000457763672
2024-02-21,25.90999984741211,25.90999984741211
2024-02-22,27.059999465942383,27.059999465942383
2024-02-23,27.15999984741211,27.15999984741211
2024-02-26,27.219999313354492,27.219999313354492
2024-02-27,27.079999923706055,27.079999923706055
2024-02-28,27.079999923706055,27.079999923706055
2024-02-29,27.110000610351562,27.110000610351562
2024-03-01,27.6299991607666,27.6299991607666
2024-03-04,27.950000762939453,27.950000762939453
2024-03-05,27.360000610351562,27.360000610351562
2024-03-06,27.65999984741211,27.65999984741211
2024-03-07,28.079999923706055,28.079999923706055
2024-03-08,27.950000762939453,27.950000762939453
2024-03-11,27.549999237060547,27.549999237060547
2024-03-12,28.010000228881836,28.010000228881836
2024-03-13,27.790000915527344,27.790000915527344
2024-03-14,27.809999465942383,27.809999465942383
2024-03-15,27.40999984741211,27.40999984741211
2024-03-18,27.649999618530273,27.649999618530273
2024-03-19,27.639999389648438,27.639999389648438
2024-03-20,27.729999542236328,27.729999542236328
2024-03-21,28.329999923706055,28.329999923706055
2024-03-22,28.190000534057617,28.190000534057617
2024-03-25,28.139999389648438,28.139999389648438
2024-03-26,28.1200008392334,28.1200008392334
2024-03-27,27.809999465942383,27.809999465942383
2024-03-28,27.8700008392334,27.8700008392334
2024-04-02,27.59000015258789,27.59000015258789
2024-04-03,27.860000610351562,27.860000610351562
2024-04-04,27.93000030517578,27.93000030517578
2024-04-05,27.559999465942383,27.559999465942383
2024-04-08,27.559999465942383,27.559999465942383
2024-04-09,27.280000686645508,27.280000686645508
2024-04-10,27.329999923706055,27.329999923706055
2024-04-11,27.549999237060547,27.549999237060547
2024-04-12,27.674999237060547,27.674999237060547
2024-04-15,27.600000381469727,27.600000381469727
2024-04-16,27.06999969482422,27.06999969482422
2024-04-17,26.809999465942383,26.809999465942383
2024-04-18,26.670000076293945,26.670000076293945
2024-04-19,25.959999084472656,25.959999084472656
2024-04-22,25.649999618530273,25.649999618530273
2024-04-23,26.270000457763672,26.270000457763672
2024-04-24,26.40999984741211,26.40999984741211
2024-04-25,26.020000457763672,26.020000457763672
2024-04-26,26.889999389648438,26.889999389648438
2024-04-29,26.850000381469727,26.850000381469727
2024-04-30,26.760000228881836,26.760000228881836
2024-05-01,26.100000381469727,26.100000381469727
2024-05-02,26.270000457763672,26.270000457763672
2024-05-03,27.25,27.25
2024-05-07,27.610000610351562,27.610000610351562
2024-05-08,27.530000686645508,27.530000686645508
2024-05-09,27.530000686645508,27.530000686645508
2024-05-10,27.59000015258789,27.59000015258789
2024-05-13,27.790000915527344,27.790000915527344
2024-05-14,27.860000610351562,27.860000610351562
2024-05-15,28.510000228881836,28.510000228881836
2024-05-16,28.799999237060547,28.799999237060547
2024-05-17,28.510000228881836,28.510000228881836
2024-05-20,28.799999237060547,28.799999237060547
2024-05-21,28.90999984741211,28.90999984741211
2024-05-22,29.030000686645508,29.030000686645508
2024-05-23,29.43000030517578,29.43000030517578
2024-05-24,29.399999618530273,29.399999618530273
2024-05-28,29.84000015258789,29.84000015258789
2024-05-29,29.739999771118164,29.739999771118164
2024-05-30,29.299999237060547,29.299999237060547
2024-05-31,28.559999465942383,28.559999465942383
2024-06-03,29.139999389648438,29.139999389648438
2024-06-04,29.170000076293945,29.170000076293945
2024-06-05,29.959999084472656,29.959999084472656
2024-06-06,30.049999237060547,30.049999237060547
2024-06-07,30.030000686645508,30.030000686645508
2024-06-10,30.299999237060547,30.299999237060547
2024-06-11,30.530000686645508,30.530000686645508
2024-06-12,31.549999237060547,31.549999237060547
2024-06-13,31.850000381469727,31.850000381469727
2024-06-14,31.969999313354492,31.969999313354492
2024-06-17,32.209999084472656,32.209999084472656
2024-06-18,32.5,32.5
2024-06-19,32.939998626708984,32.939998626708984
2024-06-20,32.66999816894531,32.66999816894531
2024-06-21,32.06999969482422,32.06999969482422
2024-06-24,31.639999389648438,31.639999389648438
2024-06-25,31.670000076293945,31.670000076293945
2024-06-26,31.709999084472656,31.709999084472656
2024-06-27,31.780000686645508,31.780000686645508
2024-06-28,32.11000061035156,32.11000061035156
2024-07-01,31.920000076293945,31.920000076293945
2024-07-02,32.13999938964844,32.13999938964844
2024-07-03,32.58000183105469,32.58000183105469
2024-07-04,32.689998626708984,32.689998626708984
2024-07-05,32.88999938964844,32.88999938964844
2024-07-08,33.09000015258789,33.09000015258789
2024-07-09,33.18000030517578,33.18000030517578
2024-07-10,33.38999938964844,33.38999938964844
2024-07-11,32.83000183105469,32.83000183105469
2024-07-12,33.27000045776367,33.27000045776367
2024-07-15,33.369998931884766,33.369998931884766
2024-07-16,33.029998779296875,33.029998779296875
2024-07-17,32.13999938964844,32.13999938964844
2024-07-18,31.6200008392334,31.6200008392334
2024-07-19,31.56999969482422,31.56999969482422
2024-07-22,31.649999618530273,31.649999618530273
2024-07-23,32.220001220703125,32.220001220703125
2024-07-24,31.09000015258789,31.09000015258789
2024-07-25,30.65999984741211,30.65999984741211
2024-07-26,30.59000015258789,30.59000015258789
2024-07-29,30.450000762939453,30.450000762939453
2024-07-30,30.049999237060547,30.049999237060547
2024-07-31,30.989999771118164,30.989999771118164
2024-08-01,30.549999237060547,30.549999237060547
2024-08-02,29.360000610351562,29.360000610351562
2024-08-05,28.5,28.5
2024-08-06,28.75,28.75
2024-08-07,29.15999984741211,29.15999984741211
2024-08-08,28.979999542236328,28.979999542236328
2024-08-09,29.280000686645508,29.280000686645508
2024-08-12,29.56999969482422,29.56999969482422
2024-08-13,30.290000915527344,30.290000915527344
2024-08-14,30.700000762939453,30.700000762939453
2024-08-15,31.290000915527344,31.290000915527344
2024-08-16,31.3799991607666,31.3799991607666
2024-08-19,31.559999465942383,31.559999465942383
2024-08-20,31.8700008392334,31.8700008392334
2024-08-21,31.90999984741211,31.90999984741211
2024-08-22,31.770000457763672,31.770000457763672
2024-08-23,31.770000457763672,31.770000457763672
2024-08-27,31.579999923706055,31.579999923706055
2024-08-28,31.190000534057617,31.190000534057617
2024-08-29,31.59000015258789,31.59000015258789
2024-08-30,31.15999984741211,31.15999984741211
2024-09-02,31.459999084472656,31.459999084472656
2024-09-03,30.450000762939453,30.450000762939453
2024-09-04,29.920000076293945,29.920000076293945
2024-09-05,29.799999237060547,29.799999237060547
2024-09-06,29.18000030517578,29.18000030517578
2024-09-09,29.34000015258789,29.34000015258789
2024-09-10,29.790000915527344,29.790000915527344
2024-09-11,29.829999923706055,29.829999923706055
2024-09-12,30.979999542236328,30.979999542236328
2024-09-13,31.290000915527344,31.290000915527344
2024-09-16,30.969999313354492,30.969999313354492
2024-09-17,31.100000381469727,31.100000381469727
2024-09-18,30.899999618530273,30.899999618530273
2024-09-19,31.84000015258789,31.84000015258789
2024-09-20,31.600000381469727,31.600000381469727
2024-09-23,31.6299991607666,31.6299991607666
2024-09-24,31.670000076293945,31.670000076293945
2024-09-25,31.989999771118164,31.989999771118164
2024-09-26,32.11000061035156,32.11000061035156
2024-09-27,31.979999542236328,31.979999542236328
2024-09-30,32.0,32.0
2024-10-01,31.329999923706055,31.329999923706055
2024-10-02,31.6299991607666,31.6299991607666
2024-10-03,31.739999771118164,31.739999771118164
2024-10-04,31.809999465942383,31.809999465942383
2024-10-07,32.15999984741211,32.15999984741211
2024-10-08,32.34000015258789,32.34000015258789
2024-10-09,32.72999954223633,32.72999954223633
2024-10-10,32.81999969482422,32.81999969482422
2024-10-11,32.86000061035156,32.86000061035156
2024-10-14,33.20000076293945,33.20000076293945
2024-10-15,32.88999938964844,32.88999938964844
2024-10-16,32.66999816894531,32.66999816894531
2024-10-17,33.18000030517578,33.18000030517578
2024-10-18,33.09000015258789,33.09000015258789
2024-10-21,33.04999923706055,33.04999923706055
2024-10-22,33.290000915527344,33.290000915527344
2024-10-23,33.029998779296875,33.029998779296875
2024-10-24,32.880001068115234,32.880001068115234
2024-10-25,33.34000015258789,33.34000015258789
2024-10-28,33.130001068115234,33.130001068115234
2024-10-29,33.31999969482422,33.31999969482422
2024-10-30,33.18000030517578,33.18000030517578
2024-10-31,31.979999542236328,31.979999542236328
2024-11-01,32.209999084472656,32.209999084472656
2024-11-04,32.13999938964844,32.13999938964844
2024-11-05,32.439998626708984,32.439998626708984
2024-11-06,33.119998931884766,33.119998931884766
2024-11-07,33.72999954223633,33.72999954223633
2024-11-08,33.790000915527344,33.790000915527344
2024-11-11,33.45000076293945,33.45000076293945
2024-11-12,33.619998931884766,33.619998931884766
2024-11-13,33.54999923706055,33.54999923706055
2024-11-14,33.630001068115234,33.630001068115234
2024-11-15,32.79999923706055,32.79999923706055
2024-11-18,32.90999984741211,32.90999984741211
2024-11-19,32.91999816894531,32.91999816894531
2024-11-20,32.7599983215332,32.7599983215332
2024-11-21,33.2599983215332,33.2599983215332
2024-11-22,33.099998474121094,33.099998474121094
2024-11-25,33.25,33.25
2024-11-26,33.369998931884766,33.369998931884766
2024-11-27,32.86000061035156,32.86000061035156
2024-11-28,33.16999816894531,33.16999816894531
2024-11-29,33.349998474121094,33.349998474121094
2024-12-02,33.70000076293945,33.70000076293945
2024-12-03,33.720001220703125,33.720001220703125
2024-12-04,34.29999923706055,34.29999923706055
2024-12-05,34.41999816894531,34.41999816894531
2024-12-06,34.40999984741211,34.40999984741211
2024-12-09,34.27000045776367,34.27000045776367
2024-12-10,34.029998779296875,34.029998779296875
2024-12-11,34.40999984741211,34.40999984741211
2024-12-12,34.2599983215332,34.2599983215332
2024-12-13,34.31999969482422,34.31999969482422
2024-12-16,34.59000015258789,34.59000015258789
2024-12-17,34.709999084472656,34.709999084472656
2024-12-18,34.81999969482422,34.81999969482422
2024-12-19,34.06999969482422,34.06999969482422
2024-12-20,34.2400016784668,34.2400016784668
2024-12-23,34.380001068115234,34.380001068115234
2024-12-24,34.689998626708984,34.689998626708984
2024-12-27,34.43000030517578,34.43000030517578
2024-12-30,34.130001068115234,34.130001068115234
2024-12-31,34.279998779296875,34.279998779296875
2025-01-02,33.869998931884766,33.869998931884766
2025-01-03,34.09000015258789,34.09000015258789
2025-01-06,34.959999084472656,34.959999084472656
2025-01-07,34.220001220703125,34.220001220703125
2025-01-08,33.959999084472656,33.959999084472656
2025-01-09,33.83000183105469,33.83000183105469
2025-01-10,33.0,33.0
2025-01-13,32.619998931884766,32.619998931884766
2025-01-14,32.86000061035156,32.86000061035156
2025-01-15,33.40999984741211,33.40999984741211
2025-01-16,33.470001220703125,33.470001220703125
2025-01-17,33.7599983215332,33.7599983215332
2025-01-20,33.939998626708984,33.939998626708984
2025-01-21,33.650001525878906,33.650001525878906
2025-01-22,34.59000015258789,34.59000015258789
2025-01-23,34.540000915527344,34.540000915527344
2025-01-24,34.599998474121094,34.599998474121094
2025-01-27,32.470001220703125,32.470001220703125
2025-01-28,33.15999984741211,33.15999984741211
2025-01-29,33.18000030517578,33.18000030517578
2025-01-30,32.939998626708984,32.939998626708984
2025-01-31,33.560001373291016,33.560001373291016
2025-02-03,32.400001525878906,32.400001525878906
2025-02-04,32.849998474121094,32.849998474121094
2025-02-05,33.11000061035156,33.11000061035156
2025-02-06,33.41999816894531,33.41999816894531
2025-02-07,33.279998779296875,33.279998779296875
2025-02-10,33.709999084472656,33.709999084472656
2025-02-11,33.84000015258789,33.84000015258789
2025-02-12,33.52000045776367,33.52000045776367
2025-02-13,34.08000183105469,34.08000183105469
2025-02-14,34.25,34.25
2025-02-17,34.5,34.5
2025-02-18,34.540000915527344,34.540000915527344
2025-02-19,34.58000183105469,34.58000183105469
2025-02-20,34.459999084472656,34.459999084472656
2025-02-21,34.380001068115234,34.380001068115234
2025-02-24,33.61000061035156,33.61000061035156
2025-02-25,32.77000045776367,32.77000045776367
2025-02-26,33.40999984741211,33.40999984741211
2025-02-27,32.849998474121094,32.849998474121094
2025-02-28,31.979999542236328,31.979999542236328
2025-03-03,32.04999923706055,32.04999923706055
2025-03-04,30.950000762939453,30.950000762939453
2025-03-05,31.020000457763672,31.020000457763672
2025-03-06,31.420000076293945,31.420000076293945
2025-03-07,30.75,30.75
2025-03-10,30.209999084472656,30.209999084472656
2025-03-11,29.8700008392334,29.8700008392334
2025-03-12,30.489999771118164,30.489999771118164
2025-03-13,29.969999313354492,29.969999313354492
2025-03-14,30.510000228881836,30.510000228881836
2025-03-17,30.479999542236328,30.479999542236328
2025-03-18,30.389999389648438,30.389999389648438
2025-03-19,30.6299991607666,30.6299991607666
2025-03-20,30.520000457763672,30.520000457763672
2025-03-21,30.450000762939453,30.450000762939453
2025-03-24,31.149999618530273,31.149999618530273
2025-03-25,31.229999542236328,31.229999542236328
2025-03-26,30.6299991607666,30.6299991607666
2025-03-27,30.389999389648438,30.389999389648438
2025-03-28,29.59000015258789,29.59000015258789
2025-03-31,29.049999237060547,29.049999237060547
2025-04-01,29.690000534057617,29.690000534057617
2025-04-02,29.959999084472656,29.959999084472656
2025-04-03,28.270000457763672,28.270000457763672
2025-04-04,26.65999984741211,26.65999984741211
2025-04-07,25.729999542236328,25.729999542236328
2025-04-08,27.020000457763672,27.020000457763672
2025-04-09,26.149999618530273,26.149999618530273
2025-04-10,27.81999969482422,27.81999969482422
2025-04-11,28.059999465942383,28.059999465942383
2025-04-14,28.959999084472656,28.959999084472656
2025-04-15,29.0,29.0
2025-04-16,28.260000228881836,28.260000228881836
2025-04-17,27.670000076293945,27.670000076293945
2025-04-22,27.459999084472656,27.459999084472656
2025-04-23,28.520000457763672,28.520000457763672
2025-04-24,29.09000015258789,29.09000015258789
2025-04-25,29.479999542236328,29.479999542236328
2025-04-28,29.43000030517578,29.43000030517578
2025-04-29,29.809999465942383,29.809999465942383
2025-04-30,29.59000015258789,29.59000015258789
2025-05-01,31.0,31.0
2025-05-02,31.0,31.0
2025-05-06,30.639999389648438,30.639999389648438
2025-05-07,30.440000534057617,30.440000534057617
2025-05-08,31.15999984741211,31.15999984741211
2025-05-09,31.059999465942383,31.059999465942383
2025-05-12,32.25,32.25
2025-05-13,33.209999084472656,33.209999084472656
2025-05-14,33.560001373291016,33.560001373291016
2025-05-15,33.61000061035156,33.61000061035156
2025-05-16,33.439998626708984,33.439998626708984
2025-05-19,33.439998626708984,33.439998626708984
2025-05-20,33.380001068115234,33.380001068115234
2025-05-21,33.5099983215332,33.5099983215332
2025-05-22,33.0099983215332,33.0099983215332
2025-05-23,32.529998779296875,32.529998779296875
2025-05-27,33.189998626708984,33.189998626708984
2025-05-28,33.290000915527344,33.290000915527344
2025-05-29,33.459999084472656,33.459999084472656
2025-05-30,33.099998474121094,33.099998474121094
2025-06-02,33.310001373291016,33.310001373291016
2025-06-03,33.939998626708984,33.939998626708984
2025-06-04,34.13999938964844,34.13999938964844
2025-06-05,34.439998626708984,34.439998626708984
2025-06-06,34.22999954223633,34.22999954223633
2025-06-09,34.38999938964844,34.38999938964844
2025-06-10,34.220001220703125,34.220001220703125
2025-06-11,34.61000061035156,34.61000061035156
2025-06-12,34.689998626708984,34.689998626708984
2025-06-13,34.470001220703125,34.470001220703125
2025-06-16,34.79999923706055,34.79999923706055
2025-06-17,34.68000030517578,34.68000030517578
2025-06-18,34.650001525878906,34.650001525878906
2025-06-19,34.220001220703125,34.220001220703125
2025-06-20,34.540000915527344,34.540000915527344
2025-06-23,34.630001068115234,34.630001068115234
2025-06-24,35.400001525878906,35.400001525878906
2025-06-25,35.68000030517578,35.68000030517578
2025-06-26,35.93000030517578,35.93000030517578
2025-06-27,36.290000915527344,36.290000915527344
2025-06-30,36.279998779296875,36.279998779296875
2025-07-01,36.04999923706055,36.04999923706055
2025-07-02,36.400001525878906,36.400001525878906
2025-07-03,37.0099983215332,37.0099983215332
2025-07-04,36.75,36.75
2025-07-07,36.779998779296875,36.779998779296875
2025-07-08,36.72999954223633,36.72999954223633
2025-07-09,36.90999984741211,36.90999984741211
2025-07-10,37.04999923706055,37.04999923706055
2025-07-11,37.09000015258789,37.09000015258789
2025-07-14,36.88999938964844,36.88999938964844
2025-07-15,37.470001220703125,37.470001220703125
2025-07-16,37.029998779296875,37.029998779296875
2025-07-17,37.77000045776367,37.77000045776367
2025-07-18,37.709999084472656,37.709999084472656
2025-07-21,37.959999084472656,37.959999084472656
2025-07-22,37.4900016784668,37.4900016784668
2025-07-23,37.43000030517578,37.43000030517578
2025-07-24,37.86000061035156,37.86000061035156
2025-07-25,37.97999954223633,37.97999954223633
2025-07-28,38.119998931884766,38.119998931884766
2025-07-29,38.2599983215332,38.2599983215332
2025-07-30,38.27000045776367,38.27000045776367
2025-07-31,38.54999923706055,38.54999923706055
2025-08-01,37.470001220703125,37.470001220703125
2025-08-04,38.06999969482422,38.06999969482422
2025-08-05,37.88999938964844,37.88999938964844
2025-08-06,38.25,38.25
2025-08-07,38.650001525878906,38.650001525878906
2025-08-08,38.77000045776367,38.77000045776367
2025-08-11,39.029998779296875,39.029998779296875
2025-08-12,39.11000061035156,39.11000061035156
2025-08-13,39.25,39.25
2025-08-14,39.099998474121094,39.099998474121094
2025-08-15,38.93000030517578,38.93000030517578
2025-08-18,38.84000015258789,38.84000015258789
2025-08-19,38.59000015258789,38.59000015258789
2025-08-20,37.81999969482422,37.81999969482422
2025-08-21,37.93000030517578,37.93000030517578
2025-08-22,38.52000045776367,38.52000045776367
2025-08-26,38.380001068115234,38.380001068115234
2025-08-27,38.599998474121094,38.599998474121094
2025-08-28,38.81999969482422,38.81999969482422
2025-08-29,38.310001373291016,38.310001373291016
2025-09-01,38.369998931884766,38.369998931884766
2025-09-02,37.59000015258789,37.59000015258789
2025-09-03,38.130001068115234,38.130001068115234
2025-09-04,38.2599983215332,38.2599983215332
2025-09-05,38.38999938964844,38.38999938964844
2025-09-08,38.900001525878906,38.900001525878906
2025-09-09,38.560001373291016,38.560001373291016
2025-09-10,39.529998779296875,39.529998779296875
2025-09-11,39.630001068115234,39.630001068115234
2025-09-12,39.66999816894531,39.66999816894531
2025-09-15,39.810001373291016,39.810001373291016
2025-09-16,39.849998474121094,39.849998474121094
2025-09-17,39.41999816894531,39.41999816894531
2025-09-18,40.099998474121094,40.099998474121094
2025-09-19,40.15999984741211,40.15999984741211
2025-09-22,40.77000045776367,40.77000045776367
2025-09-23,41.02000045776367,41.02000045776367
2025-09-24,40.58000183105469,40.58000183105469
2025-09-25,40.529998779296875,40.529998779296875
2025-09-26,40.45000076293945,40.45000076293945
2025-09-29,40.880001068115234,40.880001068115234
2025-09-30,41.0099983215332,41.0099983215332
2025-10-01,41.25,41.25
2025-10-02,41.599998474121094,41.599998474121094
2025-10-03,41.880001068115234,41.880001068115234
2025-10-06,41.86000061035156,41.86000061035156
2025-10-07,41.4900016784668,41.4900016784668
2025-10-08,42.02000045776367,42.02000045776367
2025-10-09,42.119998931884766,42.119998931884766
2025-10-10,41.18000030517578,41.18000030517578
2025-10-13,41.47999954223633,41.47999954223633
2025-10-14,40.86000061035156,40.86000061035156
2025-10-15,41.310001373291016,41.310001373291016
2025-10-16,41.45000076293945,41.45000076293945
2025-10-17,40.84000015258789,40.84000015258789
2025-10-20,41.95000076293945,41.95000076293945
2025-10-21,41.849998474121094,41.849998474121094
2025-10-22,41.279998779296875,41.279998779296875
2025-10-23,41.79999923706055,41.79999923706055
2025-10-24,42.48619842529297,42.48619842529297
2025-10-27,43.150001525878906,43.150001525878906
2025-10-28,43.709999084472656,43.709999084472656
2025-10-29,44.38999938964844,44.38999938964844
2025-10-30,44.04999923706055,44.04999923706055
2025-10-31,43.83000183105469,43.83000183105469
2025-11-03,43.95000076293945,43.95000076293945
2025-11-04,43.349998474121094,43.349998474121094
2025-11-05,43.2599983215332,43.2599983215332
2025-11-06,42.2400016784668,42.2400016784668
2025-11-07,41.20000076293945,41.20000076293945
2025-11-10,42.59000015258789,42.59000015258789
2025-11-11,42.540000915527344,42.540000915527344
2025-11-12,42.709999084472656,42.709999084472656
2025-11-13,42.099998474121094,42.099998474121094
2025-11-14,42.29999923706055,42.29999923706055
2025-11-17,41.779998779296875,41.779998779296875
2025-11-18,40.93000030517578,40.93000030517578
2025-11-19,41.119998931884766,41.119998931884766
2025-11-20,41.40999984741211,41.40999984741211
2025-11-21,39.97999954223633,39.97999954223633
2025-11-24,41.09000015258789,41.09000015258789
2025-11-25,40.779998779296875,40.779998779296875
2025-11-26,41.79999923706055,41.79999923706055
2025-11-27,41.650001525878906,41.650001525878906
2025-11-28,41.77000045776367,41.77000045776367
2025-12-01,41.81999969482422,41.81999969482422
2025-12-02,42.099998474121094,42.099998474121094
2025-12-03,42.15999984741211,42.15999984741211
2025-12-04,42.2400016784668,42.2400016784668
2025-12-05,42.36000061035156,42.36000061035156
2025-12-08,42.77000045776367,42.77000045776367
2025-12-09,42.959999084472656,42.959999084472656
2025-12-10,42.75,42.75
2025-12-11,42.2400016784668,42.2400016784668
2025-12-12,41.560001373291016,41.560001373291016
2025-12-15,41.33000183105469,41.33000183105469
2025-12-16,40.9900016784668,40.9900016784668
2025-12-17,40.41999816894531,40.41999816894531
2025-12-18,41.060001373291016,41.060001373291016
2025-12-19,41.529998779296875,41.529998779296875
2025-12-22,41.90999984741211,41.90999984741211
2025-12-23,42.11000061035156,42.11000061035156
2025-12-24,42.22999954223633,42.22999954223633
2025-12-29,42.150001525878906,42.150001525878906
2025-12-30,42.34000015258789,42.34000015258789
2025-12-31,42.13999938964844,42.13999938964844
2026-01-02,41.88999938964844,41.88999938964844
2026-01-05,42.06999969482422,42.06999969482422
2026-01-06,42.040000915527344,42.040000915527344
2026-01-07,42.310001373291016,42.310001373291016
2026-01-08,41.31999969482422,41.31999969482422
2026-01-09,41.72999954223633,41.72999954223633
2026-01-12,42.0099983215332,42.0099983215332
2026-01-13,42.040000915527344,42.040000915527344
2026-01-14,41.2400016784668,41.2400016784668
2026-01-15,41.939998626708984,41.939998626708984
2026-01-16,41.70000076293945,41.70000076293945
2026-01-19,40.959999084472656,40.959999084472656
2026-01-20,40.939998626708984,40.939998626708984
2026-01-21,40.810001373291016,40.810001373291016
2026-01-22,41.189998626708984,41.189998626708984
2026-01-23,41.33000183105469,41.33000183105469
2026-01-26,41.689998626708984,41.689998626708984
2026-01-27,42.36000061035156,42.36000061035156
2026-01-28,42.40999984741211,42.40999984741211
2026-01-29,40.959999084472656,40.959999084472656
2026-01-30,41.380001068115234,41.380001068115234
2026-02-02,41.45000076293945,41.45000076293945
2026-02-03,40.380001068115234,40.380001068115234
2026-02-04,39.599998474121094,39.599998474121094
2026-02-05,39.41999816894531,39.41999816894531
2026-02-06,40.29999923706055,40.29999923706055
2026-02-09,41.150001525878906,41.150001525878906
2026-02-10,41.18000030517578,41.18000030517578
2026-02-11,40.95000076293945,40.95000076293945
2026-02-12,40.09000015258789,40.09000015258789
2026-02-13,39.83000183105469,39.83000183105469
2026-02-16,39.619998931884766,39.619998931884766
2026-02-17,39.790000915527344,39.790000915527344
2026-02-18,40.61000061035156,40.61000061035156
2026-02-19,40.2400016784668,40.2400016784668
2026-02-20,40.31999969482422,40.31999969482422
2026-02-23,39.91999816894531,39.91999816894531
2026-02-24,40.25,40.25
2026-02-25,40.97999954223633,40.97999954223633
2026-02-26,40.310001373291016,40.310001373291016
2026-02-27,39.75,39.75
2026-03-02,39.54999923706055,39.54999923706055
2026-03-03,39.22999954223633,39.22999954223633
2026-03-04,39.93000030517578,39.93000030517578
2026-03-05,40.08000183105469,40.08000183105469
2026-03-06,39.790000915527344,39.790000915527344
2026-03-09,39.619998931884766,39.619998931884766
2026-03-10,40.34000015258789,40.34000015258789
2026-03-11,40.18000030517578,40.18000030517578
2026-03-12,39.7599983215332,39.7599983215332
2026-03-13,39.15999984741211,39.15999984741211
2026-03-16,39.599998474121094,39.599998474121094
2026-03-17,39.650001525878906,39.650001525878906
2026-03-18,39.45000076293945,39.45000076293945
2026-03-19,39.02000045776367,39.02000045776367
2026-03-20,38.650001525878906,38.650001525878906
2026-03-23,38.79999923706055,38.79999923706055
2026-03-24,38.65999984741211,38.65999984741211
2026-03-25,38.90999984741211,38.90999984741211
2026-03-26,38.130001068115234,38.130001068115234
2026-03-27,37.209999084472656,37.209999084472656
2026-03-30,36.83000183105469,36.83000183105469
2026-03-31,37.06999969482422,37.06999969482422
2026-04-01,38.540000915527344,38.540000915527344
2026-04-02,38.47999954223633,38.47999954223633
2026-04-07,38.369998931884766,38.369998931884766
2026-04-08,40.06999969482422,40.06999969482422
2026-04-09,40.02000045776367,40.02000045776367
2026-04-10,40.66999816894531,40.66999816894531
2026-04-13,40.810001373291016,40.810001373291016
2026-04-14,41.61000061035156,41.61000061035156
2026-04-15,42.52000045776367,42.52000045776367
2026-04-16,43.130001068115234,43.130001068115234
2026-04-17,43.970001220703125,43.970001220703125
2026-04-20,43.56999969482422,43.56999969482422
2026-04-21,43.939998626708984,43.939998626708984
2026-04-22,44.540000915527344,44.540000915527344
2026-04-23,44.66999816894531,44.66999816894531
2026-04-24,45.04999923706055,45.04999923706055
2026-04-27,45.0099983215332,45.0099983215332
2026-04-28,44.38999938964844,44.38999938964844
2026-04-29,44.900001525878906,44.900001525878906
2026-04-30,44.45000076293945,44.45000076293945
2026-05-01,45.310001373291016,45.310001373291016
2026-05-05,45.83000183105469,45.83000183105469
2026-05-06,46.86000061035156,46.86000061035156
2026-05-07,47.68000030517578,47.68000030517578
2026-05-08,48.15999984741211,48.15999984741211
2026-05-11,48.91999816894531,48.91999816894531
2026-05-12,47.84000015258789,47.84000015258789
2026-05-13,48.709999084472656,48.709999084472656
2026-05-14,49.95000076293945,49.95000076293945
2026-05-15,49.33000183105469,49.33000183105469
2026-05-18,48.33000183105469,48.33000183105469
2026-05-19,47.9900016784668,47.9900016784668
2026-05-20,48.9900016784668,48.9900016784668
2026-05-21,48.84000015258789,48.84000015258789
2026-05-22,49.779998779296875,49.779998779296875
2026-05-26,50.36000061035156,50.36000061035156
2026-05-27,49.93000030517578,49.93000030517578
2026-05-28,50.86000061035156,50.86000061035156
2026-05-29,51.77000045776367,51.77000045776367
2026-06-01,52.91999816894531,52.91999816894531
2026-06-02,53.529998779296875,53.529998779296875
2026-06-03,52.970001220703125,52.970001220703125
2026-06-04,51.849998474121094,51.849998474121094
2026-06-05,50.16999816894531,50.16999816894531
2026-06-08,50.06999969482422,50.06999969482422
2026-06-09,48.189998626708984,48.189998626708984
2026-06-10,48.08000183105469,48.08000183105469
2026-06-11,47.9900016784668,47.9900016784668
2026-06-12,49.41999816894531,49.41999816894531
2026-06-15,50.83000183105469,50.83000183105469
2026-06-16,50.189998626708984,50.189998626708984
2026-06-17,50.150001525878906,50.150001525878906
2026-06-18,50.52000045776367,50.52000045776367
2026-06-19,50.709999084472656,50.709999084472656
2026-06-22,50.810001373291016,50.810001373291016
2026-06-23,49.18000030517578,49.18000030517578
2026-06-24,49.150001525878906,49.150001525878906
2026-06-25,48.41999816894531,48.41999816894531
2026-06-26,48.15999984741211,48.15999984741211
2026-06-29,48.369998931884766,48.369998931884766
2026-06-30,49.79999923706055,49.79999923706055
2026-07-01,49.58000183105469,49.58000183105469
2026-07-02,48.88999938964844,48.88999938964844
2026-07-03,49.060001373291016,49.060001373291016
2026-07-06,49.5,49.5
2026-07-07,48.04999923706055,48.04999923706055
2026-07-08,48.06999969482422,48.06999969482422
2026-07-09,49.84000015258789,49.84000015258789
2026-07-10,49.95000076293945,49.95000076293945
2026-07-13,49.599998474121094,49.599998474121094
2026-07-14,49.720001220703125,49.720001220703125
2026-07-15,49.33000183105469,49.33000183105469
2026-07-16,48.849998474121094,48.849998474121094
2026-07-17,48.060001373291016,48.060001373291016
2026-07-20,48.599998474121094,48.599998474121094
2026-07-21,49.31999969482422,49.31999969482422
2026-07-22,49.529998779296875,49.529998779296875
2026-07-23,48.630001068115234,48.630001068115234
2026-07-24,48.83000183105469,48.83000183105469
2026-07-27,47.650001525878906,47.650001525878906
2026-07-28,47.43000030517578,47.43000030517578
2026-07-29,46.68000030517578,46.68000030517578
2026-07-30,48.310001373291016,48.310001373291016
2026-07-31,47.77000045776367,47.77000045776367
2026-08-03,48.880001068115234,48.880001068115234
2026-08-04,50.880001068115234,50.880001068115234
2026-08-05,51.349998474121094,51.349998474121094
2026-08-06,51.22999954223633,51.22999954223633
2026-08-07,51.790000915527344,51.790000915527344
2026-08-10,51.5,51.5
2026-08-11,51.22999954223633,51.22999954223633
2026-08-12,51.650001525878906,51.650001525878906
2026-08-13,52.18000030517578,52.18000030517578
2026-08-14,51.880001068115234,51.880001068115234
2026-08-17,52.189998626708984,52.189998626708984
2026-08-18,50.790000915527344,50.790000915527344
2026-08-19,50.650001525878906,50.650001525878906
2026-08-20,50.40999984741211,50.40999984741211
2026-08-21,50.40999984741211,50.40999984741211
2026-08-24,49.63999938964844,49.63999938964844
2026-08-25,49.91999816894531,49.91999816894531
2026-08-26,50.09000015258789,50.09000015258789
2026-08-27,51.47999954223633,51.47999954223633
2026-08-28,51.88999938964844,51.88999938964844
2026-09-01,50.959999084472656,50.959999084472656
2026-09-02,51.0099983215332,51.0099983215332
2026-09-03,51.5099983215332,51.5099983215332
2026-09-04,51.58000183105469,51.58000183105469
2026-09-07,51.779998779296875,51.779998779296875
2026-09-08,51.79999923706055,51.79999923706055
2026-09-09,51.540000915527344,51.540000915527344
2026-09-10,51.290000915527344,51.290000915527344
2026-09-11,51.959999084472656,51.959999084472656
2026-09-14,50.97999954223633,50.97999954223633
2026-09-15,50.70000076293945,50.70000076293945
2026-09-16,51.119998931884766,51.119998931884766
2026-09-17,51.75,51.75
2026-09-18,51.83000183105469,51.83000183105469
2026-09-21,53.04999923706055,53.04999923706055
2026-09-22,53.65999984741211,53.65999984741211
2026-09-23,53.40999984741211,53.40999984741211
2026-09-24,52.900001525878906,52.900001525878906
2026-09-25,53.7599983215332,53.7599983215332
2026-09-28,53.41999816894531,53.41999816894531
2026-09-29,53.58000183105469,53.58000183105469
2026-09-30,54.040000915527344,54.040000915527344
2026-10-01,53.63999938964844,53.63999938964844
2026-10-02,54.66999816894531,54.66999816894531
