Date,Close,Adj Close
2017-03-22,5.05709981918335,5.05709981918335
2017-03-23,5.0447998046875,5.0447998046875
2017-03-24,5.065100193023682,5.065100193023682
2017-03-27,5.03000020980835,5.03000020980835
2017-03-28,5.039999961853027,5.039999961853027
2017-03-29,5.036250114440918,5.036250114440918
2017-03-30,4.996250152587891,4.996250152587891
2017-03-31,5.018750190734863,5.018750190734863
2017-04-03,4.989500045776367,4.989500045776367
2017-04-04,5.008749961853027,5.008749961853027
2017-04-05,5.041250228881836,5.041250228881836
2017-04-06,5.03125,5.03125
2017-04-07,5.050000190734863,5.050000190734863
2017-04-10,5.018750190734863,5.018750190734863
2017-04-11,5.018750190734863,5.018750190734863
2017-04-12,5.039999961853027,5.039999961853027
2017-04-13,5.053750038146973,5.053750038146973
2017-04-18,5.078750133514404,5.078750133514404
2017-04-19,5.039999961853027,5.039999961853027
2017-04-20,4.990499973297119,4.990499973297119
2017-04-21,5.065000057220459,5.065000057220459
2017-04-24,5.059999942779541,5.059999942779541
2017-04-25,5.051249980926514,5.051249980926514
2017-04-26,5.090000152587891,5.090000152587891
2017-04-27,5.06374979019165,5.06374979019165
2017-04-28,5.059999942779541,5.059999942779541
2017-05-02,5.0,5.0
2017-05-03,5.013750076293945,5.013750076293945
2017-05-04,5.010000228881836,5.010000228881836
2017-05-05,5.050000190734863,5.050000190734863
2017-05-08,5.03249979019165,5.03249979019165
2017-05-09,5.034999847412109,5.034999847412109
2017-05-10,5.010000228881836,5.010000228881836
2017-05-11,4.993000030517578,4.993000030517578
2017-05-12,5.050000190734863,5.050000190734863
2017-05-15,5.074999809265137,5.074999809265137
2017-05-16,5.058750152587891,5.058750152587891
2017-05-17,5.056250095367432,5.056250095367432
2017-05-18,5.046249866485596,5.046249866485596
2017-05-19,5.056250095367432,5.056250095367432
2017-05-22,5.099999904632568,5.099999904632568
2017-05-23,5.150000095367432,5.150000095367432
2017-05-24,5.153749942779541,5.153749942779541
2017-05-25,5.199999809265137,5.199999809265137
2017-05-26,5.210000038146973,5.210000038146973
2017-05-30,5.21875,5.21875
2017-05-31,5.24875020980835,5.24875020980835
2017-06-01,5.260000228881836,5.260000228881836
2017-06-02,5.295000076293945,5.295000076293945
2017-06-05,5.275000095367432,5.275000095367432
2017-06-06,5.28000020980835,5.28000020980835
2017-06-07,5.275000095367432,5.275000095367432
2017-06-08,5.210000038146973,5.210000038146973
2017-06-09,5.233749866485596,5.233749866485596
2017-06-12,5.204999923706055,5.204999923706055
2017-06-13,5.21999979019165,5.21999979019165
2017-06-14,5.278749942779541,5.278749942779541
2017-06-15,5.283750057220459,5.283750057220459
2017-06-16,5.308750152587891,5.308750152587891
2017-06-19,5.316249847412109,5.316249847412109
2017-06-20,5.306250095367432,5.306250095367432
2017-06-21,5.278749942779541,5.278749942779541
2017-06-22,5.278749942779541,5.278749942779541
2017-06-23,5.266250133514404,5.266250133514404
2017-06-26,5.267899990081787,5.267899990081787
2017-06-27,5.202099800109863,5.202099800109863
2017-06-28,5.196249961853027,5.196249961853027
2017-06-29,5.116250038146973,5.116250038146973
2017-06-30,5.12375020980835,5.12375020980835
2017-07-03,5.097499847412109,5.097499847412109
2017-07-04,5.083749771118164,5.083749771118164
2017-07-05,5.056250095367432,5.056250095367432
2017-07-06,5.050000190734863,5.050000190734863
2017-07-07,5.071249961853027,5.071249961853027
2017-07-10,5.082499980926514,5.082499980926514
2017-07-11,5.03249979019165,5.03249979019165
2017-07-12,5.099999904632568,5.099999904632568
2017-07-13,5.091249942779541,5.091249942779541
2017-07-14,5.107500076293945,5.107500076293945
2017-07-17,5.117499828338623,5.117499828338623
2017-07-18,5.139999866485596,5.139999866485596
2017-07-19,5.147500038146973,5.147500038146973
2017-07-20,5.184999942779541,5.184999942779541
2017-07-21,5.203750133514404,5.203750133514404
2017-07-24,5.196249961853027,5.196249961853027
2017-07-25,5.172500133514404,5.172500133514404
2017-07-26,5.182499885559082,5.182499885559082
2017-07-27,5.197500228881836,5.197500228881836
2017-07-28,5.21875,5.21875
2017-07-31,5.230000019073486,5.230000019073486
2017-08-01,5.25124979019165,5.25124979019165
2017-08-02,5.28000020980835,5.28000020980835
2017-08-03,5.28125,5.28125
2017-08-04,5.268750190734863,5.268750190734863
2017-08-07,5.288750171661377,5.288750171661377
2017-08-08,5.303750038146973,5.303750038146973
2017-08-09,5.309999942779541,5.309999942779541
2017-08-10,5.283750057220459,5.283750057220459
2017-08-11,5.286250114440918,5.286250114440918
2017-08-14,5.309999942779541,5.309999942779541
2017-08-15,5.326250076293945,5.326250076293945
2017-08-16,5.34250020980835,5.34250020980835
2017-08-17,5.34499979019165,5.34499979019165
2017-08-18,5.340000152587891,5.340000152587891
2017-08-21,5.363749980926514,5.363749980926514
2017-08-22,5.360000133514404,5.360000133514404
2017-08-23,5.380000114440918,5.380000114440918
2017-08-24,5.388750076293945,5.388750076293945
2017-08-25,5.413750171661377,5.413750171661377
2017-08-29,5.420000076293945,5.420000076293945
2017-08-30,5.40500020980835,5.40500020980835
2017-08-31,5.40500020980835,5.40500020980835
2017-09-01,5.37375020980835,5.37375020980835
2017-09-04,5.389999866485596,5.389999866485596
2017-09-05,5.377500057220459,5.377500057220459
2017-09-06,5.392499923706055,5.392499923706055
2017-09-07,5.40500020980835,5.40500020980835
2017-09-08,5.409999847412109,5.409999847412109
2017-09-11,5.463749885559082,5.463749885559082
2017-09-12,5.421249866485596,5.421249866485596
2017-09-13,5.366250038146973,5.366250038146973
2017-09-14,5.382500171661377,5.382500171661377
2017-09-15,5.409999847412109,5.409999847412109
2017-09-18,5.387499809265137,5.387499809265137
2017-09-19,5.352499961853027,5.352499961853027
2017-09-20,5.341249942779541,5.341249942779541
2017-09-21,5.322500228881836,5.322500228881836
2017-09-22,5.284999847412109,5.284999847412109
2017-09-25,5.292500019073486,5.292500019073486
2017-09-26,5.317500114440918,5.317500114440918
2017-09-27,5.257500171661377,5.257500171661377
2017-09-28,5.239999771118164,5.239999771118164
2017-09-29,5.24875020980835,5.24875020980835
2017-10-02,5.269999980926514,5.269999980926514
2017-10-03,5.231249809265137,5.231249809265137
2017-10-04,5.257500171661377,5.257500171661377
2017-10-05,5.287499904632568,5.287499904632568
2017-10-06,5.28125,5.28125
2017-10-09,5.301249980926514,5.301249980926514
2017-10-10,5.337500095367432,5.337500095367432
2017-10-11,5.352499961853027,5.352499961853027
2017-10-12,5.389999866485596,5.389999866485596
2017-10-13,5.380000114440918,5.380000114440918
2017-10-16,5.335000038146973,5.335000038146973
2017-10-17,5.335000038146973,5.335000038146973
2017-10-18,5.349999904632568,5.349999904632568
2017-10-19,5.400000095367432,5.400000095367432
2017-10-20,5.420000076293945,5.420000076293945
2017-10-23,5.416250228881836,5.416250228881836
2017-10-24,5.411250114440918,5.411250114440918
2017-10-25,5.389999866485596,5.389999866485596
2017-10-26,5.412499904632568,5.412499904632568
2017-10-27,5.449999809265137,5.449999809265137
2017-10-30,5.449999809265137,5.449999809265137
2017-10-31,5.449999809265137,5.449999809265137
2017-11-01,5.428750038146973,5.428750038146973
2017-11-02,5.440000057220459,5.440000057220459
2017-11-03,5.478750228881836,5.478750228881836
2017-11-06,5.46999979019165,5.46999979019165
2017-11-07,5.488749980926514,5.488749980926514
2017-11-08,5.485000133514404,5.485000133514404
2017-11-09,5.506249904632568,5.506249904632568
2017-11-10,5.46999979019165,5.46999979019165
2017-11-13,5.523749828338623,5.523749828338623
2017-11-14,5.59375,5.59375
2017-11-15,5.570000171661377,5.570000171661377
2017-11-16,5.554999828338623,5.554999828338623
2017-11-17,5.519999980926514,5.519999980926514
2017-11-20,5.522500038146973,5.522500038146973
2017-11-21,5.511250019073486,5.511250019073486
2017-11-22,5.497499942779541,5.497499942779541
2017-11-23,5.514999866485596,5.514999866485596
2017-11-24,5.519999980926514,5.519999980926514
2017-11-27,5.539999961853027,5.539999961853027
2017-11-28,5.56374979019165,5.56374979019165
2017-11-29,5.552499771118164,5.552499771118164
2017-11-30,5.590000152587891,5.590000152587891
2017-12-01,5.570000171661377,5.570000171661377
2017-12-04,5.570000171661377,5.570000171661377
2017-12-05,5.481249809265137,5.481249809265137
2017-12-06,5.491250038146973,5.491250038146973
2017-12-07,5.46750020980835,5.46750020980835
2017-12-08,5.491250038146973,5.491250038146973
2017-12-11,5.491250038146973,5.491250038146973
2017-12-12,5.5,5.5
2017-12-13,5.480000019073486,5.480000019073486
2017-12-14,5.480000019073486,5.480000019073486
2017-12-15,5.480000019073486,5.480000019073486
2017-12-18,5.440000057220459,5.440000057220459
2017-12-19,5.440000057220459,5.440000057220459
2017-12-20,5.440000057220459,5.440000057220459
2017-12-21,5.230000019073486,5.230000019073486
2017-12-22,5.230000019073486,5.230000019073486
2017-12-27,5.230000019073486,5.230000019073486
2017-12-28,5.230000019073486,5.230000019073486
2017-12-29,5.230000019073486,5.230000019073486
2018-01-02,5.199999809265137,5.199999809265137
2018-01-03,5.190000057220459,5.190000057220459
2018-01-04,5.170000076293945,5.170000076293945
2018-01-05,5.099999904632568,5.099999904632568
2018-01-08,5.099999904632568,5.099999904632568
2018-01-09,5.130000114440918,5.130000114440918
2018-01-10,5.050000190734863,5.050000190734863
2018-01-11,5.050000190734863,5.050000190734863
2018-01-12,5.039999961853027,5.039999961853027
2018-01-15,5.039999961853027,5.039999961853027
2018-01-16,4.989999771118164,4.989999771118164
2018-01-17,5.03000020980835,5.03000020980835
2018-01-18,4.96999979019165,4.96999979019165
2018-01-19,4.96999979019165,4.96999979019165
2018-01-22,5.03000020980835,5.03000020980835
2018-01-23,5.03000020980835,5.03000020980835
2018-01-24,5.010000228881836,5.010000228881836
2018-01-25,5.010000228881836,5.010000228881836
2018-01-26,5.050000190734863,5.050000190734863
2018-01-29,5.019999980926514,5.019999980926514
2018-01-30,5.019999980926514,5.019999980926514
2018-01-31,5.039999961853027,5.039999961853027
2018-02-01,5.019999980926514,5.019999980926514
2018-02-02,4.980000019073486,4.980000019073486
2018-02-05,5.010000228881836,5.010000228881836
2018-02-06,4.730000019073486,4.730000019073486
2018-02-07,4.849999904632568,4.849999904632568
2018-02-08,4.829999923706055,4.829999923706055
2018-02-09,4.789999961853027,4.789999961853027
2018-02-12,4.829999923706055,4.829999923706055
2018-02-13,4.840000152587891,4.840000152587891
2018-02-14,4.860000133514404,4.860000133514404
2018-02-15,4.889999866485596,4.889999866485596
2018-02-16,4.960000038146973,4.960000038146973
2018-02-19,4.960000038146973,4.960000038146973
2018-02-20,4.960000038146973,4.960000038146973
2018-02-21,4.960000038146973,4.960000038146973
2018-02-22,4.960000038146973,4.960000038146973
2018-02-23,4.980000019073486,4.980000019073486
2018-02-26,5.019999980926514,5.019999980926514
2018-02-27,5.019999980926514,5.019999980926514
2018-02-28,5.019999980926514,5.019999980926514
2018-03-01,4.909999847412109,4.909999847412109
2018-03-02,4.849999904632568,4.849999904632568
2018-03-05,4.940000057220459,4.940000057220459
2018-03-06,4.929999828338623,4.929999828338623
2018-03-07,4.880000114440918,4.880000114440918
2018-03-08,4.880000114440918,4.880000114440918
2018-03-09,4.880000114440918,4.880000114440918
2018-03-12,4.880000114440918,4.880000114440918
2018-03-13,4.880000114440918,4.880000114440918
2018-03-14,4.989999771118164,4.989999771118164
2018-03-15,5.0,5.0
2018-03-16,5.019999980926514,5.019999980926514
2018-03-19,5.019999980926514,5.019999980926514
2018-03-20,5.019999980926514,5.019999980926514
2018-03-21,5.019999980926514,5.019999980926514
2018-03-22,5.059999942779541,5.059999942779541
2018-03-23,4.980000019073486,4.980000019073486
2018-03-26,4.94950008392334,4.94950008392334
2018-03-27,4.94950008392334,4.94950008392334
2018-03-28,5.050000190734863,5.050000190734863
2018-03-29,5.072500228881836,5.072500228881836
2018-04-03,5.019999980926514,5.019999980926514
2018-04-04,5.019999980926514,5.019999980926514
2018-04-05,5.042500019073486,5.042500019073486
2018-04-06,5.079999923706055,5.079999923706055
2018-04-09,5.070000171661377,5.070000171661377
2018-04-10,5.034999847412109,5.034999847412109
2018-04-11,5.034999847412109,5.034999847412109
2018-04-12,5.034999847412109,5.034999847412109
2018-04-13,5.034999847412109,5.034999847412109
2018-04-16,5.034999847412109,5.034999847412109
2018-04-17,5.110000133514404,5.110000133514404
2018-04-18,5.147500038146973,5.147500038146973
2018-04-19,5.070000171661377,5.070000171661377
2018-04-20,5.052499771118164,5.052499771118164
2018-04-23,5.039999961853027,5.039999961853027
2018-04-24,5.099999904632568,5.099999904632568
2018-04-25,5.039999961853027,5.039999961853027
2018-04-26,5.097499847412109,5.097499847412109
2018-04-27,5.097499847412109,5.097499847412109
2018-04-30,5.097499847412109,5.097499847412109
2018-05-01,5.097499847412109,5.097499847412109
2018-05-02,5.150000095367432,5.150000095367432
2018-05-03,5.107500076293945,5.107500076293945
2018-05-04,5.107500076293945,5.107500076293945
2018-05-08,5.107500076293945,5.107500076293945
2018-05-09,4.96999979019165,4.96999979019165
2018-05-10,5.010000228881836,5.010000228881836
2018-05-11,5.047500133514404,5.047500133514404
2018-05-14,5.047500133514404,5.047500133514404
2018-05-15,5.047500133514404,5.047500133514404
2018-05-16,5.047500133514404,5.047500133514404
2018-05-17,4.920000076293945,4.920000076293945
2018-05-18,4.884500026702881,4.884500026702881
2018-05-21,4.884500026702881,4.884500026702881
2018-05-22,4.884500026702881,4.884500026702881
2018-05-23,4.884500026702881,4.884500026702881
2018-05-24,4.884500026702881,4.884500026702881
2018-05-25,4.884500026702881,4.884500026702881
2018-05-29,5.079999923706055,5.079999923706055
2018-05-30,5.067500114440918,5.067500114440918
2018-05-31,5.119999885559082,5.119999885559082
2018-06-01,5.019999980926514,5.019999980926514
2018-06-04,5.019999980926514,5.019999980926514
2018-06-05,5.019999980926514,5.019999980926514
2018-06-06,5.019999980926514,5.019999980926514
2018-06-07,5.019999980926514,5.019999980926514
2018-06-08,4.869999885559082,4.869999885559082
2018-06-11,4.869999885559082,4.869999885559082
2018-06-12,4.89900016784668,4.89900016784668
2018-06-13,4.89900016784668,4.89900016784668
2018-06-14,4.960000038146973,4.960000038146973
2018-06-15,4.96999979019165,4.96999979019165
2018-06-18,5.022500038146973,5.022500038146973
2018-06-19,5.070000171661377,5.070000171661377
2018-06-20,5.079999923706055,5.079999923706055
2018-06-21,5.099999904632568,5.099999904632568
2018-06-22,5.110000133514404,5.110000133514404
2018-06-25,5.190000057220459,5.190000057220459
2018-06-26,5.239999771118164,5.239999771118164
2018-06-27,5.239999771118164,5.239999771118164
2018-06-28,5.25,5.25
2018-06-29,5.25,5.25
2018-07-02,5.25,5.25
2018-07-03,5.309999942779541,5.309999942779541
2018-07-04,5.298749923706055,5.298749923706055
2018-07-05,5.289999961853027,5.289999961853027
2018-07-06,5.356249809265137,5.356249809265137
2018-07-09,5.300000190734863,5.300000190734863
2018-07-10,5.230000019073486,5.230000019073486
2018-07-11,5.300000190734863,5.300000190734863
2018-07-12,5.289999961853027,5.289999961853027
2018-07-13,5.289999961853027,5.289999961853027
2018-07-16,5.289999961853027,5.289999961853027
2018-07-17,5.309999942779541,5.309999942779541
2018-07-18,5.260000228881836,5.260000228881836
2018-07-19,5.303750038146973,5.303750038146973
2018-07-20,5.303750038146973,5.303750038146973
2018-07-23,5.239999771118164,5.239999771118164
2018-07-24,5.192500114440918,5.192500114440918
2018-07-25,5.289999961853027,5.289999961853027
2018-07-26,5.329999923706055,5.329999923706055
2018-07-27,5.317500114440918,5.317500114440918
2018-07-30,5.317500114440918,5.317500114440918
2018-07-31,5.317500114440918,5.317500114440918
2018-08-01,5.317500114440918,5.317500114440918
2018-08-02,5.309999942779541,5.309999942779541
2018-08-03,5.37624979019165,5.37624979019165
2018-08-06,5.37624979019165,5.37624979019165
2018-08-07,5.360000133514404,5.360000133514404
2018-08-08,5.353750228881836,5.353750228881836
2018-08-09,5.360000133514404,5.360000133514404
2018-08-10,5.380000114440918,5.380000114440918
2018-08-13,5.349999904632568,5.349999904632568
2018-08-14,5.369999885559082,5.369999885559082
2018-08-15,5.429999828338623,5.429999828338623
2018-08-16,5.43874979019165,5.43874979019165
2018-08-17,5.510000228881836,5.510000228881836
2018-08-20,5.486249923706055,5.486249923706055
2018-08-21,5.449999809265137,5.449999809265137
2018-08-22,5.400000095367432,5.400000095367432
2018-08-23,5.409999847412109,5.409999847412109
2018-08-24,5.400000095367432,5.400000095367432
2018-08-28,5.37375020980835,5.37375020980835
2018-08-29,5.400000095367432,5.400000095367432
2018-08-30,5.429999828338623,5.429999828338623
2018-08-31,5.40625,5.40625
2018-09-03,5.400000095367432,5.400000095367432
2018-09-04,5.429999828338623,5.429999828338623
2018-09-05,5.46999979019165,5.46999979019165
2018-09-06,5.49875020980835,5.49875020980835
2018-09-07,5.480000019073486,5.480000019073486
2018-09-10,5.46999979019165,5.46999979019165
2018-09-11,5.491250038146973,5.491250038146973
2018-09-12,5.460000038146973,5.460000038146973
2018-09-13,5.480000019073486,5.480000019073486
2018-09-14,5.463749885559082,5.463749885559082
2018-09-17,5.463749885559082,5.463749885559082
2018-09-18,5.463749885559082,5.463749885559082
2018-09-19,5.400000095367432,5.400000095367432
2018-09-20,5.369999885559082,5.369999885559082
2018-09-21,5.389999866485596,5.389999866485596
2018-09-24,5.360000133514404,5.360000133514404
2018-09-25,5.289999961853027,5.289999961853027
2018-09-26,5.289999961853027,5.289999961853027
2018-09-27,5.28000020980835,5.28000020980835
2018-09-28,5.329999923706055,5.329999923706055
2018-10-01,5.329999923706055,5.329999923706055
2018-10-02,5.380000114440918,5.380000114440918
2018-10-03,5.400000095367432,5.400000095367432
2018-10-04,5.349999904632568,5.349999904632568
2018-10-05,5.429999828338623,5.429999828338623
2018-10-08,5.510000228881836,5.510000228881836
2018-10-09,5.53000020980835,5.53000020980835
2018-10-10,5.550000190734863,5.550000190734863
2018-10-11,5.429999828338623,5.429999828338623
2018-10-12,5.360000133514404,5.360000133514404
2018-10-15,5.429999828338623,5.429999828338623
2018-10-16,5.460000038146973,5.460000038146973
2018-10-17,5.449999809265137,5.449999809265137
2018-10-18,5.480000019073486,5.480000019073486
2018-10-19,5.539999961853027,5.539999961853027
2018-10-22,5.516250133514404,5.516250133514404
2018-10-23,5.46999979019165,5.46999979019165
2018-10-24,5.579999923706055,5.579999923706055
2018-10-25,5.550000190734863,5.550000190734863
2018-10-26,5.449999809265137,5.449999809265137
2018-10-29,5.510000228881836,5.510000228881836
2018-10-30,5.480000019073486,5.480000019073486
2018-10-31,5.480000019073486,5.480000019073486
2018-11-01,5.429999828338623,5.429999828338623
2018-11-02,5.389999866485596,5.389999866485596
2018-11-05,5.489999771118164,5.489999771118164
2018-11-06,5.489999771118164,5.489999771118164
2018-11-07,5.559999942779541,5.559999942779541
2018-11-08,5.53000020980835,5.53000020980835
2018-11-09,5.599999904632568,5.599999904632568
2018-11-12,5.610000133514404,5.610000133514404
2018-11-13,5.570000171661377,5.570000171661377
2018-11-14,5.550000190734863,5.550000190734863
2018-11-15,5.510000228881836,5.510000228881836
2018-11-16,5.559999942779541,5.559999942779541
2018-11-19,5.579999923706055,5.579999923706055
2018-11-20,5.579999923706055,5.579999923706055
2018-11-21,5.550000190734863,5.550000190734863
2018-11-22,5.489999771118164,5.489999771118164
2018-11-23,5.510000228881836,5.510000228881836
2018-11-26,5.5,5.5
2018-11-27,5.550000190734863,5.550000190734863
2018-11-28,5.559999942779541,5.559999942779541
2018-11-29,5.550000190734863,5.550000190734863
2018-11-30,5.599999904632568,5.599999904632568
2018-12-03,5.659999847412109,5.659999847412109
2018-12-04,5.760000228881836,5.760000228881836
2018-12-05,5.710000038146973,5.710000038146973
2018-12-06,5.610000133514404,5.610000133514404
2018-12-07,5.739999771118164,5.739999771118164
2018-12-10,5.670000076293945,5.670000076293945
2018-12-11,5.75,5.75
2018-12-12,5.760000228881836,5.760000228881836
2018-12-13,5.800000190734863,5.800000190734863
2018-12-14,5.760000228881836,5.760000228881836
2018-12-17,5.679999828338623,5.679999828338623
2018-12-18,5.590000152587891,5.590000152587891
2018-12-19,5.559999942779541,5.559999942779541
2018-12-20,5.599999904632568,5.599999904632568
2018-12-21,5.650000095367432,5.650000095367432
2018-12-24,5.508749961853027,5.508749961853027
2018-12-27,5.329999923706055,5.329999923706055
2018-12-28,5.420000076293945,5.420000076293945
2018-12-31,5.420000076293945,5.420000076293945
2019-01-02,5.329999923706055,5.329999923706055
2019-01-03,5.329999923706055,5.329999923706055
2019-01-04,5.369999885559082,5.369999885559082
2019-01-07,5.380000114440918,5.380000114440918
2019-01-08,5.40625,5.40625
2019-01-09,5.429999828338623,5.429999828338623
2019-01-10,5.440000057220459,5.440000057220459
2019-01-11,5.46999979019165,5.46999979019165
2019-01-14,5.320000171661377,5.320000171661377
2019-01-15,5.409999847412109,5.409999847412109
2019-01-16,5.380000114440918,5.380000114440918
2019-01-17,5.440000057220459,5.440000057220459
2019-01-18,5.429999828338623,5.429999828338623
2019-01-21,5.440000057220459,5.440000057220459
2019-01-22,5.440000057220459,5.440000057220459
2019-01-23,5.489999771118164,5.489999771118164
2019-01-24,5.494999885559082,5.494999885559082
2019-01-25,5.510000228881836,5.510000228881836
2019-01-28,5.440000057220459,5.440000057220459
2019-01-29,5.445000171661377,5.445000171661377
2019-01-30,5.477499961853027,5.477499961853027
2019-01-31,5.550000190734863,5.550000190734863
2019-02-01,5.545000076293945,5.545000076293945
2019-02-04,5.573750019073486,5.573750019073486
2019-02-05,5.611249923706055,5.611249923706055
2019-02-06,5.613749980926514,5.613749980926514
2019-02-07,5.641250133514404,5.641250133514404
2019-02-08,5.68625020980835,5.68625020980835
2019-02-11,5.693749904632568,5.693749904632568
2019-02-12,5.731249809265137,5.731249809265137
2019-02-13,5.691249847412109,5.691249847412109
2019-02-14,5.68625020980835,5.68625020980835
2019-02-15,5.701250076293945,5.701250076293945
2019-02-18,5.698750019073486,5.698750019073486
2019-02-19,5.728750228881836,5.728750228881836
2019-02-20,5.743750095367432,5.743750095367432
2019-02-21,5.798749923706055,5.798749923706055
2019-02-22,5.836249828338623,5.836249828338623
2019-02-25,5.816249847412109,5.816249847412109
2019-02-26,5.786250114440918,5.786250114440918
2019-02-27,5.808750152587891,5.808750152587891
2019-02-28,5.828750133514404,5.828750133514404
2019-03-01,5.808750152587891,5.808750152587891
2019-03-04,5.826250076293945,5.826250076293945
2019-03-05,5.863749980926514,5.863749980926514
2019-03-06,5.856249809265137,5.856249809265137
2019-03-07,5.881249904632568,5.881249904632568
2019-03-08,5.855000019073486,5.855000019073486
2019-03-11,5.922500133514404,5.922500133514404
2019-03-12,5.971250057220459,5.971250057220459
2019-03-13,5.978750228881836,5.978750228881836
2019-03-14,6.003749847412109,6.003749847412109
2019-03-15,6.013750076293945,6.013750076293945
2019-03-18,5.971250057220459,5.971250057220459
2019-03-19,5.93874979019165,5.93874979019165
2019-03-20,5.923749923706055,5.923749923706055
2019-03-21,5.981249809265137,5.981249809265137
2019-03-22,6.0625,6.0625
2019-03-25,6.041250228881836,6.041250228881836
2019-03-26,6.068749904632568,6.068749904632568
2019-03-27,6.03249979019165,6.03249979019165
2019-03-28,5.953750133514404,5.953750133514404
2019-03-29,5.981249809265137,5.981249809265137
2019-04-01,5.943749904632568,5.943749904632568
2019-04-02,5.951250076293945,5.951250076293945
2019-04-03,5.966249942779541,5.966249942779541
2019-04-04,5.908750057220459,5.908750057220459
2019-04-05,5.941249847412109,5.941249847412109
2019-04-08,5.933750152587891,5.933750152587891
2019-04-09,5.963749885559082,5.963749885559082
2019-04-10,5.978750228881836,5.978750228881836
2019-04-11,5.966249942779541,5.966249942779541
2019-04-12,5.976250171661377,5.976250171661377
2019-04-15,6.011250019073486,6.011250019073486
2019-04-16,5.971250057220459,5.971250057220459
2019-04-17,5.927499771118164,5.927499771118164
2019-04-18,5.922500133514404,5.922500133514404
2019-04-23,5.896249771118164,5.896249771118164
2019-04-24,5.953750133514404,5.953750133514404
2019-04-25,5.96875,5.96875
2019-04-26,6.018750190734863,6.018750190734863
2019-04-29,5.941249847412109,5.941249847412109
2019-04-30,5.992499828338623,5.992499828338623
2019-05-01,6.006249904632568,6.006249904632568
2019-05-02,5.952499866485596,5.952499866485596
2019-05-03,6.008749961853027,6.008749961853027
2019-05-07,5.961249828338623,5.961249828338623
2019-05-08,5.887499809265137,5.887499809265137
2019-05-09,5.856249809265137,5.856249809265137
2019-05-10,5.87624979019165,5.87624979019165
2019-05-13,5.993750095367432,5.993750095367432
2019-05-14,6.022500038146973,6.022500038146973
2019-05-15,6.005000114440918,6.005000114440918
2019-05-16,6.038750171661377,6.038750171661377
2019-05-17,6.050000190734863,6.050000190734863
2019-05-20,6.090000152587891,6.090000152587891
2019-05-21,6.116250038146973,6.116250038146973
2019-05-22,6.101250171661377,6.101250171661377
2019-05-23,6.138750076293945,6.138750076293945
2019-05-24,6.183750152587891,6.183750152587891
2019-05-28,6.12375020980835,6.12375020980835
2019-05-29,6.056250095367432,6.056250095367432
2019-05-30,5.99875020980835,5.99875020980835
2019-05-31,5.966249942779541,5.966249942779541
2019-06-03,6.008749961853027,6.008749961853027
2019-06-04,5.96875,5.96875
2019-06-05,6.178750038146973,6.178750038146973
2019-06-06,6.211249828338623,6.211249828338623
2019-06-07,6.28000020980835,6.28000020980835
2019-06-10,6.161250114440918,6.161250114440918
2019-06-11,6.12375020980835,6.12375020980835
2019-06-12,6.183750152587891,6.183750152587891
2019-06-13,6.18625020980835,6.18625020980835
2019-06-14,6.253749847412109,6.253749847412109
2019-06-17,6.21875,6.21875
2019-06-18,6.206250190734863,6.206250190734863
2019-06-19,6.231249809265137,6.231249809265137
2019-06-20,6.261250019073486,6.261250019073486
2019-06-21,6.289999961853027,6.289999961853027
2019-06-24,6.348750114440918,6.348750114440918
2019-06-25,6.329999923706055,6.329999923706055
2019-06-26,6.215000152587891,6.215000152587891
2019-06-27,6.177499771118164,6.177499771118164
2019-06-28,6.184999942779541,6.184999942779541
2019-07-01,6.178750038146973,6.178750038146973
2019-07-02,6.21750020980835,6.21750020980835
2019-07-03,6.309999942779541,6.309999942779541
2019-07-04,6.31374979019165,6.31374979019165
2019-07-05,6.257500171661377,6.257500171661377
2019-07-08,6.288750171661377,6.288750171661377
2019-07-09,6.289999961853027,6.289999961853027
2019-07-10,6.336249828338623,6.336249828338623
2019-07-11,6.322500228881836,6.322500228881836
2019-07-12,6.307499885559082,6.307499885559082
2019-07-15,6.303750038146973,6.303750038146973
2019-07-16,6.266250133514404,6.266250133514404
2019-07-17,6.327499866485596,6.327499866485596
2019-07-18,6.300000190734863,6.300000190734863
2019-07-19,6.323750019073486,6.323750019073486
2019-07-22,6.238749980926514,6.238749980926514
2019-07-23,6.224999904632568,6.224999904632568
2019-07-24,6.1875,6.1875
2019-07-25,6.196249961853027,6.196249961853027
2019-07-26,6.235000133514404,6.235000133514404
2019-07-29,6.227499961853027,6.227499961853027
2019-07-30,6.25,6.25
2019-07-31,6.215000152587891,6.215000152587891
2019-08-01,6.231249809265137,6.231249809265137
2019-08-02,6.267499923706055,6.267499923706055
2019-08-05,6.246250152587891,6.246250152587891
2019-08-06,6.170000076293945,6.170000076293945
2019-08-07,6.21999979019165,6.21999979019165
2019-08-08,6.296249866485596,6.296249866485596
2019-08-09,6.318749904632568,6.318749904632568
2019-08-12,6.291250228881836,6.291250228881836
2019-08-13,6.300000190734863,6.300000190734863
2019-08-14,6.333749771118164,6.333749771118164
2019-08-15,6.318749904632568,6.318749904632568
2019-08-16,6.361249923706055,6.361249923706055
2019-08-19,6.40625,6.40625
2019-08-20,6.40625,6.40625
2019-08-21,6.40625,6.40625
2019-08-22,6.408750057220459,6.408750057220459
2019-08-23,6.446249961853027,6.446249961853027
2019-08-27,6.478750228881836,6.478750228881836
2019-08-28,6.472499847412109,6.472499847412109
2019-08-29,6.451250076293945,6.451250076293945
2019-08-30,6.481249809265137,6.481249809265137
2019-09-02,6.476250171661377,6.476250171661377
2019-09-03,6.553750038146973,6.553750038146973
2019-09-04,6.621250152587891,6.621250152587891
2019-09-05,6.536250114440918,6.536250114440918
2019-09-06,6.547500133514404,6.547500133514404
2019-09-09,6.481249809265137,6.481249809265137
2019-09-10,6.465000152587891,6.465000152587891
2019-09-11,6.516250133514404,6.516250133514404
2019-09-12,6.59250020980835,6.59250020980835
2019-09-13,6.547500133514404,6.547500133514404
2019-09-16,6.527500152587891,6.527500152587891
2019-09-17,6.597499847412109,6.597499847412109
2019-09-18,6.62624979019165,6.62624979019165
2019-09-19,6.637499809265137,6.637499809265137
2019-09-20,6.664999961853027,6.664999961853027
2019-09-23,6.684999942779541,6.684999942779541
2019-09-24,6.762499809265137,6.762499809265137
2019-09-25,6.737500190734863,6.737500190734863
2019-09-26,6.769999980926514,6.769999980926514
2019-09-27,6.787499904632568,6.787499904632568
2019-09-30,6.786250114440918,6.786250114440918
2019-10-01,6.744999885559082,6.744999885559082
2019-10-02,6.679999828338623,6.679999828338623
2019-10-03,6.673749923706055,6.673749923706055
2019-10-04,6.721250057220459,6.721250057220459
2019-10-07,6.746250152587891,6.746250152587891
2019-10-08,6.696249961853027,6.696249961853027
2019-10-09,6.696249961853027,6.696249961853027
2019-10-10,6.708749771118164,6.708749771118164
2019-10-11,6.698750019073486,6.698750019073486
2019-10-14,6.677499771118164,6.677499771118164
2019-10-15,6.642499923706055,6.642499923706055
2019-10-16,6.619999885559082,6.619999885559082
2019-10-17,6.62624979019165,6.62624979019165
2019-10-18,6.651249885559082,6.651249885559082
2019-10-21,6.662499904632568,6.662499904632568
2019-10-22,6.736249923706055,6.736249923706055
2019-10-23,6.741250038146973,6.741250038146973
2019-10-24,6.777500152587891,6.777500152587891
2019-10-25,6.710000038146973,6.710000038146973
2019-10-28,6.650000095367432,6.650000095367432
2019-10-29,6.616250038146973,6.616250038146973
2019-10-30,6.679999828338623,6.679999828338623
2019-10-31,6.6875,6.6875
2019-11-01,6.703750133514404,6.703750133514404
2019-11-04,6.652500152587891,6.652500152587891
2019-11-05,6.536250114440918,6.536250114440918
2019-11-06,6.566249847412109,6.566249847412109
2019-11-07,6.473750114440918,6.473750114440918
2019-11-08,6.443749904632568,6.443749904632568
2019-11-11,6.445000171661377,6.445000171661377
2019-11-12,6.428750038146973,6.428750038146973
2019-11-13,6.518750190734863,6.518750190734863
2019-11-14,6.568749904632568,6.568749904632568
2019-11-15,6.546249866485596,6.546249866485596
2019-11-18,6.619999885559082,6.619999885559082
2019-11-19,6.582499980926514,6.582499980926514
2019-11-20,6.605000019073486,6.605000019073486
2019-11-21,6.579999923706055,6.579999923706055
2019-11-22,6.5625,6.5625
2019-11-25,6.579999923706055,6.579999923706055
2019-11-26,6.573750019073486,6.573750019073486
2019-11-27,6.582499980926514,6.582499980926514
2019-11-28,6.588749885559082,6.588749885559082
2019-11-29,6.586249828338623,6.586249828338623
2019-12-02,6.566249847412109,6.566249847412109
2019-12-03,6.545000076293945,6.545000076293945
2019-12-04,6.606249809265137,6.606249809265137
2019-12-05,6.606249809265137,6.606249809265137
2019-12-06,6.636250019073486,6.636250019073486
2019-12-09,6.598750114440918,6.598750114440918
2019-12-10,6.588749885559082,6.588749885559082
2019-12-11,6.576250076293945,6.576250076293945
2019-12-12,6.59499979019165,6.59499979019165
2019-12-13,6.611249923706055,6.611249923706055
2019-12-16,6.650000095367432,6.650000095367432
2019-12-17,6.753749847412109,6.753749847412109
2019-12-18,6.712500095367432,6.712500095367432
2019-12-19,6.728750228881836,6.728750228881836
2019-12-20,6.767499923706055,6.767499923706055
2019-12-23,6.78249979019165,6.78249979019165
2019-12-24,6.735000133514404,6.735000133514404
2019-12-27,6.764999866485596,6.764999866485596
2019-12-30,6.730000019073486,6.730000019073486
2019-12-31,6.762499809265137,6.762499809265137
2020-01-02,6.738749980926514,6.738749980926514
2020-01-03,6.737500190734863,6.737500190734863
2020-01-06,6.737500190734863,6.737500190734863
2020-01-07,6.723750114440918,6.723750114440918
2020-01-08,6.723750114440918,6.723750114440918
2020-01-09,6.746250152587891,6.746250152587891
2020-01-10,6.791250228881836,6.791250228881836
2020-01-13,6.800000190734863,6.800000190734863
2020-01-14,6.801249980926514,6.801249980926514
2020-01-15,6.916250228881836,6.916250228881836
2020-01-16,6.96999979019165,6.96999979019165
2020-01-17,6.993750095367432,6.993750095367432
2020-01-20,7.037499904632568,7.037499904632568
2020-01-21,7.047500133514404,7.047500133514404
2020-01-22,7.114999771118164,7.114999771118164
2020-01-23,7.12624979019165,7.12624979019165
2020-01-24,7.212500095367432,7.212500095367432
2020-01-27,7.192500114440918,7.192500114440918
2020-01-28,7.207499980926514,7.207499980926514
2020-01-29,7.21875,7.21875
2020-01-30,7.243750095367432,7.243750095367432
2020-01-31,7.261250019073486,7.261250019073486
2020-02-03,7.28000020980835,7.28000020980835
2020-02-04,7.28249979019165,7.28249979019165
2020-02-05,7.258749961853027,7.258749961853027
2020-02-06,7.266250133514404,7.266250133514404
2020-02-07,7.253749847412109,7.253749847412109
2020-02-10,7.21999979019165,7.21999979019165
2020-02-11,7.286250114440918,7.286250114440918
2020-02-12,7.292500019073486,7.292500019073486
2020-02-13,7.317500114440918,7.317500114440918
2020-02-14,7.381249904632568,7.381249904632568
2020-02-17,7.440000057220459,7.440000057220459
2020-02-18,7.449999809265137,7.449999809265137
2020-02-19,7.409999847412109,7.409999847412109
2020-02-20,7.369999885559082,7.369999885559082
2020-02-21,7.416250228881836,7.416250228881836
2020-02-24,7.385000228881836,7.385000228881836
2020-02-25,7.283750057220459,7.283750057220459
2020-02-26,7.207499980926514,7.207499980926514
2020-02-27,7.026249885559082,7.026249885559082
2020-02-28,6.497499942779541,6.497499942779541
2020-03-02,6.762499809265137,6.762499809265137
2020-03-03,6.863749980926514,6.863749980926514
2020-03-04,7.002500057220459,7.002500057220459
2020-03-05,7.197500228881836,7.197500228881836
2020-03-06,6.980000019073486,6.980000019073486
2020-03-09,6.773749828338623,6.773749828338623
2020-03-10,6.56374979019165,6.56374979019165
2020-03-11,6.417500019073486,6.417500019073486
2020-03-12,5.881249904632568,5.881249904632568
2020-03-13,5.690000057220459,5.690000057220459
2020-03-16,5.664999961853027,5.664999961853027
2020-03-17,5.878749847412109,5.878749847412109
2020-03-18,5.838749885559082,5.838749885559082
2020-03-19,5.512499809265137,5.512499809265137
2020-03-20,5.328750133514404,5.328750133514404
2020-03-23,4.748499870300293,4.748499870300293
2020-03-24,5.1875,5.1875
2020-03-25,5.383749961853027,5.383749961853027
2020-03-26,5.792500019073486,5.792500019073486
2020-03-27,5.804999828338623,5.804999828338623
2020-03-30,6.012499809265137,6.012499809265137
2020-03-31,6.003749847412109,6.003749847412109
2020-04-01,5.5625,5.5625
2020-04-02,5.633749961853027,5.633749961853027
2020-04-03,5.553750038146973,5.553750038146973
2020-04-06,5.883749961853027,5.883749961853027
2020-04-07,6.022500038146973,6.022500038146973
2020-04-08,5.963749885559082,5.963749885559082
2020-04-09,6.496250152587891,6.496250152587891
2020-04-14,6.34375,6.34375
2020-04-15,6.242499828338623,6.242499828338623
2020-04-16,6.208749771118164,6.208749771118164
2020-04-17,6.276249885559082,6.276249885559082
2020-04-20,6.296249866485596,6.296249866485596
2020-04-21,6.051249980926514,6.051249980926514
2020-04-22,6.228750228881836,6.228750228881836
2020-04-23,6.181250095367432,6.181250095367432
2020-04-24,6.099999904632568,6.099999904632568
2020-04-27,6.243750095367432,6.243750095367432
2020-04-28,6.321249961853027,6.321249961853027
2020-04-29,6.25124979019165,6.25124979019165
2020-04-30,6.054999828338623,6.054999828338623
2020-05-01,5.913750171661377,5.913750171661377
2020-05-04,5.891250133514404,5.891250133514404
2020-05-05,6.0625,6.0625
2020-05-06,5.922500133514404,5.922500133514404
2020-05-07,5.87375020980835,5.87375020980835
2020-05-11,5.881249904632568,5.881249904632568
2020-05-12,5.931250095367432,5.931250095367432
2020-05-13,5.807499885559082,5.807499885559082
2020-05-14,5.761250019073486,5.761250019073486
2020-05-15,5.752500057220459,5.752500057220459
2020-05-18,6.026249885559082,6.026249885559082
2020-05-19,6.005000114440918,6.005000114440918
2020-05-20,6.025000095367432,6.025000095367432
2020-05-21,5.931250095367432,5.931250095367432
2020-05-22,5.931250095367432,5.931250095367432
2020-05-26,6.12375020980835,6.12375020980835
2020-05-27,6.054999828338623,6.054999828338623
2020-05-28,6.261250019073486,6.261250019073486
2020-05-29,6.273749828338623,6.273749828338623
2020-06-01,6.336249828338623,6.336249828338623
2020-06-02,6.418749809265137,6.418749809265137
2020-06-03,6.525000095367432,6.525000095367432
2020-06-04,6.46999979019165,6.46999979019165
2020-06-05,6.586249828338623,6.586249828338623
2020-06-08,6.59375,6.59375
2020-06-09,6.505000114440918,6.505000114440918
2020-06-10,6.486249923706055,6.486249923706055
2020-06-11,6.273749828338623,6.273749828338623
2020-06-12,6.239999771118164,6.239999771118164
2020-06-15,6.184999942779541,6.184999942779541
2020-06-16,6.362500190734863,6.362500190734863
2020-06-17,6.226250171661377,6.226250171661377
2020-06-18,6.227499961853027,6.227499961853027
2020-06-19,6.264999866485596,6.264999866485596
2020-06-22,6.163750171661377,6.163750171661377
2020-06-23,6.096250057220459,6.096250057220459
2020-06-24,5.991250038146973,5.991250038146973
2020-06-25,5.913750171661377,5.913750171661377
2020-06-26,5.87624979019165,5.87624979019165
2020-06-29,5.96875,5.96875
2020-06-30,6.057499885559082,6.057499885559082
2020-07-01,6.087500095367432,6.087500095367432
2020-07-02,6.21750020980835,6.21750020980835
2020-07-03,6.151249885559082,6.151249885559082
2020-07-06,6.113749980926514,6.113749980926514
2020-07-07,6.077499866485596,6.077499866485596
2020-07-08,6.077499866485596,6.077499866485596
2020-07-09,5.986249923706055,5.986249923706055
2020-07-10,6.143750190734863,6.143750190734863
2020-07-13,6.228750228881836,6.228750228881836
2020-07-14,6.213749885559082,6.213749885559082
2020-07-15,6.293749809265137,6.293749809265137
2020-07-16,6.286250114440918,6.286250114440918
2020-07-17,6.389999866485596,6.389999866485596
2020-07-20,6.360000133514404,6.360000133514404
2020-07-21,6.402500152587891,6.402500152587891
2020-07-22,6.427499771118164,6.427499771118164
2020-07-23,6.508749961853027,6.508749961853027
2020-07-24,6.445000171661377,6.445000171661377
2020-07-27,6.369999885559082,6.369999885559082
2020-07-28,6.505000114440918,6.505000114440918
2020-07-29,6.448750019073486,6.448750019073486
2020-07-30,6.426249980926514,6.426249980926514
2020-07-31,6.449999809265137,6.449999809265137
2020-08-03,6.425000190734863,6.425000190734863
2020-08-04,6.497499942779541,6.497499942779541
2020-08-05,6.443749904632568,6.443749904632568
2020-08-06,6.40625,6.40625
2020-08-07,6.545000076293945,6.545000076293945
2020-08-10,6.582499980926514,6.582499980926514
2020-08-11,6.480000019073486,6.480000019073486
2020-08-12,6.514999866485596,6.514999866485596
2020-08-13,6.488749980926514,6.488749980926514
2020-08-14,6.460000038146973,6.460000038146973
2020-08-17,6.493750095367432,6.493750095367432
2020-08-18,6.400000095367432,6.400000095367432
2020-08-19,6.398749828338623,6.398749828338623
2020-08-20,6.37375020980835,6.37375020980835
2020-08-21,6.301249980926514,6.301249980926514
2020-08-24,6.353750228881836,6.353750228881836
2020-08-25,6.338749885559082,6.338749885559082
2020-08-26,6.252500057220459,6.252500057220459
2020-08-27,6.261250019073486,6.261250019073486
2020-08-28,6.256249904632568,6.256249904632568
2020-09-01,6.231249809265137,6.231249809265137
2020-09-02,6.398749828338623,6.398749828338623
2020-09-03,6.409999847412109,6.409999847412109
2020-09-04,6.269999980926514,6.269999980926514
2020-09-07,6.397500038146973,6.397500038146973
2020-09-08,6.268750190734863,6.268750190734863
2020-09-09,6.408750057220459,6.408750057220459
2020-09-10,6.34499979019165,6.34499979019165
2020-09-11,6.268750190734863,6.268750190734863
2020-09-14,6.364999771118164,6.364999771118164
2020-09-15,6.488749980926514,6.488749980926514
2020-09-16,6.433750152587891,6.433750152587891
2020-09-17,6.360000133514404,6.360000133514404
2020-09-18,6.28249979019165,6.28249979019165
2020-09-21,6.199999809265137,6.199999809265137
2020-09-22,6.21750020980835,6.21750020980835
2020-09-23,6.206250190734863,6.206250190734863
2020-09-24,6.135000228881836,6.135000228881836
2020-09-25,6.258749961853027,6.258749961853027
2020-09-28,6.37624979019165,6.37624979019165
2020-09-29,6.320000171661377,6.320000171661377
2020-09-30,6.396249771118164,6.396249771118164
2020-10-01,6.442500114440918,6.442500114440918
2020-10-02,6.503749847412109,6.503749847412109
2020-10-05,6.598750114440918,6.598750114440918
2020-10-06,6.650000095367432,6.650000095367432
2020-10-07,6.690000057220459,6.690000057220459
2020-10-08,6.776249885559082,6.776249885559082
2020-10-09,6.823750019073486,6.823750019073486
2020-10-12,6.875,6.875
2020-10-13,6.776249885559082,6.776249885559082
2020-10-14,6.826250076293945,6.826250076293945
2020-10-15,6.78249979019165,6.78249979019165
2020-10-16,6.893750190734863,6.893750190734863
2020-10-19,6.852499961853027,6.852499961853027
2020-10-20,6.862500190734863,6.862500190734863
2020-10-21,6.861249923706055,6.861249923706055
2020-10-22,6.920000076293945,6.920000076293945
2020-10-23,6.977499961853027,6.977499961853027
2020-10-26,6.903749942779541,6.903749942779541
2020-10-27,7.006249904632568,7.006249904632568
2020-10-28,6.848750114440918,6.848750114440918
2020-10-29,6.731249809265137,6.731249809265137
2020-10-30,6.761250019073486,6.761250019073486
2020-11-02,6.851250171661377,6.851250171661377
2020-11-03,7.013750076293945,7.013750076293945
2020-11-04,6.973750114440918,6.973750114440918
2020-11-05,6.966249942779541,6.966249942779541
2020-11-06,6.945000171661377,6.945000171661377
2020-11-09,7.171249866485596,7.171249866485596
2020-11-10,7.098750114440918,7.098750114440918
2020-11-11,7.18874979019165,7.18874979019165
2020-11-12,7.108749866485596,7.108749866485596
2020-11-13,7.098750114440918,7.098750114440918
2020-11-16,7.143750190734863,7.143750190734863
2020-11-17,7.138750076293945,7.138750076293945
2020-11-18,7.038750171661377,7.038750171661377
2020-11-19,6.8125,6.8125
2020-11-20,6.869999885559082,6.869999885559082
2020-11-23,6.827499866485596,6.827499866485596
2020-11-24,6.896249771118164,6.896249771118164
2020-11-25,6.860000133514404,6.860000133514404
2020-11-26,6.913750171661377,6.913750171661377
2020-11-27,6.835000038146973,6.835000038146973
2020-11-30,6.768750190734863,6.768750190734863
2020-12-01,6.863749980926514,6.863749980926514
2020-12-02,6.768750190734863,6.768750190734863
2020-12-03,6.831250190734863,6.831250190734863
2020-12-04,6.738749980926514,6.738749980926514
2020-12-07,6.758749961853027,6.758749961853027
2020-12-08,6.726250171661377,6.726250171661377
2020-12-09,6.681250095367432,6.681250095367432
2020-12-10,6.682499885559082,6.682499885559082
2020-12-11,6.65625,6.65625
2020-12-14,6.716249942779541,6.716249942779541
2020-12-15,6.731249809265137,6.731249809265137
2020-12-16,6.778749942779541,6.778749942779541
2020-12-17,6.762499809265137,6.762499809265137
2020-12-18,6.74875020980835,6.74875020980835
2020-12-21,6.565000057220459,6.565000057220459
2020-12-22,6.619999885559082,6.619999885559082
2020-12-23,6.639999866485596,6.639999866485596
2020-12-24,6.601250171661377,6.601250171661377
2020-12-29,6.679999828338623,6.679999828338623
2020-12-30,6.711249828338623,6.711249828338623
2020-12-31,6.6875,6.6875
2021-01-04,6.678750038146973,6.678750038146973
2021-01-05,6.591249942779541,6.591249942779541
2021-01-06,6.776249885559082,6.776249885559082
2021-01-07,6.746250152587891,6.746250152587891
2021-01-08,6.728750228881836,6.728750228881836
2021-01-11,6.701250076293945,6.701250076293945
2021-01-12,6.635000228881836,6.635000228881836
2021-01-13,6.743750095367432,6.743750095367432
2021-01-14,6.737500190734863,6.737500190734863
2021-01-15,6.792500019073486,6.792500019073486
2021-01-18,6.841249942779541,6.841249942779541
2021-01-19,6.809999942779541,6.809999942779541
2021-01-20,6.803750038146973,6.803750038146973
2021-01-21,6.802499771118164,6.802499771118164
2021-01-22,6.78125,6.78125
2021-01-25,6.875,6.875
2021-01-26,6.875,6.875
2021-01-27,6.792500019073486,6.792500019073486
2021-01-28,6.852499961853027,6.852499961853027
2021-01-29,6.763750076293945,6.763750076293945
2021-02-01,6.803750038146973,6.803750038146973
2021-02-02,6.90500020980835,6.90500020980835
2021-02-03,6.808750152587891,6.808750152587891
2021-02-04,6.841249942779541,6.841249942779541
2021-02-05,6.913750171661377,6.913750171661377
2021-02-08,6.887499809265137,6.887499809265137
2021-02-09,6.818749904632568,6.818749904632568
2021-02-10,6.880000114440918,6.880000114440918
2021-02-11,6.846250057220459,6.846250057220459
2021-02-12,6.796249866485596,6.796249866485596
2021-02-15,6.804999828338623,6.804999828338623
2021-02-16,6.716249942779541,6.716249942779541
2021-02-17,6.68874979019165,6.68874979019165
2021-02-18,6.756249904632568,6.756249904632568
2021-02-19,6.693749904632568,6.693749904632568
2021-02-22,6.510000228881836,6.510000228881836
2021-02-23,6.56374979019165,6.56374979019165
2021-02-24,6.505000114440918,6.505000114440918
2021-02-25,6.483749866485596,6.483749866485596
2021-02-26,6.432499885559082,6.432499885559082
2021-03-01,6.494999885559082,6.494999885559082
2021-03-02,6.446249961853027,6.446249961853027
2021-03-03,6.323750019073486,6.323750019073486
2021-03-04,6.448750019073486,6.448750019073486
2021-03-05,6.372499942779541,6.372499942779541
2021-03-08,6.543749809265137,6.543749809265137
2021-03-09,6.630000114440918,6.630000114440918
2021-03-10,6.676249980926514,6.676249980926514
2021-03-11,6.712500095367432,6.712500095367432
2021-03-12,6.706250190734863,6.706250190734863
2021-03-15,6.828750133514404,6.828750133514404
2021-03-16,6.858749866485596,6.858749866485596
2021-03-17,6.775000095367432,6.775000095367432
2021-03-18,6.676249980926514,6.676249980926514
2021-03-19,6.736249923706055,6.736249923706055
2021-03-22,6.731249809265137,6.731249809265137
2021-03-23,6.817500114440918,6.817500114440918
2021-03-24,6.860000133514404,6.860000133514404
2021-03-25,6.900000095367432,6.900000095367432
2021-03-26,6.868750095367432,6.868750095367432
2021-03-29,6.996250152587891,6.996250152587891
2021-03-30,6.892499923706055,6.892499923706055
2021-03-31,6.947500228881836,6.947500228881836
2021-04-01,6.966249942779541,6.966249942779541
2021-04-06,7.067500114440918,7.067500114440918
2021-04-07,7.09250020980835,7.09250020980835
2021-04-08,7.085000038146973,7.085000038146973
2021-04-09,7.09499979019165,7.09499979019165
2021-04-12,7.087500095367432,7.087500095367432
2021-04-13,7.139999866485596,7.139999866485596
2021-04-14,7.170000076293945,7.170000076293945
2021-04-15,7.221250057220459,7.221250057220459
2021-04-16,7.307499885559082,7.307499885559082
2021-04-19,7.316249847412109,7.316249847412109
2021-04-20,7.401249885559082,7.401249885559082
2021-04-21,7.318749904632568,7.318749904632568
2021-04-22,7.321249961853027,7.321249961853027
2021-04-23,7.28125,7.28125
2021-04-26,7.208749771118164,7.208749771118164
2021-04-27,7.182499885559082,7.182499885559082
2021-04-28,7.148749828338623,7.148749828338623
2021-04-29,7.178750038146973,7.178750038146973
2021-04-30,7.235000133514404,7.235000133514404
2021-05-04,7.215000152587891,7.215000152587891
2021-05-05,7.106249809265137,7.106249809265137
2021-05-06,7.121250152587891,7.121250152587891
2021-05-07,7.236249923706055,7.236249923706055
2021-05-10,7.306250095367432,7.306250095367432
2021-05-11,7.178750038146973,7.178750038146973
2021-05-12,7.116250038146973,7.116250038146973
2021-05-13,7.12375020980835,7.12375020980835
2021-05-14,7.201250076293945,7.201250076293945
2021-05-17,7.138750076293945,7.138750076293945
2021-05-18,7.12375020980835,7.12375020980835
2021-05-19,7.059999942779541,7.059999942779541
2021-05-20,7.176249980926514,7.176249980926514
2021-05-21,7.179999828338623,7.179999828338623
2021-05-24,7.208749771118164,7.208749771118164
2021-05-25,7.133749961853027,7.133749961853027
2021-05-26,7.119999885559082,7.119999885559082
2021-05-27,7.090000152587891,7.090000152587891
2021-05-28,7.098750114440918,7.098750114440918
2021-06-01,7.072500228881836,7.072500228881836
2021-06-02,7.088749885559082,7.088749885559082
2021-06-03,7.106249809265137,7.106249809265137
2021-06-04,7.152500152587891,7.152500152587891
2021-06-07,7.137499809265137,7.137499809265137
2021-06-08,7.053750038146973,7.053750038146973
2021-06-09,7.116250038146973,7.116250038146973
2021-06-10,7.167500019073486,7.167500019073486
2021-06-11,7.181250095367432,7.181250095367432
2021-06-14,7.175000190734863,7.175000190734863
2021-06-15,7.228750228881836,7.228750228881836
2021-06-16,7.25,7.25
2021-06-17,7.190000057220459,7.190000057220459
2021-06-18,7.071249961853027,7.071249961853027
2021-06-21,7.058750152587891,7.058750152587891
2021-06-22,7.073750019073486,7.073750019073486
2021-06-23,6.948750019073486,6.948750019073486
2021-06-24,6.926249980926514,6.926249980926514
2021-06-25,6.963749885559082,6.963749885559082
2021-06-28,7.071249961853027,7.071249961853027
2021-06-29,7.028749942779541,7.028749942779541
2021-06-30,6.947500228881836,6.947500228881836
2021-07-01,7.003749847412109,7.003749847412109
2021-07-02,7.008749961853027,7.008749961853027
2021-07-05,7.034999847412109,7.034999847412109
2021-07-06,6.956250190734863,6.956250190734863
2021-07-07,7.083749771118164,7.083749771118164
2021-07-08,7.09375,7.09375
2021-07-09,7.048749923706055,7.048749923706055
2021-07-12,7.097499847412109,7.097499847412109
2021-07-13,7.103750228881836,7.103750228881836
2021-07-14,7.097499847412109,7.097499847412109
2021-07-15,7.128749847412109,7.128749847412109
2021-07-16,7.277500152587891,7.277500152587891
2021-07-19,7.177499771118164,7.177499771118164
2021-07-20,7.191249847412109,7.191249847412109
2021-07-21,7.161250114440918,7.161250114440918
2021-07-22,7.139999866485596,7.139999866485596
2021-07-23,7.171249866485596,7.171249866485596
2021-07-26,7.193749904632568,7.193749904632568
2021-07-27,7.292500019073486,7.292500019073486
2021-07-28,7.268750190734863,7.268750190734863
2021-07-29,7.273749828338623,7.273749828338623
2021-07-30,7.304999828338623,7.304999828338623
2021-08-02,7.31374979019165,7.31374979019165
2021-08-03,7.351250171661377,7.351250171661377
2021-08-04,7.258749961853027,7.258749961853027
2021-08-05,7.336249828338623,7.336249828338623
2021-08-06,7.422500133514404,7.422500133514404
2021-08-09,7.368750095367432,7.368750095367432
2021-08-10,7.408750057220459,7.408750057220459
2021-08-11,7.471250057220459,7.471250057220459
2021-08-12,7.466249942779541,7.466249942779541
2021-08-13,7.526249885559082,7.526249885559082
2021-08-16,7.602499961853027,7.602499961853027
2021-08-17,7.565000057220459,7.565000057220459
2021-08-18,7.542500019073486,7.542500019073486
2021-08-19,7.599999904632568,7.599999904632568
2021-08-20,7.637499809265137,7.637499809265137
2021-08-23,7.591249942779541,7.591249942779541
2021-08-24,7.522500038146973,7.522500038146973
2021-08-25,7.517499923706055,7.517499923706055
2021-08-26,7.522500038146973,7.522500038146973
2021-08-27,7.536250114440918,7.536250114440918
2021-08-31,7.543749809265137,7.543749809265137
2021-09-01,7.587500095367432,7.587500095367432
2021-09-02,7.651249885559082,7.651249885559082
2021-09-03,7.668749809265137,7.668749809265137
2021-09-06,7.625,7.625
2021-09-07,7.517499923706055,7.517499923706055
2021-09-08,7.648749828338623,7.648749828338623
2021-09-09,7.635000228881836,7.635000228881836
2021-09-10,7.53125,7.53125
2021-09-13,7.542500019073486,7.542500019073486
2021-09-14,7.513750076293945,7.513750076293945
2021-09-15,7.465000152587891,7.465000152587891
2021-09-16,7.409999847412109,7.409999847412109
2021-09-17,7.349999904632568,7.349999904632568
2021-09-20,7.306250095367432,7.306250095367432
2021-09-21,7.289999961853027,7.289999961853027
2021-09-22,7.288750171661377,7.288750171661377
2021-09-23,7.28000020980835,7.28000020980835
2021-09-24,7.201250076293945,7.201250076293945
2021-09-27,7.224999904632568,7.224999904632568
2021-09-28,7.039999961853027,7.039999961853027
2021-09-29,7.135000228881836,7.135000228881836
2021-09-30,7.097499847412109,7.097499847412109
2021-10-01,7.074999809265137,7.074999809265137
2021-10-04,7.077499866485596,7.077499866485596
2021-10-05,7.150000095367432,7.150000095367432
2021-10-06,7.116250038146973,7.116250038146973
2021-10-07,7.241250038146973,7.241250038146973
2021-10-08,7.18625020980835,7.18625020980835
2021-10-11,7.09499979019165,7.09499979019165
2021-10-12,7.107500076293945,7.107500076293945
2021-10-13,7.096250057220459,7.096250057220459
2021-10-14,7.241250038146973,7.241250038146973
2021-10-15,7.257500171661377,7.257500171661377
2021-10-18,7.210000038146973,7.210000038146973
2021-10-19,7.25124979019165,7.25124979019165
2021-10-20,7.396249771118164,7.396249771118164
2021-10-21,7.396249771118164,7.396249771118164
2021-10-22,7.426249980926514,7.426249980926514
2021-10-25,7.412499904632568,7.412499904632568
2021-10-26,7.440000057220459,7.440000057220459
2021-10-27,7.414999961853027,7.414999961853027
2021-10-28,7.425000190734863,7.425000190734863
2021-10-29,7.402500152587891,7.402500152587891
2021-11-01,7.397500038146973,7.397500038146973
2021-11-02,7.368750095367432,7.368750095367432
2021-11-03,7.352499961853027,7.352499961853027
2021-11-04,7.327499866485596,7.327499866485596
2021-11-05,7.400000095367432,7.400000095367432
2021-11-08,7.304999828338623,7.304999828338623
2021-11-09,7.31374979019165,7.31374979019165
2021-11-10,7.377500057220459,7.377500057220459
2021-11-11,7.340000152587891,7.340000152587891
2021-11-12,7.353750228881836,7.353750228881836
2021-11-15,7.420000076293945,7.420000076293945
2021-11-16,7.443749904632568,7.443749904632568
2021-11-17,7.377500057220459,7.377500057220459
2021-11-18,7.368750095367432,7.368750095367432
2021-11-19,7.401249885559082,7.401249885559082
2021-11-22,7.480000019073486,7.480000019073486
2021-11-23,7.49875020980835,7.49875020980835
2021-11-24,7.460000038146973,7.460000038146973
2021-11-25,7.487500190734863,7.487500190734863
2021-11-26,7.375,7.375
2021-11-29,7.4375,7.4375
2021-11-30,7.386250019073486,7.386250019073486
2021-12-01,7.40749979019165,7.40749979019165
2021-12-02,7.34499979019165,7.34499979019165
2021-12-03,7.362500190734863,7.362500190734863
2021-12-06,7.62375020980835,7.62375020980835
2021-12-07,7.605000019073486,7.605000019073486
2021-12-08,7.568749904632568,7.568749904632568
2021-12-09,7.582499980926514,7.582499980926514
2021-12-10,7.650000095367432,7.650000095367432
2021-12-13,7.692500114440918,7.692500114440918
2021-12-14,7.712500095367432,7.712500095367432
2021-12-15,7.722499847412109,7.722499847412109
2021-12-16,7.861249923706055,7.861249923706055
2021-12-17,7.797500133514404,7.797500133514404
2021-12-20,7.632500171661377,7.632500171661377
2021-12-21,7.679999828338623,7.679999828338623
2021-12-22,7.741250038146973,7.741250038146973
2021-12-23,7.773749828338623,7.773749828338623
2021-12-24,7.756249904632568,7.756249904632568
2021-12-29,7.863749980926514,7.863749980926514
2021-12-30,7.894999980926514,7.894999980926514
2021-12-31,7.917500019073486,7.917500019073486
2022-01-04,7.932499885559082,7.932499885559082
2022-01-05,7.886250019073486,7.886250019073486
2022-01-06,7.820000171661377,7.820000171661377
2022-01-07,7.796249866485596,7.796249866485596
2022-01-10,7.762499809265137,7.762499809265137
2022-01-11,7.661250114440918,7.661250114440918
2022-01-12,7.708749771118164,7.708749771118164
2022-01-13,7.777500152587891,7.777500152587891
2022-01-14,7.693749904632568,7.693749904632568
2022-01-17,7.71750020980835,7.71750020980835
2022-01-18,7.642499923706055,7.642499923706055
2022-01-19,7.706250190734863,7.706250190734863
2022-01-20,7.758749961853027,7.758749961853027
2022-01-21,7.681250095367432,7.681250095367432
2022-01-24,7.522500038146973,7.522500038146973
2022-01-25,7.485000133514404,7.485000133514404
2022-01-26,7.482500076293945,7.482500076293945
2022-01-27,7.513750076293945,7.513750076293945
2022-01-28,7.409999847412109,7.409999847412109
2022-01-31,7.59375,7.59375
2022-02-01,7.537499904632568,7.537499904632568
2022-02-02,7.677499771118164,7.677499771118164
2022-02-03,7.698750019073486,7.698750019073486
2022-02-04,7.59250020980835,7.59250020980835
2022-02-07,7.567500114440918,7.567500114440918
2022-02-08,7.596250057220459,7.596250057220459
2022-02-09,7.632500171661377,7.632500171661377
2022-02-10,7.533750057220459,7.533750057220459
2022-02-11,7.483749866485596,7.483749866485596
2022-02-14,7.321249961853027,7.321249961853027
2022-02-15,7.385000228881836,7.385000228881836
2022-02-16,7.320000171661377,7.320000171661377
2022-02-17,7.322500228881836,7.322500228881836
2022-02-18,7.382500171661377,7.382500171661377
2022-02-21,7.340000152587891,7.340000152587891
2022-02-22,7.377500057220459,7.377500057220459
2022-02-23,7.289999961853027,7.289999961853027
2022-02-24,7.159999847412109,7.159999847412109
2022-02-25,7.446249961853027,7.446249961853027
2022-02-28,7.545000076293945,7.545000076293945
2022-03-01,7.5,7.5
2022-03-02,7.572500228881836,7.572500228881836
2022-03-03,7.650000095367432,7.650000095367432
2022-03-04,7.78125,7.78125
2022-03-07,7.934999942779541,7.934999942779541
2022-03-08,7.894999980926514,7.894999980926514
2022-03-09,7.836249828338623,7.836249828338623
2022-03-10,7.771249771118164,7.771249771118164
2022-03-11,7.882500171661377,7.882500171661377
2022-03-14,7.821249961853027,7.821249961853027
2022-03-15,7.894999980926514,7.894999980926514
2022-03-16,7.857500076293945,7.857500076293945
2022-03-17,7.976250171661377,7.976250171661377
2022-03-18,7.871250152587891,7.871250152587891
2022-03-21,7.927499771118164,7.927499771118164
2022-03-22,7.922500133514404,7.922500133514404
2022-03-23,7.90500020980835,7.90500020980835
2022-03-24,7.996250152587891,7.996250152587891
2022-03-25,8.086250305175781,8.086250305175781
2022-03-28,8.141249656677246,8.141249656677246
2022-03-29,8.213749885559082,8.213749885559082
2022-03-30,8.307499885559082,8.307499885559082
2022-03-31,8.382499694824219,8.382499694824219
2022-04-01,8.307499885559082,8.307499885559082
2022-04-04,8.364999771118164,8.364999771118164
2022-04-05,8.493749618530273,8.493749618530273
2022-04-06,8.550000190734863,8.550000190734863
2022-04-07,8.522500038146973,8.522500038146973
2022-04-08,8.619999885559082,8.619999885559082
2022-04-11,8.555000305175781,8.555000305175781
2022-04-12,8.545000076293945,8.545000076293945
2022-04-13,8.463749885559082,8.463749885559082
2022-04-14,8.516249656677246,8.516249656677246
2022-04-19,8.479999542236328,8.479999542236328
2022-04-20,8.579999923706055,8.579999923706055
2022-04-21,8.53125,8.53125
2022-04-22,8.3774995803833,8.3774995803833
2022-04-25,8.15250015258789,8.15250015258789
2022-04-26,8.292499542236328,8.292499542236328
2022-04-27,8.204999923706055,8.204999923706055
2022-04-28,8.177499771118164,8.177499771118164
2022-04-29,8.0912504196167,8.0912504196167
2022-05-03,8.017499923706055,8.017499923706055
2022-05-04,7.994999885559082,7.994999885559082
2022-05-05,8.00374984741211,8.00374984741211
2022-05-06,8.045000076293945,8.045000076293945
2022-05-09,8.0024995803833,8.0024995803833
2022-05-10,7.945000171661377,7.945000171661377
2022-05-11,8.076250076293945,8.076250076293945
2022-05-12,7.880000114440918,7.880000114440918
2022-05-13,7.954999923706055,7.954999923706055
2022-05-16,8.017499923706055,8.017499923706055
2022-05-17,8.048749923706055,8.048749923706055
2022-05-18,8.073749542236328,8.073749542236328
2022-05-19,7.892499923706055,7.892499923706055
2022-05-20,7.945000171661377,7.945000171661377
2022-05-23,8.142499923706055,8.142499923706055
2022-05-24,8.104999542236328,8.104999542236328
2022-05-25,8.2787504196167,8.2787504196167
2022-05-26,8.313750267028809,8.313750267028809
2022-05-27,8.351249694824219,8.351249694824219
2022-05-30,8.414999961853027,8.414999961853027
2022-05-31,8.292499542236328,8.292499542236328
2022-06-01,8.234999656677246,8.234999656677246
2022-06-06,8.37874984741211,8.37874984741211
2022-06-07,8.318750381469727,8.318750381469727
2022-06-08,8.332500457763672,8.332500457763672
2022-06-09,8.194999694824219,8.194999694824219
2022-06-10,7.958749771118164,7.958749771118164
2022-06-13,7.733749866485596,7.733749866485596
2022-06-14,7.421249866485596,7.421249866485596
2022-06-15,7.391250133514404,7.391250133514404
2022-06-16,7.34250020980835,7.34250020980835
2022-06-17,7.247499942779541,7.247499942779541
2022-06-20,7.291250228881836,7.291250228881836
2022-06-21,7.366250038146973,7.366250038146973
2022-06-22,7.451250076293945,7.451250076293945
2022-06-23,7.570000171661377,7.570000171661377
2022-06-24,7.706250190734863,7.706250190734863
2022-06-27,7.8125,7.8125
2022-06-28,7.866250038146973,7.866250038146973
2022-06-29,7.761250019073486,7.761250019073486
2022-06-30,7.853750228881836,7.853750228881836
2022-07-01,8.010000228881836,8.010000228881836
2022-07-04,8.051250457763672,8.051250457763672
2022-07-05,7.739999771118164,7.739999771118164
2022-07-06,7.820000171661377,7.820000171661377
2022-07-07,7.90749979019165,7.90749979019165
2022-07-08,7.867499828338623,7.867499828338623
2022-07-11,7.849999904632568,7.849999904632568
2022-07-12,7.920000076293945,7.920000076293945
2022-07-13,7.831250190734863,7.831250190734863
2022-07-14,7.757500171661377,7.757500171661377
2022-07-15,7.851250171661377,7.851250171661377
2022-07-18,7.773749828338623,7.773749828338623
2022-07-19,7.809999942779541,7.809999942779541
2022-07-20,7.757500171661377,7.757500171661377
2022-07-21,7.673749923706055,7.673749923706055
2022-07-22,7.81125020980835,7.81125020980835
2022-07-25,7.888750076293945,7.888750076293945
2022-07-26,7.927499771118164,7.927499771118164
2022-07-27,7.923749923706055,7.923749923706055
2022-07-28,8.1899995803833,8.1899995803833
2022-07-29,8.338749885559082,8.338749885559082
2022-08-01,8.2787504196167,8.2787504196167
2022-08-02,8.37874984741211,8.37874984741211
2022-08-03,8.251250267028809,8.251250267028809
2022-08-04,8.421250343322754,8.421250343322754
2022-08-05,8.307499885559082,8.307499885559082
2022-08-08,8.401249885559082,8.401249885559082
2022-08-09,8.444999694824219,8.444999694824219
2022-08-10,8.477499961853027,8.477499961853027
2022-08-11,8.561249732971191,8.561249732971191
2022-08-12,8.571249961853027,8.571249961853027
2022-08-15,8.637499809265137,8.637499809265137
2022-08-16,8.741250038146973,8.741250038146973
2022-08-17,8.723750114440918,8.723750114440918
2022-08-18,8.765000343322754,8.765000343322754
2022-08-19,8.733750343322754,8.733750343322754
2022-08-22,8.661250114440918,8.661250114440918
2022-08-23,8.5649995803833,8.5649995803833
2022-08-24,8.5912504196167,8.5912504196167
2022-08-25,8.576250076293945,8.576250076293945
2022-08-26,8.5962495803833,8.5962495803833
2022-08-30,8.4712495803833,8.4712495803833
2022-08-31,8.446249961853027,8.446249961853027
2022-09-01,8.438750267028809,8.438750267028809
2022-09-02,8.550000190734863,8.550000190734863
2022-09-05,8.381250381469727,8.381250381469727
2022-09-06,8.46500015258789,8.46500015258789
2022-09-07,8.606249809265137,8.606249809265137
2022-09-08,8.701250076293945,8.701250076293945
2022-09-09,8.71875,8.71875
2022-09-12,8.77750015258789,8.77750015258789
2022-09-13,8.666250228881836,8.666250228881836
2022-09-14,8.626250267028809,8.626250267028809
2022-09-15,8.486249923706055,8.486249923706055
2022-09-16,8.398750305175781,8.398750305175781
2022-09-20,8.313750267028809,8.313750267028809
2022-09-21,8.412500381469727,8.412500381469727
2022-09-22,8.203749656677246,8.203749656677246
2022-09-23,8.098750114440918,8.098750114440918
2022-09-26,7.980000019073486,7.980000019073486
2022-09-27,7.836249828338623,7.836249828338623
2022-09-28,7.885000228881836,7.885000228881836
2022-09-29,7.676249980926514,7.676249980926514
2022-09-30,7.527500152587891,7.527500152587891
2022-10-03,7.639999866485596,7.639999866485596
2022-10-04,7.761250019073486,7.761250019073486
2022-10-05,7.574999809265137,7.574999809265137
2022-10-06,7.46999979019165,7.46999979019165
2022-10-07,7.284999847412109,7.284999847412109
2022-10-10,7.255000114440918,7.255000114440918
2022-10-11,7.21875,7.21875
2022-10-12,7.108749866485596,7.108749866485596
2022-10-13,6.958749771118164,6.958749771118164
2022-10-14,7.065000057220459,7.065000057220459
2022-10-17,7.231249809265137,7.231249809265137
2022-10-18,7.25124979019165,7.25124979019165
2022-10-19,7.206250190734863,7.206250190734863
2022-10-20,7.09250020980835,7.09250020980835
2022-10-21,7.116250038146973,7.116250038146973
2022-10-24,7.18625020980835,7.18625020980835
2022-10-25,7.351250171661377,7.351250171661377
2022-10-26,7.356249809265137,7.356249809265137
2022-10-27,7.461249828338623,7.461249828338623
2022-10-28,7.534999847412109,7.534999847412109
2022-10-31,7.546249866485596,7.546249866485596
2022-11-01,7.59250020980835,7.59250020980835
2022-11-02,7.605000019073486,7.605000019073486
2022-11-03,7.559999942779541,7.559999942779541
2022-11-04,7.497499942779541,7.497499942779541
2022-11-07,7.447500228881836,7.447500228881836
2022-11-08,7.50124979019165,7.50124979019165
2022-11-09,7.507500171661377,7.507500171661377
2022-11-10,7.737500190734863,7.737500190734863
2022-11-11,7.670000076293945,7.670000076293945
2022-11-14,7.668749809265137,7.668749809265137
2022-11-15,7.677499771118164,7.677499771118164
2022-11-16,7.806250095367432,7.806250095367432
2022-11-17,7.619999885559082,7.619999885559082
2022-11-18,7.75,7.75
2022-11-21,7.795000076293945,7.795000076293945
2022-11-22,7.867499828338623,7.867499828338623
2022-11-23,7.900000095367432,7.900000095367432
2022-11-24,7.981249809265137,7.981249809265137
2022-11-25,8.011249542236328,8.011249542236328
2022-11-28,7.974999904632568,7.974999904632568
2022-11-29,7.853750228881836,7.853750228881836
2022-11-30,7.901249885559082,7.901249885559082
2022-12-01,8.081250190734863,8.081250190734863
2022-12-02,7.992499828338623,7.992499828338623
2022-12-05,8.006250381469727,8.006250381469727
2022-12-06,7.977499961853027,7.977499961853027
2022-12-07,8.046250343322754,8.046250343322754
2022-12-08,8.03125,8.03125
2022-12-09,8.050000190734863,8.050000190734863
2022-12-12,8.085000038146973,8.085000038146973
2022-12-13,8.203749656677246,8.203749656677246
2022-12-14,8.319999694824219,8.319999694824219
2022-12-15,8.079999923706055,8.079999923706055
2022-12-16,7.896249771118164,7.896249771118164
2022-12-19,7.953750133514404,7.953750133514404
2022-12-20,7.894999980926514,7.894999980926514
2022-12-21,8.029999732971191,8.029999732971191
2022-12-22,7.977499961853027,7.977499961853027
2022-12-23,8.00374984741211,8.00374984741211
2022-12-28,8.100000381469727,8.100000381469727
2022-12-29,8.109999656677246,8.109999656677246
2022-12-30,8.081250190734863,8.081250190734863
2023-01-03,7.946249961853027,7.946249961853027
2023-01-04,8.125,8.125
2023-01-05,7.932499885559082,7.932499885559082
2023-01-06,8.09000015258789,8.09000015258789
2023-01-09,8.162500381469727,8.162500381469727
2023-01-10,8.072500228881836,8.072500228881836
2023-01-11,8.180000305175781,8.180000305175781
2023-01-12,8.180000305175781,8.180000305175781
2023-01-13,8.09749984741211,8.09749984741211
2023-01-16,8.126250267028809,8.126250267028809
2023-01-17,8.15250015258789,8.15250015258789
2023-01-18,8.010000228881836,8.010000228881836
2023-01-19,7.837500095367432,7.837500095367432
2023-01-20,7.801249980926514,7.801249980926514
2023-01-23,7.920000076293945,7.920000076293945
2023-01-24,7.888750076293945,7.888750076293945
2023-01-25,7.775000095367432,7.775000095367432
2023-01-26,7.836249828338623,7.836249828338623
2023-01-27,7.822500228881836,7.822500228881836
2023-01-30,7.867499828338623,7.867499828338623
2023-01-31,7.764999866485596,7.764999866485596
2023-02-01,7.862500190734863,7.862500190734863
2023-02-02,7.96999979019165,7.96999979019165
2023-02-03,7.695000171661377,7.695000171661377
2023-02-06,7.728750228881836,7.728750228881836
2023-02-07,7.732500076293945,7.732500076293945
2023-02-08,7.667500019073486,7.667500019073486
2023-02-09,7.639999866485596,7.639999866485596
2023-02-10,7.667500019073486,7.667500019073486
2023-02-13,7.744999885559082,7.744999885559082
2023-02-14,7.702499866485596,7.702499866485596
2023-02-15,7.71875,7.71875
2023-02-16,7.712500095367432,7.712500095367432
2023-02-17,7.767499923706055,7.767499923706055
2023-02-20,7.756249904632568,7.756249904632568
2023-02-21,7.708749771118164,7.708749771118164
2023-02-22,7.673749923706055,7.673749923706055
2023-02-23,7.59499979019165,7.59499979019165
2023-02-24,7.50124979019165,7.50124979019165
2023-02-27,7.606249809265137,7.606249809265137
2023-02-28,7.489999771118164,7.489999771118164
2023-03-01,7.261250019073486,7.261250019073486
2023-03-02,7.303750038146973,7.303750038146973
2023-03-03,7.471250057220459,7.471250057220459
2023-03-06,7.556250095367432,7.556250095367432
2023-03-07,7.442500114440918,7.442500114440918
2023-03-08,7.502500057220459,7.502500057220459
2023-03-09,7.525000095367432,7.525000095367432
2023-03-10,7.4375,7.4375
2023-03-13,7.513750076293945,7.513750076293945
2023-03-14,7.554999828338623,7.554999828338623
2023-03-15,7.612500190734863,7.612500190734863
2023-03-16,7.678750038146973,7.678750038146973
2023-03-17,7.631249904632568,7.631249904632568
2023-03-20,7.663750171661377,7.663750171661377
2023-03-21,7.465000152587891,7.465000152587891
2023-03-22,7.487500190734863,7.487500190734863
2023-03-23,7.425000190734863,7.425000190734863
2023-03-24,7.417500019073486,7.417500019073486
2023-03-27,7.547500133514404,7.547500133514404
2023-03-28,7.614999771118164,7.614999771118164
2023-03-29,7.650000095367432,7.650000095367432
2023-03-30,7.715000152587891,7.715000152587891
2023-03-31,7.711249828338623,7.711249828338623
2023-04-03,7.71875,7.71875
2023-04-04,7.721250057220459,7.721250057220459
2023-04-05,7.927499771118164,7.927499771118164
2023-04-06,7.952499866485596,7.952499866485596
2023-04-11,7.994999885559082,7.994999885559082
2023-04-12,8.011249542236328,8.011249542236328
2023-04-13,7.866250038146973,7.866250038146973
2023-04-14,7.903749942779541,7.903749942779541
2023-04-17,7.93874979019165,7.93874979019165
2023-04-18,7.897500038146973,7.897500038146973
2023-04-19,7.963749885559082,7.963749885559082
2023-04-20,7.949999809265137,7.949999809265137
2023-04-21,7.963749885559082,7.963749885559082
2023-04-24,8.007499694824219,8.007499694824219
2023-04-25,8.021249771118164,8.021249771118164
2023-04-26,7.896249771118164,7.896249771118164
2023-04-27,7.87375020980835,7.87375020980835
2023-04-28,7.93874979019165,7.93874979019165
2023-05-02,7.804999828338623,7.804999828338623
2023-05-03,7.835000038146973,7.835000038146973
2023-05-04,7.848750114440918,7.848750114440918
2023-05-05,7.864999771118164,7.864999771118164
2023-05-09,7.84499979019165,7.84499979019165
2023-05-10,7.917500019073486,7.917500019073486
2023-05-11,7.867499828338623,7.867499828338623
2023-05-12,7.877500057220459,7.877500057220459
2023-05-15,7.798749923706055,7.798749923706055
2023-05-16,7.697500228881836,7.697500228881836
2023-05-17,7.59499979019165,7.59499979019165
2023-05-18,7.546249866485596,7.546249866485596
2023-05-19,7.59499979019165,7.59499979019165
2023-05-22,7.572500228881836,7.572500228881836
2023-05-23,7.583749771118164,7.583749771118164
2023-05-24,7.513750076293945,7.513750076293945
2023-05-25,7.372499942779541,7.372499942779541
2023-05-26,7.336249828338623,7.336249828338623
2023-05-30,7.398749828338623,7.398749828338623
2023-05-31,7.371250152587891,7.371250152587891
2023-06-01,7.383749961853027,7.383749961853027
2023-06-02,7.447500228881836,7.447500228881836
2023-06-05,7.512499809265137,7.512499809265137
2023-06-06,7.50124979019165,7.50124979019165
2023-06-07,7.550000190734863,7.550000190734863
2023-06-08,7.572500228881836,7.572500228881836
2023-06-09,7.596250057220459,7.596250057220459
2023-06-12,7.602499961853027,7.602499961853027
2023-06-13,7.577499866485596,7.577499866485596
2023-06-14,7.65749979019165,7.65749979019165
2023-06-15,7.630000114440918,7.630000114440918
2023-06-16,7.742499828338623,7.742499828338623
2023-06-19,7.684999942779541,7.684999942779541
2023-06-20,7.670000076293945,7.670000076293945
2023-06-21,7.648749828338623,7.648749828338623
2023-06-22,7.608749866485596,7.608749866485596
2023-06-23,7.581250190734863,7.581250190734863
2023-06-26,7.534999847412109,7.534999847412109
2023-06-27,7.574999809265137,7.574999809265137
2023-06-28,7.492499828338623,7.492499828338623
2023-06-29,7.473750114440918,7.473750114440918
2023-06-30,7.488749980926514,7.488749980926514
2023-07-03,7.591249942779541,7.591249942779541
2023-07-04,7.603750228881836,7.603750228881836
2023-07-05,7.715000152587891,7.715000152587891
2023-07-06,7.616250038146973,7.616250038146973
2023-07-07,7.566249847412109,7.566249847412109
2023-07-10,7.46999979019165,7.46999979019165
2023-07-11,7.525000095367432,7.525000095367432
2023-07-12,7.675000190734863,7.675000190734863
2023-07-13,7.724999904632568,7.724999904632568
2023-07-14,7.703750133514404,7.703750133514404
2023-07-17,7.672500133514404,7.672500133514404
2023-07-18,7.618750095367432,7.618750095367432
2023-07-19,7.607500076293945,7.607500076293945
2023-07-20,7.701250076293945,7.701250076293945
2023-07-21,7.882500171661377,7.882500171661377
2023-07-24,7.883749961853027,7.883749961853027
2023-07-25,7.902500152587891,7.902500152587891
2023-07-26,7.922500133514404,7.922500133514404
2023-07-27,7.792500019073486,7.792500019073486
2023-07-28,7.769999980926514,7.769999980926514
2023-07-31,7.737500190734863,7.737500190734863
2023-08-01,7.695000171661377,7.695000171661377
2023-08-02,7.625,7.625
2023-08-03,7.486249923706055,7.486249923706055
2023-08-04,7.460000038146973,7.460000038146973
2023-08-07,7.409999847412109,7.409999847412109
2023-08-08,7.326250076293945,7.326250076293945
2023-08-09,7.43625020980835,7.43625020980835
2023-08-10,7.448750019073486,7.448750019073486
2023-08-11,7.427499771118164,7.427499771118164
2023-08-14,7.357500076293945,7.357500076293945
2023-08-15,7.304999828338623,7.304999828338623
2023-08-16,7.309999942779541,7.309999942779541
2023-08-17,7.322500228881836,7.322500228881836
2023-08-18,7.308750152587891,7.308750152587891
2023-08-21,7.235000133514404,7.235000133514404
2023-08-22,7.261250019073486,7.261250019073486
2023-08-23,7.287499904632568,7.287499904632568
2023-08-24,7.367499828338623,7.367499828338623
2023-08-25,7.372499942779541,7.372499942779541
2023-08-29,7.324999809265137,7.324999809265137
2023-08-30,7.326250076293945,7.326250076293945
2023-08-31,7.320000171661377,7.320000171661377
2023-09-01,7.239999771118164,7.239999771118164
2023-09-04,7.198750019073486,7.198750019073486
2023-09-05,7.070000171661377,7.070000171661377
2023-09-06,7.116250038146973,7.116250038146973
2023-09-07,7.258749961853027,7.258749961853027
2023-09-08,7.239999771118164,7.239999771118164
2023-09-11,7.293749809265137,7.293749809265137
2023-09-12,7.320000171661377,7.320000171661377
2023-09-13,7.37624979019165,7.37624979019165
2023-09-14,7.488749980926514,7.488749980926514
2023-09-15,7.517499923706055,7.517499923706055
2023-09-18,7.483749866485596,7.483749866485596
2023-09-19,7.463749885559082,7.463749885559082
2023-09-20,7.49875020980835,7.49875020980835
2023-09-21,7.416250228881836,7.416250228881836
2023-09-22,7.377500057220459,7.377500057220459
2023-09-25,7.289999961853027,7.289999961853027
2023-09-26,7.230000019073486,7.230000019073486
2023-09-27,7.016250133514404,7.016250133514404
2023-09-28,6.853750228881836,6.853750228881836
2023-09-29,6.891250133514404,6.891250133514404
2023-10-02,6.522500038146973,6.522500038146973
2023-10-03,6.472499847412109,6.472499847412109
2023-10-04,6.519999980926514,6.519999980926514
2023-10-05,6.505000114440918,6.505000114440918
2023-10-06,6.5,6.5
2023-10-09,6.663750171661377,6.663750171661377
2023-10-10,6.768750190734863,6.768750190734863
2023-10-11,6.827499866485596,6.827499866485596
2023-10-12,6.817500114440918,6.817500114440918
2023-10-13,6.875,6.875
2023-10-16,6.927499771118164,6.927499771118164
2023-10-17,6.943749904632568,6.943749904632568
2023-10-18,6.881249904632568,6.881249904632568
2023-10-19,6.885000228881836,6.885000228881836
2023-10-20,6.822500228881836,6.822500228881836
2023-10-23,6.753749847412109,6.753749847412109
2023-10-24,6.840000152587891,6.840000152587891
2023-10-25,6.892499923706055,6.892499923706055
2023-10-26,6.962500095367432,6.962500095367432
2023-10-27,6.866250038146973,6.866250038146973
2023-10-30,6.835000038146973,6.835000038146973
2023-10-31,6.903749942779541,6.903749942779541
2023-11-01,6.96750020980835,6.96750020980835
2023-11-02,7.132500171661377,7.132500171661377
2023-11-03,7.256249904632568,7.256249904632568
2023-11-06,7.176249980926514,7.176249980926514
2023-11-07,7.146249771118164,7.146249771118164
2023-11-08,6.989999771118164,6.989999771118164
2023-11-09,7.027500152587891,7.027500152587891
2023-11-10,6.993750095367432,6.993750095367432
2023-11-13,6.920000076293945,6.920000076293945
2023-11-14,7.167500019073486,7.167500019073486
2023-11-15,7.177499771118164,7.177499771118164
2023-11-16,7.224999904632568,7.224999904632568
2023-11-17,7.190000057220459,7.190000057220459
2023-11-20,7.227499961853027,7.227499961853027
2023-11-21,7.18625020980835,7.18625020980835
2023-11-22,7.228750228881836,7.228750228881836
2023-11-23,7.253749847412109,7.253749847412109
2023-11-24,7.253749847412109,7.253749847412109
2023-11-27,7.276249885559082,7.276249885559082
2023-11-28,7.327499866485596,7.327499866485596
2023-11-29,7.272500038146973,7.272500038146973
2023-11-30,7.267499923706055,7.267499923706055
2023-12-01,7.315000057220459,7.315000057220459
2023-12-04,7.367499828338623,7.367499828338623
2023-12-05,7.272500038146973,7.272500038146973
2023-12-06,7.34499979019165,7.34499979019165
2023-12-07,7.382500171661377,7.382500171661377
2023-12-08,7.323750019073486,7.323750019073486
2023-12-11,7.392499923706055,7.392499923706055
2023-12-12,7.355000019073486,7.355000019073486
2023-12-13,7.445000171661377,7.445000171661377
2023-12-14,7.637499809265137,7.637499809265137
2023-12-15,7.465000152587891,7.465000152587891
2023-12-18,7.409999847412109,7.409999847412109
2023-12-19,7.429999828338623,7.429999828338623
2023-12-20,7.397500038146973,7.397500038146973
2023-12-21,7.287499904632568,7.287499904632568
2023-12-22,7.317500114440918,7.317500114440918
2023-12-27,7.362500190734863,7.362500190734863
2023-12-28,7.417500019073486,7.417500019073486
2023-12-29,7.429999828338623,7.429999828338623
2024-01-02,7.482500076293945,7.482500076293945
2024-01-03,7.517499923706055,7.517499923706055
2024-01-04,7.585000038146973,7.585000038146973
2024-01-05,7.550000190734863,7.550000190734863
2024-01-08,7.557499885559082,7.557499885559082
2024-01-09,7.567500114440918,7.567500114440918
2024-01-10,7.525000095367432,7.525000095367432
2024-01-11,7.360000133514404,7.360000133514404
2024-01-12,7.420000076293945,7.420000076293945
2024-01-15,7.391250133514404,7.391250133514404
2024-01-16,7.380000114440918,7.380000114440918
2024-01-17,7.272500038146973,7.272500038146973
2024-01-18,7.127500057220459,7.127500057220459
2024-01-19,7.114999771118164,7.114999771118164
2024-01-22,7.09250020980835,7.09250020980835
2024-01-23,7.099999904632568,7.099999904632568
2024-01-24,7.051249980926514,7.051249980926514
2024-01-25,7.081250190734863,7.081250190734863
2024-01-26,7.177499771118164,7.177499771118164
2024-01-29,7.190000057220459,7.190000057220459
2024-01-30,7.179999828338623,7.179999828338623
2024-01-31,7.25,7.25
2024-02-01,7.195000171661377,7.195000171661377
2024-02-02,7.202499866485596,7.202499866485596
2024-02-05,7.117499828338623,7.117499828338623
2024-02-06,7.065000057220459,7.065000057220459
2024-02-07,7.059999942779541,7.059999942779541
2024-02-08,7.0,7.0
2024-02-09,7.017499923706055,7.017499923706055
2024-02-12,7.09499979019165,7.09499979019165
2024-02-13,6.977499961853027,6.977499961853027
2024-02-14,7.054999828338623,7.054999828338623
2024-02-15,7.114999771118164,7.114999771118164
2024-02-16,7.162499904632568,7.162499904632568
2024-02-19,7.122499942779541,7.122499942779541
2024-02-20,7.1875,7.1875
2024-02-21,7.21999979019165,7.21999979019165
2024-02-22,7.179999828338623,7.179999828338623
2024-02-23,7.257500171661377,7.257500171661377
2024-02-26,7.127500057220459,7.127500057220459
2024-02-27,7.204999923706055,7.204999923706055
2024-02-28,7.231249809265137,7.231249809265137
2024-02-29,7.252500057220459,7.252500057220459
2024-03-01,7.170000076293945,7.170000076293945
2024-03-04,7.267499923706055,7.267499923706055
2024-03-05,7.394999980926514,7.394999980926514
2024-03-06,7.392499923706055,7.392499923706055
2024-03-07,7.452499866485596,7.452499866485596
2024-03-08,7.449999809265137,7.449999809265137
2024-03-11,7.454999923706055,7.454999923706055
2024-03-12,7.401249885559082,7.401249885559082
2024-03-13,7.487500190734863,7.487500190734863
2024-03-14,7.40749979019165,7.40749979019165
2024-03-15,7.402500152587891,7.402500152587891
2024-03-18,7.480000019073486,7.480000019073486
2024-03-19,7.50124979019165,7.50124979019165
2024-03-20,7.534999847412109,7.534999847412109
2024-03-21,7.53000020980835,7.53000020980835
2024-03-22,7.534999847412109,7.534999847412109
2024-03-25,7.559999942779541,7.559999942779541
2024-03-26,7.512499809265137,7.512499809265137
2024-03-27,7.625,7.625
2024-03-28,7.71999979019165,7.71999979019165
2024-04-02,7.710000038146973,7.710000038146973
2024-04-03,7.692500114440918,7.692500114440918
2024-04-04,7.704999923706055,7.704999923706055
2024-04-05,7.664999961853027,7.664999961853027
2024-04-08,7.71750020980835,7.71750020980835
2024-04-09,7.742499828338623,7.742499828338623
2024-04-10,7.625,7.625
2024-04-11,7.582499980926514,7.582499980926514
2024-04-12,7.614999771118164,7.614999771118164
2024-04-15,7.541250228881836,7.541250228881836
2024-04-16,7.412499904632568,7.412499904632568
2024-04-17,7.445000171661377,7.445000171661377
2024-04-18,7.559999942779541,7.559999942779541
2024-04-19,7.698750019073486,7.698750019073486
2024-04-22,7.732500076293945,7.732500076293945
2024-04-23,7.851250171661377,7.851250171661377
2024-04-24,7.836249828338623,7.836249828338623
2024-04-25,7.862500190734863,7.862500190734863
2024-04-26,7.822500228881836,7.822500228881836
2024-04-29,7.90749979019165,7.90749979019165
2024-04-30,7.875,7.875
2024-05-01,7.929999828338623,7.929999828338623
2024-05-02,7.943749904632568,7.943749904632568
2024-05-03,8.018750190734863,8.018750190734863
2024-05-07,8.147500038146973,8.147500038146973
2024-05-08,8.25,8.25
2024-05-09,8.3462495803833,8.3462495803833
2024-05-10,8.432499885559082,8.432499885559082
2024-05-13,8.40250015258789,8.40250015258789
2024-05-14,8.396249771118164,8.396249771118164
2024-05-15,8.539999961853027,8.539999961853027
2024-05-16,8.572500228881836,8.572500228881836
2024-05-17,8.532500267028809,8.532500267028809
2024-05-20,8.515000343322754,8.515000343322754
2024-05-21,8.522500038146973,8.522500038146973
2024-05-22,8.555000305175781,8.555000305175781
2024-05-23,8.404999732971191,8.404999732971191
2024-05-24,8.456250190734863,8.456250190734863
2024-05-28,8.452500343322754,8.452500343322754
2024-05-29,8.287500381469727,8.287500381469727
2024-05-30,8.350000381469727,8.350000381469727
2024-05-31,8.482500076293945,8.482500076293945
2024-06-03,8.47249984741211,8.47249984741211
2024-06-04,8.382499694824219,8.382499694824219
2024-06-05,8.442500114440918,8.442500114440918
2024-06-06,8.395000457763672,8.395000457763672
2024-06-07,8.297499656677246,8.297499656677246
2024-06-10,8.30875015258789,8.30875015258789
2024-06-11,8.292499542236328,8.292499542236328
2024-06-12,8.2524995803833,8.2524995803833
2024-06-13,8.192500114440918,8.192500114440918
2024-06-14,8.210000038146973,8.210000038146973
2024-06-17,8.188750267028809,8.188750267028809
2024-06-18,8.130000114440918,8.130000114440918
2024-06-19,8.132499694824219,8.132499694824219
2024-06-20,8.192500114440918,8.192500114440918
2024-06-21,8.1899995803833,8.1899995803833
2024-06-24,8.265000343322754,8.265000343322754
2024-06-25,8.199999809265137,8.199999809265137
2024-06-26,8.170000076293945,8.170000076293945
2024-06-27,8.18375015258789,8.18375015258789
2024-06-28,8.092499732971191,8.092499732971191
2024-07-01,8.069999694824219,8.069999694824219
2024-07-02,8.057499885559082,8.057499885559082
2024-07-03,8.135000228881836,8.135000228881836
2024-07-04,8.125,8.125
2024-07-05,8.130000114440918,8.130000114440918
2024-07-08,8.12125015258789,8.12125015258789
2024-07-09,8.182499885559082,8.182499885559082
2024-07-10,8.1899995803833,8.1899995803833
2024-07-11,8.385000228881836,8.385000228881836
2024-07-12,8.47249984741211,8.47249984741211
2024-07-15,8.270000457763672,8.270000457763672
2024-07-16,8.302499771118164,8.302499771118164
2024-07-17,8.380000114440918,8.380000114440918
2024-07-18,8.390000343322754,8.390000343322754
2024-07-19,8.297499656677246,8.297499656677246
2024-07-22,8.399999618530273,8.399999618530273
2024-07-23,8.369999885559082,8.369999885559082
2024-07-24,8.414999961853027,8.414999961853027
2024-07-25,8.4399995803833,8.4399995803833
2024-07-26,8.442500114440918,8.442500114440918
2024-07-29,8.462499618530273,8.462499618530273
2024-07-30,8.470000267028809,8.470000267028809
2024-07-31,8.607500076293945,8.607500076293945
2024-08-01,8.720000267028809,8.720000267028809
2024-08-02,8.704999923706055,8.704999923706055
2024-08-05,8.682499885559082,8.682499885559082
2024-08-06,8.664999961853027,8.664999961853027
2024-08-07,8.795000076293945,8.795000076293945
2024-08-08,8.717499732971191,8.717499732971191
2024-08-09,8.699999809265137,8.699999809265137
2024-08-12,8.704999923706055,8.704999923706055
2024-08-13,8.78499984741211,8.78499984741211
2024-08-14,8.823749542236328,8.823749542236328
2024-08-15,8.78499984741211,8.78499984741211
2024-08-16,8.832500457763672,8.832500457763672
2024-08-19,8.869999885559082,8.869999885559082
2024-08-20,8.880000114440918,8.880000114440918
2024-08-21,8.954999923706055,8.954999923706055
2024-08-22,8.922499656677246,8.922499656677246
2024-08-23,8.962499618530273,8.962499618530273
2024-08-27,8.942500114440918,8.942500114440918
2024-08-28,8.979999542236328,8.979999542236328
2024-08-29,8.953749656677246,8.953749656677246
2024-08-30,8.992500305175781,8.992500305175781
2024-09-02,9.042499542236328,9.042499542236328
2024-09-03,9.082500457763672,9.082500457763672
2024-09-04,9.135000228881836,9.135000228881836
2024-09-05,9.09000015258789,9.09000015258789
2024-09-06,9.069999694824219,9.069999694824219
2024-09-09,9.0625,9.0625
2024-09-10,9.164999961853027,9.164999961853027
2024-09-11,9.082500457763672,9.082500457763672
2024-09-12,9.154999732971191,9.154999732971191
2024-09-13,9.276249885559082,9.276249885559082
2024-09-16,9.357500076293945,9.357500076293945
2024-09-17,9.390000343322754,9.390000343322754
2024-09-18,9.34749984741211,9.34749984741211
2024-09-19,9.199999809265137,9.199999809265137
2024-09-20,9.388750076293945,9.388750076293945
2024-09-23,9.587499618530273,9.587499618530273
2024-09-24,9.609999656677246,9.609999656677246
2024-09-25,9.553750038146973,9.553750038146973
2024-09-26,9.555000305175781,9.555000305175781
2024-09-27,9.609999656677246,9.609999656677246
2024-09-30,9.635000228881836,9.635000228881836
2024-10-01,9.731249809265137,9.731249809265137
2024-10-02,9.71500015258789,9.71500015258789
2024-10-03,9.741250038146973,9.741250038146973
2024-10-04,9.667499542236328,9.667499542236328
2024-10-07,9.59000015258789,9.59000015258789
2024-10-08,9.522500038146973,9.522500038146973
2024-10-09,9.412500381469727,9.412500381469727
2024-10-10,9.425000190734863,9.425000190734863
2024-10-11,9.425000190734863,9.425000190734863
2024-10-14,9.555000305175781,9.555000305175781
2024-10-15,9.672499656677246,9.672499656677246
2024-10-16,9.734999656677246,9.734999656677246
2024-10-17,9.800000190734863,9.800000190734863
2024-10-18,9.757499694824219,9.757499694824219
2024-10-21,9.712499618530273,9.712499618530273
2024-10-22,9.720000267028809,9.720000267028809
2024-10-23,9.732500076293945,9.732500076293945
2024-10-24,9.788749694824219,9.788749694824219
2024-10-25,9.692500114440918,9.692500114440918
2024-10-28,9.682499885559082,9.682499885559082
2024-10-29,9.507499694824219,9.507499694824219
2024-10-30,9.479999542236328,9.479999542236328
2024-10-31,9.583749771118164,9.583749771118164
2024-11-01,9.430000305175781,9.430000305175781
2024-11-04,9.201250076293945,9.201250076293945
2024-11-05,9.27750015258789,9.27750015258789
2024-11-06,9.22249984741211,9.22249984741211
2024-11-07,9.338749885559082,9.338749885559082
2024-11-08,9.390000343322754,9.390000343322754
2024-11-11,9.537500381469727,9.537500381469727
2024-11-12,9.387499809265137,9.387499809265137
2024-11-13,9.359999656677246,9.359999656677246
2024-11-14,9.375,9.375
2024-11-15,9.40250015258789,9.40250015258789
2024-11-18,9.545000076293945,9.545000076293945
2024-11-19,9.537500381469727,9.537500381469727
2024-11-20,9.5649995803833,9.5649995803833
2024-11-21,9.720000267028809,9.720000267028809
2024-11-22,9.744999885559082,9.744999885559082
2024-11-25,9.677499771118164,9.677499771118164
2024-11-26,9.837499618530273,9.837499618530273
2024-11-27,9.925000190734863,9.925000190734863
2024-11-28,9.901249885559082,9.901249885559082
2024-11-29,9.90250015258789,9.90250015258789
2024-12-02,9.732500076293945,9.732500076293945
2024-12-03,9.677499771118164,9.677499771118164
2024-12-04,9.612500190734863,9.612500190734863
2024-12-05,9.65250015258789,9.65250015258789
2024-12-06,9.512499809265137,9.512499809265137
2024-12-09,9.444999694824219,9.444999694824219
2024-12-10,9.332500457763672,9.332500457763672
2024-12-11,9.282500267028809,9.282500267028809
2024-12-12,9.322500228881836,9.322500228881836
2024-12-13,9.297499656677246,9.297499656677246
2024-12-16,9.262499809265137,9.262499809265137
2024-12-17,9.157500267028809,9.157500267028809
2024-12-18,9.140000343322754,9.140000343322754
2024-12-19,9.0287504196167,9.0287504196167
2024-12-20,9.100000381469727,9.100000381469727
2024-12-23,9.102499961853027,9.102499961853027
2024-12-24,9.142499923706055,9.142499923706055
2024-12-27,9.154999732971191,9.154999732971191
2024-12-30,9.074999809265137,9.074999809265137
2024-12-31,9.132499694824219,9.132499694824219
2025-01-02,9.1850004196167,9.1850004196167
2025-01-03,9.297499656677246,9.297499656677246
2025-01-06,9.197500228881836,9.197500228881836
2025-01-07,9.162500381469727,9.162500381469727
2025-01-08,9.092499732971191,9.092499732971191
2025-01-09,9.136249542236328,9.136249542236328
2025-01-10,9.074999809265137,9.074999809265137
2025-01-13,8.922499656677246,8.922499656677246
2025-01-14,9.052499771118164,9.052499771118164
2025-01-15,9.244999885559082,9.244999885559082
2025-01-16,9.395000457763672,9.395000457763672
2025-01-17,9.512499809265137,9.512499809265137
2025-01-20,9.505000114440918,9.505000114440918
2025-01-21,9.630000114440918,9.630000114440918
2025-01-22,9.47249984741211,9.47249984741211
2025-01-23,9.4975004196167,9.4975004196167
2025-01-24,9.539999961853027,9.539999961853027
2025-01-27,9.166250228881836,9.166250228881836
2025-01-28,9.140000343322754,9.140000343322754
2025-01-29,9.2524995803833,9.2524995803833
2025-01-30,9.382499694824219,9.382499694824219
2025-01-31,9.40250015258789,9.40250015258789
2025-02-03,9.395000457763672,9.395000457763672
2025-02-04,9.34749984741211,9.34749984741211
2025-02-05,9.420000076293945,9.420000076293945
2025-02-06,9.412500381469727,9.412500381469727
2025-02-07,9.397500038146973,9.397500038146973
2025-02-10,9.432499885559082,9.432499885559082
2025-02-11,9.470000267028809,9.470000267028809
2025-02-12,9.492500305175781,9.492500305175781
2025-02-13,9.537500381469727,9.537500381469727
2025-02-14,9.567500114440918,9.567500114440918
2025-02-17,9.506250381469727,9.506250381469727
2025-02-18,9.569999694824219,9.569999694824219
2025-02-19,9.65250015258789,9.65250015258789
2025-02-20,9.614999771118164,9.614999771118164
2025-02-21,9.65625,9.65625
2025-02-24,9.595000267028809,9.595000267028809
2025-02-25,9.487500190734863,9.487500190734863
2025-02-26,9.625,9.625
2025-02-27,9.46500015258789,9.46500015258789
2025-02-28,9.422499656677246,9.422499656677246
2025-03-03,9.529999732971191,9.529999732971191
2025-03-04,9.475000381469727,9.475000381469727
2025-03-05,9.2475004196167,9.2475004196167
2025-03-06,9.182499885559082,9.182499885559082
2025-03-07,9.197500228881836,9.197500228881836
2025-03-10,9.345000267028809,9.345000267028809
2025-03-11,9.292499542236328,9.292499542236328
2025-03-12,9.272500038146973,9.272500038146973
2025-03-13,9.241250038146973,9.241250038146973
2025-03-14,9.399999618530273,9.399999618530273
2025-03-17,9.53499984741211,9.53499984741211
2025-03-18,9.436249732971191,9.436249732971191
2025-03-19,9.447500228881836,9.447500228881836
2025-03-20,9.492500305175781,9.492500305175781
2025-03-21,9.4375,9.4375
2025-03-24,9.505000114440918,9.505000114440918
2025-03-25,9.28499984741211,9.28499984741211
2025-03-26,9.324999809265137,9.324999809265137
2025-03-27,9.3774995803833,9.3774995803833
2025-03-28,9.447500228881836,9.447500228881836
2025-03-31,9.498749732971191,9.498749732971191
2025-04-01,9.5625,9.5625
2025-04-02,9.617500305175781,9.617500305175781
2025-04-03,9.626250267028809,9.626250267028809
2025-04-04,9.27750015258789,9.27750015258789
2025-04-07,8.84000015258789,8.84000015258789
2025-04-08,9.037500381469727,9.037500381469727
2025-04-09,8.647500038146973,8.647500038146973
2025-04-10,9.085000038146973,9.085000038146973
2025-04-11,9.0625,9.0625
2025-04-14,9.367500305175781,9.367500305175781
2025-04-15,9.432499885559082,9.432499885559082
2025-04-16,9.442500114440918,9.442500114440918
2025-04-17,9.454999923706055,9.454999923706055
2025-04-22,9.387499809265137,9.387499809265137
2025-04-23,9.4399995803833,9.4399995803833
2025-04-24,9.460000038146973,9.460000038146973
2025-04-25,9.425000190734863,9.425000190734863
2025-04-28,9.470000267028809,9.470000267028809
2025-04-29,9.529999732971191,9.529999732971191
2025-04-30,9.517499923706055,9.517499923706055
2025-05-01,9.6274995803833,9.6274995803833
2025-05-02,9.6274995803833,9.6274995803833
2025-05-06,9.756250381469727,9.756250381469727
2025-05-07,9.744999885559082,9.744999885559082
2025-05-08,9.765000343322754,9.765000343322754
2025-05-09,9.6850004196167,9.6850004196167
2025-05-12,9.619999885559082,9.619999885559082
2025-05-13,9.672499656677246,9.672499656677246
2025-05-14,9.494999885559082,9.494999885559082
2025-05-15,9.742500305175781,9.742500305175781
2025-05-16,9.84000015258789,9.84000015258789
2025-05-19,9.925000190734863,9.925000190734863
2025-05-20,10.012499809265137,10.012499809265137
2025-05-21,9.907500267028809,9.907500267028809
2025-05-22,9.637499809265137,9.637499809265137
2025-05-23,9.692500114440918,9.692500114440918
2025-05-27,9.845000267028809,9.845000267028809
2025-05-28,9.75,9.75
2025-05-29,9.756250381469727,9.756250381469727
2025-05-30,9.818750381469727,9.818750381469727
2025-06-02,9.9087495803833,9.9087495803833
2025-06-03,9.917499542236328,9.917499542236328
2025-06-04,9.882499694824219,9.882499694824219
2025-06-05,9.755000114440918,9.755000114440918
2025-06-06,9.727499961853027,9.727499961853027
2025-06-09,9.805000305175781,9.805000305175781
2025-06-10,9.7475004196167,9.7475004196167
2025-06-11,9.774999618530273,9.774999618530273
2025-06-12,9.827500343322754,9.827500343322754
2025-06-13,9.867500305175781,9.867500305175781
2025-06-16,9.845000267028809,9.845000267028809
2025-06-17,9.702500343322754,9.702500343322754
2025-06-18,9.731249809265137,9.731249809265137
2025-06-19,9.670000076293945,9.670000076293945
2025-06-20,9.819999694824219,9.819999694824219
2025-06-23,9.842499732971191,9.842499732971191
2025-06-24,9.927499771118164,9.927499771118164
2025-06-25,9.789999961853027,9.789999961853027
2025-06-26,9.819999694824219,9.819999694824219
2025-06-27,9.90999984741211,9.90999984741211
2025-06-30,9.862500190734863,9.862500190734863
2025-07-01,9.897500038146973,9.897500038146973
2025-07-02,9.857500076293945,9.857500076293945
2025-07-03,9.952500343322754,9.952500343322754
2025-07-04,9.907500267028809,9.907500267028809
2025-07-07,9.949999809265137,9.949999809265137
2025-07-08,9.837499618530273,9.837499618530273
2025-07-09,9.925000190734863,9.925000190734863
2025-07-10,9.984999656677246,9.984999656677246
2025-07-11,9.987500190734863,9.987500190734863
2025-07-14,10.020000457763672,10.020000457763672
2025-07-15,9.927499771118164,9.927499771118164
2025-07-16,9.90250015258789,9.90250015258789
2025-07-17,9.982500076293945,9.982500076293945
2025-07-18,10.175000190734863,10.175000190734863
2025-07-21,10.265000343322754,10.265000343322754
2025-07-22,10.28499984741211,10.28499984741211
2025-07-23,10.329999923706055,10.329999923706055
2025-07-24,10.289999961853027,10.289999961853027
2025-07-25,10.234999656677246,10.234999656677246
2025-07-28,10.1850004196167,10.1850004196167
2025-07-29,10.255000114440918,10.255000114440918
2025-07-30,10.390000343322754,10.390000343322754
2025-07-31,10.342499732971191,10.342499732971191
2025-08-01,10.414999961853027,10.414999961853027
2025-08-04,10.579999923706055,10.579999923706055
2025-08-05,10.515000343322754,10.515000343322754
2025-08-06,10.484999656677246,10.484999656677246
2025-08-07,10.460000038146973,10.460000038146973
2025-08-08,10.505000114440918,10.505000114440918
2025-08-11,10.4350004196167,10.4350004196167
2025-08-12,10.420000076293945,10.420000076293945
2025-08-13,10.460000038146973,10.460000038146973
2025-08-14,10.475000381469727,10.475000381469727
2025-08-15,10.375,10.375
2025-08-18,10.375,10.375
2025-08-19,10.395000457763672,10.395000457763672
2025-08-20,10.444999694824219,10.444999694824219
2025-08-21,10.449999809265137,10.449999809265137
2025-08-22,10.475000381469727,10.475000381469727
2025-08-26,10.34000015258789,10.34000015258789
2025-08-27,10.354999542236328,10.354999542236328
2025-08-28,10.329999923706055,10.329999923706055
2025-08-29,10.255000114440918,10.255000114440918
2025-09-01,10.25,10.25
2025-09-02,10.210000038146973,10.210000038146973
2025-09-03,10.175000190734863,10.175000190734863
2025-09-04,10.140000343322754,10.140000343322754
2025-09-05,10.09000015258789,10.09000015258789
2025-09-08,10.050000190734863,10.050000190734863
2025-09-09,10.069999694824219,10.069999694824219
2025-09-10,10.225000381469727,10.225000381469727
2025-09-11,10.305000305175781,10.305000305175781
2025-09-12,10.364999771118164,10.364999771118164
2025-09-15,10.420000076293945,10.420000076293945
2025-09-16,10.300000190734863,10.300000190734863
2025-09-17,10.289999961853027,10.289999961853027
2025-09-18,10.279999732971191,10.279999732971191
2025-09-19,10.234999656677246,10.234999656677246
2025-09-22,10.3149995803833,10.3149995803833
2025-09-23,10.414999961853027,10.414999961853027
2025-09-24,10.484999656677246,10.484999656677246
2025-09-25,10.484999656677246,10.484999656677246
2025-09-26,10.550000190734863,10.550000190734863
2025-09-29,10.614999771118164,10.614999771118164
2025-09-30,10.600000381469727,10.600000381469727
2025-10-01,10.760000228881836,10.760000228881836
2025-10-02,10.725000381469727,10.725000381469727
2025-10-03,10.930000305175781,10.930000305175781
2025-10-06,10.90999984741211,10.90999984741211
2025-10-07,11.055000305175781,11.055000305175781
2025-10-08,11.074999809265137,11.074999809265137
2025-10-09,11.074999809265137,11.074999809265137
2025-10-10,11.135000228881836,11.135000228881836
2025-10-13,11.104999542236328,11.104999542236328
2025-10-14,11.154999732971191,11.154999732971191
2025-10-15,11.324999809265137,11.324999809265137
2025-10-16,11.359999656677246,11.359999656677246
2025-10-17,11.164999961853027,11.164999961853027
2025-10-20,11.194999694824219,11.194999694824219
2025-10-21,11.085000038146973,11.085000038146973
2025-10-22,11.045000076293945,11.045000076293945
2025-10-23,10.994999885559082,10.994999885559082
2025-10-24,11.166199684143066,11.166199684143066
2025-10-27,11.119999885559082,11.119999885559082
2025-10-28,11.069999694824219,11.069999694824219
2025-10-29,11.0649995803833,11.0649995803833
2025-10-30,11.0,11.0
2025-10-31,10.875,10.875
2025-11-03,10.850000381469727,10.850000381469727
2025-11-04,10.859999656677246,10.859999656677246
2025-11-05,10.854999542236328,10.854999542236328
2025-11-06,10.869999885559082,10.869999885559082
2025-11-07,10.805000305175781,10.805000305175781
2025-11-10,10.885000228881836,10.885000228881836
2025-11-11,10.9350004196167,10.9350004196167
2025-11-12,10.925000190734863,10.925000190734863
2025-11-13,10.895000457763672,10.895000457763672
2025-11-14,10.890000343322754,10.890000343322754
2025-11-17,10.925000190734863,10.925000190734863
2025-11-18,10.9350004196167,10.9350004196167
2025-11-19,10.84000015258789,10.84000015258789
2025-11-20,10.895000457763672,10.895000457763672
2025-11-21,10.734999656677246,10.734999656677246
2025-11-24,10.805000305175781,10.805000305175781
2025-11-25,10.864999771118164,10.864999771118164
2025-11-26,10.960000038146973,10.960000038146973
2025-11-27,10.984999656677246,10.984999656677246
2025-11-28,11.0600004196167,11.0600004196167
2025-12-01,10.890000343322754,10.890000343322754
2025-12-02,10.774999618530273,10.774999618530273
2025-12-03,10.725000381469727,10.725000381469727
2025-12-04,10.729999542236328,10.729999542236328
2025-12-05,10.625,10.625
2025-12-08,10.53499984741211,10.53499984741211
2025-12-09,10.510000228881836,10.510000228881836
2025-12-10,10.404999732971191,10.404999732971191
2025-12-11,10.484999656677246,10.484999656677246
2025-12-12,10.454999923706055,10.454999923706055
2025-12-15,10.470000267028809,10.470000267028809
2025-12-16,10.479999542236328,10.479999542236328
2025-12-17,10.425000190734863,10.425000190734863
2025-12-18,10.555000305175781,10.555000305175781
2025-12-19,10.529999732971191,10.529999732971191
2025-12-22,10.414999961853027,10.414999961853027
2025-12-23,10.460000038146973,10.460000038146973
2025-12-24,10.470000267028809,10.470000267028809
2025-12-29,10.585000038146973,10.585000038146973
2025-12-30,10.555000305175781,10.555000305175781
2025-12-31,10.574999809265137,10.574999809265137
2026-01-02,10.602499961853027,10.602499961853027
2026-01-05,10.359999656677246,10.359999656677246
2026-01-06,10.479999542236328,10.479999542236328
2026-01-07,10.390000343322754,10.390000343322754
2026-01-08,10.364999771118164,10.364999771118164
2026-01-09,10.46500015258789,10.46500015258789
2026-01-12,10.449999809265137,10.449999809265137
2026-01-13,10.460000038146973,10.460000038146973
2026-01-14,10.569999694824219,10.569999694824219
2026-01-15,10.71500015258789,10.71500015258789
2026-01-16,10.680000305175781,10.680000305175781
2026-01-19,10.654999732971191,10.654999732971191
2026-01-20,10.649999618530273,10.649999618530273
2026-01-21,10.555000305175781,10.555000305175781
2026-01-22,10.5649995803833,10.5649995803833
2026-01-23,10.449999809265137,10.449999809265137
2026-01-26,10.550000190734863,10.550000190734863
2026-01-27,10.649999618530273,10.649999618530273
2026-01-28,10.6850004196167,10.6850004196167
2026-01-29,10.672499656677246,10.672499656677246
2026-01-30,10.5649995803833,10.5649995803833
2026-02-02,10.510000228881836,10.510000228881836
2026-02-03,10.635000228881836,10.635000228881836
2026-02-04,10.604999542236328,10.604999542236328
2026-02-05,10.5649995803833,10.5649995803833
2026-02-06,10.609999656677246,10.609999656677246
2026-02-09,10.640000343322754,10.640000343322754
2026-02-10,10.8149995803833,10.8149995803833
2026-02-11,10.930000305175781,10.930000305175781
2026-02-12,11.210000038146973,11.210000038146973
2026-02-13,11.430000305175781,11.430000305175781
2026-02-16,11.475000381469727,11.475000381469727
2026-02-17,11.479999542236328,11.479999542236328
2026-02-18,11.2475004196167,11.2475004196167
2026-02-19,11.305000305175781,11.305000305175781
2026-02-20,11.3725004196167,11.3725004196167
2026-02-23,11.444999694824219,11.444999694824219
2026-02-24,11.475000381469727,11.475000381469727
2026-02-25,11.59000015258789,11.59000015258789
2026-02-26,11.614999771118164,11.614999771118164
2026-02-27,11.712499618530273,11.712499618530273
2026-03-02,11.6875,11.6875
2026-03-03,11.404999732971191,11.404999732971191
2026-03-04,11.5600004196167,11.5600004196167
2026-03-05,11.4399995803833,11.4399995803833
2026-03-06,11.40999984741211,11.40999984741211
2026-03-09,11.4399995803833,11.4399995803833
2026-03-10,11.510000228881836,11.510000228881836
2026-03-11,11.364999771118164,11.364999771118164
2026-03-12,11.5,11.5
2026-03-13,11.5649995803833,11.5649995803833
2026-03-16,11.5649995803833,11.5649995803833
2026-03-17,11.65999984741211,11.65999984741211
2026-03-18,11.539999961853027,11.539999961853027
2026-03-19,11.380000114440918,11.380000114440918
2026-03-20,11.170000076293945,11.170000076293945
2026-03-23,11.085000038146973,11.085000038146973
2026-03-24,11.260000228881836,11.260000228881836
2026-03-25,11.274999618530273,11.274999618530273
2026-03-26,11.204999923706055,11.204999923706055
2026-03-27,11.380000114440918,11.380000114440918
2026-03-30,11.430000305175781,11.430000305175781
2026-03-31,11.220000267028809,11.220000267028809
2026-04-01,11.354999542236328,11.354999542236328
2026-04-02,11.454999923706055,11.454999923706055
2026-04-07,11.454999923706055,11.454999923706055
2026-04-08,11.489999771118164,11.489999771118164
2026-04-09,11.774999618530273,11.774999618530273
2026-04-10,11.697500228881836,11.697500228881836
2026-04-13,11.470000267028809,11.470000267028809
2026-04-14,11.479999542236328,11.479999542236328
2026-04-15,11.40999984741211,11.40999984741211
2026-04-16,11.40999984741211,11.40999984741211
2026-04-17,11.300000190734863,11.300000190734863
2026-04-20,11.430000305175781,11.430000305175781
2026-04-21,11.149999618530273,11.149999618530273
2026-04-22,11.180000305175781,11.180000305175781
2026-04-23,11.345000267028809,11.345000267028809
2026-04-24,11.420000076293945,11.420000076293945
2026-04-27,11.4399995803833,11.4399995803833
2026-04-28,11.475000381469727,11.475000381469727
2026-04-29,11.364999771118164,11.364999771118164
2026-04-30,11.529999732971191,11.529999732971191
2026-05-01,11.645000457763672,11.645000457763672
2026-05-05,11.520000457763672,11.520000457763672
2026-05-06,11.335000038146973,11.335000038146973
2026-05-07,11.204999923706055,11.204999923706055
2026-05-08,11.130000114440918,11.130000114440918
2026-05-11,11.149999618530273,11.149999618530273
2026-05-12,11.145000457763672,11.145000457763672
2026-05-13,11.0,11.0
2026-05-14,11.03499984741211,11.03499984741211
2026-05-15,10.920000076293945,10.920000076293945
2026-05-18,10.789999961853027,10.789999961853027
2026-05-19,10.914999961853027,10.914999961853027
2026-05-20,11.0,11.0
2026-05-21,11.09000015258789,11.09000015258789
2026-05-22,11.164999961853027,11.164999961853027
2026-05-26,11.21500015258789,11.21500015258789
2026-05-27,11.15999984741211,11.15999984741211
2026-05-28,11.085000038146973,11.085000038146973
2026-05-29,10.984999656677246,10.984999656677246
2026-06-01,10.729999542236328,10.729999542236328
2026-06-02,10.819999694824219,10.819999694824219
2026-06-03,10.954999923706055,10.954999923706055
2026-06-04,10.720000267028809,10.720000267028809
2026-06-05,10.979999542236328,10.979999542236328
2026-06-08,10.84000015258789,10.84000015258789
2026-06-09,10.824999809265137,10.824999809265137
2026-06-10,10.885000228881836,10.885000228881836
2026-06-11,10.954999923706055,10.954999923706055
2026-06-12,10.954999923706055,10.954999923706055
2026-06-15,11.050000190734863,11.050000190734863
2026-06-16,11.1899995803833,11.1899995803833
2026-06-17,11.09749984741211,11.09749984741211
2026-06-18,11.154999732971191,11.154999732971191
2026-06-19,11.095000267028809,11.095000267028809
2026-06-22,11.164999961853027,11.164999961853027
2026-06-23,11.204999923706055,11.204999923706055
2026-06-24,11.300000190734863,11.300000190734863
2026-06-25,11.345000267028809,11.345000267028809
2026-06-26,11.460000038146973,11.460000038146973
2026-06-29,11.40999984741211,11.40999984741211
2026-06-30,11.375,11.375
2026-07-01,11.135000228881836,11.135000228881836
2026-07-02,11.28499984741211,11.28499984741211
2026-07-03,11.359999656677246,11.359999656677246
2026-07-06,11.255000114440918,11.255000114440918
2026-07-07,11.449999809265137,11.449999809265137
2026-07-08,11.354999542236328,11.354999542236328
2026-07-09,11.28499984741211,11.28499984741211
2026-07-10,11.255000114440918,11.255000114440918
2026-07-13,11.3100004196167,11.3100004196167
2026-07-14,11.399999618530273,11.399999618530273
2026-07-15,11.359999656677246,11.359999656677246
2026-07-16,11.295000076293945,11.295000076293945
2026-07-17,11.385000228881836,11.385000228881836
2026-07-20,11.199999809265137,11.199999809265137
2026-07-21,11.119999885559082,11.119999885559082
2026-07-22,11.345000267028809,11.345000267028809
2026-07-23,11.494999885559082,11.494999885559082
2026-07-24,11.550000190734863,11.550000190734863
2026-07-27,11.404999732971191,11.404999732971191
2026-07-28,11.454999923706055,11.454999923706055
2026-07-29,11.260000228881836,11.260000228881836
2026-07-30,11.055000305175781,11.055000305175781
2026-07-31,11.069999694824219,11.069999694824219
2026-08-03,11.0,11.0
2026-08-04,10.9399995803833,10.9399995803833
2026-08-05,10.78499984741211,10.78499984741211
2026-08-06,10.8149995803833,10.8149995803833
2026-08-07,10.859999656677246,10.859999656677246
2026-08-10,10.729999542236328,10.729999542236328
2026-08-11,10.779999732971191,10.779999732971191
2026-08-12,10.890000343322754,10.890000343322754
2026-08-13,10.9399995803833,10.9399995803833
2026-08-14,10.994999885559082,10.994999885559082
2026-08-17,10.904999732971191,10.904999732971191
2026-08-18,11.045000076293945,11.045000076293945
2026-08-19,10.904999732971191,10.904999732971191
2026-08-20,10.96500015258789,10.96500015258789
2026-08-21,10.699999809265137,10.699999809265137
2026-08-24,10.654999732971191,10.654999732971191
2026-08-25,10.75,10.75
2026-08-26,10.824999809265137,10.824999809265137
2026-08-27,10.675000190734863,10.675000190734863
2026-08-28,10.699999809265137,10.699999809265137
2026-09-01,10.545000076293945,10.545000076293945
2026-09-02,10.550000190734863,10.550000190734863
2026-09-03,10.694999694824219,10.694999694824219
2026-09-04,10.710000038146973,10.710000038146973
2026-09-07,10.65999984741211,10.65999984741211
2026-09-08,10.8100004196167,10.8100004196167
2026-09-09,10.649999618530273,10.649999618530273
2026-09-10,10.600000381469727,10.600000381469727
2026-09-11,10.555000305175781,10.555000305175781
2026-09-14,10.399999618530273,10.399999618530273
2026-09-15,10.305000305175781,10.305000305175781
2026-09-16,10.3149995803833,10.3149995803833
2026-09-17,10.319999694824219,10.319999694824219
2026-09-18,10.25,10.25
2026-09-21,10.225000381469727,10.225000381469727
2026-09-22,10.204999923706055,10.204999923706055
2026-09-23,9.96500015258789,9.96500015258789
2026-09-24,9.885000228881836,9.885000228881836
2026-09-25,9.797499656677246,9.797499656677246
2026-09-28,9.789999961853027,9.789999961853027
2026-09-29,9.838749885559082,9.838749885559082
2026-09-30,9.912500381469727,9.912500381469727
2026-10-01,9.8774995803833,9.8774995803833
2026-10-02,9.992500305175781,9.992500305175781
