Date,Close,Adj Close
2010-01-04,69.56999969482422,39.784278869628906
2010-01-05,70.13999938964844,40.110233306884766
2010-01-06,71.01000213623047,40.60776138305664
2010-01-07,70.62000274658203,40.38473129272461
2010-01-08,71.19000244140625,40.71070098876953
2010-01-11,71.4000015258789,40.83079147338867
2010-01-12,70.31999969482422,40.21318054199219
2010-01-13,71.0999984741211,40.65922546386719
2010-01-14,71.66999816894531,40.98518371582031
2010-01-15,71.12999725341797,40.67637634277344
2010-01-19,71.76000213623047,41.036659240722656
2010-01-20,69.75,39.88722229003906
2010-01-21,67.29000091552734,38.48044204711914
2010-01-22,66.56999969482422,38.06871032714844
2010-01-25,66.33000183105469,37.931453704833984
2010-01-26,65.79000091552734,37.62265396118164
2010-01-27,65.33999633789062,37.36531448364258
2010-01-28,64.68000030517578,36.98788833618164
2010-01-29,64.13999938964844,36.67908477783203
2010-02-01,65.55000305175781,37.485408782958984
2010-02-02,65.66999816894531,37.55402755737305
2010-02-03,64.86000061035156,37.0908203125
2010-02-04,62.52000045776367,35.75267028808594
2010-02-05,62.25,35.59827423095703
2010-02-08,61.349998474121094,35.08359146118164
2010-02-09,62.52000045776367,35.75267028808594
2010-02-10,62.81999969482422,35.92422866821289
2010-02-11,63.75,36.456058502197266
2010-02-12,63.38999938964844,36.250186920166016
2010-02-16,65.4000015258789,37.399627685546875
2010-02-17,65.69999694824219,37.57118225097656
2010-02-18,65.5199966430664,37.4682502746582
2010-02-19,65.7300033569336,37.58834457397461
2010-02-22,65.69999694824219,37.57118225097656
2010-02-23,64.73999786376953,37.02220153808594
2010-02-24,65.01000213623047,37.176605224609375
2010-02-25,65.04000091552734,37.19375991821289
2010-02-26,65.33999633789062,37.36531448364258
2010-03-01,66.33000183105469,37.931453704833984
2010-03-02,66.51000213623047,38.034393310546875
2010-03-03,66.72000122070312,38.15447998046875
2010-03-04,66.18000030517578,37.845680236816406
2010-03-05,66.93000030517578,38.27457046508789
2010-03-08,66.95999908447266,38.29172897338867
2010-03-09,66.77999877929688,38.18878936767578
2010-03-10,66.80999755859375,38.20594787597656
2010-03-11,66.9000015258789,38.257415771484375
2010-03-12,67.55999755859375,38.63484191894531
2010-03-15,67.37999725341797,38.53190612792969
2010-03-16,68.30999755859375,39.06373596191406
2010-03-17,69.23999786376953,39.59556579589844
2010-03-18,68.06999969482422,38.92649459838867
2010-03-19,67.47000122070312,38.5833740234375
2010-03-22,67.5,38.60053253173828
2010-03-23,67.70999908447266,38.72061538696289
2010-03-24,67.13999938964844,38.39466857910156
2010-03-25,66.2699966430664,37.89714431762695
2010-03-26,66.41999816894531,37.9829216003418
2010-03-29,67.83000183105469,38.789249420166016
2010-03-30,67.91999816894531,38.8407096862793
2010-03-31,67.6500015258789,38.68631362915039
2010-04-01,69.44999694824219,39.71566390991211
2010-04-05,70.44000244140625,40.28179931640625
2010-04-06,70.58999633789062,40.36758041381836
2010-04-07,69.75,39.88722229003906
2010-04-08,69.41999816894531,39.69850158691406
2010-04-09,70.0199966430664,40.0416145324707
2010-04-12,70.19999694824219,40.14455032348633
2010-04-13,69.33000183105469,39.64704132080078
2010-04-14,69.69000244140625,39.852909088134766
2010-04-15,69.18000030517578,39.56126022338867
2010-04-16,67.7699966430664,38.75493240356445
2010-04-19,67.52999877929688,38.61769104003906
2010-04-20,68.33999633789062,39.08089065551758
2010-04-21,67.91999816894531,38.8407096862793
2010-04-22,67.88999938964844,38.82355880737305
2010-04-23,68.06999969482422,38.92649459838867
2010-04-26,68.16000366210938,38.97795867919922
2010-04-27,66.77999877929688,38.18878936767578
2010-04-28,66.87000274658203,38.24026107788086
2010-04-29,67.08000183105469,38.3603515625
2010-04-30,66.77999877929688,38.18878936767578
2010-05-03,66.4800033569336,38.017242431640625
2010-05-04,64.08000183105469,36.644775390625
2010-05-05,62.90999984741211,35.97569274902344
2010-05-06,60.869998931884766,34.80910110473633
2010-05-07,59.61000061035156,34.088558197021484
2010-05-10,62.400001525878906,35.684051513671875
2010-05-11,62.34000015258789,35.64973449707031
2010-05-12,63.0,36.02716064453125
2010-05-13,62.54999923706055,35.76982116699219
2010-05-14,61.59000015258789,35.22084045410156
2010-05-17,60.630001068115234,34.67185592651367
2010-05-18,59.06999969482422,33.77975845336914
2010-05-19,58.349998474121094,33.368019104003906
2010-05-20,55.88999938964844,31.961238861083984
2010-05-21,56.7599983215332,32.45875549316406
2010-05-24,56.189998626708984,32.1328010559082
2010-05-25,56.52000045776367,32.321510314941406
2010-05-26,56.099998474121094,32.08133316040039
2010-05-27,58.95000076293945,33.71113204956055
2010-05-28,58.79999923706055,33.6253547668457
2010-06-01,57.65999984741211,32.97343063354492
2010-06-02,59.189998626708984,33.8483772277832
2010-06-03,59.72999954223633,34.15718460083008
2010-06-04,57.33000183105469,32.784725189208984
2010-06-07,56.790000915527344,32.475914001464844
2010-06-08,57.56999969482422,32.92196273803711
2010-06-09,56.939998626708984,32.56169128417969
2010-06-10,58.290000915527344,33.333702087402344
2010-06-11,58.5,33.45379638671875
2010-06-14,58.86000061035156,33.65966796875
2010-06-15,60.119998931884766,34.38020324707031
2010-06-16,60.38999938964844,34.53461456298828
2010-06-17,60.09000015258789,34.36305618286133
2010-06-18,60.75,34.74048614501953
2010-06-21,60.56999969482422,34.637542724609375
2010-06-22,59.220001220703125,33.86553192138672
2010-06-23,59.189998626708984,33.8483772277832
2010-06-24,57.9900016784668,33.162147521972656
2010-06-25,58.77000045776367,33.60818862915039
2010-06-28,58.22999954223633,33.29939651489258
2010-06-29,56.130001068115234,32.09849548339844
2010-06-30,55.560001373291016,31.772525787353516
2010-07-01,55.529998779296875,31.755373001098633
2010-07-02,55.470001220703125,31.721059799194336
2010-07-06,55.7400016784668,31.875465393066406
2010-07-07,57.45000076293945,32.85334396362305
2010-07-08,57.720001220703125,33.00774383544922
2010-07-09,58.439998626708984,33.41948318481445
2010-07-12,58.91999816894531,33.693973541259766
2010-07-13,59.54999923706055,34.05424880981445
2010-07-14,59.400001525878906,33.96847152709961
2010-07-15,59.4900016784668,34.019935607910156
2010-07-16,57.65999984741211,32.97343063354492
2010-07-19,57.75,33.024898529052734
2010-07-20,58.83000183105469,33.642513275146484
2010-07-21,57.599998474121094,32.939125061035156
2010-07-22,58.88999938964844,33.67681121826172
2010-07-23,59.66999816894531,34.122867584228516
2010-07-26,60.060001373291016,34.34589767456055
2010-07-27,61.380001068115234,35.10076141357422
2010-07-28,61.2599983215332,35.03213119506836
2010-07-29,61.40999984741211,35.1179084777832
2010-07-30,61.5,35.16937255859375
2010-08-02,62.4900016784668,35.73551940917969
2010-08-03,62.189998626708984,35.56395721435547
2010-08-04,62.54999923706055,35.76982116699219
2010-08-05,63.2400016784668,36.16442108154297
2010-08-06,62.7599983215332,35.889915466308594
2010-08-09,63.0,36.02716064453125
2010-08-10,62.369998931884766,35.66688919067383
2010-08-11,60.119998931884766,34.38020324707031
2010-08-12,59.970001220703125,34.294429779052734
2010-08-13,59.90999984741211,34.2601203918457
2010-08-16,59.880001068115234,34.24296569824219
2010-08-17,61.20000076293945,34.9978141784668
2010-08-18,61.83000183105469,35.35809326171875
2010-08-19,60.900001525878906,34.82625961303711
2010-08-20,60.209999084472656,34.43167495727539
2010-08-23,59.880001068115234,34.24296569824219
2010-08-24,58.59000015258789,33.50525665283203
2010-08-25,58.83000183105469,33.642513275146484
2010-08-26,58.88999938964844,33.67681121826172
2010-08-27,60.029998779296875,34.328739166259766
2010-08-30,59.52000045776367,34.03709030151367
2010-08-31,58.88999938964844,33.67681121826172
2010-09-01,60.689998626708984,34.70616149902344
2010-09-02,61.20000076293945,34.9978141784668
2010-09-03,62.040000915527344,35.47817611694336
2010-09-07,61.22999954223633,35.014976501464844
2010-09-08,61.86000061035156,35.37525177001953
2010-09-09,62.25,35.59827423095703
2010-09-10,62.43000030517578,35.701202392578125
2010-09-13,63.540000915527344,36.335968017578125
2010-09-14,63.93000030517578,36.55899429321289
2010-09-15,63.5099983215332,36.318809509277344
2010-09-16,62.58000183105469,35.786983489990234
2010-09-17,62.15999984741211,35.54679870605469
2010-09-20,62.66999816894531,35.838443756103516
2010-09-21,62.54999923706055,35.76982116699219
2010-09-22,62.54999923706055,35.76982116699219
2010-09-23,61.97999954223633,35.44386672973633
2010-09-24,63.2400016784668,36.16442108154297
2010-09-27,63.47999954223633,36.301658630371094
2010-09-28,64.0199966430664,36.610450744628906
2010-09-29,63.900001525878906,36.54183578491211
2010-09-30,63.38999938964844,36.250186920166016
2010-10-01,64.0199966430664,36.610450744628906
2010-10-04,62.81999969482422,35.92422866821289
2010-10-05,63.47999954223633,36.301658630371094
2010-10-06,64.16999816894531,36.69623947143555
2010-10-07,64.44000244140625,36.850643157958984
2010-10-08,65.27999877929688,37.33100891113281
2010-10-11,65.33999633789062,37.36531448364258
2010-10-12,65.4000015258789,37.399627685546875
2010-10-13,65.87999725341797,37.67411804199219
2010-10-14,66.56999969482422,38.06871032714844
2010-10-15,66.44999694824219,38.00008010864258
2010-10-18,66.0,37.74273681640625
2010-10-19,65.25,37.3138427734375
2010-10-20,66.75,38.17163848876953
2010-10-21,66.05999755859375,37.77705383300781
2010-10-22,66.5999984741211,38.08586120605469
2010-10-25,67.70999908447266,38.72061538696289
2010-10-26,68.06999969482422,38.92649459838867
2010-10-27,67.13999938964844,38.39466857910156
2010-10-28,67.52999877929688,38.61769104003906
2010-10-29,67.37999725341797,38.53190612792969
2010-11-01,67.37999725341797,38.53190612792969
2010-11-02,68.91000366210938,39.406856536865234
2010-11-03,69.54000091552734,39.76713180541992
2010-11-04,71.19000244140625,40.71070098876953
2010-11-05,71.58000183105469,40.93373107910156
2010-11-08,74.37000274658203,42.529205322265625
2010-11-09,73.70999908447266,42.15177917480469
2010-11-10,74.04000091552734,42.34050369262695
2010-11-11,74.19000244140625,42.42627716064453
2010-11-12,72.1500015258789,41.25967788696289
2010-11-15,71.76000213623047,41.036659240722656
2010-11-16,68.76000213623047,39.32107162475586
2010-11-17,69.56999969482422,39.784278869628906
2010-11-18,71.66999816894531,40.98518371582031
2010-11-19,72.08999633789062,41.22536849975586
2010-11-22,71.81999969482422,41.07096481323242
2010-11-23,70.58999633789062,40.36758041381836
2010-11-24,73.6500015258789,42.117469787597656
2010-11-26,74.58000183105469,42.6493034362793
2010-11-29,74.33999633789062,42.512054443359375
2010-11-30,73.58999633789062,42.08316421508789
2010-12-01,75.93000030517578,43.42131423950195
2010-12-02,76.83000183105469,43.93598556518555
2010-12-03,77.43000030517578,44.27910614013672
2010-12-06,77.91000366210938,44.553585052490234
2010-12-07,77.55000305175781,44.34772872924805
2010-12-08,76.13999938964844,43.541404724121094
2010-12-09,76.73999786376953,43.884517669677734
2010-12-10,77.25,44.17616271972656
2010-12-13,78.36000061035156,44.81092834472656
2010-12-14,77.81999969482422,44.50212097167969
2010-12-15,77.0999984741211,44.09038543701172
2010-12-16,77.04000091552734,44.05607986450195
2010-12-17,77.5199966430664,44.33056640625
2010-12-20,78.05999755859375,44.63936996459961
2010-12-21,78.1500015258789,44.69084167480469
2010-12-22,77.97000122070312,44.58790969848633
2010-12-23,75.36000061035156,44.934932708740234
2010-12-27,75.02999877929688,44.738162994384766
2010-12-28,74.97000122070312,44.7023811340332
2010-12-29,75.87000274658203,45.23902130126953
2010-12-30,75.98999786376953,45.310585021972656
2010-12-31,76.05000305175781,45.34635925292969
2011-01-03,76.9800033569336,45.900901794433594
2011-01-04,76.13999938964844,45.400028228759766
2011-01-05,75.44999694824219,44.98858642578125
2011-01-06,74.63999938964844,44.505619049072266
2011-01-07,74.45999908447266,44.398284912109375
2011-01-10,74.55000305175781,44.45195388793945
2011-01-11,75.4800033569336,45.00648498535156
2011-01-12,76.3499984741211,45.52523422241211
2011-01-13,76.86000061035156,45.82933044433594
2011-01-14,77.45999908447266,46.187095642089844
2011-01-18,78.80999755859375,46.9920654296875
2011-01-19,77.87999725341797,46.43753433227539
2011-01-20,76.91999816894531,45.865108489990234
2011-01-21,76.83000183105469,45.81145095825195
2011-01-24,77.06999969482422,45.95454788208008
2011-01-25,76.73999786376953,45.75778579711914
2011-01-26,77.76000213623047,46.36598205566406
2011-01-27,77.81999969482422,46.40175247192383
2011-01-28,76.6500015258789,45.70412826538086
2011-01-31,78.38999938964844,46.741634368896484
2011-02-01,80.76000213623047,48.154788970947266
2011-02-02,81.18000030517578,48.40522766113281
2011-02-03,82.3499984741211,49.102867126464844
2011-02-04,81.87000274658203,48.816650390625
2011-02-07,82.2300033569336,49.031307220458984
2011-02-08,82.19999694824219,49.013423919677734
2011-02-09,81.83999633789062,48.79875564575195
2011-02-10,81.41999816894531,48.54832458496094
2011-02-11,81.54000091552734,48.61989212036133
2011-02-14,82.16999816894531,48.995540618896484
2011-02-15,81.54000091552734,48.61989212036133
2011-02-16,81.08999633789062,48.3515625
2011-02-17,81.75,48.74510192871094
2011-02-18,81.33000183105469,48.494659423828125
2011-02-22,78.05999755859375,46.54486083984375
2011-02-23,78.33000183105469,46.70586013793945
2011-02-24,78.54000091552734,46.83107376098633
2011-02-25,79.70999908447266,47.52870559692383
2011-02-28,80.30999755859375,47.886470794677734
2011-03-01,79.70999908447266,47.52870559692383
2011-03-02,79.58999633789062,47.45714569091797
2011-03-03,80.76000213623047,48.154788970947266
2011-03-04,80.19000244140625,47.81492614746094
2011-03-07,78.93000030517578,47.063621520996094
2011-03-08,79.11000061035156,47.17094039916992
2011-03-09,79.08000183105469,47.1530647277832
2011-03-10,76.7699966430664,45.77567672729492
2011-03-11,76.52999877929688,45.63257598876953
2011-03-14,67.37999725341797,40.176692962646484
2011-03-15,64.31999969482422,38.35210418701172
2011-03-16,63.689998626708984,37.976463317871094
2011-03-17,65.8499984741211,39.264404296875
2011-03-18,68.43000030517578,40.80278015136719
2011-03-21,71.16000366210938,42.43060302734375
2011-03-22,70.80000305175781,42.21593475341797
2011-03-23,70.55999755859375,42.07283020019531
2011-03-24,70.94999694824219,42.30537414550781
2011-03-25,70.6500015258789,42.126502990722656
2011-03-28,69.05999755859375,41.178428649902344
2011-03-29,68.63999938964844,40.92799377441406
2011-03-30,69.83999633789062,41.643516540527344
2011-03-31,69.02999877929688,41.16054153442383
2011-04-01,69.4800033569336,41.428863525390625
2011-04-04,69.9000015258789,41.67929458618164
2011-04-05,69.87000274658203,41.66141128540039
2011-04-06,69.4800033569336,41.428863525390625
2011-04-07,69.12000274658203,41.214202880859375
2011-04-08,69.56999969482422,41.48252487182617
2011-04-11,69.05999755859375,41.178428649902344
2011-04-12,67.19999694824219,40.069366455078125
2011-04-13,67.31999969482422,40.14091873168945
2011-04-14,67.94999694824219,40.516563415527344
2011-04-15,68.04000091552734,40.57023239135742
2011-04-18,67.47000122070312,40.2303581237793
2011-04-19,67.9800033569336,40.53445816040039
2011-04-20,69.12000274658203,41.214202880859375
2011-04-21,68.94000244140625,41.106876373291016
2011-04-25,68.91000366210938,41.0889892578125
2011-04-26,69.38999938964844,41.37519836425781
2011-04-27,69.80999755859375,41.62562942504883
2011-04-28,70.13999938964844,41.822391510009766
2011-04-29,70.47000122070312,42.01917266845703
2011-05-02,70.08000183105469,41.78662872314453
2011-05-03,69.77999877929688,41.60774230957031
2011-05-04,69.05999755859375,41.178428649902344
2011-05-05,67.31999969482422,40.14091873168945
2011-05-06,67.73999786376953,40.39134979248047
2011-05-09,68.37000274658203,40.76700210571289
2011-05-10,69.02999877929688,41.16054153442383
2011-05-11,67.70999908447266,40.37345504760742
2011-05-12,67.41000366210938,40.19458770751953
2011-05-13,66.5999984741211,39.711605072021484
2011-05-16,66.12000274658203,39.42539596557617
2011-05-17,66.4800033569336,39.64005661010742
2011-05-18,67.5,40.24824523925781
2011-05-19,67.3499984741211,40.1588020324707
2011-05-20,66.87000274658203,39.872596740722656
2011-05-23,65.7300033569336,39.19285202026367
2011-05-24,66.18000030517578,39.46117401123047
2011-05-25,66.41999816894531,39.60427474975586
2011-05-26,67.3499984741211,40.1588020324707
2011-05-27,68.37000274658203,40.76700210571289
2011-05-31,68.0999984741211,40.60600280761719
2011-06-01,67.26000213623047,40.10513687133789
2011-06-02,66.93000030517578,39.90837097167969
2011-06-03,66.38999938964844,39.586387634277344
2011-06-06,65.5199966430664,39.067630767822266
2011-06-07,65.69999694824219,39.174957275390625
2011-06-08,64.13999938964844,38.244781494140625
2011-06-09,64.47000122070312,38.44154739379883
2011-06-10,63.540000915527344,37.88701629638672
2011-06-13,63.36000061035156,37.779685974121094
2011-06-14,63.900001525878906,38.1016731262207
2011-06-15,62.43000030517578,37.22515869140625
2011-06-16,62.43000030517578,37.22515869140625
2011-06-17,62.970001220703125,37.547142028808594
2011-06-20,62.130001068115234,37.04627990722656
2011-06-21,63.84000015258789,38.06589889526367
2011-06-22,63.47999954223633,37.85124206542969
2011-06-23,63.56999969482422,37.904903411865234
2011-06-24,62.66999816894531,37.368255615234375
2011-06-27,62.0099983215332,36.9747200012207
2011-06-28,62.43000030517578,37.22515869140625
2011-06-29,63.36000061035156,37.779685974121094
2011-06-30,64.55999755859375,38.49521255493164
2011-07-01,65.55000305175781,39.08552551269531
2011-07-05,65.0999984741211,38.817203521728516
2011-07-06,65.45999908447266,39.031856536865234
2011-07-07,66.62999725341797,39.7294921875
2011-07-08,65.91000366210938,39.3001823425293
2011-07-11,63.599998474121094,37.92279052734375
2011-07-12,63.869998931884766,38.08378219604492
2011-07-13,64.83000183105469,38.656211853027344
2011-07-14,64.3499984741211,38.3699951171875
2011-07-15,64.94999694824219,38.727752685546875
2011-07-18,64.2300033569336,38.2984504699707
2011-07-19,65.30999755859375,38.94240951538086
2011-07-20,65.8499984741211,39.264404296875
2011-07-21,67.05000305175781,39.979923248291016
2011-07-22,68.8499984741211,41.0532112121582
2011-07-25,68.79000091552734,41.01743698120117
2011-07-26,69.36000061035156,41.35730743408203
2011-07-27,67.5,40.24824523925781
2011-07-28,67.13999938964844,40.03359603881836
2011-07-29,66.87000274658203,39.872596740722656
2011-08-01,66.83999633789062,39.854713439941406
2011-08-02,65.69999694824219,39.174957275390625
2011-08-03,65.48999786376953,39.04974365234375
2011-08-04,60.029998779296875,35.79410934448242
2011-08-05,59.310001373291016,35.36479187011719
2011-08-08,54.27000045776367,32.35959243774414
2011-08-09,57.09000015258789,34.04107666015625
2011-08-10,55.31999969482422,32.98566818237305
2011-08-11,57.5099983215332,34.291507720947266
2011-08-12,57.2400016784668,34.130516052246094
2011-08-15,59.15999984741211,35.275352478027344
2011-08-16,57.45000076293945,34.25572967529297
2011-08-17,57.810001373291016,34.47038650512695
2011-08-18,55.22999954223633,32.9320068359375
2011-08-19,54.9900016784668,32.78890609741211
2011-08-22,54.599998474121094,32.556358337402344
2011-08-23,56.15999984741211,33.48653793334961
2011-08-24,56.4900016784668,33.683319091796875
2011-08-25,55.650001525878906,33.18244934082031
2011-08-26,57.869998931884766,34.506160736083984
2011-08-29,59.61000061035156,35.543670654296875
2011-08-30,59.52000045776367,35.49000930786133
2011-08-31,59.4900016784668,35.47212219238281
2011-09-01,58.560001373291016,34.9175910949707
2011-09-02,56.970001220703125,33.969520568847656
2011-09-06,55.91999816894531,33.34343338012695
2011-09-07,57.18000030517578,34.09473419189453
2011-09-08,56.369998931884766,33.611759185791016
2011-09-09,54.56999969482422,32.53846740722656
2011-09-12,53.790000915527344,32.073387145996094
2011-09-13,54.900001525878906,32.73524475097656
2011-09-14,54.779998779296875,32.66368865966797
2011-09-15,55.650001525878906,33.18244934082031
2011-09-16,55.97999954223633,33.37921142578125
2011-09-19,55.16999816894531,32.8962287902832
2011-09-20,54.41999816894531,32.449031829833984
2011-09-21,53.849998474121094,32.109153747558594
2011-09-22,51.45000076293945,30.67810821533203
2011-09-23,51.45000076293945,30.67810821533203
2011-09-26,51.33000183105469,30.60655975341797
2011-09-27,52.79999923706055,31.483074188232422
2011-09-28,51.689998626708984,30.821216583251953
2011-09-29,52.04999923706055,31.035869598388672
2011-09-30,51.119998931884766,30.48133659362793
2011-10-03,48.810001373291016,29.103954315185547
2011-10-04,49.08000183105469,29.26494598388672
2011-10-05,50.220001220703125,29.944690704345703
2011-10-06,51.45000076293945,30.67810821533203
2011-10-07,51.36000061035156,30.624446868896484
2011-10-10,53.400001525878906,31.840829849243164
2011-10-11,53.43000030517578,31.85872459411621
2011-10-12,54.630001068115234,32.57425308227539
2011-10-13,54.029998779296875,32.21648406982422
2011-10-14,55.619998931884766,33.16455841064453
2011-10-17,54.41999816894531,32.449031829833984
2011-10-18,55.529998779296875,33.11089324951172
2011-10-19,54.38999938964844,32.4311408996582
2011-10-20,54.36000061035156,32.41325378417969
2011-10-21,55.349998474121094,33.00356674194336
2011-10-24,56.66999816894531,33.79064178466797
2011-10-25,55.5,33.09300231933594
2011-10-26,56.43000030517578,33.64752960205078
2011-10-27,59.54999923706055,35.50790023803711
2011-10-28,59.130001068115234,35.25746536254883
2011-10-31,56.939998626708984,33.95163345336914
2011-11-01,54.779998779296875,32.66368865966797
2011-11-02,55.619998931884766,33.16455841064453
2011-11-03,56.43000030517578,33.64752960205078
2011-11-04,55.560001373291016,33.128780364990234
2011-11-07,55.79999923706055,33.27188491821289
2011-11-08,56.06999969482422,33.43288040161133
2011-11-09,53.939998626708984,32.16282272338867
2011-11-10,53.81999969482422,32.091270446777344
2011-11-11,55.02000045776367,32.80679702758789
2011-11-14,54.630001068115234,32.57425308227539
2011-11-15,54.720001220703125,32.62791442871094
2011-11-16,53.130001068115234,31.679841995239258
2011-11-17,52.5,31.3041934967041
2011-11-18,52.95000076293945,31.57251739501953
2011-11-21,51.47999954223633,30.695995330810547
2011-11-22,50.790000915527344,30.28456687927246
2011-11-23,49.31999969482422,29.408050537109375
2011-11-25,49.08000183105469,29.26494598388672
2011-11-28,50.4900016784668,30.105688095092773
2011-11-29,51.060001373291016,30.445560455322266
2011-11-30,52.97999954223633,31.590404510498047
2011-12-01,52.88999938964844,31.5367374420166
2011-12-02,52.68000030517578,31.411523818969727
2011-12-05,53.400001525878906,31.840829849243164
2011-12-06,53.06999969482422,31.644065856933594
2011-12-07,53.310001373291016,31.787174224853516
2011-12-08,51.45000076293945,30.67810821533203
2011-12-09,52.529998779296875,31.32207679748535
2011-12-12,51.36000061035156,30.624446868896484
2011-12-13,50.34000015258789,30.016250610351562
2011-12-14,49.709999084472656,29.64059829711914
2011-12-15,49.68000030517578,29.62270736694336
2011-12-16,49.470001220703125,29.497493743896484
2011-12-19,48.41999816894531,28.87140655517578
2011-12-20,49.86000061035156,29.730037689208984
2011-12-21,49.83000183105469,29.712156295776367
2011-12-22,49.650001525878906,29.604825973510742
2011-12-23,44.4900016784668,30.0341739654541
2011-12-27,44.15999984741211,29.811399459838867
2011-12-28,43.86000061035156,29.608867645263672
2011-12-29,44.310001373291016,29.912647247314453
2011-12-30,44.52000045776367,30.05442237854004
2012-01-03,45.599998474121094,30.783506393432617
2012-01-04,45.38999938964844,30.641738891601562
2012-01-05,45.209999084472656,30.52022361755371
2012-01-06,44.400001525878906,29.973417282104492
2012-01-09,44.72999954223633,30.196191787719727
2012-01-10,45.47999954223633,30.702497482299805
2012-01-11,45.93000030517578,31.00627899169922
2012-01-12,46.709999084472656,31.532838821411133
2012-01-13,46.7400016784668,31.55309295654297
2012-01-17,48.65999984741211,32.8492431640625
2012-01-18,49.619998931884766,33.497310638427734
2012-01-19,50.130001068115234,33.84160232543945
2012-01-20,50.25,33.92261505126953
2012-01-23,50.63999938964844,34.18589782714844
2012-01-24,49.88999938964844,33.67959213256836
2012-01-25,50.400001525878906,34.02387237548828
2012-01-26,50.25,33.92261505126953
2012-01-27,50.54999923706055,34.12512969970703
2012-01-30,50.400001525878906,34.02387237548828
2012-01-31,49.91999816894531,33.69983673095703
2012-02-01,50.459999084472656,34.06437683105469
2012-02-02,50.54999923706055,34.12512969970703
2012-02-03,51.060001373291016,34.46942138671875
2012-02-06,51.029998779296875,34.44917678833008
2012-02-07,51.209999084472656,34.570682525634766
2012-02-08,50.880001068115234,34.34791564941406
2012-02-09,51.09000015258789,34.489681243896484
2012-02-10,49.77000045776367,33.598575592041016
2012-02-13,50.310001373291016,33.96311569213867
2012-02-14,49.86000061035156,33.659332275390625
2012-02-15,49.88999938964844,33.67959213256836
2012-02-16,50.63999938964844,34.18589782714844
2012-02-17,51.41999816894531,34.71244430541992
2012-02-21,52.13999938964844,35.19850540161133
2012-02-22,52.68000030517578,35.563053131103516
2012-02-23,52.380001068115234,35.36052703857422
2012-02-24,52.11000061035156,35.178253173828125
2012-02-27,51.5099983215332,34.77320861816406
2012-02-28,51.869998931884766,35.0162353515625
2012-02-29,51.27000045776367,34.6111946105957
2012-03-01,51.45000076293945,34.732704162597656
2012-03-02,50.939998626708984,34.3884162902832
2012-03-05,50.459999084472656,34.06437683105469
2012-03-06,49.16999816894531,33.19352340698242
2012-03-07,49.560001373291016,33.45680618286133
2012-03-08,50.369998931884766,34.003623962402344
2012-03-09,50.310001373291016,33.96311569213867
2012-03-12,50.52000045776367,34.104881286621094
2012-03-13,51.779998779296875,34.955482482910156
2012-03-14,50.58000183105469,34.145389556884766
2012-03-15,50.72999954223633,34.24665451049805
2012-03-16,50.66999816894531,34.20614242553711
2012-03-19,51.41999816894531,34.71244430541992
2012-03-20,51.0,34.428916931152344
2012-03-21,50.58000183105469,34.145389556884766
2012-03-22,49.83000183105469,33.63908767700195
2012-03-23,50.189998626708984,33.882102966308594
2012-03-26,51.029998779296875,34.44917678833008
2012-03-27,50.66999816894531,34.20614242553711
2012-03-28,49.5,33.41630172729492
2012-03-29,49.40999984741211,33.35554885864258
2012-03-30,49.349998474121094,33.315040588378906
2012-04-02,49.20000076293945,33.21377944946289
2012-04-03,48.38999938964844,32.666969299316406
2012-04-04,47.220001220703125,31.87712860107422
2012-04-05,46.91999816894531,31.674606323242188
2012-04-09,46.40999984741211,31.330320358276367
2012-04-10,45.38999938964844,30.641738891601562
2012-04-11,45.869998931884766,30.965776443481445
2012-04-12,47.25,31.89737892150879
2012-04-13,46.380001068115234,31.31006622314453
2012-04-16,46.20000076293945,31.188556671142578
2012-04-17,47.72999954223633,32.22142028808594
2012-04-18,47.52000045776367,32.079654693603516
2012-04-19,47.130001068115234,31.816375732421875
2012-04-20,47.58000183105469,32.12015914916992
2012-04-23,46.709999084472656,31.532838821411133
2012-04-24,46.77000045776367,31.573339462280273
2012-04-25,47.63999938964844,32.16066360473633
2012-04-26,47.58000183105469,32.12015914916992
2012-04-27,47.54999923706055,32.09990692138672
2012-04-30,47.369998931884766,31.97838592529297
2012-05-01,47.15999984741211,31.83662223815918
2012-05-02,46.97999954223633,31.715112686157227
2012-05-03,46.7400016784668,31.55309295654297
2012-05-04,46.22999954223633,31.20880126953125
2012-05-07,45.540000915527344,30.743005752563477
2012-05-08,44.81999969482422,30.25694465637207
2012-05-09,43.7400016784668,29.52786636352539
2012-05-10,44.400001525878906,29.973417282104492
2012-05-11,43.7400016784668,29.52786636352539
2012-05-14,42.810001373291016,28.900041580200195
2012-05-15,41.66999816894531,28.13045310974121
2012-05-16,40.83000183105469,27.563390731811523
2012-05-17,40.349998474121094,27.239355087280273
2012-05-18,39.869998931884766,26.915313720703125
2012-05-21,40.560001373291016,27.381120681762695
2012-05-22,40.290000915527344,27.19884490966797
2012-05-23,40.40999984741211,27.279855728149414
2012-05-24,40.529998779296875,27.360862731933594
2012-05-25,40.83000183105469,27.563390731811523
2012-05-29,41.220001220703125,27.826669692993164
2012-05-30,40.560001373291016,27.381120681762695
2012-05-31,40.95000076293945,27.644399642944336
2012-06-01,39.869998931884766,26.915313720703125
2012-06-04,39.720001220703125,26.814058303833008
2012-06-05,40.2599983215332,27.178590774536133
2012-06-06,41.310001373291016,27.887426376342773
2012-06-07,41.310001373291016,27.887426376342773
2012-06-08,41.130001068115234,27.76590919494629
2012-06-11,39.5099983215332,26.672285079956055
2012-06-12,40.22999954223633,27.158340454101562
2012-06-13,39.779998779296875,26.85455322265625
2012-06-14,40.16999816894531,27.117835998535156
2012-06-15,40.7400016784668,27.502634048461914
2012-06-18,41.220001220703125,27.826669692993164
2012-06-19,41.72999954223633,28.170957565307617
2012-06-20,41.81999969482422,28.231712341308594
2012-06-21,40.77000045776367,27.52288818359375
2012-06-22,41.52000045776367,28.029190063476562
2012-06-25,40.470001220703125,27.32036018371582
2012-06-26,40.31999969482422,27.219100952148438
2012-06-27,40.97999954223633,27.66465187072754
2012-06-28,41.34000015258789,27.90768051147461
2012-06-29,42.75,28.859533309936523
2012-07-02,42.810001373291016,28.900041580200195
2012-07-03,43.31999969482422,29.244319915771484
2012-07-05,42.959999084472656,29.00129508972168
2012-07-06,42.540000915527344,28.7177734375
2012-07-09,42.56999969482422,28.738019943237305
2012-07-10,42.060001373291016,28.39373016357422
2012-07-11,42.029998779296875,28.373483657836914
2012-07-12,41.72999954223633,28.170957565307617
2012-07-13,42.2400016784668,28.515247344970703
2012-07-16,42.41999816894531,28.636760711669922
2012-07-17,42.599998474121094,28.75827407836914
2012-07-18,42.630001068115234,28.77853012084961
2012-07-19,42.9900016784668,29.02155303955078
2012-07-20,42.029998779296875,28.373483657836914
2012-07-23,41.130001068115234,27.76590919494629
2012-07-24,40.68000030517578,27.462125778198242
2012-07-25,40.650001525878906,27.441877365112305
2012-07-26,41.52000045776367,28.029190063476562
2012-07-27,42.33000183105469,28.576005935668945
2012-07-30,42.029998779296875,28.373483657836914
2012-07-31,42.41999816894531,28.636760711669922
2012-08-01,41.58000183105469,28.0696964263916
2012-08-02,41.25,27.846920013427734
2012-08-03,42.029998779296875,28.373483657836914
2012-08-06,42.18000030517578,28.47474479675293
2012-08-07,42.45000076293945,28.657012939453125
2012-08-08,42.65999984741211,28.798778533935547
2012-08-09,43.16999816894531,29.143068313598633
2012-08-10,43.560001373291016,29.40634536743164
2012-08-13,43.380001068115234,29.284839630126953
2012-08-14,43.650001525878906,29.467105865478516
2012-08-15,44.279998779296875,29.892404556274414
2012-08-16,45.119998931884766,30.4594669342041
2012-08-17,44.81999969482422,30.25694465637207
2012-08-20,44.849998474121094,30.277198791503906
2012-08-21,44.970001220703125,30.358203887939453
2012-08-22,45.119998931884766,30.4594669342041
2012-08-23,44.66999816894531,30.155681610107422
2012-08-24,44.459999084472656,30.013916015625
2012-08-27,44.15999984741211,29.811399459838867
2012-08-28,44.099998474121094,29.770883560180664
2012-08-29,43.709999084472656,29.507610321044922
2012-08-30,43.04999923706055,29.062063217163086
2012-08-31,43.22999954223633,29.183576583862305
2012-09-04,43.290000915527344,29.224079132080078
2012-09-05,42.540000915527344,28.7177734375
2012-09-06,43.11000061035156,29.10256004333496
2012-09-07,44.0099983215332,29.710132598876953
2012-09-10,43.650001525878906,29.467105865478516
2012-09-11,44.34000015258789,29.932903289794922
2012-09-12,44.25,29.872148513793945
2012-09-13,45.119998931884766,30.4594669342041
2012-09-14,45.65999984741211,30.824012756347656
2012-09-17,45.38999938964844,30.641738891601562
2012-09-18,45.36000061035156,30.62148666381836
2012-09-19,45.720001220703125,30.864513397216797
2012-09-20,45.41999816894531,30.6619873046875
2012-09-21,45.47999954223633,30.702497482299805
2012-09-24,45.209999084472656,30.52022361755371
2012-09-25,44.849998474121094,30.277198791503906
2012-09-26,44.43000030517578,29.993663787841797
2012-09-27,45.0,30.378459930419922
2012-09-28,44.25,29.872148513793945
2012-10-01,44.15999984741211,29.811399459838867
2012-10-02,44.34000015258789,29.932903289794922
2012-10-03,44.310001373291016,29.912647247314453
2012-10-04,44.70000076293945,30.175933837890625
2012-10-05,44.7599983215332,30.216432571411133
2012-10-08,44.369998931884766,29.953157424926758
2012-10-09,44.06999969482422,29.75063705444336
2012-10-10,43.619998931884766,29.446849822998047
2012-10-11,43.68000030517578,29.48736572265625
2012-10-12,43.7400016784668,29.52786636352539
2012-10-15,44.099998474121094,29.770883560180664
2012-10-16,44.849998474121094,30.277198791503906
2012-10-17,44.970001220703125,30.358203887939453
2012-10-18,44.61000061035156,30.11518669128418
2012-10-19,44.130001068115234,29.791147232055664
2012-10-22,44.43000030517578,29.993663787841797
2012-10-23,43.349998474121094,29.264577865600586
2012-10-24,43.13999938964844,29.122821807861328
2012-10-25,43.529998779296875,29.386096954345703
2012-10-26,43.560001373291016,29.40634536743164
2012-10-31,43.20000076293945,29.163320541381836
2012-11-01,42.810001373291016,28.900041580200195
2012-11-02,42.38999938964844,28.61650276184082
2012-11-05,42.27000045776367,28.535497665405273
2012-11-06,42.36000061035156,28.596256256103516
2012-11-07,41.52000045776367,28.029190063476562
2012-11-08,41.400001525878906,27.948179244995117
2012-11-09,41.34000015258789,27.90768051147461
2012-11-12,41.0099983215332,27.684906005859375
2012-11-13,40.5,27.340612411499023
2012-11-14,39.38999938964844,26.591278076171875
2012-11-15,39.18000030517578,26.44951057434082
2012-11-16,39.209999084472656,26.469762802124023
2012-11-19,40.2599983215332,27.178590774536133
2012-11-20,40.11000061035156,27.077333450317383
2012-11-21,40.04999923706055,27.036828994750977
2012-11-23,40.77000045776367,27.52288818359375
2012-11-26,40.95000076293945,27.644399642944336
2012-11-27,40.79999923706055,27.543134689331055
2012-11-28,41.189998626708984,27.80641746520996
2012-11-29,41.63999938964844,28.110198974609375
2012-11-30,41.220001220703125,27.826669692993164
2012-12-03,41.25,27.846920013427734
2012-12-04,41.189998626708984,27.80641746520996
2012-12-05,41.220001220703125,27.826669692993164
2012-12-06,40.88999938964844,27.60389518737793
2012-12-07,40.77000045776367,27.52288818359375
2012-12-10,40.650001525878906,27.441877365112305
2012-12-11,41.0099983215332,27.684906005859375
2012-12-12,41.189998626708984,27.80641746520996
2012-12-13,41.130001068115234,27.76590919494629
2012-12-14,41.61000061035156,28.08994483947754
2012-12-17,42.47999954223633,28.677265167236328
2012-12-18,43.68000030517578,29.48736572265625
2012-12-19,43.79999923706055,29.568368911743164
2012-12-20,43.68000030517578,29.48736572265625
2012-12-21,42.720001220703125,28.83928108215332
2012-12-24,40.77000045776367,28.801137924194336
2012-12-26,40.7400016784668,28.77994155883789
2012-12-27,41.040000915527344,28.99186897277832
2012-12-28,40.650001525878906,28.716367721557617
2012-12-31,41.279998779296875,29.16141128540039
2013-01-02,42.2400016784668,29.839588165283203
2013-01-03,42.209999084472656,29.818395614624023
2013-01-04,42.18000030517578,29.79720687866211
2013-01-07,42.119998931884766,29.754812240600586
2013-01-08,41.970001220703125,29.64885139465332
2013-01-09,42.2400016784668,29.839588165283203
2013-01-10,42.540000915527344,30.051517486572266
2013-01-11,42.599998474121094,30.09389877319336
2013-01-14,43.560001373291016,30.77207374572754
2013-01-15,43.95000076293945,31.047584533691406
2013-01-16,43.470001220703125,30.708499908447266
2013-01-17,44.15999984741211,31.19593620300293
2013-01-18,43.95000076293945,31.047584533691406
2013-01-22,43.95000076293945,31.047584533691406
2013-01-23,43.560001373291016,30.77207374572754
2013-01-24,43.619998931884766,30.814462661743164
2013-01-25,43.619998931884766,30.814462661743164
2013-01-28,42.959999084472656,30.34821319580078
2013-01-29,43.08000183105469,30.432987213134766
2013-01-30,43.31999969482422,30.6025333404541
2013-01-31,42.9900016784668,30.369407653808594
2013-02-01,43.2599983215332,30.560148239135742
2013-02-04,42.689998626708984,30.15748405456543
2013-02-05,42.5099983215332,30.030317306518555
2013-02-06,42.540000915527344,30.051517486572266
2013-02-07,42.33000183105469,29.903173446655273
2013-02-08,42.65999984741211,30.13629150390625
2013-02-11,42.959999084472656,30.34821319580078
2013-02-12,42.84000015258789,30.263446807861328
2013-02-13,42.630001068115234,30.115093231201172
2013-02-14,42.75,30.199865341186523
2013-02-15,42.65999984741211,30.13629150390625
2013-02-19,43.08000183105469,30.432987213134766
2013-02-20,42.45000076293945,29.987947463989258
2013-02-21,42.18000030517578,29.79720687866211
2013-02-22,42.630001068115234,30.115093231201172
2013-02-25,41.61000061035156,29.394540786743164
2013-02-26,41.790000915527344,29.521697998046875
2013-02-27,42.09000015258789,29.73362159729004
2013-02-28,41.849998474121094,29.56407928466797
2013-03-01,41.90999984741211,29.606468200683594
2013-03-04,41.81999969482422,29.542890548706055
2013-03-05,42.33000183105469,29.903173446655273
2013-03-06,42.29999923706055,29.881977081298828
2013-03-07,42.41999816894531,29.96674346923828
2013-03-08,42.5099983215332,30.030317306518555
2013-03-11,42.36000061035156,29.92435646057129
2013-03-12,42.18000030517578,29.79720687866211
2013-03-13,41.970001220703125,29.64885139465332
2013-03-14,42.119998931884766,29.754812240600586
2013-03-15,42.029998779296875,29.691242218017578
2013-03-18,41.970001220703125,29.64885139465332
2013-03-19,41.70000076293945,29.458120346069336
2013-03-20,41.939998626708984,29.62765884399414
2013-03-21,42.27000045776367,29.860776901245117
2013-03-22,42.38999938964844,29.94554901123047
2013-03-25,42.2400016784668,29.839588165283203
2013-03-26,42.45000076293945,29.987947463989258
2013-03-27,42.38999938964844,29.94554901123047
2013-03-28,42.45000076293945,29.987947463989258
2013-04-01,41.790000915527344,29.521697998046875
2013-04-02,41.72999954223633,29.479310989379883
2013-04-03,41.099998474121094,29.03426170349121
2013-04-04,41.7599983215332,29.50049591064453
2013-04-05,42.0,29.670042037963867
2013-04-08,41.90999984741211,29.606468200683594
2013-04-09,42.33000183105469,29.903173446655273
2013-04-10,42.540000915527344,30.051517486572266
2013-04-11,42.93000030517578,30.327028274536133
2013-04-12,42.29999923706055,29.881977081298828
2013-04-15,40.68000030517578,28.737560272216797
2013-04-16,40.88999938964844,28.88591194152832
2013-04-17,40.22999954223633,28.41966438293457
2013-04-18,39.810001373291016,28.122962951660156
2013-04-19,40.13999938964844,28.35608673095703
2013-04-22,40.59000015258789,28.673980712890625
2013-04-23,40.91999816894531,28.907094955444336
2013-04-24,41.25,29.140222549438477
2013-04-25,41.4900016784668,29.309768676757812
2013-04-26,41.369998931884766,29.224998474121094
2013-04-29,41.90999984741211,29.606468200683594
2013-04-30,42.119998931884766,29.754812240600586
2013-05-01,41.61000061035156,29.394540786743164
2013-05-02,41.58000183105469,29.37334632873535
2013-05-03,42.060001373291016,29.712430953979492
2013-05-06,42.119998931884766,29.754812240600586
2013-05-07,42.65999984741211,30.13629150390625
2013-05-08,43.470001220703125,30.708499908447266
2013-05-09,43.40999984741211,30.666107177734375
2013-05-10,43.11000061035156,30.454177856445312
2013-05-13,42.9900016784668,30.369407653808594
2013-05-14,43.13999938964844,30.475372314453125
2013-05-15,42.84000015258789,30.263446807861328
2013-05-16,42.56999969482422,30.07270622253418
2013-05-17,43.31999969482422,30.6025333404541
2013-05-20,44.25,31.259506225585938
2013-05-21,44.4900016784668,31.42906379699707
2013-05-22,44.25,31.259506225585938
2013-05-23,43.529998779296875,30.750885009765625
2013-05-24,43.709999084472656,30.878036499023438
2013-05-28,43.470001220703125,30.708499908447266
2013-05-29,43.470001220703125,30.708499908447266
2013-05-30,43.88999938964844,31.005203247070312
2013-05-31,43.5,30.72969627380371
2013-06-03,43.619998931884766,30.814462661743164
2013-06-04,43.59000015258789,30.79326629638672
2013-06-05,43.290000915527344,30.58133888244629
2013-06-06,43.08000183105469,30.432987213134766
2013-06-07,43.529998779296875,30.750885009765625
2013-06-10,43.529998779296875,30.750885009765625
2013-06-11,43.11000061035156,30.454177856445312
2013-06-12,42.93000030517578,30.327028274536133
2013-06-13,43.529998779296875,30.750885009765625
2013-06-14,43.2599983215332,30.560148239135742
2013-06-17,43.91999816894531,31.026391983032227
2013-06-18,44.25,31.259506225585938
2013-06-19,43.380001068115234,30.644922256469727
2013-06-20,42.09000015258789,29.73362159729004
2013-06-21,42.0,29.670042037963867
2013-06-24,41.43000030517578,29.267377853393555
2013-06-25,41.790000915527344,29.521697998046875
2013-06-26,41.25,29.140222549438477
2013-06-27,41.400001525878906,29.246185302734375
2013-06-28,41.58000183105469,29.37334632873535
2013-07-01,42.27000045776367,29.860776901245117
2013-07-02,42.31999969482422,29.89610481262207
2013-07-03,42.380001068115234,29.938488006591797
2013-07-05,42.599998474121094,30.09389877319336
2013-07-08,43.130001068115234,30.468311309814453
2013-07-09,44.040000915527344,31.111162185668945
2013-07-10,44.599998474121094,31.506765365600586
2013-07-11,45.70000076293945,32.283836364746094
2013-07-12,45.54999923706055,32.1778678894043
2013-07-15,45.5,32.14255142211914
2013-07-16,46.029998779296875,32.51696014404297
2013-07-17,46.2400016784668,32.665313720703125
2013-07-18,46.38999938964844,32.771263122558594
2013-07-19,46.279998779296875,32.69356155395508
2013-07-22,46.869998931884766,33.11035919189453
2013-07-23,46.720001220703125,33.004398345947266
2013-07-24,46.16999816894531,32.6158561706543
2013-07-25,45.97999954223633,32.481632232666016
2013-07-26,45.65999984741211,32.255577087402344
2013-07-29,44.88999938964844,31.711627960205078
2013-07-30,45.16999816894531,31.909427642822266
2013-07-31,44.95000076293945,31.754013061523438
2013-08-01,45.40999984741211,32.07897186279297
2013-08-02,45.38999938964844,32.06483840942383
2013-08-05,44.90999984741211,31.725757598876953
2013-08-06,44.63999938964844,31.535022735595703
2013-08-07,44.5,31.43611717224121
2013-08-08,44.970001220703125,31.768146514892578
2013-08-09,44.70000076293945,31.577407836914062
2013-08-12,44.65999984741211,31.549148559570312
2013-08-13,44.65999984741211,31.549148559570312
2013-08-14,44.75,31.612733840942383
2013-08-15,44.779998779296875,31.63391876220703
2013-08-16,44.65999984741211,31.549148559570312
2013-08-19,44.470001220703125,31.414926528930664
2013-08-20,44.16999816894531,31.202991485595703
2013-08-21,43.560001373291016,30.77207374572754
2013-08-22,44.13999938964844,31.181806564331055
2013-08-23,44.31999969482422,31.3089599609375
2013-08-26,44.279998779296875,31.28070640563965
2013-08-27,43.66999816894531,30.849782943725586
2013-08-28,43.849998474121094,30.976940155029297
2013-08-29,43.33000183105469,30.60959243774414
2013-08-30,43.43000030517578,30.68024444580078
2013-09-03,43.88999938964844,31.005203247070312
2013-09-04,44.15999984741211,31.19593620300293
2013-09-05,43.72999954223633,30.892166137695312
2013-09-06,44.02000045776367,31.097034454345703
2013-09-09,44.59000015258789,31.499698638916016
2013-09-10,45.310001373291016,32.00832748413086
2013-09-11,45.209999084472656,31.93768310546875
2013-09-12,44.869998931884766,31.6975040435791
2013-09-13,44.970001220703125,31.768146514892578
2013-09-16,44.93000030517578,31.739885330200195
2013-09-17,44.59000015258789,31.499698638916016
2013-09-18,45.599998474121094,32.213191986083984
2013-09-19,45.34000015258789,32.02952194213867
2013-09-20,45.33000183105469,32.022457122802734
2013-09-23,45.52000045776367,32.15666961669922
2013-09-24,45.220001220703125,31.944759368896484
2013-09-25,45.209999084472656,31.93768310546875
2013-09-26,45.45000076293945,32.10722732543945
2013-09-27,45.459999084472656,32.11429214477539
2013-09-30,45.150001525878906,31.89529800415039
2013-10-01,45.41999816894531,32.086029052734375
2013-10-02,45.7400016784668,32.312095642089844
2013-10-03,45.099998474121094,31.85997772216797
2013-10-04,45.119998931884766,31.874109268188477
2013-10-07,44.75,31.612733840942383
2013-10-08,44.970001220703125,31.768146514892578
2013-10-09,44.93000030517578,31.739885330200195
2013-10-10,45.189998626708984,31.923551559448242
2013-10-11,45.7400016784668,32.312095642089844
2013-10-14,46.209999084472656,32.64411544799805
2013-10-15,45.68000030517578,32.26970672607422
2013-10-16,45.5,32.14255142211914
2013-10-17,45.959999084472656,32.46751022338867
2013-10-18,46.52000045776367,32.86310958862305
2013-10-21,47.150001525878906,33.30815887451172
2013-10-22,47.4900016784668,33.5483512878418
2013-10-23,46.79999923706055,33.060909271240234
2013-10-24,47.400001525878906,33.48476791381836
2013-10-25,47.220001220703125,33.357608795166016
2013-10-28,47.34000015258789,33.442386627197266
2013-10-29,47.56999969482422,33.604862213134766
2013-10-30,47.310001373291016,33.42118835449219
2013-10-31,47.2599983215332,33.385868072509766
2013-11-01,47.150001525878906,33.30815887451172
2013-11-04,47.59000015258789,33.618988037109375
2013-11-05,47.099998474121094,33.2728385925293
2013-11-06,47.56999969482422,33.604862213134766
2013-11-07,46.58000183105469,32.90549850463867
2013-11-08,47.040000915527344,33.23044967651367
2013-11-11,46.70000076293945,32.990272521972656
2013-11-12,46.65999984741211,32.96200180053711
2013-11-13,46.880001068115234,33.11742401123047
2013-11-14,46.880001068115234,33.11742401123047
2013-11-15,47.540000915527344,33.58366775512695
2013-11-18,47.75,33.73201370239258
2013-11-19,47.20000076293945,33.34347915649414
2013-11-20,47.099998474121094,33.2728385925293
2013-11-21,47.45000076293945,33.520084381103516
2013-11-22,47.630001068115234,33.647247314453125
2013-11-25,47.63999938964844,33.6543083190918
2013-11-26,47.619998931884766,33.640174865722656
2013-11-27,47.59000015258789,33.618988037109375
2013-11-29,48.630001068115234,34.353675842285156
2013-12-02,48.11000061035156,33.986328125
2013-12-03,47.84000015258789,33.795597076416016
2013-12-04,47.709999084472656,33.70376205444336
2013-12-05,47.650001525878906,33.661373138427734
2013-12-06,48.11000061035156,33.986328125
2013-12-09,47.83000183105469,33.78852844238281
2013-12-10,47.75,33.73201370239258
2013-12-11,47.04999923706055,33.237518310546875
2013-12-12,46.959999084472656,33.1739387512207
2013-12-13,46.81999969482422,33.075042724609375
2013-12-16,47.189998626708984,33.3364143371582
2013-12-17,47.040000915527344,33.23044967651367
2013-12-18,47.540000915527344,33.58366775512695
2013-12-19,47.040000915527344,33.23044967651367
2013-12-20,47.400001525878906,33.48476791381836
2013-12-23,47.25,33.614952087402344
2013-12-24,47.209999084472656,33.58649444580078
2013-12-26,47.720001220703125,33.9493293762207
2013-12-27,47.939998626708984,34.10584259033203
2013-12-30,47.95000076293945,34.112953186035156
2013-12-31,48.09000015258789,34.21255111694336
2014-01-02,47.22999954223633,33.60072708129883
2014-01-03,47.40999984741211,33.72878646850586
2014-01-06,47.40999984741211,33.72878646850586
2014-01-07,47.560001373291016,33.83549880981445
2014-01-08,48.0,34.14852523803711
2014-01-09,47.7599983215332,33.977783203125
2014-01-10,48.0,34.14852523803711
2014-01-13,47.709999084472656,33.94221496582031
2014-01-14,48.060001373291016,34.19121551513672
2014-01-15,48.70000076293945,34.64653015136719
2014-01-16,48.95000076293945,34.824378967285156
2014-01-17,49.06999969482422,34.90975570678711
2014-01-21,49.869998931884766,35.47890090942383
2014-01-22,49.9900016784668,35.564266204833984
2014-01-23,49.41999816894531,35.15875244140625
2014-01-24,48.47999954223633,34.49001693725586
2014-01-27,48.439998626708984,34.4615592956543
2014-01-28,48.540000915527344,34.53269577026367
2014-01-29,48.209999084472656,34.29792404174805
2014-01-30,48.75,34.68209457397461
2014-01-31,48.290000915527344,34.35484313964844
2014-02-03,46.86000061035156,33.33750534057617
2014-02-04,46.88999938964844,33.35884094238281
2014-02-05,47.060001373291016,33.47978210449219
2014-02-06,47.7400016784668,33.96355438232422
2014-02-07,47.84000015258789,34.03470230102539
2014-02-10,48.040000915527344,34.17699432373047
2014-02-11,48.869998931884766,34.7674674987793
2014-02-12,48.5,34.504241943359375
2014-02-13,48.91999816894531,34.803043365478516
2014-02-14,49.369998931884766,35.1231803894043
2014-02-18,49.95000076293945,35.53580856323242
2014-02-19,49.310001373291016,35.080501556396484
2014-02-20,49.18000030517578,34.98801040649414
2014-02-21,49.400001525878906,35.144527435302734
2014-02-24,50.130001068115234,35.66386795043945
2014-02-25,50.91999816894531,36.225894927978516
2014-02-26,51.619998931884766,36.72389221191406
2014-02-27,50.880001068115234,36.19743728637695
2014-02-28,51.5,36.63852310180664
2014-03-03,50.880001068115234,36.19743728637695
2014-03-04,52.25,37.172096252441406
2014-03-05,52.41999816894531,37.29302978515625
2014-03-06,52.38999938964844,37.271690368652344
2014-03-07,52.2599983215332,37.179203033447266
2014-03-10,51.97999954223633,36.98000717163086
2014-03-11,51.04999923706055,36.31837463378906
2014-03-12,51.5,36.63852310180664
2014-03-13,51.04999923706055,36.31837463378906
2014-03-14,50.63999938964844,36.026695251464844
2014-03-17,50.68000030517578,36.05514907836914
2014-03-18,51.31999969482422,36.510467529296875
2014-03-19,50.150001525878906,35.67809295654297
2014-03-20,49.709999084472656,35.36506652832031
2014-03-21,48.88999938964844,34.781700134277344
2014-03-24,49.29999923706055,35.07337951660156
2014-03-25,49.529998779296875,35.23701095581055
2014-03-26,49.529998779296875,35.23701095581055
2014-03-27,49.709999084472656,35.36506652832031
2014-03-28,50.16999816894531,35.69232177734375
2014-03-31,50.45000076293945,35.89152526855469
2014-04-01,50.540000915527344,35.95555114746094
2014-04-02,50.27000045776367,35.763465881347656
2014-04-03,50.369998931884766,35.83460998535156
2014-04-04,50.41999816894531,35.870182037353516
2014-04-07,50.25,35.749237060546875
2014-04-08,50.220001220703125,35.72789764404297
2014-04-09,50.400001525878906,35.85594940185547
2014-04-10,49.88999938964844,35.493125915527344
2014-04-11,49.689998626708984,35.35083770751953
2014-04-14,49.97999954223633,35.55715560913086
2014-04-15,50.150001525878906,35.67809295654297
2014-04-16,50.79999923706055,36.14052200317383
2014-04-17,50.75,36.10495376586914
2014-04-21,50.720001220703125,36.083614349365234
2014-04-22,50.95000076293945,36.24724197387695
2014-04-23,50.900001525878906,36.211666107177734
2014-04-24,51.08000183105469,36.339725494384766
2014-04-25,50.90999984741211,36.21877670288086
2014-04-28,50.619998931884766,36.01246643066406
2014-04-29,50.88999938964844,36.204551696777344
2014-04-30,50.61000061035156,36.00535583496094
2014-05-01,51.13999938964844,36.382408142089844
2014-05-02,50.900001525878906,36.211666107177734
2014-05-05,50.849998474121094,36.17609786987305
2014-05-06,50.529998779296875,35.94844436645508
2014-05-07,51.040000915527344,36.3112678527832
2014-05-08,50.7400016784668,36.09784698486328
2014-05-09,50.77000045776367,36.11918258666992
2014-05-12,50.52000045776367,35.941322326660156
2014-05-13,50.45000076293945,35.89152526855469
2014-05-14,50.38999938964844,35.848838806152344
2014-05-15,50.150001525878906,35.67809295654297
2014-05-16,50.18000030517578,35.69944381713867
2014-05-19,49.7400016784668,35.386409759521484
2014-05-20,49.58000183105469,35.2725830078125
2014-05-21,49.77000045776367,35.407752990722656
2014-05-22,49.880001068115234,35.48601150512695
2014-05-23,49.880001068115234,35.48601150512695
2014-05-27,50.099998474121094,35.64252471923828
2014-05-28,50.5,35.92709732055664
2014-05-29,50.5,35.92709732055664
2014-05-30,50.75,36.10495376586914
2014-06-02,50.83000183105469,36.161865234375
2014-06-03,51.04999923706055,36.31837463378906
2014-06-04,51.08000183105469,36.339725494384766
2014-06-05,51.470001220703125,36.61717987060547
2014-06-06,51.5,36.63852310180664
2014-06-09,51.15999984741211,36.396636962890625
2014-06-10,51.0,36.28281021118164
2014-06-11,50.54999923706055,35.962669372558594
2014-06-12,50.619998931884766,36.01246643066406
2014-06-13,51.02000045776367,36.29703903198242
2014-06-16,50.970001220703125,36.261470794677734
2014-06-17,50.7599983215332,36.112064361572266
2014-06-18,51.540000915527344,36.6669807434082
2014-06-19,52.0,36.99423599243164
2014-06-20,51.84000015258789,36.88040542602539
2014-06-23,51.7599983215332,36.823490142822266
2014-06-24,51.83000183105469,36.87329864501953
2014-06-25,51.75,36.81637954711914
2014-06-26,51.689998626708984,36.77369689941406
2014-06-27,51.959999084472656,36.96577835083008
2014-06-30,52.529998779296875,37.37128829956055
2014-07-01,52.41999816894531,37.29302978515625
2014-07-02,51.59000015258789,36.70255661010742
2014-07-03,51.720001220703125,36.795040130615234
2014-07-07,51.7400016784668,36.80926513671875
2014-07-08,51.40999984741211,36.574493408203125
2014-07-09,51.47999954223633,36.624298095703125
2014-07-10,51.400001525878906,36.56739044189453
2014-07-11,51.439998626708984,36.5958366394043
2014-07-14,51.119998931884766,36.36817932128906
2014-07-15,51.41999816894531,36.58160400390625
2014-07-16,51.790000915527344,36.8448371887207
2014-07-17,51.33000183105469,36.517581939697266
2014-07-18,51.459999084472656,36.61006164550781
2014-07-21,51.5,36.63852310180664
2014-07-22,51.77000045776367,36.83060836791992
2014-07-23,51.459999084472656,36.61006164550781
2014-07-24,51.75,36.81637954711914
2014-07-25,51.650001525878906,36.745235443115234
2014-07-28,52.13999938964844,37.093841552734375
2014-07-29,51.84000015258789,36.88040542602539
2014-07-30,51.08000183105469,36.339725494384766
2014-07-31,50.16999816894531,35.69232177734375
2014-08-01,50.04999923706055,35.60696029663086
2014-08-04,50.130001068115234,35.66386795043945
2014-08-05,49.560001373291016,35.25835418701172
2014-08-06,49.09000015258789,34.923980712890625
2014-08-07,49.20000076293945,35.002235412597656
2014-08-08,49.93000030517578,35.521583557128906
2014-08-11,50.060001373291016,35.614070892333984
2014-08-12,49.900001525878906,35.500240325927734
2014-08-13,50.13999938964844,35.67097473144531
2014-08-14,50.59000015258789,35.99112319946289
2014-08-15,50.56999969482422,35.97689437866211
2014-08-18,50.869998931884766,36.19032669067383
2014-08-19,51.16999816894531,36.40374755859375
2014-08-20,51.209999084472656,36.43220520019531
2014-08-21,51.43000030517578,36.588722229003906
2014-08-22,50.9900016784668,36.275699615478516
2014-08-25,51.189998626708984,36.4179801940918
2014-08-26,50.810001373291016,36.147640228271484
2014-08-27,50.959999084472656,36.25436019897461
2014-08-28,51.220001220703125,36.43932342529297
2014-08-29,51.400001525878906,36.56739044189453
2014-09-02,51.290000915527344,36.4891242980957
2014-09-03,51.5099983215332,36.64564514160156
2014-09-04,51.650001525878906,36.745235443115234
2014-09-05,51.720001220703125,36.795040130615234
2014-09-08,51.5,36.63852310180664
2014-09-09,50.81999969482422,36.15475845336914
2014-09-10,51.0,36.28281021118164
2014-09-11,51.18000030517578,36.410865783691406
2014-09-12,50.599998474121094,35.99823760986328
2014-09-15,50.689998626708984,36.06226348876953
2014-09-16,51.130001068115234,36.37529373168945
2014-09-17,50.7400016784668,36.09784698486328
2014-09-18,50.95000076293945,36.24724197387695
2014-09-19,51.29999923706055,36.496246337890625
2014-09-22,50.93000030517578,36.233001708984375
2014-09-23,50.720001220703125,36.083614349365234
2014-09-24,50.939998626708984,36.2401237487793
2014-09-25,50.68000030517578,36.05514907836914
2014-09-26,50.689998626708984,36.06226348876953
2014-09-29,51.0,36.28281021118164
2014-09-30,50.81999969482422,36.15475845336914
2014-10-01,50.43000030517578,35.87730026245117
2014-10-02,50.099998474121094,35.64252471923828
2014-10-03,50.2599983215332,35.756351470947266
2014-10-06,50.2400016784668,35.742130279541016
2014-10-07,50.220001220703125,35.72789764404297
2014-10-08,50.810001373291016,36.147640228271484
2014-10-09,49.79999923706055,35.42909622192383
2014-10-10,49.599998474121094,35.28681182861328
2014-10-13,49.63999938964844,35.31527328491211
2014-10-14,49.70000076293945,35.357948303222656
2014-10-15,48.65999984741211,34.618072509765625
2014-10-16,49.5099983215332,35.2227783203125
2014-10-17,49.439998626708984,35.172977447509766
2014-10-20,50.25,35.749237060546875
2014-10-21,50.439998626708984,35.8844108581543
2014-10-22,50.75,36.10495376586914
2014-10-23,51.06999969482422,36.33260726928711
2014-10-24,51.380001068115234,36.55315399169922
2014-10-27,51.5099983215332,36.64564514160156
2014-10-28,51.630001068115234,36.73101043701172
2014-10-29,51.15999984741211,36.396636962890625
2014-10-30,52.06999969482422,37.04403305053711
2014-10-31,52.849998474121094,37.59894943237305
2014-11-03,53.369998931884766,37.968894958496094
2014-11-04,52.66999816894531,37.47089385986328
2014-11-05,53.54999923706055,38.096954345703125
2014-11-06,52.83000183105469,37.5847282409668
2014-11-07,52.880001068115234,37.620296478271484
2014-11-10,53.290000915527344,37.9119758605957
2014-11-11,53.40999984741211,37.99735641479492
2014-11-12,52.63999938964844,37.449554443359375
2014-11-13,52.13999938964844,37.093841552734375
2014-11-14,52.11000061035156,37.07249450683594
2014-11-17,52.310001373291016,37.214786529541016
2014-11-18,52.56999969482422,37.399757385253906
2014-11-19,52.43000030517578,37.30015563964844
2014-11-20,52.5,37.349952697753906
2014-11-21,52.5,37.349952697753906
2014-11-24,52.27000045776367,37.18632507324219
2014-11-25,52.29999923706055,37.207664489746094
2014-11-26,52.5,37.349952697753906
2014-11-28,52.849998474121094,37.59894943237305
2014-12-01,53.02000045776367,37.71989059448242
2014-12-02,52.65999984741211,37.46377182006836
2014-12-03,52.619998931884766,37.435325622558594
2014-12-04,52.630001068115234,37.44243240356445
2014-12-05,52.209999084472656,37.143638610839844
2014-12-08,52.16999816894531,37.11518478393555
2014-12-09,52.25,37.172096252441406
2014-12-10,52.11000061035156,37.07249450683594
2014-12-11,52.29999923706055,37.207664489746094
2014-12-12,52.2599983215332,37.179203033447266
2014-12-15,50.9900016784668,36.275699615478516
2014-12-16,51.11000061035156,36.36107635498047
2014-12-17,51.7599983215332,36.823490142822266
2014-12-18,52.70000076293945,37.49224090576172
2014-12-19,53.11000061035156,37.7839241027832
2014-12-22,51.619998931884766,37.62574768066406
2014-12-23,51.79999923706055,37.756954193115234
2014-12-24,52.38999938964844,38.1870002746582
2014-12-26,52.63999938964844,38.369224548339844
2014-12-29,52.970001220703125,38.60976028442383
2014-12-30,52.25,38.084957122802734
2014-12-31,51.43000030517578,37.48726272583008
2015-01-02,51.209999084472656,37.326904296875
2015-01-05,51.0,37.173828125
2015-01-06,50.689998626708984,36.9478759765625
2015-01-07,51.0,37.173828125
2015-01-08,51.279998779296875,37.377925872802734
2015-01-09,51.290000915527344,37.38521957397461
2015-01-12,50.59000015258789,36.87498474121094
2015-01-13,50.7599983215332,36.9988899230957
2015-01-14,50.81999969482422,37.04263687133789
2015-01-15,51.040000915527344,37.20299530029297
2015-01-16,51.33000183105469,37.414371490478516
2015-01-20,51.65999984741211,37.6549072265625
2015-01-21,52.29999923706055,38.121402740478516
2015-01-22,51.90999984741211,37.837127685546875
2015-01-23,52.349998474121094,38.15784454345703
2015-01-26,52.439998626708984,38.223445892333984
2015-01-27,52.599998474121094,38.34006881713867
2015-01-28,51.900001525878906,37.82984924316406
2015-01-29,52.70000076293945,38.412967681884766
2015-01-30,51.689998626708984,37.67677688598633
2015-02-02,51.939998626708984,37.8589973449707
2015-02-03,52.36000061035156,38.165130615234375
2015-02-04,51.630001068115234,37.63304138183594
2015-02-05,51.650001525878906,37.647621154785156
2015-02-06,50.040000915527344,36.474090576171875
2015-02-09,49.65999984741211,36.197105407714844
2015-02-10,50.5,36.809391021728516
2015-02-11,49.97999954223633,36.43035888671875
2015-02-12,50.040000915527344,36.474090576171875
2015-02-13,49.36000061035156,35.97844314575195
2015-02-17,49.61000061035156,36.16067123413086
2015-02-18,50.599998474121094,36.88227462768555
2015-02-19,49.9900016784668,36.437644958496094
2015-02-20,50.02000045776367,36.459510803222656
2015-02-23,50.279998779296875,36.64902877807617
2015-02-24,50.58000183105469,36.86769485473633
2015-02-25,50.400001525878906,36.73649215698242
2015-02-26,49.90999984741211,36.37933349609375
2015-02-27,49.83000183105469,36.32102966308594
2015-03-02,49.22999954223633,35.88368225097656
2015-03-03,49.310001373291016,35.94200134277344
2015-03-04,48.869998931884766,35.62127685546875
2015-03-05,49.11000061035156,35.79621887207031
2015-03-06,48.13999938964844,35.08917999267578
2015-03-09,48.06999969482422,35.03815841674805
2015-03-10,47.650001525878906,34.732025146484375
2015-03-11,47.5,34.62268829345703
2015-03-12,48.29999923706055,35.205810546875
2015-03-13,47.70000076293945,34.76845932006836
2015-03-16,48.369998931884766,35.256832122802734
2015-03-17,48.56999969482422,35.40261459350586
2015-03-18,49.470001220703125,36.05862045288086
2015-03-19,49.38999938964844,36.000308990478516
2015-03-20,49.81999969482422,36.3137321472168
2015-03-23,49.75,36.26271057128906
2015-03-24,49.5,36.08048629760742
2015-03-25,49.08000183105469,35.774349212646484
2015-03-26,48.72999954223633,35.51923751831055
2015-03-27,48.79999923706055,35.570255279541016
2015-03-30,49.40999984741211,36.01488494873047
2015-03-31,49.18000030517578,35.84724044799805
2015-04-01,49.20000076293945,35.861820220947266
2015-04-02,49.45000076293945,36.04404067993164
2015-04-06,50.29999923706055,36.663604736328125
2015-04-07,49.689998626708984,36.21897506713867
2015-04-08,49.36000061035156,35.97844314575195
2015-04-09,49.029998779296875,35.73789596557617
2015-04-10,49.290000915527344,35.92741775512695
2015-04-13,48.97999954223633,35.70146179199219
2015-04-14,49.369998931884766,35.98572540283203
2015-04-15,49.970001220703125,36.423072814941406
2015-04-16,49.58000183105469,36.1387939453125
2015-04-17,49.130001068115234,35.810791015625
2015-04-20,49.79999923706055,36.299156188964844
2015-04-21,49.5,36.08048629760742
2015-04-22,49.849998474121094,36.335601806640625
2015-04-23,50.09000015258789,36.51053237915039
2015-04-24,50.47999954223633,36.79480743408203
2015-04-27,50.45000076293945,36.77294158935547
2015-04-28,50.400001525878906,36.73649215698242
2015-04-29,50.04999923706055,36.48138427734375
2015-04-30,49.95000076293945,36.40848922729492
2015-05-01,50.06999969482422,36.495948791503906
2015-05-04,50.5099983215332,36.81666946411133
2015-05-05,49.31999969482422,35.949283599853516
2015-05-06,49.47999954223633,36.06591033935547
2015-05-07,49.33000183105469,35.956573486328125
2015-05-08,50.2599983215332,36.63444900512695
2015-05-11,50.029998779296875,36.466800689697266
2015-05-12,49.439998626708984,36.0367546081543
2015-05-13,49.9900016784668,36.437644958496094
2015-05-14,50.0,36.44493865966797
2015-05-15,50.63999938964844,36.911434173583984
2015-05-18,50.599998474121094,36.88227462768555
2015-05-19,50.880001068115234,37.086368560791016
2015-05-20,51.150001525878906,37.283172607421875
2015-05-21,51.0,37.173828125
2015-05-22,51.0,37.173828125
2015-05-26,50.119998931884766,36.53239822387695
2015-05-27,50.58000183105469,36.86769485473633
2015-05-28,50.58000183105469,36.86769485473633
2015-05-29,50.38999938964844,36.72920227050781
2015-06-01,50.79999923706055,37.02805709838867
2015-06-02,50.79999923706055,37.02805709838867
2015-06-03,50.4900016784668,36.80209732055664
2015-06-04,49.939998626708984,36.40120315551758
2015-06-05,49.2599983215332,35.90555191040039
2015-06-08,48.900001525878906,35.643150329589844
2015-06-09,48.900001525878906,35.643150329589844
2015-06-10,49.099998474121094,35.78892517089844
2015-06-11,49.25,35.89826583862305
2015-06-12,49.25,35.89826583862305
2015-06-15,48.65999984741211,35.46820831298828
2015-06-16,48.81999969482422,35.58483123779297
2015-06-17,48.849998474121094,35.60670471191406
2015-06-18,48.849998474121094,35.60670471191406
2015-06-19,49.349998474121094,35.97114562988281
2015-06-22,49.25,35.89826583862305
2015-06-23,48.970001220703125,35.69417190551758
2015-06-24,48.70000076293945,35.49736785888672
2015-06-25,48.33000183105469,35.22767639160156
2015-06-26,48.400001525878906,35.27870178222656
2015-06-29,48.5,35.35158157348633
2015-06-30,47.93000030517578,34.93611526489258
2015-07-01,47.95000076293945,34.9506950378418
2015-07-02,48.40999984741211,35.285987854003906
2015-07-06,48.15999984741211,35.103759765625
2015-07-07,49.47999954223633,36.06591033935547
2015-07-08,48.5,35.35158157348633
2015-07-09,48.40999984741211,35.285987854003906
2015-07-10,48.70000076293945,35.49736785888672
2015-07-13,49.130001068115234,35.810791015625
2015-07-14,49.5,36.08048629760742
2015-07-15,49.459999084472656,36.05133056640625
2015-07-16,49.869998931884766,36.35017776489258
2015-07-17,49.959999084472656,36.41577911376953
2015-07-20,49.060001373291016,35.759769439697266
2015-07-21,48.7599983215332,35.54109573364258
2015-07-22,48.720001220703125,35.51194381713867
2015-07-23,48.2400016784668,35.162078857421875
2015-07-24,48.220001220703125,35.147491455078125
2015-07-27,48.36000061035156,35.249542236328125
2015-07-28,48.689998626708984,35.490081787109375
2015-07-29,49.13999938964844,35.81808090209961
2015-07-30,49.34000015258789,35.963863372802734
2015-07-31,49.810001373291016,36.30644607543945
2015-08-03,50.130001068115234,36.539695739746094
2015-08-04,49.959999084472656,36.41577911376953
2015-08-05,49.470001220703125,36.05862045288086
2015-08-06,49.33000183105469,35.956573486328125
2015-08-07,49.970001220703125,36.423072814941406
2015-08-10,50.20000076293945,36.59071731567383
2015-08-11,49.97999954223633,36.43035888671875
2015-08-12,50.209999084472656,36.597999572753906
2015-08-13,50.7400016784668,36.98432922363281
2015-08-14,50.65999984741211,36.9260139465332
2015-08-17,50.869998931884766,37.07907485961914
2015-08-18,50.83000183105469,37.049922943115234
2015-08-19,50.72999954223633,36.977027893066406
2015-08-20,50.06999969482422,36.495948791503906
2015-08-21,48.88999938964844,35.63585662841797
2015-08-24,47.25,34.44046401977539
2015-08-25,47.0,34.25823974609375
2015-08-26,47.349998474121094,34.51335144042969
2015-08-27,47.959999084472656,34.957977294921875
2015-08-28,47.880001068115234,34.89967727661133
2015-08-31,47.459999084472656,34.593528747558594
2015-09-01,45.79999923706055,33.38356018066406
2015-09-02,45.70000076293945,33.310672760009766
2015-09-03,46.11000061035156,33.609519958496094
2015-09-04,45.34000015258789,33.048274993896484
2015-09-08,46.13999938964844,33.631385803222656
2015-09-09,46.439998626708984,33.85005569458008
2015-09-10,45.97999954223633,33.51476287841797
2015-09-11,45.86000061035156,33.42729568481445
2015-09-14,45.869998931884766,33.43458557128906
2015-09-15,46.16999816894531,33.65325164794922
2015-09-16,46.45000076293945,33.85734939575195
2015-09-17,46.689998626708984,34.032283782958984
2015-09-18,46.689998626708984,34.032283782958984
2015-09-21,46.16999816894531,33.65325164794922
2015-09-22,45.68000030517578,33.29609680175781
2015-09-23,45.540000915527344,33.19404602050781
2015-09-24,45.630001068115234,33.259647369384766
2015-09-25,46.66999816894531,34.017696380615234
2015-09-28,45.7400016784668,33.33982467651367
2015-09-29,45.68000030517578,33.29609680175781
2015-09-30,46.52000045776367,33.90837860107422
2015-10-01,45.849998474121094,33.42000198364258
2015-10-02,46.779998779296875,34.09788513183594
2015-10-05,47.5,34.62268829345703
2015-10-06,47.36000061035156,34.52064514160156
2015-10-07,47.83000183105469,34.86322784423828
2015-10-08,47.79999923706055,34.84135818481445
2015-10-09,48.310001373291016,35.21310043334961
2015-10-12,48.709999084472656,35.5046501159668
2015-10-13,48.400001525878906,35.27870178222656
2015-10-14,48.349998474121094,35.242244720458984
2015-10-15,48.9900016784668,35.7087516784668
2015-10-16,49.20000076293945,35.861820220947266
2015-10-19,48.939998626708984,35.67230224609375
2015-10-20,49.2599983215332,35.90555191040039
2015-10-21,49.16999816894531,35.83995056152344
2015-10-22,49.4900016784668,36.07320022583008
2015-10-23,49.099998474121094,35.78892517089844
2015-10-26,48.61000061035156,35.431766510009766
2015-10-27,48.529998779296875,35.373451232910156
2015-10-28,48.529998779296875,35.373451232910156
2015-10-29,48.150001525878906,35.096473693847656
2015-10-30,48.25,35.16936492919922
2015-11-02,48.04999923706055,35.02358627319336
2015-11-03,48.22999954223633,35.154781341552734
2015-11-04,48.2400016784668,35.162078857421875
2015-11-05,47.84000015258789,34.870513916015625
2015-11-06,46.439998626708984,33.85005569458008
2015-11-09,46.459999084472656,33.8646354675293
2015-11-10,46.599998474121094,33.966678619384766
2015-11-11,46.83000183105469,34.13432312011719
2015-11-12,46.529998779296875,33.9156608581543
2015-11-13,46.529998779296875,33.9156608581543
2015-11-16,46.68000030517578,34.02499008178711
2015-11-17,46.540000915527344,33.922943115234375
2015-11-18,46.56999969482422,33.9448127746582
2015-11-19,46.869998931884766,34.163482666015625
2015-11-20,46.880001068115234,34.1707763671875
2015-11-23,46.529998779296875,33.9156608581543
2015-11-24,46.4900016784668,33.88650131225586
2015-11-25,46.45000076293945,33.85734939575195
2015-11-27,46.439998626708984,33.85005569458008
2015-11-30,46.209999084472656,33.682411193847656
2015-12-01,46.810001373291016,34.1197509765625
2015-12-02,46.029998779296875,33.55120849609375
2015-12-03,45.54999923706055,33.201332092285156
2015-12-04,46.029998779296875,33.55120849609375
2015-12-07,45.869998931884766,33.43458557128906
2015-12-08,45.52000045776367,33.17947006225586
2015-12-09,45.959999084472656,33.50018310546875
2015-12-10,45.630001068115234,33.259647369384766
2015-12-11,45.060001373291016,32.84417724609375
2015-12-14,44.93000030517578,32.74941635131836
2015-12-15,45.61000061035156,33.24507141113281
2015-12-16,46.349998474121094,33.78445816040039
2015-12-17,46.540000915527344,33.922943115234375
2015-12-18,45.869998931884766,33.43458557128906
2015-12-21,44.36000061035156,33.416507720947266
2015-12-22,44.939998626708984,33.85342025756836
2015-12-23,45.380001068115234,34.184879302978516
2015-12-24,45.720001220703125,34.44099807739258
2015-12-28,45.279998779296875,34.10953903198242
2015-12-29,45.5099983215332,34.28280258178711
2015-12-30,45.54999923706055,34.312931060791016
2015-12-31,45.06999969482422,33.95134353637695
2016-01-04,44.59000015258789,33.58976745605469
2016-01-05,45.119998931884766,33.989009857177734
2016-01-06,44.849998474121094,33.785621643066406
2016-01-07,44.439998626708984,33.47676467895508
2016-01-08,44.209999084472656,33.303504943847656
2016-01-11,44.58000183105469,33.58222961425781
2016-01-12,44.29999923706055,33.37130355834961
2016-01-13,44.060001373291016,33.19050979614258
2016-01-14,44.77000045776367,33.72535705566406
2016-01-15,43.880001068115234,33.0549201965332
2016-01-19,44.189998626708984,33.28844451904297
2016-01-20,43.2599983215332,32.58787155151367
2016-01-21,42.849998474121094,32.27901840209961
2016-01-22,43.79999923706055,32.99465560913086
2016-01-25,43.5,32.76866912841797
2016-01-26,43.70000076293945,32.9193229675293
2016-01-27,44.0,33.145320892333984
2016-01-28,44.29999923706055,33.37130355834961
2016-01-29,45.45000076293945,34.237606048583984
2016-02-01,45.619998931884766,34.36566162109375
2016-02-02,45.41999816894531,34.21500778198242
2016-02-03,46.0,34.65191650390625
2016-02-04,45.97999954223633,34.6368522644043
2016-02-05,45.54999923706055,34.312931060791016
2016-02-08,45.4900016784668,34.267738342285156
2016-02-09,45.41999816894531,34.21500778198242
2016-02-10,45.5099983215332,34.28280258178711
2016-02-11,44.70000076293945,33.67262649536133
2016-02-12,44.70000076293945,33.67262649536133
2016-02-16,44.970001220703125,33.87602233886719
2016-02-17,45.09000015258789,33.96641540527344
2016-02-18,45.880001068115234,34.56153106689453
2016-02-19,45.5,34.2752685546875
2016-02-22,45.84000015258789,34.53139114379883
2016-02-23,46.04999923706055,34.6895866394043
2016-02-24,45.709999084472656,34.4334602355957
2016-02-25,45.709999084472656,34.4334602355957
2016-02-26,45.900001525878906,34.57659149169922
2016-02-29,45.7400016784668,34.456058502197266
2016-03-01,45.79999923706055,34.501258850097656
2016-03-02,45.34000015258789,34.15474319458008
2016-03-03,46.5,35.0285758972168
2016-03-04,47.4900016784668,35.77434158325195
2016-03-07,47.04999923706055,35.44289016723633
2016-03-08,47.150001525878906,35.51822280883789
2016-03-09,47.349998474121094,35.66887664794922
2016-03-10,46.75,35.216896057128906
2016-03-11,47.09000015258789,35.473018646240234
2016-03-14,47.150001525878906,35.51822280883789
2016-03-15,47.150001525878906,35.51822280883789
2016-03-16,47.65999984741211,35.90240478515625
2016-03-17,47.93000030517578,36.10579299926758
2016-03-18,48.2400016784668,36.33932113647461
2016-03-21,48.0099983215332,36.16606140136719
2016-03-22,47.83000183105469,36.03047180175781
2016-03-23,47.63999938964844,35.8873405456543
2016-03-24,47.720001220703125,35.947593688964844
2016-03-28,47.720001220703125,35.947593688964844
2016-03-29,48.2599983215332,36.3543815612793
2016-03-30,48.68000030517578,36.670772552490234
2016-03-31,48.7599983215332,36.73102951049805
2016-04-01,48.189998626708984,36.30165100097656
2016-04-04,48.220001220703125,36.32425308227539
2016-04-05,47.220001220703125,35.57094955444336
2016-04-06,47.43000030517578,35.72914505004883
2016-04-07,47.43000030517578,35.72914505004883
2016-04-08,47.66999816894531,35.909934997558594
2016-04-11,47.970001220703125,36.13593292236328
2016-04-12,48.25,36.34685134887695
2016-04-13,48.25,36.34685134887695
2016-04-14,48.13999938964844,36.26398468017578
2016-04-15,48.38999938964844,36.45231628417969
2016-04-18,48.40999984741211,36.46738052368164
2016-04-19,48.5,36.535179138183594
2016-04-20,48.38999938964844,36.45231628417969
2016-04-21,47.27000045776367,35.608612060546875
2016-04-22,47.599998474121094,35.85720443725586
2016-04-25,47.189998626708984,35.5483512878418
2016-04-26,47.47999954223633,35.766807556152344
2016-04-27,48.47999954223633,36.52011489868164
2016-04-28,47.599998474121094,35.85720443725586
2016-04-29,47.75,35.9702033996582
2016-05-02,48.15999984741211,36.279056549072266
2016-05-03,47.90999984741211,36.090728759765625
2016-05-04,48.11000061035156,36.241390228271484
2016-05-05,48.040000915527344,36.188663482666016
2016-05-06,47.56999969482422,35.8346061706543
2016-05-09,47.77000045776367,35.98526382446289
2016-05-10,48.22999954223633,36.331783294677734
2016-05-11,48.2599983215332,36.3543815612793
2016-05-12,48.5,36.535179138183594
2016-05-13,48.29999923706055,36.384517669677734
2016-05-16,48.09000015258789,36.22632598876953
2016-05-17,47.529998779296875,35.80447006225586
2016-05-18,47.310001373291016,35.63874816894531
2016-05-19,46.63999938964844,35.134029388427734
2016-05-20,47.150001525878906,35.51822280883789
2016-05-23,47.150001525878906,35.51822280883789
2016-05-24,47.29999923706055,35.63121032714844
2016-05-25,47.25,35.59354782104492
2016-05-26,47.7599983215332,35.97773361206055
2016-05-27,47.65999984741211,35.90240478515625
2016-05-31,47.65999984741211,35.90240478515625
2016-06-01,47.93000030517578,36.10579299926758
2016-06-02,47.7400016784668,35.962669372558594
2016-06-03,48.529998779296875,36.557777404785156
2016-06-06,48.72999954223633,36.70844268798828
2016-06-07,49.11000061035156,36.994693756103516
2016-06-08,49.11000061035156,36.994693756103516
2016-06-09,49.04999923706055,36.94948959350586
2016-06-10,49.279998779296875,37.12275695800781
2016-06-13,48.93000030517578,36.859100341796875
2016-06-14,48.45000076293945,36.49750900268555
2016-06-15,48.45000076293945,36.49750900268555
2016-06-16,48.43000030517578,36.482444763183594
2016-06-17,48.380001068115234,36.44478225708008
2016-06-20,48.380001068115234,36.44478225708008
2016-06-21,48.380001068115234,36.44478225708008
2016-06-22,48.84000015258789,36.79130172729492
2016-06-23,48.959999084472656,36.881690979003906
2016-06-24,47.869998931884766,36.06060028076172
2016-06-27,47.900001525878906,36.083194732666016
2016-06-28,48.38999938964844,36.45231628417969
2016-06-29,49.06999969482422,36.96455764770508
2016-06-30,50.029998779296875,37.68772888183594
2016-07-01,50.369998931884766,37.943851470947266
2016-07-05,50.150001525878906,37.77812576293945
2016-07-06,49.97999954223633,37.650062561035156
2016-07-07,50.060001373291016,37.710330963134766
2016-07-08,50.470001220703125,38.01918411254883
2016-07-11,50.5,38.04178237915039
2016-07-12,50.13999938964844,37.770591735839844
2016-07-13,50.290000915527344,37.88359069824219
2016-07-14,50.220001220703125,37.83085632324219
2016-07-15,50.349998474121094,37.92878723144531
2016-07-18,50.470001220703125,38.01918411254883
2016-07-19,50.119998931884766,37.75552749633789
2016-07-20,50.040000915527344,37.69526672363281
2016-07-21,50.040000915527344,37.69526672363281
2016-07-22,50.540000915527344,38.07191467285156
2016-07-25,50.54999923706055,38.079444885253906
2016-07-26,50.599998474121094,38.11711120605469
2016-07-27,50.599998474121094,38.11711120605469
2016-07-28,50.060001373291016,37.710330963134766
2016-07-29,50.279998779296875,37.87604904174805
2016-08-01,50.439998626708984,37.99658203125
2016-08-02,49.84000015258789,37.54460525512695
2016-08-03,49.45000076293945,37.25080871582031
2016-08-04,49.369998931884766,37.1905517578125
2016-08-05,49.349998474121094,37.17548751831055
2016-08-08,49.06999969482422,36.96455764770508
2016-08-09,49.060001373291016,36.957035064697266
2016-08-10,49.040000915527344,36.94196319580078
2016-08-11,49.119998931884766,37.00222396850586
2016-08-12,49.25,37.100154876708984
2016-08-15,48.970001220703125,36.88922882080078
2016-08-16,48.36000061035156,36.42971420288086
2016-08-17,48.709999084472656,36.69337844848633
2016-08-18,48.95000076293945,36.87416076660156
2016-08-19,48.7400016784668,36.715965270996094
2016-08-22,48.709999084472656,36.69337844848633
2016-08-23,48.88999938964844,36.8289680480957
2016-08-24,49.0099983215332,36.91935729980469
2016-08-25,48.4900016784668,36.52764892578125
2016-08-26,48.47999954223633,36.52011489868164
2016-08-29,48.47999954223633,36.52011489868164
2016-08-30,48.04999923706055,36.196189880371094
2016-08-31,48.290000915527344,36.376983642578125
2016-09-01,48.20000076293945,36.3091926574707
2016-09-02,48.900001525878906,36.83649826049805
2016-09-06,49.470001220703125,37.2658805847168
2016-09-07,49.58000183105469,37.3487434387207
2016-09-08,49.66999816894531,37.416542053222656
2016-09-09,48.470001220703125,36.512577056884766
2016-09-12,48.369998931884766,36.4372444152832
2016-09-13,47.97999954223633,36.143463134765625
2016-09-14,48.06999969482422,36.21125793457031
2016-09-15,48.25,36.34685134887695
2016-09-16,48.400001525878906,36.45985412597656
2016-09-19,48.720001220703125,36.700897216796875
2016-09-20,49.09000015258789,36.97962188720703
2016-09-21,50.0,37.665130615234375
2016-09-22,50.41999816894531,37.98151397705078
2016-09-23,50.040000915527344,37.69526672363281
2016-09-26,49.97999954223633,37.650062561035156
2016-09-27,50.16999816894531,37.793190002441406
2016-09-28,50.16999816894531,37.793190002441406
2016-09-29,49.09000015258789,36.97962188720703
2016-09-30,48.619998931884766,36.62557601928711
2016-10-03,48.119998931884766,36.24892044067383
2016-10-04,47.470001220703125,35.759273529052734
2016-10-05,47.04999923706055,35.44289016723633
2016-10-06,47.04999923706055,35.44289016723633
2016-10-07,47.06999969482422,35.45795440673828
2016-10-10,47.290000915527344,35.62367630004883
2016-10-11,46.84000015258789,35.28469467163086
2016-10-12,46.84000015258789,35.28469467163086
2016-10-13,47.04999923706055,35.44289016723633
2016-10-14,47.25,35.59354782104492
2016-10-17,47.220001220703125,35.57094955444336
2016-10-18,47.619998931884766,35.87226867675781
2016-10-19,47.5099983215332,35.789405822753906
2016-10-20,47.77000045776367,35.98526382446289
2016-10-21,47.599998474121094,35.85720443725586
2016-10-24,47.599998474121094,35.85720443725586
2016-10-25,47.599998474121094,35.85720443725586
2016-10-26,47.83000183105469,36.03047180175781
2016-10-27,47.630001068115234,35.879798889160156
2016-10-28,47.689998626708984,35.92500305175781
2016-10-31,48.16999816894531,36.28658676147461
2016-11-01,48.16999816894531,36.28658676147461
2016-11-02,47.189998626708984,35.5483512878418
2016-11-03,47.66999816894531,35.909934997558594
2016-11-04,47.63999938964844,35.8873405456543
2016-11-07,47.83000183105469,36.03047180175781
2016-11-08,47.849998474121094,36.0455322265625
2016-11-09,47.849998474121094,36.0455322265625
2016-11-10,46.04999923706055,34.6895866394043
2016-11-11,46.369998931884766,34.93064498901367
2016-11-14,45.7599983215332,34.47112274169922
2016-11-15,46.2400016784668,34.83271789550781
2016-11-16,46.04999923706055,34.6895866394043
2016-11-17,46.33000183105469,34.900516510009766
2016-11-18,45.93000030517578,34.59918212890625
2016-11-21,46.5099983215332,35.036102294921875
2016-11-22,46.599998474121094,35.10390090942383
2016-11-23,46.599998474121094,35.10390090942383
2016-11-25,46.77000045776367,35.23196029663086
2016-11-28,47.599998474121094,35.85720443725586
2016-11-29,47.59000015258789,35.849674224853516
2016-11-30,46.95000076293945,35.367557525634766
2016-12-01,46.2599983215332,34.8477783203125
2016-12-02,46.849998474121094,35.29222869873047
2016-12-05,46.7599983215332,35.224430084228516
2016-12-06,46.7599983215332,35.224430084228516
2016-12-07,47.91999816894531,36.09825897216797
2016-12-08,48.72999954223633,36.70844268798828
2016-12-09,48.880001068115234,36.82143020629883
2016-12-12,48.970001220703125,36.88922882080078
2016-12-13,49.90999984741211,37.59733581542969
2016-12-14,49.9900016784668,37.65760040283203
2016-12-15,49.08000183105469,36.97209167480469
2016-12-16,49.08000183105469,36.97209167480469
2016-12-19,47.779998779296875,37.2991828918457
2016-12-20,47.84000015258789,37.34602355957031
2016-12-21,47.68000030517578,37.22111892700195
2016-12-22,47.720001220703125,37.252342224121094
2016-12-23,47.599998474121094,37.158660888671875
2016-12-27,47.61000061035156,37.166473388671875
2016-12-28,47.5,37.08060073852539
2016-12-29,47.5,37.08060073852539
2016-12-30,47.45000076293945,37.04157257080078
2017-01-03,47.31999969482422,36.940086364746094
2017-01-04,47.61000061035156,37.166473388671875
2017-01-05,47.869998931884766,37.36944580078125
2017-01-06,47.75,37.275760650634766
2017-01-09,47.45000076293945,37.04157257080078
2017-01-10,47.2599983215332,36.89324951171875
2017-01-11,47.5,37.08060073852539
2017-01-12,47.61000061035156,37.166473388671875
2017-01-13,47.79999923706055,37.31479263305664
2017-01-17,47.91999816894531,37.40847396850586
2017-01-18,47.79999923706055,37.31479263305664
2017-01-19,47.79999923706055,37.31479263305664
2017-01-20,47.959999084472656,37.439697265625
2017-01-23,47.790000915527344,37.30698776245117
2017-01-24,47.66999816894531,37.21330642700195
2017-01-25,47.59000015258789,37.15085983276367
2017-01-26,47.560001373291016,37.12744140625
2017-01-27,47.25,36.885440826416016
2017-01-30,47.0,36.690277099609375
2017-01-31,47.349998474121094,36.96350860595703
2017-02-01,46.619998931884766,36.39363479614258
2017-02-02,46.619998931884766,36.39363479614258
2017-02-03,46.779998779296875,36.5185432434082
2017-02-06,46.70000076293945,36.45608901977539
2017-02-07,46.91999816894531,36.627830505371094
2017-02-08,47.22999954223633,36.86982727050781
2017-02-09,46.959999084472656,36.659053802490234
2017-02-10,47.04999923706055,36.729312896728516
2017-02-13,47.31999969482422,36.940086364746094
2017-02-14,47.06999969482422,36.74492645263672
2017-02-15,46.810001373291016,36.54195785522461
2017-02-16,47.150001525878906,36.80738067626953
2017-02-17,47.040000915527344,36.72150421142578
2017-02-21,48.0,37.47092819213867
2017-02-22,47.61000061035156,37.166473388671875
2017-02-23,48.11000061035156,37.556800842285156
2017-02-24,48.72999954223633,38.040802001953125
2017-02-27,48.75,38.05641174316406
2017-02-28,48.849998474121094,38.13447570800781
2017-03-01,48.93000030517578,38.19692611694336
2017-03-02,48.93000030517578,38.19692611694336
2017-03-03,48.540000915527344,37.89247512817383
2017-03-06,48.47999954223633,37.845638275146484
2017-03-07,48.58000183105469,37.923702239990234
2017-03-08,48.58000183105469,37.923702239990234
2017-03-09,47.959999084472656,37.439697265625
2017-03-10,47.959999084472656,37.439697265625
2017-03-13,48.41999816894531,37.798797607421875
2017-03-14,48.18000030517578,37.61144256591797
2017-03-15,49.220001220703125,38.42331314086914
2017-03-16,48.41999816894531,37.798797607421875
2017-03-17,48.41999816894531,37.798797607421875
2017-03-20,48.65999984741211,37.98615264892578
2017-03-21,49.150001525878906,38.36867141723633
2017-03-22,49.27000045776367,38.46234130859375
2017-03-23,49.75,38.83705520629883
2017-03-24,49.72999954223633,38.82143783569336
2017-03-27,49.66999816894531,38.774600982666016
2017-03-28,49.83000183105469,38.899505615234375
2017-03-29,50.0,39.03221130371094
2017-03-30,49.66999816894531,38.774600982666016
2017-03-31,49.66999816894531,38.774600982666016
2017-04-03,49.58000183105469,38.704341888427734
2017-04-04,49.529998779296875,38.66530990600586
2017-04-05,49.7599983215332,38.84485626220703
2017-04-06,49.72999954223633,38.82143783569336
2017-04-07,49.72999954223633,38.82143783569336
2017-04-10,49.15999984741211,38.37647247314453
2017-04-11,49.15999984741211,38.37647247314453
2017-04-12,49.7400016784668,38.82924270629883
2017-04-13,49.66999816894531,38.774600982666016
2017-04-17,49.84000015258789,38.907310485839844
2017-04-18,49.470001220703125,38.618473052978516
2017-04-19,49.34000015258789,38.516990661621094
2017-04-20,49.27000045776367,38.46234130859375
2017-04-21,49.36000061035156,38.53260040283203
2017-04-24,49.5,38.64188766479492
2017-04-25,49.810001373291016,38.883888244628906
2017-04-26,49.540000915527344,38.67311477661133
2017-04-27,49.709999084472656,38.805824279785156
2017-04-28,49.459999084472656,38.61066436767578
2017-05-01,49.060001373291016,38.29841613769531
2017-05-02,49.34000015258789,38.516990661621094
2017-05-03,49.34000015258789,38.516990661621094
2017-05-04,49.52000045776367,38.657501220703125
2017-05-05,49.52000045776367,38.657501220703125
2017-05-08,49.56999969482422,38.696533203125
2017-05-09,49.5,38.64188766479492
2017-05-10,49.5,38.64188766479492
2017-05-11,49.5,38.64188766479492
2017-05-12,49.900001525878906,38.95414733886719
2017-05-15,49.72999954223633,38.82143783569336
2017-05-16,49.880001068115234,38.938533782958984
2017-05-17,49.58000183105469,38.704341888427734
2017-05-18,49.54999923706055,38.68092346191406
2017-05-19,50.119998931884766,39.12588882446289
2017-05-22,50.439998626708984,39.375694274902344
2017-05-23,50.689998626708984,39.57085418701172
2017-05-24,50.689998626708984,39.57085418701172
2017-05-25,50.959999084472656,39.78163146972656
2017-05-26,50.810001373291016,39.6645393371582
2017-05-30,51.220001220703125,39.98460388183594
2017-05-31,51.36000061035156,40.09389114379883
2017-06-01,51.939998626708984,40.546661376953125
2017-06-02,51.849998474121094,40.476402282714844
2017-06-05,52.04999923706055,40.63253402709961
2017-06-06,51.790000915527344,40.4295654296875
2017-06-07,51.900001525878906,40.515438079833984
2017-06-08,51.529998779296875,40.22659683227539
2017-06-09,51.18000030517578,39.95337677001953
2017-06-12,51.29999923706055,40.04705047607422
2017-06-13,51.209999084472656,39.97678756713867
2017-06-14,51.810001373291016,40.44518280029297
2017-06-15,51.810001373291016,40.44518280029297
2017-06-16,51.810001373291016,40.44518280029297
2017-06-19,51.7599983215332,40.40614318847656
2017-06-20,51.4900016784668,40.19537353515625
2017-06-21,51.15999984741211,39.93775939941406
2017-06-22,51.15999984741211,39.93775939941406
2017-06-23,51.029998779296875,39.83627700805664
2017-06-26,51.029998779296875,39.83627700805664
2017-06-27,50.59000015258789,39.49279022216797
2017-06-28,51.029998779296875,39.83627700805664
2017-06-29,50.31999969482422,39.282020568847656
2017-06-30,50.2400016784668,39.21957015991211
2017-07-03,50.2400016784668,39.21957015991211
2017-07-05,49.72999954223633,38.82143783569336
2017-07-06,49.72999954223633,38.82143783569336
2017-07-07,49.72999954223633,38.82143783569336
2017-07-10,49.459999084472656,38.61066436767578
2017-07-11,49.380001068115234,38.548213958740234
2017-07-12,49.81999969482422,38.891693115234375
2017-07-13,49.779998779296875,38.8604736328125
2017-07-14,49.84000015258789,38.907310485839844
2017-07-17,50.33000183105469,39.28982925415039
2017-07-18,50.22999954223633,39.21175765991211
2017-07-19,50.970001220703125,39.7894401550293
2017-07-20,50.97999954223633,39.79724884033203
2017-07-21,51.2400016784668,40.00020980834961
2017-07-24,51.209999084472656,39.97678756713867
2017-07-25,50.650001525878906,39.53963088989258
2017-07-26,50.970001220703125,39.7894401550293
2017-07-27,50.95000076293945,39.773826599121094
2017-07-28,51.09000015258789,39.883113861083984
2017-07-31,51.25,40.00802230834961
2017-08-01,51.529998779296875,40.22659683227539
2017-08-02,51.720001220703125,40.37492370605469
2017-08-03,51.689998626708984,40.35150146484375
2017-08-04,51.83000183105469,40.460792541503906
2017-08-07,52.189998626708984,40.7418212890625
2017-08-08,52.20000076293945,40.7496337890625
2017-08-09,51.810001373291016,40.44518280029297
2017-08-10,51.93000030517578,40.53885269165039
2017-08-11,51.54999923706055,40.242210388183594
2017-08-14,51.54999923706055,40.242210388183594
2017-08-15,51.54999923706055,40.242210388183594
2017-08-16,52.279998779296875,40.81208419799805
2017-08-17,52.279998779296875,40.81208419799805
2017-08-18,52.56999969482422,41.038475036621094
2017-08-21,52.36000061035156,40.874534606933594
2017-08-22,52.709999084472656,41.14775848388672
2017-08-23,52.709999084472656,41.14775848388672
2017-08-24,52.709999084472656,41.14775848388672
2017-08-25,52.95000076293945,41.33511734008789
2017-08-28,52.88999938964844,41.28827667236328
2017-08-29,53.209999084472656,41.5380744934082
2017-08-30,53.209999084472656,41.5380744934082
2017-08-31,53.209999084472656,41.5380744934082
2017-09-01,52.75,41.17898941040039
2017-09-05,52.66999816894531,41.116539001464844
2017-09-06,52.66999816894531,41.116539001464844
2017-09-07,53.13999938964844,41.483436584472656
2017-09-08,52.9900016784668,41.3663444519043
2017-09-11,53.5,41.76446533203125
2017-09-12,53.5,41.76446533203125
2017-09-13,52.31999969482422,40.84330749511719
2017-09-14,52.5,40.98382568359375
2017-09-15,52.7400016784668,41.17118453979492
2017-09-18,53.16999816894531,41.50685119628906
2017-09-19,52.29999923706055,40.82769775390625
2017-09-20,51.869998931884766,40.49201583862305
2017-09-21,52.369998931884766,40.88234329223633
2017-09-22,52.369998931884766,40.88234329223633
2017-09-25,52.34000015258789,40.858924865722656
2017-09-26,51.93000030517578,40.53885269165039
2017-09-27,51.5,40.20317840576172
2017-09-28,51.470001220703125,40.17975997924805
2017-09-29,51.119998931884766,39.906532287597656
2017-10-02,51.54999923706055,40.242210388183594
2017-10-03,51.20000076293945,39.96898651123047
2017-10-04,51.84000015258789,40.46860122680664
2017-10-05,51.9900016784668,40.585693359375
2017-10-06,51.9900016784668,40.585693359375
2017-10-09,51.9900016784668,40.585693359375
2017-10-10,52.41999816894531,40.92137145996094
2017-10-11,52.41999816894531,40.92137145996094
2017-10-12,52.83000183105469,41.24143600463867
2017-10-13,53.27000045776367,41.58491897583008
2017-10-16,52.75,41.17898941040039
2017-10-17,52.75,41.17898941040039
2017-10-18,53.18000030517578,41.51466751098633
2017-10-19,53.18000030517578,41.51466751098633
2017-10-20,53.0099983215332,41.38195037841797
2017-10-23,53.349998474121094,41.647369384765625
2017-10-24,53.15999984741211,41.49905014038086
2017-10-25,53.15999984741211,41.49905014038086
2017-10-26,53.040000915527344,41.40536880493164
2017-10-27,53.61000061035156,41.850337982177734
2017-10-30,53.61000061035156,41.850337982177734
2017-10-31,53.61000061035156,41.850337982177734
2017-11-01,53.5099983215332,41.77227783203125
2017-11-02,53.54999923706055,41.80350112915039
2017-11-03,53.68000030517578,41.90498733520508
2017-11-06,53.68000030517578,41.90498733520508
2017-11-07,53.900001525878906,42.076725006103516
2017-11-08,53.90999984741211,42.084529876708984
2017-11-09,53.95000076293945,42.115760803222656
2017-11-10,53.7599983215332,41.96743392944336
2017-11-13,53.7400016784668,41.95182418823242
2017-11-14,54.09000015258789,42.22505187988281
2017-11-15,53.560001373291016,41.81131362915039
2017-11-16,53.630001068115234,41.86595153808594
2017-11-17,53.290000915527344,41.60053253173828
2017-11-20,53.13999938964844,41.483436584472656
2017-11-21,53.43000030517578,41.70982360839844
2017-11-22,53.349998474121094,41.647369384765625
2017-11-24,53.70000076293945,41.920597076416016
2017-11-27,53.560001373291016,41.81131362915039
2017-11-28,53.81999969482422,42.01427459716797
2017-11-29,54.18000030517578,42.295310974121094
2017-11-30,54.25,42.34995651245117
2017-12-01,53.97999954223633,42.13917922973633
2017-12-04,53.93000030517578,42.10014724731445
2017-12-05,53.79999923706055,41.9986572265625
2017-12-06,53.7400016784668,41.95182418823242
2017-12-07,53.61000061035156,41.850337982177734
2017-12-08,53.58000183105469,41.82692337036133
2017-12-11,53.810001373291016,42.006473541259766
2017-12-12,53.70000076293945,41.920597076416016
2017-12-13,53.380001068115234,41.6707878112793
2017-12-14,53.099998474121094,41.45220947265625
2017-12-15,53.119998931884766,41.46782302856445
2017-12-18,50.59000015258789,41.346866607666016
2017-12-19,49.91999816894531,40.799278259277344
2017-12-20,49.650001525878906,40.57860565185547
2017-12-21,48.95000076293945,40.00649642944336
2017-12-22,48.970001220703125,40.022850036621094
2017-12-26,48.65999984741211,39.76948928833008
2017-12-27,48.63999938964844,39.753143310546875
2017-12-28,48.810001373291016,39.89208221435547
2017-12-29,49.060001373291016,40.096412658691406
2018-01-02,49.029998779296875,40.0718879699707
2018-01-03,48.81999969482422,39.9002571105957
2018-01-04,48.650001525878906,39.76131820678711
2018-01-05,48.63999938964844,39.753143310546875
2018-01-08,48.83000183105469,39.90842819213867
2018-01-09,48.75,39.843040466308594
2018-01-10,48.33000183105469,39.49978256225586
2018-01-11,48.59000015258789,39.7122802734375
2018-01-12,48.56999969482422,39.69593048095703
2018-01-16,48.56999969482422,39.69593048095703
2018-01-17,48.70000076293945,39.802181243896484
2018-01-18,48.31999969482422,39.49161148071289
2018-01-19,48.2400016784668,39.42622756958008
2018-01-22,48.5099983215332,39.64689254760742
2018-01-23,49.040000915527344,40.08006286621094
2018-01-24,49.040000915527344,40.08006286621094
2018-01-25,48.970001220703125,40.022850036621094
2018-01-26,49.33000183105469,40.317073822021484
2018-01-29,48.84000015258789,39.916603088378906
2018-01-30,48.61000061035156,39.7286262512207
2018-01-31,48.68000030517578,39.78583526611328
2018-02-01,48.459999084472656,39.60602951049805
2018-02-02,47.95000076293945,39.189208984375
2018-02-05,47.06999969482422,38.469993591308594
2018-02-06,46.34000015258789,37.87337112426758
2018-02-07,46.689998626708984,38.159420013427734
2018-02-08,46.16999816894531,37.73442840576172
2018-02-09,45.91999816894531,37.53010559082031
2018-02-12,46.529998779296875,38.02865219116211
2018-02-13,46.7400016784668,38.200286865234375
2018-02-14,47.06999969482422,38.469993591308594
2018-02-15,47.31999969482422,38.674312591552734
2018-02-16,47.9900016784668,39.2219123840332
2018-02-20,47.560001373291016,38.87046813964844
2018-02-21,47.81999969482422,39.08296203613281
2018-02-22,47.81999969482422,39.08296203613281
2018-02-23,47.81999969482422,39.08296203613281
2018-02-26,48.72999954223633,39.82670211791992
2018-02-27,47.779998779296875,39.050270080566406
2018-02-28,47.65999984741211,38.95219421386719
2018-03-01,47.65999984741211,38.95219421386719
2018-03-02,47.060001373291016,38.461822509765625
2018-03-05,47.310001373291016,38.66614532470703
2018-03-06,47.439998626708984,38.77238845825195
2018-03-07,47.439998626708984,38.77238845825195
2018-03-08,47.119998931884766,38.51085662841797
2018-03-09,47.2400016784668,38.60893249511719
2018-03-12,47.2400016784668,38.60893249511719
2018-03-13,47.61000061035156,38.91132736206055
2018-03-14,47.93000030517578,39.1728630065918
2018-03-15,47.88999938964844,39.14017105102539
2018-03-16,47.88999938964844,39.14017105102539
2018-03-19,47.880001068115234,39.13199996948242
2018-03-20,47.810001373291016,39.07478713989258
2018-03-21,48.04999923706055,39.270938873291016
2018-03-22,48.099998474121094,39.311798095703125
2018-03-23,47.66999816894531,38.960365295410156
2018-03-26,47.560001373291016,38.87046813964844
2018-03-27,48.25,39.43439865112305
2018-03-28,48.61000061035156,39.7286262512207
2018-03-29,48.61000061035156,39.7286262512207
2018-04-02,48.36000061035156,39.52430725097656
2018-04-03,49.36000061035156,40.34159469604492
2018-04-04,49.09000015258789,40.12092590332031
2018-04-05,49.13999938964844,40.16178894042969
2018-04-06,49.02000045776367,40.0637092590332
2018-04-09,49.33000183105469,40.317073822021484
2018-04-10,49.11000061035156,40.13727569580078
2018-04-11,49.16999816894531,40.18630599975586
2018-04-12,48.709999084472656,39.81035614013672
2018-04-13,48.709999084472656,39.81035614013672
2018-04-16,49.34000015258789,40.325252532958984
2018-04-17,50.130001068115234,40.970909118652344
2018-04-18,49.959999084472656,40.83197021484375
2018-04-19,49.959999084472656,40.83197021484375
2018-04-20,49.900001525878906,40.782936096191406
2018-04-23,49.900001525878906,40.782936096191406
2018-04-24,49.849998474121094,40.742069244384766
2018-04-25,50.11000061035156,40.954566955566406
2018-04-26,50.459999084472656,41.24061584472656
2018-04-27,50.86000061035156,41.56753158569336
2018-04-30,51.22999954223633,41.86993408203125
2018-05-01,50.939998626708984,41.63291549682617
2018-05-02,50.869998931884766,41.57571029663086
2018-05-03,50.58000183105469,41.33869552612305
2018-05-04,50.58000183105469,41.33869552612305
2018-05-07,51.31999969482422,41.94348907470703
2018-05-08,51.0,41.68195343017578
2018-05-09,50.2599983215332,41.07715606689453
2018-05-10,50.5,41.2733039855957
2018-05-11,50.790000915527344,41.51032638549805
2018-05-14,50.900001525878906,41.60022735595703
2018-05-15,50.529998779296875,41.297828674316406
2018-05-16,50.5,41.2733039855957
2018-05-17,50.5,41.2733039855957
2018-05-18,50.099998474121094,40.946388244628906
2018-05-21,50.2599983215332,41.07715606689453
2018-05-22,50.20000076293945,41.02812194824219
2018-05-23,50.459999084472656,41.24061584472656
2018-05-24,50.459999084472656,41.24061584472656
2018-05-25,50.31999969482422,41.126197814941406
2018-05-29,49.900001525878906,40.782936096191406
2018-05-30,50.5099983215332,41.28147888183594
2018-05-31,50.279998779296875,41.093502044677734
2018-06-01,50.029998779296875,40.88917922973633
2018-06-04,50.099998474121094,40.946388244628906
2018-06-05,49.65999984741211,40.5867805480957
2018-06-06,49.279998779296875,40.276206970214844
2018-06-07,49.58000183105469,40.52139663696289
2018-06-08,49.59000015258789,40.529571533203125
2018-06-11,49.59000015258789,40.529571533203125
2018-06-12,49.5,40.45601272583008
2018-06-13,49.619998931884766,40.55408477783203
2018-06-14,50.02000045776367,40.881004333496094
2018-06-15,49.849998474121094,40.742069244384766
2018-06-18,49.90999984741211,40.791107177734375
2018-06-19,49.959999084472656,40.83197021484375
2018-06-20,49.9900016784668,40.85649108886719
2018-06-21,49.84000015258789,40.73389434814453
2018-06-22,50.5,41.2733039855957
2018-06-25,50.560001373291016,41.322349548339844
2018-06-26,51.0,41.68195343017578
2018-06-27,50.79999923706055,41.51849365234375
2018-06-28,50.84000015258789,41.551185607910156
2018-06-29,50.970001220703125,41.657432556152344
2018-07-02,50.970001220703125,41.657432556152344
2018-07-03,51.33000183105469,41.95166015625
2018-07-05,51.529998779296875,42.1151237487793
2018-07-06,51.529998779296875,42.1151237487793
2018-07-09,51.529998779296875,42.1151237487793
2018-07-10,51.279998779296875,41.910797119140625
2018-07-11,51.29999923706055,41.92714309692383
2018-07-12,51.310001373291016,41.9353141784668
2018-07-13,51.11000061035156,41.77185821533203
2018-07-16,51.060001373291016,41.73099899291992
2018-07-17,51.310001373291016,41.9353141784668
2018-07-18,51.18000030517578,41.829071044921875
2018-07-19,51.400001525878906,42.008872985839844
2018-07-20,51.400001525878906,42.008872985839844
2018-07-23,51.2599983215332,41.89445114135742
2018-07-24,51.2599983215332,41.89445114135742
2018-07-25,51.70000076293945,42.254058837890625
2018-07-26,51.970001220703125,42.474727630615234
2018-07-27,52.029998779296875,42.523765563964844
2018-07-30,51.869998931884766,42.39299774169922
2018-07-31,51.869998931884766,42.39299774169922
2018-08-01,51.54999923706055,42.131465911865234
2018-08-02,51.72999954223633,42.27857971191406
2018-08-03,52.08000183105469,42.56463623046875
2018-08-06,52.15999984741211,42.6300163269043
2018-08-07,51.970001220703125,42.474727630615234
2018-08-08,51.66999816894531,42.22953796386719
2018-08-09,51.66999816894531,42.22953796386719
2018-08-10,51.34000015258789,41.959835052490234
2018-08-13,51.220001220703125,41.86176300048828
2018-08-14,51.4900016784668,42.08243179321289
2018-08-15,51.4900016784668,42.08243179321289
2018-08-16,52.06999969482422,42.556453704833984
2018-08-17,52.06999969482422,42.556453704833984
2018-08-20,52.369998931884766,42.80165100097656
2018-08-21,52.369998931884766,42.80165100097656
2018-08-22,52.13999938964844,42.61366653442383
2018-08-23,52.0099983215332,42.507423400878906
2018-08-24,52.0099983215332,42.507423400878906
2018-08-27,52.27000045776367,42.71991729736328
2018-08-28,52.20000076293945,42.6627082824707
2018-08-29,52.20000076293945,42.6627082824707
2018-08-30,52.209999084472656,42.67087936401367
2018-08-31,52.290000915527344,42.736270904541016
2018-09-04,51.939998626708984,42.45021057128906
2018-09-05,51.88999938964844,42.40934753417969
2018-09-06,51.9900016784668,42.4910774230957
2018-09-07,52.04999923706055,42.54011154174805
2018-09-10,52.59000015258789,42.98145294189453
2018-09-11,52.59000015258789,42.98145294189453
2018-09-12,52.349998474121094,42.78529357910156
2018-09-13,52.779998779296875,43.13673782348633
2018-09-14,52.779998779296875,43.13673782348633
2018-09-17,52.779998779296875,43.13673782348633
2018-09-18,53.0,43.31653594970703
2018-09-19,52.43000030517578,42.850685119628906
2018-09-20,52.65999984741211,43.03866195678711
2018-09-21,52.65999984741211,43.03866195678711
2018-09-24,52.54999923706055,42.948760986328125
2018-09-25,52.18000030517578,42.6463623046875
2018-09-26,51.91999816894531,42.43386459350586
2018-09-27,52.47999954223633,42.891544342041016
2018-09-28,52.7599983215332,43.120391845703125
2018-10-01,52.47999954223633,42.891544342041016
2018-10-02,53.0,43.31653594970703
2018-10-03,52.54999923706055,42.948760986328125
2018-10-04,52.54999923706055,42.948760986328125
2018-10-05,53.11000061035156,43.40644836425781
2018-10-08,53.209999084472656,43.4881706237793
2018-10-09,53.22999954223633,43.504520416259766
2018-10-10,53.02000045776367,43.3328857421875
2018-10-11,52.08000183105469,42.56463623046875
2018-10-12,51.529998779296875,42.1151237487793
2018-10-15,51.869998931884766,42.39299774169922
2018-10-16,52.529998779296875,42.93241882324219
2018-10-17,52.29999923706055,42.74443817138672
2018-10-18,52.119998931884766,42.597320556640625
2018-10-19,52.900001525878906,43.23481750488281
2018-10-22,52.709999084472656,43.079524993896484
2018-10-23,51.939998626708984,42.45021057128906
2018-10-24,52.2400016784668,42.695404052734375
2018-10-25,52.34000015258789,42.77713394165039
2018-10-26,51.45000076293945,42.04973602294922
2018-10-29,51.83000183105469,42.36030578613281
2018-10-30,51.72999954223633,42.27857971191406
2018-10-31,51.86000061035156,42.384822845458984
2018-11-01,51.939998626708984,42.45021057128906
2018-11-02,51.63999938964844,42.20502471923828
2018-11-05,52.47999954223633,42.891544342041016
2018-11-06,52.79999923706055,43.15308380126953
2018-11-07,53.0099983215332,43.324710845947266
2018-11-08,52.9900016784668,43.308372497558594
2018-11-09,52.529998779296875,42.93241882324219
2018-11-12,51.849998474121094,42.376651763916016
2018-11-13,51.81999969482422,42.352134704589844
2018-11-14,51.65999984741211,42.22136688232422
2018-11-15,51.470001220703125,42.066078186035156
2018-11-16,52.25,42.703575134277344
2018-11-19,51.970001220703125,42.474727630615234
2018-11-20,52.08000183105469,42.56463623046875
2018-11-21,51.97999954223633,42.4828987121582
2018-11-23,51.31999969482422,41.94348907470703
2018-11-26,52.040000915527344,42.53194046020508
2018-11-27,52.099998474121094,42.58097457885742
2018-11-28,52.5099983215332,42.91606903076172
2018-11-29,52.20000076293945,42.6627082824707
2018-11-30,52.11000061035156,42.58915710449219
2018-12-03,52.90999984741211,43.242984771728516
2018-12-04,52.91999816894531,43.251155853271484
2018-12-06,52.529998779296875,42.93241882324219
2018-12-07,52.810001373291016,43.161251068115234
2018-12-10,52.90999984741211,43.242984771728516
2018-12-11,52.91999816894531,43.251155853271484
2018-12-12,53.5099983215332,43.73336410522461
2018-12-13,53.810001373291016,43.978553771972656
2018-12-14,53.709999084472656,43.89682388305664
2018-12-17,52.790000915527344,43.14491271972656
2018-12-18,52.470001220703125,42.88336944580078
2018-12-19,52.09000015258789,42.572811126708984
2018-12-20,50.369998931884766,42.75614929199219
2018-12-21,49.29999923706055,41.84789276123047
2018-12-24,48.38999938964844,41.07544708251953
2018-12-26,49.27000045776367,41.82242965698242
2018-12-27,49.29999923706055,41.84789276123047
2018-12-28,49.36000061035156,41.89882278442383
2018-12-31,49.56999969482422,42.07707977294922
2019-01-02,49.349998474121094,41.89033508300781
2019-01-03,49.34000015258789,41.8818473815918
2019-01-04,50.470001220703125,42.841041564941406
2019-01-07,49.790000915527344,42.26382064819336
2019-01-08,50.119998931884766,42.54393768310547
2019-01-09,50.02000045776367,42.45905685424805
2019-01-10,50.63999938964844,42.9853401184082
2019-01-11,50.25,42.65428924560547
2019-01-14,49.150001525878906,41.72057342529297
2019-01-15,48.97999954223633,41.576263427734375
2019-01-16,48.959999084472656,41.55928421020508
2019-01-17,49.16999816894531,41.73754119873047
2019-01-18,49.310001373291016,41.85638427734375
2019-01-22,48.97999954223633,41.576263427734375
2019-01-23,49.41999816894531,41.94975280761719
2019-01-24,50.220001220703125,42.62882995605469
2019-01-25,49.9900016784668,42.43359375
2019-01-28,49.54999923706055,42.06010437011719
2019-01-29,50.16999816894531,42.58638381958008
2019-01-30,50.5,42.86650848388672
2019-01-31,50.7400016784668,43.07022476196289
2019-02-01,50.25,42.65428924560547
2019-02-04,50.54999923706055,42.90894317626953
2019-02-05,51.060001373291016,43.341854095458984
2019-02-06,50.869998931884766,43.18057632446289
2019-02-07,50.93000030517578,43.23150634765625
2019-02-08,50.880001068115234,43.18906021118164
2019-02-11,50.75,43.07871627807617
2019-02-12,50.900001525878906,43.2060432434082
2019-02-13,50.650001525878906,42.99383544921875
2019-02-14,50.720001220703125,43.05324935913086
2019-02-15,50.86000061035156,43.172080993652344
2019-02-19,51.20000076293945,43.460693359375
2019-02-20,51.4900016784668,43.70685577392578
2019-02-21,51.56999969482422,43.77476119995117
2019-02-22,51.7400016784668,43.9190673828125
2019-02-25,51.75,43.92755889892578
2019-02-26,51.97999954223633,44.12278366088867
2019-02-27,51.939998626708984,44.08883285522461
2019-02-28,51.779998779296875,43.95302200317383
2019-03-01,51.81999969482422,43.98697280883789
2019-03-04,51.63999938964844,43.83417892456055
2019-03-05,51.72999954223633,43.910579681396484
2019-03-06,51.599998474121094,43.80023193359375
2019-03-07,51.47999954223633,43.6983642578125
2019-03-08,51.540000915527344,43.749298095703125
2019-03-11,52.189998626708984,44.30104446411133
2019-03-12,52.4900016784668,44.55569839477539
2019-03-13,52.47999954223633,44.547203063964844
2019-03-14,52.619998931884766,44.666046142578125
2019-03-15,52.91999816894531,44.92070007324219
2019-03-18,52.79999923706055,44.81884002685547
2019-03-19,52.380001068115234,44.46232223510742
2019-03-20,52.380001068115234,44.46232223510742
2019-03-21,52.529998779296875,44.58964920043945
2019-03-22,52.369998931884766,44.453834533691406
2019-03-25,52.43000030517578,44.50476837158203
2019-03-26,52.650001525878906,44.69151306152344
2019-03-27,52.20000076293945,44.309532165527344
2019-03-28,51.79999923706055,43.96999740600586
2019-03-29,51.79999923706055,43.96999740600586
2019-04-01,51.91999816894531,44.07185745239258
2019-04-02,51.689998626708984,43.87662124633789
2019-04-03,51.619998931884766,43.81720733642578
2019-04-04,51.43000030517578,43.65592575073242
2019-04-05,51.790000915527344,43.961509704589844
2019-04-08,51.70000076293945,43.88511657714844
2019-04-09,51.22999954223633,43.48615264892578
2019-04-10,51.5,43.71534729003906
2019-04-11,51.47999954223633,43.6983642578125
2019-04-12,52.029998779296875,44.16522979736328
2019-04-15,52.15999984741211,44.275577545166016
2019-04-16,51.349998474121094,43.588016510009766
2019-04-17,51.20000076293945,43.460693359375
2019-04-18,51.0,43.290924072265625
2019-04-22,50.97999954223633,43.273948669433594
2019-04-23,51.189998626708984,43.45220184326172
2019-04-24,50.689998626708984,43.02778244018555
2019-04-25,50.63999938964844,42.9853401184082
2019-04-26,50.77000045776367,43.0956916809082
2019-04-29,50.77000045776367,43.0956916809082
2019-04-30,51.150001525878906,43.418251037597656
2019-05-01,50.68000030517578,43.019290924072266
2019-05-02,50.25,42.65428924560547
2019-05-03,50.630001068115234,42.97685241699219
2019-05-06,50.380001068115234,42.76464080810547
2019-05-07,49.95000076293945,42.3996467590332
2019-05-08,49.369998931884766,41.90731430053711
2019-05-09,48.88999938964844,41.4998664855957
2019-05-10,49.45000076293945,41.9752197265625
2019-05-13,49.33000183105469,41.87335968017578
2019-05-14,49.29999923706055,41.84789276123047
2019-05-15,49.290000915527344,41.83940505981445
2019-05-16,49.5,42.017662048339844
2019-05-17,49.290000915527344,41.83940505981445
2019-05-20,49.20000076293945,41.76301574707031
2019-05-21,49.63999938964844,42.136497497558594
2019-05-22,49.81999969482422,42.28929138183594
2019-05-23,49.869998931884766,42.331729888916016
2019-05-24,50.0,42.44208908081055
2019-05-28,49.349998474121094,41.89033508300781
2019-05-29,48.970001220703125,41.567779541015625
2019-05-30,48.869998931884766,41.48289489746094
2019-05-31,49.02000045776367,41.61022186279297
2019-06-03,50.0099983215332,42.45056915283203
2019-06-04,50.18000030517578,42.59487533569336
2019-06-05,50.7599983215332,43.08720397949219
2019-06-06,51.029998779296875,43.316383361816406
2019-06-07,51.099998474121094,43.37580490112305
2019-06-10,50.7400016784668,43.07022476196289
2019-06-11,50.560001373291016,42.91743469238281
2019-06-12,50.560001373291016,42.91743469238281
2019-06-13,50.5099983215332,42.8749885559082
2019-06-14,50.79999923706055,43.121158599853516
2019-06-17,50.619998931884766,42.96836853027344
2019-06-18,50.54999923706055,42.90894317626953
2019-06-19,50.959999084472656,43.25696563720703
2019-06-20,51.709999084472656,43.89360046386719
2019-06-21,51.72999954223633,43.910579681396484
2019-06-24,51.5,43.71534729003906
2019-06-25,51.13999938964844,43.409759521484375
2019-06-26,50.61000061035156,42.959877014160156
2019-06-27,50.880001068115234,43.18906021118164
2019-06-28,50.90999984741211,43.21452713012695
2019-07-01,51.029998779296875,43.316383361816406
2019-07-02,51.20000076293945,43.460693359375
2019-07-03,51.720001220703125,43.90208435058594
2019-07-05,51.27000045776367,43.52011489868164
2019-07-08,51.04999923706055,43.33336639404297
2019-07-09,51.040000915527344,43.32487869262695
2019-07-10,51.13999938964844,43.409759521484375
2019-07-11,51.02000045776367,43.30790328979492
2019-07-12,50.86000061035156,43.172080993652344
2019-07-15,50.47999954223633,42.84952163696289
2019-07-16,50.25,42.65428924560547
2019-07-17,50.290000915527344,42.68824768066406
2019-07-18,50.4900016784668,42.85801696777344
2019-07-19,50.20000076293945,42.61185073852539
2019-07-22,50.02000045776367,42.45905685424805
2019-07-23,49.91999816894531,42.37417221069336
2019-07-24,49.720001220703125,42.20440673828125
2019-07-25,49.31999969482422,41.8648681640625
2019-07-26,49.650001525878906,42.14499282836914
2019-07-29,49.810001373291016,42.28080368041992
2019-07-30,49.470001220703125,41.9921989440918
2019-07-31,49.540000915527344,42.051612854003906
2019-08-01,49.16999816894531,41.73754119873047
2019-08-02,49.2400016784668,41.79696273803711
2019-08-05,48.560001373291016,41.21975326538086
2019-08-06,49.25,41.805450439453125
2019-08-07,49.380001068115234,41.91579818725586
2019-08-08,49.5099983215332,42.026145935058594
2019-08-09,49.4900016784668,42.00917434692383
2019-08-12,49.06999969482422,41.65266036987305
2019-08-13,49.25,41.805450439453125
2019-08-14,48.33000183105469,41.02451705932617
2019-08-15,48.58000183105469,41.236724853515625
2019-08-16,48.84000015258789,41.45742416381836
2019-08-19,48.84000015258789,41.45742416381836
2019-08-20,48.689998626708984,41.330101013183594
2019-08-21,48.900001525878906,41.50835418701172
2019-08-22,48.75,41.38102722167969
2019-08-23,47.97999954223633,40.7274169921875
2019-08-26,48.59000015258789,41.24521255493164
2019-08-27,48.66999816894531,41.3131217956543
2019-08-28,48.7400016784668,41.37254333496094
2019-08-29,49.08000183105469,41.6611442565918
2019-08-30,49.15999984741211,41.72905349731445
2019-09-03,49.560001373291016,42.0685920715332
2019-09-04,49.970001220703125,42.4166145324707
2019-09-05,49.59000015258789,42.094058990478516
2019-09-06,49.33000183105469,41.87335968017578
2019-09-09,49.2599983215332,41.813934326171875
2019-09-10,49.2400016784668,41.79696273803711
2019-09-11,49.93000030517578,42.38266372680664
2019-09-12,50.209999084472656,42.620338439941406
2019-09-13,50.16999816894531,42.58638381958008
2019-09-16,50.04999923706055,42.48452377319336
2019-09-17,50.25,42.65428924560547
2019-09-18,50.47999954223633,42.84952163696289
2019-09-19,50.63999938964844,42.9853401184082
2019-09-20,50.7599983215332,43.08720397949219
2019-09-23,50.84000015258789,43.15510940551758
2019-09-24,50.93000030517578,43.23150634765625
2019-09-25,50.68000030517578,43.019290924072266
2019-09-26,50.65999984741211,43.002315521240234
2019-09-27,50.0099983215332,42.45056915283203
2019-09-30,49.84000015258789,42.30626678466797
2019-10-01,49.72999954223633,42.212890625
2019-10-02,49.15999984741211,41.72905349731445
2019-10-03,49.38999938964844,41.92428207397461
2019-10-04,50.13999938964844,42.56092071533203
2019-10-07,50.150001525878906,42.56940841674805
2019-10-08,49.439998626708984,41.96672821044922
2019-10-09,49.77000045776367,42.246849060058594
2019-10-10,49.119998931884766,41.695098876953125
2019-10-11,49.310001373291016,41.85638427734375
2019-10-14,49.0,41.59324264526367
2019-10-15,49.20000076293945,41.76301574707031
2019-10-16,49.060001373291016,41.6441650390625
2019-10-17,49.04999923706055,41.63568878173828
2019-10-18,49.13999938964844,41.712074279785156
2019-10-21,49.310001373291016,41.85638427734375
2019-10-22,49.43000030517578,41.9582405090332
2019-10-23,49.65999984741211,42.153472900390625
2019-10-24,49.56999969482422,42.07707977294922
2019-10-25,48.83000183105469,41.448936462402344
2019-10-28,48.31999969482422,41.01602554321289
2019-10-29,48.369998931884766,41.058467864990234
2019-10-30,48.970001220703125,41.567779541015625
2019-10-31,48.93000030517578,41.533817291259766
2019-11-01,49.08000183105469,41.6611442565918
2019-11-04,49.16999816894531,41.73754119873047
2019-11-05,49.0099983215332,41.601722717285156
2019-11-06,48.790000915527344,41.41498947143555
2019-11-07,48.18000030517578,40.897193908691406
2019-11-08,48.11000061035156,40.837772369384766
2019-11-11,47.90999984741211,40.667999267578125
2019-11-12,47.9900016784668,40.73591232299805
2019-11-13,48.04999923706055,40.78684616088867
2019-11-14,48.040000915527344,40.778350830078125
2019-11-15,48.36000061035156,41.049983978271484
2019-11-18,48.380001068115234,41.066959381103516
2019-11-19,48.130001068115234,40.8547477722168
2019-11-20,48.349998474121094,41.04149627685547
2019-11-21,48.2400016784668,40.948123931884766
2019-11-22,48.2599983215332,40.965091705322266
2019-11-25,48.22999954223633,40.939632415771484
2019-11-26,48.16999816894531,40.888702392578125
2019-11-27,48.27000045776367,40.97358322143555
2019-11-29,48.20000076293945,40.9141731262207
2019-12-02,47.9900016784668,40.73591232299805
2019-12-03,48.099998474121094,40.829280853271484
2019-12-04,48.84000015258789,41.45742416381836
2019-12-05,48.790000915527344,41.41498947143555
2019-12-06,48.97999954223633,41.576263427734375
2019-12-09,49.11000061035156,41.68661117553711
2019-12-10,48.95000076293945,41.55079650878906
2019-12-11,49.310001373291016,41.85638427734375
2019-12-12,49.31999969482422,41.8648681640625
2019-12-13,49.22999954223633,41.78847122192383
2019-12-16,49.220001220703125,41.77998733520508
2019-12-17,49.709999084472656,42.19591522216797
2019-12-18,49.869998931884766,42.331729888916016
2019-12-19,49.88999938964844,42.34870910644531
2019-12-20,49.79999923706055,42.272315979003906
2019-12-23,48.470001220703125,42.14103317260742
2019-12-24,48.40999984741211,42.0888671875
2019-12-26,48.5,42.167110443115234
2019-12-27,48.68000030517578,42.3236083984375
2019-12-30,48.41999816894531,42.09756088256836
2019-12-31,48.599998474121094,42.25405502319336
2020-01-02,48.720001220703125,42.35839080810547
2020-01-03,48.619998931884766,42.27144241333008
2020-01-06,48.650001525878906,42.29753112792969
2020-01-07,48.08000183105469,41.80195999145508
2020-01-08,47.959999084472656,41.697628021240234
2020-01-09,47.88999938964844,41.63676452636719
2020-01-10,47.900001525878906,41.64546203613281
2020-01-13,48.40999984741211,42.0888671875
2020-01-14,48.41999816894531,42.09756088256836
2020-01-15,48.869998931884766,42.488800048828125
2020-01-16,49.22999954223633,42.80179214477539
2020-01-17,49.599998474121094,43.12348175048828
2020-01-21,49.58000183105469,43.10609436035156
2020-01-22,49.599998474121094,43.12348175048828
2020-01-23,50.029998779296875,43.497337341308594
2020-01-24,50.060001373291016,43.52341842651367
2020-01-27,49.720001220703125,43.227813720703125
2020-01-28,50.13999938964844,43.59297180175781
2020-01-29,50.11000061035156,43.56688690185547
2020-01-30,50.29999923706055,43.732078552246094
2020-01-31,49.7599983215332,43.26258850097656
2020-02-03,50.58000183105469,43.975521087646484
2020-02-04,50.779998779296875,44.1494026184082
2020-02-05,50.970001220703125,44.31459426879883
2020-02-06,50.900001525878906,44.25373458862305
2020-02-07,50.66999816894531,44.05376434326172
2020-02-10,50.810001373291016,44.17548751831055
2020-02-11,51.13999938964844,44.46239471435547
2020-02-12,51.0099983215332,44.349369049072266
2020-02-13,51.11000061035156,44.43631362915039
2020-02-14,51.34000015258789,44.63628005981445
2020-02-18,51.79999923706055,45.03621292114258
2020-02-19,51.90999984741211,45.13185119628906
2020-02-20,51.65999984741211,44.91450119018555
2020-02-21,51.79999923706055,45.03621292114258
2020-02-24,50.90999984741211,44.26243209838867
2020-02-25,49.560001373291016,43.088706970214844
2020-02-26,49.36000061035156,42.91482162475586
2020-02-27,47.689998626708984,41.4628791809082
2020-02-28,46.41999816894531,40.358707427978516
2020-03-02,47.869998931884766,41.61937713623047
2020-03-03,47.59000015258789,41.375938415527344
2020-03-04,49.61000061035156,43.13217544555664
2020-03-05,48.83000183105469,42.45402526855469
2020-03-06,48.119998931884766,41.836734771728516
2020-03-09,44.9900016784668,39.11543273925781
2020-03-10,45.720001220703125,39.75011444091797
2020-03-11,43.400001525878906,37.73305130004883
2020-03-12,39.130001068115234,34.020599365234375
2020-03-13,40.290000915527344,35.02913284301758
2020-03-16,35.58000183105469,30.93414306640625
2020-03-17,38.459999084472656,33.43809127807617
2020-03-18,35.5099983215332,30.873281478881836
2020-03-19,35.31999969482422,30.708091735839844
2020-03-20,34.560001373291016,30.04732894897461
2020-03-23,34.08000183105469,29.6300048828125
2020-03-24,36.65999984741211,31.873119354248047
2020-03-25,37.369998931884766,32.490413665771484
2020-03-26,39.66999816894531,34.490089416503906
2020-03-27,39.2400016784668,34.116241455078125
2020-03-30,40.43000030517578,35.150856018066406
2020-03-31,39.4900016784668,34.333595275878906
2020-04-01,37.810001373291016,32.872962951660156
2020-04-02,38.72999954223633,33.672828674316406
2020-04-03,37.91999816894531,32.96859359741211
2020-04-06,40.31999969482422,35.055213928222656
2020-04-07,40.4900016784668,35.20302200317383
2020-04-08,41.68000030517578,36.23763656616211
2020-04-09,43.36000061035156,37.69826889038086
2020-04-13,42.72999954223633,37.15053176879883
2020-04-14,42.72999954223633,37.15053176879883
2020-04-15,43.68000030517578,37.97648620605469
2020-04-16,42.529998779296875,36.976646423339844
2020-04-17,42.529998779296875,36.976646423339844
2020-04-20,42.40999984741211,36.872314453125
2020-04-21,41.459999084472656,36.04636001586914
2020-04-22,41.459999084472656,36.04636001586914
2020-04-23,42.279998779296875,36.75929260253906
2020-04-24,42.66999816894531,37.09836196899414
2020-04-27,43.130001068115234,37.4983024597168
2020-04-28,43.33000183105469,37.67218780517578
2020-04-29,43.619998931884766,37.92431640625
2020-04-30,42.61000061035156,37.04619598388672
2020-05-01,41.619998931884766,36.18547439575195
2020-05-04,41.849998474121094,36.385440826416016
2020-05-05,42.5,36.9505615234375
2020-05-06,41.70000076293945,36.25502395629883
2020-05-07,41.70000076293945,36.25502395629883
2020-05-08,42.619998931884766,37.054893493652344
2020-05-11,42.470001220703125,36.92448425292969
2020-05-12,42.25,36.73320388793945
2020-05-13,41.599998474121094,36.16808319091797
2020-05-14,41.650001525878906,36.21155548095703
2020-05-15,41.43000030517578,36.02027893066406
2020-05-18,43.060001373291016,37.43743896484375
2020-05-19,42.290000915527344,36.76798629760742
2020-05-20,42.630001068115234,37.063594818115234
2020-05-21,42.2400016784668,36.724517822265625
2020-05-22,42.349998474121094,36.82014846801758
2020-05-26,43.060001373291016,37.43743896484375
2020-05-27,43.79999923706055,38.08081817626953
2020-05-28,44.380001068115234,38.585086822509766
2020-05-29,44.5099983215332,38.69810485839844
2020-06-01,45.11000061035156,39.219764709472656
2020-06-02,45.220001220703125,39.315399169921875
2020-06-03,45.7400016784668,39.76750183105469
2020-06-04,45.0099983215332,39.1328239440918
2020-06-05,45.7599983215332,39.78488540649414
2020-06-08,46.779998779296875,40.67169952392578
2020-06-09,46.06999969482422,40.05440902709961
2020-06-10,45.70000076293945,39.732723236083984
2020-06-11,43.560001373291016,37.872154235839844
2020-06-12,43.939998626708984,38.202537536621094
2020-06-15,43.95000076293945,38.21123123168945
2020-06-16,44.099998474121094,38.341644287109375
2020-06-17,43.959999084472656,38.21992111206055
2020-06-18,43.869998931884766,38.14168167114258
2020-06-19,43.18000030517578,37.541770935058594
2020-06-22,43.18000030517578,37.541770935058594
2020-06-23,43.04999923706055,37.428741455078125
2020-06-24,42.22999954223633,36.7158203125
2020-06-25,42.13999938964844,36.637569427490234
2020-06-26,41.65999984741211,36.22024917602539
2020-06-29,42.31999969482422,36.7940673828125
2020-06-30,42.52000045776367,36.967952728271484
2020-07-01,42.970001220703125,37.359195709228516
2020-07-02,43.22999954223633,37.58523941040039
2020-07-06,43.220001220703125,37.5765495300293
2020-07-07,42.72999954223633,37.15053176879883
2020-07-08,43.33000183105469,37.67218780517578
2020-07-09,42.68000030517578,37.10706329345703
2020-07-10,43.34000015258789,37.680877685546875
2020-07-13,43.349998474121094,37.6895751953125
2020-07-14,43.779998779296875,38.06343078613281
2020-07-15,44.15999984741211,38.3938102722168
2020-07-16,44.20000076293945,38.4285888671875
2020-07-17,45.08000183105469,39.19367980957031
2020-07-20,44.7599983215332,38.915462493896484
2020-07-21,44.619998931884766,38.79374313354492
2020-07-22,45.310001373291016,39.39365005493164
2020-07-23,45.099998474121094,39.21106719970703
2020-07-24,44.83000183105469,38.97632598876953
2020-07-27,44.81999969482422,38.96763229370117
2020-07-28,44.900001525878906,39.03718948364258
2020-07-29,44.849998474121094,38.99371337890625
2020-07-30,44.459999084472656,38.65463638305664
2020-07-31,44.369998931884766,38.57638931274414
2020-08-03,44.369998931884766,38.57638931274414
2020-08-04,44.7599983215332,38.915462493896484
2020-08-05,44.400001525878906,38.602474212646484
2020-08-06,44.52000045776367,38.70680236816406
2020-08-07,45.040000915527344,39.15890884399414
2020-08-10,45.040000915527344,39.15890884399414
2020-08-11,44.77000045776367,38.92416000366211
2020-08-12,45.56999969482422,39.61969757080078
2020-08-13,45.540000915527344,39.59362030029297
2020-08-14,45.220001220703125,39.315399169921875
2020-08-17,45.13999938964844,39.24584197998047
2020-08-18,44.84000015258789,38.985015869140625
2020-08-19,44.619998931884766,38.79374313354492
2020-08-20,44.22999954223633,38.454673767089844
2020-08-21,44.029998779296875,38.28078842163086
2020-08-24,44.529998779296875,38.71549606323242
2020-08-25,44.58000183105469,38.75897216796875
2020-08-26,44.22999954223633,38.454673767089844
2020-08-27,44.2400016784668,38.46336364746094
2020-08-28,44.630001068115234,38.80243682861328
2020-08-31,44.689998626708984,38.8546028137207
2020-09-01,44.33000183105469,38.54161834716797
2020-09-02,45.06999969482422,39.18498611450195
2020-09-03,44.380001068115234,38.585086822509766
2020-09-04,44.380001068115234,38.585086822509766
2020-09-08,43.72999954223633,38.01995849609375
2020-09-09,44.33000183105469,38.54161834716797
2020-09-10,43.72999954223633,38.01995849609375
2020-09-11,43.9900016784668,38.24601364135742
2020-09-14,44.72999954223633,38.889381408691406
2020-09-15,44.83000183105469,38.97632598876953
2020-09-16,44.84000015258789,38.985015869140625
2020-09-17,44.70000076293945,38.863304138183594
2020-09-18,44.20000076293945,38.4285888671875
2020-09-21,43.689998626708984,37.98517990112305
2020-09-22,44.09000015258789,38.332950592041016
2020-09-23,43.47999954223633,37.80259704589844
2020-09-24,43.63999938964844,37.94171142578125
2020-09-25,43.97999954223633,38.23731231689453
2020-09-28,44.220001220703125,38.44597625732422
2020-09-29,44.09000015258789,38.332950592041016
2020-09-30,44.56999969482422,38.75027084350586
2020-10-01,44.900001525878906,39.03718948364258
2020-10-02,45.2400016784668,39.33279037475586
2020-10-05,45.779998779296875,39.80228042602539
2020-10-06,45.68000030517578,39.715335845947266
2020-10-07,46.11000061035156,40.08919143676758
2020-10-08,46.689998626708984,40.593448638916016
2020-10-09,46.709999084472656,40.61083984375
2020-10-12,46.779998779296875,40.67169952392578
2020-10-13,46.52000045776367,40.44565200805664
2020-10-14,46.63999938964844,40.54998016357422
2020-10-15,46.41999816894531,40.358707427978516
2020-10-16,46.790000915527344,40.680397033691406
2020-10-19,46.790000915527344,40.680397033691406
2020-10-20,46.9900016784668,40.854286193847656
2020-10-21,47.06999969482422,40.9238395690918
2020-10-22,47.18000030517578,41.01948165893555
2020-10-23,47.27000045776367,41.097721099853516
2020-10-26,46.86000061035156,40.74125671386719
2020-10-27,46.65999984741211,40.5673713684082
2020-10-28,45.2599983215332,39.35017776489258
2020-10-29,45.56999969482422,39.61969757080078
2020-10-30,45.209999084472656,39.30670928955078
2020-11-02,45.97999954223633,39.97616195678711
2020-11-03,46.88999938964844,40.76734161376953
2020-11-04,46.540000915527344,40.46303939819336
2020-11-05,47.029998779296875,40.889060974121094
2020-11-06,47.08000183105469,40.93253707885742
2020-11-09,47.90999984741211,41.65415573120117
2020-11-10,48.36000061035156,42.0453987121582
2020-11-11,48.86000061035156,42.480106353759766
2020-11-12,48.0,41.73240280151367
2020-11-13,48.630001068115234,42.2801399230957
2020-11-16,48.90999984741211,42.52357864379883
2020-11-17,48.77000045776367,42.40186309814453
2020-11-18,48.5,42.167110443115234
2020-11-19,48.380001068115234,42.062782287597656
2020-11-20,48.560001373291016,42.219276428222656
2020-11-23,48.77000045776367,42.40186309814453
2020-11-24,49.45000076293945,42.99306869506836
2020-11-25,49.20000076293945,42.77571487426758
2020-11-27,49.290000915527344,42.85396194458008
2020-11-30,48.29999923706055,41.993228912353516
2020-12-01,48.560001373291016,42.219276428222656
2020-12-02,48.75,42.38446807861328
2020-12-03,48.43000030517578,42.106258392333984
2020-12-04,48.59000015258789,42.245361328125
2020-12-07,48.720001220703125,42.35839080810547
2020-12-08,48.5099983215332,42.17580795288086
2020-12-09,48.310001373291016,42.001930236816406
2020-12-10,48.79999923706055,42.427940368652344
2020-12-11,48.849998474121094,42.47140884399414
2020-12-14,48.75,42.38446807861328
2020-12-15,49.540000915527344,43.071311950683594
2020-12-16,49.220001220703125,42.7931022644043
2020-12-17,49.849998474121094,43.3408317565918
2020-12-18,50.02000045776367,43.48863983154297
2020-12-21,48.08000183105469,42.738407135009766
2020-12-22,48.0,42.667293548583984
2020-12-23,48.43000030517578,43.04952621459961
2020-12-24,48.40999984741211,43.03174591064453
2020-12-28,48.79999923706055,43.37841796875
2020-12-29,48.689998626708984,43.2806396484375
2020-12-30,49.119998931884766,43.662864685058594
2020-12-31,49.189998626708984,43.72509002685547
2021-01-04,48.779998779296875,43.36064147949219
2021-01-05,49.279998779296875,43.805091857910156
2021-01-06,50.15999984741211,44.58732223510742
2021-01-07,49.880001068115234,44.33842849731445
2021-01-08,50.0,44.445098876953125
2021-01-11,49.439998626708984,43.94731521606445
2021-01-12,49.7599983215332,44.23176193237305
2021-01-13,49.689998626708984,44.16954040527344
2021-01-14,49.7599983215332,44.23176193237305
2021-01-15,49.5,44.000648498535156
2021-01-19,49.599998474121094,44.08953857421875
2021-01-20,49.880001068115234,44.33842849731445
2021-01-21,49.61000061035156,44.09843063354492
2021-01-22,49.790000915527344,44.25843048095703
2021-01-25,49.880001068115234,44.33842849731445
2021-01-26,50.279998779296875,44.693992614746094
2021-01-27,48.81999969482422,43.39619445800781
2021-01-28,49.470001220703125,43.97398376464844
2021-01-29,48.45000076293945,43.06730651855469
2021-02-01,49.04999923706055,43.600643157958984
2021-02-02,49.119998931884766,43.662864685058594
2021-02-03,49.29999923706055,43.82286834716797
2021-02-04,49.59000015258789,44.08065414428711
2021-02-05,50.11000061035156,44.54288101196289
2021-02-08,50.4900016784668,44.88066482543945
2021-02-09,50.59000015258789,44.96955490112305
2021-02-10,50.959999084472656,45.29844284057617
2021-02-11,50.86000061035156,45.20956039428711
2021-02-12,50.63999938964844,45.01399612426758
2021-02-16,50.529998779296875,44.91621398925781
2021-02-17,50.41999816894531,44.81843566894531
2021-02-18,50.13999938964844,44.56954574584961
2021-02-19,49.900001525878906,44.35620880126953
2021-02-22,49.459999084472656,43.965091705322266
2021-02-23,49.5099983215332,44.00953674316406
2021-02-24,49.31999969482422,43.84065246582031
2021-02-25,48.459999084472656,43.076194763183594
2021-02-26,47.630001068115234,42.338401794433594
2021-03-01,48.459999084472656,43.076194763183594
2021-03-02,48.720001220703125,43.307308197021484
2021-03-03,48.470001220703125,43.0850830078125
2021-03-04,47.97999954223633,42.649513244628906
2021-03-05,48.560001373291016,43.16508483886719
2021-03-08,48.97999954223633,43.538421630859375
2021-03-09,49.93000030517578,44.382877349853516
2021-03-10,50.11000061035156,44.54288101196289
2021-03-11,50.779998779296875,45.13844299316406
2021-03-12,51.310001373291016,45.60956573486328
2021-03-15,52.36000061035156,46.542911529541016
2021-03-16,52.70000076293945,46.84513854980469
2021-03-17,52.58000183105469,46.73847198486328
2021-03-18,51.79999923706055,46.04512023925781
2021-03-19,52.119998931884766,46.32957077026367
2021-03-22,52.0,46.222904205322266
2021-03-23,51.63999938964844,45.90290069580078
2021-03-24,51.65999984741211,45.920677185058594
2021-03-25,52.439998626708984,46.61402130126953
2021-03-26,52.68000030517578,46.82735824584961
2021-03-29,52.65999984741211,46.80957794189453
2021-03-30,52.119998931884766,46.32957077026367
2021-03-31,52.41999816894531,46.59623718261719
2021-04-01,52.5099983215332,46.67624282836914
2021-04-05,53.34000015258789,47.414031982421875
2021-04-06,52.970001220703125,47.085140228271484
2021-04-07,53.2599983215332,47.342918395996094
2021-04-08,53.31999969482422,47.3962516784668
2021-04-09,53.25,47.33403396606445
2021-04-12,53.11000061035156,47.20958709716797
2021-04-13,53.36000061035156,47.43181228637695
2021-04-14,53.29999923706055,47.378475189208984
2021-04-15,53.470001220703125,47.52959060668945
2021-04-16,53.689998626708984,47.72514724731445
2021-04-19,53.29999923706055,47.378475189208984
2021-04-20,53.400001525878906,47.467369079589844
2021-04-21,53.4900016784668,47.54737091064453
2021-04-22,53.150001525878906,47.24514389038086
2021-04-23,53.349998474121094,47.42292404174805
2021-04-26,53.13999938964844,47.23625183105469
2021-04-27,53.220001220703125,47.3073616027832
2021-04-28,53.40999984741211,47.47625732421875
2021-04-29,53.68000030517578,47.71625518798828
2021-04-30,53.5099983215332,47.565147399902344
2021-05-03,54.2599983215332,48.2318229675293
2021-05-04,53.9900016784668,47.9918212890625
2021-05-05,53.88999938964844,47.902931213378906
2021-05-06,54.310001373291016,48.276268005371094
2021-05-07,55.189998626708984,49.058502197265625
2021-05-10,55.029998779296875,48.91627883911133
2021-05-11,54.61000061035156,48.54294204711914
2021-05-12,53.189998626708984,47.280696868896484
2021-05-13,53.9900016784668,47.9918212890625
2021-05-14,54.68000030517578,48.605159759521484
2021-05-17,54.65999984741211,48.58738327026367
2021-05-18,54.79999923706055,48.711830139160156
2021-05-19,54.150001525878906,48.1340446472168
2021-05-20,54.61000061035156,48.54294204711914
2021-05-21,54.650001525878906,48.578495025634766
2021-05-24,54.869998931884766,48.774051666259766
2021-05-25,54.16999816894531,48.15182113647461
2021-05-26,54.34000015258789,48.30293655395508
2021-05-27,54.31999969482422,48.285152435302734
2021-05-28,54.459999084472656,48.409603118896484
2021-06-01,54.650001525878906,48.578495025634766
2021-06-02,54.84000015258789,48.74738693237305
2021-06-03,54.68000030517578,48.605159759521484
2021-06-04,55.0,48.889610290527344
2021-06-07,55.279998779296875,49.13850021362305
2021-06-08,55.13999938964844,49.01405715942383
2021-06-09,55.349998474121094,49.20072555541992
2021-06-10,55.4900016784668,49.32516860961914
2021-06-11,55.650001525878906,49.46739959716797
2021-06-14,55.27000045776367,49.129615783691406
2021-06-15,55.41999816894531,49.2629508972168
2021-06-16,54.77000045776367,48.68516159057617
2021-06-17,54.310001373291016,48.276268005371094
2021-06-18,53.150001525878906,47.24514389038086
2021-06-21,53.540000915527344,47.59181594848633
2021-06-22,53.380001068115234,47.449588775634766
2021-06-23,52.81999969482422,46.951805114746094
2021-06-24,53.029998779296875,47.13847732543945
2021-06-25,53.310001373291016,47.38736343383789
2021-06-28,53.31999969482422,47.3962516784668
2021-06-29,52.619998931884766,46.77402877807617
2021-06-30,52.439998626708984,46.61402130126953
2021-07-01,52.88999938964844,47.01403045654297
2021-07-02,53.13999938964844,47.23625183105469
2021-07-06,52.75,46.88957977294922
2021-07-07,52.75,46.88957977294922
2021-07-08,52.18000030517578,46.382904052734375
2021-07-09,52.77000045776367,46.9073600769043
2021-07-12,52.709999084472656,46.854026794433594
2021-07-13,52.11000061035156,46.320682525634766
2021-07-14,52.459999084472656,46.631797790527344
2021-07-15,52.599998474121094,46.75624465942383
2021-07-16,52.58000183105469,46.73847198486328
2021-07-19,51.369998931884766,45.66289520263672
2021-07-20,51.95000076293945,46.178462982177734
2021-07-21,52.09000015258789,46.30290222167969
2021-07-22,52.04999923706055,46.2673454284668
2021-07-23,52.33000183105469,46.516239166259766
2021-07-26,52.029998779296875,46.249568939208984
2021-07-27,52.34000015258789,46.52513122558594
2021-07-28,52.66999816894531,46.81846618652344
2021-07-29,52.75,46.88957977294922
2021-07-30,51.900001525878906,46.13401412963867
2021-08-02,52.310001373291016,46.49846267700195
2021-08-03,52.47999954223633,46.64957809448242
2021-08-04,51.83000183105469,46.07179260253906
2021-08-05,52.150001525878906,46.356239318847656
2021-08-06,52.27000045776367,46.46290969848633
2021-08-09,52.310001373291016,46.49846267700195
2021-08-10,52.630001068115234,46.78291320800781
2021-08-11,53.08000183105469,47.182918548583984
2021-08-12,52.86000061035156,46.987361907958984
2021-08-13,53.02000045776367,47.12958526611328
2021-08-16,53.060001373291016,47.165138244628906
2021-08-17,52.779998779296875,46.9162483215332
2021-08-18,52.72999954223633,46.87179946899414
2021-08-19,52.40999984741211,46.58734893798828
2021-08-20,53.2400016784668,47.32514572143555
2021-08-23,53.560001373291016,47.60959243774414
2021-08-24,53.56999969482422,47.61848449707031
2021-08-25,53.599998474121094,47.645145416259766
2021-08-26,53.2400016784668,47.32514572143555
2021-08-27,53.52000045776367,47.57403564453125
2021-08-30,53.66999816894531,47.70737075805664
2021-08-31,53.83000183105469,47.84959411621094
2021-09-01,54.43000030517578,48.3829345703125
2021-09-02,55.060001373291016,48.94294738769531
2021-09-03,55.20000076293945,49.06739044189453
2021-09-07,54.880001068115234,48.78294372558594
2021-09-08,55.150001525878906,49.022953033447266
2021-09-09,55.41999816894531,49.2629508972168
2021-09-10,55.349998474121094,49.20072555541992
2021-09-13,55.9900016784668,49.769622802734375
2021-09-14,55.540000915527344,49.3696174621582
2021-09-15,55.91999816894531,49.707401275634766
2021-09-16,55.58000183105469,49.405174255371094
2021-09-17,54.560001373291016,48.49849319458008
2021-09-20,53.59000015258789,47.63625717163086
2021-09-21,53.810001373291016,47.83181381225586
2021-09-22,53.880001068115234,47.89404296875
2021-09-23,54.11000061035156,48.098487854003906
2021-09-24,53.34000015258789,47.414031982421875
2021-09-27,53.83000183105469,47.84959411621094
2021-09-28,53.11000061035156,47.20958709716797
2021-09-29,53.349998474121094,47.42292404174805
2021-09-30,53.0099983215332,47.120697021484375
2021-10-01,53.599998474121094,47.645145416259766
2021-10-04,54.25,48.22293472290039
2021-10-05,54.810001373291016,48.72071838378906
2021-10-06,54.9900016784668,48.88072204589844
2021-10-07,54.95000076293945,48.84516143798828
2021-10-08,54.209999084472656,48.187374114990234
2021-10-11,53.86000061035156,47.87626266479492
2021-10-12,54.83000183105469,48.73849868774414
2021-10-13,55.75,49.5562858581543
2021-10-14,55.95000076293945,49.734066009521484
2021-10-15,55.68000030517578,49.49406814575195
2021-10-18,55.79999923706055,49.600730895996094
2021-10-19,56.29999923706055,50.04518508911133
2021-10-20,57.02000045776367,50.6851921081543
2021-10-21,56.84000015258789,50.52518844604492
2021-10-22,56.84000015258789,50.52518844604492
2021-10-25,56.959999084472656,50.631858825683594
2021-10-26,56.869998931884766,50.551856994628906
2021-10-27,56.20000076293945,49.956298828125
2021-10-28,56.13999938964844,49.902957916259766
2021-10-29,55.470001220703125,49.307395935058594
2021-11-01,55.95000076293945,49.734066009521484
2021-11-02,55.68000030517578,49.49406814575195
2021-11-03,56.68000030517578,50.382965087890625
2021-11-04,56.58000183105469,50.29407501220703
2021-11-05,56.689998626708984,50.3918571472168
2021-11-08,56.81999969482422,50.50741195678711
2021-11-09,57.04999923706055,50.71186447143555
2021-11-10,56.470001220703125,50.19629669189453
2021-11-11,56.52000045776367,50.24074172973633
2021-11-12,56.290000915527344,50.03629684448242
2021-11-15,56.4900016784668,50.21407699584961
2021-11-16,56.18000030517578,49.93851852416992
2021-11-17,55.95000076293945,49.734066009521484
2021-11-18,55.790000915527344,49.59184646606445
2021-11-19,55.189998626708984,49.058502197265625
2021-11-22,55.060001373291016,48.94294738769531
2021-11-23,55.59000015258789,49.414058685302734
2021-11-24,55.7599983215332,49.5651741027832
2021-11-26,54.59000015258789,48.5251579284668
2021-11-29,55.22999954223633,49.094058990478516
2021-11-30,53.84000015258789,47.85848617553711
2021-12-01,53.439998626708984,47.50292205810547
2021-12-02,54.189998626708984,48.16959762573242
2021-12-03,53.86000061035156,47.87626266479492
2021-12-06,54.720001220703125,48.640716552734375
2021-12-07,55.5099983215332,49.34294509887695
2021-12-08,55.619998931884766,49.44072723388672
2021-12-09,55.33000183105469,49.182952880859375
2021-12-10,55.04999923706055,48.934059143066406
2021-12-13,54.90999984741211,48.80961227416992
2021-12-14,54.439998626708984,48.39181900024414
2021-12-15,55.56999969482422,49.39628219604492
2021-12-16,55.22999954223633,49.094058990478516
2021-12-17,54.58000183105469,48.516273498535156
2021-12-20,53.16999816894531,48.2269287109375
2021-12-21,53.90999984741211,48.89813232421875
2021-12-22,54.11000061035156,49.07954025268555
2021-12-23,54.27000045776367,49.22466278076172
2021-12-27,54.630001068115234,49.55119705200195
2021-12-28,54.75,49.660037994384766
2021-12-29,54.810001373291016,49.71446228027344
2021-12-30,54.720001220703125,49.63283157348633
2021-12-31,54.779998779296875,49.68724822998047
2022-01-03,55.130001068115234,50.00471115112305
2022-01-04,55.5,50.34031295776367
2022-01-05,55.189998626708984,50.05913543701172
2022-01-06,54.459999084472656,49.39699935913086
2022-01-07,55.099998474121094,49.97749710083008
2022-01-10,54.720001220703125,49.63283157348633
2022-01-11,54.810001373291016,49.71446228027344
2022-01-12,55.04999923706055,49.93214797973633
2022-01-13,54.84000015258789,49.74167251586914
2022-01-14,54.4900016784668,49.42421340942383
2022-01-18,53.560001373291016,48.58067321777344
2022-01-19,54.0099983215332,48.98883819580078
2022-01-20,53.75,48.75300979614258
2022-01-21,53.150001525878906,48.20878982543945
2022-01-24,52.650001525878906,47.75527572631836
2022-01-25,52.5,47.61921310424805
2022-01-26,51.95000076293945,47.1203498840332
2022-01-27,51.939998626708984,47.11127471923828
2022-01-28,52.540000915527344,47.655494689941406
2022-01-31,53.15999984741211,48.21785354614258
2022-02-01,53.09000015258789,48.15436553955078
2022-02-02,53.790000915527344,48.78928756713867
2022-02-03,53.38999938964844,48.426475524902344
2022-02-04,53.560001373291016,48.58067321777344
2022-02-07,53.540000915527344,48.56253433227539
2022-02-08,53.83000183105469,48.82556915283203
2022-02-09,55.20000076293945,50.06820297241211
2022-02-10,53.599998474121094,48.61695098876953
2022-02-11,53.380001068115234,48.41740417480469
2022-02-14,52.849998474121094,47.93667221069336
2022-02-15,53.27000045776367,48.31763458251953
2022-02-16,53.439998626708984,48.47182846069336
2022-02-17,52.90999984741211,47.9911003112793
2022-02-18,52.560001373291016,47.673641204833984
2022-02-22,52.400001525878906,47.52851486206055
2022-02-23,51.81999969482422,47.002437591552734
2022-02-24,52.25,47.3924560546875
2022-02-25,53.630001068115234,48.6441650390625
2022-02-28,54.029998779296875,49.00697708129883
2022-03-01,53.63999938964844,48.65323257446289
2022-03-02,54.16999816894531,49.13395690917969
2022-03-03,54.119998931884766,49.08860778808594
2022-03-04,53.7599983215332,48.76207733154297
2022-03-07,54.25,49.206520080566406
2022-03-08,54.189998626708984,49.152099609375
2022-03-09,55.150001525878906,50.022857666015625
2022-03-10,55.04999923706055,49.93214797973633
2022-03-11,54.68000030517578,49.5965461730957
2022-03-14,54.20000076293945,49.16117477416992
2022-03-15,54.650001525878906,49.569339752197266
2022-03-16,54.900001525878906,49.79609680175781
2022-03-17,56.13999938964844,50.920814514160156
2022-03-18,55.810001373291016,50.62149429321289
2022-03-21,55.40999984741211,50.25868225097656
2022-03-22,56.290000915527344,51.0568733215332
2022-03-23,55.61000061035156,50.44009017944336
2022-03-24,55.90999984741211,50.71220016479492
2022-03-25,56.119998931884766,50.90267562866211
2022-03-28,56.02000045776367,50.811973571777344
2022-03-29,56.83000183105469,51.54666519165039
2022-03-30,57.150001525878906,51.83692169189453
2022-03-31,56.83000183105469,51.54666519165039
2022-04-01,57.560001373291016,52.208805084228516
2022-04-04,57.2599983215332,51.93669128417969
2022-04-05,57.11000061035156,51.80064010620117
2022-04-06,57.45000076293945,52.10902786254883
2022-04-07,58.2400016784668,52.82558822631836
2022-04-08,58.97999954223633,53.496788024902344
2022-04-11,58.27000045776367,52.8527946472168
2022-04-12,58.380001068115234,52.952571868896484
2022-04-13,59.279998779296875,53.768898010253906
2022-04-14,59.15999984741211,53.66005325317383
2022-04-18,58.5,53.06140899658203
2022-04-19,58.81999969482422,53.35166549682617
2022-04-20,59.459999084472656,53.932167053222656
2022-04-21,57.869998931884766,52.48998260498047
2022-04-22,57.22999954223633,51.90948486328125
2022-04-25,56.630001068115234,51.365264892578125
2022-04-26,55.83000183105469,50.63964080810547
2022-04-27,55.83000183105469,50.63964080810547
2022-04-28,56.470001220703125,51.22013854980469
2022-04-29,55.209999084472656,50.07727813720703
2022-05-02,54.7599983215332,49.66910934448242
2022-05-03,55.22999954223633,50.09541702270508
2022-05-04,56.36000061035156,51.120365142822266
2022-05-05,55.0,49.886802673339844
2022-05-06,55.029998779296875,49.91400909423828
2022-05-09,53.650001525878906,48.66230392456055
2022-05-10,53.439998626708984,48.47182846069336
2022-05-11,53.52000045776367,48.54439163208008
2022-05-12,52.790000915527344,47.882259368896484
2022-05-13,54.27000045776367,49.22466278076172
2022-05-16,54.59000015258789,49.51491165161133
2022-05-17,55.66999816894531,50.4945068359375
2022-05-18,54.650001525878906,49.569339752197266
2022-05-19,55.310001373291016,50.1679801940918
2022-05-20,55.5099983215332,50.34938049316406
2022-05-23,55.97999954223633,50.775691986083984
2022-05-24,55.939998626708984,50.73940658569336
2022-05-25,56.470001220703125,51.22013854980469
2022-05-26,56.959999084472656,51.66458511352539
2022-05-27,57.5099983215332,52.16344451904297
2022-05-31,56.599998474121094,51.33804702758789
2022-06-01,56.18000030517578,50.957096099853516
2022-06-02,57.22999954223633,51.90948486328125
2022-06-03,56.779998779296875,51.50131607055664
2022-06-06,56.900001525878906,51.610164642333984
2022-06-07,57.79999923706055,52.42648696899414
2022-06-08,56.90999984741211,51.61922836303711
2022-06-09,55.779998779296875,50.59428024291992
2022-06-10,54.939998626708984,49.83237838745117
2022-06-13,52.5099983215332,47.6282844543457
2022-06-14,51.380001068115234,46.60334014892578
2022-06-15,52.16999816894531,47.31989669799805
2022-06-16,51.130001068115234,46.376583099365234
2022-06-17,50.720001220703125,46.00469970703125
2022-06-21,51.36000061035156,46.585201263427734
2022-06-22,51.22999954223633,46.46728515625
2022-06-23,51.29999923706055,46.5307731628418
2022-06-24,52.84000015258789,47.927608489990234
2022-06-27,52.689998626708984,47.79154968261719
2022-06-28,52.63999938964844,47.74620056152344
2022-06-29,52.400001525878906,47.52851486206055
2022-06-30,52.25,47.3924560546875
2022-07-01,53.38999938964844,48.426475524902344
2022-07-05,51.790000915527344,46.975223541259766
2022-07-06,51.91999816894531,47.093135833740234
2022-07-07,52.630001068115234,47.73713302612305
2022-07-08,53.029998779296875,48.099945068359375
2022-07-11,52.529998779296875,47.646427154541016
2022-07-12,52.599998474121094,47.70991516113281
2022-07-13,52.689998626708984,47.79154968261719
2022-07-14,52.540000915527344,47.655494689941406
2022-07-15,52.4900016784668,47.61014938354492
2022-07-18,52.459999084472656,47.58293914794922
2022-07-19,53.540000915527344,48.56253433227539
2022-07-20,53.0099983215332,48.08180236816406
2022-07-21,52.95000076293945,48.02738571166992
2022-07-22,52.47999954223633,47.60107421875
2022-07-25,52.650001525878906,47.75527572631836
2022-07-26,52.72999954223633,47.82783508300781
2022-07-27,53.70000076293945,48.70765686035156
2022-07-28,55.119998931884766,49.99563980102539
2022-07-29,55.59000015258789,50.42194747924805
2022-08-01,55.09000015258789,49.96843338012695
2022-08-02,54.72999954223633,49.641902923583984
2022-08-03,55.18000030517578,50.05006408691406
2022-08-04,55.060001373291016,49.94122314453125
2022-08-05,55.36000061035156,50.21333312988281
2022-08-08,55.77000045776367,50.58521270751953
2022-08-09,55.650001525878906,50.47636795043945
2022-08-10,56.34000015258789,51.10222625732422
2022-08-11,56.310001373291016,51.07501220703125
2022-08-12,57.04999923706055,51.7462158203125
2022-08-15,57.11000061035156,51.80064010620117
2022-08-16,57.45000076293945,52.10902786254883
2022-08-17,56.630001068115234,51.365264892578125
2022-08-18,56.619998931884766,51.3561897277832
2022-08-19,55.939998626708984,50.73940658569336
2022-08-22,55.209999084472656,50.07727813720703
2022-08-23,55.349998474121094,50.20425796508789
2022-08-24,56.529998779296875,51.27455520629883
2022-08-25,57.150001525878906,51.83692169189453
2022-08-26,56.0099983215332,50.80290222167969
2022-08-29,57.130001068115234,51.81877899169922
2022-08-30,56.58000183105469,51.319908142089844
2022-08-31,56.369998931884766,51.129432678222656
2022-09-01,55.900001525878906,50.703128814697266
2022-09-02,55.279998779296875,50.14076232910156
2022-09-06,55.09000015258789,49.96843338012695
2022-09-07,56.52000045776367,51.2654914855957
2022-09-08,56.88999938964844,51.60108947753906
2022-09-09,57.40999984741211,52.07274627685547
2022-09-12,57.900001525878906,52.51719284057617
2022-09-13,56.220001220703125,50.99338150024414
2022-09-14,56.810001373291016,51.52853012084961
2022-09-15,55.959999084472656,50.757545471191406
2022-09-16,55.689998626708984,50.51264572143555
2022-09-19,56.16999816894531,50.94802474975586
2022-09-20,56.20000076293945,50.97523880004883
2022-09-21,55.130001068115234,50.00471115112305
2022-09-22,55.11000061035156,49.986572265625
2022-09-23,52.95000076293945,48.02738571166992
2022-09-26,52.439998626708984,47.564796447753906
2022-09-27,52.2400016784668,47.38338851928711
2022-09-28,53.54999923706055,48.571598052978516
2022-09-29,52.119998931884766,47.27454376220703
2022-09-30,51.650001525878906,46.84823989868164
2022-10-03,53.529998779296875,48.5534553527832
2022-10-04,54.81999969482422,49.723533630371094
2022-10-05,54.43000030517578,49.36979293823242
2022-10-06,53.369998931884766,48.4083366394043
2022-10-07,52.310001373291016,47.446876525878906
2022-10-10,51.29999923706055,46.5307731628418
2022-10-11,51.09000015258789,46.340301513671875
2022-10-12,50.060001373291016,45.40605926513672
2022-10-13,51.18000030517578,46.421932220458984
2022-10-14,49.849998474121094,45.215576171875
2022-10-17,51.52000045776367,46.730323791503906
2022-10-18,51.880001068115234,47.05685806274414
2022-10-19,51.38999938964844,46.61241149902344
2022-10-20,51.38999938964844,46.61241149902344
2022-10-21,52.65999984741211,47.764339447021484
2022-10-24,52.41999816894531,47.546653747558594
2022-10-25,53.31999969482422,48.36298370361328
2022-10-26,53.779998779296875,48.78022003173828
2022-10-27,53.650001525878906,48.66230392456055
2022-10-28,54.400001525878906,49.34258270263672
2022-10-31,53.72999954223633,48.73486328125
2022-11-01,54.13999938964844,49.10675048828125
2022-11-02,53.150001525878906,48.20878982543945
2022-11-03,53.029998779296875,48.099945068359375
2022-11-04,54.04999923706055,49.02511978149414
2022-11-07,54.119998931884766,49.08860778808594
2022-11-08,54.369998931884766,49.315364837646484
2022-11-09,53.369998931884766,48.4083366394043
2022-11-10,55.54999923706055,50.38566207885742
2022-11-11,56.150001525878906,50.92988586425781
2022-11-14,55.650001525878906,50.47636795043945
2022-11-15,55.790000915527344,50.603355407714844
2022-11-16,55.459999084472656,50.30403137207031
2022-11-17,54.66999816894531,49.58747863769531
2022-11-18,55.220001220703125,50.08634567260742
2022-11-21,54.84000015258789,49.74167251586914
2022-11-22,55.58000183105469,50.412879943847656
2022-11-23,56.119998931884766,50.90267562866211
2022-11-25,56.31999969482422,51.084083557128906
2022-11-28,55.33000183105469,50.18612289428711
2022-11-29,55.41999816894531,50.26775360107422
2022-11-30,57.02000045776367,51.71900177001953
2022-12-01,56.849998474121094,51.56480407714844
2022-12-02,56.75,51.47410202026367
2022-12-05,55.43000030517578,50.27682113647461
2022-12-06,54.970001220703125,49.859588623046875
2022-12-07,54.869998931884766,49.768882751464844
2022-12-08,54.970001220703125,49.859588623046875
2022-12-09,55.04999923706055,49.93214797973633
2022-12-12,55.619998931884766,50.44915771484375
2022-12-13,55.79999923706055,50.6124267578125
2022-12-14,55.77000045776367,50.58521270751953
2022-12-15,54.95000076293945,49.84144592285156
2022-12-16,54.61000061035156,49.533058166503906
2022-12-19,53.209999084472656,49.26363754272461
2022-12-20,53.47999954223633,49.513614654541016
2022-12-21,54.380001068115234,50.346866607666016
2022-12-22,53.9900016784668,49.98579406738281
2022-12-23,54.540000915527344,50.494998931884766
2022-12-27,55.040000915527344,50.957916259765625
2022-12-28,54.369998931884766,50.33760452270508
2022-12-29,55.11000061035156,51.02272415161133
2022-12-30,54.88999938964844,50.81904220581055
2023-01-03,54.65999984741211,50.60609817504883
2023-01-04,54.849998474121094,50.782005310058594
2023-01-05,54.2400016784668,50.217247009277344
2023-01-06,55.720001220703125,51.58748245239258
2023-01-09,56.22999954223633,52.05965805053711
2023-01-10,56.47999954223633,52.291114807128906
2023-01-11,56.630001068115234,52.42999267578125
2023-01-12,56.75,52.54109191894531
2023-01-13,56.81999969482422,52.605899810791016
2023-01-17,56.439998626708984,52.25408172607422
2023-01-18,55.54999923706055,51.43008804321289
2023-01-19,55.900001525878906,51.75413513183594
2023-01-20,56.7599983215332,52.550350189208984
2023-01-23,57.279998779296875,53.03178405761719
2023-01-24,57.52000045776367,53.25398635864258
2023-01-25,57.70000076293945,53.42063522338867
2023-01-26,57.529998779296875,53.26324462890625
2023-01-27,58.13999938964844,53.8280029296875
2023-01-30,58.040000915527344,53.73542022705078
2023-01-31,58.11000061035156,53.800228118896484
2023-02-01,58.90999984741211,54.5408935546875
2023-02-02,58.470001220703125,54.13352584838867
2023-02-03,57.099998474121094,52.86513137817383
2023-02-06,56.81999969482422,52.605899810791016
2023-02-07,57.38999938964844,53.13362503051758
2023-02-08,56.540000915527344,52.3466682434082
2023-02-09,56.95000076293945,52.72625732421875
2023-02-10,57.52000045776367,53.25398635864258
2023-02-13,57.630001068115234,53.35582733154297
2023-02-14,57.84000015258789,53.55025100708008
2023-02-15,58.220001220703125,53.902069091796875
2023-02-16,57.56999969482422,53.30027770996094
2023-02-17,57.380001068115234,53.12437057495117
2023-02-21,55.790000915527344,51.65229034423828
2023-02-22,55.40999984741211,51.30047607421875
2023-02-23,55.61000061035156,51.48564147949219
2023-02-24,55.599998474121094,51.47637939453125
2023-02-27,55.66999816894531,51.54118728637695
2023-02-28,55.33000183105469,51.226409912109375
2023-03-01,55.349998474121094,51.24492263793945
2023-03-02,55.709999084472656,51.578224182128906
2023-03-03,56.63999938964844,52.439247131347656
2023-03-06,55.86000061035156,51.71710205078125
2023-03-07,54.54999923706055,50.50425720214844
2023-03-08,54.68000030517578,50.62461471557617
2023-03-09,54.36000061035156,50.32835006713867
2023-03-10,53.650001525878906,49.6710090637207
2023-03-13,53.83000183105469,49.8376579284668
2023-03-14,54.02000045776367,50.01356506347656
2023-03-15,53.099998474121094,49.161800384521484
2023-03-16,53.720001220703125,49.735816955566406
2023-03-17,53.540000915527344,49.56916809082031
2023-03-20,53.810001373291016,49.81914520263672
2023-03-21,54.189998626708984,50.170955657958984
2023-03-22,53.29999923706055,49.34696578979492
2023-03-23,52.4900016784668,48.597042083740234
2023-03-24,52.290000915527344,48.41187286376953
2023-03-27,52.810001373291016,48.893306732177734
2023-03-28,53.54999923706055,49.57841873168945
2023-03-29,54.34000015258789,50.30983352661133
2023-03-30,55.209999084472656,51.11531066894531
2023-03-31,55.560001373291016,51.439353942871094
2023-04-03,55.70000076293945,51.568965911865234
2023-04-04,54.869998931884766,50.8005256652832
2023-04-05,54.5099983215332,50.467220306396484
2023-04-06,54.72999954223633,50.67090606689453
2023-04-10,54.939998626708984,50.865333557128906
2023-04-11,55.58000183105469,51.45787048339844
2023-04-12,55.77000045776367,51.63377380371094
2023-04-13,56.650001525878906,52.448509216308594
2023-04-14,56.150001525878906,51.985595703125
2023-04-17,55.9900016784668,51.83745574951172
2023-04-18,55.52000045776367,51.40231704711914
2023-04-19,55.34000015258789,51.23566436767578
2023-04-20,55.130001068115234,51.04124069213867
2023-04-21,55.22999954223633,51.13382339477539
2023-04-24,55.09000015258789,51.00421142578125
2023-04-25,54.86000061035156,50.791263580322266
2023-04-26,55.11000061035156,51.02272415161133
2023-04-27,55.619998931884766,51.49489974975586
2023-04-28,56.61000061035156,52.411476135253906
2023-05-01,56.029998779296875,51.874488830566406
2023-05-02,55.349998474121094,51.24492263793945
2023-05-03,55.29999923706055,51.198631286621094
2023-05-04,55.7599983215332,51.624515533447266
2023-05-05,57.0,52.77254867553711
2023-05-08,57.09000015258789,52.855873107910156
2023-05-09,58.20000076293945,53.88355255126953
2023-05-10,58.439998626708984,54.105751037597656
2023-05-11,57.5,53.235469818115234
2023-05-12,57.58000183105469,53.30953598022461
2023-05-15,57.459999084472656,53.19843292236328
2023-05-16,56.380001068115234,52.19853210449219
2023-05-17,56.45000076293945,52.263343811035156
2023-05-18,55.86000061035156,51.71710205078125
2023-05-19,55.81999969482422,51.6800651550293
2023-05-22,56.88999938964844,52.67070770263672
2023-05-23,56.34000015258789,52.161502838134766
2023-05-24,55.66999816894531,51.54118728637695
2023-05-25,54.869998931884766,50.8005256652832
2023-05-26,54.7400016784668,50.6801643371582
2023-05-30,53.63999938964844,49.661746978759766
2023-05-31,54.63999938964844,50.587581634521484
2023-06-01,56.95000076293945,52.72625732421875
2023-06-02,57.72999954223633,53.44841003417969
2023-06-05,58.47999954223633,54.14278793334961
2023-06-06,57.90999984741211,53.61505889892578
2023-06-07,58.0,53.698387145996094
2023-06-08,58.779998779296875,54.420536041259766
2023-06-09,58.97999954223633,54.6057014465332
2023-06-12,60.2400016784668,55.77225112915039
2023-06-13,60.119998931884766,55.66114807128906
2023-06-14,59.59000015258789,55.17045974731445
2023-06-15,60.22999954223633,55.762996673583984
2023-06-16,60.59000015258789,56.09629821777344
2023-06-20,60.150001525878906,55.68893051147461
2023-06-21,59.959999084472656,55.51301956176758
2023-06-22,59.02000045776367,54.64273452758789
2023-06-23,58.09000015258789,53.78171157836914
2023-06-26,58.150001525878906,53.83726119995117
2023-06-27,58.65999984741211,54.3094367980957
2023-06-28,58.7599983215332,54.402015686035156
2023-06-29,58.939998626708984,54.56866455078125
2023-06-30,59.40999984741211,55.00381088256836
2023-07-03,59.5099983215332,55.09639358520508
2023-07-05,59.150001525878906,54.76309585571289
2023-07-06,57.86000061035156,53.568763732910156
2023-07-07,58.689998626708984,54.33721160888672
2023-07-10,58.959999084472656,54.587181091308594
2023-07-11,59.77000045776367,55.33710861206055
2023-07-12,60.529998779296875,56.04074478149414
2023-07-13,61.47999954223633,56.9202880859375
2023-07-14,60.2599983215332,55.790767669677734
2023-07-17,60.34000015258789,55.86483383178711
2023-07-18,60.779998779296875,56.27220153808594
2023-07-19,60.75,56.24442672729492
2023-07-20,60.7599983215332,56.253684997558594
2023-07-21,60.310001373291016,55.83706283569336
2023-07-24,60.459999084472656,55.97593688964844
2023-07-25,61.290000915527344,56.744380950927734
2023-07-26,60.900001525878906,56.383304595947266
2023-07-27,59.349998474121094,54.94825744628906
2023-07-28,59.95000076293945,55.50376510620117
2023-07-31,61.380001068115234,56.82770538330078
2023-08-01,61.0099983215332,56.485145568847656
2023-08-02,60.25,55.78151321411133
2023-08-03,60.2599983215332,55.790767669677734
2023-08-04,60.79999923706055,56.29072189331055
2023-08-07,61.529998779296875,56.96657943725586
2023-08-08,61.560001373291016,56.994354248046875
2023-08-09,61.689998626708984,57.11471176147461
2023-08-10,61.70000076293945,57.12397003173828
2023-08-11,62.459999084472656,57.827606201171875
2023-08-14,62.380001068115234,57.753536224365234
2023-08-15,61.310001373291016,56.76289749145508
2023-08-16,61.119998931884766,56.58698654174805
2023-08-17,60.72999954223633,56.22591018676758
2023-08-18,61.68000030517578,57.10545349121094
2023-08-21,63.27000045776367,58.57753372192383
2023-08-22,63.279998779296875,58.586788177490234
2023-08-23,63.939998626708984,59.197837829589844
2023-08-24,62.91999816894531,58.253482818603516
2023-08-25,63.81999969482422,59.08673858642578
2023-08-28,64.19999694824219,59.43855667114258
2023-08-29,64.38999938964844,59.614463806152344
2023-08-30,64.86000061035156,60.04960632324219
2023-08-31,64.30000305175781,59.53114700317383
2023-09-01,65.22000122070312,60.38290786743164
2023-09-05,66.12000274658203,61.216163635253906
2023-09-06,65.54000091552734,60.679176330566406
2023-09-07,65.54000091552734,60.679176330566406
2023-09-08,66.0,61.10506057739258
2023-09-11,67.0,62.03089904785156
2023-09-12,66.76000213623047,61.80869674682617
2023-09-13,68.2699966430664,63.20669937133789
2023-09-14,70.19000244140625,64.98429870605469
2023-09-15,70.72000122070312,65.47499084472656
2023-09-18,71.05000305175781,65.78052520751953
2023-09-19,70.20999908447266,65.00282287597656
2023-09-20,70.2300033569336,65.0213394165039
2023-09-21,69.06999969482422,63.947364807128906
2023-09-22,71.37000274658203,66.07678985595703
2023-09-25,72.98999786376953,67.5766372680664
2023-09-26,71.11000061035156,65.83607482910156
2023-09-27,70.69000244140625,65.44721984863281
2023-09-28,72.38999938964844,67.02113342285156
2023-09-29,70.8499984741211,65.59535217285156
2023-10-02,68.33000183105469,63.26225280761719
2023-10-03,67.19000244140625,62.20680236816406
2023-10-04,66.79000091552734,61.83646774291992
2023-10-05,67.73999786376953,62.716007232666016
2023-10-06,68.98999786376953,63.87330627441406
2023-10-09,68.25,63.18818664550781
2023-10-10,69.70999908447266,64.53990173339844
2023-10-11,69.23999786376953,64.1047592163086
2023-10-12,68.08000183105469,63.03079605102539
2023-10-13,68.55000305175781,63.465938568115234
2023-10-16,67.91000366210938,62.873409271240234
2023-10-17,68.7300033569336,63.63258743286133
2023-10-18,68.22000122070312,63.16041564941406
2023-10-19,68.87999725341797,63.77145767211914
2023-10-20,67.97000122070312,62.928955078125
2023-10-23,68.05000305175781,63.003021240234375
2023-10-24,69.47000122070312,64.31771087646484
2023-10-25,69.41000366210938,64.26216125488281
2023-10-26,68.62999725341797,63.540000915527344
2023-10-27,67.27999877929688,62.29012680053711
2023-10-30,68.3499984741211,63.280765533447266
2023-10-31,69.93000030517578,64.74359130859375
2023-11-01,70.9800033569336,65.7157211303711
2023-11-02,72.13999938964844,66.7896728515625
2023-11-03,71.36000061035156,66.06753540039062
2023-11-06,70.16999816894531,64.96578979492188
2023-11-07,70.55999755859375,65.32685852050781
2023-11-08,69.5,64.3454818725586
2023-11-09,70.26000213623047,65.04911804199219
2023-11-10,70.66000366210938,65.41944885253906
2023-11-13,71.58000183105469,66.2712173461914
2023-11-14,73.48999786376953,68.03955078125
2023-11-15,72.33000183105469,66.96559143066406
2023-11-16,72.87000274658203,67.46553802490234
2023-11-17,74.22000122070312,68.71541595458984
2023-11-20,75.08999633789062,69.52088928222656
2023-11-21,74.5,68.97463989257812
2023-11-22,74.94000244140625,69.38201904296875
2023-11-24,75.20999908447266,69.63198852539062
2023-11-27,75.26000213623047,69.67829132080078
2023-11-28,74.58999633789062,69.05796813964844
2023-11-29,72.5999984741211,67.21556091308594
2023-11-30,73.94000244140625,68.45618438720703
2023-12-01,74.26000213623047,68.75244903564453
2023-12-04,74.94999694824219,69.39126586914062
2023-12-05,73.73999786376953,68.27101135253906
2023-12-06,73.06999969482422,67.65071105957031
2023-12-07,73.0199966430664,67.60440826416016
2023-12-08,73.62999725341797,68.16917419433594
2023-12-11,73.66000366210938,68.19695281982422
2023-12-12,73.86000061035156,68.38211059570312
2023-12-13,73.8499984741211,68.37285614013672
2023-12-14,75.66999816894531,70.05787658691406
2023-12-15,74.05000305175781,68.55802917480469
2023-12-18,71.5,69.2436752319336
2023-12-19,70.23999786376953,68.02344512939453
2023-12-20,69.61000061035156,67.41332244873047
2023-12-21,71.2699966430664,69.02093505859375
2023-12-22,71.80000305175781,69.53421783447266
2023-12-26,72.70999908447266,70.41549682617188
2023-12-27,72.33000183105469,70.04749298095703
2023-12-28,71.19999694824219,68.9531478881836
2023-12-29,71.72000122070312,69.45673370361328
2024-01-02,71.0999984741211,68.8563003540039
2024-01-03,71.01000213623047,68.76914978027344
2024-01-04,71.38999938964844,69.13715362548828
2024-01-05,71.41999816894531,69.16620635986328
2024-01-08,72.05999755859375,69.7860107421875
2024-01-09,73.66000366210938,71.33552551269531
2024-01-10,74.47000122070312,72.11995697021484
2024-01-11,75.01000213623047,72.6429214477539
2024-01-12,78.11000061035156,75.64509582519531
2024-01-16,77.62999725341797,75.18022918701172
2024-01-17,75.91000366210938,73.51451873779297
2024-01-18,76.54000091552734,74.1246337890625
2024-01-19,75.91000366210938,73.51451873779297
2024-01-22,74.0,71.66478729248047
2024-01-23,75.68000030517578,73.29177856445312
2024-01-24,75.19000244140625,72.8172378540039
2024-01-25,74.69999694824219,72.34269714355469
2024-01-26,74.94000244140625,72.57512664794922
2024-01-29,75.38999938964844,73.01092529296875
2024-01-30,76.08999633789062,73.68883514404297
2024-01-31,75.77999877929688,73.38861083984375
2024-02-01,78.9000015258789,76.41015625
2024-02-02,77.83000183105469,75.37393188476562
2024-02-05,76.86000061035156,74.43453979492188
2024-02-06,77.16999816894531,74.73475646972656
2024-02-07,77.80999755859375,75.35455322265625
2024-02-08,75.48999786376953,73.1077651977539
2024-02-09,74.75,72.39112091064453
2024-02-12,74.68000030517578,72.32333374023438
2024-02-13,73.2300033569336,70.9190902709961
2024-02-14,73.75,71.42267608642578
2024-02-15,73.66999816894531,71.34519958496094
2024-02-16,73.05000305175781,70.7447738647461
2024-02-20,71.87999725341797,69.61168670654297
2024-02-21,72.44999694824219,70.1636962890625
2024-02-22,71.43000030517578,69.17588806152344
2024-02-23,70.43000030517578,68.20745086669922
2024-02-26,70.83999633789062,68.60450744628906
2024-02-27,73.19999694824219,70.89002990722656
2024-02-28,73.33000183105469,71.01593780517578
2024-02-29,73.08000183105469,70.7738265991211
2024-03-01,74.76000213623047,72.40080261230469
2024-03-04,74.31999969482422,71.97469329833984
2024-03-05,74.12999725341797,71.79068756103516
2024-03-06,75.26000213623047,72.8850326538086
2024-03-07,77.36000061035156,74.91876220703125
2024-03-08,74.38999938964844,72.04248046875
2024-03-11,73.95999908447266,71.62605285644531
2024-03-12,73.93000030517578,71.59699249267578
2024-03-13,73.11000061035156,70.8028793334961
2024-03-14,72.22000122070312,69.94096374511719
2024-03-15,73.47000122070312,71.15151977539062
2024-03-18,73.62000274658203,71.29678344726562
2024-03-19,73.30999755859375,70.9965591430664
2024-03-20,75.26000213623047,72.8850326538086
2024-03-21,75.1500015258789,72.77850341796875
2024-03-22,75.3499984741211,72.97218322753906
2024-03-25,75.29000091552734,72.9140853881836
2024-03-26,74.83999633789062,72.478271484375
2024-03-27,75.41000366210938,73.0302963256836
2024-03-28,75.95999908447266,73.56293487548828
2024-04-01,78.29000091552734,75.81940460205078
2024-04-02,78.62000274658203,76.13899993896484
2024-04-03,80.5199966430664,77.97903442382812
2024-04-04,78.79000091552734,76.30362701416016
2024-04-05,79.55000305175781,77.0396499633789
2024-04-08,78.77999877929688,76.2939453125
2024-04-09,78.54000091552734,76.06151580810547
2024-04-10,78.5999984741211,76.11962890625
2024-04-11,79.88999938964844,77.3689193725586
2024-04-12,78.55999755859375,76.08088684082031
2024-04-15,76.88999938964844,74.46359252929688
2024-04-16,76.18000030517578,73.77599334716797
2024-04-17,76.1500015258789,73.74694061279297
2024-04-18,76.33999633789062,73.93094635009766
2024-04-19,76.08000183105469,73.67915344238281
2024-04-22,76.12000274658203,73.7178955078125
2024-04-23,76.73999786376953,74.31832122802734
2024-04-24,76.3499984741211,73.94062805175781
2024-04-25,76.97000122070312,74.54106903076172
2024-04-26,77.87000274658203,75.41266632080078
2024-04-29,79.33000183105469,76.82659149169922
2024-04-30,76.73999786376953,74.31832122802734
2024-05-01,78.81999969482422,76.33267974853516
2024-05-02,80.45999908447266,77.92092895507812
2024-05-03,81.06999969482422,78.51168060302734
2024-05-06,83.38999938964844,80.75846862792969
2024-05-07,83.12999725341797,80.50667572021484
2024-05-08,82.0999984741211,79.5091781616211
2024-05-09,84.58999633789062,81.92059326171875
2024-05-10,83.54000091552734,80.90373229980469
2024-05-13,83.29000091552734,80.66162109375
2024-05-14,84.05999755859375,81.4073257446289
2024-05-15,85.26000213623047,82.56946563720703
2024-05-16,85.22000122070312,82.53072357177734
2024-05-17,87.38999938964844,84.63224029541016
2024-05-20,88.5,85.70721435546875
2024-05-21,88.80000305175781,85.99774932861328
2024-05-22,86.75,84.01244354248047
2024-05-23,85.55999755859375,82.8599853515625
2024-05-24,86.70999908447266,83.97370147705078
2024-05-28,87.1500015258789,84.39981842041016
2024-05-29,85.93000030517578,83.21831512451172
2024-05-30,86.47000122070312,83.74127197265625
2024-05-31,86.77999877929688,84.04149627685547
2024-06-03,85.30999755859375,82.61787414550781
2024-06-04,83.87000274658203,81.22332000732422
2024-06-05,83.58000183105469,80.94247436523438
2024-06-06,84.11000061035156,81.45574951171875
2024-06-07,81.77999877929688,79.19927978515625
2024-06-10,82.9800033569336,80.36141204833984
2024-06-11,80.55999755859375,78.01776885986328
2024-06-12,82.02999877929688,79.44139099121094
2024-06-13,82.80000305175781,80.18709564208984
2024-06-14,81.75,79.17022705078125
2024-06-17,81.25,78.68599700927734
2024-06-18,82.36000061035156,79.76097869873047
2024-06-20,82.73999786376953,80.12897491455078
2024-06-21,81.72000122070312,79.14116668701172
2024-06-24,81.25,78.68599700927734
2024-06-25,80.98999786376953,78.4342041015625
2024-06-26,80.9000015258789,78.3470458984375
2024-06-27,81.08000183105469,78.5213623046875
2024-06-28,79.97000122070312,77.44639587402344
2024-07-01,80.18000030517578,77.64977264404297
2024-07-02,80.16999816894531,77.64007568359375
2024-07-03,81.95999908447266,79.37359619140625
2024-07-05,81.63999938964844,79.0636978149414
2024-07-08,81.6500015258789,79.07337951660156
2024-07-09,81.83999633789062,79.25737762451172
2024-07-10,84.58999633789062,81.92059326171875
2024-07-11,85.2699966430664,82.57913970947266
2024-07-12,85.51000213623047,82.81157684326172
2024-07-15,84.44999694824219,81.7850112915039
2024-07-16,84.0,81.3492202758789
2024-07-17,80.62000274658203,78.07588958740234
2024-07-18,79.58000183105469,77.0687026977539
2024-07-19,79.13999938964844,76.64258575439453
2024-07-22,79.75,77.23333740234375
2024-07-23,79.23999786376953,76.73943328857422
2024-07-24,77.45999908447266,75.0156021118164
2024-07-25,76.30000305175781,73.8922119140625
2024-07-26,77.43000030517578,74.9865493774414
2024-07-29,76.38999938964844,73.9793701171875
2024-07-30,76.63999938964844,74.22148132324219
2024-07-31,78.9000015258789,76.41015625
2024-08-01,75.44000244140625,73.0593490600586
2024-08-02,72.33999633789062,70.05716705322266
2024-08-05,70.80999755859375,68.57545471191406
2024-08-06,71.4000015258789,69.14684295654297
2024-08-07,71.75,69.48579406738281
2024-08-08,72.75,70.45423889160156
2024-08-09,72.73999786376953,70.44454193115234
2024-08-12,73.16999816894531,70.86097717285156
2024-08-13,73.62999725341797,71.30646514892578
2024-08-14,73.8499984741211,71.51952362060547
2024-08-15,74.76000213623047,72.40080261230469
2024-08-16,74.3499984741211,72.00374603271484
2024-08-19,74.86000061035156,72.49765014648438
2024-08-20,74.94999694824219,72.58480072021484
2024-08-21,75.48999786376953,73.1077651977539
2024-08-22,74.13999938964844,71.80036926269531
2024-08-23,77.45999908447266,75.0156021118164
2024-08-26,77.12000274658203,74.68633270263672
2024-08-27,77.27999877929688,74.8412857055664
2024-08-28,75.38999938964844,73.01092529296875
2024-08-29,74.87000274658203,72.50733184814453
2024-08-30,75.55999755859375,73.17555236816406
2024-09-03,72.11000061035156,69.83443450927734
2024-09-04,72.54000091552734,70.25086212158203
2024-09-05,71.66000366210938,69.39863586425781
2024-09-06,69.7699966430664,67.56827545166016
2024-09-09,70.5,68.27523803710938
2024-09-10,71.58999633789062,69.33084106445312
2024-09-11,74.05000305175781,71.71321868896484
2024-09-12,75.33000183105469,72.95281982421875
2024-09-13,74.80999755859375,72.44922637939453
2024-09-16,75.0999984741211,72.7300796508789
2024-09-17,74.6500015258789,72.29428100585938
2024-09-18,74.20999908447266,71.8681640625
2024-09-19,76.11000061035156,73.70819854736328
2024-09-20,79.75,77.23333740234375
2024-09-23,82.2699966430664,79.6738052368164
2024-09-24,84.0999984741211,81.4460678100586
2024-09-25,84.44000244140625,81.77533721923828
2024-09-26,84.5,81.83344268798828
2024-09-27,84.83000183105469,82.15303039550781
2024-09-30,83.55000305175781,80.91342163085938
2024-10-01,85.68000030517578,82.97620391845703
2024-10-02,86.80000305175781,84.06085968017578
2024-10-03,86.8499984741211,84.1092758178711
2024-10-04,88.72000122070312,85.92027282714844
2024-10-07,87.12999725341797,84.38043975830078
2024-10-08,87.05000305175781,84.30297088623047
2024-10-09,85.43000030517578,82.73409271240234
2024-10-10,85.7300033569336,83.0246353149414
2024-10-11,86.77999877929688,84.04149627685547
2024-10-14,87.83999633789062,85.06803894042969
2024-10-15,88.12999725341797,85.34889221191406
2024-10-16,94.44000244140625,91.45977020263672
2024-10-17,94.56999969482422,91.58566284179688
2024-10-18,96.63999938964844,93.59033966064453
2024-10-21,96.66999816894531,93.61939239501953
2024-10-22,95.08999633789062,92.08924865722656
2024-10-23,92.52999877929688,89.61003875732422
2024-10-24,92.69999694824219,89.77467346191406
2024-10-25,92.37000274658203,89.45509338378906
2024-10-28,94.30000305175781,91.32418823242188
2024-10-29,93.26000213623047,90.31700134277344
2024-10-30,92.05000305175781,89.14518737792969
2024-10-31,90.9800033569336,88.10895538330078
2024-11-01,90.08999633789062,87.24703216552734
2024-11-04,86.7300033569336,83.99307250976562
2024-11-05,87.22000122070312,84.46761322021484
2024-11-06,88.26000213623047,85.47478485107422
2024-11-07,91.69999694824219,88.80622863769531
2024-11-08,90.79000091552734,87.9249496459961
2024-11-11,90.5,87.64409637451172
2024-11-12,89.33000183105469,86.51102447509766
2024-11-13,88.54000091552734,85.7459487915039
2024-11-14,88.6500015258789,85.85247802734375
2024-11-15,87.94000244140625,85.1648941040039
2024-11-18,92.25,89.33887481689453
2024-11-19,93.43000030517578,90.48163604736328
2024-11-20,92.41000366210938,89.49382781982422
2024-11-21,95.97000122070312,92.94148254394531
2024-11-22,96.31999969482422,93.28044128417969
2024-11-25,94.11000061035156,91.14018249511719
2024-11-26,94.12999725341797,91.1595458984375
2024-11-27,93.80000305175781,90.8399658203125
2024-11-29,95.37000274658203,92.36042022705078
2024-12-02,93.29000091552734,90.34605407714844
2024-12-03,92.55000305175781,89.6294174194336
2024-12-04,92.02999877929688,89.12581634521484
2024-12-05,92.69000244140625,89.7649917602539
2024-12-06,92.4000015258789,89.48413848876953
2024-12-09,88.87999725341797,86.0752182006836
2024-12-10,88.18000030517578,85.39730834960938
2024-12-11,89.13999938964844,86.32701873779297
2024-12-12,87.33000183105469,84.57414245605469
2024-12-13,86.51000213623047,83.78001403808594
2024-12-16,85.48999786376953,82.79219818115234
2024-12-17,84.69999694824219,82.0271224975586
2024-12-18,81.87999725341797,79.29611206054688
2024-12-19,82.68000030517578,80.07087707519531
2024-12-20,82.76000213623047,80.14835357666016
2024-12-23,83.16000366210938,81.1376953125
2024-12-24,83.47000122070312,81.44015502929688
2024-12-26,83.61000061035156,81.57675170898438
2024-12-27,82.88999938964844,80.87425994873047
2024-12-30,81.91999816894531,79.92784118652344
2024-12-31,81.33999633789062,79.36194610595703
2025-01-02,84.51000213623047,82.45486450195312
2025-01-03,87.37999725341797,85.25506591796875
2025-01-06,89.31999969482422,87.14788818359375
2025-01-07,86.88999938964844,84.77698516845703
2025-01-08,84.77999877929688,82.71829223632812
2025-01-10,84.48999786376953,82.43534851074219
2025-01-13,82.80000305175781,80.78645324707031
2025-01-14,83.75,81.71334075927734
2025-01-15,85.58999633789062,83.50859832763672
2025-01-16,85.94000244140625,83.85009002685547
2025-01-17,87.26000213623047,85.13799285888672
2025-01-21,91.52999877929688,89.30414581298828
2025-01-22,93.76000213623047,91.47991943359375
2025-01-23,96.20999908447266,93.8703384399414
2025-01-24,95.63999938964844,93.31420135498047
2025-01-27,85.06999969482422,83.0012435913086
2025-01-28,86.2699966430664,84.17205810546875
2025-01-29,88.13999938964844,85.99658966064453
2025-01-30,90.7699966430664,88.56262969970703
2025-01-31,89.37999725341797,87.20642852783203
2025-02-03,89.23999786376953,87.06983184814453
2025-02-04,90.48999786376953,88.28943634033203
2025-02-05,91.73999786376953,89.50904083251953
2025-02-06,89.75,87.56743621826172
2025-02-07,92.1500015258789,89.90907287597656
2025-02-10,92.7699966430664,90.51399230957031
2025-02-11,90.94999694824219,88.73825073242188
2025-02-12,92.13999938964844,89.8993148803711
2025-02-13,91.70999908447266,89.47976684570312
2025-02-14,89.25,87.07959747314453
2025-02-18,89.72000122070312,87.53816223144531
2025-02-19,87.94000244140625,85.80145263671875
2025-02-20,86.86000061035156,84.74771118164062
2025-02-21,83.69000244140625,81.6548080444336
2025-02-24,81.62999725341797,79.6448974609375
2025-02-25,80.5199966430664,78.5618896484375
2025-02-26,82.08000183105469,80.08395385742188
2025-02-27,78.72000122070312,76.8056640625
2025-02-28,79.30999755859375,77.38131713867188
2025-03-03,75.87000274658203,74.02497863769531
2025-03-04,77.5199966430664,75.63484191894531
2025-03-05,78.43000030517578,76.52272033691406
2025-03-06,75.5999984741211,73.76153564453125
2025-03-07,75.75,73.90789031982422
2025-03-10,73.38999938964844,71.60527801513672
2025-03-11,75.38999938964844,73.556640625
2025-03-12,76.01000213623047,74.16156768798828
2025-03-13,75.45999908447266,73.62493896484375
2025-03-14,77.41000366210938,75.52752685546875
2025-03-17,78.75,76.8349380493164
2025-03-18,77.88999938964844,75.995849609375
2025-03-19,79.63999938964844,77.70329284667969
2025-03-20,79.93000030517578,77.98623657226562
2025-03-21,79.16999816894531,77.24472045898438
2025-03-24,80.86000061035156,78.89362335205078
2025-03-25,79.33999633789062,77.41058349609375
2025-03-26,77.58000183105469,75.69338989257812
2025-03-27,75.91000366210938,74.06400299072266
2025-03-28,74.13999938964844,72.33704376220703
2025-03-31,73.2699966430664,71.48819732666016
2025-04-01,74.04000091552734,72.2394790649414
2025-04-02,74.6500015258789,72.83464050292969
2025-04-03,72.55000305175781,70.78571319580078
2025-04-04,67.7300033569336,66.08292388916016
2025-04-07,67.0,65.37067413330078
2025-04-08,66.88999938964844,65.26335144042969
2025-04-09,73.12999725341797,71.35160064697266
2025-04-10,71.62000274658203,69.87832641601562
2025-04-11,73.8499984741211,72.05409240722656
2025-04-14,74.22000122070312,72.41510009765625
2025-04-15,74.20999908447266,72.40534210205078
2025-04-16,73.91999816894531,72.12239074707031
2025-04-17,74.81999969482422,73.00050354003906
2025-04-21,72.2300033569336,70.47349548339844
2025-04-22,73.77999877929688,71.98579406738281
2025-04-23,75.79000091552734,73.9469223022461
2025-04-24,78.37999725341797,76.47393035888672
2025-04-25,77.9800033569336,76.08366394042969
2025-04-28,79.37999725341797,77.44961547851562
2025-04-29,79.69000244140625,77.7520751953125
2025-04-30,78.94000244140625,77.02031707763672
2025-05-01,79.9800033569336,78.03502655029297
2025-05-02,81.62999725341797,79.6448974609375
2025-05-05,80.88999938964844,78.92289733886719
2025-05-06,83.33000183105469,81.30355834960938
2025-05-07,83.75,81.71334075927734
2025-05-08,83.26000213623047,81.23526000976562
2025-05-09,84.4800033569336,82.42559814453125
2025-05-12,84.87999725341797,82.81586456298828
2025-05-13,86.63999938964844,84.53306579589844
2025-05-14,87.77999877929688,85.64533996582031
2025-05-15,88.05999755859375,85.91853332519531
2025-05-16,88.05000305175781,85.90877532958984
2025-05-19,88.44999694824219,86.29904174804688
2025-05-20,88.13999938964844,85.99658966064453
2025-05-21,87.66999816894531,85.53801727294922
2025-05-22,88.19000244140625,86.04537200927734
2025-05-23,96.95999908447266,94.60209655761719
2025-05-27,100.02999877929688,97.59744262695312
2025-05-28,99.63999938964844,97.21692657470703
2025-05-29,97.26000213623047,94.89480590820312
2025-05-30,97.19000244140625,94.82650756835938
2025-06-02,96.98999786376953,94.6313705444336
2025-06-03,98.73999786376953,96.33881378173828
2025-06-04,98.55000305175781,96.15343475341797
2025-06-05,97.61000061035156,95.23628997802734
2025-06-06,99.66000366210938,97.23644256591797
2025-06-09,101.94999694824219,99.47074890136719
2025-06-10,99.33999633789062,96.9242172241211
2025-06-11,105.1500015258789,102.59293365478516
2025-06-12,105.27999877929688,102.71977233886719
2025-06-13,105.02999877929688,102.4758529663086
2025-06-16,109.76000213623047,107.09082794189453
2025-06-17,108.0,105.37362670898438
2025-06-18,108.87999725341797,106.23222351074219
2025-06-20,107.05000305175781,104.44673156738281
2025-06-23,108.16000366210938,105.52973937988281
2025-06-24,111.01000213623047,108.31043243408203
2025-06-25,108.56999969482422,105.92976379394531
2025-06-26,110.75,108.05674743652344
2025-06-27,109.41999816894531,106.75909423828125
2025-06-30,111.18000030517578,108.4762954711914
2025-07-01,107.62000274658203,105.00286865234375
2025-07-02,108.41999816894531,105.78340911865234
2025-07-03,108.51000213623047,105.87122344970703
2025-07-07,109.12999725341797,106.47614288330078
2025-07-08,106.25,103.66618347167969
2025-07-09,105.16000366210938,102.60269165039062
2025-07-10,106.63999938964844,104.04669952392578
2025-07-11,108.16999816894531,105.53948974609375
2025-07-14,111.58000183105469,108.86656951904297
2025-07-15,111.23999786376953,108.53483581542969
2025-07-16,114.41999816894531,111.63750457763672
2025-07-17,115.52999877929688,112.72050476074219
2025-07-18,117.12999725341797,114.28160095214844
2025-07-21,114.73999786376953,111.94972229003906
2025-07-22,115.25,112.44731903076172
2025-07-23,117.8499984741211,114.98409271240234
2025-07-24,120.54000091552734,117.60867309570312
2025-07-25,120.94999694824219,118.00869750976562
2025-07-28,118.5,115.6182861328125
2025-07-29,116.27999877929688,113.4522705078125
2025-07-30,115.91999816894531,113.10102081298828
2025-07-31,114.5999984741211,111.81312561035156
2025-08-01,112.05000305175781,109.32514190673828
2025-08-04,116.4000015258789,113.56935119628906
2025-08-05,119.4800033569336,116.57445526123047
2025-08-06,120.54000091552734,117.60867309570312
2025-08-07,119.30000305175781,116.39883422851562
2025-08-08,118.0199966430664,115.14995574951172
2025-08-11,117.37000274658203,114.5157699584961
2025-08-12,119.19000244140625,116.29150390625
2025-08-13,116.36000061035156,113.53032684326172
2025-08-14,115.95999908447266,113.14005279541016
2025-08-15,115.76000213623047,112.94491577148438
2025-08-18,115.66000366210938,112.84735107421875
2025-08-19,109.9800033569336,107.30548095703125
2025-08-20,108.69000244140625,106.0468521118164
2025-08-21,110.45999908447266,107.7738037109375
2025-08-22,115.16000366210938,112.35951232910156
2025-08-25,115.22000122070312,112.41805267333984
2025-08-26,119.12999725341797,116.23296356201172
2025-08-27,116.79000091552734,113.94986724853516
2025-08-28,119.01000213623047,116.11588287353516
2025-08-29,118.7300033569336,115.84269714355469
2025-09-02,118.44000244140625,115.55974578857422
2025-09-03,119.5,116.59396362304688
2025-09-04,118.23999786376953,115.3646011352539
2025-09-05,118.77999877929688,115.89147186279297
2025-09-08,120.70999908447266,117.7745361328125
2025-09-09,122.12999725341797,119.16000366210938
2025-09-10,123.04000091552734,120.04788208007812
2025-09-11,123.52999877929688,120.52596282958984
2025-09-12,122.37999725341797,119.40392303466797
2025-09-15,130.72000122070312,127.5411148071289
2025-09-16,127.04000091552734,123.95060729980469
2025-09-17,127.36000061035156,124.26282501220703
2025-09-18,130.3300018310547,127.16059875488281
2025-09-19,137.36000061035156,134.01963806152344
2025-09-22,140.02999877929688,136.6247100830078
2025-09-23,139.42999267578125,136.03929138183594
2025-09-24,135.77000427246094,132.4683074951172
2025-09-25,137.11000061035156,133.77572631835938
2025-09-26,136.22999572753906,132.9171142578125
2025-09-29,136.75999450683594,133.43421936035156
2025-09-30,135.64999389648438,132.35122680664062
2025-10-01,137.50999450683594,134.16598510742188
2025-10-02,141.88999938964844,138.43948364257812
2025-10-03,141.38999938964844,137.95164489746094
2025-10-06,145.47999572753906,141.94216918945312
2025-10-07,145.7100067138672,142.16659545898438
2025-10-08,145.5399932861328,142.00071716308594
2025-10-09,147.16000366210938,143.58132934570312
2025-10-10,146.60000610351562,143.03494262695312
2025-10-13,155.2899932861328,151.51361083984375
2025-10-14,160.05999755859375,156.16761779785156
2025-10-15,163.08999633789062,159.12393188476562
2025-10-16,157.47000122070312,153.64059448242188
2025-10-17,151.4499969482422,147.76699829101562
2025-10-20,151.22000122070312,147.54258728027344
2025-10-21,143.69000244140625,140.19570922851562
2025-10-22,140.67999267578125,137.25889587402344
2025-10-23,143.07000732421875,139.59078979492188
2025-10-24,147.9499969482422,144.35211181640625
2025-10-27,146.1300048828125,142.5763702392578
2025-10-28,153.32000732421875,149.59152221679688
2025-10-29,157.55999755859375,153.72840881347656
2025-10-30,157.86000061035156,154.0211181640625
2025-10-31,155.10000610351562,151.3282470703125
2025-11-03,148.9499969482422,145.32778930664062
2025-11-04,142.05999755859375,138.6053466796875
2025-11-05,142.0500030517578,138.59559631347656
2025-11-06,135.38999938964844,132.09754943847656
2025-11-07,136.8300018310547,133.50253295898438
2025-11-10,139.64999389648438,136.2539520263672
2025-11-11,136.39999389648438,133.08297729492188
2025-11-12,136.72000122070312,133.39520263671875
2025-11-13,129.97000122070312,126.80935668945312
2025-11-14,128.9600067138672,125.82392120361328
2025-11-17,126.30000305175781,123.22860717773438
2025-11-18,126.44000244140625,123.36519622802734
2025-11-19,129.60000610351562,126.44835662841797
2025-11-20,122.62000274658203,119.63809204101562
2025-11-21,121.0199966430664,118.07699584960938
2025-11-24,125.33999633789062,122.29194641113281
2025-11-25,126.45999908447266,123.38471221923828
2025-11-26,128.33999633789062,125.21898651123047
2025-11-28,129.97999572753906,126.81910705566406
2025-12-01,127.23999786376953,124.14573669433594
2025-12-02,130.10000610351562,126.93619537353516
2025-12-03,133.10000610351562,129.86325073242188
2025-12-04,139.07000732421875,135.6880645751953
2025-12-05,135.1699981689453,131.88290405273438
2025-12-08,134.4600067138672,131.19017028808594
2025-12-09,134.7899932861328,131.5121307373047
2025-12-10,133.97000122070312,130.7120819091797
2025-12-11,138.13999938964844,134.78067016601562
2025-12-12,129.7899932861328,126.63372039794922
2025-12-15,126.5,123.42373657226562
2025-12-16,126.13999938964844,123.07249450683594
2025-12-17,121.68000030517578,118.72095489501953
2025-12-18,125.12999725341797,122.08705139160156
2025-12-19,130.19000244140625,127.02400207519531
2025-12-22,128.0800018310547,128.0800018310547
2025-12-23,128.49000549316406,128.49000549316406
2025-12-24,128.63999938964844,128.63999938964844
2025-12-26,126.72000122070312,126.72000122070312
2025-12-29,125.91999816894531,125.91999816894531
2025-12-30,123.87000274658203,123.87000274658203
2025-12-31,124.19999694824219,124.19999694824219
2026-01-02,133.0399932861328,133.0399932861328
2026-01-05,138.80999755859375,138.80999755859375
2026-01-06,138.72000122070312,138.72000122070312
2026-01-07,139.42999267578125,139.42999267578125
2026-01-08,138.2100067138672,138.2100067138672
2026-01-09,140.4199981689453,140.4199981689453
2026-01-12,143.05999755859375,143.05999755859375
2026-01-13,140.83999633789062,140.83999633789062
2026-01-14,144.47000122070312,144.47000122070312
2026-01-15,145.07000732421875,145.07000732421875
2026-01-16,148.5399932861328,148.5399932861328
2026-01-20,146.5800018310547,146.5800018310547
2026-01-21,151.0399932861328,151.0399932861328
2026-01-22,152.9199981689453,152.9199981689453
2026-01-23,152.7899932861328,152.7899932861328
2026-01-26,148.50999450683594,148.50999450683594
2026-01-27,155.6999969482422,155.6999969482422
2026-01-28,164.3699951171875,164.3699951171875
2026-01-29,158.44000244140625,158.44000244140625
2026-01-30,148.6999969482422,148.6999969482422
2026-02-02,144.72000122070312,144.72000122070312
2026-02-03,151.69000244140625,151.69000244140625
2026-02-04,142.00999450683594,142.00999450683594
2026-02-05,135.33999633789062,135.33999633789062
2026-02-06,142.77000427246094,142.77000427246094
2026-02-09,148.9199981689453,148.9199981689453
2026-02-10,145.41000366210938,145.41000366210938
2026-02-11,146.3800048828125,146.3800048828125
2026-02-12,141.82000732421875,141.82000732421875
2026-02-13,142.02000427246094,142.02000427246094
2026-02-17,142.4600067138672,142.4600067138672
2026-02-18,145.86000061035156,145.86000061035156
2026-02-19,147.91000366210938,147.91000366210938
2026-02-20,148.41000366210938,148.41000366210938
2026-02-23,146.2899932861328,146.2899932861328
2026-02-24,150.52999877929688,150.52999877929688
2026-02-25,150.92999267578125,150.92999267578125
2026-02-26,149.74000549316406,149.74000549316406
2026-02-27,148.27000427246094,148.27000427246094
2026-03-02,153.8300018310547,153.8300018310547
2026-03-03,143.6699981689453,143.6699981689453
2026-03-04,145.94000244140625,145.94000244140625
2026-03-05,139.44000244140625,139.44000244140625
2026-03-06,136.00999450683594,136.00999450683594
2026-03-09,140.27999877929688,140.27999877929688
2026-03-10,142.8699951171875,142.8699951171875
2026-03-11,141.1199951171875,141.1199951171875
2026-03-12,140.80999755859375,140.80999755859375
2026-03-13,136.6300048828125,136.6300048828125
2026-03-16,137.88999938964844,137.88999938964844
2026-03-17,139.5399932861328,139.5399932861328
2026-03-18,135.75999450683594,135.75999450683594
2026-03-19,133.6199951171875,133.6199951171875
2026-03-20,127.81999969482422,127.81999969482422
2026-03-23,131.85000610351562,131.85000610351562
2026-03-24,132.3699951171875,132.3699951171875
2026-03-25,136.42999267578125,136.42999267578125
2026-03-26,130.49000549316406,130.49000549316406
2026-03-27,130.1300048828125,130.1300048828125
2026-03-30,127.13999938964844,127.13999938964844
2026-03-31,133.19000244140625,133.19000244140625
2026-04-01,134.36000061035156,134.36000061035156
2026-04-02,133.6699981689453,133.6699981689453
2026-04-06,133.39999389648438,133.39999389648438
2026-04-07,131.33999633789062,131.33999633789062
2026-04-08,137.4600067138672,137.4600067138672
2026-04-09,136.5399932861328,136.5399932861328
2026-04-10,136.75,136.75
2026-04-13,139.02000427246094,139.02000427246094
2026-04-14,141.36000061035156,141.36000061035156
2026-04-15,144.94000244140625,144.94000244140625
2026-04-16,145.4499969482422,145.4499969482422
2026-04-17,145.9600067138672,145.9600067138672
2026-04-20,146.4199981689453,146.4199981689453
2026-04-21,139.67999267578125,139.67999267578125
2026-04-22,148.17999267578125,148.17999267578125
2026-04-23,146.35000610351562,146.35000610351562
2026-04-24,143.77000427246094,143.77000427246094
2026-04-27,146.86000061035156,146.86000061035156
2026-04-28,141.08999633789062,141.08999633789062
2026-04-29,137.55999755859375,137.55999755859375
2026-04-30,145.97000122070312,145.97000122070312
2026-05-01,144.0,144.0
2026-05-04,143.4600067138672,143.4600067138672
2026-05-05,141.3699951171875,141.3699951171875
2026-05-06,149.25,149.25
2026-05-07,144.13999938964844,144.13999938964844
2026-05-08,140.8800048828125,140.8800048828125
2026-05-11,145.64999389648438,145.64999389648438
2026-05-12,139.89999389648438,139.89999389648438
2026-05-13,136.39999389648438,136.39999389648438
2026-05-14,134.60000610351562,134.60000610351562
2026-05-15,129.67999267578125,129.67999267578125
2026-05-18,127.52999877929688,127.52999877929688
2026-05-19,125.05999755859375,125.05999755859375
2026-05-20,127.83999633789062,127.83999633789062
2026-05-21,129.9499969482422,129.9499969482422
2026-05-22,130.85000610351562,130.85000610351562
2026-05-26,134.61000061035156,134.61000061035156
2026-05-27,132.52000427246094,132.52000427246094
2026-05-28,133.30999755859375,133.30999755859375
2026-05-29,133.3000030517578,133.3000030517578
2026-06-01,131.85000610351562,131.85000610351562
2026-06-02,138.1699981689453,138.1699981689453
2026-06-03,131.8300018310547,131.8300018310547
2026-06-04,131.57000732421875,131.57000732421875
2026-06-05,122.11000061035156,122.11000061035156
2026-06-08,123.22000122070312,123.22000122070312
2026-06-09,119.55000305175781,119.55000305175781
2026-06-10,115.5199966430664,115.5199966430664
2026-06-11,120.94000244140625,120.94000244140625
2026-06-12,121.94999694824219,121.94999694824219
2026-06-15,126.01000213623047,126.01000213623047
2026-06-16,124.5999984741211,124.5999984741211
2026-06-17,124.6500015258789,124.6500015258789
2026-06-18,126.94000244140625,126.94000244140625
2026-06-22,124.55000305175781,124.55000305175781
2026-06-23,122.4000015258789,122.4000015258789
2026-06-24,119.44999694824219,119.44999694824219
2026-06-25,117.38999938964844,117.38999938964844
2026-06-26,116.30000305175781,116.30000305175781
2026-06-29,116.94999694824219,116.94999694824219
2026-06-30,115.9800033569336,115.9800033569336
2026-07-01,114.87000274658203,114.87000274658203
2026-07-02,114.93000030517578,114.93000030517578
2026-07-06,116.51000213623047,116.51000213623047
2026-07-07,110.7699966430664,110.7699966430664
2026-07-08,111.08999633789062,111.08999633789062
2026-07-09,113.06999969482422,113.06999969482422
2026-07-10,114.45999908447266,114.45999908447266
2026-07-13,109.4800033569336,109.4800033569336
2026-07-14,111.37000274658203,111.37000274658203
2026-07-15,109.37999725341797,109.37999725341797
2026-07-16,104.66999816894531,104.66999816894531
2026-07-17,104.19999694824219,104.19999694824219
2026-07-20,105.06999969482422,105.06999969482422
2026-07-21,109.08000183105469,109.08000183105469
2026-07-22,111.38999938964844,111.38999938964844
2026-07-23,111.41000366210938,111.41000366210938
2026-07-24,108.0999984741211,108.0999984741211
2026-07-27,109.76000213623047,109.76000213623047
2026-07-28,106.13999938964844,106.13999938964844
2026-07-29,102.69999694824219,102.69999694824219
2026-07-30,108.36000061035156,108.36000061035156
2026-07-31,106.83000183105469,106.83000183105469
2026-08-03,111.52999877929688,111.52999877929688
2026-08-04,113.87999725341797,113.87999725341797
2026-08-05,113.87999725341797,113.87999725341797
2026-08-06,113.87000274658203,113.87000274658203
2026-08-07,117.81999969482422,117.81999969482422
2026-08-10,116.98999786376953,116.98999786376953
2026-08-11,119.18000030517578,119.18000030517578
2026-08-12,118.5199966430664,118.5199966430664
2026-08-13,118.5199966430664,118.5199966430664
2026-08-14,118.0999984741211,118.0999984741211
2026-08-17,118.3499984741211,118.3499984741211
2026-08-18,114.44999694824219,114.44999694824219
2026-08-19,117.72000122070312,117.72000122070312
2026-08-20,114.55000305175781,114.55000305175781
2026-08-21,119.94000244140625,119.94000244140625
2026-08-24,118.7300033569336,118.7300033569336
2026-08-25,124.0199966430664,124.0199966430664
2026-08-26,123.70999908447266,123.70999908447266
2026-08-27,125.0199966430664,125.0199966430664
2026-08-28,118.12000274658203,118.12000274658203
2026-08-31,118.2300033569336,118.2300033569336
2026-09-01,115.76000213623047,115.76000213623047
2026-09-02,117.02999877929688,117.02999877929688
2026-09-03,119.19000244140625,119.19000244140625
2026-09-04,119.94999694824219,119.94999694824219
2026-09-08,123.56999969482422,123.56999969482422
2026-09-09,122.94999694824219,122.94999694824219
2026-09-10,117.83000183105469,117.83000183105469
2026-09-11,113.22000122070312,113.22000122070312
2026-09-14,109.47000122070312,109.47000122070312
2026-09-15,108.31999969482422,108.31999969482422
2026-09-16,107.36000061035156,107.36000061035156
2026-09-17,110.56999969482422,110.56999969482422
2026-09-18,107.69000244140625,107.69000244140625
2026-09-21,110.7300033569336,110.7300033569336
2026-09-22,111.94999694824219,111.94999694824219
2026-09-23,108.33000183105469,108.33000183105469
2026-09-24,106.22000122070312,106.22000122070312
2026-09-25,105.77999877929688,105.77999877929688
2026-09-28,103.97000122070312,103.97000122070312
2026-09-29,104.13999938964844,104.13999938964844
2026-09-30,103.45999908447266,103.45999908447266
2026-10-01,102.75,102.75
2026-10-02,102.73999786376953,102.73999786376953
