Date,Close,Adj Close
2010-01-04,17.309999465942383,17.309999465942383
2010-01-05,17.600000381469727,17.600000381469727
2010-01-06,17.959999084472656,17.959999084472656
2010-01-07,18.030000686645508,18.030000686645508
2010-01-08,18.1299991607666,18.1299991607666
2010-01-11,18.459999084472656,18.459999084472656
2010-01-12,18.270000457763672,18.270000457763672
2010-01-13,18.1200008392334,18.1200008392334
2010-01-14,18.309999465942383,18.309999465942383
2010-01-15,18.209999084472656,18.209999084472656
2010-01-18,18.3700008392334,18.3700008392334
2010-01-19,18.3799991607666,18.3799991607666
2010-01-20,17.600000381469727,17.600000381469727
2010-01-21,17.18000030517578,17.18000030517578
2010-01-22,16.90999984741211,16.90999984741211
2010-01-25,16.860000610351562,16.860000610351562
2010-01-26,16.549999237060547,16.549999237060547
2010-01-27,16.459999084472656,16.459999084472656
2010-01-28,16.100000381469727,16.100000381469727
2010-01-29,15.819999694824219,15.819999694824219
2010-02-01,16.290000915527344,16.290000915527344
2010-02-02,16.489999771118164,16.489999771118164
2010-02-03,16.219999313354492,16.219999313354492
2010-02-04,15.289999961853027,15.289999961853027
2010-02-05,14.649999618530273,14.649999618530273
2010-02-08,14.930000305175781,14.930000305175781
2010-02-09,15.09000015258789,15.09000015258789
2010-02-10,15.0,15.0
2010-02-11,15.210000038146973,15.210000038146973
2010-02-12,15.170000076293945,15.170000076293945
2010-02-15,15.34000015258789,15.34000015258789
2010-02-16,15.869999885559082,15.869999885559082
2010-02-17,15.720000267028809,15.720000267028809
2010-02-18,15.890000343322754,15.890000343322754
2010-02-19,15.920000076293945,15.920000076293945
2010-02-22,15.970000267028809,15.970000267028809
2010-02-23,15.680000305175781,15.680000305175781
2010-02-24,15.670000076293945,15.670000076293945
2010-02-25,15.670000076293945,15.670000076293945
2010-02-26,16.139999389648438,16.139999389648438
2010-03-01,16.360000610351562,16.360000610351562
2010-03-02,16.610000610351562,16.610000610351562
2010-03-03,17.059999465942383,17.059999465942383
2010-03-04,16.8799991607666,16.8799991607666
2010-03-05,17.200000762939453,17.200000762939453
2010-03-08,16.920000076293945,16.920000076293945
2010-03-09,16.959999084472656,16.959999084472656
2010-03-10,17.200000762939453,17.200000762939453
2010-03-11,16.81999969482422,16.81999969482422
2010-03-12,16.90999984741211,16.90999984741211
2010-03-15,16.809999465942383,16.809999465942383
2010-03-16,17.149999618530273,17.149999618530273
2010-03-17,17.219999313354492,17.219999313354492
2010-03-18,17.229999542236328,17.229999542236328
2010-03-19,16.790000915527344,16.790000915527344
2010-03-22,16.6299991607666,16.6299991607666
2010-03-23,16.799999237060547,16.799999237060547
2010-03-24,16.450000762939453,16.450000762939453
2010-03-25,16.459999084472656,16.459999084472656
2010-03-26,16.579999923706055,16.579999923706055
2010-03-29,17.1299991607666,17.1299991607666
2010-03-30,17.010000228881836,17.010000228881836
2010-03-31,17.270000457763672,17.270000457763672
2010-04-01,17.690000534057617,17.690000534057617
2010-04-06,17.81999969482422,17.81999969482422
2010-04-07,17.899999618530273,17.899999618530273
2010-04-08,17.799999237060547,17.799999237060547
2010-04-09,18.149999618530273,18.149999618530273
2010-04-12,18.18000030517578,18.18000030517578
2010-04-13,17.809999465942383,17.809999465942383
2010-04-14,18.200000762939453,18.200000762939453
2010-04-15,18.190000534057617,18.190000534057617
2010-04-16,17.670000076293945,17.670000076293945
2010-04-19,17.459999084472656,17.459999084472656
2010-04-20,17.65999984741211,17.65999984741211
2010-04-21,17.600000381469727,17.600000381469727
2010-04-22,17.6299991607666,17.6299991607666
2010-04-23,17.90999984741211,17.90999984741211
2010-04-26,18.100000381469727,18.100000381469727
2010-04-27,17.969999313354492,17.969999313354492
2010-04-28,17.889999389648438,17.889999389648438
2010-04-29,18.020000457763672,18.020000457763672
2010-04-30,18.459999084472656,18.459999084472656
2010-05-04,17.739999771118164,17.739999771118164
2010-05-05,17.25,17.25
2010-05-06,17.25,17.25
2010-05-07,17.43000030517578,17.43000030517578
2010-05-10,18.200000762939453,18.200000762939453
2010-05-11,18.8700008392334,18.8700008392334
2010-05-12,19.280000686645508,19.280000686645508
2010-05-13,19.510000228881836,19.510000228881836
2010-05-14,18.90999984741211,18.90999984741211
2010-05-17,18.84000015258789,18.84000015258789
2010-05-18,18.739999771118164,18.739999771118164
2010-05-19,17.90999984741211,17.90999984741211
2010-05-20,17.649999618530273,17.649999618530273
2010-05-21,17.5,17.5
2010-05-24,17.68000030517578,17.68000030517578
2010-05-25,17.399999618530273,17.399999618530273
2010-05-26,17.899999618530273,17.899999618530273
2010-05-27,18.219999313354492,18.219999313354492
2010-05-28,17.979999542236328,17.979999542236328
2010-06-01,18.329999923706055,18.329999923706055
2010-06-02,17.940000534057617,17.940000534057617
2010-06-03,17.760000228881836,17.760000228881836
2010-06-04,17.200000762939453,17.200000762939453
2010-06-07,17.40999984741211,17.40999984741211
2010-06-08,18.059999465942383,18.059999465942383
2010-06-09,17.90999984741211,17.90999984741211
2010-06-10,18.0,18.0
2010-06-11,17.959999084472656,17.959999084472656
2010-06-14,18.139999389648438,18.139999389648438
2010-06-15,18.110000610351562,18.110000610351562
2010-06-16,18.209999084472656,18.209999084472656
2010-06-17,18.489999771118164,18.489999771118164
2010-06-18,18.93000030517578,18.93000030517578
2010-06-21,18.969999313354492,18.969999313354492
2010-06-22,18.690000534057617,18.690000534057617
2010-06-23,18.200000762939453,18.200000762939453
2010-06-24,18.350000381469727,18.350000381469727
2010-06-25,18.6299991607666,18.6299991607666
2010-06-28,18.809999465942383,18.809999465942383
2010-06-29,18.209999084472656,18.209999084472656
2010-06-30,18.299999237060547,18.299999237060547
2010-07-01,17.729999542236328,17.729999542236328
2010-07-02,17.459999084472656,17.459999084472656
2010-07-05,17.469999313354492,17.469999313354492
2010-07-06,17.469999313354492,17.469999313354492
2010-07-07,17.65999984741211,17.65999984741211
2010-07-08,17.510000228881836,17.510000228881836
2010-07-09,17.860000610351562,17.860000610351562
2010-07-12,17.579999923706055,17.579999923706055
2010-07-13,18.030000686645508,18.030000686645508
2010-07-14,18.149999618530273,18.149999618530273
2010-07-15,18.049999237060547,18.049999237060547
2010-07-16,17.540000915527344,17.540000915527344
2010-07-19,17.309999465942383,17.309999465942383
2010-07-20,17.43000030517578,17.43000030517578
2010-07-21,17.469999313354492,17.469999313354492
2010-07-22,17.84000015258789,17.84000015258789
2010-07-23,17.93000030517578,17.93000030517578
2010-07-26,17.8799991607666,17.8799991607666
2010-07-27,17.360000610351562,17.360000610351562
2010-07-28,17.209999084472656,17.209999084472656
2010-07-29,17.309999465942383,17.309999465942383
2010-07-30,17.65999984741211,17.65999984741211
2010-08-02,18.15999984741211,18.15999984741211
2010-08-03,18.260000228881836,18.260000228881836
2010-08-04,18.290000915527344,18.290000915527344
2010-08-05,18.020000457763672,18.020000457763672
2010-08-06,18.209999084472656,18.209999084472656
2010-08-09,18.09000015258789,18.09000015258789
2010-08-10,17.8799991607666,17.8799991607666
2010-08-11,17.579999923706055,17.579999923706055
2010-08-12,17.760000228881836,17.760000228881836
2010-08-13,17.709999084472656,17.709999084472656
2010-08-16,18.139999389648438,18.139999389648438
2010-08-17,18.25,18.25
2010-08-18,18.059999465942383,18.059999465942383
2010-08-19,18.110000610351562,18.110000610351562
2010-08-20,17.6299991607666,17.6299991607666
2010-08-23,17.670000076293945,17.670000076293945
2010-08-24,18.1200008392334,18.1200008392334
2010-08-25,18.479999542236328,18.479999542236328
2010-08-26,18.84000015258789,18.84000015258789
2010-08-27,18.950000762939453,18.950000762939453
2010-08-31,18.979999542236328,18.979999542236328
2010-09-01,19.040000915527344,19.040000915527344
2010-09-02,19.239999771118164,19.239999771118164
2010-09-03,19.5,19.5
2010-09-06,19.59000015258789,19.59000015258789
2010-09-07,19.459999084472656,19.459999084472656
2010-09-08,19.700000762939453,19.700000762939453
2010-09-09,19.510000228881836,19.510000228881836
2010-09-10,19.649999618530273,19.649999618530273
2010-09-13,19.790000915527344,19.790000915527344
2010-09-14,20.110000610351562,20.110000610351562
2010-09-15,20.239999771118164,20.239999771118164
2010-09-16,20.440000534057617,20.440000534057617
2010-09-17,20.420000076293945,20.420000076293945
2010-09-20,20.559999465942383,20.559999465942383
2010-09-21,20.229999542236328,20.229999542236328
2010-09-22,20.649999618530273,20.649999618530273
2010-09-23,20.850000381469727,20.850000381469727
2010-09-24,21.030000686645508,21.030000686645508
2010-09-27,21.040000915527344,21.040000915527344
2010-09-28,21.270000457763672,21.270000457763672
2010-09-29,21.489999771118164,21.489999771118164
2010-09-30,21.229999542236328,21.229999542236328
2010-10-01,21.719999313354492,21.719999313354492
2010-10-04,21.65999984741211,21.65999984741211
2010-10-05,22.229999542236328,22.229999542236328
2010-10-06,22.6200008392334,22.6200008392334
2010-10-07,22.3700008392334,22.3700008392334
2010-10-08,22.829999923706055,22.829999923706055
2010-10-11,22.81999969482422,22.81999969482422
2010-10-12,22.770000457763672,22.770000457763672
2010-10-13,23.389999389648438,23.389999389648438
2010-10-14,23.950000762939453,23.950000762939453
2010-10-15,24.059999465942383,24.059999465942383
2010-10-18,23.899999618530273,23.899999618530273
2010-10-19,23.31999969482422,23.31999969482422
2010-10-20,23.43000030517578,23.43000030517578
2010-10-21,23.329999923706055,23.329999923706055
2010-10-22,22.709999084472656,22.709999084472656
2010-10-25,23.190000534057617,23.190000534057617
2010-10-26,23.200000762939453,23.200000762939453
2010-10-27,23.09000015258789,23.09000015258789
2010-10-28,23.549999237060547,23.549999237060547
2010-10-29,23.81999969482422,23.81999969482422
2010-11-01,24.270000457763672,24.270000457763672
2010-11-02,24.290000915527344,24.290000915527344
2010-11-03,23.93000030517578,23.93000030517578
2010-11-04,25.329999923706055,25.329999923706055
2010-11-05,26.18000030517578,26.18000030517578
2010-11-08,26.479999542236328,26.479999542236328
2010-11-09,28.170000076293945,28.170000076293945
2010-11-10,26.68000030517578,26.68000030517578
2010-11-11,26.690000534057617,26.690000534057617
2010-11-12,25.959999084472656,25.959999084472656
2010-11-15,25.84000015258789,25.84000015258789
2010-11-16,24.739999771118164,24.739999771118164
2010-11-17,25.34000015258789,25.34000015258789
2010-11-18,26.350000381469727,26.350000381469727
2010-11-19,26.489999771118164,26.489999771118164
2010-11-22,26.809999465942383,26.809999465942383
2010-11-23,26.81999969482422,26.81999969482422
2010-11-24,26.989999771118164,26.989999771118164
2010-11-25,27.06999969482422,27.06999969482422
2010-11-26,26.239999771118164,26.239999771118164
2010-11-29,26.520000457763672,26.520000457763672
2010-11-30,27.329999923706055,27.329999923706055
2010-12-01,27.920000076293945,27.920000076293945
2010-12-02,28.3799991607666,28.3799991607666
2010-12-03,28.65999984741211,28.65999984741211
2010-12-06,29.479999542236328,29.479999542236328
2010-12-07,29.649999618530273,29.649999618530273
2010-12-08,27.719999313354492,27.719999313354492
2010-12-09,28.209999084472656,28.209999084472656
2010-12-10,27.889999389648438,27.889999389648438
2010-12-13,28.920000076293945,28.920000076293945
2010-12-14,28.950000762939453,28.950000762939453
2010-12-15,28.809999465942383,28.809999465942383
2010-12-16,28.100000381469727,28.100000381469727
2010-12-17,28.360000610351562,28.360000610351562
2010-12-20,28.709999084472656,28.709999084472656
2010-12-21,28.829999923706055,28.829999923706055
2010-12-22,28.799999237060547,28.799999237060547
2010-12-23,28.739999771118164,28.739999771118164
2010-12-24,28.690000534057617,28.690000534057617
2010-12-29,30.030000686645508,30.030000686645508
2010-12-30,29.940000534057617,29.940000534057617
2010-12-31,30.139999389648438,30.139999389648438
2011-01-04,29.399999618530273,29.399999618530273
2011-01-05,28.649999618530273,28.649999618530273
2011-01-06,28.59000015258789,28.59000015258789
2011-01-07,28.56999969482422,28.56999969482422
2011-01-10,28.479999542236328,28.479999542236328
2011-01-11,29.059999465942383,29.059999465942383
2011-01-12,28.940000534057617,28.940000534057617
2011-01-13,28.860000610351562,28.860000610351562
2011-01-14,27.719999313354492,27.719999313354492
2011-01-17,27.799999237060547,27.799999237060547
2011-01-18,28.389999389648438,28.389999389648438
2011-01-19,28.450000762939453,28.450000762939453
2011-01-20,27.139999389648438,27.139999389648438
2011-01-21,27.049999237060547,27.049999237060547
2011-01-24,26.940000534057617,26.940000534057617
2011-01-25,26.239999771118164,26.239999771118164
2011-01-26,26.25,26.25
2011-01-27,26.34000015258789,26.34000015258789
2011-01-28,27.059999465942383,27.059999465942383
2011-01-31,27.56999969482422,27.56999969482422
2011-02-01,27.690000534057617,27.690000534057617
2011-02-02,27.959999084472656,27.959999084472656
2011-02-03,27.75,27.75
2011-02-04,28.40999984741211,28.40999984741211
2011-02-07,28.809999465942383,28.809999465942383
2011-02-08,29.579999923706055,29.579999923706055
2011-02-09,29.559999465942383,29.559999465942383
2011-02-10,29.65999984741211,29.65999984741211
2011-02-11,29.530000686645508,29.530000686645508
2011-02-14,30.010000228881836,30.010000228881836
2011-02-15,30.219999313354492,30.219999313354492
2011-02-16,30.1299991607666,30.1299991607666
2011-02-17,30.559999465942383,30.559999465942383
2011-02-18,32.02000045776367,32.02000045776367
2011-02-21,33.130001068115234,33.130001068115234
2011-02-22,32.58000183105469,32.58000183105469
2011-02-23,33.060001373291016,33.060001373291016
2011-02-24,32.47999954223633,32.47999954223633
2011-02-25,32.31999969482422,32.31999969482422
2011-02-28,33.279998779296875,33.279998779296875
2011-03-01,33.72999954223633,33.72999954223633
2011-03-02,34.220001220703125,34.220001220703125
2011-03-03,33.849998474121094,33.849998474121094
2011-03-04,34.56999969482422,34.56999969482422
2011-03-07,35.439998626708984,35.439998626708984
2011-03-08,35.18000030517578,35.18000030517578
2011-03-09,35.06999969482422,35.06999969482422
2011-03-10,34.29999923706055,34.29999923706055
2011-03-11,34.52000045776367,34.52000045776367
2011-03-14,35.27000045776367,35.27000045776367
2011-03-15,33.869998931884766,33.869998931884766
2011-03-16,33.880001068115234,33.880001068115234
2011-03-17,33.56999969482422,33.56999969482422
2011-03-18,34.43000030517578,34.43000030517578
2011-03-21,35.380001068115234,35.380001068115234
2011-03-22,35.68000030517578,35.68000030517578
2011-03-23,36.18000030517578,36.18000030517578
2011-03-24,37.290000915527344,37.290000915527344
2011-03-25,36.38999938964844,36.38999938964844
2011-03-28,36.310001373291016,36.310001373291016
2011-03-29,36.459999084472656,36.459999084472656
2011-03-30,36.459999084472656,36.459999084472656
2011-03-31,36.9900016784668,36.9900016784668
2011-04-01,36.869998931884766,36.869998931884766
2011-04-04,37.70000076293945,37.70000076293945
2011-04-05,38.2400016784668,38.2400016784668
2011-04-06,38.7599983215332,38.7599983215332
2011-04-07,38.65999984741211,38.65999984741211
2011-04-08,39.63999938964844,39.63999938964844
2011-04-11,40.38999938964844,40.38999938964844
2011-04-12,39.119998931884766,39.119998931884766
2011-04-13,39.81999969482422,39.81999969482422
2011-04-14,40.529998779296875,40.529998779296875
2011-04-15,41.91999816894531,41.91999816894531
2011-04-18,41.93000030517578,41.93000030517578
2011-04-19,42.52000045776367,42.52000045776367
2011-04-20,44.25,44.25
2011-04-21,45.130001068115234,45.130001068115234
2011-04-26,44.310001373291016,44.310001373291016
2011-04-27,44.29999923706055,44.29999923706055
2011-04-28,48.349998474121094,48.349998474121094
2011-04-29,48.349998474121094,48.349998474121094
2011-05-03,43.060001373291016,43.060001373291016
2011-05-04,39.150001525878906,39.150001525878906
2011-05-05,35.369998931884766,35.369998931884766
2011-05-06,35.599998474121094,35.599998474121094
2011-05-09,36.470001220703125,36.470001220703125
2011-05-10,37.58000183105469,37.58000183105469
2011-05-11,36.11000061035156,36.11000061035156
2011-05-12,33.34000015258789,33.34000015258789
2011-05-13,34.54999923706055,34.54999923706055
2011-05-16,33.970001220703125,33.970001220703125
2011-05-17,32.4900016784668,32.4900016784668
2011-05-18,34.5,34.5
2011-05-19,34.119998931884766,34.119998931884766
2011-05-20,34.630001068115234,34.630001068115234
2011-05-23,34.16999816894531,34.16999816894531
2011-05-24,35.59000015258789,35.59000015258789
2011-05-25,37.040000915527344,37.040000915527344
2011-05-26,36.36000061035156,36.36000061035156
2011-05-27,37.16999816894531,37.16999816894531
2011-05-31,37.709999084472656,37.709999084472656
2011-06-01,37.70000076293945,37.70000076293945
2011-06-02,34.97999954223633,34.97999954223633
2011-06-03,35.0,35.0
2011-06-06,36.369998931884766,36.369998931884766
2011-06-07,35.959999084472656,35.959999084472656
2011-06-08,35.7599983215332,35.7599983215332
2011-06-09,36.560001373291016,36.560001373291016
2011-06-10,35.90999984741211,35.90999984741211
2011-06-13,34.7400016784668,34.7400016784668
2011-06-14,34.29999923706055,34.29999923706055
2011-06-15,34.970001220703125,34.970001220703125
2011-06-16,34.68000030517578,34.68000030517578
2011-06-17,35.029998779296875,35.029998779296875
2011-06-20,35.09000015258789,35.09000015258789
2011-06-21,35.7400016784668,35.7400016784668
2011-06-22,35.93000030517578,35.93000030517578
2011-06-23,34.29999923706055,34.29999923706055
2011-06-24,34.119998931884766,34.119998931884766
2011-06-27,33.18000030517578,33.18000030517578
2011-06-28,33.11000061035156,33.11000061035156
2011-06-29,33.95000076293945,33.95000076293945
2011-06-30,34.0099983215332,34.0099983215332
2011-07-01,33.20000076293945,33.20000076293945
2011-07-04,33.400001525878906,33.400001525878906
2011-07-05,34.27000045776367,34.27000045776367
2011-07-06,35.43000030517578,35.43000030517578
2011-07-07,35.599998474121094,35.599998474121094
2011-07-08,35.72999954223633,35.72999954223633
2011-07-11,35.0099983215332,35.0099983215332
2011-07-12,34.560001373291016,34.560001373291016
2011-07-13,37.34000015258789,37.34000015258789
2011-07-14,37.86000061035156,37.86000061035156
2011-07-15,38.150001525878906,38.150001525878906
2011-07-18,39.7599983215332,39.7599983215332
2011-07-19,39.54999923706055,39.54999923706055
2011-07-20,38.619998931884766,38.619998931884766
2011-07-21,39.02000045776367,39.02000045776367
2011-07-22,39.18000030517578,39.18000030517578
2011-07-25,39.54999923706055,39.54999923706055
2011-07-26,39.72999954223633,39.72999954223633
2011-07-27,39.91999816894531,39.91999816894531
2011-07-28,38.63999938964844,38.63999938964844
2011-07-29,39.13999938964844,39.13999938964844
2011-08-01,39.029998779296875,39.029998779296875
2011-08-02,39.20000076293945,39.20000076293945
2011-08-03,40.79999923706055,40.79999923706055
2011-08-04,40.880001068115234,40.880001068115234
2011-08-05,37.86000061035156,37.86000061035156
2011-08-08,38.529998779296875,38.529998779296875
2011-08-09,37.099998474121094,37.099998474121094
2011-08-10,37.68000030517578,37.68000030517578
2011-08-11,37.36000061035156,37.36000061035156
2011-08-12,37.796451568603516,37.796451568603516
2011-08-15,38.52000045776367,38.52000045776367
2011-08-16,39.029998779296875,39.029998779296875
2011-08-17,39.150001525878906,39.150001525878906
2011-08-18,39.72999954223633,39.72999954223633
2011-08-19,41.18000030517578,41.18000030517578
2011-08-22,42.779998779296875,42.779998779296875
2011-08-23,42.29999923706055,42.29999923706055
2011-08-24,39.43000030517578,39.43000030517578
2011-08-25,39.08000183105469,39.08000183105469
2011-08-26,39.90999984741211,39.90999984741211
2011-08-30,40.619998931884766,40.619998931884766
2011-08-31,40.61000061035156,40.61000061035156
2011-09-01,40.77000045776367,40.77000045776367
2011-09-02,42.060001373291016,42.060001373291016
2011-09-05,42.09000015258789,42.09000015258789
2011-09-06,41.130001068115234,41.130001068115234
2011-09-07,40.380001068115234,40.380001068115234
2011-09-08,41.56999969482422,41.56999969482422
2011-09-09,40.90999984741211,40.90999984741211
2011-09-12,39.9900016784668,39.9900016784668
2011-09-13,39.939998626708984,39.939998626708984
2011-09-14,39.72999954223633,39.72999954223633
2011-09-15,38.63999938964844,38.63999938964844
2011-09-16,39.630001068115234,39.630001068115234
2011-09-19,38.61000061035156,38.61000061035156
2011-09-20,39.279998779296875,39.279998779296875
2011-09-21,39.40999984741211,39.40999984741211
2011-09-22,35.869998931884766,35.869998931884766
2011-09-23,31.93000030517578,31.93000030517578
2011-09-26,29.530000686645508,29.530000686645508
2011-09-27,31.40999984741211,31.40999984741211
2011-09-28,30.239999771118164,30.239999771118164
2011-09-29,29.850000381469727,29.850000381469727
2011-09-30,29.670000076293945,29.670000076293945
2011-10-03,30.110000610351562,30.110000610351562
2011-10-04,28.899999618530273,28.899999618530273
2011-10-05,29.040000915527344,29.040000915527344
2011-10-06,30.940000534057617,30.940000534057617
2011-10-07,31.489999771118164,31.489999771118164
2011-10-10,31.43000030517578,31.43000030517578
2011-10-11,31.31999969482422,31.31999969482422
2011-10-12,31.889999389648438,31.889999389648438
2011-10-13,30.899999618530273,30.899999618530273
2011-10-14,31.190000534057617,31.190000534057617
2011-10-17,31.34000015258789,31.34000015258789
2011-10-18,30.329999923706055,30.329999923706055
2011-10-19,30.760000228881836,30.760000228881836
2011-10-20,29.68000030517578,29.68000030517578
2011-10-21,30.479999542236328,30.479999542236328
2011-10-24,31.18000030517578,31.18000030517578
2011-10-25,31.639999389648438,31.639999389648438
2011-10-26,32.7599983215332,32.7599983215332
2011-10-27,34.0,34.0
2011-10-28,34.400001525878906,34.400001525878906
2011-10-31,33.470001220703125,33.470001220703125
2011-11-01,32.209999084472656,32.209999084472656
2011-11-02,33.5099983215332,33.5099983215332
2011-11-03,33.7400016784668,33.7400016784668
2011-11-04,33.439998626708984,33.439998626708984
2011-11-07,33.88999938964844,33.88999938964844
2011-11-08,34.029998779296875,34.029998779296875
2011-11-09,33.869998931884766,33.869998931884766
2011-11-10,32.75,32.75
2011-11-11,33.79999923706055,33.79999923706055
2011-11-14,33.58000183105469,33.58000183105469
2011-11-15,33.470001220703125,33.470001220703125
2011-11-16,33.41999816894531,33.41999816894531
2011-11-17,31.8700008392334,31.8700008392334
2011-11-18,31.3799991607666,31.3799991607666
2011-11-21,30.450000762939453,30.450000762939453
2011-11-22,31.600000381469727,31.600000381469727
2011-11-23,30.729999542236328,30.729999542236328
2011-11-24,31.100000381469727,31.100000381469727
2011-11-25,30.639999389648438,30.639999389648438
2011-11-28,31.530000686645508,31.530000686645508
2011-11-29,31.31999969482422,31.31999969482422
2011-11-30,31.979999542236328,31.979999542236328
2011-12-01,32.220001220703125,32.220001220703125
2011-12-02,32.130001068115234,32.130001068115234
2011-12-05,31.979999542236328,31.979999542236328
2011-12-06,31.170000076293945,31.170000076293945
2011-12-07,31.90999984741211,31.90999984741211
2011-12-08,30.860000610351562,30.860000610351562
2011-12-09,31.520000457763672,31.520000457763672
2011-12-12,30.530000686645508,30.530000686645508
2011-12-13,30.469999313354492,30.469999313354492
2011-12-14,27.969999313354492,27.969999313354492
2011-12-15,28.270000457763672,28.270000457763672
2011-12-16,28.989999771118164,28.989999771118164
2011-12-19,28.270000457763672,28.270000457763672
2011-12-20,28.8700008392334,28.8700008392334
2011-12-21,28.729999542236328,28.729999542236328
2011-12-22,28.399999618530273,28.399999618530273
2011-12-23,28.600000381469727,28.600000381469727
2011-12-28,26.6200008392334,26.6200008392334
2011-12-29,26.049999237060547,26.049999237060547
2011-12-30,27.40999984741211,27.40999984741211
2012-01-03,29.040000915527344,29.040000915527344
2012-01-04,28.700000762939453,28.700000762939453
2012-01-05,28.3700008392334,28.3700008392334
2012-01-06,28.520000457763672,28.520000457763672
2012-01-09,28.260000228881836,28.260000228881836
2012-01-10,29.489999771118164,29.489999771118164
2012-01-11,29.3799991607666,29.3799991607666
2012-01-12,29.729999542236328,29.729999542236328
2012-01-13,29.1200008392334,29.1200008392334
2012-01-16,29.239999771118164,29.239999771118164
2012-01-17,29.6299991607666,29.6299991607666
2012-01-18,29.709999084472656,29.709999084472656
2012-01-19,29.8700008392334,29.8700008392334
2012-01-20,30.31999969482422,30.31999969482422
2012-01-23,31.950000762939453,31.950000762939453
2012-01-24,31.510000228881836,31.510000228881836
2012-01-25,31.360000610351562,31.360000610351562
2012-01-26,32.88999938964844,32.88999938964844
2012-01-27,33.099998474121094,33.099998474121094
2012-01-30,32.790000915527344,32.790000915527344
2012-01-31,32.5,32.5
2012-02-01,33.13999938964844,33.13999938964844
2012-02-02,33.45000076293945,33.45000076293945
2012-02-03,33.06999969482422,33.06999969482422
2012-02-06,32.880001068115234,32.880001068115234
2012-02-07,33.09000015258789,33.09000015258789
2012-02-08,33.20000076293945,33.20000076293945
2012-02-09,33.209999084472656,33.209999084472656
2012-02-10,32.869998931884766,32.869998931884766
2012-02-13,32.93000030517578,32.93000030517578
2012-02-14,32.880001068115234,32.880001068115234
2012-02-15,32.84000015258789,32.84000015258789
2012-02-16,32.36000061035156,32.36000061035156
2012-02-17,32.38999938964844,32.38999938964844
2012-02-20,32.79999923706055,32.79999923706055
2012-02-21,33.380001068115234,33.380001068115234
2012-02-22,33.369998931884766,33.369998931884766
2012-02-23,34.38999938964844,34.38999938964844
2012-02-24,34.650001525878906,34.650001525878906
2012-02-27,34.68000030517578,34.68000030517578
2012-02-28,35.83000183105469,35.83000183105469
2012-02-29,33.63999938964844,33.63999938964844
2012-03-01,34.209999084472656,34.209999084472656
2012-03-02,34.040000915527344,34.040000915527344
2012-03-05,33.439998626708984,33.439998626708984
2012-03-06,32.06999969482422,32.06999969482422
2012-03-07,32.5,32.5
2012-03-08,32.84000015258789,32.84000015258789
2012-03-09,33.310001373291016,33.310001373291016
2012-03-12,32.869998931884766,32.869998931884766
2012-03-13,32.869998931884766,32.869998931884766
2012-03-14,31.399999618530273,31.399999618530273
2012-03-15,31.649999618530273,31.649999618530273
2012-03-16,31.75,31.75
2012-03-19,32.150001525878906,32.150001525878906
2012-03-20,31.3799991607666,31.3799991607666
2012-03-21,31.43000030517578,31.43000030517578
2012-03-22,30.6299991607666,30.6299991607666
2012-03-23,31.350000381469727,31.350000381469727
2012-03-26,32.029998779296875,32.029998779296875
2012-03-27,31.950000762939453,31.950000762939453
2012-03-28,31.469999313354492,31.469999313354492
2012-03-29,30.969999313354492,30.969999313354492
2012-03-30,31.56999969482422,31.56999969482422
2012-04-02,32.31999969482422,32.31999969482422
2012-04-03,32.20000076293945,32.20000076293945
2012-04-04,30.549999237060547,30.549999237060547
2012-04-05,30.90999984741211,30.90999984741211
2012-04-10,30.600000381469727,30.600000381469727
2012-04-11,30.780000686645508,30.780000686645508
2012-04-12,31.59000015258789,31.59000015258789
2012-04-13,30.90999984741211,30.90999984741211
2012-04-16,30.6200008392334,30.6200008392334
2012-04-17,31.049999237060547,31.049999237060547
2012-04-18,30.709999084472656,30.709999084472656
2012-04-19,31.1299991607666,31.1299991607666
2012-04-20,30.850000381469727,30.850000381469727
2012-04-23,29.940000534057617,29.940000534057617
2012-04-24,30.170000076293945,30.170000076293945
2012-04-25,29.469999313354492,29.469999313354492
2012-04-26,30.34000015258789,30.34000015258789
2012-04-27,30.559999465942383,30.559999465942383
2012-04-30,29.989999771118164,29.989999771118164
2012-05-01,30.450000762939453,30.450000762939453
2012-05-02,29.700000762939453,29.700000762939453
2012-05-03,29.459999084472656,29.459999084472656
2012-05-04,29.31999969482422,29.31999969482422
2012-05-08,28.649999618530273,28.649999618530273
2012-05-09,28.420000076293945,28.420000076293945
2012-05-10,28.549999237060547,28.549999237060547
2012-05-11,28.270000457763672,28.270000457763672
2012-05-14,27.690000534057617,27.690000534057617
2012-05-15,27.3700008392334,27.3700008392334
2012-05-16,26.8700008392334,26.8700008392334
2012-05-17,27.420000076293945,27.420000076293945
2012-05-18,28.100000381469727,28.100000381469727
2012-05-21,27.59000015258789,27.59000015258789
2012-05-22,28.010000228881836,28.010000228881836
2012-05-23,26.68000030517578,26.68000030517578
2012-05-24,27.739999771118164,27.739999771118164
2012-05-25,27.6299991607666,27.6299991607666
2012-05-29,27.739999771118164,27.739999771118164
2012-05-30,26.969999313354492,26.969999313354492
2012-05-31,27.18000030517578,27.18000030517578
2012-06-01,27.780000686645508,27.780000686645508
2012-06-06,29.030000686645508,29.030000686645508
2012-06-07,27.760000228881836,27.760000228881836
2012-06-08,27.65999984741211,27.65999984741211
2012-06-11,27.68000030517578,27.68000030517578
2012-06-12,28.270000457763672,28.270000457763672
2012-06-13,28.309999465942383,28.309999465942383
2012-06-14,27.940000534057617,27.940000534057617
2012-06-15,28.010000228881836,28.010000228881836
2012-06-18,28.079999923706055,28.079999923706055
2012-06-19,27.84000015258789,27.84000015258789
2012-06-20,27.850000381469727,27.850000381469727
2012-06-21,26.479999542236328,26.479999542236328
2012-06-22,26.020000457763672,26.020000457763672
2012-06-25,26.329999923706055,26.329999923706055
2012-06-26,26.229999542236328,26.229999542236328
2012-06-27,26.149999618530273,26.149999618530273
2012-06-28,25.860000610351562,25.860000610351562
2012-06-29,26.850000381469727,26.850000381469727
2012-07-02,26.850000381469727,26.850000381469727
2012-07-03,27.68000030517578,27.68000030517578
2012-07-04,27.420000076293945,27.420000076293945
2012-07-05,27.079999923706055,27.079999923706055
2012-07-06,26.469999313354492,26.469999313354492
2012-07-09,26.709999084472656,26.709999084472656
2012-07-10,26.40999984741211,26.40999984741211
2012-07-11,26.31999969482422,26.31999969482422
2012-07-12,26.18000030517578,26.18000030517578
2012-07-13,26.68000030517578,26.68000030517578
2012-07-16,26.700000762939453,26.700000762939453
2012-07-17,26.3700008392334,26.3700008392334
2012-07-18,26.510000228881836,26.510000228881836
2012-07-19,26.65999984741211,26.65999984741211
2012-07-20,26.510000228881836,26.510000228881836
2012-07-23,26.309999465942383,26.309999465942383
2012-07-24,26.270000457763672,26.270000457763672
2012-07-25,26.530000686645508,26.530000686645508
2012-07-26,26.8799991607666,26.8799991607666
2012-07-27,26.84000015258789,26.84000015258789
2012-07-30,27.34000015258789,27.34000015258789
2012-07-31,27.459999084472656,27.459999084472656
2012-08-01,26.600000381469727,26.600000381469727
2012-08-02,26.469999313354492,26.469999313354492
2012-08-03,27.020000457763672,27.020000457763672
2012-08-06,27.25,27.25
2012-08-07,27.43000030517578,27.43000030517578
2012-08-08,27.440000534057617,27.440000534057617
2012-08-09,27.40999984741211,27.40999984741211
2012-08-10,27.399999618530273,27.399999618530273
2012-08-13,27.200000762939453,27.200000762939453
2012-08-14,27.09000015258789,27.09000015258789
2012-08-15,27.18000030517578,27.18000030517578
2012-08-16,27.469999313354492,27.469999313354492
2012-08-17,27.40999984741211,27.40999984741211
2012-08-20,27.84000015258789,27.84000015258789
2012-08-21,28.56999969482422,28.56999969482422
2012-08-22,28.75,28.75
2012-08-23,30.040000915527344,30.040000915527344
2012-08-24,29.760000228881836,29.760000228881836
2012-08-28,30.030000686645508,30.030000686645508
2012-08-29,29.920000076293945,29.920000076293945
2012-08-30,29.68000030517578,29.68000030517578
2012-08-31,30.3700008392334,30.3700008392334
2012-09-03,31.309999465942383,31.309999465942383
2012-09-04,31.280000686645508,31.280000686645508
2012-09-05,31.450000762939453,31.450000762939453
2012-09-06,31.93000030517578,31.93000030517578
2012-09-07,32.65999984741211,32.65999984741211
2012-09-10,32.849998474121094,32.849998474121094
2012-09-11,32.810001373291016,32.810001373291016
2012-09-12,32.20000076293945,32.20000076293945
2012-09-13,32.209999084472656,32.209999084472656
2012-09-14,33.689998626708984,33.689998626708984
2012-09-17,33.58000183105469,33.58000183105469
2012-09-18,33.790000915527344,33.790000915527344
2012-09-19,33.7400016784668,33.7400016784668
2012-09-20,33.56999969482422,33.56999969482422
2012-09-21,33.689998626708984,33.689998626708984
2012-09-24,33.13999938964844,33.13999938964844
2012-09-25,33.36000061035156,33.36000061035156
2012-09-26,32.81999969482422,32.81999969482422
2012-09-27,33.400001525878906,33.400001525878906
2012-09-28,33.61000061035156,33.61000061035156
2012-10-01,33.810001373291016,33.810001373291016
2012-10-02,33.88999938964844,33.88999938964844
2012-10-03,33.84000015258789,33.84000015258789
2012-10-04,33.939998626708984,33.939998626708984
2012-10-05,33.83000183105469,33.83000183105469
2012-10-08,33.11000061035156,33.11000061035156
2012-10-09,32.79999923706055,32.79999923706055
2012-10-10,33.099998474121094,33.099998474121094
2012-10-11,33.2400016784668,33.2400016784668
2012-10-12,32.83000183105469,32.83000183105469
2012-10-15,31.920000076293945,31.920000076293945
2012-10-16,32.09000015258789,32.09000015258789
2012-10-17,32.22999954223633,32.22999954223633
2012-10-18,32.119998931884766,32.119998931884766
2012-10-19,31.3700008392334,31.3700008392334
2012-10-22,31.40999984741211,31.40999984741211
2012-10-23,31.0,31.0
2012-10-24,30.81999969482422,30.81999969482422
2012-10-25,31.25,31.25
2012-10-26,31.34000015258789,31.34000015258789
2012-10-29,30.899999618530273,30.899999618530273
2012-10-30,31.010000228881836,31.010000228881836
2012-10-31,31.479999542236328,31.479999542236328
2012-11-01,31.469999313354492,31.469999313354492
2012-11-02,30.329999923706055,30.329999923706055
2012-11-05,30.190000534057617,30.190000534057617
2012-11-06,30.420000076293945,30.420000076293945
2012-11-07,30.690000534057617,30.690000534057617
2012-11-08,31.239999771118164,31.239999771118164
2012-11-09,31.709999084472656,31.709999084472656
2012-11-12,31.520000457763672,31.520000457763672
2012-11-13,31.81999969482422,31.81999969482422
2012-11-14,31.829999923706055,31.829999923706055
2012-11-15,31.729999542236328,31.729999542236328
2012-11-16,31.299999237060547,31.299999237060547
2012-11-19,32.189998626708984,32.189998626708984
2012-11-20,32.189998626708984,32.189998626708984
2012-11-21,32.2400016784668,32.2400016784668
2012-11-22,32.4900016784668,32.4900016784668
2012-11-23,32.959999084472656,32.959999084472656
2012-11-26,33.15999984741211,33.15999984741211
2012-11-27,33.16999816894531,33.16999816894531
2012-11-28,32.65999984741211,32.65999984741211
2012-11-29,33.349998474121094,33.349998474121094
2012-11-30,32.720001220703125,32.720001220703125
2012-12-03,32.7400016784668,32.7400016784668
2012-12-04,32.02000045776367,32.02000045776367
2012-12-05,31.729999542236328,31.729999542236328
2012-12-06,32.18000030517578,32.18000030517578
2012-12-07,32.099998474121094,32.099998474121094
2012-12-10,32.400001525878906,32.400001525878906
2012-12-11,31.989999771118164,31.989999771118164
2012-12-12,32.290000915527344,32.290000915527344
2012-12-13,31.56999969482422,31.56999969482422
2012-12-14,31.479999542236328,31.479999542236328
2012-12-17,31.209999084472656,31.209999084472656
2012-12-18,31.200000762939453,31.200000762939453
2012-12-19,30.40999984741211,30.40999984741211
2012-12-20,28.899999618530273,28.899999618530273
2012-12-21,29.309999465942383,29.309999465942383
2012-12-24,29.31999969482422,29.31999969482422
2012-12-27,29.469999313354492,29.469999313354492
2012-12-28,29.139999389648438,29.139999389648438
2012-12-31,29.15999984741211,29.15999984741211
2013-01-02,30.309999465942383,30.309999465942383
2013-01-03,30.110000610351562,30.110000610351562
2013-01-04,28.84000015258789,28.84000015258789
2013-01-07,29.270000457763672,29.270000457763672
2013-01-08,29.459999084472656,29.459999084472656
2013-01-09,29.3799991607666,29.3799991607666
2013-01-10,29.93000030517578,29.93000030517578
2013-01-11,29.510000228881836,29.510000228881836
2013-01-14,30.09000015258789,30.09000015258789
2013-01-15,30.459999084472656,30.459999084472656
2013-01-16,30.549999237060547,30.549999237060547
2013-01-17,30.81999969482422,30.81999969482422
2013-01-18,30.950000762939453,30.950000762939453
2013-01-21,31.139999389648438,31.139999389648438
2013-01-22,31.280000686645508,31.280000686645508
2013-01-23,31.3700008392334,31.3700008392334
2013-01-24,30.979999542236328,30.979999542236328
2013-01-25,30.389999389648438,30.389999389648438
2013-01-28,30.100000381469727,30.100000381469727
2013-01-29,30.280000686645508,30.280000686645508
2013-01-30,31.200000762939453,31.200000762939453
2013-01-31,30.610000610351562,30.610000610351562
2013-02-01,30.969999313354492,30.969999313354492
2013-02-04,30.84000015258789,30.84000015258789
2013-02-05,30.889999389648438,30.889999389648438
2013-02-06,30.90999984741211,30.90999984741211
2013-02-07,30.8799991607666,30.8799991607666
2013-02-08,30.610000610351562,30.610000610351562
2013-02-11,30.139999389648438,30.139999389648438
2013-02-12,30.049999237060547,30.049999237060547
2013-02-13,30.059999465942383,30.059999465942383
2013-02-14,29.690000534057617,29.690000534057617
2013-02-15,29.020000457763672,29.020000457763672
2013-02-18,29.030000686645508,29.030000686645508
2013-02-19,28.579999923706055,28.579999923706055
2013-02-20,27.90999984741211,27.90999984741211
2013-02-21,27.950000762939453,27.950000762939453
2013-02-22,27.68000030517578,27.68000030517578
2013-02-25,28.309999465942383,28.309999465942383
2013-02-26,28.520000457763672,28.520000457763672
2013-02-27,28.260000228881836,28.260000228881836
2013-02-28,27.799999237060547,27.799999237060547
2013-03-01,27.68000030517578,27.68000030517578
2013-03-04,27.68000030517578,27.68000030517578
2013-03-05,27.860000610351562,27.860000610351562
2013-03-06,28.139999389648438,28.139999389648438
2013-03-07,28.09000015258789,28.09000015258789
2013-03-08,28.18000030517578,28.18000030517578
2013-03-11,28.059999465942383,28.059999465942383
2013-03-12,28.389999389648438,28.389999389648438
2013-03-13,28.079999923706055,28.079999923706055
2013-03-14,27.979999542236328,27.979999542236328
2013-03-15,27.989999771118164,27.989999771118164
2013-03-18,28.110000610351562,28.110000610351562
2013-03-19,28.15999984741211,28.15999984741211
2013-03-20,27.959999084472656,27.959999084472656
2013-03-21,28.389999389648438,28.389999389648438
2013-03-22,27.860000610351562,27.860000610351562
2013-03-25,28.020000457763672,28.020000457763672
2013-03-26,27.899999618530273,27.899999618530273
2013-03-27,27.790000915527344,27.790000915527344
2013-03-28,27.510000228881836,27.510000228881836
2013-04-02,26.700000762939453,26.700000762939453
2013-04-03,26.3799991607666,26.3799991607666
2013-04-04,26.049999237060547,26.049999237060547
2013-04-05,26.3700008392334,26.3700008392334
2013-04-08,26.399999618530273,26.399999618530273
2013-04-09,27.190000534057617,27.190000534057617
2013-04-10,26.829999923706055,26.829999923706055
2013-04-11,26.979999542236328,26.979999542236328
2013-04-12,25.510000228881836,25.510000228881836
2013-04-15,22.799999237060547,22.799999237060547
2013-04-16,23.0,23.0
2013-04-17,22.81999969482422,22.81999969482422
2013-04-18,22.690000534057617,22.690000534057617
2013-04-19,22.639999389648438,22.639999389648438
2013-04-22,22.700000762939453,22.700000762939453
2013-04-23,22.229999542236328,22.229999542236328
2013-04-24,22.25,22.25
2013-04-25,23.360000610351562,23.360000610351562
2013-04-26,23.6299991607666,23.6299991607666
2013-04-29,23.639999389648438,23.639999389648438
2013-04-30,23.450000762939453,23.450000762939453
2013-05-01,22.670000076293945,22.670000076293945
2013-05-02,23.06999969482422,23.06999969482422
2013-05-03,23.329999923706055,23.329999923706055
2013-05-07,23.010000228881836,23.010000228881836
2013-05-08,23.110000610351562,23.110000610351562
2013-05-09,23.239999771118164,23.239999771118164
2013-05-10,22.6299991607666,22.6299991607666
2013-05-13,23.09000015258789,23.09000015258789
2013-05-14,22.84000015258789,22.84000015258789
2013-05-15,21.93000030517578,21.93000030517578
2013-05-16,21.959999084472656,21.959999084472656
2013-05-17,21.690000534057617,21.690000534057617
2013-05-20,21.360000610351562,21.360000610351562
2013-05-21,21.65999984741211,21.65999984741211
2013-05-22,21.93000030517578,21.93000030517578
2013-05-23,21.6299991607666,21.6299991607666
2013-05-24,21.8799991607666,21.8799991607666
2013-05-28,21.780000686645508,21.780000686645508
2013-05-29,21.75,21.75
2013-05-30,22.329999923706055,22.329999923706055
2013-05-31,21.6299991607666,21.6299991607666
2013-06-03,22.18000030517578,22.18000030517578
2013-06-04,21.719999313354492,21.719999313354492
2013-06-05,22.010000228881836,22.010000228881836
2013-06-06,21.8700008392334,21.8700008392334
2013-06-07,21.18000030517578,21.18000030517578
2013-06-10,21.360000610351562,21.360000610351562
2013-06-11,21.030000686645508,21.030000686645508
2013-06-12,21.260000228881836,21.260000228881836
2013-06-13,20.989999771118164,20.989999771118164
2013-06-14,21.489999771118164,21.489999771118164
2013-06-17,21.170000076293945,21.170000076293945
2013-06-18,20.979999542236328,20.979999542236328
2013-06-19,21.09000015258789,21.09000015258789
2013-06-20,19.280000686645508,19.280000686645508
2013-06-21,19.360000610351562,19.360000610351562
2013-06-24,19.020000457763672,19.020000457763672
2013-06-25,19.040000915527344,19.040000915527344
2013-06-26,18.040000915527344,18.040000915527344
2013-06-27,18.260000228881836,18.260000228881836
2013-06-28,18.739999771118164,18.739999771118164
2013-07-01,19.15999984741211,19.15999984741211
2013-07-02,18.8799991607666,18.8799991607666
2013-07-03,19.149999618530273,19.149999618530273
2013-07-04,18.959999084472656,18.959999084472656
2013-07-05,18.219999313354492,18.219999313354492
2013-07-08,18.559999465942383,18.559999465942383
2013-07-09,18.649999618530273,18.649999618530273
2013-07-10,18.700000762939453,18.700000762939453
2013-07-11,19.40999984741211,19.40999984741211
2013-07-12,19.299999237060547,19.299999237060547
2013-07-15,19.299999237060547,19.299999237060547
2013-07-16,19.399999618530273,19.399999618530273
2013-07-17,19.049999237060547,19.049999237060547
2013-07-18,18.889999389648438,18.889999389648438
2013-07-19,18.90999984741211,18.90999984741211
2013-07-22,19.860000610351562,19.860000610351562
2013-07-23,19.709999084472656,19.709999084472656
2013-07-24,19.600000381469727,19.600000381469727
2013-07-25,19.6200008392334,19.6200008392334
2013-07-26,19.149999618530273,19.149999618530273
2013-07-29,19.299999237060547,19.299999237060547
2013-07-30,19.15999984741211,19.15999984741211
2013-07-31,18.889999389648438,18.889999389648438
2013-08-01,19.1299991607666,19.1299991607666
2013-08-02,19.3700008392334,19.3700008392334
2013-08-05,19.110000610351562,19.110000610351562
2013-08-06,19.010000228881836,19.010000228881836
2013-08-07,18.969999313354492,18.969999313354492
2013-08-08,19.559999465942383,19.559999465942383
2013-08-09,19.899999618530273,19.899999618530273
2013-08-12,20.709999084472656,20.709999084472656
2013-08-13,20.729999542236328,20.729999542236328
2013-08-14,20.959999084472656,20.959999084472656
2013-08-15,21.239999771118164,21.239999771118164
2013-08-16,22.450000762939453,22.450000762939453
2013-08-19,22.450000762939453,22.450000762939453
2013-08-20,22.440000534057617,22.440000534057617
2013-08-21,22.270000457763672,22.270000457763672
2013-08-22,22.420000076293945,22.420000076293945
2013-08-23,23.0,23.0
2013-08-27,23.809999465942383,23.809999465942383
2013-08-28,23.600000381469727,23.600000381469727
2013-08-29,23.100000381469727,23.100000381469727
2013-08-30,22.920000076293945,22.920000076293945
2013-09-02,23.469999313354492,23.469999313354492
2013-09-03,23.65999984741211,23.65999984741211
2013-09-04,22.780000686645508,22.780000686645508
2013-09-05,22.420000076293945,22.420000076293945
2013-09-06,23.079999923706055,23.079999923706055
2013-09-09,22.969999313354492,22.969999313354492
2013-09-10,22.219999313354492,22.219999313354492
2013-09-11,22.40999984741211,22.40999984741211
2013-09-12,21.510000228881836,21.510000228881836
2013-09-13,21.15999984741211,21.15999984741211
2013-09-16,21.309999465942383,21.309999465942383
2013-09-17,21.09000015258789,21.09000015258789
2013-09-18,20.670000076293945,20.670000076293945
2013-09-19,22.670000076293945,22.670000076293945
2013-09-20,21.350000381469727,21.350000381469727
2013-09-23,21.15999984741211,21.15999984741211
2013-09-24,20.8799991607666,20.8799991607666
2013-09-25,21.18000030517578,21.18000030517578
2013-09-26,21.040000915527344,21.040000915527344
2013-09-27,21.15999984741211,21.15999984741211
2013-09-30,21.149999618530273,21.149999618530273
2013-10-01,20.100000381469727,20.100000381469727
2013-10-02,21.1200008392334,21.1200008392334
2013-10-03,21.030000686645508,21.030000686645508
2013-10-04,20.950000762939453,20.950000762939453
2013-10-07,21.760000228881836,21.760000228881836
2013-10-08,21.75,21.75
2013-10-09,21.15999984741211,21.15999984741211
2013-10-10,21.239999771118164,21.239999771118164
2013-10-11,20.559999465942383,20.559999465942383
2013-10-14,20.790000915527344,20.790000915527344
2013-10-15,20.479999542236328,20.479999542236328
2013-10-16,20.56999969482422,20.56999969482422
2013-10-17,21.1299991607666,21.1299991607666
2013-10-18,21.25,21.25
2013-10-21,21.530000686645508,21.530000686645508
2013-10-22,22.049999237060547,22.049999237060547
2013-10-23,21.959999084472656,21.959999084472656
2013-10-24,22.059999465942383,22.059999465942383
2013-10-25,21.760000228881836,21.760000228881836
2013-10-28,21.8700008392334,21.8700008392334
2013-10-29,21.770000457763672,21.770000457763672
2013-10-30,22.260000228881836,22.260000228881836
2013-10-31,21.200000762939453,21.200000762939453
2013-11-01,21.219999313354492,21.219999313354492
2013-11-04,21.110000610351562,21.110000610351562
2013-11-05,20.979999542236328,20.979999542236328
2013-11-06,21.09000015258789,21.09000015258789
2013-11-07,21.0,21.0
2013-11-08,20.649999618530273,20.649999618530273
2013-11-11,20.670000076293945,20.670000076293945
2013-11-12,20.260000228881836,20.260000228881836
2013-11-13,19.920000076293945,19.920000076293945
2013-11-14,20.139999389648438,20.139999389648438
2013-11-15,20.100000381469727,20.100000381469727
2013-11-18,19.84000015258789,19.84000015258789
2013-11-19,19.709999084472656,19.709999084472656
2013-11-20,19.59000015258789,19.59000015258789
2013-11-21,19.25,19.25
2013-11-22,19.280000686645508,19.280000686645508
2013-11-25,19.25,19.25
2013-11-26,19.270000457763672,19.270000457763672
2013-11-27,19.139999389648438,19.139999389648438
2013-11-28,19.110000610351562,19.110000610351562
2013-11-29,19.43000030517578,19.43000030517578
2013-12-02,18.860000610351562,18.860000610351562
2013-12-03,18.510000228881836,18.510000228881836
2013-12-04,18.729999542236328,18.729999542236328
2013-12-05,18.959999084472656,18.959999084472656
2013-12-06,18.950000762939453,18.950000762939453
2013-12-09,19.110000610351562,19.110000610351562
2013-12-10,19.709999084472656,19.709999084472656
2013-12-11,19.729999542236328,19.729999542236328
2013-12-12,18.90999984741211,18.90999984741211
2013-12-13,19.059999465942383,19.059999465942383
2013-12-16,19.540000915527344,19.540000915527344
2013-12-17,19.290000915527344,19.290000915527344
2013-12-18,19.34000015258789,19.34000015258789
2013-12-19,18.56999969482422,18.56999969482422
2013-12-20,18.829999923706055,18.829999923706055
2013-12-23,18.8700008392334,18.8700008392334
2013-12-24,18.729999542236328,18.729999542236328
2013-12-27,19.350000381469727,19.350000381469727
2013-12-30,19.06999969482422,19.06999969482422
2013-12-31,18.799999237060547,18.799999237060547
2014-01-02,19.450000762939453,19.450000762939453
2014-01-03,19.520000457763672,19.520000457763672
2014-01-06,19.6299991607666,19.6299991607666
2014-01-07,19.059999465942383,19.059999465942383
2014-01-08,18.770000457763672,18.770000457763672
2014-01-09,18.850000381469727,18.850000381469727
2014-01-10,19.440000534057617,19.440000534057617
2014-01-13,19.639999389648438,19.639999389648438
2014-01-14,19.59000015258789,19.59000015258789
2014-01-15,19.530000686645508,19.530000686645508
2014-01-16,19.5,19.5
2014-01-17,19.729999542236328,19.729999542236328
2014-01-20,19.690000534057617,19.690000534057617
2014-01-21,19.229999542236328,19.229999542236328
2014-01-22,19.239999771118164,19.239999771118164
2014-01-23,19.420000076293945,19.420000076293945
2014-01-24,19.389999389648438,19.389999389648438
2014-01-27,19.190000534057617,19.190000534057617
2014-01-28,18.93000030517578,18.93000030517578
2014-01-29,19.049999237060547,19.049999237060547
2014-01-30,18.5,18.5
2014-01-31,18.510000228881836,18.510000228881836
2014-02-03,18.799999237060547,18.799999237060547
2014-02-04,18.809999465942383,18.809999465942383
2014-02-05,19.229999542236328,19.229999542236328
2014-02-06,19.290000915527344,19.290000915527344
2014-02-07,19.290000915527344,19.290000915527344
2014-02-10,19.459999084472656,19.459999084472656
2014-02-11,19.56999969482422,19.56999969482422
2014-02-12,19.639999389648438,19.639999389648438
2014-02-13,19.700000762939453,19.700000762939453
2014-02-14,20.510000228881836,20.510000228881836
2014-02-17,21.200000762939453,21.200000762939453
2014-02-18,21.059999465942383,21.059999465942383
2014-02-19,21.1200008392334,21.1200008392334
2014-02-20,20.969999313354492,20.969999313354492
2014-02-21,20.979999542236328,20.979999542236328
2014-02-24,21.389999389648438,21.389999389648438
2014-02-25,21.200000762939453,21.200000762939453
2014-02-26,20.520000457763672,20.520000457763672
2014-02-27,20.639999389648438,20.639999389648438
2014-02-28,20.520000457763672,20.520000457763672
2014-03-03,20.860000610351562,20.860000610351562
2014-03-04,20.5,20.5
2014-03-05,20.56999969482422,20.56999969482422
2014-03-06,20.760000228881836,20.760000228881836
2014-03-07,20.280000686645508,20.280000686645508
2014-03-10,20.190000534057617,20.190000534057617
2014-03-11,20.110000610351562,20.110000610351562
2014-03-12,20.559999465942383,20.559999465942383
2014-03-13,20.549999237060547,20.549999237060547
2014-03-14,20.68000030517578,20.68000030517578
2014-03-17,20.559999465942383,20.559999465942383
2014-03-18,20.18000030517578,20.18000030517578
2014-03-19,20.06999969482422,20.06999969482422
2014-03-20,19.719999313354492,19.719999313354492
2014-03-21,19.649999618530273,19.649999618530273
2014-03-24,19.350000381469727,19.350000381469727
2014-03-25,19.34000015258789,19.34000015258789
2014-03-26,19.219999313354492,19.219999313354492
2014-03-27,19.049999237060547,19.049999237060547
2014-03-28,19.149999618530273,19.149999618530273
2014-03-31,19.1200008392334,19.1200008392334
2014-04-01,19.139999389648438,19.139999389648438
2014-04-02,19.399999618530273,19.399999618530273
2014-04-03,19.190000534057617,19.190000534057617
2014-04-04,19.469999313354492,19.469999313354492
2014-04-07,19.25,19.25
2014-04-08,19.43000030517578,19.43000030517578
2014-04-09,19.100000381469727,19.100000381469727
2014-04-10,19.510000228881836,19.510000228881836
2014-04-11,19.360000610351562,19.360000610351562
2014-04-14,19.34000015258789,19.34000015258789
2014-04-15,18.860000610351562,18.860000610351562
2014-04-16,18.959999084472656,18.959999084472656
2014-04-17,18.969999313354492,18.969999313354492
2014-04-22,18.729999542236328,18.729999542236328
2014-04-23,18.790000915527344,18.790000915527344
2014-04-24,18.989999771118164,18.989999771118164
2014-04-25,19.030000686645508,19.030000686645508
2014-04-28,18.860000610351562,18.860000610351562
2014-04-29,18.84000015258789,18.84000015258789
2014-04-30,18.520000457763672,18.520000457763672
2014-05-01,18.3799991607666,18.3799991607666
2014-05-02,18.93000030517578,18.93000030517578
2014-05-06,18.969999313354492,18.969999313354492
2014-05-07,18.75,18.75
2014-05-08,18.549999237060547,18.549999237060547
2014-05-09,18.43000030517578,18.43000030517578
2014-05-12,18.90999984741211,18.90999984741211
2014-05-13,18.8700008392334,18.8700008392334
2014-05-14,19.149999618530273,19.149999618530273
2014-05-15,18.889999389648438,18.889999389648438
2014-05-16,18.719999313354492,18.719999313354492
2014-05-19,18.770000457763672,18.770000457763672
2014-05-20,18.739999771118164,18.739999771118164
2014-05-21,18.719999313354492,18.719999313354492
2014-05-22,18.829999923706055,18.829999923706055
2014-05-23,18.770000457763672,18.770000457763672
2014-05-27,18.420000076293945,18.420000076293945
2014-05-28,18.360000610351562,18.360000610351562
2014-05-29,18.360000610351562,18.360000610351562
2014-05-30,18.139999389648438,18.139999389648438
2014-06-02,18.149999618530273,18.149999618530273
2014-06-03,18.139999389648438,18.139999389648438
2014-06-04,18.18000030517578,18.18000030517578
2014-06-05,18.420000076293945,18.420000076293945
2014-06-06,18.389999389648438,18.389999389648438
2014-06-09,18.459999084472656,18.459999084472656
2014-06-10,18.56999969482422,18.56999969482422
2014-06-11,18.59000015258789,18.59000015258789
2014-06-12,18.809999465942383,18.809999465942383
2014-06-13,18.950000762939453,18.950000762939453
2014-06-16,19.010000228881836,19.010000228881836
2014-06-17,19.010000228881836,19.010000228881836
2014-06-18,19.100000381469727,19.100000381469727
2014-06-19,19.639999389648438,19.639999389648438
2014-06-20,20.149999618530273,20.149999618530273
2014-06-23,20.139999389648438,20.139999389648438
2014-06-24,20.280000686645508,20.280000686645508
2014-06-25,20.31999969482422,20.31999969482422
2014-06-26,20.309999465942383,20.309999465942383
2014-06-27,20.399999618530273,20.399999618530273
2014-06-30,20.18000030517578,20.18000030517578
2014-07-01,20.360000610351562,20.360000610351562
2014-07-02,20.479999542236328,20.479999542236328
2014-07-03,20.3700008392334,20.3700008392334
2014-07-04,20.420000076293945,20.420000076293945
2014-07-07,20.18000030517578,20.18000030517578
2014-07-08,20.219999313354492,20.219999313354492
2014-07-09,20.350000381469727,20.350000381469727
2014-07-10,20.649999618530273,20.649999618530273
2014-07-11,20.670000076293945,20.670000076293945
2014-07-14,20.149999618530273,20.149999618530273
2014-07-15,20.040000915527344,20.040000915527344
2014-07-16,20.040000915527344,20.040000915527344
2014-07-17,20.260000228881836,20.260000228881836
2014-07-18,20.079999923706055,20.079999923706055
2014-07-21,20.15999984741211,20.15999984741211
2014-07-22,20.190000534057617,20.190000534057617
2014-07-23,20.219999313354492,20.219999313354492
2014-07-24,19.760000228881836,19.760000228881836
2014-07-25,19.81999969482422,19.81999969482422
2014-07-28,19.860000610351562,19.860000610351562
2014-07-29,19.889999389648438,19.889999389648438
2014-07-30,19.829999923706055,19.829999923706055
2014-07-31,19.739999771118164,19.739999771118164
2014-08-01,19.649999618530273,19.649999618530273
2014-08-04,19.510000228881836,19.510000228881836
2014-08-05,19.100000381469727,19.100000381469727
2014-08-06,19.360000610351562,19.360000610351562
2014-08-07,19.239999771118164,19.239999771118164
2014-08-08,19.239999771118164,19.239999771118164
2014-08-11,19.280000686645508,19.280000686645508
2014-08-12,19.290000915527344,19.290000915527344
2014-08-13,19.100000381469727,19.100000381469727
2014-08-14,19.18000030517578,19.18000030517578
2014-08-15,19.0,19.0
2014-08-18,19.0,19.0
2014-08-19,18.709999084472656,18.709999084472656
2014-08-20,18.81999969482422,18.81999969482422
2014-08-21,18.709999084472656,18.709999084472656
2014-08-22,18.790000915527344,18.790000915527344
2014-08-26,18.739999771118164,18.739999771118164
2014-08-27,18.700000762939453,18.700000762939453
2014-08-28,18.889999389648438,18.889999389648438
2014-08-29,18.850000381469727,18.850000381469727
2014-09-01,18.790000915527344,18.790000915527344
2014-09-02,18.489999771118164,18.489999771118164
2014-09-03,18.489999771118164,18.489999771118164
2014-09-04,18.489999771118164,18.489999771118164
2014-09-05,18.459999084472656,18.459999084472656
2014-09-08,18.34000015258789,18.34000015258789
2014-09-09,18.299999237060547,18.299999237060547
2014-09-10,18.270000457763672,18.270000457763672
2014-09-11,17.979999542236328,17.979999542236328
2014-09-12,17.90999984741211,17.90999984741211
2014-09-15,17.950000762939453,17.950000762939453
2014-09-16,17.989999771118164,17.989999771118164
2014-09-17,18.020000457763672,18.020000457763672
2014-09-18,17.889999389648438,17.889999389648438
2014-09-19,17.350000381469727,17.350000381469727
2014-09-22,17.110000610351562,17.110000610351562
2014-09-23,17.149999618530273,17.149999618530273
2014-09-24,17.030000686645508,17.030000686645508
2014-09-25,16.850000381469727,16.850000381469727
2014-09-26,16.950000762939453,16.950000762939453
2014-09-29,16.90999984741211,16.90999984741211
2014-09-30,16.540000915527344,16.540000915527344
2014-10-01,16.68000030517578,16.68000030517578
2014-10-02,16.450000762939453,16.450000762939453
2014-10-03,16.290000915527344,16.290000915527344
2014-10-06,16.489999771118164,16.489999771118164
2014-10-07,16.579999923706055,16.579999923706055
2014-10-08,16.510000228881836,16.510000228881836
2014-10-09,16.920000076293945,16.920000076293945
2014-10-10,16.709999084472656,16.709999084472656
2014-10-13,16.75,16.75
2014-10-14,16.739999771118164,16.739999771118164
2014-10-15,16.93000030517578,16.93000030517578
2014-10-16,16.799999237060547,16.799999237060547
2014-10-17,16.639999389648438,16.639999389648438
2014-10-20,16.729999542236328,16.729999542236328
2014-10-21,16.940000534057617,16.940000534057617
2014-10-22,16.540000915527344,16.540000915527344
2014-10-23,16.579999923706055,16.579999923706055
2014-10-24,16.549999237060547,16.549999237060547
2014-10-27,16.59000015258789,16.59000015258789
2014-10-28,16.6200008392334,16.6200008392334
2014-10-29,16.6299991607666,16.6299991607666
2014-10-30,15.90999984741211,15.90999984741211
2014-10-31,15.350000381469727,15.350000381469727
2014-11-03,15.539999961853027,15.539999961853027
2014-11-04,15.460000038146973,15.460000038146973
2014-11-05,14.920000076293945,14.920000076293945
2014-11-06,14.859999656677246,14.859999656677246
2014-11-07,15.109999656677246,15.109999656677246
2014-11-10,15.029999732971191,15.029999732971191
2014-11-11,15.0600004196167,15.0600004196167
2014-11-12,15.079999923706055,15.079999923706055
2014-11-13,15.09000015258789,15.09000015258789
2014-11-14,15.270000457763672,15.270000457763672
2014-11-17,15.520000457763672,15.520000457763672
2014-11-18,15.59000015258789,15.59000015258789
2014-11-19,15.40999984741211,15.40999984741211
2014-11-20,15.579999923706055,15.579999923706055
2014-11-21,15.989999771118164,15.989999771118164
2014-11-24,15.8100004196167,15.8100004196167
2014-11-25,15.949999809265137,15.949999809265137
2014-11-26,16.010000228881836,16.010000228881836
2014-11-27,15.619999885559082,15.619999885559082
2014-11-28,15.119999885559082,15.119999885559082
2014-12-01,15.819999694824219,15.819999694824219
2014-12-02,15.789999961853027,15.789999961853027
2014-12-03,15.920000076293945,15.920000076293945
2014-12-04,15.989999771118164,15.989999771118164
2014-12-05,15.680000305175781,15.680000305175781
2014-12-08,15.670000076293945,15.670000076293945
2014-12-09,16.549999237060547,16.549999237060547
2014-12-10,16.5,16.5
2014-12-11,16.559999465942383,16.559999465942383
2014-12-12,16.5,16.5
2014-12-15,16.260000228881836,16.260000228881836
2014-12-16,15.220000267028809,15.220000267028809
2014-12-17,15.260000228881836,15.260000228881836
2014-12-18,15.350000381469727,15.350000381469727
2014-12-19,15.4399995803833,15.4399995803833
2014-12-22,15.069999694824219,15.069999694824219
2014-12-23,15.1899995803833,15.1899995803833
2014-12-24,15.25,15.25
2014-12-29,15.1899995803833,15.1899995803833
2014-12-30,15.6899995803833,15.6899995803833
2014-12-31,15.448450088500977,15.448450088500977
2015-01-02,15.3100004196167,15.3100004196167
2015-01-05,15.430000305175781,15.430000305175781
2015-01-06,15.699999809265137,15.699999809265137
2015-01-07,15.979999542236328,15.979999542236328
2015-01-08,15.850000381469727,15.850000381469727
2015-01-09,15.8100004196167,15.8100004196167
2015-01-12,15.869999885559082,15.869999885559082
2015-01-13,16.540000915527344,16.540000915527344
2015-01-14,16.350000381469727,16.350000381469727
2015-01-15,16.520000457763672,16.520000457763672
2015-01-16,17.020000457763672,17.020000457763672
2015-01-19,17.030000686645508,17.030000686645508
2015-01-20,17.270000457763672,17.270000457763672
2015-01-21,17.43000030517578,17.43000030517578
2015-01-22,17.690000534057617,17.690000534057617
2015-01-23,17.530000686645508,17.530000686645508
2015-01-26,17.270000457763672,17.270000457763672
2015-01-27,17.40999984741211,17.40999984741211
2015-01-28,17.3799991607666,17.3799991607666
2015-01-29,16.350000381469727,16.350000381469727
2015-01-30,16.56999969482422,16.56999969482422
2015-02-02,16.579999923706055,16.579999923706055
2015-02-03,16.559999465942383,16.559999465942383
2015-02-04,16.84000015258789,16.84000015258789
2015-02-05,16.389999389648438,16.389999389648438
2015-02-06,15.960000038146973,15.960000038146973
2015-02-09,16.450000762939453,16.450000762939453
2015-02-10,16.399999618530273,16.399999618530273
2015-02-11,16.239999771118164,16.239999771118164
2015-02-12,16.239999771118164,16.239999771118164
2015-02-13,16.709999084472656,16.709999084472656
2015-02-16,16.65999984741211,16.65999984741211
2015-02-17,15.699999809265137,15.699999809265137
2015-02-18,15.739999771118164,15.739999771118164
2015-02-19,15.829999923706055,15.829999923706055
2015-02-20,15.829999923706055,15.829999923706055
2015-02-23,15.779999732971191,15.779999732971191
2015-02-24,15.569999694824219,15.569999694824219
2015-02-25,15.869999885559082,15.869999885559082
2015-02-26,15.979999542236328,15.979999542236328
2015-02-27,16.010000228881836,16.010000228881836
2015-03-02,15.890000343322754,15.890000343322754
2015-03-03,15.579999923706055,15.579999923706055
2015-03-04,15.569999694824219,15.569999694824219
2015-03-05,15.65999984741211,15.65999984741211
2015-03-06,15.289999961853027,15.289999961853027
2015-03-09,15.220000267028809,15.220000267028809
2015-03-10,15.100000381469727,15.100000381469727
2015-03-11,14.8100004196167,14.8100004196167
2015-03-12,14.9399995803833,14.9399995803833
2015-03-13,14.9399995803833,14.9399995803833
2015-03-16,15.020000457763672,15.020000457763672
2015-03-17,14.970000267028809,14.970000267028809
2015-03-18,15.020000457763672,15.020000457763672
2015-03-19,15.510000228881836,15.510000228881836
2015-03-20,16.229999542236328,16.229999542236328
2015-03-23,16.270000457763672,16.270000457763672
2015-03-24,16.309999465942383,16.309999465942383
2015-03-25,16.360000610351562,16.360000610351562
2015-03-26,16.489999771118164,16.489999771118164
2015-03-27,16.40999984741211,16.40999984741211
2015-03-30,16.020000457763672,16.020000457763672
2015-03-31,16.09000015258789,16.09000015258789
2015-04-01,16.219999313354492,16.219999313354492
2015-04-02,16.010000228881836,16.010000228881836
2015-04-07,16.190000534057617,16.190000534057617
2015-04-08,15.890000343322754,15.890000343322754
2015-04-09,15.579999923706055,15.579999923706055
2015-04-10,15.880000114440918,15.880000114440918
2015-04-13,15.720000267028809,15.720000267028809
2015-04-14,15.649999618530273,15.649999618530273
2015-04-15,15.59000015258789,15.59000015258789
2015-04-16,15.630000114440918,15.630000114440918
2015-04-17,15.680000305175781,15.680000305175781
2015-04-20,15.289999961853027,15.289999961853027
2015-04-21,15.329999923706055,15.329999923706055
2015-04-22,15.210000038146973,15.210000038146973
2015-04-23,15.260000228881836,15.260000228881836
2015-04-24,15.109999656677246,15.109999656677246
2015-04-27,15.789999961853027,15.789999961853027
2015-04-28,15.9399995803833,15.9399995803833
2015-04-29,16.020000457763672,16.020000457763672
2015-04-30,15.34000015258789,15.34000015258789
2015-05-01,15.4399995803833,15.4399995803833
2015-05-05,15.9399995803833,15.9399995803833
2015-05-06,15.880000114440918,15.880000114440918
2015-05-07,15.710000038146973,15.710000038146973
2015-05-08,15.789999961853027,15.789999961853027
2015-05-11,15.640000343322754,15.640000343322754
2015-05-12,15.829999923706055,15.829999923706055
2015-05-13,16.469999313354492,16.469999313354492
2015-05-14,16.739999771118164,16.739999771118164
2015-05-15,16.8700008392334,16.8700008392334
2015-05-18,17.020000457763672,17.020000457763672
2015-05-19,16.350000381469727,16.350000381469727
2015-05-20,16.530000686645508,16.530000686645508
2015-05-21,16.5,16.5
2015-05-22,16.459999084472656,16.459999084472656
2015-05-26,16.100000381469727,16.100000381469727
2015-05-27,16.030000686645508,16.030000686645508
2015-05-28,16.06999969482422,16.06999969482422
2015-05-29,16.059999465942383,16.059999465942383
2015-06-01,16.219999313354492,16.219999313354492
2015-06-02,16.1200008392334,16.1200008392334
2015-06-03,15.949999809265137,15.949999809265137
2015-06-04,15.550000190734863,15.550000190734863
2015-06-05,15.5,15.5
2015-06-08,15.350000381469727,15.350000381469727
2015-06-09,15.399999618530273,15.399999618530273
2015-06-10,15.430000305175781,15.430000305175781
2015-06-11,15.319999694824219,15.319999694824219
2015-06-12,15.270000457763672,15.270000457763672
2015-06-15,15.5600004196167,15.5600004196167
2015-06-16,15.34000015258789,15.34000015258789
2015-06-17,15.460000038146973,15.460000038146973
2015-06-18,15.739999771118164,15.739999771118164
2015-06-19,15.40999984741211,15.40999984741211
2015-06-22,15.5600004196167,15.5600004196167
2015-06-23,15.210000038146973,15.210000038146973
2015-06-24,15.270000457763672,15.270000457763672
2015-06-25,15.279999732971191,15.279999732971191
2015-06-26,15.1899995803833,15.1899995803833
2015-06-29,15.09000015258789,15.09000015258789
2015-06-30,15.140000343322754,15.140000343322754
2015-07-01,15.039999961853027,15.039999961853027
2015-07-02,15.029999732971191,15.029999732971191
2015-07-03,15.079999923706055,15.079999923706055
2015-07-06,15.079999923706055,15.079999923706055
2015-07-07,14.279999732971191,14.279999732971191
2015-07-08,14.569999694824219,14.569999694824219
2015-07-09,14.850000381469727,14.850000381469727
2015-07-10,14.899999618530273,14.899999618530273
2015-07-13,14.930000305175781,14.930000305175781
2015-07-14,14.739999771118164,14.739999771118164
2015-07-15,14.460000038146973,14.460000038146973
2015-07-16,14.430000305175781,14.430000305175781
2015-07-17,14.319999694824219,14.319999694824219
2015-07-20,14.350000381469727,14.350000381469727
2015-07-21,14.260000228881836,14.260000228881836
2015-07-22,14.25,14.25
2015-07-23,14.170000076293945,14.170000076293945
2015-07-24,13.970000267028809,13.970000267028809
2015-07-27,14.119999885559082,14.119999885559082
2015-07-28,14.109999656677246,14.109999656677246
2015-07-29,14.170000076293945,14.170000076293945
2015-07-30,14.229999542236328,14.229999542236328
2015-07-31,14.300000190734863,14.300000190734863
2015-08-03,14.050000190734863,14.050000190734863
2015-08-04,14.039999961853027,14.039999961853027
2015-08-05,14.010000228881836,14.010000228881836
2015-08-06,14.079999923706055,14.079999923706055
2015-08-07,14.369999885559082,14.369999885559082
2015-08-10,14.65999984741211,14.65999984741211
2015-08-11,14.710000038146973,14.710000038146973
2015-08-12,14.9399995803833,14.9399995803833
2015-08-13,14.869999885559082,14.869999885559082
2015-08-14,14.649999618530273,14.649999618530273
2015-08-17,14.729999542236328,14.729999542236328
2015-08-18,14.220000267028809,14.220000267028809
2015-08-19,14.640000343322754,14.640000343322754
2015-08-20,14.899999618530273,14.899999618530273
2015-08-21,14.710000038146973,14.710000038146973
2015-08-24,14.380000114440918,14.380000114440918
2015-08-25,14.100000381469727,14.100000381469727
2015-08-26,13.529999732971191,13.529999732971191
2015-08-27,14.010000228881836,14.010000228881836
2015-08-28,13.9399995803833,13.9399995803833
2015-09-01,14.029999732971191,14.029999732971191
2015-09-02,13.970000267028809,13.970000267028809
2015-09-03,14.069999694824219,14.069999694824219
2015-09-04,14.0,14.0
2015-09-07,13.930000305175781,13.930000305175781
2015-09-08,14.260000228881836,14.260000228881836
2015-09-09,14.050000190734863,14.050000190734863
2015-09-10,14.109999656677246,14.109999656677246
2015-09-11,13.8100004196167,13.8100004196167
2015-09-14,13.829999923706055,13.829999923706055
2015-09-15,13.789999961853027,13.789999961853027
2015-09-16,14.3100004196167,14.3100004196167
2015-09-17,14.40999984741211,14.40999984741211
2015-09-18,14.5600004196167,14.5600004196167
2015-09-21,14.619999885559082,14.619999885559082
2015-09-22,14.1899995803833,14.1899995803833
2015-09-23,14.260000228881836,14.260000228881836
2015-09-24,14.529999732971191,14.529999732971191
2015-09-25,14.5,14.5
2015-09-28,13.9399995803833,13.9399995803833
2015-09-29,14.079999923706055,14.079999923706055
2015-09-30,13.9399995803833,13.9399995803833
2015-10-01,14.020000457763672,14.020000457763672
2015-10-02,14.609999656677246,14.609999656677246
2015-10-05,15.020000457763672,15.020000457763672
2015-10-06,15.449999809265137,15.449999809265137
2015-10-07,15.319999694824219,15.319999694824219
2015-10-08,15.0600004196167,15.0600004196167
2015-10-09,15.25,15.25
2015-10-12,15.229999542236328,15.229999542236328
2015-10-13,15.300000190734863,15.300000190734863
2015-10-14,15.449999809265137,15.449999809265137
2015-10-15,15.479999542236328,15.479999542236328
2015-10-16,15.420000076293945,15.420000076293945
2015-10-19,15.15999984741211,15.15999984741211
2015-10-20,15.130000114440918,15.130000114440918
2015-10-21,15.079999923706055,15.079999923706055
2015-10-22,15.220000267028809,15.220000267028809
2015-10-23,15.199999809265137,15.199999809265137
2015-10-26,15.279999732971191,15.279999732971191
2015-10-27,15.25,15.25
2015-10-28,15.680000305175781,15.680000305175781
2015-10-29,14.960000038146973,14.960000038146973
2015-10-30,14.90999984741211,14.90999984741211
2015-11-02,14.699999809265137,14.699999809265137
2015-11-03,14.710000038146973,14.710000038146973
2015-11-04,14.539999961853027,14.539999961853027
2015-11-05,14.380000114440918,14.380000114440918
2015-11-06,14.140000343322754,14.140000343322754
2015-11-09,13.960000038146973,13.960000038146973
2015-11-10,13.800000190734863,13.800000190734863
2015-11-11,13.739999771118164,13.739999771118164
2015-11-12,13.649999618530273,13.649999618530273
2015-11-13,13.649999618530273,13.649999618530273
2015-11-16,13.649999618530273,13.649999618530273
2015-11-17,13.630000114440918,13.630000114440918
2015-11-18,13.520000457763672,13.520000457763672
2015-11-19,13.760000228881836,13.760000228881836
2015-11-20,13.579999923706055,13.579999923706055
2015-11-23,13.510000228881836,13.510000228881836
2015-11-24,13.649999618530273,13.649999618530273
2015-11-25,13.569999694824219,13.569999694824219
2015-11-26,13.6899995803833,13.6899995803833
2015-11-27,13.489999771118164,13.489999771118164
2015-11-30,13.529999732971191,13.529999732971191
2015-12-01,13.510000228881836,13.510000228881836
2015-12-02,13.470000267028809,13.470000267028809
2015-12-03,13.420000076293945,13.420000076293945
2015-12-04,13.979999542236328,13.979999542236328
2015-12-07,13.789999961853027,13.789999961853027
2015-12-08,13.579999923706055,13.579999923706055
2015-12-09,13.579999923706055,13.579999923706055
2015-12-10,13.579999923706055,13.579999923706055
2015-12-11,13.350000381469727,13.350000381469727
2015-12-14,13.180000305175781,13.180000305175781
2015-12-15,13.140000343322754,13.140000343322754
2015-12-16,13.609999656677246,13.609999656677246
2015-12-17,13.15999984741211,13.15999984741211
2015-12-18,13.550000190734863,13.550000190734863
2015-12-21,13.699999809265137,13.699999809265137
2015-12-22,13.680000305175781,13.680000305175781
2015-12-23,13.710000038146973,13.710000038146973
2015-12-24,13.731049537658691,13.731049537658691
2015-12-29,13.399999618530273,13.399999618530273
2015-12-30,13.270000457763672,13.270000457763672
2015-12-31,13.270000457763672,13.270000457763672
2016-01-04,13.300000190734863,13.300000190734863
2016-01-05,13.420000076293945,13.420000076293945
2016-01-06,13.399999618530273,13.399999618530273
2016-01-07,13.59000015258789,13.59000015258789
2016-01-08,13.470000267028809,13.470000267028809
2016-01-11,13.399999618530273,13.399999618530273
2016-01-12,13.199999809265137,13.199999809265137
2016-01-13,13.5600004196167,13.5600004196167
2016-01-14,13.229999542236328,13.229999542236328
2016-01-15,13.359999656677246,13.359999656677246
2016-01-18,13.350000381469727,13.350000381469727
2016-01-19,13.479999542236328,13.479999542236328
2016-01-20,13.529999732971191,13.529999732971191
2016-01-21,13.359999656677246,13.359999656677246
2016-01-22,13.630000114440918,13.630000114440918
2016-01-25,13.619999885559082,13.619999885559082
2016-01-26,13.869999885559082,13.869999885559082
2016-01-27,13.859999656677246,13.859999656677246
2016-01-28,13.619999885559082,13.619999885559082
2016-01-29,13.670000076293945,13.670000076293945
2016-02-01,13.65999984741211,13.65999984741211
2016-02-02,13.680000305175781,13.680000305175781
2016-02-03,14.079999923706055,14.079999923706055
2016-02-04,14.220000267028809,14.220000267028809
2016-02-05,14.15999984741211,14.15999984741211
2016-02-08,14.680000305175781,14.680000305175781
2016-02-09,14.75,14.75
2016-02-10,14.579999923706055,14.579999923706055
2016-02-11,15.119999885559082,15.119999885559082
2016-02-12,15.0,15.0
2016-02-15,14.630000114440918,14.630000114440918
2016-02-16,14.6899995803833,14.6899995803833
2016-02-17,14.710000038146973,14.710000038146973
2016-02-18,14.710000038146973,14.710000038146973
2016-02-19,14.729999542236328,14.729999542236328
2016-02-22,14.539999961853027,14.539999961853027
2016-02-23,14.630000114440918,14.630000114440918
2016-02-24,14.720000267028809,14.720000267028809
2016-02-25,14.510000228881836,14.510000228881836
2016-02-26,14.109999656677246,14.109999656677246
2016-02-29,14.199999809265137,14.199999809265137
2016-03-01,14.180000305175781,14.180000305175781
2016-03-02,14.319999694824219,14.319999694824219
2016-03-03,14.529999732971191,14.529999732971191
2016-03-04,15.09000015258789,15.09000015258789
2016-03-07,14.970000267028809,14.970000267028809
2016-03-08,14.800000190734863,14.800000190734863
2016-03-09,14.75,14.75
2016-03-10,14.819999694824219,14.819999694824219
2016-03-11,14.9399995803833,14.9399995803833
2016-03-14,14.800000190734863,14.800000190734863
2016-03-15,14.630000114440918,14.630000114440918
2016-03-16,14.59000015258789,14.59000015258789
2016-03-17,15.3100004196167,15.3100004196167
2016-03-18,15.130000114440918,15.130000114440918
2016-03-21,15.180000305175781,15.180000305175781
2016-03-22,15.149999618530273,15.149999618530273
2016-03-23,14.600000381469727,14.600000381469727
2016-03-24,14.569999694824219,14.569999694824219
2016-03-29,14.489999771118164,14.489999771118164
2016-03-30,14.579999923706055,14.579999923706055
2016-03-31,14.789999961853027,14.789999961853027
2016-04-01,14.1899995803833,14.1899995803833
2016-04-04,14.34000015258789,14.34000015258789
2016-04-05,14.479999542236328,14.479999542236328
2016-04-06,14.399999618530273,14.399999618530273
2016-04-07,14.630000114440918,14.630000114440918
2016-04-08,14.6899995803833,14.6899995803833
2016-04-11,15.210000038146973,15.210000038146973
2016-04-12,15.4399995803833,15.4399995803833
2016-04-13,15.529999732971191,15.529999732971191
2016-04-14,15.479999542236328,15.479999542236328
2016-04-15,15.510000228881836,15.510000228881836
2016-04-18,15.550000190734863,15.550000190734863
2016-04-19,16.239999771118164,16.239999771118164
2016-04-20,16.360000610351562,16.360000610351562
2016-04-21,16.3700008392334,16.3700008392334
2016-04-22,16.399999618530273,16.399999618530273
2016-04-25,16.329999923706055,16.329999923706055
2016-04-26,16.329999923706055,16.329999923706055
2016-04-27,16.450000762939453,16.450000762939453
2016-04-28,16.790000915527344,16.790000915527344
2016-04-29,17.110000610351562,17.110000610351562
2016-05-03,16.6299991607666,16.6299991607666
2016-05-04,16.610000610351562,16.610000610351562
2016-05-05,16.6200008392334,16.6200008392334
2016-05-06,16.770000457763672,16.770000457763672
2016-05-09,16.229999542236328,16.229999542236328
2016-05-10,16.299999237060547,16.299999237060547
2016-05-11,16.6200008392334,16.6200008392334
2016-05-12,16.34000015258789,16.34000015258789
2016-05-13,16.350000381469727,16.350000381469727
2016-05-16,16.43000030517578,16.43000030517578
2016-05-17,16.559999465942383,16.559999465942383
2016-05-18,16.34000015258789,16.34000015258789
2016-05-19,15.6899995803833,15.6899995803833
2016-05-20,15.75,15.75
2016-05-23,15.720000267028809,15.720000267028809
2016-05-24,15.609999656677246,15.609999656677246
2016-05-25,15.609999656677246,15.609999656677246
2016-05-26,15.640000343322754,15.640000343322754
2016-05-27,15.529999732971191,15.529999732971191
2016-05-31,15.289999961853027,15.289999961853027
2016-06-01,15.300000190734863,15.300000190734863
2016-06-02,15.300000190734863,15.300000190734863
2016-06-03,15.640000343322754,15.640000343322754
2016-06-06,15.739999771118164,15.739999771118164
2016-06-07,15.649999618530273,15.649999618530273
2016-06-08,16.31999969482422,16.31999969482422
2016-06-09,16.489999771118164,16.489999771118164
2016-06-10,16.479999542236328,16.479999542236328
2016-06-13,16.68000030517578,16.68000030517578
2016-06-14,16.579999923706055,16.579999923706055
2016-06-15,16.729999542236328,16.729999542236328
2016-06-16,16.940000534057617,16.940000534057617
2016-06-17,16.540000915527344,16.540000915527344
2016-06-20,16.760000228881836,16.760000228881836
2016-06-21,16.540000915527344,16.540000915527344
2016-06-22,16.579999923706055,16.579999923706055
2016-06-23,16.579999923706055,16.579999923706055
2016-06-24,16.989999771118164,16.989999771118164
2016-06-27,16.940000534057617,16.940000534057617
2016-06-28,17.020000457763672,17.020000457763672
2016-06-29,17.540000915527344,17.540000915527344
2016-06-30,17.709999084472656,17.709999084472656
2016-07-01,18.65999984741211,18.65999984741211
2016-07-04,19.510000228881836,19.510000228881836
2016-07-05,18.899999618530273,18.899999618530273
2016-07-06,19.219999313354492,19.219999313354492
2016-07-07,18.739999771118164,18.739999771118164
2016-07-08,18.979999542236328,18.979999542236328
2016-07-11,19.479999542236328,19.479999542236328
2016-07-12,19.40999984741211,19.40999984741211
2016-07-13,19.3799991607666,19.3799991607666
2016-07-14,19.3700008392334,19.3700008392334
2016-07-15,19.229999542236328,19.229999542236328
2016-07-18,19.100000381469727,19.100000381469727
2016-07-19,19.040000915527344,19.040000915527344
2016-07-20,18.649999618530273,18.649999618530273
2016-07-21,18.65999984741211,18.65999984741211
2016-07-22,18.790000915527344,18.790000915527344
2016-07-25,18.729999542236328,18.729999542236328
2016-07-26,18.760000228881836,18.760000228881836
2016-07-27,19.1200008392334,19.1200008392334
2016-07-28,19.309999465942383,19.309999465942383
2016-07-29,19.389999389648438,19.389999389648438
2016-08-01,19.610000610351562,19.610000610351562
2016-08-02,19.709999084472656,19.709999084472656
2016-08-03,19.549999237060547,19.549999237060547
2016-08-04,19.540000915527344,19.540000915527344
2016-08-05,18.850000381469727,18.850000381469727
2016-08-08,18.8799991607666,18.8799991607666
2016-08-09,18.950000762939453,18.950000762939453
2016-08-10,19.31999969482422,19.31999969482422
2016-08-11,19.280000686645508,19.280000686645508
2016-08-12,19.260000228881836,19.260000228881836
2016-08-15,18.959999084472656,18.959999084472656
2016-08-16,19.030000686645508,19.030000686645508
2016-08-17,18.75,18.75
2016-08-18,18.8700008392334,18.8700008392334
2016-08-19,18.489999771118164,18.489999771118164
2016-08-22,18.06999969482422,18.06999969482422
2016-08-23,18.079999923706055,18.079999923706055
2016-08-24,17.760000228881836,17.760000228881836
2016-08-25,17.75,17.75
2016-08-26,18.020000457763672,18.020000457763672
2016-08-30,17.809999465942383,17.809999465942383
2016-08-31,17.84000015258789,17.84000015258789
2016-09-01,17.979999542236328,17.979999542236328
2016-09-02,18.350000381469727,18.350000381469727
2016-09-05,18.639999389648438,18.639999389648438
2016-09-06,18.899999618530273,18.899999618530273
2016-09-07,18.90999984741211,18.90999984741211
2016-09-08,18.860000610351562,18.860000610351562
2016-09-09,18.520000457763672,18.520000457763672
2016-09-12,18.020000457763672,18.020000457763672
2016-09-13,18.110000610351562,18.110000610351562
2016-09-14,18.190000534057617,18.190000534057617
2016-09-15,18.18000030517578,18.18000030517578
2016-09-16,17.950000762939453,17.950000762939453
2016-09-19,18.389999389648438,18.389999389648438
2016-09-20,18.3799991607666,18.3799991607666
2016-09-21,18.8799991607666,18.8799991607666
2016-09-22,19.100000381469727,19.100000381469727
2016-09-23,18.8799991607666,18.8799991607666
2016-09-26,18.729999542236328,18.729999542236328
2016-09-27,18.299999237060547,18.299999237060547
2016-09-28,18.1299991607666,18.1299991607666
2016-09-29,18.25,18.25
2016-09-30,18.520000457763672,18.520000457763672
2016-10-03,18.09000015258789,18.09000015258789
2016-10-04,17.290000915527344,17.290000915527344
2016-10-05,16.8799991607666,16.8799991607666
2016-10-06,16.489999771118164,16.489999771118164
2016-10-07,16.420000076293945,16.420000076293945
2016-10-10,16.799999237060547,16.799999237060547
2016-10-11,16.799999237060547,16.799999237060547
2016-10-12,16.649999618530273,16.649999618530273
2016-10-13,16.65999984741211,16.65999984741211
2016-10-14,16.6200008392334,16.6200008392334
2016-10-17,16.6299991607666,16.6299991607666
2016-10-18,16.829999923706055,16.829999923706055
2016-10-19,16.920000076293945,16.920000076293945
2016-10-20,16.729999542236328,16.729999542236328
2016-10-21,16.719999313354492,16.719999313354492
2016-10-24,16.770000457763672,16.770000457763672
2016-10-25,16.940000534057617,16.940000534057617
2016-10-26,16.899999618530273,16.899999618530273
2016-10-27,16.81999969482422,16.81999969482422
2016-10-28,16.84000015258789,16.84000015258789
2016-10-31,17.030000686645508,17.030000686645508
2016-11-01,17.639999389648438,17.639999389648438
2016-11-02,17.860000610351562,17.860000610351562
2016-11-03,17.440000534057617,17.440000534057617
2016-11-04,17.59000015258789,17.59000015258789
2016-11-07,17.31999969482422,17.31999969482422
2016-11-08,17.610000610351562,17.610000610351562
2016-11-09,17.8799991607666,17.8799991607666
2016-11-10,17.719999313354492,17.719999313354492
2016-11-11,16.68000030517578,16.68000030517578
2016-11-14,16.010000228881836,16.010000228881836
2016-11-15,16.31999969482422,16.31999969482422
2016-11-16,16.1200008392334,16.1200008392334
2016-11-17,16.190000534057617,16.190000534057617
2016-11-18,15.770000457763672,15.770000457763672
2016-11-21,15.8100004196167,15.8100004196167
2016-11-22,15.869999885559082,15.869999885559082
2016-11-23,15.59000015258789,15.59000015258789
2016-11-24,15.609999656677246,15.609999656677246
2016-11-25,15.739999771118164,15.739999771118164
2016-11-28,15.880000114440918,15.880000114440918
2016-11-29,15.789999961853027,15.789999961853027
2016-11-30,15.699999809265137,15.699999809265137
2016-12-01,15.770000457763672,15.770000457763672
2016-12-02,15.949999809265137,15.949999809265137
2016-12-05,15.949999809265137,15.949999809265137
2016-12-06,16.06999969482422,16.06999969482422
2016-12-07,16.34000015258789,16.34000015258789
2016-12-08,16.260000228881836,16.260000228881836
2016-12-09,16.15999984741211,16.15999984741211
2016-12-12,16.299999237060547,16.299999237060547
2016-12-13,16.1200008392334,16.1200008392334
2016-12-14,16.360000610351562,16.360000610351562
2016-12-15,15.229999542236328,15.229999542236328
2016-12-16,15.430000305175781,15.430000305175781
2016-12-19,15.300000190734863,15.300000190734863
2016-12-20,14.989999771118164,14.989999771118164
2016-12-21,15.210000038146973,15.210000038146973
2016-12-22,15.170000076293945,15.170000076293945
2016-12-23,15.039999961853027,15.039999961853027
2016-12-28,15.279999732971191,15.279999732971191
2016-12-29,15.460000038146973,15.460000038146973
2016-12-30,15.460000038146973,15.460000038146973
2017-01-03,15.680000305175781,15.680000305175781
2017-01-04,15.65999984741211,15.65999984741211
2017-01-05,15.899999618530273,15.899999618530273
2017-01-06,15.649999618530273,15.649999618530273
2017-01-09,15.899999618530273,15.899999618530273
2017-01-10,16.079999923706055,16.079999923706055
2017-01-11,15.890000343322754,15.890000343322754
2017-01-12,16.06999969482422,16.06999969482422
2017-01-13,15.949999809265137,15.949999809265137
2017-01-16,16.059999465942383,16.059999465942383
2017-01-17,16.360000610351562,16.360000610351562
2017-01-18,16.450000762939453,16.450000762939453
2017-01-19,16.149999618530273,16.149999618530273
2017-01-20,16.209999084472656,16.209999084472656
2017-01-23,16.360000610351562,16.360000610351562
2017-01-24,16.360000610351562,16.360000610351562
2017-01-25,16.100000381469727,16.100000381469727
2017-01-26,15.930000305175781,15.930000305175781
2017-01-27,16.329999923706055,16.329999923706055
2017-01-30,16.3700008392334,16.3700008392334
2017-01-31,16.719999313354492,16.719999313354492
2017-02-01,16.610000610351562,16.610000610351562
2017-02-02,16.739999771118164,16.739999771118164
2017-02-03,16.670000076293945,16.670000076293945
2017-02-06,16.84000015258789,16.84000015258789
2017-02-07,16.920000076293945,16.920000076293945
2017-02-08,16.969999313354492,16.969999313354492
2017-02-09,16.8799991607666,16.8799991607666
2017-02-10,17.1299991607666,17.1299991607666
2017-02-13,16.979999542236328,16.979999542236328
2017-02-14,17.010000228881836,17.010000228881836
2017-02-15,17.1200008392334,17.1200008392334
2017-02-16,17.239999771118164,17.239999771118164
2017-02-17,17.18000030517578,17.18000030517578
2017-02-20,17.209999084472656,17.209999084472656
2017-02-21,17.18000030517578,17.18000030517578
2017-02-22,17.1299991607666,17.1299991607666
2017-02-23,17.239999771118164,17.239999771118164
2017-02-24,17.5,17.5
2017-02-27,17.600000381469727,17.600000381469727
2017-02-28,17.56999969482422,17.56999969482422
2017-03-01,17.510000228881836,17.510000228881836
2017-03-02,17.43000030517578,17.43000030517578
2017-03-03,16.850000381469727,16.850000381469727
2017-03-06,16.940000534057617,16.940000534057617
2017-03-07,16.690000534057617,16.690000534057617
2017-03-08,16.459999084472656,16.459999084472656
2017-03-09,16.299999237060547,16.299999237060547
2017-03-10,16.100000381469727,16.100000381469727
2017-03-13,16.190000534057617,16.190000534057617
2017-03-14,16.139999389648438,16.139999389648438
2017-03-15,16.059999465942383,16.059999465942383
2017-03-16,16.530000686645508,16.530000686645508
2017-03-17,16.520000457763672,16.520000457763672
2017-03-20,16.59000015258789,16.59000015258789
2017-03-21,16.700000762939453,16.700000762939453
2017-03-22,16.729999542236328,16.729999542236328
2017-03-23,16.739999771118164,16.739999771118164
2017-03-24,16.899999618530273,16.899999618530273
2017-03-27,17.170000076293945,17.170000076293945
2017-03-28,17.360000610351562,17.360000610351562
2017-03-29,17.34000015258789,17.34000015258789
2017-03-30,17.399999618530273,17.399999618530273
2017-03-31,17.31999969482422,17.31999969482422
2017-04-03,17.3799991607666,17.3799991607666
2017-04-04,17.440000534057617,17.440000534057617
2017-04-05,17.360000610351562,17.360000610351562
2017-04-06,17.350000381469727,17.350000381469727
2017-04-07,17.479999542236328,17.479999542236328
2017-04-10,17.020000457763672,17.020000457763672
2017-04-11,17.420000076293945,17.420000076293945
2017-04-12,17.450000762939453,17.450000762939453
2017-04-13,17.59000015258789,17.59000015258789
2017-04-18,17.350000381469727,17.350000381469727
2017-04-19,17.31999969482422,17.31999969482422
2017-04-20,17.190000534057617,17.190000534057617
2017-04-21,17.020000457763672,17.020000457763672
2017-04-24,17.020000457763672,17.020000457763672
2017-04-25,16.860000610351562,16.860000610351562
2017-04-26,16.610000610351562,16.610000610351562
2017-04-27,16.459999084472656,16.459999084472656
2017-04-28,16.40999984741211,16.40999984741211
2017-05-02,16.010000228881836,16.010000228881836
2017-05-03,15.729999542236328,15.729999542236328
2017-05-04,15.520000457763672,15.520000457763672
2017-05-05,15.550000190734863,15.550000190734863
2017-05-08,15.5,15.5
2017-05-09,15.359999656677246,15.359999656677246
2017-05-10,15.40999984741211,15.40999984741211
2017-05-11,15.489999771118164,15.489999771118164
2017-05-12,15.649999618530273,15.649999618530273
2017-05-15,15.899999618530273,15.899999618530273
2017-05-16,15.960000038146973,15.960000038146973
2017-05-17,16.09000015258789,16.09000015258789
2017-05-18,15.829999923706055,15.829999923706055
2017-05-19,15.989999771118164,15.989999771118164
2017-05-22,16.299999237060547,16.299999237060547
2017-05-23,16.40999984741211,16.40999984741211
2017-05-24,16.280000686645508,16.280000686645508
2017-05-25,16.3799991607666,16.3799991607666
2017-05-26,16.520000457763672,16.520000457763672
2017-05-30,16.549999237060547,16.549999237060547
2017-05-31,16.520000457763672,16.520000457763672
2017-06-01,16.40999984741211,16.40999984741211
2017-06-02,16.719999313354492,16.719999313354492
2017-06-05,16.739999771118164,16.739999771118164
2017-06-06,16.8700008392334,16.8700008392334
2017-06-07,16.84000015258789,16.84000015258789
2017-06-08,16.56999969482422,16.56999969482422
2017-06-09,16.399999618530273,16.399999618530273
2017-06-12,16.1299991607666,16.1299991607666
2017-06-13,15.960000038146973,15.960000038146973
2017-06-14,16.389999389648438,16.389999389648438
2017-06-15,15.9399995803833,15.9399995803833
2017-06-16,15.859999656677246,15.859999656677246
2017-06-19,15.75,15.75
2017-06-20,15.649999618530273,15.649999618530273
2017-06-21,15.619999885559082,15.619999885559082
2017-06-22,15.800000190734863,15.800000190734863
2017-06-23,15.9399995803833,15.9399995803833
2017-06-26,15.789999961853027,15.789999961853027
2017-06-27,15.800000190734863,15.800000190734863
2017-06-28,15.979999542236328,15.979999542236328
2017-06-29,15.869999885559082,15.869999885559082
2017-06-30,15.84000015258789,15.84000015258789
2017-07-03,15.350000381469727,15.350000381469727
2017-07-04,15.3100004196167,15.3100004196167
2017-07-05,15.199999809265137,15.199999809265137
2017-07-06,15.1899995803833,15.1899995803833
2017-07-07,14.729999542236328,14.729999542236328
2017-07-10,14.850000381469727,14.850000381469727
2017-07-11,15.0,15.0
2017-07-12,15.149999618530273,15.149999618530273
2017-07-13,15.0,15.0
2017-07-14,15.1899995803833,15.1899995803833
2017-07-17,15.380000114440918,15.380000114440918
2017-07-18,15.489999771118164,15.489999771118164
2017-07-19,15.510000228881836,15.510000228881836
2017-07-20,15.609999656677246,15.609999656677246
2017-07-21,15.65999984741211,15.65999984741211
2017-07-24,15.710000038146973,15.710000038146973
2017-07-25,15.680000305175781,15.680000305175781
2017-07-26,15.640000343322754,15.640000343322754
2017-07-27,15.829999923706055,15.829999923706055
2017-07-28,15.920000076293945,15.920000076293945
2017-07-31,16.030000686645508,16.030000686645508
2017-08-01,15.9399995803833,15.9399995803833
2017-08-02,15.949999809265137,15.949999809265137
2017-08-03,15.850000381469727,15.850000381469727
2017-08-04,15.470000267028809,15.470000267028809
2017-08-07,15.460000038146973,15.460000038146973
2017-08-08,15.550000190734863,15.550000190734863
2017-08-09,16.079999923706055,16.079999923706055
2017-08-10,16.309999465942383,16.309999465942383
2017-08-11,16.219999313354492,16.219999313354492
2017-08-14,16.25,16.25
2017-08-15,15.800000190734863,15.800000190734863
2017-08-16,16.049999237060547,16.049999237060547
2017-08-17,16.219999313354492,16.219999313354492
2017-08-18,16.190000534057617,16.190000534057617
2017-08-21,16.200000762939453,16.200000762939453
2017-08-22,16.190000534057617,16.190000534057617
2017-08-23,16.170000076293945,16.170000076293945
2017-08-24,16.1299991607666,16.1299991607666
2017-08-25,16.239999771118164,16.239999771118164
2017-08-29,16.700000762939453,16.700000762939453
2017-08-30,16.530000686645508,16.530000686645508
2017-08-31,16.700000762939453,16.700000762939453
2017-09-01,16.780000686645508,16.780000686645508
2017-09-04,17.059999465942383,17.059999465942383
2017-09-05,17.049999237060547,17.049999237060547
2017-09-06,17.06999969482422,17.06999969482422
2017-09-07,17.170000076293945,17.170000076293945
2017-09-08,17.1299991607666,17.1299991607666
2017-09-11,16.989999771118164,16.989999771118164
2017-09-12,16.959999084472656,16.959999084472656
2017-09-13,16.81999969482422,16.81999969482422
2017-09-14,16.84000015258789,16.84000015258789
2017-09-15,16.739999771118164,16.739999771118164
2017-09-18,16.360000610351562,16.360000610351562
2017-09-19,16.389999389648438,16.389999389648438
2017-09-20,16.440000534057617,16.440000534057617
2017-09-21,16.139999389648438,16.139999389648438
2017-09-22,16.110000610351562,16.110000610351562
2017-09-25,16.190000534057617,16.190000534057617
2017-09-26,16.09000015258789,16.09000015258789
2017-09-27,15.989999771118164,15.989999771118164
2017-09-28,15.979999542236328,15.979999542236328
2017-09-29,15.970000267028809,15.970000267028809
2017-10-02,15.829999923706055,15.829999923706055
2017-10-03,15.819999694824219,15.819999694824219
2017-10-04,15.8100004196167,15.8100004196167
2017-10-05,15.859999656677246,15.859999656677246
2017-10-06,15.859999656677246,15.859999656677246
2017-10-09,16.09000015258789,16.09000015258789
2017-10-10,16.31999969482422,16.31999969482422
2017-10-11,16.25,16.25
2017-10-12,16.350000381469727,16.350000381469727
2017-10-13,16.459999084472656,16.459999084472656
2017-10-16,16.540000915527344,16.540000915527344
2017-10-17,16.15999984741211,16.15999984741211
2017-10-18,16.110000610351562,16.110000610351562
2017-10-19,16.389999389648438,16.389999389648438
2017-10-20,16.170000076293945,16.170000076293945
2017-10-23,16.049999237060547,16.049999237060547
2017-10-24,16.09000015258789,16.09000015258789
2017-10-25,16.09000015258789,16.09000015258789
2017-10-26,16.030000686645508,16.030000686645508
2017-10-27,15.899999618530273,15.899999618530273
2017-10-30,16.0,16.0
2017-10-31,15.819999694824219,15.819999694824219
2017-11-01,16.260000228881836,16.260000228881836
2017-11-02,16.200000762939453,16.200000762939453
2017-11-03,15.970000267028809,15.970000267028809
2017-11-06,16.270000457763672,16.270000457763672
2017-11-07,16.100000381469727,16.100000381469727
2017-11-08,16.3700008392334,16.3700008392334
2017-11-09,16.1200008392334,16.1200008392334
2017-11-10,16.010000228881836,16.010000228881836
2017-11-13,16.170000076293945,16.170000076293945
2017-11-14,16.18000030517578,16.18000030517578
2017-11-15,16.15999984741211,16.15999984741211
2017-11-16,16.209999084472656,16.209999084472656
2017-11-17,16.260000228881836,16.260000228881836
2017-11-20,16.1299991607666,16.1299991607666
2017-11-21,16.18000030517578,16.18000030517578
2017-11-22,16.280000686645508,16.280000686645508
2017-11-23,16.239999771118164,16.239999771118164
2017-11-24,16.15999984741211,16.15999984741211
2017-11-27,16.239999771118164,16.239999771118164
2017-11-28,16.0,16.0
2017-11-29,15.800000190734863,15.800000190734863
2017-11-30,15.550000190734863,15.550000190734863
2017-12-01,15.720000267028809,15.720000267028809
2017-12-04,15.449999809265137,15.449999809265137
2017-12-05,15.25,15.25
2017-12-06,15.140000343322754,15.140000343322754
2017-12-07,15.0,15.0
2017-12-08,15.020000457763672,15.020000457763672
2017-12-11,14.970000267028809,14.970000267028809
2017-12-12,14.869999885559082,14.869999885559082
2017-12-13,14.970000267028809,14.970000267028809
2017-12-14,15.069999694824219,15.069999694824219
2017-12-15,15.199999809265137,15.199999809265137
2017-12-18,15.329999923706055,15.329999923706055
2017-12-19,15.279999732971191,15.279999732971191
2017-12-20,15.399999618530273,15.399999618530273
2017-12-21,15.369999885559082,15.369999885559082
2017-12-22,15.380000114440918,15.380000114440918
2017-12-27,15.859999656677246,15.859999656677246
2017-12-28,15.979999542236328,15.979999542236328
2017-12-29,16.010000228881836,16.010000228881836
2018-01-02,16.299999237060547,16.299999237060547
2018-01-03,16.31999969482422,16.31999969482422
2018-01-04,16.350000381469727,16.350000381469727
2018-01-05,16.360000610351562,16.360000610351562
2018-01-08,16.229999542236328,16.229999542236328
2018-01-09,16.110000610351562,16.110000610351562
2018-01-10,16.139999389648438,16.139999389648438
2018-01-11,16.1299991607666,16.1299991607666
2018-01-12,16.239999771118164,16.239999771118164
2018-01-15,16.459999084472656,16.459999084472656
2018-01-16,16.25,16.25
2018-01-17,16.229999542236328,16.229999542236328
2018-01-18,16.170000076293945,16.170000076293945
2018-01-19,16.149999618530273,16.149999618530273
2018-01-22,16.149999618530273,16.149999618530273
2018-01-23,16.079999923706055,16.079999923706055
2018-01-24,16.520000457763672,16.520000457763672
2018-01-25,16.68000030517578,16.68000030517578
2018-01-26,16.530000686645508,16.530000686645508
2018-01-29,16.260000228881836,16.260000228881836
2018-01-30,16.280000686645508,16.280000686645508
2018-01-31,16.360000610351562,16.360000610351562
2018-02-01,16.270000457763672,16.270000457763672
2018-02-02,15.819999694824219,15.819999694824219
2018-02-05,15.930000305175781,15.930000305175781
2018-02-06,15.8100004196167,15.8100004196167
2018-02-07,15.609999656677246,15.609999656677246
2018-02-08,15.529999732971191,15.529999732971191
2018-02-09,15.430000305175781,15.430000305175781
2018-02-12,15.699999809265137,15.699999809265137
2018-02-13,15.699999809265137,15.699999809265137
2018-02-14,15.9399995803833,15.9399995803833
2018-02-15,15.850000381469727,15.850000381469727
2018-02-16,15.90999984741211,15.90999984741211
2018-02-19,15.819999694824219,15.819999694824219
2018-02-20,15.670000076293945,15.670000076293945
2018-02-21,15.770000457763672,15.770000457763672
2018-02-22,15.779999732971191,15.779999732971191
2018-02-23,15.6899995803833,15.6899995803833
2018-02-26,15.75,15.75
2018-02-27,15.550000190734863,15.550000190734863
2018-02-28,15.619999885559082,15.619999885559082
2018-03-01,15.430000305175781,15.430000305175781
2018-03-02,15.619999885559082,15.619999885559082
2018-03-05,15.59000015258789,15.59000015258789
2018-03-06,15.949999809265137,15.949999809265137
2018-03-07,15.609999656677246,15.609999656677246
2018-03-08,15.630000114440918,15.630000114440918
2018-03-09,15.779999732971191,15.779999732971191
2018-03-12,15.630000114440918,15.630000114440918
2018-03-13,15.710000038146973,15.710000038146973
2018-03-14,15.680000305175781,15.680000305175781
2018-03-15,15.569999694824219,15.569999694824219
2018-03-16,15.430000305175781,15.430000305175781
2018-03-19,15.479999542236328,15.479999542236328
2018-03-20,15.329999923706055,15.329999923706055
2018-03-21,15.569999694824219,15.569999694824219
2018-03-22,15.539999961853027,15.539999961853027
2018-03-23,15.710000038146973,15.710000038146973
2018-03-26,15.880000114440918,15.880000114440918
2018-03-27,15.649999618530273,15.649999618530273
2018-03-28,15.4399995803833,15.4399995803833
2018-03-29,15.449999809265137,15.449999809265137
2018-04-03,15.550000190734863,15.550000190734863
2018-04-04,15.420000076293945,15.420000076293945
2018-04-05,15.489999771118164,15.489999771118164
2018-04-06,15.520000457763672,15.520000457763672
2018-04-09,15.600000381469727,15.600000381469727
2018-04-10,15.699999809265137,15.699999809265137
2018-04-11,15.989999771118164,15.989999771118164
2018-04-12,15.640000343322754,15.640000343322754
2018-04-13,15.789999961853027,15.789999961853027
2018-04-16,15.850000381469727,15.850000381469727
2018-04-17,15.899999618530273,15.899999618530273
2018-04-18,16.31999969482422,16.31999969482422
2018-04-19,16.309999465942383,16.309999465942383
2018-04-20,16.299999237060547,16.299999237060547
2018-04-23,15.800000190734863,15.800000190734863
2018-04-24,15.84000015258789,15.84000015258789
2018-04-25,15.680000305175781,15.680000305175781
2018-04-26,15.609999656677246,15.609999656677246
2018-04-27,15.609999656677246,15.609999656677246
2018-04-30,15.4399995803833,15.4399995803833
2018-05-01,15.229999542236328,15.229999542236328
2018-05-02,15.569999694824219,15.569999694824219
2018-05-03,15.5600004196167,15.5600004196167
2018-05-04,15.550000190734863,15.550000190734863
2018-05-08,15.470000267028809,15.470000267028809
2018-05-09,15.670000076293945,15.670000076293945
2018-05-10,15.829999923706055,15.829999923706055
2018-05-11,15.850000381469727,15.850000381469727
2018-05-14,15.770000457763672,15.770000457763672
2018-05-15,15.430000305175781,15.430000305175781
2018-05-16,15.4399995803833,15.4399995803833
2018-05-17,15.619999885559082,15.619999885559082
2018-05-18,15.569999694824219,15.569999694824219
2018-05-21,15.609999656677246,15.609999656677246
2018-05-22,15.699999809265137,15.699999809265137
2018-05-23,15.539999961853027,15.539999961853027
2018-05-24,15.75,15.75
2018-05-25,15.65999984741211,15.65999984741211
2018-05-29,15.539999961853027,15.539999961853027
2018-05-30,15.600000381469727,15.600000381469727
2018-05-31,15.619999885559082,15.619999885559082
2018-06-01,15.600000381469727,15.600000381469727
2018-06-04,15.569999694824219,15.569999694824219
2018-06-05,15.6274995803833,15.6274995803833
2018-06-06,15.8100004196167,15.8100004196167
2018-06-07,15.989999771118164,15.989999771118164
2018-06-08,15.850000381469727,15.850000381469727
2018-06-11,16.030000686645508,16.030000686645508
2018-06-12,16.030000686645508,16.030000686645508
2018-06-13,16.09000015258789,16.09000015258789
2018-06-14,16.329999923706055,16.329999923706055
2018-06-15,15.75,15.75
2018-06-18,15.609999656677246,15.609999656677246
2018-06-19,15.479999542236328,15.479999542236328
2018-06-20,15.4399995803833,15.4399995803833
2018-06-21,15.420000076293945,15.420000076293945
2018-06-22,15.539999961853027,15.539999961853027
2018-06-25,15.460000038146973,15.460000038146973
2018-06-26,15.420000076293945,15.420000076293945
2018-06-27,15.3100004196167,15.3100004196167
2018-06-28,15.130000114440918,15.130000114440918
2018-06-29,15.260000228881836,15.260000228881836
2018-07-02,15.020000457763672,15.020000457763672
2018-07-03,15.170000076293945,15.170000076293945
2018-07-04,15.220000267028809,15.220000267028809
2018-07-05,15.220000267028809,15.220000267028809
2018-07-06,15.130000114440918,15.130000114440918
2018-07-09,15.260000228881836,15.260000228881836
2018-07-10,15.210000038146973,15.210000038146973
2018-07-11,14.989999771118164,14.989999771118164
2018-07-12,15.119999885559082,15.119999885559082
2018-07-13,14.989999771118164,14.989999771118164
2018-07-16,14.960000038146973,14.960000038146973
2018-07-17,14.779999732971191,14.779999732971191
2018-07-18,14.65999984741211,14.65999984741211
2018-07-19,14.449999809265137,14.449999809265137
2018-07-20,14.640000343322754,14.640000343322754
2018-07-23,14.539999961853027,14.539999961853027
2018-07-24,14.6899995803833,14.6899995803833
2018-07-25,14.710000038146973,14.710000038146973
2018-07-26,14.649999618530273,14.649999618530273
2018-07-27,14.680000305175781,14.680000305175781
2018-07-30,14.680000305175781,14.680000305175781
2018-07-31,14.699999809265137,14.699999809265137
2018-08-01,14.59000015258789,14.59000015258789
2018-08-02,14.5600004196167,14.5600004196167
2018-08-03,14.710000038146973,14.710000038146973
2018-08-06,14.520000457763672,14.520000457763672
2018-08-07,14.550000190734863,14.550000190734863
2018-08-08,14.539999961853027,14.539999961853027
2018-08-09,14.619999885559082,14.619999885559082
2018-08-10,14.539999961853027,14.539999961853027
2018-08-13,14.270000457763672,14.270000457763672
2018-08-14,14.260000228881836,14.260000228881836
2018-08-15,13.65999984741211,13.65999984741211
2018-08-16,13.989999771118164,13.989999771118164
2018-08-17,13.90999984741211,13.90999984741211
2018-08-20,13.880000114440918,13.880000114440918
2018-08-21,13.949999809265137,13.949999809265137
2018-08-22,13.9399995803833,13.9399995803833
2018-08-23,13.800000190734863,13.800000190734863
2018-08-24,14.050000190734863,14.050000190734863
2018-08-28,14.069999694824219,14.069999694824219
2018-08-29,13.920000076293945,13.920000076293945
2018-08-30,13.770000457763672,13.770000457763672
2018-08-31,13.739999771118164,13.739999771118164
2018-09-03,13.739999771118164,13.739999771118164
2018-09-04,13.329999923706055,13.329999923706055
2018-09-05,13.4399995803833,13.4399995803833
2018-09-06,13.399999618530273,13.399999618530273
2018-09-07,13.460000038146973,13.460000038146973
2018-09-10,13.420000076293945,13.420000076293945
2018-09-11,13.3100004196167,13.3100004196167
2018-09-12,13.479999542236328,13.479999542236328
2018-09-13,13.449999809265137,13.449999809265137
2018-09-14,13.380000114440918,13.380000114440918
2018-09-17,13.4399995803833,13.4399995803833
2018-09-18,13.399999618530273,13.399999618530273
2018-09-19,13.510000228881836,13.510000228881836
2018-09-20,13.460000038146973,13.460000038146973
2018-09-21,13.539999961853027,13.539999961853027
2018-09-24,13.579999923706055,13.579999923706055
2018-09-25,13.739999771118164,13.739999771118164
2018-09-26,13.59000015258789,13.59000015258789
2018-09-27,13.460000038146973,13.460000038146973
2018-09-28,13.890000343322754,13.890000343322754
2018-10-01,13.630000114440918,13.630000114440918
2018-10-02,14.029999732971191,14.029999732971191
2018-10-03,13.869999885559082,13.869999885559082
2018-10-04,13.84000015258789,13.84000015258789
2018-10-05,13.829999923706055,13.829999923706055
2018-10-08,13.5,13.5
2018-10-09,13.600000381469727,13.600000381469727
2018-10-10,13.5,13.5
2018-10-11,13.75,13.75
2018-10-12,13.8100004196167,13.8100004196167
2018-10-15,13.920000076293945,13.920000076293945
2018-10-16,13.930000305175781,13.930000305175781
2018-10-17,13.890000343322754,13.890000343322754
2018-10-18,13.8100004196167,13.8100004196167
2018-10-19,13.819999694824219,13.819999694824219
2018-10-22,13.739999771118164,13.739999771118164
2018-10-23,13.960000038146973,13.960000038146973
2018-10-24,13.880000114440918,13.880000114440918
2018-10-25,13.84000015258789,13.84000015258789
2018-10-26,13.9399995803833,13.9399995803833
2018-10-29,13.789999961853027,13.789999961853027
2018-10-30,13.65999984741211,13.65999984741211
2018-10-31,13.510000228881836,13.510000228881836
2018-11-01,13.90999984741211,13.90999984741211
2018-11-02,13.970000267028809,13.970000267028809
2018-11-05,13.84000015258789,13.84000015258789
2018-11-06,13.739999771118164,13.739999771118164
2018-11-07,13.8100004196167,13.8100004196167
2018-11-08,13.65999984741211,13.65999984741211
2018-11-09,13.369999885559082,13.369999885559082
2018-11-12,13.270000457763672,13.270000457763672
2018-11-13,13.289999961853027,13.289999961853027
2018-11-14,13.279999732971191,13.279999732971191
2018-11-15,13.460000038146973,13.460000038146973
2018-11-16,13.569999694824219,13.569999694824219
2018-11-19,13.630000114440918,13.630000114440918
2018-11-20,13.529999732971191,13.529999732971191
2018-11-21,13.739999771118164,13.739999771118164
2018-11-22,13.6899995803833,13.6899995803833
2018-11-23,13.510000228881836,13.510000228881836
2018-11-26,13.489999771118164,13.489999771118164
2018-11-27,13.359999656677246,13.359999656677246
2018-11-28,13.399999618530273,13.399999618530273
2018-11-29,13.529999732971191,13.529999732971191
2018-11-30,13.329999923706055,13.329999923706055
2018-12-03,13.699999809265137,13.699999809265137
2018-12-04,13.789999961853027,13.789999961853027
2018-12-05,13.699999809265137,13.699999809265137
2018-12-06,13.630000114440918,13.630000114440918
2018-12-07,13.779999732971191,13.779999732971191
2018-12-10,13.770000457763672,13.770000457763672
2018-12-11,13.75,13.75
2018-12-12,13.930000305175781,13.930000305175781
2018-12-13,13.949999809265137,13.949999809265137
2018-12-14,13.789999961853027,13.789999961853027
2018-12-17,13.819999694824219,13.819999694824219
2018-12-18,13.850000381469727,13.850000381469727
2018-12-19,13.960000038146973,13.960000038146973
2018-12-20,13.90999984741211,13.90999984741211
2018-12-21,13.869999885559082,13.869999885559082
2018-12-24,13.880000114440918,13.880000114440918
2018-12-27,14.359999656677246,14.359999656677246
2018-12-28,14.449999809265137,14.449999809265137
2018-12-31,14.600000381469727,14.600000381469727
2019-01-02,14.739999771118164,14.739999771118164
2019-01-03,14.800000190734863,14.800000190734863
2019-01-04,14.859999656677246,14.859999656677246
2019-01-07,14.789999961853027,14.789999961853027
2019-01-08,14.75,14.75
2019-01-09,14.760000228881836,14.760000228881836
2019-01-10,14.760000228881836,14.760000228881836
2019-01-11,14.760000228881836,14.760000228881836
2019-01-14,14.75,14.75
2019-01-15,14.6899995803833,14.6899995803833
2019-01-16,14.729999542236328,14.729999542236328
2019-01-17,14.640000343322754,14.640000343322754
2019-01-18,14.539999961853027,14.539999961853027
2019-01-21,14.430000305175781,14.430000305175781
2019-01-22,14.449999809265137,14.449999809265137
2019-01-23,14.489999771118164,14.489999771118164
2019-01-24,14.470000267028809,14.470000267028809
2019-01-25,14.789999961853027,14.789999961853027
2019-01-28,14.850000381469727,14.850000381469727
2019-01-29,14.970000267028809,14.970000267028809
2019-01-30,15.042499542236328,15.042499542236328
2019-01-31,15.170000076293945,15.170000076293945
2019-02-01,15.085000038146973,15.085000038146973
2019-02-04,15.005000114440918,15.005000114440918
2019-02-05,14.962499618530273,14.962499618530273
2019-02-06,14.852499961853027,14.852499961853027
2019-02-07,14.807499885559082,14.807499885559082
2019-02-08,14.869999885559082,14.869999885559082
2019-02-11,14.835000038146973,14.835000038146973
2019-02-12,14.800000190734863,14.800000190734863
2019-02-13,14.824999809265137,14.824999809265137
2019-02-14,14.677499771118164,14.677499771118164
2019-02-15,14.7475004196167,14.7475004196167
2019-02-18,14.927499771118164,14.927499771118164
2019-02-19,15.050000190734863,15.050000190734863
2019-02-20,15.234999656677246,15.234999656677246
2019-02-21,14.992500305175781,14.992500305175781
2019-02-22,15.022500038146973,15.022500038146973
2019-02-25,15.0024995803833,15.0024995803833
2019-02-26,14.987500190734863,14.987500190734863
2019-02-27,14.842499732971191,14.842499732971191
2019-02-28,14.772500038146973,14.772500038146973
2019-03-01,14.462499618530273,14.462499618530273
2019-03-04,14.2475004196167,14.2475004196167
2019-03-05,14.267499923706055,14.267499923706055
2019-03-06,14.202500343322754,14.202500343322754
2019-03-07,14.182499885559082,14.182499885559082
2019-03-08,14.492500305175781,14.492500305175781
2019-03-11,14.40250015258789,14.40250015258789
2019-03-12,14.515000343322754,14.515000343322754
2019-03-13,14.577500343322754,14.577500343322754
2019-03-14,14.324999809265137,14.324999809265137
2019-03-15,14.447500228881836,14.447500228881836
2019-03-18,14.489999771118164,14.489999771118164
2019-03-19,14.532500267028809,14.532500267028809
2019-03-20,14.452500343322754,14.452500343322754
2019-03-21,14.512499809265137,14.512499809265137
2019-03-22,14.529999732971191,14.529999732971191
2019-03-25,14.682499885559082,14.682499885559082
2019-03-26,14.555000305175781,14.555000305175781
2019-03-27,14.432499885559082,14.432499885559082
2019-03-28,14.140000343322754,14.140000343322754
2019-03-29,14.300000190734863,14.300000190734863
2019-04-01,14.287500381469727,14.287500381469727
2019-04-02,14.22249984741211,14.22249984741211
2019-04-03,14.257499694824219,14.257499694824219
2019-04-04,14.210000038146973,14.210000038146973
2019-04-05,14.292499542236328,14.292499542236328
2019-04-08,14.354999542236328,14.354999542236328
2019-04-09,14.414999961853027,14.414999961853027
2019-04-10,14.390000343322754,14.390000343322754
2019-04-11,14.164999961853027,14.164999961853027
2019-04-12,14.180000305175781,14.180000305175781
2019-04-15,14.107500076293945,14.107500076293945
2019-04-16,14.114999771118164,14.114999771118164
2019-04-17,14.130000114440918,14.130000114440918
2019-04-18,14.147500038146973,14.147500038146973
2019-04-23,13.927499771118164,13.927499771118164
2019-04-24,14.112500190734863,14.112500190734863
2019-04-25,14.117500305175781,14.117500305175781
2019-04-26,14.1875,14.1875
2019-04-29,14.0600004196167,14.0600004196167
2019-04-30,14.069999694824219,14.069999694824219
2019-05-01,13.854999542236328,13.854999542236328
2019-05-02,13.787500381469727,13.787500381469727
2019-05-03,14.092499732971191,14.092499732971191
2019-05-07,14.042499542236328,14.042499542236328
2019-05-08,14.012499809265137,14.012499809265137
2019-05-09,13.932499885559082,13.932499885559082
2019-05-10,13.925000190734863,13.925000190734863
2019-05-13,13.927499771118164,13.927499771118164
2019-05-14,13.962499618530273,13.962499618530273
2019-05-15,13.942500114440918,13.942500114440918
2019-05-16,13.7524995803833,13.7524995803833
2019-05-17,13.577500343322754,13.577500343322754
2019-05-20,13.630000114440918,13.630000114440918
2019-05-21,13.612500190734863,13.612500190734863
2019-05-22,13.640000343322754,13.640000343322754
2019-05-23,13.795000076293945,13.795000076293945
2019-05-24,13.744999885559082,13.744999885559082
2019-05-28,13.505000114440918,13.505000114440918
2019-05-29,13.582500457763672,13.582500457763672
2019-05-30,13.702500343322754,13.702500343322754
2019-05-31,13.7475004196167,13.7475004196167
2019-06-03,13.90999984741211,13.90999984741211
2019-06-04,13.885000228881836,13.885000228881836
2019-06-05,13.97249984741211,13.97249984741211
2019-06-06,14.037500381469727,14.037500381469727
2019-06-07,14.192500114440918,14.192500114440918
2019-06-10,13.880000114440918,13.880000114440918
2019-06-11,13.914999961853027,13.914999961853027
2019-06-12,13.947500228881836,13.947500228881836
2019-06-13,14.032500267028809,14.032500267028809
2019-06-14,14.0600004196167,14.0600004196167
2019-06-17,14.007499694824219,14.007499694824219
2019-06-18,14.177499771118164,14.177499771118164
2019-06-19,14.102499961853027,14.102499961853027
2019-06-20,14.522500038146973,14.522500038146973
2019-06-21,14.40999984741211,14.40999984741211
2019-06-24,14.5600004196167,14.5600004196167
2019-06-25,14.539999961853027,14.539999961853027
2019-06-26,14.422499656677246,14.422499656677246
2019-06-27,14.317500114440918,14.317500114440918
2019-06-28,14.40250015258789,14.40250015258789
2019-07-01,14.342499732971191,14.342499732971191
2019-07-02,14.319999694824219,14.319999694824219
2019-07-03,14.422499656677246,14.422499656677246
2019-07-04,14.385000228881836,14.385000228881836
2019-07-05,14.125,14.125
2019-07-08,14.182499885559082,14.182499885559082
2019-07-09,14.202500343322754,14.202500343322754
2019-07-10,14.27750015258789,14.27750015258789
2019-07-11,14.302499771118164,14.302499771118164
2019-07-12,14.282500267028809,14.282500267028809
2019-07-15,14.4350004196167,14.4350004196167
2019-07-16,14.757499694824219,14.757499694824219
2019-07-17,14.989999771118164,14.989999771118164
2019-07-18,15.202500343322754,15.202500343322754
2019-07-19,15.207500457763672,15.207500457763672
2019-07-22,15.430000305175781,15.430000305175781
2019-07-23,15.477499961853027,15.477499961853027
2019-07-24,15.604999542236328,15.604999542236328
2019-07-25,15.532500267028809,15.532500267028809
2019-07-26,15.452500343322754,15.452500343322754
2019-07-29,15.427499771118164,15.427499771118164
2019-07-30,15.547499656677246,15.547499656677246
2019-07-31,15.454999923706055,15.454999923706055
2019-08-01,15.192500114440918,15.192500114440918
2019-08-02,15.305000305175781,15.305000305175781
2019-08-05,15.3725004196167,15.3725004196167
2019-08-06,15.507499694824219,15.507499694824219
2019-08-07,16.100000381469727,16.100000381469727
2019-08-08,15.944999694824219,15.944999694824219
2019-08-09,16.052499771118164,16.052499771118164
2019-08-12,16.0575008392334,16.0575008392334
2019-08-13,16.017499923706055,16.017499923706055
2019-08-14,16.25,16.25
2019-08-15,16.204999923706055,16.204999923706055
2019-08-16,16.107500076293945,16.107500076293945
2019-08-19,15.97249984741211,15.97249984741211
2019-08-20,16.104999542236328,16.104999542236328
2019-08-21,16.122499465942383,16.122499465942383
2019-08-22,16.107500076293945,16.107500076293945
2019-08-23,16.392499923706055,16.392499923706055
2019-08-27,17.09000015258789,17.09000015258789
2019-08-28,17.21500015258789,17.21500015258789
2019-08-29,17.397499084472656,17.397499084472656
2019-08-30,17.31999969482422,17.31999969482422
2019-09-02,17.407499313354492,17.407499313354492
2019-09-03,17.96500015258789,17.96500015258789
2019-09-04,18.21500015258789,18.21500015258789
2019-09-05,17.690000534057617,17.690000534057617
2019-09-06,17.6200008392334,17.6200008392334
2019-09-09,16.94499969482422,16.94499969482422
2019-09-10,17.05500030517578,17.05500030517578
2019-09-11,17.0,17.0
2019-09-12,17.075000762939453,17.075000762939453
2019-09-13,16.71500015258789,16.71500015258789
2019-09-16,16.875,16.875
2019-09-17,16.905000686645508,16.905000686645508
2019-09-18,16.899999618530273,16.899999618530273
2019-09-19,16.725000381469727,16.725000381469727
2019-09-20,16.7450008392334,16.7450008392334
2019-09-23,17.489999771118164,17.489999771118164
2019-09-24,17.434999465942383,17.434999465942383
2019-09-25,17.204999923706055,17.204999923706055
2019-09-26,16.8700008392334,16.8700008392334
2019-09-27,16.364999771118164,16.364999771118164
2019-09-30,16.030000686645508,16.030000686645508
2019-10-01,16.260000228881836,16.260000228881836
2019-10-02,16.600000381469727,16.600000381469727
2019-10-03,16.604999542236328,16.604999542236328
2019-10-04,16.44499969482422,16.44499969482422
2019-10-07,16.459999084472656,16.459999084472656
2019-10-08,16.649999618530273,16.649999618530273
2019-10-09,16.674999237060547,16.674999237060547
2019-10-10,16.524999618530273,16.524999618530273
2019-10-11,16.424999237060547,16.424999237060547
2019-10-14,16.594999313354492,16.594999313354492
2019-10-15,16.375,16.375
2019-10-16,16.375,16.375
2019-10-17,16.540000915527344,16.540000915527344
2019-10-18,16.545000076293945,16.545000076293945
2019-10-21,16.5049991607666,16.5049991607666
2019-10-22,16.454999923706055,16.454999923706055
2019-10-23,16.53499984741211,16.53499984741211
2019-10-24,16.704999923706055,16.704999923706055
2019-10-25,17.024999618530273,17.024999618530273
2019-10-28,16.780000686645508,16.780000686645508
2019-10-29,16.780000686645508,16.780000686645508
2019-10-30,16.795000076293945,16.795000076293945
2019-10-31,16.959999084472656,16.959999084472656
2019-11-01,16.975000381469727,16.975000381469727
2019-11-04,16.895000457763672,16.895000457763672
2019-11-05,16.514999389648438,16.514999389648438
2019-11-06,16.565000534057617,16.565000534057617
2019-11-07,16.079999923706055,16.079999923706055
2019-11-08,15.930000305175781,15.930000305175781
2019-11-11,15.835000038146973,15.835000038146973
2019-11-12,15.725000381469727,15.725000381469727
2019-11-13,15.90999984741211,15.90999984741211
2019-11-14,16.010000228881836,16.010000228881836
2019-11-15,15.960000038146973,15.960000038146973
2019-11-18,16.014999389648438,16.014999389648438
2019-11-19,16.065000534057617,16.065000534057617
2019-11-20,16.06999969482422,16.06999969482422
2019-11-21,16.1299991607666,16.1299991607666
2019-11-22,16.05500030517578,16.05500030517578
2019-11-25,15.9375,15.9375
2019-11-26,16.059999465942383,16.059999465942383
2019-11-27,15.954999923706055,15.954999923706055
2019-11-28,15.9350004196167,15.9350004196167
2019-11-29,16.0,16.0
2019-12-02,15.954999923706055,15.954999923706055
2019-12-03,16.174999237060547,16.174999237060547
2019-12-04,15.845000267028809,15.845000267028809
2019-12-05,15.9350004196167,15.9350004196167
2019-12-06,15.5649995803833,15.5649995803833
2019-12-09,15.609999656677246,15.609999656677246
2019-12-10,15.649999618530273,15.649999618530273
2019-12-11,15.829999923706055,15.829999923706055
2019-12-12,15.819999694824219,15.819999694824219
2019-12-13,15.930000305175781,15.930000305175781
2019-12-16,15.970000267028809,15.970000267028809
2019-12-17,16.0,16.0
2019-12-18,15.944999694824219,15.944999694824219
2019-12-19,16.024999618530273,16.024999618530273
2019-12-20,16.079999923706055,16.079999923706055
2019-12-23,16.350000381469727,16.350000381469727
2019-12-24,16.537500381469727,16.537500381469727
2019-12-27,16.875,16.875
2019-12-30,16.864999771118164,16.864999771118164
2019-12-31,16.967500686645508,16.967500686645508
2020-01-02,16.892499923706055,16.892499923706055
2020-01-03,17.020000457763672,17.020000457763672
2020-01-06,17.00749969482422,17.00749969482422
2020-01-07,17.13249969482422,17.13249969482422
2020-01-08,17.112499237060547,17.112499237060547
2020-01-09,16.799999237060547,16.799999237060547
2020-01-10,17.059999465942383,17.059999465942383
2020-01-13,16.920000076293945,16.920000076293945
2020-01-14,16.719999313354492,16.719999313354492
2020-01-15,16.875,16.875
2020-01-16,16.864999771118164,16.864999771118164
2020-01-17,16.897499084472656,16.897499084472656
2020-01-20,16.979999542236328,16.979999542236328
2020-01-21,16.78499984741211,16.78499984741211
2020-01-22,16.75,16.75
2020-01-23,16.762500762939453,16.762500762939453
2020-01-24,16.957500457763672,16.957500457763672
2020-01-27,17.082500457763672,17.082500457763672
2020-01-28,16.522499084472656,16.522499084472656
2020-01-29,16.389999389648438,16.389999389648438
2020-01-30,16.887500762939453,16.887500762939453
2020-01-31,17.002500534057617,17.002500534057617
2020-02-03,16.575000762939453,16.575000762939453
2020-02-04,16.530000686645508,16.530000686645508
2020-02-05,16.56999969482422,16.56999969482422
2020-02-06,16.729999542236328,16.729999542236328
2020-02-07,16.577499389648438,16.577499389648438
2020-02-10,16.719999313354492,16.719999313354492
2020-02-11,16.517499923706055,16.517499923706055
2020-02-12,16.469999313354492,16.469999313354492
2020-02-13,16.59000015258789,16.59000015258789
2020-02-14,16.667499542236328,16.667499542236328
2020-02-17,16.700000762939453,16.700000762939453
2020-02-18,17.06999969482422,17.06999969482422
2020-02-19,17.1299991607666,17.1299991607666
2020-02-20,17.280000686645508,17.280000686645508
2020-02-21,17.350000381469727,17.350000381469727
2020-02-24,17.6299991607666,17.6299991607666
2020-02-25,17.142499923706055,17.142499923706055
2020-02-26,16.767499923706055,16.767499923706055
2020-02-27,16.74250030517578,16.74250030517578
2020-02-28,15.677499771118164,15.677499771118164
2020-03-02,15.712499618530273,15.712499618530273
2020-03-03,16.102500915527344,16.102500915527344
2020-03-04,16.100000381469727,16.100000381469727
2020-03-05,16.235000610351562,16.235000610351562
2020-03-06,16.155000686645508,16.155000686645508
2020-03-09,15.864999771118164,15.864999771118164
2020-03-10,15.84749984741211,15.84749984741211
2020-03-11,15.890000343322754,15.890000343322754
2020-03-12,14.710000038146973,14.710000038146973
2020-03-13,13.734999656677246,13.734999656677246
2020-03-16,12.202500343322754,12.202500343322754
2020-03-17,11.739999771118164,11.739999771118164
2020-03-18,11.28499984741211,11.28499984741211
2020-03-19,11.417499542236328,11.417499542236328
2020-03-20,11.680000305175781,11.680000305175781
2020-03-23,12.072500228881836,12.072500228881836
2020-03-24,13.1899995803833,13.1899995803833
2020-03-25,13.550000190734863,13.550000190734863
2020-03-26,13.632499694824219,13.632499694824219
2020-03-27,13.555000305175781,13.555000305175781
2020-03-30,13.162500381469727,13.162500381469727
2020-03-31,13.342499732971191,13.342499732971191
2020-04-01,13.1850004196167,13.1850004196167
2020-04-02,13.5649995803833,13.5649995803833
2020-04-03,13.5,13.5
2020-04-06,13.84000015258789,13.84000015258789
2020-04-07,14.282500267028809,14.282500267028809
2020-04-08,14.135000228881836,14.135000228881836
2020-04-09,14.420000076293945,14.420000076293945
2020-04-14,14.6899995803833,14.6899995803833
2020-04-15,14.539999961853027,14.539999961853027
2020-04-16,14.420000076293945,14.420000076293945
2020-04-17,14.335000038146973,14.335000038146973
2020-04-20,14.454999923706055,14.454999923706055
2020-04-21,13.904999732971191,13.904999732971191
2020-04-22,14.09000015258789,14.09000015258789
2020-04-23,14.420000076293945,14.420000076293945
2020-04-24,14.175000190734863,14.175000190734863
2020-04-27,14.255000114440918,14.255000114440918
2020-04-28,14.104999542236328,14.104999542236328
2020-04-29,14.244999885559082,14.244999885559082
2020-04-30,14.25,14.25
2020-05-01,14.0,14.0
2020-05-04,13.914999961853027,13.914999961853027
2020-05-05,13.989999771118164,13.989999771118164
2020-05-06,14.057499885559082,14.057499885559082
2020-05-07,14.257499694824219,14.257499694824219
2020-05-11,14.457500457763672,14.457500457763672
2020-05-12,14.642499923706055,14.642499923706055
2020-05-13,14.654999732971191,14.654999732971191
2020-05-14,14.774999618530273,14.774999618530273
2020-05-15,15.53499984741211,15.53499984741211
2020-05-18,15.989999771118164,15.989999771118164
2020-05-19,16.219999313354492,16.219999313354492
2020-05-20,16.44499969482422,16.44499969482422
2020-05-21,15.922499656677246,15.922499656677246
2020-05-22,16.1299991607666,16.1299991607666
2020-05-26,16.139999389648438,16.139999389648438
2020-05-27,16.017499923706055,16.017499923706055
2020-05-28,16.28499984741211,16.28499984741211
2020-05-29,16.739999771118164,16.739999771118164
2020-06-01,17.235000610351562,17.235000610351562
2020-06-02,16.842500686645508,16.842500686645508
2020-06-03,16.524999618530273,16.524999618530273
2020-06-04,16.625,16.625
2020-06-05,16.25,16.25
2020-06-08,16.392499923706055,16.392499923706055
2020-06-09,16.559999465942383,16.559999465942383
2020-06-10,16.71500015258789,16.71500015258789
2020-06-11,16.885000228881836,16.885000228881836
2020-06-12,16.385000228881836,16.385000228881836
2020-06-15,16.165000915527344,16.165000915527344
2020-06-16,16.352500915527344,16.352500915527344
2020-06-17,16.399999618530273,16.399999618530273
2020-06-18,16.334999084472656,16.334999084472656
2020-06-19,16.645000457763672,16.645000457763672
2020-06-22,16.719999313354492,16.719999313354492
2020-06-23,16.809999465942383,16.809999465942383
2020-06-24,16.524999618530273,16.524999618530273
2020-06-25,16.579999923706055,16.579999923706055
2020-06-26,16.6299991607666,16.6299991607666
2020-06-29,16.690000534057617,16.690000534057617
2020-06-30,17.079999923706055,17.079999923706055
2020-07-01,16.782499313354492,16.782499313354492
2020-07-02,16.93000030517578,16.93000030517578
2020-07-03,16.94499969482422,16.94499969482422
2020-07-06,17.145000457763672,17.145000457763672
2020-07-07,17.139999389648438,17.139999389648438
2020-07-08,17.485000610351562,17.485000610351562
2020-07-09,17.454999923706055,17.454999923706055
2020-07-10,17.514999389648438,17.514999389648438
2020-07-13,18.045000076293945,18.045000076293945
2020-07-14,17.947500228881836,17.947500228881836
2020-07-15,18.135000228881836,18.135000228881836
2020-07-16,18.102500915527344,18.102500915527344
2020-07-17,18.15250015258789,18.15250015258789
2020-07-20,18.524999618530273,18.524999618530273
2020-07-21,19.799999237060547,19.799999237060547
2020-07-22,20.954999923706055,20.954999923706055
2020-07-23,21.579999923706055,21.579999923706055
2020-07-24,21.15999984741211,21.15999984741211
2020-07-27,22.604999542236328,22.604999542236328
2020-07-28,22.969999313354492,22.969999313354492
2020-07-29,22.6299991607666,22.6299991607666
2020-07-30,21.65999984741211,21.65999984741211
2020-07-31,22.607500076293945,22.607500076293945
2020-08-03,22.764999389648438,22.764999389648438
2020-08-04,23.764999389648438,23.764999389648438
2020-08-05,25.229999542236328,25.229999542236328
2020-08-06,26.170000076293945,26.170000076293945
2020-08-07,26.260000228881836,26.260000228881836
2020-08-10,27.010000228881836,27.010000228881836
2020-08-11,25.420000076293945,25.420000076293945
2020-08-12,24.190000534057617,24.190000534057617
2020-08-13,24.969999313354492,24.969999313354492
2020-08-14,25.05500030517578,25.05500030517578
2020-08-17,25.670000076293945,25.670000076293945
2020-08-18,25.979999542236328,25.979999542236328
2020-08-19,25.610000610351562,25.610000610351562
2020-08-20,25.454999923706055,25.454999923706055
2020-08-21,25.125,25.125
2020-08-24,24.825000762939453,24.825000762939453
2020-08-25,24.729999542236328,24.729999542236328
2020-08-26,25.344999313354492,25.344999313354492
2020-08-27,25.170000076293945,25.170000076293945
2020-08-28,25.895000457763672,25.895000457763672
2020-09-01,26.649999618530273,26.649999618530273
2020-09-02,25.700000762939453,25.700000762939453
2020-09-03,24.860000610351562,24.860000610351562
2020-09-04,24.844999313354492,24.844999313354492
2020-09-07,25.174999237060547,25.174999237060547
2020-09-08,24.80500030517578,24.80500030517578
2020-09-09,25.18000030517578,25.18000030517578
2020-09-10,25.44499969482422,25.44499969482422
2020-09-11,25.21500015258789,25.21500015258789
2020-09-14,25.545000076293945,25.545000076293945
2020-09-15,25.405000686645508,25.405000686645508
2020-09-16,25.6299991607666,25.6299991607666
2020-09-17,25.274999618530273,25.274999618530273
2020-09-18,25.260000228881836,25.260000228881836
2020-09-21,22.68000030517578,22.68000030517578
2020-09-22,22.802499771118164,22.802499771118164
2020-09-23,21.594999313354492,21.594999313354492
2020-09-24,21.110000610351562,21.110000610351562
2020-09-25,21.59000015258789,21.59000015258789
2020-09-28,21.8799991607666,21.8799991607666
2020-09-29,22.5674991607666,22.5674991607666
2020-09-30,22.415000915527344,22.415000915527344
2020-10-01,22.524999618530273,22.524999618530273
2020-10-02,22.5575008392334,22.5575008392334
2020-10-05,22.797500610351562,22.797500610351562
2020-10-06,22.545000076293945,22.545000076293945
2020-10-07,22.290000915527344,22.290000915527344
2020-10-08,22.34000015258789,22.34000015258789
2020-10-09,23.15250015258789,23.15250015258789
2020-10-12,23.440000534057617,23.440000534057617
2020-10-13,22.607500076293945,22.607500076293945
2020-10-14,22.885000228881836,22.885000228881836
2020-10-15,22.5575008392334,22.5575008392334
2020-10-16,22.69499969482422,22.69499969482422
2020-10-19,22.982500076293945,22.982500076293945
2020-10-20,23.170000076293945,23.170000076293945
2020-10-21,23.427499771118164,23.427499771118164
2020-10-22,23.022499084472656,23.022499084472656
2020-10-23,23.010000228881836,23.010000228881836
2020-10-26,22.81999969482422,22.81999969482422
2020-10-27,22.8799991607666,22.8799991607666
2020-10-28,21.950000762939453,21.950000762939453
2020-10-29,21.850000381469727,21.850000381469727
2020-10-30,22.079999923706055,22.079999923706055
2020-11-02,22.34000015258789,22.34000015258789
2020-11-03,22.667499542236328,22.667499542236328
2020-11-04,22.44499969482422,22.44499969482422
2020-11-05,23.34000015258789,23.34000015258789
2020-11-06,23.852500915527344,23.852500915527344
2020-11-09,22.264999389648438,22.264999389648438
2020-11-10,22.854999542236328,22.854999542236328
2020-11-11,22.647499084472656,22.647499084472656
2020-11-12,22.81999969482422,22.81999969482422
2020-11-13,23.075000762939453,23.075000762939453
2020-11-16,23.059999465942383,23.059999465942383
2020-11-17,23.0,23.0
2020-11-18,22.982500076293945,22.982500076293945
2020-11-19,22.392499923706055,22.392499923706055
2020-11-20,22.75749969482422,22.75749969482422
2020-11-23,21.989999771118164,21.989999771118164
2020-11-24,21.719999313354492,21.719999313354492
2020-11-25,21.872499465942383,21.872499465942383
2020-11-26,21.829999923706055,21.829999923706055
2020-11-27,21.260000228881836,21.260000228881836
2020-11-30,21.0,21.0
2020-12-01,22.170000076293945,22.170000076293945
2020-12-02,22.395000457763672,22.395000457763672
2020-12-03,22.389999389648438,22.389999389648438
2020-12-04,22.530000686645508,22.530000686645508
2020-12-07,23.049999237060547,23.049999237060547
2020-12-08,22.975000381469727,22.975000381469727
2020-12-09,22.584999084472656,22.584999084472656
2020-12-10,22.434999465942383,22.434999465942383
2020-12-11,22.450000762939453,22.450000762939453
2020-12-14,22.299999237060547,22.299999237060547
2020-12-15,22.854999542236328,22.854999542236328
2020-12-16,23.364999771118164,23.364999771118164
2020-12-17,24.202499389648438,24.202499389648438
2020-12-18,24.149999618530273,24.149999618530273
2020-12-21,24.485000610351562,24.485000610351562
2020-12-22,23.885000228881836,23.885000228881836
2020-12-23,23.975000381469727,23.975000381469727
2020-12-24,24.065000534057617,24.065000534057617
2020-12-29,24.6299991607666,24.6299991607666
2020-12-30,24.704999923706055,24.704999923706055
2020-12-31,24.7450008392334,24.7450008392334
2021-01-04,25.489999771118164,25.489999771118164
2021-01-05,25.649999618530273,25.649999618530273
2021-01-06,25.079999923706055,25.079999923706055
2021-01-07,25.40999984741211,25.40999984741211
2021-01-08,24.092500686645508,24.092500686645508
2021-01-11,23.572500228881836,23.572500228881836
2021-01-12,23.712499618530273,23.712499618530273
2021-01-13,23.81999969482422,23.81999969482422
2021-01-14,23.905000686645508,23.905000686645508
2021-01-15,23.200000762939453,23.200000762939453
2021-01-18,23.389999389648438,23.389999389648438
2021-01-19,23.584999084472656,23.584999084472656
2021-01-20,23.997499465942383,23.997499465942383
2021-01-21,24.049999237060547,24.049999237060547
2021-01-22,23.8125,23.8125
2021-01-25,23.6299991607666,23.6299991607666
2021-01-26,23.895000457763672,23.895000457763672
2021-01-27,23.625,23.625
2021-01-28,24.80500030517578,24.80500030517578
2021-01-29,25.31999969482422,25.31999969482422
2021-02-01,26.760000228881836,26.760000228881836
2021-02-02,25.040000915527344,25.040000915527344
2021-02-03,25.190000534057617,25.190000534057617
2021-02-04,24.417499542236328,24.417499542236328
2021-02-05,25.100000381469727,25.100000381469727
2021-02-08,25.700000762939453,25.700000762939453
2021-02-09,25.530000686645508,25.530000686645508
2021-02-10,25.280000686645508,25.280000686645508
2021-02-11,25.389999389648438,25.389999389648438
2021-02-12,25.549999237060547,25.549999237060547
2021-02-15,25.764999389648438,25.764999389648438
2021-02-16,25.520000457763672,25.520000457763672
2021-02-17,25.31999969482422,25.31999969482422
2021-02-18,25.270000457763672,25.270000457763672
2021-02-19,25.6299991607666,25.6299991607666
2021-02-22,26.020000457763672,26.020000457763672
2021-02-23,25.71500015258789,25.71500015258789
2021-02-24,26.010000228881836,26.010000228881836
2021-02-25,25.899999618530273,25.899999618530273
2021-02-26,24.59749984741211,24.59749984741211
2021-03-01,25.05500030517578,25.05500030517578
2021-03-02,24.747499465942383,24.747499465942383
2021-03-03,24.6825008392334,24.6825008392334
2021-03-04,24.447500228881836,24.447500228881836
2021-03-05,23.31999969482422,23.31999969482422
2021-03-08,23.537500381469727,23.537500381469727
2021-03-09,24.25,24.25
2021-03-10,24.260000228881836,24.260000228881836
2021-03-11,24.360000610351562,24.360000610351562
2021-03-12,23.99250030517578,23.99250030517578
2021-03-15,24.4325008392334,24.4325008392334
2021-03-16,24.2450008392334,24.2450008392334
2021-03-17,24.219999313354492,24.219999313354492
2021-03-18,24.579999923706055,24.579999923706055
2021-03-19,24.44499969482422,24.44499969482422
2021-03-22,24.030000686645508,24.030000686645508
2021-03-23,23.545000076293945,23.545000076293945
2021-03-24,23.635000228881836,23.635000228881836
2021-03-25,23.3799991607666,23.3799991607666
2021-03-26,23.375,23.375
2021-03-29,22.96500015258789,22.96500015258789
2021-03-30,22.479999542236328,22.479999542236328
2021-03-31,22.670000076293945,22.670000076293945
2021-04-01,23.09000015258789,23.09000015258789
2021-04-06,23.5575008392334,23.5575008392334
2021-04-07,23.520000457763672,23.520000457763672
2021-04-08,23.7450008392334,23.7450008392334
2021-04-09,23.575000762939453,23.575000762939453
2021-04-12,23.204999923706055,23.204999923706055
2021-04-13,23.6924991607666,23.6924991607666
2021-04-14,23.68000030517578,23.68000030517578
2021-04-15,24.22249984741211,24.22249984741211
2021-04-16,24.332500457763672,24.332500457763672
2021-04-19,24.149999618530273,24.149999618530273
2021-04-20,24.110000610351562,24.110000610351562
2021-04-21,24.690000534057617,24.690000534057617
2021-04-22,24.422500610351562,24.422500610351562
2021-04-23,24.270000457763672,24.270000457763672
2021-04-26,24.405000686645508,24.405000686645508
2021-04-27,24.612499237060547,24.612499237060547
2021-04-28,24.280000686645508,24.280000686645508
2021-04-29,24.219999313354492,24.219999313354492
2021-04-30,24.22249984741211,24.22249984741211
2021-05-04,24.78499984741211,24.78499984741211
2021-05-05,24.662500381469727,24.662500381469727
2021-05-06,25.6200008392334,25.6200008392334
2021-05-07,25.565000534057617,25.565000534057617
2021-05-10,25.670000076293945,25.670000076293945
2021-05-11,25.610000610351562,25.610000610351562
2021-05-12,25.3799991607666,25.3799991607666
2021-05-13,25.135000228881836,25.135000228881836
2021-05-14,25.59000015258789,25.59000015258789
2021-05-17,26.209999084472656,26.209999084472656
2021-05-18,26.309999465942383,26.309999465942383
2021-05-19,26.03499984741211,26.03499984741211
2021-05-20,26.014999389648438,26.014999389648438
2021-05-21,25.610000610351562,25.610000610351562
2021-05-24,25.924999237060547,25.924999237060547
2021-05-25,26.010000228881836,26.010000228881836
2021-05-26,25.959999084472656,25.959999084472656
2021-05-27,25.8700008392334,25.8700008392334
2021-05-28,25.959999084472656,25.959999084472656
2021-06-01,26.139999389648438,26.139999389648438
2021-06-02,26.190000534057617,26.190000534057617
2021-06-03,25.40999984741211,25.40999984741211
2021-06-04,25.920000076293945,25.920000076293945
2021-06-07,25.9950008392334,25.9950008392334
2021-06-08,25.790000915527344,25.790000915527344
2021-06-09,26.030000686645508,26.030000686645508
2021-06-10,26.049999237060547,26.049999237060547
2021-06-11,26.1299991607666,26.1299991607666
2021-06-14,26.079999923706055,26.079999923706055
2021-06-15,25.709999084472656,25.709999084472656
2021-06-16,25.889999389648438,25.889999389648438
2021-06-17,24.204999923706055,24.204999923706055
2021-06-18,24.262500762939453,24.262500762939453
2021-06-21,24.207500457763672,24.207500457763672
2021-06-22,24.059999465942383,24.059999465942383
2021-06-23,24.387500762939453,24.387500762939453
2021-06-24,24.27750015258789,24.27750015258789
2021-06-25,24.337499618530273,24.337499618530273
2021-06-28,24.329999923706055,24.329999923706055
2021-06-29,24.0049991607666,24.0049991607666
2021-06-30,24.239999771118164,24.239999771118164
2021-07-01,24.260000228881836,24.260000228881836
2021-07-02,24.639999389648438,24.639999389648438
2021-07-05,24.6875,24.6875
2021-07-06,24.49250030517578,24.49250030517578
2021-07-07,24.34000015258789,24.34000015258789
2021-07-08,24.147499084472656,24.147499084472656
2021-07-09,24.389999389648438,24.389999389648438
2021-07-12,24.4375,24.4375
2021-07-13,24.372499465942383,24.372499465942383
2021-07-14,24.440000534057617,24.440000534057617
2021-07-15,24.512500762939453,24.512500762939453
2021-07-16,23.959999084472656,23.959999084472656
2021-07-19,23.440000534057617,23.440000534057617
2021-07-20,23.15999984741211,23.15999984741211
2021-07-21,23.510000228881836,23.510000228881836
2021-07-22,23.59000015258789,23.59000015258789
2021-07-23,23.479999542236328,23.479999542236328
2021-07-26,23.497499465942383,23.497499465942383
2021-07-27,22.987499237060547,22.987499237060547
2021-07-28,23.174999237060547,23.174999237060547
2021-07-29,24.002500534057617,24.002500534057617
2021-07-30,23.809999465942383,23.809999465942383
2021-08-02,23.717500686645508,23.717500686645508
2021-08-03,23.782499313354492,23.782499313354492
2021-08-04,23.61750030517578,23.61750030517578
2021-08-05,23.552499771118164,23.552499771118164
2021-08-06,22.612499237060547,22.612499237060547
2021-08-09,21.864999771118164,21.864999771118164
2021-08-10,21.764999389648438,21.764999389648438
2021-08-11,21.927499771118164,21.927499771118164
2021-08-12,21.59749984741211,21.59749984741211
2021-08-13,22.147499084472656,22.147499084472656
2021-08-16,22.197500228881836,22.197500228881836
2021-08-17,22.049999237060547,22.049999237060547
2021-08-18,21.832500457763672,21.832500457763672
2021-08-19,21.6875,21.6875
2021-08-20,21.577499389648438,21.577499389648438
2021-08-23,22.032499313354492,22.032499313354492
2021-08-24,22.25,22.25
2021-08-25,22.094999313354492,22.094999313354492
2021-08-26,21.969999313354492,21.969999313354492
2021-08-27,22.200000762939453,22.200000762939453
2021-08-31,22.260000228881836,22.260000228881836
2021-09-01,22.549999237060547,22.549999237060547
2021-09-02,22.272499084472656,22.272499084472656
2021-09-03,23.125,23.125
2021-09-06,22.985000610351562,22.985000610351562
2021-09-07,22.625,22.625
2021-09-08,22.354999542236328,22.354999542236328
2021-09-09,22.417499542236328,22.417499542236328
2021-09-10,22.3700008392334,22.3700008392334
2021-09-13,21.889999389648438,21.889999389648438
2021-09-14,22.200000762939453,22.200000762939453
2021-09-15,22.114999771118164,22.114999771118164
2021-09-16,21.1924991607666,21.1924991607666
2021-09-17,20.969999313354492,20.969999313354492
2021-09-20,20.864999771118164,20.864999771118164
2021-09-21,21.107500076293945,21.107500076293945
2021-09-22,21.377500534057617,21.377500534057617
2021-09-23,21.09000015258789,21.09000015258789
2021-09-24,20.899999618530273,20.899999618530273
2021-09-27,21.170000076293945,21.170000076293945
2021-09-28,20.954999923706055,20.954999923706055
2021-09-29,20.094999313354492,20.094999313354492
2021-09-30,20.649999618530273,20.649999618530273
2021-10-01,21.0,21.0
2021-10-04,21.0,21.0
2021-10-05,21.040000915527344,21.040000915527344
2021-10-06,20.860000610351562,20.860000610351562
2021-10-07,21.110000610351562,21.110000610351562
2021-10-08,21.190000534057617,21.190000534057617
2021-10-11,21.15250015258789,21.15250015258789
2021-10-12,21.022499084472656,21.022499084472656
2021-10-13,21.56999969482422,21.56999969482422
2021-10-14,21.782499313354492,21.782499313354492
2021-10-15,21.760000228881836,21.760000228881836
2021-10-18,21.6299991607666,21.6299991607666
2021-10-19,22.260000228881836,22.260000228881836
2021-10-20,22.600000381469727,22.600000381469727
2021-10-21,22.457500457763672,22.457500457763672
2021-10-22,22.790000915527344,22.790000915527344
2021-10-25,22.842500686645508,22.842500686645508
2021-10-26,22.31999969482422,22.31999969482422
2021-10-27,22.412500381469727,22.412500381469727
2021-10-28,22.479999542236328,22.479999542236328
2021-10-29,22.229999542236328,22.229999542236328
2021-11-01,22.299999237060547,22.299999237060547
2021-11-02,21.790000915527344,21.790000915527344
2021-11-03,21.600000381469727,21.600000381469727
2021-11-04,22.209999084472656,22.209999084472656
2021-11-05,22.399999618530273,22.399999618530273
2021-11-08,22.709999084472656,22.709999084472656
2021-11-09,22.514999389648438,22.514999389648438
2021-11-10,23.325000762939453,23.325000762939453
2021-11-11,23.424999237060547,23.424999237060547
2021-11-12,23.497499465942383,23.497499465942383
2021-11-15,23.344999313354492,23.344999313354492
2021-11-16,23.247499465942383,23.247499465942383
2021-11-17,23.3700008392334,23.3700008392334
2021-11-18,23.174999237060547,23.174999237060547
2021-11-19,23.139999389648438,23.139999389648438
2021-11-22,22.78499984741211,22.78499984741211
2021-11-23,21.684999465942383,21.684999465942383
2021-11-24,21.895000457763672,21.895000457763672
2021-11-25,22.0,22.0
2021-11-26,21.56999969482422,21.56999969482422
2021-11-29,21.200000762939453,21.200000762939453
2021-11-30,21.299999237060547,21.299999237060547
2021-12-01,20.959999084472656,20.959999084472656
2021-12-02,20.844999313354492,20.844999313354492
2021-12-03,20.829999923706055,20.829999923706055
2021-12-06,20.7450008392334,20.7450008392334
2021-12-07,20.969999313354492,20.969999313354492
2021-12-08,20.852500915527344,20.852500915527344
2021-12-09,20.514999389648438,20.514999389648438
2021-12-10,20.610000610351562,20.610000610351562
2021-12-13,20.770000457763672,20.770000457763672
2021-12-14,20.43000030517578,20.43000030517578
2021-12-15,20.072500228881836,20.072500228881836
2021-12-16,20.940000534057617,20.940000534057617
2021-12-17,20.9424991607666,20.9424991607666
2021-12-20,20.7549991607666,20.7549991607666
2021-12-21,20.922500610351562,20.922500610351562
2021-12-22,21.1825008392334,21.1825008392334
2021-12-23,21.325000762939453,21.325000762939453
2021-12-24,21.350000381469727,21.350000381469727
2021-12-29,21.260000228881836,21.260000228881836
2021-12-30,21.440000534057617,21.440000534057617
2021-12-31,21.477500915527344,21.477500915527344
2022-01-04,21.3799991607666,21.3799991607666
2022-01-05,21.524999618530273,21.524999618530273
2022-01-06,20.584999084472656,20.584999084472656
2022-01-07,20.614999771118164,20.614999771118164
2022-01-10,20.860000610351562,20.860000610351562
2022-01-11,21.082500457763672,21.082500457763672
2022-01-12,21.44499969482422,21.44499969482422
2022-01-13,21.489999771118164,21.489999771118164
2022-01-14,21.280000686645508,21.280000686645508
2022-01-17,21.392499923706055,21.392499923706055
2022-01-18,21.797500610351562,21.797500610351562
2022-01-19,22.350000381469727,22.350000381469727
2022-01-20,22.80500030517578,22.80500030517578
2022-01-21,22.674999237060547,22.674999237060547
2022-01-24,22.010000228881836,22.010000228881836
2022-01-25,22.127500534057617,22.127500534057617
2022-01-26,22.082500457763672,22.082500457763672
2022-01-27,21.094999313354492,21.094999313354492
2022-01-28,20.772499084472656,20.772499084472656
2022-01-31,20.829999923706055,20.829999923706055
2022-02-01,21.204999923706055,21.204999923706055
2022-02-02,21.100000381469727,21.100000381469727
2022-02-03,20.915000915527344,20.915000915527344
2022-02-04,20.860000610351562,20.860000610351562
2022-02-07,21.3799991607666,21.3799991607666
2022-02-08,21.55500030517578,21.55500030517578
2022-02-09,21.600000381469727,21.600000381469727
2022-02-10,21.950000762939453,21.950000762939453
2022-02-11,21.575000762939453,21.575000762939453
2022-02-14,22.167499542236328,22.167499542236328
2022-02-15,21.6200008392334,21.6200008392334
2022-02-16,21.854999542236328,21.854999542236328
2022-02-17,22.1299991607666,22.1299991607666
2022-02-18,22.239999771118164,22.239999771118164
2022-02-21,22.25,22.25
2022-02-22,22.514999389648438,22.514999389648438
2022-02-23,22.7549991607666,22.7549991607666
2022-02-24,22.985000610351562,22.985000610351562
2022-02-25,22.219999313354492,22.219999313354492
2022-02-28,22.635000228881836,22.635000228881836
2022-03-01,23.342500686645508,23.342500686645508
2022-03-02,23.292499542236328,23.292499542236328
2022-03-03,23.3075008392334,23.3075008392334
2022-03-04,23.782499313354492,23.782499313354492
2022-03-07,23.69499969482422,23.69499969482422
2022-03-08,24.84000015258789,24.84000015258789
2022-03-09,24.149999618530273,24.149999618530273
2022-03-10,24.100000381469727,24.100000381469727
2022-03-11,24.100000381469727,24.100000381469727
2022-03-14,23.3700008392334,23.3700008392334
2022-03-15,23.139999389648438,23.139999389648438
2022-03-16,22.920000076293945,22.920000076293945
2022-03-17,23.614999771118164,23.614999771118164
2022-03-18,23.190000534057617,23.190000534057617
2022-03-21,23.420000076293945,23.420000076293945
2022-03-22,23.030000686645508,23.030000686645508
2022-03-23,23.204999923706055,23.204999923706055
2022-03-24,23.860000610351562,23.860000610351562
2022-03-25,23.649999618530273,23.649999618530273
2022-03-28,23.30500030517578,23.30500030517578
2022-03-29,22.80500030517578,22.80500030517578
2022-03-30,23.184999465942383,23.184999465942383
2022-03-31,23.209999084472656,23.209999084472656
2022-04-01,23.010000228881836,23.010000228881836
2022-04-04,22.790000915527344,22.790000915527344
2022-04-05,22.71500015258789,22.71500015258789
2022-04-06,22.6825008392334,22.6825008392334
2022-04-07,22.719999313354492,22.719999313354492
2022-04-08,22.969999313354492,22.969999313354492
2022-04-11,23.209999084472656,23.209999084472656
2022-04-12,23.780000686645508,23.780000686645508
2022-04-13,23.90999984741211,23.90999984741211
2022-04-14,23.565000534057617,23.565000534057617
2022-04-19,23.364999771118164,23.364999771118164
2022-04-20,23.344999313354492,23.344999313354492
2022-04-21,22.795000076293945,22.795000076293945
2022-04-22,22.459999084472656,22.459999084472656
2022-04-25,21.9325008392334,21.9325008392334
2022-04-26,21.850000381469727,21.850000381469727
2022-04-27,21.700000762939453,21.700000762939453
2022-04-28,21.424999237060547,21.424999237060547
2022-04-29,21.362499237060547,21.362499237060547
2022-05-03,21.094999313354492,21.094999313354492
2022-05-04,20.739999771118164,20.739999771118164
2022-05-05,20.93000030517578,20.93000030517578
2022-05-06,20.959999084472656,20.959999084472656
2022-05-09,20.227500915527344,20.227500915527344
2022-05-10,20.09000015258789,20.09000015258789
2022-05-11,20.260000228881836,20.260000228881836
2022-05-12,19.459999084472656,19.459999084472656
2022-05-13,19.487499237060547,19.487499237060547
2022-05-16,19.875,19.875
2022-05-17,20.167499542236328,20.167499542236328
2022-05-18,19.9424991607666,19.9424991607666
2022-05-19,20.34749984741211,20.34749984741211
2022-05-20,20.190000534057617,20.190000534057617
2022-05-23,20.302499771118164,20.302499771118164
2022-05-24,20.517499923706055,20.517499923706055
2022-05-25,20.337499618530273,20.337499618530273
2022-05-26,20.3700008392334,20.3700008392334
2022-05-27,20.524999618530273,20.524999618530273
2022-05-30,20.422500610351562,20.422500610351562
2022-05-31,20.145000457763672,20.145000457763672
2022-06-01,20.219999313354492,20.219999313354492
2022-06-06,20.469999313354492,20.469999313354492
2022-06-07,20.530000686645508,20.530000686645508
2022-06-08,20.59000015258789,20.59000015258789
2022-06-09,20.05500030517578,20.05500030517578
2022-06-10,20.282499313354492,20.282499313354492
2022-06-13,19.594999313354492,19.594999313354492
2022-06-14,19.454999923706055,19.454999923706055
2022-06-15,19.94499969482422,19.94499969482422
2022-06-16,20.219999313354492,20.219999313354492
2022-06-17,20.092500686645508,20.092500686645508
2022-06-20,20.0575008392334,20.0575008392334
2022-06-21,20.290000915527344,20.290000915527344
2022-06-22,19.96500015258789,19.96500015258789
2022-06-23,19.767499923706055,19.767499923706055
2022-06-24,19.65250015258789,19.65250015258789
2022-06-27,19.739999771118164,19.739999771118164
2022-06-28,19.415000915527344,19.415000915527344
2022-06-29,19.202499389648438,19.202499389648438
2022-06-30,18.934999465942383,18.934999465942383
2022-07-01,18.420000076293945,18.420000076293945
2022-07-04,18.489999771118164,18.489999771118164
2022-07-05,17.80500030517578,17.80500030517578
2022-07-06,17.75,17.75
2022-07-07,17.8700008392334,17.8700008392334
2022-07-08,17.920000076293945,17.920000076293945
2022-07-11,17.809999465942383,17.809999465942383
2022-07-12,17.709999084472656,17.709999084472656
2022-07-13,17.887500762939453,17.887500762939453
2022-07-14,17.114999771118164,17.114999771118164
2022-07-15,17.352500915527344,17.352500915527344
2022-07-18,17.5049991607666,17.5049991607666
2022-07-19,17.479999542236328,17.479999542236328
2022-07-20,17.482500076293945,17.482500076293945
2022-07-21,17.3799991607666,17.3799991607666
2022-07-22,17.489999771118164,17.489999771118164
2022-07-25,17.084999084472656,17.084999084472656
2022-07-26,17.282499313354492,17.282499313354492
2022-07-27,17.280000686645508,17.280000686645508
2022-07-28,18.43000030517578,18.43000030517578
2022-07-29,18.78499984741211,18.78499984741211
2022-08-01,18.834999084472656,18.834999084472656
2022-08-02,18.8075008392334,18.8075008392334
2022-08-03,18.462499618530273,18.462499618530273
2022-08-04,18.649999618530273,18.649999618530273
2022-08-05,18.457500457763672,18.457500457763672
2022-08-08,19.190000534057617,19.190000534057617
2022-08-09,18.962499618530273,18.962499618530273
2022-08-10,19.260000228881836,19.260000228881836
2022-08-11,18.844999313354492,18.844999313354492
2022-08-12,19.032499313354492,19.032499313354492
2022-08-15,18.81999969482422,18.81999969482422
2022-08-16,18.684999465942383,18.684999465942383
2022-08-17,18.3075008392334,18.3075008392334
2022-08-18,18.274999618530273,18.274999618530273
2022-08-19,17.725000381469727,17.725000381469727
2022-08-22,17.647499084472656,17.647499084472656
2022-08-23,17.825000762939453,17.825000762939453
2022-08-24,17.772499084472656,17.772499084472656
2022-08-25,17.767499923706055,17.767499923706055
2022-08-26,17.625,17.625
2022-08-30,17.09000015258789,17.09000015258789
2022-08-31,16.797500610351562,16.797500610351562
2022-09-01,16.459999084472656,16.459999084472656
2022-09-02,16.850000381469727,16.850000381469727
2022-09-05,16.780000686645508,16.780000686645508
2022-09-06,16.75,16.75
2022-09-07,16.950000762939453,16.950000762939453
2022-09-08,17.1299991607666,17.1299991607666
2022-09-09,17.40250015258789,17.40250015258789
2022-09-12,18.375,18.375
2022-09-13,18.155000686645508,18.155000686645508
2022-09-14,18.1924991607666,18.1924991607666
2022-09-15,17.834999084472656,17.834999084472656
2022-09-16,17.979999542236328,17.979999542236328
2022-09-20,17.829999923706055,17.829999923706055
2022-09-21,18.0,18.0
2022-09-22,18.072500228881836,18.072500228881836
2022-09-23,17.5,17.5
2022-09-26,17.40999984741211,17.40999984741211
2022-09-27,17.18000030517578,17.18000030517578
2022-09-28,17.3075008392334,17.3075008392334
2022-09-29,17.3799991607666,17.3799991607666
2022-09-30,17.885000228881836,17.885000228881836
2022-10-03,18.899999618530273,18.899999618530273
2022-10-04,19.665000915527344,19.665000915527344
2022-10-05,18.81999969482422,18.81999969482422
2022-10-06,19.079999923706055,19.079999923706055
2022-10-07,18.774999618530273,18.774999618530273
2022-10-10,18.170000076293945,18.170000076293945
2022-10-11,17.952499389648438,17.952499389648438
2022-10-12,17.65999984741211,17.65999984741211
2022-10-13,17.4950008392334,17.4950008392334
2022-10-14,17.0,17.0
2022-10-17,17.337499618530273,17.337499618530273
2022-10-18,17.219999313354492,17.219999313354492
2022-10-19,17.06999969482422,17.06999969482422
2022-10-20,17.512500762939453,17.512500762939453
2022-10-21,17.50749969482422,17.50749969482422
2022-10-24,17.75749969482422,17.75749969482422
2022-10-25,17.86750030517578,17.86750030517578
2022-10-26,18.172500610351562,18.172500610351562
2022-10-27,18.147499084472656,18.147499084472656
2022-10-28,17.68000030517578,17.68000030517578
2022-10-31,17.752500534057617,17.752500534057617
2022-11-01,18.19499969482422,18.19499969482422
2022-11-02,18.145000457763672,18.145000457763672
2022-11-03,17.950000762939453,17.950000762939453
2022-11-04,19.219999313354492,19.219999313354492
2022-11-07,19.3799991607666,19.3799991607666
2022-11-08,19.997499465942383,19.997499465942383
2022-11-09,19.780000686645508,19.780000686645508
2022-11-10,19.975000381469727,19.975000381469727
2022-11-11,19.829999923706055,19.829999923706055
2022-11-14,20.2549991607666,20.2549991607666
2022-11-15,19.934999465942383,19.934999465942383
2022-11-16,19.950000762939453,19.950000762939453
2022-11-17,19.31999969482422,19.31999969482422
2022-11-18,19.52750015258789,19.52750015258789
2022-11-21,19.204999923706055,19.204999923706055
2022-11-22,19.459999084472656,19.459999084472656
2022-11-23,19.7549991607666,19.7549991607666
2022-11-24,19.924999237060547,19.924999237060547
2022-11-25,19.81999969482422,19.81999969482422
2022-11-28,19.43000030517578,19.43000030517578
2022-11-29,19.657499313354492,19.657499313354492
2022-11-30,20.110000610351562,20.110000610351562
2022-12-01,20.8700008392334,20.8700008392334
2022-12-02,21.290000915527344,21.290000915527344
2022-12-05,20.600000381469727,20.600000381469727
2022-12-06,20.649999618530273,20.649999618530273
2022-12-07,20.852500915527344,20.852500915527344
2022-12-08,21.31999969482422,21.31999969482422
2022-12-09,21.827499389648438,21.827499389648438
2022-12-12,21.510000228881836,21.510000228881836
2022-12-13,22.030000686645508,22.030000686645508
2022-12-14,22.142499923706055,22.142499923706055
2022-12-15,21.375,21.375
2022-12-16,21.325000762939453,21.325000762939453
2022-12-19,21.252500534057617,21.252500534057617
2022-12-20,22.15250015258789,22.15250015258789
2022-12-21,22.200000762939453,22.200000762939453
2022-12-22,21.905000686645508,21.905000686645508
2022-12-23,21.99250030517578,21.99250030517578
2022-12-28,21.889999389648438,21.889999389648438
2022-12-29,22.1299991607666,22.1299991607666
2022-12-30,22.157499313354492,22.157499313354492
2023-01-03,22.219999313354492,22.219999313354492
2023-01-04,22.297500610351562,22.297500610351562
2023-01-05,21.512500762939453,21.512500762939453
2023-01-06,22.020000457763672,22.020000457763672
2023-01-09,22.05500030517578,22.05500030517578
2023-01-10,21.8700008392334,21.8700008392334
2023-01-11,21.614999771118164,21.614999771118164
2023-01-12,22.0049991607666,22.0049991607666
2023-01-13,22.264999389648438,22.264999389648438
2023-01-16,22.412500381469727,22.412500381469727
2023-01-17,22.225000381469727,22.225000381469727
2023-01-18,22.127500534057617,22.127500534057617
2023-01-19,21.829999923706055,21.829999923706055
2023-01-20,22.100000381469727,22.100000381469727
2023-01-23,21.427499771118164,21.427499771118164
2023-01-24,21.969999313354492,21.969999313354492
2023-01-25,21.950000762939453,21.950000762939453
2023-01-26,22.172500610351562,22.172500610351562
2023-01-27,21.844999313354492,21.844999313354492
2023-01-30,21.892499923706055,21.892499923706055
2023-01-31,21.954999923706055,21.954999923706055
2023-02-01,21.864999771118164,21.864999771118164
2023-02-02,21.834999084472656,21.834999084472656
2023-02-03,20.6825008392334,20.6825008392334
2023-02-06,20.639999389648438,20.639999389648438
2023-02-07,20.649999618530273,20.649999618530273
2023-02-08,20.65999984741211,20.65999984741211
2023-02-09,20.530000686645508,20.530000686645508
2023-02-10,20.350000381469727,20.350000381469727
2023-02-13,20.2450008392334,20.2450008392334
2023-02-14,20.075000762939453,20.075000762939453
2023-02-15,19.959999084472656,19.959999084472656
2023-02-16,19.989999771118164,19.989999771118164
2023-02-17,19.989999771118164,19.989999771118164
2023-02-20,20.200000762939453,20.200000762939453
2023-02-21,20.25,20.25
2023-02-22,20.024999618530273,20.024999618530273
2023-02-23,19.7549991607666,19.7549991607666
2023-02-24,19.350000381469727,19.350000381469727
2023-02-27,19.065000534057617,19.065000534057617
2023-02-28,19.264999389648438,19.264999389648438
2023-03-01,19.399999618530273,19.399999618530273
2023-03-02,19.28499984741211,19.28499984741211
2023-03-03,19.462499618530273,19.462499618530273
2023-03-06,19.559999465942383,19.559999465942383
2023-03-07,18.704999923706055,18.704999923706055
2023-03-08,18.592500686645508,18.592500686645508
2023-03-09,18.612499237060547,18.612499237060547
2023-03-10,18.954999923706055,18.954999923706055
2023-03-13,20.15250015258789,20.15250015258789
2023-03-14,20.21500015258789,20.21500015258789
2023-03-15,20.3125,20.3125
2023-03-16,19.997499465942383,19.997499465942383
2023-03-17,20.469999313354492,20.469999313354492
2023-03-20,20.834999084472656,20.834999084472656
2023-03-21,20.524999618530273,20.524999618530273
2023-03-22,20.96500015258789,20.96500015258789
2023-03-23,21.412500381469727,21.412500381469727
2023-03-24,21.43000030517578,21.43000030517578
2023-03-27,21.287500381469727,21.287500381469727
2023-03-28,21.5049991607666,21.5049991607666
2023-03-29,21.56999969482422,21.56999969482422
2023-03-30,21.920000076293945,21.920000076293945
2023-03-31,22.229999542236328,22.229999542236328
2023-04-03,22.239999771118164,22.239999771118164
2023-04-04,22.899999618530273,22.899999618530273
2023-04-05,23.030000686645508,23.030000686645508
2023-04-06,22.997499465942383,22.997499465942383
2023-04-11,23.149999618530273,23.149999618530273
2023-04-12,23.350000381469727,23.350000381469727
2023-04-13,23.7549991607666,23.7549991607666
2023-04-14,23.329999923706055,23.329999923706055
2023-04-17,23.1200008392334,23.1200008392334
2023-04-18,23.342500686645508,23.342500686645508
2023-04-19,23.329999923706055,23.329999923706055
2023-04-20,23.30500030517578,23.30500030517578
2023-04-21,23.114999771118164,23.114999771118164
2023-04-24,23.155000686645508,23.155000686645508
2023-04-25,22.8799991607666,22.8799991607666
2023-04-26,23.100000381469727,23.100000381469727
2023-04-27,23.030000686645508,23.030000686645508
2023-04-28,23.05500030517578,23.05500030517578
2023-05-02,23.354999542236328,23.354999542236328
2023-05-03,23.53499984741211,23.53499984741211
2023-05-04,23.899999618530273,23.899999618530273
2023-05-05,23.587499618530273,23.587499618530273
2023-05-09,23.520000457763672,23.520000457763672
2023-05-10,23.415000915527344,23.415000915527344
2023-05-11,22.475000381469727,22.475000381469727
2023-05-12,22.075000762939453,22.075000762939453
2023-05-15,22.21500015258789,22.21500015258789
2023-05-16,21.94499969482422,21.94499969482422
2023-05-17,21.8700008392334,21.8700008392334
2023-05-18,21.604999542236328,21.604999542236328
2023-05-19,22.107500076293945,22.107500076293945
2023-05-22,21.875,21.875
2023-05-23,21.639999389648438,21.639999389648438
2023-05-24,21.467500686645508,21.467500686645508
2023-05-25,21.127500534057617,21.127500534057617
2023-05-26,21.360000610351562,21.360000610351562
2023-05-30,21.4424991607666,21.4424991607666
2023-05-31,21.77750015258789,21.77750015258789
2023-06-01,22.049999237060547,22.049999237060547
2023-06-02,21.93000030517578,21.93000030517578
2023-06-05,21.760000228881836,21.760000228881836
2023-06-06,21.690000534057617,21.690000534057617
2023-06-07,21.885000228881836,21.885000228881836
2023-06-08,22.395000457763672,22.395000457763672
2023-06-09,22.545000076293945,22.545000076293945
2023-06-12,22.18000030517578,22.18000030517578
2023-06-13,21.985000610351562,21.985000610351562
2023-06-14,22.225000381469727,22.225000381469727
2023-06-15,21.959999084472656,21.959999084472656
2023-06-16,22.235000610351562,22.235000610351562
2023-06-19,22.1825008392334,22.1825008392334
2023-06-20,21.389999389648438,21.389999389648438
2023-06-21,20.959999084472656,20.959999084472656
2023-06-22,20.700000762939453,20.700000762939453
2023-06-23,20.677499771118164,20.677499771118164
2023-06-26,21.084999084472656,21.084999084472656
2023-06-27,21.165000915527344,21.165000915527344
2023-06-28,21.1200008392334,21.1200008392334
2023-06-29,20.889999389648438,20.889999389648438
2023-06-30,20.997499465942383,20.997499465942383
2023-07-03,21.19499969482422,21.19499969482422
2023-07-04,21.2450008392334,21.2450008392334
2023-07-05,21.469999313354492,21.469999313354492
2023-07-06,20.90999984741211,20.90999984741211
2023-07-07,21.325000762939453,21.325000762939453
2023-07-10,21.274999618530273,21.274999618530273
2023-07-11,21.325000762939453,21.325000762939453
2023-07-12,22.135000228881836,22.135000228881836
2023-07-13,22.850000381469727,22.850000381469727
2023-07-14,22.989999771118164,22.989999771118164
2023-07-17,22.924999237060547,22.924999237060547
2023-07-18,23.190000534057617,23.190000534057617
2023-07-19,23.200000762939453,23.200000762939453
2023-07-20,22.969999313354492,22.969999313354492
2023-07-21,22.780000686645508,22.780000686645508
2023-07-24,22.5575008392334,22.5575008392334
2023-07-25,22.795000076293945,22.795000076293945
2023-07-26,22.997499465942383,22.997499465942383
2023-07-27,22.329999923706055,22.329999923706055
2023-07-28,22.5,22.5
2023-07-31,22.905000686645508,22.905000686645508
2023-08-01,22.350000381469727,22.350000381469727
2023-08-02,21.850000381469727,21.850000381469727
2023-08-03,21.844999313354492,21.844999313354492
2023-08-04,21.77750015258789,21.77750015258789
2023-08-07,21.3799991607666,21.3799991607666
2023-08-08,21.010000228881836,21.010000228881836
2023-08-09,20.924999237060547,20.924999237060547
2023-08-10,21.030000686645508,21.030000686645508
2023-08-11,20.967500686645508,20.967500686645508
2023-08-14,20.834999084472656,20.834999084472656
2023-08-15,20.875,20.875
2023-08-16,20.862499237060547,20.862499237060547
2023-08-17,20.950000762939453,20.950000762939453
2023-08-18,21.022499084472656,21.022499084472656
2023-08-21,21.295000076293945,21.295000076293945
2023-08-22,21.575000762939453,21.575000762939453
2023-08-23,22.40999984741211,22.40999984741211
2023-08-24,22.36750030517578,22.36750030517578
2023-08-25,22.232500076293945,22.232500076293945
2023-08-29,22.809999465942383,22.809999465942383
2023-08-30,22.832500457763672,22.832500457763672
2023-08-31,22.6299991607666,22.6299991607666
2023-09-01,22.350000381469727,22.350000381469727
2023-09-04,22.15999984741211,22.15999984741211
2023-09-05,21.872499465942383,21.872499465942383
2023-09-06,21.292499542236328,21.292499542236328
2023-09-07,21.157499313354492,21.157499313354492
2023-09-08,21.1875,21.1875
2023-09-11,21.25,21.25
2023-09-12,21.315000534057617,21.315000534057617
2023-09-13,21.157499313354492,21.157499313354492
2023-09-14,20.815000534057617,20.815000534057617
2023-09-15,21.424999237060547,21.424999237060547
2023-09-18,21.309999465942383,21.309999465942383
2023-09-19,21.360000610351562,21.360000610351562
2023-09-20,21.674999237060547,21.674999237060547
2023-09-21,21.452499389648438,21.452499389648438
2023-09-22,21.764999389648438,21.764999389648438
2023-09-25,21.3125,21.3125
2023-09-26,21.11750030517578,21.11750030517578
2023-09-27,20.815000534057617,20.815000534057617
2023-09-28,20.752500534057617,20.752500534057617
2023-09-29,20.690000534057617,20.690000534057617
2023-10-02,19.655000686645508,19.655000686645508
2023-10-03,19.52750015258789,19.52750015258789
2023-10-04,19.3174991607666,19.3174991607666
2023-10-05,19.19499969482422,19.19499969482422
2023-10-06,19.90250015258789,19.90250015258789
2023-10-09,20.135000228881836,20.135000228881836
2023-10-10,20.104999542236328,20.104999542236328
2023-10-11,20.3075008392334,20.3075008392334
2023-10-12,20.104999542236328,20.104999542236328
2023-10-13,20.8700008392334,20.8700008392334
2023-10-16,20.889999389648438,20.889999389648438
2023-10-17,21.06999969482422,21.06999969482422
2023-10-18,20.982500076293945,20.982500076293945
2023-10-19,21.03499984741211,21.03499984741211
2023-10-20,21.822500228881836,21.822500228881836
2023-10-23,21.31999969482422,21.31999969482422
2023-10-24,21.082500457763672,21.082500457763672
2023-10-25,20.977500915527344,20.977500915527344
2023-10-26,20.892499923706055,20.892499923706055
2023-10-27,20.9424991607666,20.9424991607666
2023-10-30,21.542499542236328,21.542499542236328
2023-10-31,21.170000076293945,21.170000076293945
2023-11-01,20.887500762939453,20.887500762939453
2023-11-02,20.94499969482422,20.94499969482422
2023-11-03,21.354999542236328,21.354999542236328
2023-11-06,21.1924991607666,21.1924991607666
2023-11-07,20.764999389648438,20.764999389648438
2023-11-08,20.987499237060547,20.987499237060547
2023-11-09,21.157499313354492,21.157499313354492
2023-11-10,20.575000762939453,20.575000762939453
2023-11-13,20.457500457763672,20.457500457763672
2023-11-14,21.295000076293945,21.295000076293945
2023-11-15,21.602500915527344,21.602500915527344
2023-11-16,22.02750015258789,22.02750015258789
2023-11-17,21.864999771118164,21.864999771118164
2023-11-20,21.65999984741211,21.65999984741211
2023-11-21,21.947500228881836,21.947500228881836
2023-11-22,21.767499923706055,21.767499923706055
2023-11-23,21.860000610351562,21.860000610351562
2023-11-24,22.362499237060547,22.362499237060547
2023-11-27,22.642499923706055,22.642499923706055
2023-11-28,22.950000762939453,22.950000762939453
2023-11-29,22.985000610351562,22.985000610351562
2023-11-30,23.2450008392334,23.2450008392334
2023-12-01,23.337499618530273,23.337499618530273
2023-12-04,22.55500030517578,22.55500030517578
2023-12-05,22.174999237060547,22.174999237060547
2023-12-06,22.125,22.125
2023-12-07,21.90250015258789,21.90250015258789
2023-12-08,21.329999923706055,21.329999923706055
2023-12-11,20.987499237060547,20.987499237060547
2023-12-12,20.982500076293945,20.982500076293945
2023-12-13,20.834999084472656,20.834999084472656
2023-12-14,22.295000076293945,22.295000076293945
2023-12-15,22.15999984741211,22.15999984741211
2023-12-18,21.912500381469727,21.912500381469727
2023-12-19,22.280000686645508,22.280000686645508
2023-12-20,22.44499969482422,22.44499969482422
2023-12-21,22.477500915527344,22.477500915527344
2023-12-22,22.56999969482422,22.56999969482422
2023-12-27,22.457500457763672,22.457500457763672
2023-12-28,22.262500762939453,22.262500762939453
2023-12-29,21.915000915527344,21.915000915527344
2024-01-02,21.957500457763672,21.957500457763672
2024-01-03,21.167499542236328,21.167499542236328
2024-01-04,21.18000030517578,21.18000030517578
2024-01-05,21.485000610351562,21.485000610351562
2024-01-08,21.334999084472656,21.334999084472656
2024-01-09,21.1924991607666,21.1924991607666
2024-01-10,21.075000762939453,21.075000762939453
2024-01-11,20.767499923706055,20.767499923706055
2024-01-12,21.524999618530273,21.524999618530273
2024-01-15,21.392499923706055,21.392499923706055
2024-01-16,21.15999984741211,21.15999984741211
2024-01-17,20.8174991607666,20.8174991607666
2024-01-18,20.889999389648438,20.889999389648438
2024-01-19,20.74250030517578,20.74250030517578
2024-01-22,20.424999237060547,20.424999237060547
2024-01-23,20.5674991607666,20.5674991607666
2024-01-24,20.922500610351562,20.922500610351562
2024-01-25,20.962499618530273,20.962499618530273
2024-01-26,20.957500457763672,20.957500457763672
2024-01-29,21.219999313354492,21.219999313354492
2024-01-30,21.204999923706055,21.204999923706055
2024-01-31,21.315000534057617,21.315000534057617
2024-02-01,21.329999923706055,21.329999923706055
2024-02-02,20.84000015258789,20.84000015258789
2024-02-05,20.545000076293945,20.545000076293945
2024-02-06,20.667499542236328,20.667499542236328
2024-02-07,20.622499465942383,20.622499465942383
2024-02-08,20.684999465942383,20.684999465942383
2024-02-09,20.647499084472656,20.647499084472656
2024-02-12,20.852500915527344,20.852500915527344
2024-02-13,20.325000762939453,20.325000762939453
2024-02-14,20.61750030517578,20.61750030517578
2024-02-15,20.99250030517578,20.99250030517578
2024-02-16,21.40999984741211,21.40999984741211
2024-02-19,21.165000915527344,21.165000915527344
2024-02-20,21.200000762939453,21.200000762939453
2024-02-21,21.05500030517578,21.05500030517578
2024-02-22,20.950000762939453,20.950000762939453
2024-02-23,21.075000762939453,21.075000762939453
2024-02-26,20.647499084472656,20.647499084472656
2024-02-27,20.707500457763672,20.707500457763672
2024-02-28,20.612499237060547,20.612499237060547
2024-02-29,20.78499984741211,20.78499984741211
2024-03-01,21.237499237060547,21.237499237060547
2024-03-04,21.852500915527344,21.852500915527344
2024-03-05,21.895000457763672,21.895000457763672
2024-03-06,22.25,22.25
2024-03-07,22.485000610351562,22.485000610351562
2024-03-08,22.344999313354492,22.344999313354492
2024-03-11,22.524999618530273,22.524999618530273
2024-03-12,22.28499984741211,22.28499984741211
2024-03-13,22.934999465942383,22.934999465942383
2024-03-14,22.850000381469727,22.850000381469727
2024-03-15,23.360000610351562,23.360000610351562
2024-03-18,23.049999237060547,23.049999237060547
2024-03-19,22.940000534057617,22.940000534057617
2024-03-20,22.90999984741211,22.90999984741211
2024-03-21,22.774999618530273,22.774999618530273
2024-03-22,22.735000610351562,22.735000610351562
2024-03-25,22.762500762939453,22.762500762939453
2024-03-26,22.5,22.5
2024-03-27,22.592500686645508,22.592500686645508
2024-03-28,22.86750030517578,22.86750030517578
2024-04-02,23.6825008392334,23.6825008392334
2024-04-03,24.579999923706055,24.579999923706055
2024-04-04,24.97249984741211,24.97249984741211
2024-04-05,25.149999618530273,25.149999618530273
2024-04-08,25.565000534057617,25.565000534057617
2024-04-09,25.524999618530273,25.524999618530273
2024-04-10,25.81999969482422,25.81999969482422
2024-04-11,25.614999771118164,25.614999771118164
2024-04-12,26.690000534057617,26.690000534057617
2024-04-15,26.329999923706055,26.329999923706055
2024-04-16,25.920000076293945,25.920000076293945
2024-04-17,26.31999969482422,26.31999969482422
2024-04-18,26.155000686645508,26.155000686645508
2024-04-19,26.229999542236328,26.229999542236328
2024-04-22,25.1299991607666,25.1299991607666
2024-04-23,25.075000762939453,25.075000762939453
2024-04-24,25.125,25.125
2024-04-25,25.145000457763672,25.145000457763672
2024-04-26,24.982500076293945,24.982500076293945
2024-04-29,25.05500030517578,25.05500030517578
2024-04-30,24.31999969482422,24.31999969482422
2024-05-01,24.427499771118164,24.427499771118164
2024-05-02,24.485000610351562,24.485000610351562
2024-05-03,24.174999237060547,24.174999237060547
2024-05-07,25.114999771118164,25.114999771118164
2024-05-08,25.25,25.25
2024-05-09,25.875,25.875
2024-05-10,25.975000381469727,25.975000381469727
2024-05-13,25.825000762939453,25.825000762939453
2024-05-14,26.209999084472656,26.209999084472656
2024-05-15,26.975000381469727,26.975000381469727
2024-05-16,27.25,27.25
2024-05-17,28.149999618530273,28.149999618530273
2024-05-20,29.364999771118164,29.364999771118164
2024-05-21,29.545000076293945,29.545000076293945
2024-05-22,28.780000686645508,28.780000686645508
2024-05-23,27.864999771118164,27.864999771118164
2024-05-24,27.959999084472656,27.959999084472656
2024-05-28,29.315000534057617,29.315000534057617
2024-05-29,29.454999923706055,29.454999923706055
2024-05-30,28.84000015258789,28.84000015258789
2024-05-31,27.90999984741211,27.90999984741211
2024-06-03,28.020000457763672,28.020000457763672
2024-06-04,27.149999618530273,27.149999618530273
2024-06-05,27.40999984741211,27.40999984741211
2024-06-06,28.614999771118164,28.614999771118164
2024-06-07,26.985000610351562,26.985000610351562
2024-06-10,27.219999313354492,27.219999313354492
2024-06-11,26.764999389648438,26.764999389648438
2024-06-12,27.649999618530273,27.649999618530273
2024-06-13,26.639999389648438,26.639999389648438
2024-06-14,26.75,26.75
2024-06-17,26.9950008392334,26.9950008392334
2024-06-18,26.94499969482422,26.94499969482422
2024-06-19,27.209999084472656,27.209999084472656
2024-06-20,28.149999618530273,28.149999618530273
2024-06-21,27.2549991607666,27.2549991607666
2024-06-24,27.21500015258789,27.21500015258789
2024-06-25,26.610000610351562,26.610000610351562
2024-06-26,26.56999969482422,26.56999969482422
2024-06-27,26.649999618530273,26.649999618530273
2024-06-28,26.889999389648438,26.889999389648438
2024-07-01,26.8799991607666,26.8799991607666
2024-07-02,27.225000381469727,27.225000381469727
2024-07-03,28.05500030517578,28.05500030517578
2024-07-04,27.924999237060547,27.924999237060547
2024-07-05,28.639999389648438,28.639999389648438
2024-07-08,28.40999984741211,28.40999984741211
2024-07-09,28.09000015258789,28.09000015258789
2024-07-10,28.434999465942383,28.434999465942383
2024-07-11,29.045000076293945,29.045000076293945
2024-07-12,28.415000915527344,28.415000915527344
2024-07-15,28.475000381469727,28.475000381469727
2024-07-16,28.764999389648438,28.764999389648438
2024-07-17,27.84000015258789,27.84000015258789
2024-07-18,27.684999465942383,27.684999465942383
2024-07-19,26.844999313354492,26.844999313354492
2024-07-22,26.584999084472656,26.584999084472656
2024-07-23,26.709999084472656,26.709999084472656
2024-07-24,27.0049991607666,27.0049991607666
2024-07-25,25.6299991607666,25.6299991607666
2024-07-26,25.514999389648438,25.514999389648438
2024-07-29,25.209999084472656,25.209999084472656
2024-07-30,25.69499969482422,25.69499969482422
2024-07-31,26.385000228881836,26.385000228881836
2024-08-01,26.280000686645508,26.280000686645508
2024-08-02,25.899999618530273,25.899999618530273
2024-08-05,25.059999465942383,25.059999465942383
2024-08-06,24.834999084472656,24.834999084472656
2024-08-07,24.770000457763672,24.770000457763672
2024-08-08,25.145000457763672,25.145000457763672
2024-08-09,25.190000534057617,25.190000534057617
2024-08-12,25.559999465942383,25.559999465942383
2024-08-13,25.3700008392334,25.3700008392334
2024-08-14,25.264999389648438,25.264999389648438
2024-08-15,26.079999923706055,26.079999923706055
2024-08-16,26.03499984741211,26.03499984741211
2024-08-19,27.045000076293945,27.045000076293945
2024-08-20,27.094999313354492,27.094999313354492
2024-08-21,27.145000457763672,27.145000457763672
2024-08-22,26.6200008392334,26.6200008392334
2024-08-23,27.420000076293945,27.420000076293945
2024-08-27,27.459999084472656,27.459999084472656
2024-08-28,26.954999923706055,26.954999923706055
2024-08-29,27.084999084472656,27.084999084472656
2024-08-30,26.540000915527344,26.540000915527344
2024-09-02,26.174999237060547,26.174999237060547
2024-09-03,25.645000457763672,25.645000457763672
2024-09-04,25.899999618530273,25.899999618530273
2024-09-05,26.454999923706055,26.454999923706055
2024-09-06,26.209999084472656,26.209999084472656
2024-09-09,25.799999237060547,25.799999237060547
2024-09-10,26.030000686645508,26.030000686645508
2024-09-11,26.145000457763672,26.145000457763672
2024-09-12,27.225000381469727,27.225000381469727
2024-09-13,28.170000076293945,28.170000076293945
2024-09-16,28.225000381469727,28.225000381469727
2024-09-17,28.204999923706055,28.204999923706055
2024-09-18,27.950000762939453,27.950000762939453
2024-09-19,28.375,28.375
2024-09-20,28.454999923706055,28.454999923706055
2024-09-23,28.344999313354492,28.344999313354492
2024-09-24,29.010000228881836,29.010000228881836
2024-09-25,29.274999618530273,29.274999618530273
2024-09-26,29.55500030517578,29.55500030517578
2024-09-27,29.174999237060547,29.174999237060547
2024-09-30,28.56999969482422,28.56999969482422
2024-10-01,29.06999969482422,29.06999969482422
2024-10-02,29.170000076293945,29.170000076293945
2024-10-03,29.280000686645508,29.280000686645508
2024-10-04,29.739999771118164,29.739999771118164
2024-10-07,29.06999969482422,29.06999969482422
2024-10-08,27.700000762939453,27.700000762939453
2024-10-09,28.075000762939453,28.075000762939453
2024-10-10,28.31999969482422,28.31999969482422
2024-10-11,28.975000381469727,28.975000381469727
2024-10-14,28.559999465942383,28.559999465942383
2024-10-15,28.934999465942383,28.934999465942383
2024-10-16,29.190000534057617,29.190000534057617
2024-10-17,29.125,29.125
2024-10-18,29.940000534057617,29.940000534057617
2024-10-21,30.864999771118164,30.864999771118164
2024-10-22,31.80500030517578,31.80500030517578
2024-10-23,30.80500030517578,30.80500030517578
2024-10-24,30.8799991607666,30.8799991607666
2024-10-25,31.19499969482422,31.19499969482422
2024-10-28,31.05500030517578,31.05500030517578
2024-10-29,31.454999923706055,31.454999923706055
2024-10-30,31.065000534057617,31.065000534057617
2024-10-31,29.985000610351562,29.985000610351562
2024-11-01,29.905000686645508,29.905000686645508
2024-11-04,29.770000457763672,29.770000457763672
2024-11-05,29.969999313354492,29.969999313354492
2024-11-06,28.6200008392334,28.6200008392334
2024-11-07,29.100000381469727,29.100000381469727
2024-11-08,28.78499984741211,28.78499984741211
2024-11-11,28.010000228881836,28.010000228881836
2024-11-12,28.100000381469727,28.100000381469727
2024-11-13,28.06999969482422,28.06999969482422
2024-11-14,27.96500015258789,27.96500015258789
2024-11-15,27.84000015258789,27.84000015258789
2024-11-18,28.6200008392334,28.6200008392334
2024-11-19,28.530000686645508,28.530000686645508
2024-11-20,28.530000686645508,28.530000686645508
2024-11-21,28.28499984741211,28.28499984741211
2024-11-22,28.59000015258789,28.59000015258789
2024-11-25,27.655000686645508,27.655000686645508
2024-11-26,27.920000076293945,27.920000076293945
2024-11-27,27.649999618530273,27.649999618530273
2024-11-28,27.770000457763672,27.770000457763672
2024-11-29,28.15999984741211,28.15999984741211
2024-12-02,27.915000915527344,27.915000915527344
2024-12-03,28.399999618530273,28.399999618530273
2024-12-04,28.815000534057617,28.815000534057617
2024-12-05,28.604999542236328,28.604999542236328
2024-12-06,28.649999618530273,28.649999618530273
2024-12-09,29.389999389648438,29.389999389648438
2024-12-10,29.25,29.25
2024-12-11,29.440000534057617,29.440000534057617
2024-12-12,28.40999984741211,28.40999984741211
2024-12-13,27.950000762939453,27.950000762939453
2024-12-16,28.020000457763672,28.020000457763672
2024-12-17,27.93000030517578,27.93000030517578
2024-12-18,27.670000076293945,27.670000076293945
2024-12-19,26.5,26.5
2024-12-20,26.975000381469727,26.975000381469727
2024-12-23,27.110000610351562,27.110000610351562
2024-12-24,27.065000534057617,27.065000534057617
2024-12-27,27.03499984741211,27.03499984741211
2024-12-30,26.434999465942383,26.434999465942383
2024-12-31,26.459999084472656,26.459999084472656
2025-01-02,27.05500030517578,27.05500030517578
2025-01-03,27.290000915527344,27.290000915527344
2025-01-06,27.625,27.625
2025-01-07,27.600000381469727,27.600000381469727
2025-01-08,27.639999389648438,27.639999389648438
2025-01-09,27.690000534057617,27.690000534057617
2025-01-10,27.875,27.875
2025-01-13,27.204999923706055,27.204999923706055
2025-01-14,27.3799991607666,27.3799991607666
2025-01-15,27.829999923706055,27.829999923706055
2025-01-16,28.219999313354492,28.219999313354492
2025-01-17,27.84000015258789,27.84000015258789
2025-01-20,27.979999542236328,27.979999542236328
2025-01-21,28.1299991607666,28.1299991607666
2025-01-22,28.149999618530273,28.149999618530273
2025-01-23,27.780000686645508,27.780000686645508
2025-01-24,28.184999465942383,28.184999465942383
2025-01-27,27.700000762939453,27.700000762939453
2025-01-28,27.760000228881836,27.760000228881836
2025-01-29,28.260000228881836,28.260000228881836
2025-01-30,28.959999084472656,28.959999084472656
2025-01-31,28.834999084472656,28.834999084472656
2025-02-03,29.0,29.0
2025-02-04,29.55500030517578,29.55500030517578
2025-02-05,29.725000381469727,29.725000381469727
2025-02-06,29.450000762939453,29.450000762939453
2025-02-07,29.450000762939453,29.450000762939453
2025-02-10,29.395000457763672,29.395000457763672
2025-02-11,29.260000228881836,29.260000228881836
2025-02-12,29.454999923706055,29.454999923706055
2025-02-13,29.479999542236328,29.479999542236328
2025-02-14,29.760000228881836,29.760000228881836
2025-02-17,29.579999923706055,29.579999923706055
2025-02-18,30.110000610351562,30.110000610351562
2025-02-19,29.905000686645508,29.905000686645508
2025-02-20,30.2549991607666,30.2549991607666
2025-02-21,29.940000534057617,29.940000534057617
2025-02-24,29.56999969482422,29.56999969482422
2025-02-25,28.71500015258789,28.71500015258789
2025-02-26,29.190000534057617,29.190000534057617
2025-02-27,28.735000610351562,28.735000610351562
2025-02-28,28.405000686645508,28.405000686645508
2025-03-03,29.045000076293945,29.045000076293945
2025-03-04,28.969999313354492,28.969999313354492
2025-03-05,29.834999084472656,29.834999084472656
2025-03-06,29.985000610351562,29.985000610351562
2025-03-07,29.540000915527344,29.540000915527344
2025-03-10,29.479999542236328,29.479999542236328
2025-03-11,30.0049991607666,30.0049991607666
2025-03-12,30.440000534057617,30.440000534057617
2025-03-13,31.014999389648438,31.014999389648438
2025-03-14,30.825000762939453,30.825000762939453
2025-03-17,30.8799991607666,30.8799991607666
2025-03-18,31.2450008392334,31.2450008392334
2025-03-19,30.729999542236328,30.729999542236328
2025-03-20,30.575000762939453,30.575000762939453
2025-03-21,30.225000381469727,30.225000381469727
2025-03-24,30.260000228881836,30.260000228881836
2025-03-25,30.809999465942383,30.809999465942383
2025-03-26,30.864999771118164,30.864999771118164
2025-03-27,31.440000534057617,31.440000534057617
2025-03-28,31.200000762939453,31.200000762939453
2025-03-31,31.059999465942383,31.059999465942383
2025-04-01,30.950000762939453,30.950000762939453
2025-04-02,31.084999084472656,31.084999084472656
2025-04-03,29.264999389648438,29.264999389648438
2025-04-04,27.350000381469727,27.350000381469727
2025-04-07,27.3799991607666,27.3799991607666
2025-04-08,27.610000610351562,27.610000610351562
2025-04-09,27.809999465942383,27.809999465942383
2025-04-10,28.489999771118164,28.489999771118164
2025-04-11,29.40999984741211,29.40999984741211
2025-04-14,29.440000534057617,29.440000534057617
2025-04-15,29.510000228881836,29.510000228881836
2025-04-16,30.065000534057617,30.065000534057617
2025-04-17,29.469999313354492,29.469999313354492
2025-04-22,30.040000915527344,30.040000915527344
2025-04-23,30.614999771118164,30.614999771118164
2025-04-24,30.530000686645508,30.530000686645508
2025-04-25,30.139999389648438,30.139999389648438
2025-04-28,30.34000015258789,30.34000015258789
2025-04-29,30.315000534057617,30.315000534057617
2025-04-30,29.979999542236328,29.979999542236328
2025-05-01,29.594999313354492,29.594999313354492
2025-05-02,29.280000686645508,29.280000686645508
2025-05-06,30.385000228881836,30.385000228881836
2025-05-07,29.825000762939453,29.825000762939453
2025-05-08,29.875,29.875
2025-05-09,29.90999984741211,29.90999984741211
2025-05-12,29.860000610351562,29.860000610351562
2025-05-13,30.1200008392334,30.1200008392334
2025-05-14,29.549999237060547,29.549999237060547
2025-05-15,29.700000762939453,29.700000762939453
2025-05-16,29.31999969482422,29.31999969482422
2025-05-19,29.635000228881836,29.635000228881836
2025-05-20,30.084999084472656,30.084999084472656
2025-05-21,30.625,30.625
2025-05-22,30.190000534057617,30.190000534057617
2025-05-23,30.485000610351562,30.485000610351562
2025-05-27,30.2549991607666,30.2549991607666
2025-05-28,30.209999084472656,30.209999084472656
2025-05-29,30.415000915527344,30.415000915527344
2025-05-30,30.18000030517578,30.18000030517578
2025-06-02,31.479999542236328,31.479999542236328
2025-06-03,31.549999237060547,31.549999237060547
2025-06-04,31.485000610351562,31.485000610351562
2025-06-05,32.65999984741211,32.65999984741211
2025-06-06,32.92499923706055,32.92499923706055
2025-06-09,33.55500030517578,33.55500030517578
2025-06-10,33.33000183105469,33.33000183105469
2025-06-11,33.20000076293945,33.20000076293945
2025-06-12,33.18000030517578,33.18000030517578
2025-06-13,33.150001525878906,33.150001525878906
2025-06-16,33.310001373291016,33.310001373291016
2025-06-17,33.9900016784668,33.9900016784668
2025-06-18,33.790000915527344,33.790000915527344
2025-06-19,33.224998474121094,33.224998474121094
2025-06-20,32.8650016784668,32.8650016784668
2025-06-23,33.220001220703125,33.220001220703125
2025-06-24,32.63999938964844,32.63999938964844
2025-06-25,32.91999816894531,32.91999816894531
2025-06-26,33.459999084472656,33.459999084472656
2025-06-27,33.03499984741211,33.03499984741211
2025-06-30,32.880001068115234,32.880001068115234
2025-07-01,33.025001525878906,33.025001525878906
2025-07-02,33.32500076293945,33.32500076293945
2025-07-03,33.64500045776367,33.64500045776367
2025-07-04,33.72999954223633,33.72999954223633
2025-07-07,33.46500015258789,33.46500015258789
2025-07-08,33.29499816894531,33.29499816894531
2025-07-09,33.290000915527344,33.290000915527344
2025-07-10,33.6349983215332,33.6349983215332
2025-07-11,35.0099983215332,35.0099983215332
2025-07-14,35.02000045776367,35.02000045776367
2025-07-15,34.48500061035156,34.48500061035156
2025-07-16,34.70000076293945,34.70000076293945
2025-07-17,34.72999954223633,34.72999954223633
2025-07-18,34.95000076293945,34.95000076293945
2025-07-21,35.61000061035156,35.61000061035156
2025-07-22,35.80500030517578,35.80500030517578
2025-07-23,36.13999938964844,36.13999938964844
2025-07-24,35.70000076293945,35.70000076293945
2025-07-25,34.849998474121094,34.849998474121094
2025-07-28,34.83000183105469,34.83000183105469
2025-07-29,34.76499938964844,34.76499938964844
2025-07-30,34.30500030517578,34.30500030517578
2025-07-31,33.39500045776367,33.39500045776367
2025-08-01,33.77000045776367,33.77000045776367
2025-08-04,34.09000015258789,34.09000015258789
2025-08-05,34.56999969482422,34.56999969482422
2025-08-06,34.599998474121094,34.599998474121094
2025-08-07,34.89500045776367,34.89500045776367
2025-08-08,35.04999923706055,35.04999923706055
2025-08-11,34.529998779296875,34.529998779296875
2025-08-12,34.77000045776367,34.77000045776367
2025-08-13,35.15999984741211,35.15999984741211
2025-08-14,34.75,34.75
2025-08-15,34.71500015258789,34.71500015258789
2025-08-18,34.78499984741211,34.78499984741211
2025-08-19,34.255001068115234,34.255001068115234
2025-08-20,34.5099983215332,34.5099983215332
2025-08-21,34.845001220703125,34.845001220703125
2025-08-22,35.654998779296875,35.654998779296875
2025-08-26,35.224998474121094,35.224998474121094
2025-08-27,35.1349983215332,35.1349983215332
2025-08-28,35.52000045776367,35.52000045776367
2025-08-29,36.0,36.0
2025-09-01,37.150001525878906,37.150001525878906
2025-09-02,37.310001373291016,37.310001373291016
2025-09-03,37.63999938964844,37.63999938964844
2025-09-04,37.20500183105469,37.20500183105469
2025-09-05,37.45500183105469,37.45500183105469
2025-09-08,37.75,37.75
2025-09-09,37.404998779296875,37.404998779296875
2025-09-10,37.595001220703125,37.595001220703125
2025-09-11,37.845001220703125,37.845001220703125
2025-09-12,38.55500030517578,38.55500030517578
2025-09-15,38.78499984741211,38.78499984741211
2025-09-16,38.65999984741211,38.65999984741211
2025-09-17,38.435001373291016,38.435001373291016
2025-09-18,38.099998474121094,38.099998474121094
2025-09-19,39.02000045776367,39.02000045776367
2025-09-22,40.0099983215332,40.0099983215332
2025-09-23,40.470001220703125,40.470001220703125
2025-09-24,40.2599983215332,40.2599983215332
2025-09-25,40.91999816894531,40.91999816894531
2025-09-26,41.97999954223633,41.97999954223633
2025-09-29,42.904998779296875,42.904998779296875
2025-09-30,42.279998779296875,42.279998779296875
2025-10-01,43.21500015258789,43.21500015258789
2025-10-02,42.060001373291016,42.060001373291016
2025-10-03,44.150001525878906,44.150001525878906
2025-10-06,44.38999938964844,44.38999938964844
2025-10-07,43.939998626708984,43.939998626708984
2025-10-08,45.060001373291016,45.060001373291016
2025-10-09,46.09000015258789,46.09000015258789
2025-10-10,45.439998626708984,45.439998626708984
2025-10-13,47.08000183105469,47.08000183105469
2025-10-14,47.20000076293945,47.20000076293945
2025-10-15,47.95000076293945,47.95000076293945
2025-10-16,49.209999084472656,49.209999084472656
2025-10-17,47.5099983215332,47.5099983215332
2025-10-20,47.845001220703125,47.845001220703125
2025-10-21,44.5,44.5
2025-10-22,43.91999816894531,43.91999816894531
2025-10-23,45.02000045776367,45.02000045776367
2025-10-24,43.83470153808594,43.83470153808594
2025-10-27,42.599998474121094,42.599998474121094
2025-10-28,42.994998931884766,42.994998931884766
2025-10-29,44.07500076293945,44.07500076293945
2025-10-30,44.5099983215332,44.5099983215332
2025-10-31,44.34000015258789,44.34000015258789
2025-11-03,44.099998474121094,44.099998474121094
2025-11-04,43.619998931884766,43.619998931884766
2025-11-05,43.849998474121094,43.849998474121094
2025-11-06,43.80500030517578,43.80500030517578
2025-11-07,44.310001373291016,44.310001373291016
2025-11-10,45.709999084472656,45.709999084472656
2025-11-11,46.25,46.25
2025-11-12,48.529998779296875,48.529998779296875
2025-11-13,48.47999954223633,48.47999954223633
2025-11-14,46.880001068115234,46.880001068115234
2025-11-17,46.47999954223633,46.47999954223633
2025-11-18,46.290000915527344,46.290000915527344
2025-11-19,46.63999938964844,46.63999938964844
2025-11-20,46.349998474121094,46.349998474121094
2025-11-21,45.47999954223633,45.47999954223633
2025-11-24,46.029998779296875,46.029998779296875
2025-11-25,46.54999923706055,46.54999923706055
2025-11-26,48.31999969482422,48.31999969482422
2025-11-27,48.63999938964844,48.63999938964844
2025-11-28,50.779998779296875,50.779998779296875
2025-12-01,53.2599983215332,53.2599983215332
2025-12-02,52.59000015258789,52.59000015258789
2025-12-03,53.63999938964844,53.63999938964844
2025-12-04,52.04999923706055,52.04999923706055
2025-12-05,53.150001525878906,53.150001525878906
2025-12-08,52.939998626708984,52.939998626708984
2025-12-09,55.20000076293945,55.20000076293945
2025-12-10,55.47999954223633,55.47999954223633
2025-12-11,57.88999938964844,57.88999938964844
2025-12-12,56.119998931884766,56.119998931884766
2025-12-15,57.720001220703125,57.720001220703125
2025-12-16,57.935001373291016,57.935001373291016
2025-12-17,60.060001373291016,60.060001373291016
2025-12-18,60.150001525878906,60.150001525878906
2025-12-19,61.09000015258789,61.09000015258789
2025-12-22,62.34000015258789,62.34000015258789
2025-12-23,64.06999969482422,64.06999969482422
2025-12-24,66.05000305175781,66.05000305175781
2025-12-29,65.41000366210938,65.41000366210938
2025-12-30,69.5199966430664,69.5199966430664
2025-12-31,65.2699966430664,65.2699966430664
2026-01-02,65.4800033569336,65.4800033569336
2026-01-05,70.37000274658203,70.37000274658203
2026-01-06,73.66999816894531,73.66999816894531
2026-01-07,71.2249984741211,71.2249984741211
2026-01-08,69.33999633789062,69.33999633789062
2026-01-09,73.11000061035156,73.11000061035156
2026-01-12,78.5199966430664,78.5199966430664
2026-01-13,80.8499984741211,80.8499984741211
2026-01-14,83.51000213623047,83.51000213623047
2026-01-15,83.51000213623047,83.51000213623047
2026-01-16,80.93000030517578,80.93000030517578
2026-01-19,85.69999694824219,85.69999694824219
2026-01-20,85.95999908447266,85.95999908447266
2026-01-21,85.45999908447266,85.45999908447266
2026-01-22,87.04000091552734,87.04000091552734
2026-01-23,91.87000274658203,91.87000274658203
2026-01-26,103.23999786376953,103.23999786376953
2026-01-27,98.72000122070312,98.72000122070312
2026-01-28,103.72000122070312,103.72000122070312
2026-01-29,102.95999908447266,102.95999908447266
2026-01-30,85.80999755859375,85.80999755859375
2026-02-02,70.91999816894531,70.91999816894531
2026-02-03,80.7699966430664,80.7699966430664
2026-02-04,78.8499984741211,78.8499984741211
2026-02-05,69.27999877929688,69.27999877929688
2026-02-06,68.98999786376953,68.98999786376953
2026-02-09,75.80999755859375,75.80999755859375
2026-02-10,73.18000030517578,73.18000030517578
2026-02-11,76.0199966430664,76.0199966430664
2026-02-12,70.6500015258789,70.6500015258789
2026-02-13,71.1500015258789,71.1500015258789
2026-02-16,69.77999877929688,69.77999877929688
2026-02-17,67.1500015258789,67.1500015258789
2026-02-18,71.16000366210938,71.16000366210938
2026-02-19,71.27999877929688,71.27999877929688
2026-02-20,75.12000274658203,75.12000274658203
2026-02-23,79.5199966430664,79.5199966430664
2026-02-24,79.69000244140625,79.69000244140625
2026-02-25,82.61000061035156,82.61000061035156
2026-02-26,79.41000366210938,79.41000366210938
2026-02-27,85.05000305175781,85.05000305175781
2026-03-02,79.8499984741211,79.8499984741211
2026-03-03,75.62000274658203,75.62000274658203
2026-03-04,76.29000091552734,76.29000091552734
2026-03-05,74.31999969482422,74.31999969482422
2026-03-06,76.69000244140625,76.69000244140625
2026-03-09,76.98500061035156,76.98500061035156
2026-03-10,81.70999908447266,81.70999908447266
2026-03-11,77.6500015258789,77.6500015258789
2026-03-12,77.76499938964844,77.76499938964844
2026-03-13,73.04000091552734,73.04000091552734
2026-03-16,72.80000305175781,72.80000305175781
2026-03-17,72.41000366210938,72.41000366210938
2026-03-18,70.47000122070312,70.47000122070312
2026-03-19,64.30000305175781,64.30000305175781
2026-03-20,63.75,63.75
2026-03-23,62.58000183105469,62.58000183105469
2026-03-24,63.70000076293945,63.70000076293945
2026-03-25,66.20500183105469,66.20500183105469
2026-03-26,61.4900016784668,61.4900016784668
2026-03-27,64.18000030517578,64.18000030517578
2026-03-30,64.68499755859375,64.68499755859375
2026-03-31,67.04499816894531,67.04499816894531
2026-04-01,68.88999938964844,68.88999938964844
2026-04-02,65.68000030517578,65.68000030517578
2026-04-07,64.79000091552734,64.79000091552734
2026-04-08,68.57499694824219,68.57499694824219
2026-04-09,68.9800033569336,68.9800033569336
2026-04-10,69.62000274658203,69.62000274658203
2026-04-13,67.31500244140625,67.31500244140625
2026-04-14,72.05999755859375,72.05999755859375
2026-04-15,72.0199966430664,72.0199966430664
2026-04-16,71.62999725341797,71.62999725341797
2026-04-17,75.04000091552734,75.04000091552734
2026-04-20,72.80999755859375,72.80999755859375
2026-04-21,70.06999969482422,70.06999969482422
2026-04-22,71.04499816894531,71.04499816894531
2026-04-23,69.44000244140625,69.44000244140625
2026-04-24,68.93000030517578,68.93000030517578
2026-04-27,68.43000030517578,68.43000030517578
2026-04-28,66.23999786376953,66.23999786376953
2026-04-29,65.26000213623047,65.26000213623047
2026-04-30,66.76000213623047,66.76000213623047
2026-05-01,69.22000122070312,69.22000122070312
2026-05-05,67.09500122070312,67.09500122070312
2026-05-06,70.43000030517578,70.43000030517578
2026-05-07,73.95999908447266,73.95999908447266
2026-05-08,72.91999816894531,72.91999816894531
2026-05-11,77.94000244140625,77.94000244140625
2026-05-12,76.41999816894531,76.41999816894531
2026-05-13,80.4749984741211,80.4749984741211
2026-05-14,77.58000183105469,77.58000183105469
2026-05-15,69.58000183105469,69.58000183105469
2026-05-18,69.79000091552734,69.79000091552734
2026-05-19,67.72000122070312,67.72000122070312
2026-05-20,69.26000213623047,69.26000213623047
2026-05-21,68.58000183105469,68.58000183105469
2026-05-22,69.07499694824219,69.07499694824219
2026-05-26,69.23999786376953,69.23999786376953
2026-05-27,67.88999938964844,67.88999938964844
2026-05-28,68.02999877929688,68.02999877929688
2026-05-29,69.12999725341797,69.12999725341797
2026-06-01,67.98500061035156,67.98500061035156
2026-06-02,69.12000274658203,69.12000274658203
2026-06-03,66.83999633789062,66.83999633789062
2026-06-04,67.12999725341797,67.12999725341797
2026-06-05,62.65999984741211,62.65999984741211
2026-06-08,62.41999816894531,62.41999816894531
2026-06-09,59.619998931884766,59.619998931884766
2026-06-10,59.02000045776367,59.02000045776367
2026-06-11,58.189998626708984,58.189998626708984
2026-06-12,61.685001373291016,61.685001373291016
2026-06-15,64.30999755859375,64.30999755859375
2026-06-16,63.689998626708984,63.689998626708984
2026-06-17,64.30999755859375,64.30999755859375
2026-06-18,60.13999938964844,60.13999938964844
2026-06-19,58.849998474121094,58.849998474121094
2026-06-22,59.86000061035156,59.86000061035156
2026-06-23,56.470001220703125,56.470001220703125
2026-06-24,53.650001525878906,53.650001525878906
2026-06-25,53.11000061035156,53.11000061035156
2026-06-26,53.95000076293945,53.95000076293945
2026-06-29,52.66999816894531,52.66999816894531
2026-06-30,54.36000061035156,54.36000061035156
2026-07-01,54.72999954223633,54.72999954223633
2026-07-02,55.75,55.75
2026-07-03,56.66999816894531,56.66999816894531
2026-07-06,56.290000915527344,56.290000915527344
2026-07-07,55.2400016784668,55.2400016784668
2026-07-08,52.150001525878906,52.150001525878906
2026-07-09,54.90999984741211,54.90999984741211
2026-07-10,54.40999984741211,54.40999984741211
2026-07-13,52.85499954223633,52.85499954223633
2026-07-14,53.845001220703125,53.845001220703125
2026-07-15,52.494998931884766,52.494998931884766
2026-07-16,51.29999923706055,51.29999923706055
2026-07-17,50.779998779296875,50.779998779296875
2026-07-20,51.849998474121094,51.849998474121094
2026-07-21,53.76499938964844,53.76499938964844
2026-07-22,54.869998931884766,54.869998931884766
2026-07-23,52.25,52.25
2026-07-24,53.5099983215332,53.5099983215332
2026-07-27,53.345001220703125,53.345001220703125
2026-07-28,52.040000915527344,52.040000915527344
2026-07-29,51.83000183105469,51.83000183105469
2026-07-30,53.11000061035156,53.11000061035156
2026-07-31,52.08000183105469,52.08000183105469
2026-08-03,52.09000015258789,52.09000015258789
2026-08-04,54.025001525878906,54.025001525878906
2026-08-05,56.7599983215332,56.7599983215332
2026-08-06,55.66999816894531,55.66999816894531
2026-08-07,57.77000045776367,57.77000045776367
2026-08-10,58.75,58.75
2026-08-11,58.790000915527344,58.790000915527344
2026-08-12,59.810001373291016,59.810001373291016
2026-08-13,58.689998626708984,58.689998626708984
2026-08-14,59.15999984741211,59.15999984741211
2026-08-17,60.51499938964844,60.51499938964844
2026-08-18,57.90999984741211,57.90999984741211
2026-08-19,59.650001525878906,59.650001525878906
2026-08-20,62.53499984741211,62.53499984741211
2026-08-21,63.150001525878906,63.150001525878906
2026-08-24,62.83000183105469,62.83000183105469
2026-08-25,62.33000183105469,62.33000183105469
2026-08-26,61.79999923706055,61.79999923706055
2026-08-27,62.47999954223633,62.47999954223633
2026-08-28,62.88999938964844,62.88999938964844
2026-09-01,59.040000915527344,59.040000915527344
2026-09-02,59.150001525878906,59.150001525878906
2026-09-03,61.119998931884766,61.119998931884766
2026-09-04,60.10499954223633,60.10499954223633
2026-09-07,60.29499816894531,60.29499816894531
2026-09-08,60.400001525878906,60.400001525878906
2026-09-09,61.150001525878906,61.150001525878906
2026-09-10,58.54999923706055,58.54999923706055
2026-09-11,58.61000061035156,58.61000061035156
2026-09-14,57.61000061035156,57.61000061035156
2026-09-15,57.4900016784668,57.4900016784668
2026-09-16,58.67499923706055,58.67499923706055
2026-09-17,59.810001373291016,59.810001373291016
2026-09-18,60.3650016784668,60.3650016784668
2026-09-21,60.130001068115234,60.130001068115234
2026-09-22,59.84000015258789,59.84000015258789
2026-09-23,58.65999984741211,58.65999984741211
2026-09-24,57.45000076293945,57.45000076293945
2026-09-25,58.369998931884766,58.369998931884766
2026-09-28,55.54999923706055,55.54999923706055
2026-09-29,55.349998474121094,55.349998474121094
2026-09-30,54.83000183105469,54.83000183105469
2026-10-01,55.165000915527344,55.165000915527344
2026-10-02,54.744998931884766,54.744998931884766
