Date,Close,Adj Close
2010-01-04,111.91000366210938,111.91000366210938
2010-01-05,112.01000213623047,112.01000213623047
2010-01-06,113.47000122070312,113.47000122070312
2010-01-07,112.94000244140625,112.94000244140625
2010-01-08,112.62000274658203,112.62000274658203
2010-01-11,115.20999908447266,115.20999908447266
2010-01-12,114.63999938964844,114.63999938964844
2010-01-13,112.19999694824219,112.19999694824219
2010-01-14,113.48999786376953,113.48999786376953
2010-01-15,112.98999786376953,112.98999786376953
2010-01-18,113.12000274658203,113.12000274658203
2010-01-19,113.11170196533203,113.11170196533203
2010-01-20,110.73999786376953,110.73999786376953
2010-01-21,108.98999786376953,108.98999786376953
2010-01-22,109.55000305175781,109.55000305175781
2010-01-25,109.54000091552734,109.54000091552734
2010-01-26,109.77999877929688,109.77999877929688
2010-01-27,109.37000274658203,109.37000274658203
2010-01-28,108.13999938964844,108.13999938964844
2010-01-29,107.2699966430664,107.2699966430664
2010-02-01,109.58999633789062,109.58999633789062
2010-02-02,111.54000091552734,111.54000091552734
2010-02-03,111.12999725341797,111.12999725341797
2010-02-04,106.4800033569336,106.4800033569336
2010-02-05,105.08000183105469,105.08000183105469
2010-02-08,106.51000213623047,106.51000213623047
2010-02-09,107.38999938964844,107.38999938964844
2010-02-10,106.66000366210938,106.66000366210938
2010-02-11,108.7300033569336,108.7300033569336
2010-02-12,108.45999908447266,108.45999908447266
2010-02-15,109.87999725341797,109.87999725341797
2010-02-16,111.69999694824219,111.69999694824219
2010-02-17,111.20999908447266,111.20999908447266
2010-02-18,111.61000061035156,111.61000061035156
2010-02-19,111.66000366210938,111.66000366210938
2010-02-22,111.11000061035156,111.11000061035156
2010-02-23,110.4000015258789,110.4000015258789
2010-02-24,109.55000305175781,109.55000305175781
2010-02-25,109.36000061035156,109.36000061035156
2010-02-26,111.41000366210938,111.41000366210938
2010-03-01,111.69999694824219,111.69999694824219
2010-03-02,113.20999908447266,113.20999908447266
2010-03-03,114.0999984741211,114.0999984741211
2010-03-04,112.63999938964844,112.63999938964844
2010-03-05,113.79000091552734,113.79000091552734
2010-03-08,111.94000244140625,111.94000244140625
2010-03-09,111.72000122070312,111.72000122070312
2010-03-10,111.62999725341797,111.62999725341797
2010-03-11,110.30999755859375,110.30999755859375
2010-03-12,110.52999877929688,110.52999877929688
2010-03-15,110.18000030517578,110.18000030517578
2010-03-16,112.30000305175781,112.30000305175781
2010-03-17,112.27999877929688,112.27999877929688
2010-03-18,112.5,112.5
2010-03-19,110.20999908447266,110.20999908447266
2010-03-22,109.87999725341797,109.87999725341797
2010-03-23,110.41999816894531,110.41999816894531
2010-03-24,108.97000122070312,108.97000122070312
2010-03-25,108.91999816894531,108.91999816894531
2010-03-26,109.86000061035156,109.86000061035156
2010-03-29,111.08000183105469,111.08000183105469
2010-03-30,110.2300033569336,110.2300033569336
2010-03-31,111.27999877929688,111.27999877929688
2010-04-01,112.55000305175781,112.55000305175781
2010-04-06,113.62000274658203,113.62000274658203
2010-04-07,114.44999694824219,114.44999694824219
2010-04-08,114.88999938964844,114.88999938964844
2010-04-09,116.19000244140625,116.19000244140625
2010-04-12,116.16999816894531,116.16999816894531
2010-04-13,114.7300033569336,114.7300033569336
2010-04-14,115.76000213623047,115.76000213623047
2010-04-15,115.75,115.75
2010-04-16,113.62000274658203,113.62000274658203
2010-04-19,113.25,113.25
2010-04-20,113.72000122070312,113.72000122070312
2010-04-21,113.73999786376953,113.73999786376953
2010-04-22,113.41999816894531,113.41999816894531
2010-04-23,115.22000122070312,115.22000122070312
2010-04-26,115.20999908447266,115.20999908447266
2010-04-27,115.83999633789062,115.83999633789062
2010-04-28,117.12000274658203,117.12000274658203
2010-04-29,116.2300033569336,116.2300033569336
2010-04-30,117.8499984741211,117.8499984741211
2010-05-04,117.01000213623047,117.01000213623047
2010-05-05,117.08000183105469,117.08000183105469
2010-05-06,118.83000183105469,118.83000183105469
2010-05-07,119.69999694824219,119.69999694824219
2010-05-10,119.41000366210938,119.41000366210938
2010-05-11,121.62999725341797,121.62999725341797
2010-05-12,123.5199966430664,123.5199966430664
2010-05-13,123.98999786376953,123.98999786376953
2010-05-14,122.43000030517578,122.43000030517578
2010-05-17,122.97000122070312,122.97000122070312
2010-05-18,121.45999908447266,121.45999908447266
2010-05-19,119.2699966430664,119.2699966430664
2010-05-20,118.94000244140625,118.94000244140625
2010-05-21,118.41999816894531,118.41999816894531
2010-05-24,118.9000015258789,118.9000015258789
2010-05-25,119.45999908447266,119.45999908447266
2010-05-26,120.86000061035156,120.86000061035156
2010-05-27,121.08000183105469,121.08000183105469
2010-05-28,120.08000183105469,120.08000183105469
2010-06-01,122.33000183105469,122.33000183105469
2010-06-02,121.63999938964844,121.63999938964844
2010-06-03,120.95999908447266,120.95999908447266
2010-06-04,120.12999725341797,120.12999725341797
2010-06-07,122.94999694824219,122.94999694824219
2010-06-08,124.01000213623047,124.01000213623047
2010-06-09,122.26000213623047,122.26000213623047
2010-06-10,121.97000122070312,121.97000122070312
2010-06-11,122.18000030517578,122.18000030517578
2010-06-14,121.38999938964844,121.38999938964844
2010-06-15,122.30999755859375,122.30999755859375
2010-06-16,123.0199966430664,123.0199966430664
2010-06-17,124.27999877929688,124.27999877929688
2010-06-18,125.66000366210938,125.66000366210938
2010-06-21,125.0999984741211,125.0999984741211
2010-06-22,123.77999877929688,123.77999877929688
2010-06-23,122.79000091552734,122.79000091552734
2010-06-24,124.36000061035156,124.36000061035156
2010-06-25,125.05999755859375,125.05999755859375
2010-06-28,124.76000213623047,124.76000213623047
2010-06-29,123.3499984741211,123.3499984741211
2010-06-30,124.1500015258789,124.1500015258789
2010-07-01,121.79000091552734,121.79000091552734
2010-07-02,120.29000091552734,120.29000091552734
2010-07-05,120.30999755859375,120.30999755859375
2010-07-06,118.79000091552734,118.79000091552734
2010-07-07,119.16999816894531,119.16999816894531
2010-07-08,118.79000091552734,118.79000091552734
2010-07-09,120.6500015258789,120.6500015258789
2010-07-12,119.58000183105469,119.58000183105469
2010-07-13,121.23999786376953,121.23999786376953
2010-07-14,121.22000122070312,121.22000122070312
2010-07-15,120.75,120.75
2010-07-16,118.69000244140625,118.69000244140625
2010-07-19,117.55000305175781,117.55000305175781
2010-07-20,118.75,118.75
2010-07-21,118.70999908447266,118.70999908447266
2010-07-22,119.31999969482422,119.31999969482422
2010-07-23,118.97000122070312,118.97000122070312
2010-07-26,118.19999694824219,118.19999694824219
2010-07-27,115.97000122070312,115.97000122070312
2010-07-28,115.69999694824219,115.69999694824219
2010-07-29,115.8499984741211,115.8499984741211
2010-07-30,117.20999908447266,117.20999908447266
2010-08-02,118.08999633789062,118.08999633789062
2010-08-03,118.66000366210938,118.66000366210938
2010-08-04,119.66000366210938,119.66000366210938
2010-08-05,118.94999694824219,118.94999694824219
2010-08-06,120.52999877929688,120.52999877929688
2010-08-09,119.83000183105469,119.83000183105469
2010-08-10,119.30000305175781,119.30000305175781
2010-08-11,119.19999694824219,119.19999694824219
2010-08-12,120.91000366210938,120.91000366210938
2010-08-13,120.9000015258789,120.9000015258789
2010-08-16,122.02999877929688,122.02999877929688
2010-08-17,122.13999938964844,122.13999938964844
2010-08-18,122.47000122070312,122.47000122070312
2010-08-19,123.05999755859375,123.05999755859375
2010-08-20,122.31999969482422,122.31999969482422
2010-08-23,122.11000061035156,122.11000061035156
2010-08-24,122.91000366210938,122.91000366210938
2010-08-25,123.51000213623047,123.51000213623047
2010-08-26,123.58000183105469,123.58000183105469
2010-08-27,123.62999725341797,123.62999725341797
2010-08-31,124.33000183105469,124.33000183105469
2010-09-01,124.12000274658203,124.12000274658203
2010-09-02,124.6500015258789,124.6500015258789
2010-09-03,124.47000122070312,124.47000122070312
2010-09-06,124.19000244140625,124.19000244140625
2010-09-07,125.12000274658203,125.12000274658203
2010-09-08,125.44000244140625,125.44000244140625
2010-09-09,124.18000030517578,124.18000030517578
2010-09-10,124.48999786376953,124.48999786376953
2010-09-13,123.80999755859375,123.80999755859375
2010-09-14,126.58999633789062,126.58999633789062
2010-09-15,126.44000244140625,126.44000244140625
2010-09-16,126.97000122070312,126.97000122070312
2010-09-17,127.2300033569336,127.2300033569336
2010-09-20,127.83999633789062,127.83999633789062
2010-09-21,126.98999786376953,126.98999786376953
2010-09-22,128.60000610351562,128.60000610351562
2010-09-23,129.07000732421875,129.07000732421875
2010-09-24,129.13999938964844,129.13999938964844
2010-09-27,129.14999389648438,129.14999389648438
2010-09-28,130.19000244140625,130.19000244140625
2010-09-29,130.6300048828125,130.6300048828125
2010-09-30,129.35000610351562,129.35000610351562
2010-10-01,131.1999969482422,131.1999969482422
2010-10-04,131.1300048828125,131.1300048828125
2010-10-05,133.47000122070312,133.47000122070312
2010-10-06,134.35000610351562,134.35000610351562
2010-10-07,133.07000732421875,133.07000732421875
2010-10-08,134.3800048828125,134.3800048828125
2010-10-11,134.36000061035156,134.36000061035156
2010-10-12,134.1999969482422,134.1999969482422
2010-10-13,136.57000732421875,136.57000732421875
2010-10-14,136.77999877929688,136.77999877929688
2010-10-15,137.0399932861328,137.0399932861328
2010-10-18,136.4600067138672,136.4600067138672
2010-10-19,133.49000549316406,133.49000549316406
2010-10-20,133.85000610351562,133.85000610351562
2010-10-21,133.3000030517578,133.3000030517578
2010-10-22,131.8000030517578,131.8000030517578
2010-10-25,133.4499969482422,133.4499969482422
2010-10-26,133.02999877929688,133.02999877929688
2010-10-27,131.89999389648438,131.89999389648438
2010-10-28,133.8000030517578,133.8000030517578
2010-10-29,134.50999450683594,134.50999450683594
2010-11-01,134.77000427246094,134.77000427246094
2010-11-02,134.55999755859375,134.55999755859375
2010-11-03,133.47000122070312,133.47000122070312
2010-11-04,137.63999938964844,137.63999938964844
2010-11-05,138.72999572753906,138.72999572753906
2010-11-08,139.05999755859375,139.05999755859375
2010-11-09,141.38999938964844,141.38999938964844
2010-11-10,138.61000061035156,138.61000061035156
2010-11-11,139.82000732421875,139.82000732421875
2010-11-12,137.25999450683594,137.25999450683594
2010-11-15,136.8300018310547,136.8300018310547
2010-11-16,132.8800048828125,132.8800048828125
2010-11-17,133.66000366210938,133.66000366210938
2010-11-18,135.1999969482422,135.1999969482422
2010-11-19,134.77999877929688,134.77999877929688
2010-11-22,134.7100067138672,134.7100067138672
2010-11-23,137.17999267578125,137.17999267578125
2010-11-24,136.8000030517578,136.8000030517578
2010-11-25,136.9199981689453,136.9199981689453
2010-11-26,135.08999633789062,135.08999633789062
2010-11-29,136.24000549316406,136.24000549316406
2010-11-30,137.9499969482422,137.9499969482422
2010-12-01,138.17999267578125,138.17999267578125
2010-12-02,139.1699981689453,139.1699981689453
2010-12-03,140.10000610351562,140.10000610351562
2010-12-06,141.4499969482422,141.4499969482422
2010-12-07,141.00999450683594,141.00999450683594
2010-12-08,137.33999633789062,137.33999633789062
2010-12-09,137.86000061035156,137.86000061035156
2010-12-10,137.3699951171875,137.3699951171875
2010-12-13,138.8699951171875,138.8699951171875
2010-12-14,138.97999572753906,138.97999572753906
2010-12-15,138.3800048828125,138.3800048828125
2010-12-16,136.35000610351562,136.35000610351562
2010-12-17,136.3699951171875,136.3699951171875
2010-12-20,137.82000732421875,137.82000732421875
2010-12-21,138.02999877929688,138.02999877929688
2010-12-22,138.1999969482422,138.1999969482422
2010-12-23,137.33999633789062,137.33999633789062
2010-12-24,137.0500030517578,137.0500030517578
2010-12-29,140.49000549316406,140.49000549316406
2010-12-30,139.7899932861328,139.7899932861328
2010-12-31,140.6199951171875,140.6199951171875
2011-01-04,138.0800018310547,138.0800018310547
2011-01-05,136.85000610351562,136.85000610351562
2011-01-06,136.72000122070312,136.72000122070312
2011-01-07,136.74000549316406,136.74000549316406
2011-01-10,136.55999755859375,136.55999755859375
2011-01-11,137.33999633789062,137.33999633789062
2011-01-12,137.2100067138672,137.2100067138672
2011-01-13,137.9199981689453,137.9199981689453
2011-01-14,135.0800018310547,135.0800018310547
2011-01-17,135.47999572753906,135.47999572753906
2011-01-18,136.38999938964844,136.38999938964844
2011-01-19,136.61000061035156,136.61000061035156
2011-01-20,134.1300048828125,134.1300048828125
2011-01-21,133.82000732421875,133.82000732421875
2011-01-24,134.0500030517578,134.0500030517578
2011-01-25,131.89999389648438,131.89999389648438
2011-01-26,131.94000244140625,131.94000244140625
2011-01-27,131.24000549316406,131.24000549316406
2011-01-28,132.9600067138672,132.9600067138672
2011-01-31,132.27000427246094,132.27000427246094
2011-02-01,132.63999938964844,132.63999938964844
2011-02-02,132.9499969482422,132.9499969482422
2011-02-03,132.64999389648438,132.64999389648438
2011-02-04,134.05999755859375,134.05999755859375
2011-02-07,134.50999450683594,134.50999450683594
2011-02-08,136.17999267578125,136.17999267578125
2011-02-09,135.3699951171875,135.3699951171875
2011-02-10,135.83999633789062,135.83999633789062
2011-02-11,135.72999572753906,135.72999572753906
2011-02-14,135.96499633789062,135.96499633789062
2011-02-15,137.05999755859375,137.05999755859375
2011-02-16,137.39999389648438,137.39999389648438
2011-02-17,137.77499389648438,137.77499389648438
2011-02-18,138.3249969482422,138.3249969482422
2011-02-21,140.0,140.0
2011-02-22,140.31500244140625,140.31500244140625
2011-02-23,140.5449981689453,140.5449981689453
2011-02-24,140.65499877929688,140.65499877929688
2011-02-25,140.22000122070312,140.22000122070312
2011-02-28,140.77000427246094,140.77000427246094
2011-03-01,141.69500732421875,141.69500732421875
2011-03-02,143.2449951171875,143.2449951171875
2011-03-03,141.7050018310547,141.7050018310547
2011-03-04,142.375,142.375
2011-03-07,142.57000732421875,142.57000732421875
2011-03-08,142.32000732421875,142.32000732421875
2011-03-09,141.94500732421875,141.94500732421875
2011-03-10,140.1199951171875,140.1199951171875
2011-03-11,140.97999572753906,140.97999572753906
2011-03-14,142.0050048828125,142.0050048828125
2011-03-15,139.0449981689453,139.0449981689453
2011-03-16,139.21499633789062,139.21499633789062
2011-03-17,139.53500366210938,139.53500366210938
2011-03-18,141.22999572753906,141.22999572753906
2011-03-21,142.57000732421875,142.57000732421875
2011-03-22,142.0749969482422,142.0749969482422
2011-03-23,143.1750030517578,143.1750030517578
2011-03-24,143.9499969482422,143.9499969482422
2011-03-25,142.0500030517578,142.0500030517578
2011-03-28,141.21499633789062,141.21499633789062
2011-03-29,141.43499755859375,141.43499755859375
2011-03-30,140.97000122070312,140.97000122070312
2011-03-31,143.0050048828125,143.0050048828125
2011-04-01,141.7949981689453,141.7949981689453
2011-04-04,142.67999267578125,142.67999267578125
2011-04-05,144.0449981689453,144.0449981689453
2011-04-06,144.9199981689453,144.9199981689453
2011-04-07,144.94000244140625,144.94000244140625
2011-04-08,146.55999755859375,146.55999755859375
2011-04-11,146.08999633789062,146.08999633789062
2011-04-12,144.19500732421875,144.19500732421875
2011-04-13,145.07000732421875,145.07000732421875
2011-04-14,146.05499267578125,146.05499267578125
2011-04-15,147.66000366210938,147.66000366210938
2011-04-18,148.52999877929688,148.52999877929688
2011-04-19,148.6199951171875,148.6199951171875
2011-04-20,149.6199951171875,149.6199951171875
2011-04-21,149.6300048828125,149.6300048828125
2011-04-26,149.13999938964844,149.13999938964844
2011-04-27,149.8800048828125,149.8800048828125
2011-04-28,152.94000244140625,152.94000244140625
2011-05-03,153.64500427246094,153.64500427246094
2011-05-04,151.46499633789062,151.46499633789062
2011-05-05,147.6999969482422,147.6999969482422
2011-05-06,148.625,148.625
2011-05-09,149.86000061035156,149.86000061035156
2011-05-10,150.49000549316406,150.49000549316406
2011-05-11,150.1300048828125,150.1300048828125
2011-05-12,148.61000061035156,148.61000061035156
2011-05-13,149.38499450683594,149.38499450683594
2011-05-16,149.06500244140625,149.06500244140625
2011-05-17,146.7550048828125,146.7550048828125
2011-05-18,148.83999633789062,148.83999633789062
2011-05-19,148.125,148.125
2011-05-20,150.50999450683594,150.50999450683594
2011-05-23,150.23500061035156,150.23500061035156
2011-05-24,151.60000610351562,151.60000610351562
2011-05-25,152.15499877929688,152.15499877929688
2011-05-26,151.24000549316406,151.24000549316406
2011-05-27,152.55999755859375,152.55999755859375
2011-05-31,152.9199981689453,152.9199981689453
2011-06-01,154.1699981689453,154.1699981689453
2011-06-02,151.24000549316406,151.24000549316406
2011-06-03,152.85000610351562,152.85000610351562
2011-06-06,154.3350067138672,154.3350067138672
2011-06-07,152.97999572753906,152.97999572753906
2011-06-08,152.84500122070312,152.84500122070312
2011-06-09,153.55499267578125,153.55499267578125
2011-06-10,152.60000610351562,152.60000610351562
2011-06-13,151.74000549316406,151.74000549316406
2011-06-14,151.19000244140625,151.19000244140625
2011-06-15,152.1750030517578,152.1750030517578
2011-06-16,151.8800048828125,151.8800048828125
2011-06-17,153.22000122070312,153.22000122070312
2011-06-20,153.02499389648438,153.02499389648438
2011-06-21,153.75999450683594,153.75999450683594
2011-06-22,154.9250030517578,154.9250030517578
2011-06-23,151.06500244140625,151.06500244140625
2011-06-24,150.02999877929688,150.02999877929688
2011-06-27,149.05999755859375,149.05999755859375
2011-06-28,149.40499877929688,149.40499877929688
2011-06-29,150.36500549316406,150.36500549316406
2011-06-30,149.96499633789062,149.96499633789062
2011-07-01,147.91000366210938,147.91000366210938
2011-07-04,148.72500610351562,148.72500610351562
2011-07-05,150.1750030517578,150.1750030517578
2011-07-06,152.5749969482422,152.5749969482422
2011-07-07,152.0050048828125,152.0050048828125
2011-07-08,153.39999389648438,153.39999389648438
2011-07-11,153.66000366210938,153.66000366210938
2011-07-12,154.47500610351562,154.47500610351562
2011-07-13,157.80999755859375,157.80999755859375
2011-07-14,157.7100067138672,157.7100067138672
2011-07-15,158.0050048828125,158.0050048828125
2011-07-18,159.80999755859375,159.80999755859375
2011-07-19,159.46499633789062,159.46499633789062
2011-07-20,158.5749969482422,158.5749969482422
2011-07-21,159.16000366210938,159.16000366210938
2011-07-22,159.68499755859375,159.68499755859375
2011-07-25,160.72000122070312,160.72000122070312
2011-07-26,160.5500030517578,160.5500030517578
2011-07-27,160.72000122070312,160.72000122070312
2011-07-28,159.7449951171875,159.7449951171875
2011-07-29,161.5399932861328,161.5399932861328
2011-08-01,162.02999877929688,162.02999877929688
2011-08-02,162.99000549316406,162.99000549316406
2011-08-03,165.8800048828125,165.8800048828125
2011-08-04,166.8000030517578,166.8000030517578
2011-08-05,165.02999877929688,165.02999877929688
2011-08-08,169.75999450683594,169.75999450683594
2011-08-09,172.03500366210938,172.03500366210938
2011-08-10,176.9199981689453,176.9199981689453
2011-08-11,174.42999267578125,174.42999267578125
2011-08-12,172.0500030517578,172.0500030517578
2011-08-15,173.38999938964844,173.38999938964844
2011-08-16,176.98500061035156,176.98500061035156
2011-08-17,177.2899932861328,177.2899932861328
2011-08-18,181.22999572753906,181.22999572753906
2011-08-19,184.06500244140625,184.06500244140625
2011-08-22,187.72500610351562,187.72500610351562
2011-08-23,186.47999572753906,186.47999572753906
2011-08-24,176.61000061035156,176.61000061035156
2011-08-25,171.9499969482422,171.9499969482422
2011-08-26,176.875,176.875
2011-08-30,181.60000610351562,181.60000610351562
2011-08-31,181.57000732421875,181.57000732421875
2011-09-01,181.0,181.0
2011-09-02,186.27000427246094,186.27000427246094
2011-09-05,188.5800018310547,188.5800018310547
2011-09-06,185.71499633789062,185.71499633789062
2011-09-07,180.17999267578125,180.17999267578125
2011-09-08,184.63999938964844,184.63999938964844
2011-09-09,184.14999389648438,184.14999389648438
2011-09-12,181.98500061035156,181.98500061035156
2011-09-13,181.35000610351562,181.35000610351562
2011-09-14,180.6199951171875,180.6199951171875
2011-09-15,176.60499572753906,176.60499572753906
2011-09-16,179.19000244140625,179.19000244140625
2011-09-19,177.27999877929688,177.27999877929688
2011-09-20,179.2550048828125,179.2550048828125
2011-09-21,178.6750030517578,178.6750030517578
2011-09-22,171.80499267578125,171.80499267578125
2011-09-23,166.44000244140625,166.44000244140625
2011-09-26,160.02000427246094,160.02000427246094
2011-09-27,164.17999267578125,164.17999267578125
2011-09-28,163.05499267578125,163.05499267578125
2011-09-29,160.75,160.75
2011-09-30,161.0399932861328,161.0399932861328
2011-10-03,163.69000244140625,163.69000244140625
2011-10-04,160.16000366210938,160.16000366210938
2011-10-05,160.34500122070312,160.34500122070312
2011-10-06,163.2550048828125,163.2550048828125
2011-10-07,163.97999572753906,163.97999572753906
2011-10-10,165.49000549316406,165.49000549316406
2011-10-11,165.15499877929688,165.15499877929688
2011-10-12,166.61500549316406,166.61500549316406
2011-10-13,164.9550018310547,164.9550018310547
2011-10-14,165.9250030517578,165.9250030517578
2011-10-17,166.97999572753906,166.97999572753906
2011-10-18,162.4199981689453,162.4199981689453
2011-10-19,163.6300048828125,163.6300048828125
2011-10-20,159.97999572753906,159.97999572753906
2011-10-21,162.55999755859375,162.55999755859375
2011-10-24,164.46499633789062,164.46499633789062
2011-10-25,167.86000061035156,167.86000061035156
2011-10-26,170.625,170.625
2011-10-27,171.8350067138672,171.8350067138672
2011-10-28,173.0800018310547,173.0800018310547
2011-10-31,170.8300018310547,170.8300018310547
2011-11-01,169.02000427246094,169.02000427246094
2011-11-02,172.6300048828125,172.6300048828125
2011-11-03,175.1649932861328,175.1649932861328
2011-11-04,174.31500244140625,174.31500244140625
2011-11-07,176.88499450683594,176.88499450683594
2011-11-08,178.2050018310547,178.2050018310547
2011-11-09,178.0800018310547,178.0800018310547
2011-11-10,173.52000427246094,173.52000427246094
2011-11-11,176.38999938964844,176.38999938964844
2011-11-14,176.86500549316406,176.86500549316406
2011-11-15,175.74000549316406,175.74000549316406
2011-11-16,175.94500732421875,175.94500732421875
2011-11-17,172.6750030517578,172.6750030517578
2011-11-18,171.38499450683594,171.38499450683594
2011-11-21,167.98500061035156,167.98500061035156
2011-11-22,168.33999633789062,168.33999633789062
2011-11-23,166.77499389648438,166.77499389648438
2011-11-24,168.1999969482422,168.1999969482422
2011-11-25,167.88999938964844,167.88999938964844
2011-11-28,170.23500061035156,170.23500061035156
2011-11-29,169.9199981689453,169.9199981689453
2011-11-30,173.30999755859375,173.30999755859375
2011-12-01,173.2100067138672,173.2100067138672
2011-12-02,173.72500610351562,173.72500610351562
2011-12-05,172.69500732421875,172.69500732421875
2011-12-06,169.73500061035156,169.73500061035156
2011-12-07,172.3000030517578,172.3000030517578
2011-12-08,169.77000427246094,169.77000427246094
2011-12-09,170.55499267578125,170.55499267578125
2011-12-12,165.60000610351562,165.60000610351562
2011-12-13,164.69000244140625,164.69000244140625
2011-12-14,156.2899932861328,156.2899932861328
2011-12-15,156.25999450683594,156.25999450683594
2011-12-16,158.02999877929688,158.02999877929688
2011-12-19,158.0449981689453,158.0449981689453
2011-12-20,160.44500732421875,160.44500732421875
2011-12-21,159.9600067138672,159.9600067138672
2011-12-22,158.89999389648438,158.89999389648438
2011-12-23,159.66000366210938,159.66000366210938
2011-12-28,155.35499572753906,155.35499572753906
2011-12-29,151.86000061035156,151.86000061035156
2011-12-30,155.7050018310547,155.7050018310547
2012-01-03,159.5449981689453,159.5449981689453
2012-01-04,159.91000366210938,159.91000366210938
2012-01-05,159.5749969482422,159.5749969482422
2012-01-06,160.92999267578125,160.92999267578125
2012-01-09,160.2100067138672,160.2100067138672
2012-01-10,162.50999450683594,162.50999450683594
2012-01-11,162.83999633789062,162.83999633789062
2012-01-12,164.23500061035156,164.23500061035156
2012-01-13,162.2100067138672,162.2100067138672
2012-01-16,163.22500610351562,163.22500610351562
2012-01-17,164.89999389648438,164.89999389648438
2012-01-18,164.5,164.5
2012-01-19,163.98500061035156,163.98500061035156
2012-01-20,164.65499877929688,164.65499877929688
2012-01-23,166.80999755859375,166.80999755859375
2012-01-24,165.58999633789062,165.58999633789062
2012-01-25,164.73500061035156,164.73500061035156
2012-01-26,171.36000061035156,171.36000061035156
2012-01-27,171.82000732421875,171.82000732421875
2012-01-30,171.6699981689453,171.6699981689453
2012-01-31,172.13999938964844,172.13999938964844
2012-02-01,173.72999572753906,173.72999572753906
2012-02-02,174.60000610351562,174.60000610351562
2012-02-03,172.81500244140625,172.81500244140625
2012-02-06,170.8000030517578,170.8000030517578
2012-02-07,172.27999877929688,172.27999877929688
2012-02-08,172.0,172.0
2012-02-09,173.2050018310547,173.2050018310547
2012-02-10,170.49000549316406,170.49000549316406
2012-02-13,171.0,171.0
2012-02-14,170.6999969482422,170.6999969482422
2012-02-15,171.64500427246094,171.64500427246094
2012-02-16,170.7100067138672,170.7100067138672
2012-02-17,170.625,170.625
2012-02-20,172.17999267578125,172.17999267578125
2012-02-21,174.22999572753906,174.22999572753906
2012-02-22,174.36000061035156,174.36000061035156
2012-02-23,177.1649932861328,177.1649932861328
2012-02-24,176.38999938964844,176.38999938964844
2012-02-27,176.14999389648438,176.14999389648438
2012-02-28,177.2100067138672,177.2100067138672
2012-02-29,170.17999267578125,170.17999267578125
2012-03-01,170.80499267578125,170.80499267578125
2012-03-02,170.0,170.0
2012-03-05,169.30499267578125,169.30499267578125
2012-03-06,165.6300048828125,165.6300048828125
2012-03-07,167.10000610351562,167.10000610351562
2012-03-08,168.27000427246094,168.27000427246094
2012-03-09,169.36000061035156,169.36000061035156
2012-03-12,168.64500427246094,168.64500427246094
2012-03-13,168.41000366210938,168.41000366210938
2012-03-14,162.94500732421875,162.94500732421875
2012-03-15,163.4600067138672,163.4600067138672
2012-03-16,164.09500122070312,164.09500122070312
2012-03-19,165.0500030517578,165.0500030517578
2012-03-20,163.94000244140625,163.94000244140625
2012-03-21,164.02499389648438,164.02499389648438
2012-03-22,162.5399932861328,162.5399932861328
2012-03-23,164.77999877929688,164.77999877929688
2012-03-26,167.2100067138672,167.2100067138672
2012-03-27,167.17999267578125,167.17999267578125
2012-03-28,165.89999389648438,165.89999389648438
2012-03-29,163.5749969482422,163.5749969482422
2012-03-30,165.0050048828125,165.0050048828125
2012-04-02,166.72000122070312,166.72000122070312
2012-04-03,165.99000549316406,165.99000549316406
2012-04-04,160.1750030517578,160.1750030517578
2012-04-05,161.44000244140625,161.44000244140625
2012-04-10,162.5050048828125,162.5050048828125
2012-04-11,164.6699981689453,164.6699981689453
2012-04-12,165.98500061035156,165.98500061035156
2012-04-13,165.23500061035156,165.23500061035156
2012-04-16,163.6300048828125,163.6300048828125
2012-04-17,164.19000244140625,164.19000244140625
2012-04-18,162.85499572753906,162.85499572753906
2012-04-19,163.19500732421875,163.19500732421875
2012-04-20,162.77000427246094,162.77000427246094
2012-04-23,161.80999755859375,161.80999755859375
2012-04-24,163.01499938964844,163.01499938964844
2012-04-25,162.2899932861328,162.2899932861328
2012-04-26,164.3699951171875,164.3699951171875
2012-04-27,165.07000732421875,165.07000732421875
2012-04-30,164.52499389648438,164.52499389648438
2012-05-01,164.9600067138672,164.9600067138672
2012-05-02,163.61000061035156,163.61000061035156
2012-05-03,162.375,162.375
2012-05-04,162.25,162.25
2012-05-08,158.5850067138672,158.5850067138672
2012-05-09,157.8000030517578,157.8000030517578
2012-05-10,158.19000244140625,158.19000244140625
2012-05-11,157.49000549316406,157.49000549316406
2012-05-14,155.01499938964844,155.01499938964844
2012-05-15,154.22500610351562,154.22500610351562
2012-05-16,152.9199981689453,152.9199981689453
2012-05-17,156.05999755859375,156.05999755859375
2012-05-18,158.25,158.25
2012-05-21,157.72000122070312,157.72000122070312
2012-05-22,157.48500061035156,157.48500061035156
2012-05-23,152.69000244140625,152.69000244140625
2012-05-24,155.9250030517578,155.9250030517578
2012-05-25,155.3350067138672,155.3350067138672
2012-05-29,156.06500244140625,156.06500244140625
2012-05-30,153.56500244140625,153.56500244140625
2012-05-31,155.14500427246094,155.14500427246094
2012-06-01,159.5749969482422,159.5749969482422
2012-06-06,162.3249969482422,162.3249969482422
2012-06-07,157.05999755859375,157.05999755859375
2012-06-08,156.9250030517578,156.9250030517578
2012-06-11,157.11500549316406,157.11500549316406
2012-06-12,159.94000244140625,159.94000244140625
2012-06-13,160.75999450683594,160.75999450683594
2012-06-14,160.94500732421875,160.94500732421875
2012-06-15,161.32000732421875,161.32000732421875
2012-06-18,161.3699951171875,161.3699951171875
2012-06-19,161.2050018310547,161.2050018310547
2012-06-20,159.50999450683594,159.50999450683594
2012-06-21,155.8249969482422,155.8249969482422
2012-06-22,154.86000061035156,154.86000061035156
2012-06-25,156.0850067138672,156.0850067138672
2012-06-26,155.72000122070312,155.72000122070312
2012-06-27,155.69500732421875,155.69500732421875
2012-06-28,154.1999969482422,154.1999969482422
2012-06-29,158.5,158.5
2012-07-02,158.49000549316406,158.49000549316406
2012-07-03,160.65499877929688,160.65499877929688
2012-07-04,160.14999389648438,160.14999389648438
2012-07-05,159.72000122070312,159.72000122070312
2012-07-06,157.2899932861328,157.2899932861328
2012-07-09,157.35499572753906,157.35499572753906
2012-07-10,157.23500061035156,157.23500061035156
2012-07-11,156.13999938964844,156.13999938964844
2012-07-12,154.49000549316406,154.49000549316406
2012-07-13,157.60000610351562,157.60000610351562
2012-07-16,158.01499938964844,158.01499938964844
2012-07-17,156.375,156.375
2012-07-18,156.57000732421875,156.57000732421875
2012-07-19,157.4199981689453,157.4199981689453
2012-07-20,156.7100067138672,156.7100067138672
2012-07-23,156.24000549316406,156.24000549316406
2012-07-24,156.32000732421875,156.32000732421875
2012-07-25,158.5800018310547,158.5800018310547
2012-07-26,159.98500061035156,159.98500061035156
2012-07-27,160.14999389648438,160.14999389648438
2012-07-30,160.47000122070312,160.47000122070312
2012-07-31,160.5050048828125,160.5050048828125
2012-08-01,158.92999267578125,158.92999267578125
2012-08-02,157.64999389648438,157.64999389648438
2012-08-03,158.8699951171875,158.8699951171875
2012-08-06,159.96499633789062,159.96499633789062
2012-08-07,159.77000427246094,159.77000427246094
2012-08-08,159.9600067138672,159.9600067138672
2012-08-09,159.92999267578125,159.92999267578125
2012-08-10,160.77499389648438,160.77499389648438
2012-08-13,160.27499389648438,160.27499389648438
2012-08-14,158.86000061035156,158.86000061035156
2012-08-15,158.89999389648438,158.89999389648438
2012-08-16,160.1649932861328,160.1649932861328
2012-08-17,160.21499633789062,160.21499633789062
2012-08-20,160.59500122070312,160.59500122070312
2012-08-21,162.38499450683594,162.38499450683594
2012-08-22,162.63999938964844,162.63999938964844
2012-08-23,165.6999969482422,165.6999969482422
2012-08-24,165.01499938964844,165.01499938964844
2012-08-28,165.63999938964844,165.63999938964844
2012-08-29,164.24000549316406,164.24000549316406
2012-08-30,164.07000732421875,164.07000732421875
2012-08-31,166.0500030517578,166.0500030517578
2012-09-03,167.77000427246094,167.77000427246094
2012-09-04,167.81500244140625,167.81500244140625
2012-09-05,167.84500122070312,167.84500122070312
2012-09-06,168.9949951171875,168.9949951171875
2012-09-07,171.92999267578125,171.92999267578125
2012-09-10,171.6300048828125,171.6300048828125
2012-09-11,171.8000030517578,171.8000030517578
2012-09-12,171.6300048828125,171.6300048828125
2012-09-13,171.68499755859375,171.68499755859375
2012-09-14,175.73500061035156,175.73500061035156
2012-09-17,175.40499877929688,175.40499877929688
2012-09-18,175.5449981689453,175.5449981689453
2012-09-19,175.65499877929688,175.65499877929688
2012-09-20,174.6199951171875,174.6199951171875
2012-09-21,175.66000366210938,175.66000366210938
2012-09-24,174.69000244140625,174.69000244140625
2012-09-25,175.5800018310547,175.5800018310547
2012-09-26,172.96499633789062,172.96499633789062
2012-09-27,174.86500549316406,174.86500549316406
2012-09-28,175.59500122070312,175.59500122070312
2012-10-01,176.24000549316406,176.24000549316406
2012-10-02,176.27499389648438,176.27499389648438
2012-10-03,176.21499633789062,176.21499633789062
2012-10-04,177.3000030517578,177.3000030517578
2012-10-05,176.5449981689453,176.5449981689453
2012-10-08,175.81500244140625,175.81500244140625
2012-10-09,174.8699951171875,174.8699951171875
2012-10-10,174.65499877929688,174.65499877929688
2012-10-11,175.2949981689453,175.2949981689453
2012-10-12,174.39999389648438,174.39999389648438
2012-10-15,171.84500122070312,171.84500122070312
2012-10-16,172.77000427246094,172.77000427246094
2012-10-17,173.49000549316406,173.49000549316406
2012-10-18,172.81500244140625,172.81500244140625
2012-10-19,170.8800048828125,170.8800048828125
2012-10-22,170.85000610351562,170.85000610351562
2012-10-23,169.27000427246094,169.27000427246094
2012-10-24,168.82000732421875,168.82000732421875
2012-10-25,169.8300018310547,169.8300018310547
2012-10-26,169.7449951171875,169.7449951171875
2012-10-29,169.1699981689453,169.1699981689453
2012-10-30,169.43499755859375,169.43499755859375
2012-10-31,170.8000030517578,170.8000030517578
2012-11-01,170.11500549316406,170.11500549316406
2012-11-02,166.52499389648438,166.52499389648438
2012-11-05,166.625,166.625
2012-11-06,167.80499267578125,167.80499267578125
2012-11-07,169.2899932861328,169.2899932861328
2012-11-08,170.4149932861328,170.4149932861328
2012-11-09,171.60000610351562,171.60000610351562
2012-11-12,171.4250030517578,171.4250030517578
2012-11-13,171.2899932861328,171.2899932861328
2012-11-14,171.09500122070312,171.09500122070312
2012-11-15,169.7100067138672,169.7100067138672
2012-11-16,169.40499877929688,169.40499877929688
2012-11-19,171.6750030517578,171.6750030517578
2012-11-20,171.4149932861328,171.4149932861328
2012-11-21,171.125,171.125
2012-11-22,171.44000244140625,171.44000244140625
2012-11-23,173.0800018310547,173.0800018310547
2012-11-26,173.2100067138672,173.2100067138672
2012-11-27,172.7550048828125,172.7550048828125
2012-11-28,169.9600067138672,169.9600067138672
2012-11-29,170.9550018310547,170.9550018310547
2012-11-30,169.8300018310547,169.8300018310547
2012-12-03,169.83999633789062,169.83999633789062
2012-12-04,167.9250030517578,167.9250030517578
2012-12-05,167.0399932861328,167.0399932861328
2012-12-06,168.3249969482422,168.3249969482422
2012-12-07,168.42999267578125,168.42999267578125
2012-12-10,169.60499572753906,169.60499572753906
2012-12-11,168.97500610351562,168.97500610351562
2012-12-12,169.50999450683594,169.50999450683594
2012-12-13,168.06500244140625,168.06500244140625
2012-12-14,167.88999938964844,167.88999938964844
2012-12-17,167.85000610351562,167.85000610351562
2012-12-18,166.78500366210938,166.78500366210938
2012-12-19,165.55999755859375,165.55999755859375
2012-12-20,162.02000427246094,162.02000427246094
2012-12-21,163.9949951171875,163.9949951171875
2012-12-24,164.6199951171875,164.6199951171875
2012-12-27,164.52000427246094,164.52000427246094
2012-12-28,163.875,163.875
2012-12-31,164.31500244140625,164.31500244140625
2013-01-02,167.5,167.5
2013-01-03,166.18499755859375,166.18499755859375
2013-01-04,162.50999450683594,162.50999450683594
2013-01-07,163.08999633789062,163.08999633789062
2013-01-08,163.7949981689453,163.7949981689453
2013-01-09,163.97500610351562,163.97500610351562
2013-01-10,165.92999267578125,165.92999267578125
2013-01-11,164.38999938964844,164.38999938964844
2013-01-14,165.13499450683594,165.13499450683594
2013-01-15,166.52999877929688,166.52999877929688
2013-01-16,166.24000549316406,166.24000549316406
2013-01-17,166.89500427246094,166.89500427246094
2013-01-18,167.1300048828125,167.1300048828125
2013-01-21,167.17999267578125,167.17999267578125
2013-01-22,167.7050018310547,167.7050018310547
2013-01-23,166.91000366210938,166.91000366210938
2013-01-24,165.69500732421875,165.69500732421875
2013-01-25,164.52000427246094,164.52000427246094
2013-01-28,163.91000366210938,163.91000366210938
2013-01-29,164.52499389648438,164.52499389648438
2013-01-30,166.44000244140625,166.44000244140625
2013-01-31,164.6300048828125,164.6300048828125
2013-02-01,165.34500122070312,165.34500122070312
2013-02-04,165.30999755859375,165.30999755859375
2013-02-05,165.2100067138672,165.2100067138672
2013-02-06,165.8699951171875,165.8699951171875
2013-02-07,166.2550048828125,166.2550048828125
2013-02-08,165.0050048828125,165.0050048828125
2013-02-11,163.08999633789062,163.08999633789062
2013-02-12,163.13999938964844,163.13999938964844
2013-02-13,162.97000122070312,162.97000122070312
2013-02-14,162.3249969482422,162.3249969482422
2013-02-15,158.94500732421875,158.94500732421875
2013-02-18,159.06500244140625,159.06500244140625
2013-02-19,158.75999450683594,158.75999450683594
2013-02-20,156.61000061035156,156.61000061035156
2013-02-21,156.36500549316406,156.36500549316406
2013-02-22,155.72000122070312,155.72000122070312
2013-02-25,157.42999267578125,157.42999267578125
2013-02-26,159.77499389648438,159.77499389648438
2013-02-27,158.64500427246094,158.64500427246094
2013-02-28,156.36000061035156,156.36000061035156
2013-03-01,155.88999938964844,155.88999938964844
2013-03-04,155.77000427246094,155.77000427246094
2013-03-05,155.97000122070312,155.97000122070312
2013-03-06,156.35000610351562,156.35000610351562
2013-03-07,155.97999572753906,155.97999572753906
2013-03-08,155.88499450683594,155.88499450683594
2013-03-11,156.25999450683594,156.25999450683594
2013-03-12,157.57000732421875,157.57000732421875
2013-03-13,156.97500610351562,156.97500610351562
2013-03-14,157.28500366210938,157.28500366210938
2013-03-15,157.69000244140625,157.69000244140625
2013-03-18,159.0500030517578,159.0500030517578
2013-03-19,159.5749969482422,159.5749969482422
2013-03-20,158.88499450683594,158.88499450683594
2013-03-21,159.64999389648438,159.64999389648438
2013-03-22,159.0449981689453,159.0449981689453
2013-03-25,158.66000366210938,158.66000366210938
2013-03-26,158.1649932861328,158.1649932861328
2013-03-27,158.82000732421875,158.82000732421875
2013-03-28,157.88999938964844,157.88999938964844
2013-04-02,156.52499389648438,156.52499389648438
2013-04-03,155.375,155.375
2013-04-04,153.0800018310547,153.0800018310547
2013-04-05,154.96499633789062,154.96499633789062
2013-04-08,155.1750030517578,155.1750030517578
2013-04-09,157.03500366210938,157.03500366210938
2013-04-10,155.2100067138672,155.2100067138672
2013-04-11,154.83999633789062,154.83999633789062
2013-04-12,148.4600067138672,148.4600067138672
2013-04-15,136.22000122070312,136.22000122070312
2013-04-16,137.1750030517578,137.1750030517578
2013-04-17,137.4949951171875,137.4949951171875
2013-04-18,137.93499755859375,137.93499755859375
2013-04-19,138.50999450683594,138.50999450683594
2013-04-22,140.7050018310547,140.7050018310547
2013-04-23,139.5449981689453,139.5449981689453
2013-04-24,140.8249969482422,140.8249969482422
2013-04-25,144.02999877929688,144.02999877929688
2013-04-26,145.96499633789062,145.96499633789062
2013-04-29,145.5850067138672,145.5850067138672
2013-04-30,145.0850067138672,145.0850067138672
2013-05-01,142.89999389648438,142.89999389648438
2013-05-02,144.9550018310547,144.9550018310547
2013-05-03,145.14500427246094,145.14500427246094
2013-05-07,142.99000549316406,142.99000549316406
2013-05-08,145.01499938964844,145.01499938964844
2013-05-09,145.30999755859375,145.30999755859375
2013-05-10,140.75,140.75
2013-05-13,141.74000549316406,141.74000549316406
2013-05-14,141.69000244140625,141.69000244140625
2013-05-15,137.77000427246094,137.77000427246094
2013-05-16,136.9149932861328,136.9149932861328
2013-05-17,135.1199951171875,135.1199951171875
2013-05-20,134.625,134.625
2013-05-21,135.61000061035156,135.61000061035156
2013-05-22,136.1699981689453,136.1699981689453
2013-05-23,136.41000366210938,136.41000366210938
2013-05-24,137.56500244140625,137.56500244140625
2013-05-28,137.66000366210938,137.66000366210938
2013-05-29,137.3300018310547,137.3300018310547
2013-05-30,139.94000244140625,139.94000244140625
2013-05-31,137.75,137.75
2013-06-03,139.66000366210938,139.66000366210938
2013-06-04,137.94000244140625,137.94000244140625
2013-06-05,139.10499572753906,139.10499572753906
2013-06-06,138.7100067138672,138.7100067138672
2013-06-07,136.34500122070312,136.34500122070312
2013-06-10,137.08999633789062,137.08999633789062
2013-06-11,136.0850067138672,136.0850067138672
2013-06-12,137.52000427246094,137.52000427246094
2013-06-13,136.02000427246094,136.02000427246094
2013-06-14,137.39500427246094,137.39500427246094
2013-06-17,136.64500427246094,136.64500427246094
2013-06-18,134.8350067138672,134.8350067138672
2013-06-19,135.83999633789062,135.83999633789062
2013-06-20,127.94999694824219,127.94999694824219
2013-06-21,127.58999633789062,127.58999633789062
2013-06-24,126.91500091552734,126.91500091552734
2013-06-25,126.01499938964844,126.01499938964844
2013-06-26,121.62000274658203,121.62000274658203
2013-06-27,121.2699966430664,121.2699966430664
2013-06-28,120.04000091552734,120.04000091552734
2013-07-01,124.31500244140625,124.31500244140625
2013-07-02,123.58000183105469,123.58000183105469
2013-07-03,124.08000183105469,124.08000183105469
2013-07-04,123.38500213623047,123.38500213623047
2013-07-05,120.02999877929688,120.02999877929688
2013-07-08,122.1050033569336,122.1050033569336
2013-07-09,123.50499725341797,123.50499725341797
2013-07-10,124.30000305175781,124.30000305175781
2013-07-11,126.83000183105469,126.83000183105469
2013-07-12,126.55999755859375,126.55999755859375
2013-07-15,127.02999877929688,127.02999877929688
2013-07-16,127.68000030517578,127.68000030517578
2013-07-17,126.81999969482422,126.81999969482422
2013-07-18,126.98999786376953,126.98999786376953
2013-07-19,127.96499633789062,127.96499633789062
2013-07-22,131.26499938964844,131.26499938964844
2013-07-23,131.8350067138672,131.8350067138672
2013-07-24,131.4550018310547,131.4550018310547
2013-07-25,131.38999938964844,131.38999938964844
2013-07-26,130.3699951171875,130.3699951171875
2013-07-29,131.66000366210938,131.66000366210938
2013-07-30,130.97000122070312,130.97000122070312
2013-07-31,129.27000427246094,129.27000427246094
2013-08-01,129.94000244140625,129.94000244140625
2013-08-02,129.72000122070312,129.72000122070312
2013-08-05,128.5850067138672,128.5850067138672
2013-08-06,127.13500213623047,127.13500213623047
2013-08-07,127.22000122070312,127.22000122070312
2013-08-08,129.375,129.375
2013-08-09,129.9250030517578,129.9250030517578
2013-08-12,132.4550018310547,132.4550018310547
2013-08-13,130.6300048828125,130.6300048828125
2013-08-14,131.51499938964844,131.51499938964844
2013-08-15,131.38999938964844,131.38999938964844
2013-08-16,135.125,135.125
2013-08-19,134.9250030517578,134.9250030517578
2013-08-20,135.69000244140625,135.69000244140625
2013-08-21,135.1750030517578,135.1750030517578
2013-08-22,135.6750030517578,135.6750030517578
2013-08-23,137.75999450683594,137.75999450683594
2013-08-27,140.1750030517578,140.1750030517578
2013-08-28,140.02499389648438,140.02499389648438
2013-08-29,138.86500549316406,138.86500549316406
2013-08-30,138.5800018310547,138.5800018310547
2013-09-02,137.51499938964844,137.51499938964844
2013-09-03,138.80999755859375,138.80999755859375
2013-09-04,137.19000244140625,137.19000244140625
2013-09-05,135.0850067138672,135.0850067138672
2013-09-06,137.0,137.0
2013-09-09,137.13499450683594,137.13499450683594
2013-09-10,134.6649932861328,134.6649932861328
2013-09-11,134.7100067138672,134.7100067138672
2013-09-12,131.32000732421875,131.32000732421875
2013-09-13,130.0399932861328,130.0399932861328
2013-09-16,130.1750030517578,130.1750030517578
2013-09-17,129.4250030517578,129.4250030517578
2013-09-18,128.18499755859375,128.18499755859375
2013-09-19,135.71499633789062,135.71499633789062
2013-09-20,132.22000122070312,132.22000122070312
2013-09-23,131.0800018310547,131.0800018310547
2013-09-24,129.80499267578125,129.80499267578125
2013-09-25,132.0800018310547,132.0800018310547
2013-09-26,131.1699981689453,131.1699981689453
2013-09-27,132.2949981689453,132.2949981689453
2013-09-30,131.3350067138672,131.3350067138672
2013-10-01,127.58999633789062,127.58999633789062
2013-10-02,130.05999755859375,130.05999755859375
2013-10-03,130.19500732421875,130.19500732421875
2013-10-04,129.4199981689453,129.4199981689453
2013-10-07,131.0,131.0
2013-10-08,131.10000610351562,131.10000610351562
2013-10-09,128.4949951171875,128.4949951171875
2013-10-10,128.42999267578125,128.42999267578125
2013-10-11,125.25499725341797,125.25499725341797
2013-10-14,126.53500366210938,126.53500366210938
2013-10-15,125.2750015258789,125.2750015258789
2013-10-16,125.66000366210938,125.66000366210938
2013-10-17,130.1199951171875,130.1199951171875
2013-10-18,129.93499755859375,129.93499755859375
2013-10-21,129.9199981689453,129.9199981689453
2013-10-22,132.43499755859375,132.43499755859375
2013-10-23,131.9550018310547,131.9550018310547
2013-10-24,133.21499633789062,133.21499633789062
2013-10-25,132.85499572753906,132.85499572753906
2013-10-28,133.55999755859375,133.55999755859375
2013-10-29,132.60000610351562,132.60000610351562
2013-10-30,133.71499633789062,133.71499633789062
2013-10-31,130.5399932861328,130.5399932861328
2013-11-01,129.64500427246094,129.64500427246094
2013-11-04,130.0850067138672,130.0850067138672
2013-11-05,129.44500732421875,129.44500732421875
2013-11-06,129.97500610351562,129.97500610351562
2013-11-07,129.38999938964844,129.38999938964844
2013-11-08,126.88999938964844,126.88999938964844
2013-11-11,126.61000061035156,126.61000061035156
2013-11-12,126.01000213623047,126.01000213623047
2013-11-13,126.0,126.0
2013-11-14,127.36000061035156,127.36000061035156
2013-11-15,127.18499755859375,127.18499755859375
2013-11-18,125.96499633789062,125.96499633789062
2013-11-19,125.91999816894531,125.91999816894531
2013-11-20,124.6500015258789,124.6500015258789
2013-11-21,122.68000030517578,122.68000030517578
2013-11-22,123.00499725341797,123.00499725341797
2013-11-25,122.5199966430664,122.5199966430664
2013-11-26,122.74500274658203,122.74500274658203
2013-11-27,122.79000091552734,122.79000091552734
2013-11-28,122.8949966430664,122.8949966430664
2013-11-29,123.7300033569336,123.7300033569336
2013-12-02,121.16999816894531,121.16999816894531
2013-12-03,120.68499755859375,120.68499755859375
2013-12-04,121.05999755859375,121.05999755859375
2013-12-05,121.18499755859375,121.18499755859375
2013-12-06,121.66000366210938,121.66000366210938
2013-12-09,121.90499877929688,121.90499877929688
2013-12-10,124.6050033569336,124.6050033569336
2013-12-11,124.33499908447266,124.33499908447266
2013-12-12,121.4000015258789,121.4000015258789
2013-12-13,121.95500183105469,121.95500183105469
2013-12-16,123.23500061035156,123.23500061035156
2013-12-17,121.68000030517578,121.68000030517578
2013-12-18,121.51000213623047,121.51000213623047
2013-12-19,118.16999816894531,118.16999816894531
2013-12-20,118.86000061035156,118.86000061035156
2013-12-23,118.48500061035156,118.48500061035156
2013-12-24,118.41500091552734,118.41500091552734
2013-12-27,119.87000274658203,119.87000274658203
2013-12-30,119.05000305175781,119.05000305175781
2013-12-31,118.51499938964844,118.51499938964844
2014-01-02,120.90499877929688,120.90499877929688
2014-01-03,122.0,122.0
2014-01-06,122.5199966430664,122.5199966430664
2014-01-07,121.11499786376953,121.11499786376953
2014-01-08,120.65499877929688,120.65499877929688
2014-01-09,121.06999969482422,121.06999969482422
2014-01-10,122.79499816894531,122.79499816894531
2014-01-13,123.49500274658203,123.49500274658203
2014-01-14,122.72000122070312,122.72000122070312
2014-01-15,122.45500183105469,122.45500183105469
2014-01-16,122.58000183105469,122.58000183105469
2014-01-17,123.68000030517578,123.68000030517578
2014-01-20,123.97000122070312,123.97000122070312
2014-01-21,122.44000244140625,122.44000244140625
2014-01-22,122.43499755859375,122.43499755859375
2014-01-23,124.34500122070312,124.34500122070312
2014-01-24,125.01499938964844,125.01499938964844
2014-01-27,124.33499908447266,124.33499908447266
2014-01-28,123.62000274658203,123.62000274658203
2014-01-29,124.80999755859375,124.80999755859375
2014-01-30,122.4800033569336,122.4800033569336
2014-01-31,122.38999938964844,122.38999938964844
2014-02-03,124.71499633789062,124.71499633789062
2014-02-04,123.49500274658203,123.49500274658203
2014-02-05,124.11499786376953,124.11499786376953
2014-02-06,123.98999786376953,123.98999786376953
2014-02-07,124.58499908447266,124.58499908447266
2014-02-10,125.83000183105469,125.83000183105469
2014-02-11,127.23500061035156,127.23500061035156
2014-02-12,127.51000213623047,127.51000213623047
2014-02-13,128.0449981689453,128.0449981689453
2014-02-14,130.05999755859375,130.05999755859375
2014-02-17,131.1300048828125,131.1300048828125
2014-02-18,130.39500427246094,130.39500427246094
2014-02-19,130.16000366210938,130.16000366210938
2014-02-20,129.6649932861328,129.6649932861328
2014-02-21,130.26499938964844,130.26499938964844
2014-02-24,132.0449981689453,132.0449981689453
2014-02-25,132.3699951171875,132.3699951171875
2014-02-26,130.77000427246094,130.77000427246094
2014-02-27,131.53500366210938,131.53500366210938
2014-02-28,130.68499755859375,130.68499755859375
2014-03-03,133.4600067138672,133.4600067138672
2014-03-04,132.02999877929688,132.02999877929688
2014-03-05,132.17999267578125,132.17999267578125
2014-03-06,133.0449981689453,133.0449981689453
2014-03-07,132.0500030517578,132.0500030517578
2014-03-10,132.36000061035156,132.36000061035156
2014-03-11,132.5800018310547,132.5800018310547
2014-03-12,134.96499633789062,134.96499633789062
2014-03-13,135.3800048828125,135.3800048828125
2014-03-14,135.82000732421875,135.82000732421875
2014-03-17,135.2449951171875,135.2449951171875
2014-03-18,134.14500427246094,134.14500427246094
2014-03-19,132.28500366210938,132.28500366210938
2014-03-20,131.24000549316406,131.24000549316406
2014-03-21,131.69000244140625,131.69000244140625
2014-03-24,129.27000427246094,129.27000427246094
2014-03-25,129.30999755859375,129.30999755859375
2014-03-26,128.51499938964844,128.51499938964844
2014-03-27,127.68000030517578,127.68000030517578
2014-03-28,127.52999877929688,127.52999877929688
2014-03-31,126.94999694824219,126.94999694824219
2014-04-01,126.36000061035156,126.36000061035156
2014-04-02,127.56999969482422,127.56999969482422
2014-04-03,127.0199966430664,127.0199966430664
2014-04-04,128.69000244140625,128.69000244140625
2014-04-07,127.83999633789062,127.83999633789062
2014-04-08,129.16000366210938,129.16000366210938
2014-04-09,128.67999267578125,128.67999267578125
2014-04-10,130.3300018310547,130.3300018310547
2014-04-11,130.10000610351562,130.10000610351562
2014-04-14,131.0,131.0
2014-04-15,128.27000427246094,128.27000427246094
2014-04-16,128.35000610351562,128.35000610351562
2014-04-17,128.16000366210938,128.16000366210938
2014-04-22,126.27999877929688,126.27999877929688
2014-04-23,126.61000061035156,126.61000061035156
2014-04-24,127.16000366210938,127.16000366210938
2014-04-25,128.3699951171875,128.3699951171875
2014-04-28,127.625,127.625
2014-04-29,128.07000732421875,128.07000732421875
2014-04-30,127.44000244140625,127.44000244140625
2014-05-01,126.45999908447266,126.45999908447266
2014-05-02,128.40499877929688,128.40499877929688
2014-05-06,128.89999389648438,128.89999389648438
2014-05-07,127.8499984741211,127.8499984741211
2014-05-08,126.99500274658203,126.99500274658203
2014-05-09,126.91000366210938,126.91000366210938
2014-05-12,128.00999450683594,128.00999450683594
2014-05-13,127.69999694824219,127.69999694824219
2014-05-14,128.61500549316406,128.61500549316406
2014-05-15,128.13999938964844,128.13999938964844
2014-05-16,127.56500244140625,127.56500244140625
2014-05-19,128.0399932861328,128.0399932861328
2014-05-20,127.55999755859375,127.55999755859375
2014-05-21,127.13500213623047,127.13500213623047
2014-05-22,127.6500015258789,127.6500015258789
2014-05-23,127.41000366210938,127.41000366210938
2014-05-27,125.07499694824219,125.07499694824219
2014-05-28,123.9749984741211,123.9749984741211
2014-05-29,124.0,124.0
2014-05-30,122.69999694824219,122.69999694824219
2014-06-02,122.78500366210938,122.78500366210938
2014-06-03,122.72000122070312,122.72000122070312
2014-06-04,122.625,122.625
2014-06-05,123.66500091552734,123.66500091552734
2014-06-06,123.48999786376953,123.48999786376953
2014-06-09,123.57499694824219,123.57499694824219
2014-06-10,124.30000305175781,124.30000305175781
2014-06-11,124.43000030517578,124.43000030517578
2014-06-12,125.41500091552734,125.41500091552734
2014-06-13,125.55500030517578,125.55500030517578
2014-06-16,125.69499969482422,125.69499969482422
2014-06-17,125.19000244140625,125.19000244140625
2014-06-18,125.31999969482422,125.31999969482422
2014-06-19,128.01499938964844,128.01499938964844
2014-06-20,129.5850067138672,129.5850067138672
2014-06-23,129.6300048828125,129.6300048828125
2014-06-24,129.9550018310547,129.9550018310547
2014-06-25,130.07000732421875,130.07000732421875
2014-06-26,129.65499877929688,129.65499877929688
2014-06-27,130.08999633789062,130.08999633789062
2014-06-30,129.88499450683594,129.88499450683594
2014-07-01,130.7050018310547,130.7050018310547
2014-07-02,130.93499755859375,130.93499755859375
2014-07-03,129.89999389648438,129.89999389648438
2014-07-04,130.1199951171875,130.1199951171875
2014-07-07,129.52999877929688,129.52999877929688
2014-07-08,129.625,129.625
2014-07-09,130.5449981689453,130.5449981689453
2014-07-10,131.8000030517578,131.8000030517578
2014-07-11,131.6300048828125,131.6300048828125
2014-07-14,128.72999572753906,128.72999572753906
2014-07-15,127.83999633789062,127.83999633789062
2014-07-16,128.28500366210938,128.28500366210938
2014-07-17,129.57000732421875,129.57000732421875
2014-07-18,128.8249969482422,128.8249969482422
2014-07-21,129.21499633789062,129.21499633789062
2014-07-22,128.69000244140625,128.69000244140625
2014-07-23,128.73500061035156,128.73500061035156
2014-07-24,127.21499633789062,127.21499633789062
2014-07-25,127.95999908447266,127.95999908447266
2014-07-28,128.53500366210938,128.53500366210938
2014-07-29,128.0449981689453,128.0449981689453
2014-07-30,127.53500366210938,127.53500366210938
2014-07-31,126.76000213623047,126.76000213623047
2014-08-01,127.53500366210938,127.53500366210938
2014-08-04,126.88500213623047,126.88500213623047
2014-08-05,126.5250015258789,126.5250015258789
2014-08-06,128.8800048828125,128.8800048828125
2014-08-07,128.81500244140625,128.81500244140625
2014-08-08,129.1199951171875,129.1199951171875
2014-08-11,128.85000610351562,128.85000610351562
2014-08-12,129.64999389648438,129.64999389648438
2014-08-13,129.30999755859375,129.30999755859375
2014-08-14,129.27000427246094,129.27000427246094
2014-08-15,128.5800018310547,128.5800018310547
2014-08-18,128.0449981689453,128.0449981689453
2014-08-19,127.52999877929688,127.52999877929688
2014-08-20,127.41000366210938,127.41000366210938
2014-08-21,125.80999755859375,125.80999755859375
2014-08-22,126.18000030517578,126.18000030517578
2014-08-26,126.44000244140625,126.44000244140625
2014-08-27,126.28500366210938,126.28500366210938
2014-08-28,127.12999725341797,127.12999725341797
2014-08-29,126.90499877929688,126.90499877929688
2014-09-01,126.79000091552734,126.79000091552734
2014-09-02,124.625,124.625
2014-09-03,124.87999725341797,124.87999725341797
2014-09-04,125.09500122070312,125.09500122070312
2014-09-05,124.79499816894531,124.79499816894531
2014-09-08,123.50499725341797,123.50499725341797
2014-09-09,123.63500213623047,123.63500213623047
2014-09-10,122.84500122070312,122.84500122070312
2014-09-11,121.88500213623047,121.88500213623047
2014-09-12,121.2249984741211,121.2249984741211
2014-09-15,121.49500274658203,121.49500274658203
2014-09-16,121.45500183105469,121.45500183105469
2014-09-17,121.7249984741211,121.7249984741211
2014-09-18,120.68499755859375,120.68499755859375
2014-09-19,119.90499877929688,119.90499877929688
2014-09-22,119.59500122070312,119.59500122070312
2014-09-23,120.4000015258789,120.4000015258789
2014-09-24,119.78500366210938,119.78500366210938
2014-09-25,119.9749984741211,119.9749984741211
2014-09-26,119.76499938964844,119.76499938964844
2014-09-29,119.93499755859375,119.93499755859375
2014-09-30,119.2249984741211,119.2249984741211
2014-10-01,119.67500305175781,119.67500305175781
2014-10-02,119.61000061035156,119.61000061035156
2014-10-03,117.66999816894531,117.66999816894531
2014-10-06,118.33000183105469,118.33000183105469
2014-10-07,119.31500244140625,119.31500244140625
2014-10-08,118.83000183105469,118.83000183105469
2014-10-09,120.63999938964844,120.63999938964844
2014-10-10,120.27999877929688,120.27999877929688
2014-10-13,121.12999725341797,121.12999725341797
2014-10-14,121.33000183105469,121.33000183105469
2014-10-15,122.4000015258789,122.4000015258789
2014-10-16,122.33999633789062,122.33999633789062
2014-10-17,121.37999725341797,121.37999725341797
2014-10-20,122.54000091552734,122.54000091552734
2014-10-21,123.26000213623047,123.26000213623047
2014-10-22,122.3949966430664,122.3949966430664
2014-10-23,120.97000122070312,120.97000122070312
2014-10-24,121.18499755859375,121.18499755859375
2014-10-27,121.06999969482422,121.06999969482422
2014-10-28,121.06500244140625,121.06500244140625
2014-10-29,120.45999908447266,120.45999908447266
2014-10-30,118.12000274658203,118.12000274658203
2014-10-31,114.80999755859375,114.80999755859375
2014-11-03,115.26000213623047,115.26000213623047
2014-11-04,115.17500305175781,115.17500305175781
2014-11-05,113.0999984741211,113.0999984741211
2014-11-06,112.79000091552734,112.79000091552734
2014-11-07,114.66500091552734,114.66500091552734
2014-11-10,114.33000183105469,114.33000183105469
2014-11-11,114.21499633789062,114.21499633789062
2014-11-12,114.62000274658203,114.62000274658203
2014-11-13,114.55999755859375,114.55999755859375
2014-11-14,115.46499633789062,115.46499633789062
2014-11-17,116.65499877929688,116.65499877929688
2014-11-18,117.61499786376953,117.61499786376953
2014-11-19,116.0999984741211,116.0999984741211
2014-11-20,117.12999725341797,117.12999725341797
2014-11-21,118.66500091552734,118.66500091552734
2014-11-24,117.78500366210938,117.78500366210938
2014-11-25,118.11000061035156,118.11000061035156
2014-11-26,117.86000061035156,117.86000061035156
2014-11-27,117.30500030517578,117.30500030517578
2014-11-28,116.2699966430664,116.2699966430664
2014-12-01,117.88500213623047,117.88500213623047
2014-12-02,117.95999908447266,117.95999908447266
2014-12-03,119.36499786376953,119.36499786376953
2014-12-04,119.04499816894531,119.04499816894531
2014-12-05,117.5199966430664,117.5199966430664
2014-12-08,117.51499938964844,117.51499938964844
2014-12-09,121.19999694824219,121.19999694824219
2014-12-10,120.875,120.875
2014-12-11,120.80000305175781,120.80000305175781
2014-12-12,120.6500015258789,120.6500015258789
2014-12-15,119.80000305175781,119.80000305175781
2014-12-16,117.69000244140625,117.69000244140625
2014-12-17,117.62000274658203,117.62000274658203
2014-12-18,117.62999725341797,117.62999725341797
2014-12-19,117.8499984741211,117.8499984741211
2014-12-22,116.63500213623047,116.63500213623047
2014-12-23,115.93499755859375,115.93499755859375
2014-12-24,115.875,115.875
2014-12-29,116.1449966430664,116.1449966430664
2014-12-30,118.38999938964844,118.38999938964844
2014-12-31,117.91500091552734,117.91500091552734
2015-01-02,117.13500213623047,117.13500213623047
2015-01-05,117.6500015258789,117.6500015258789
2015-01-06,119.04499816894531,119.04499816894531
2015-01-07,119.55999755859375,119.55999755859375
2015-01-08,119.53500366210938,119.53500366210938
2015-01-09,119.7699966430664,119.7699966430664
2015-01-12,120.65499877929688,120.65499877929688
2015-01-13,121.98500061035156,121.98500061035156
2015-01-14,121.9000015258789,121.9000015258789
2015-01-15,124.44499969482422,124.44499969482422
2015-01-16,125.69499969482422,125.69499969482422
2015-01-19,125.45999908447266,125.45999908447266
2015-01-20,127.20999908447266,127.20999908447266
2015-01-21,126.83499908447266,126.83499908447266
2015-01-22,128.22500610351562,128.22500610351562
2015-01-23,126.9000015258789,126.9000015258789
2015-01-26,125.9000015258789,125.9000015258789
2015-01-27,127.2699966430664,127.2699966430664
2015-01-28,126.61499786376953,126.61499786376953
2015-01-29,123.8949966430664,123.8949966430664
2015-01-30,125.29499816894531,125.29499816894531
2015-02-02,125.18499755859375,125.18499755859375
2015-02-03,124.0999984741211,124.0999984741211
2015-02-04,124.23500061035156,124.23500061035156
2015-02-05,123.88999938964844,123.88999938964844
2015-02-06,121.22000122070312,121.22000122070312
2015-02-09,122.03500366210938,122.03500366210938
2015-02-10,121.74500274658203,121.74500274658203
2015-02-11,120.52999877929688,120.52999877929688
2015-02-12,120.46499633789062,120.46499633789062
2015-02-13,121.125,121.125
2015-02-16,121.16000366210938,121.16000366210938
2015-02-17,118.65499877929688,118.65499877929688
2015-02-18,117.88500213623047,117.88500213623047
2015-02-19,118.91000366210938,118.91000366210938
2015-02-20,118.73999786376953,118.73999786376953
2015-02-23,118.19999694824219,118.19999694824219
2015-02-24,117.47000122070312,117.47000122070312
2015-02-25,118.58000183105469,118.58000183105469
2015-02-26,119.0999984741211,119.0999984741211
2015-02-27,119.71499633789062,119.71499633789062
2015-03-02,118.91999816894531,118.91999816894531
2015-03-03,118.29000091552734,118.29000091552734
2015-03-04,118.29000091552734,118.29000091552734
2015-03-05,118.54499816894531,118.54499816894531
2015-03-06,115.55999755859375,115.55999755859375
2015-03-09,114.8949966430664,114.8949966430664
2015-03-10,114.07499694824219,114.07499694824219
2015-03-11,113.08000183105469,113.08000183105469
2015-03-12,113.23999786376953,113.23999786376953
2015-03-13,113.43000030517578,113.43000030517578
2015-03-16,113.36000061035156,113.36000061035156
2015-03-17,112.91500091552734,112.91500091552734
2015-03-18,113.30000305175781,113.30000305175781
2015-03-19,115.09500122070312,115.09500122070312
2015-03-20,116.51499938964844,116.51499938964844
2015-03-23,116.8550033569336,116.8550033569336
2015-03-24,117.06500244140625,117.06500244140625
2015-03-25,117.73500061035156,117.73500061035156
2015-03-26,118.5250015258789,118.5250015258789
2015-03-27,118.01000213623047,118.01000213623047
2015-03-30,116.4000015258789,116.4000015258789
2015-03-31,116.80999755859375,116.80999755859375
2015-04-01,118.25,118.25
2015-04-02,117.80999755859375,117.80999755859375
2015-04-07,119.18499755859375,119.18499755859375
2015-04-08,118.37999725341797,118.37999725341797
2015-04-09,117.47000122070312,117.47000122070312
2015-04-10,118.73500061035156,118.73500061035156
2015-04-13,117.83999633789062,117.83999633789062
2015-04-14,117.59500122070312,117.59500122070312
2015-04-15,117.56500244140625,117.56500244140625
2015-04-16,117.73999786376953,117.73999786376953
2015-04-17,118.44499969482422,118.44499969482422
2015-04-20,117.24500274658203,117.24500274658203
2015-04-21,117.79499816894531,117.79499816894531
2015-04-22,116.9800033569336,116.9800033569336
2015-04-23,117.30000305175781,117.30000305175781
2015-04-24,115.79000091552734,115.79000091552734
2015-04-27,118.19999694824219,118.19999694824219
2015-04-28,119.22000122070312,119.22000122070312
2015-04-29,119.0,119.0
2015-04-30,115.92500305175781,115.92500305175781
2015-05-01,115.32499694824219,115.32499694824219
2015-05-05,117.4800033569336,117.4800033569336
2015-05-06,117.05500030517578,117.05500030517578
2015-05-07,116.375,116.375
2015-05-08,116.58999633789062,116.58999633789062
2015-05-11,116.03500366210938,116.03500366210938
2015-05-12,117.22000122070312,117.22000122070312
2015-05-13,119.44999694824219,119.44999694824219
2015-05-14,120.05999755859375,120.05999755859375
2015-05-15,120.2249984741211,120.2249984741211
2015-05-18,120.625,120.625
2015-05-19,118.5999984741211,118.5999984741211
2015-05-20,119.0199966430664,119.0199966430664
2015-05-21,118.54499816894531,118.54499816894531
2015-05-22,118.50499725341797,118.50499725341797
2015-05-26,116.73500061035156,116.73500061035156
2015-05-27,116.67500305175781,116.67500305175781
2015-05-28,116.90499877929688,116.90499877929688
2015-05-29,116.9000015258789,116.9000015258789
2015-06-01,117.29499816894531,117.29499816894531
2015-06-02,117.1449966430664,117.1449966430664
2015-06-03,117.05500030517578,117.05500030517578
2015-06-04,115.4800033569336,115.4800033569336
2015-06-05,114.94999694824219,114.94999694824219
2015-06-08,115.12999725341797,115.12999725341797
2015-06-09,115.76499938964844,115.76499938964844
2015-06-10,116.80999755859375,116.80999755859375
2015-06-11,115.96499633789062,115.96499633789062
2015-06-12,116.0250015258789,116.0250015258789
2015-06-15,116.56500244140625,116.56500244140625
2015-06-16,115.82499694824219,115.82499694824219
2015-06-17,115.68499755859375,115.68499755859375
2015-06-18,118.3550033569336,118.3550033569336
2015-06-19,117.96499633789062,117.96499633789062
2015-06-22,116.56500244140625,116.56500244140625
2015-06-23,115.81500244140625,115.81500244140625
2015-06-24,115.31500244140625,115.31500244140625
2015-06-25,115.3499984741211,115.3499984741211
2015-06-26,115.27999877929688,115.27999877929688
2015-06-29,115.75499725341797,115.75499725341797
2015-06-30,115.125,115.125
2015-07-01,114.98999786376953,114.98999786376953
2015-07-02,114.41999816894531,114.41999816894531
2015-07-03,114.82499694824219,114.82499694824219
2015-07-06,114.68000030517578,114.68000030517578
2015-07-07,113.2750015258789,113.2750015258789
2015-07-08,114.17500305175781,114.17500305175781
2015-07-09,114.30500030517578,114.30500030517578
2015-07-10,114.11499786376953,114.11499786376953
2015-07-13,113.73999786376953,113.73999786376953
2015-07-14,113.58000183105469,113.58000183105469
2015-07-15,112.5199966430664,112.5199966430664
2015-07-16,112.4800033569336,112.4800033569336
2015-07-17,111.2249984741211,111.2249984741211
2015-07-20,109.04000091552734,109.04000091552734
2015-07-21,108.75,108.75
2015-07-22,107.36499786376953,107.36499786376953
2015-07-23,107.5250015258789,107.5250015258789
2015-07-24,106.80000305175781,106.80000305175781
2015-07-27,107.81999969482422,107.81999969482422
2015-07-28,107.56500244140625,107.56500244140625
2015-07-29,107.55000305175781,107.55000305175781
2015-07-30,107.50499725341797,107.50499725341797
2015-07-31,107.73500061035156,107.73500061035156
2015-08-03,107.11000061035156,107.11000061035156
2015-08-04,107.25,107.25
2015-08-05,106.56999969482422,106.56999969482422
2015-08-06,107.08000183105469,107.08000183105469
2015-08-07,107.67500305175781,107.67500305175781
2015-08-10,108.81500244140625,108.81500244140625
2015-08-11,108.98999786376953,108.98999786376953
2015-08-12,110.37000274658203,110.37000274658203
2015-08-13,109.5999984741211,109.5999984741211
2015-08-14,109.43000030517578,109.43000030517578
2015-08-17,109.90499877929688,109.90499877929688
2015-08-18,109.6050033569336,109.6050033569336
2015-08-19,110.95500183105469,110.95500183105469
2015-08-20,112.90499877929688,112.90499877929688
2015-08-21,113.7750015258789,113.7750015258789
2015-08-24,113.90499877929688,113.90499877929688
2015-08-25,111.6050033569336,111.6050033569336
2015-08-26,110.27999877929688,110.27999877929688
2015-08-27,110.76000213623047,110.76000213623047
2015-08-28,111.55999755859375,111.55999755859375
2015-09-01,111.96499633789062,111.96499633789062
2015-09-02,111.30000305175781,111.30000305175781
2015-09-03,110.48500061035156,110.48500061035156
2015-09-04,110.04499816894531,110.04499816894531
2015-09-07,109.86499786376953,109.86499786376953
2015-09-08,110.6050033569336,110.6050033569336
2015-09-09,109.0199966430664,109.0199966430664
2015-09-10,109.20500183105469,109.20500183105469
2015-09-11,108.2750015258789,108.2750015258789
2015-09-14,108.76000213623047,108.76000213623047
2015-09-15,108.46499633789062,108.46499633789062
2015-09-16,110.23999786376953,110.23999786376953
2015-09-17,109.83999633789062,109.83999633789062
2015-09-18,111.7249984741211,111.7249984741211
2015-09-21,111.20999908447266,111.20999908447266
2015-09-22,110.55999755859375,110.55999755859375
2015-09-23,111.13500213623047,111.13500213623047
2015-09-24,113.44999694824219,113.44999694824219
2015-09-25,112.37999725341797,112.37999725341797
2015-09-28,111.36000061035156,111.36000061035156
2015-09-29,111.12000274658203,111.12000274658203
2015-09-30,109.44999694824219,109.44999694824219
2015-10-01,109.58000183105469,109.58000183105469
2015-10-02,111.83499908447266,111.83499908447266
2015-10-05,111.63999938964844,111.63999938964844
2015-10-06,112.7300033569336,112.7300033569336
2015-10-07,112.61499786376953,112.61499786376953
2015-10-08,112.3550033569336,112.3550033569336
2015-10-09,113.69999694824219,113.69999694824219
2015-10-12,114.06999969482422,114.06999969482422
2015-10-13,114.43499755859375,114.43499755859375
2015-10-14,115.6500015258789,115.6500015258789
2015-10-15,116.37000274658203,116.37000274658203
2015-10-16,115.95500183105469,115.95500183105469
2015-10-19,114.98999786376953,114.98999786376953
2015-10-20,115.3550033569336,115.3550033569336
2015-10-21,114.50499725341797,114.50499725341797
2015-10-22,114.69999694824219,114.69999694824219
2015-10-23,114.08499908447266,114.08499908447266
2015-10-26,114.52999877929688,114.52999877929688
2015-10-27,114.49500274658203,114.49500274658203
2015-10-28,115.75499725341797,115.75499725341797
2015-10-29,112.80000305175781,112.80000305175781
2015-10-30,112.08499908447266,112.08499908447266
2015-11-02,111.38500213623047,111.38500213623047
2015-11-03,110.33000183105469,110.33000183105469
2015-11-04,109.29000091552734,109.29000091552734
2015-11-05,108.62000274658203,108.62000274658203
2015-11-06,106.74500274658203,106.74500274658203
2015-11-09,107.05000305175781,107.05000305175781
2015-11-10,107.16999816894531,107.16999816894531
2015-11-11,106.68499755859375,106.68499755859375
2015-11-12,105.88500213623047,105.88500213623047
2015-11-13,106.25499725341797,106.25499725341797
2015-11-16,106.56500244140625,106.56500244140625
2015-11-17,105.5199966430664,105.5199966430664
2015-11-18,104.88500213623047,104.88500213623047
2015-11-19,106.37000274658203,106.37000274658203
2015-11-20,105.9000015258789,105.9000015258789
2015-11-23,104.9000015258789,104.9000015258789
2015-11-24,105.50499725341797,105.50499725341797
2015-11-25,105.16500091552734,105.16500091552734
2015-11-26,105.18000030517578,105.18000030517578
2015-11-27,103.81500244140625,103.81500244140625
2015-11-30,104.44000244140625,104.44000244140625
2015-12-01,104.61000061035156,104.61000061035156
2015-12-02,103.5999984741211,103.5999984741211
2015-12-03,103.77999877929688,103.77999877929688
2015-12-04,106.73999786376953,106.73999786376953
2015-12-07,105.5999984741211,105.5999984741211
2015-12-08,105.46499633789062,105.46499633789062
2015-12-09,105.30999755859375,105.30999755859375
2015-12-10,105.27999877929688,105.27999877929688
2015-12-11,105.50499725341797,105.50499725341797
2015-12-14,104.91999816894531,104.91999816894531
2015-12-15,104.06999969482422,104.06999969482422
2015-12-16,105.56999969482422,105.56999969482422
2015-12-17,103.31500244140625,103.31500244140625
2015-12-18,104.61000061035156,104.61000061035156
2015-12-21,105.90499877929688,105.90499877929688
2015-12-22,105.63999938964844,105.63999938964844
2015-12-23,104.93000030517578,104.93000030517578
2015-12-24,105.28500366210938,105.28500366210938
2015-12-29,104.90499877929688,104.90499877929688
2015-12-30,104.12000274658203,104.12000274658203
2015-12-31,104.06999969482422,104.06999969482422
2016-01-04,105.5250015258789,105.5250015258789
2016-01-05,105.80999755859375,105.80999755859375
2016-01-06,107.05999755859375,107.05999755859375
2016-01-07,108.56999969482422,108.56999969482422
2016-01-08,108.36000061035156,108.36000061035156
2016-01-11,107.95500183105469,107.95500183105469
2016-01-12,106.76499938964844,106.76499938964844
2016-01-13,106.78500366210938,106.78500366210938
2016-01-14,106.19999694824219,106.19999694824219
2016-01-15,106.76000213623047,106.76000213623047
2016-01-18,106.91000366210938,106.91000366210938
2016-01-19,106.54499816894531,106.54499816894531
2016-01-20,108.2750015258789,108.2750015258789
2016-01-21,107.41500091552734,107.41500091552734
2016-01-22,107.88500213623047,107.88500213623047
2016-01-25,108.62999725341797,108.62999725341797
2016-01-26,109.69999694824219,109.69999694824219
2016-01-27,109.54499816894531,109.54499816894531
2016-01-28,109.44999694824219,109.44999694824219
2016-01-29,109.4800033569336,109.4800033569336
2016-02-01,110.41000366210938,110.41000366210938
2016-02-02,110.4749984741211,110.4749984741211
2016-02-03,111.73999786376953,111.73999786376953
2016-02-04,113.19000244140625,113.19000244140625
2016-02-05,113.375,113.375
2016-02-08,117.23500061035156,117.23500061035156
2016-02-09,117.12000274658203,117.12000274658203
2016-02-10,116.99500274658203,116.99500274658203
2016-02-11,122.875,122.875
2016-02-12,121.0999984741211,121.0999984741211
2016-02-15,118.20999908447266,118.20999908447266
2016-02-16,118.98999786376953,118.98999786376953
2016-02-17,118.9000015258789,118.9000015258789
2016-02-18,119.44499969482422,119.44499969482422
2016-02-19,120.66000366210938,120.66000366210938
2016-02-22,118.69999694824219,118.69999694824219
2016-02-23,120.2300033569336,120.2300033569336
2016-02-24,122.5,122.5
2016-02-25,121.44999694824219,121.44999694824219
2016-02-26,119.45999908447266,119.45999908447266
2016-02-29,121.08000183105469,121.08000183105469
2016-03-01,120.87999725341797,120.87999725341797
2016-03-02,121.34500122070312,121.34500122070312
2016-03-03,123.31500244140625,123.31500244140625
2016-03-04,124.79000091552734,124.79000091552734
2016-03-07,124.18000030517578,124.18000030517578
2016-03-08,124.45999908447266,124.45999908447266
2016-03-09,123.125,123.125
2016-03-10,124.05000305175781,124.05000305175781
2016-03-11,123.45500183105469,123.45500183105469
2016-03-14,121.94999694824219,121.94999694824219
2016-03-15,120.70500183105469,120.70500183105469
2016-03-16,120.50499725341797,120.50499725341797
2016-03-17,123.94000244140625,123.94000244140625
2016-03-18,122.75,122.75
2016-03-21,122.12999725341797,122.12999725341797
2016-03-22,122.57499694824219,122.57499694824219
2016-03-23,119.87999725341797,119.87999725341797
2016-03-24,119.68499755859375,119.68499755859375
2016-03-29,120.23999786376953,120.23999786376953
2016-03-30,120.20999908447266,120.20999908447266
2016-03-31,121.16999816894531,121.16999816894531
2016-04-01,118.80500030517578,118.80500030517578
2016-04-04,119.41000366210938,119.41000366210938
2016-04-05,120.45500183105469,120.45500183105469
2016-04-06,119.83499908447266,119.83499908447266
2016-04-07,121.5,121.5
2016-04-08,121.63999938964844,121.63999938964844
2016-04-11,123.41000366210938,123.41000366210938
2016-04-12,123.1050033569336,123.1050033569336
2016-04-13,122.08499908447266,122.08499908447266
2016-04-14,120.6500015258789,120.6500015258789
2016-04-15,120.6050033569336,120.6050033569336
2016-04-18,121.1500015258789,121.1500015258789
2016-04-19,123.02999877929688,123.02999877929688
2016-04-20,122.94999694824219,122.94999694824219
2016-04-21,122.76000213623047,122.76000213623047
2016-04-22,121.68000030517578,121.68000030517578
2016-04-25,121.56999969482422,121.56999969482422
2016-04-26,121.76499938964844,121.76499938964844
2016-04-27,122.40499877929688,122.40499877929688
2016-04-28,123.94499969482422,123.94499969482422
2016-04-29,126.80500030517578,126.80500030517578
2016-05-03,126.11499786376953,126.11499786376953
2016-05-04,125.6050033569336,125.6050033569336
2016-05-05,125.16500091552734,125.16500091552734
2016-05-06,126.69999694824219,126.69999694824219
2016-05-09,124.0199966430664,124.0199966430664
2016-05-10,123.5,123.5
2016-05-11,124.73999786376953,124.73999786376953
2016-05-12,124.38500213623047,124.38500213623047
2016-05-13,124.52999877929688,124.52999877929688
2016-05-16,124.96499633789062,124.96499633789062
2016-05-17,125.55000305175781,125.55000305175781
2016-05-18,124.72000122070312,124.72000122070312
2016-05-19,122.6500015258789,122.6500015258789
2016-05-20,122.4800033569336,122.4800033569336
2016-05-23,122.36499786376953,122.36499786376953
2016-05-24,120.62999725341797,120.62999725341797
2016-05-25,119.92500305175781,119.92500305175781
2016-05-26,119.86499786376953,119.86499786376953
2016-05-27,118.9000015258789,118.9000015258789
2016-05-31,118.94999694824219,118.94999694824219
2016-06-01,118.66000366210938,118.66000366210938
2016-06-02,118.7750015258789,118.7750015258789
2016-06-03,121.58999633789062,121.58999633789062
2016-06-06,122.22000122070312,122.22000122070312
2016-06-07,121.71499633789062,121.71499633789062
2016-06-08,123.7300033569336,123.7300033569336
2016-06-09,124.41999816894531,124.41999816894531
2016-06-10,124.44000244140625,124.44000244140625
2016-06-13,125.80999755859375,125.80999755859375
2016-06-14,125.66500091552734,125.66500091552734
2016-06-15,125.86000061035156,125.86000061035156
2016-06-16,128.35499572753906,128.35499572753906
2016-06-17,126.25,126.25
2016-06-20,126.0250015258789,126.0250015258789
2016-06-21,124.48500061035156,124.48500061035156
2016-06-22,124.3499984741211,124.3499984741211
2016-06-23,123.94499969482422,123.94499969482422
2016-06-24,129.11000061035156,129.11000061035156
2016-06-27,129.51499938964844,129.51499938964844
2016-06-28,128.69000244140625,128.69000244140625
2016-06-29,129.67999267578125,129.67999267578125
2016-06-30,129.3800048828125,129.3800048828125
2016-07-01,131.08999633789062,131.08999633789062
2016-07-04,132.4499969482422,132.4499969482422
2016-07-05,132.18499755859375,132.18499755859375
2016-07-06,134.05999755859375,134.05999755859375
2016-07-07,132.89999389648438,132.89999389648438
2016-07-08,132.52000427246094,132.52000427246094
2016-07-11,133.09500122070312,133.09500122070312
2016-07-12,131.11000061035156,131.11000061035156
2016-07-13,131.36500549316406,131.36500549316406
2016-07-14,130.3300018310547,130.3300018310547
2016-07-15,130.24000549316406,130.24000549316406
2016-07-18,130.1699981689453,130.1699981689453
2016-07-19,130.47999572753906,130.47999572753906
2016-07-20,129.1699981689453,129.1699981689453
2016-07-21,129.72000122070312,129.72000122070312
2016-07-22,129.6300048828125,129.6300048828125
2016-07-25,129.1999969482422,129.1999969482422
2016-07-26,129.35000610351562,129.35000610351562
2016-07-27,130.00999450683594,130.00999450683594
2016-07-28,130.92999267578125,130.92999267578125
2016-07-29,132.14999389648438,132.14999389648438
2016-08-01,132.3300018310547,132.3300018310547
2016-08-02,133.80999755859375,133.80999755859375
2016-08-03,132.96499633789062,132.96499633789062
2016-08-04,133.61000061035156,133.61000061035156
2016-08-05,131.10000610351562,131.10000610351562
2016-08-08,130.8800048828125,130.8800048828125
2016-08-09,131.3000030517578,131.3000030517578
2016-08-10,131.8350067138672,131.8350067138672
2016-08-11,132.30999755859375,132.30999755859375
2016-08-12,132.5,132.5
2016-08-15,131.42999267578125,131.42999267578125
2016-08-16,132.19500732421875,132.19500732421875
2016-08-17,131.75999450683594,131.75999450683594
2016-08-18,132.2550048828125,132.2550048828125
2016-08-19,131.52000427246094,131.52000427246094
2016-08-22,131.10000610351562,131.10000610351562
2016-08-23,131.17999267578125,131.17999267578125
2016-08-24,130.01499938964844,130.01499938964844
2016-08-25,129.53500366210938,129.53500366210938
2016-08-26,130.30499267578125,130.30499267578125
2016-08-30,128.92999267578125,128.92999267578125
2016-08-31,128.0399932861328,128.0399932861328
2016-09-01,128.60000610351562,128.60000610351562
2016-09-02,129.24000549316406,129.24000549316406
2016-09-05,129.9499969482422,129.9499969482422
2016-09-06,131.19000244140625,131.19000244140625
2016-09-07,131.6999969482422,131.6999969482422
2016-09-08,131.51499938964844,131.51499938964844
2016-09-09,130.64999389648438,130.64999389648438
2016-09-12,129.5500030517578,129.5500030517578
2016-09-13,129.75999450683594,129.75999450683594
2016-09-14,129.6699981689453,129.6699981689453
2016-09-15,129.16000366210938,129.16000366210938
2016-09-16,128.30999755859375,128.30999755859375
2016-09-19,128.64500427246094,128.64500427246094
2016-09-20,128.86000061035156,128.86000061035156
2016-09-21,129.97999572753906,129.97999572753906
2016-09-22,131.25999450683594,131.25999450683594
2016-09-23,131.0800018310547,131.0800018310547
2016-09-26,131.30999755859375,131.30999755859375
2016-09-27,129.8249969482422,129.8249969482422
2016-09-28,129.26499938964844,129.26499938964844
2016-09-29,129.11500549316406,129.11500549316406
2016-09-30,129.34500122070312,129.34500122070312
2016-10-03,128.4499969482422,128.4499969482422
2016-10-04,125.55000305175781,125.55000305175781
2016-10-05,124.1500015258789,124.1500015258789
2016-10-06,122.80000305175781,122.80000305175781
2016-10-07,121.87000274658203,121.87000274658203
2016-10-10,123.17500305175781,123.17500305175781
2016-10-11,123.30000305175781,123.30000305175781
2016-10-12,122.62000274658203,122.62000274658203
2016-10-13,123.0999984741211,123.0999984741211
2016-10-14,122.5199966430664,122.5199966430664
2016-10-17,122.93000030517578,122.93000030517578
2016-10-18,123.47000122070312,123.47000122070312
2016-10-19,124.50499725341797,124.50499725341797
2016-10-20,123.93000030517578,123.93000030517578
2016-10-21,124.0199966430664,124.0199966430664
2016-10-24,123.58000183105469,123.58000183105469
2016-10-25,124.57499694824219,124.57499694824219
2016-10-26,124.21499633789062,124.21499633789062
2016-10-27,124.19999694824219,124.19999694824219
2016-10-28,124.11499786376953,124.11499786376953
2016-10-31,124.63500213623047,124.63500213623047
2016-11-01,126.3550033569336,126.3550033569336
2016-11-02,127.80999755859375,127.80999755859375
2016-11-03,127.23500061035156,127.23500061035156
2016-11-04,127.62000274658203,127.62000274658203
2016-11-07,125.47000122070312,125.47000122070312
2016-11-08,125.12000274658203,125.12000274658203
2016-11-09,125.8499984741211,125.8499984741211
2016-11-10,123.73500061035156,123.73500061035156
2016-11-11,120.29000091552734,120.29000091552734
2016-11-14,119.125,119.125
2016-11-15,119.82499694824219,119.82499694824219
2016-11-16,120.00499725341797,120.00499725341797
2016-11-17,120.09500122070312,120.09500122070312
2016-11-18,118.16500091552734,118.16500091552734
2016-11-21,118.68499755859375,118.68499755859375
2016-11-22,118.3550033569336,118.3550033569336
2016-11-23,116.25,116.25
2016-11-24,116.12000274658203,116.12000274658203
2016-11-25,115.75499725341797,115.75499725341797
2016-11-28,116.55500030517578,116.55500030517578
2016-11-29,116.0250015258789,116.0250015258789
2016-11-30,114.6500015258789,114.6500015258789
2016-12-01,114.52999877929688,114.52999877929688
2016-12-02,114.94000244140625,114.94000244140625
2016-12-05,114.04000091552734,114.04000091552734
2016-12-06,114.6449966430664,114.6449966430664
2016-12-07,115.12999725341797,115.12999725341797
2016-12-08,114.58000183105469,114.58000183105469
2016-12-09,113.71499633789062,113.71499633789062
2016-12-12,113.55500030517578,113.55500030517578
2016-12-13,113.375,113.375
2016-12-14,113.88999938964844,113.88999938964844
2016-12-15,110.18000030517578,110.18000030517578
2016-12-16,111.30999755859375,111.30999755859375
2016-12-19,111.66000366210938,111.66000366210938
2016-12-20,110.26499938964844,110.26499938964844
2016-12-21,110.67500305175781,110.67500305175781
2016-12-22,110.68499755859375,110.68499755859375
2016-12-23,110.70999908447266,110.70999908447266
2016-12-28,111.5,111.5
2016-12-29,113.16000366210938,113.16000366210938
2016-12-30,113.41000366210938,113.41000366210938
2017-01-03,113.48500061035156,113.48500061035156
2017-01-04,113.84500122070312,113.84500122070312
2017-01-05,115.83999633789062,115.83999633789062
2017-01-06,114.69499969482422,114.69499969482422
2017-01-09,115.67500305175781,115.67500305175781
2017-01-10,116.20999908447266,116.20999908447266
2017-01-11,116.08000183105469,116.08000183105469
2017-01-12,117.5999984741211,117.5999984741211
2017-01-13,116.71499633789062,116.71499633789062
2017-01-16,117.72000122070312,117.72000122070312
2017-01-17,118.82499694824219,118.82499694824219
2017-01-18,118.73500061035156,118.73500061035156
2017-01-19,117.53500366210938,117.53500366210938
2017-01-20,117.73999786376953,117.73999786376953
2017-01-23,119.0,119.0
2017-01-24,118.5999984741211,118.5999984741211
2017-01-25,117.20500183105469,117.20500183105469
2017-01-26,115.98999786376953,115.98999786376953
2017-01-27,116.27999877929688,116.27999877929688
2017-01-30,117.12999725341797,117.12999725341797
2017-01-31,118.62000274658203,118.62000274658203
2017-02-01,117.80999755859375,117.80999755859375
2017-02-02,119.06999969482422,119.06999969482422
2017-02-03,119.26000213623047,119.26000213623047
2017-02-06,120.16999816894531,120.16999816894531
2017-02-07,120.66999816894531,120.66999816894531
2017-02-08,121.43000030517578,121.43000030517578
2017-02-09,120.67500305175781,120.67500305175781
2017-02-10,120.66000366210938,120.66000366210938
2017-02-13,119.6050033569336,119.6050033569336
2017-02-14,119.88500213623047,119.88500213623047
2017-02-15,120.20999908447266,120.20999908447266
2017-02-16,121.375,121.375
2017-02-17,121.1500015258789,121.1500015258789
2017-02-20,121.07499694824219,121.07499694824219
2017-02-21,121.01000213623047,121.01000213623047
2017-02-22,120.63500213623047,120.63500213623047
2017-02-23,122.03500366210938,122.03500366210938
2017-02-24,122.8499984741211,122.8499984741211
2017-02-27,123.51499938964844,123.51499938964844
2017-02-28,122.92500305175781,122.92500305175781
2017-03-01,121.68000030517578,121.68000030517578
2017-03-02,121.08499908447266,121.08499908447266
2017-03-03,119.66000366210938,119.66000366210938
2017-03-06,120.11000061035156,120.11000061035156
2017-03-07,119.08000183105469,119.08000183105469
2017-03-08,118.16000366210938,118.16000366210938
2017-03-09,117.69499969482422,117.69499969482422
2017-03-10,117.25,117.25
2017-03-13,117.98999786376953,117.98999786376953
2017-03-14,117.88999938964844,117.88999938964844
2017-03-15,117.38999938964844,117.38999938964844
2017-03-16,120.2699966430664,120.2699966430664
2017-03-17,120.18499755859375,120.18499755859375
2017-03-20,120.62999725341797,120.62999725341797
2017-03-21,121.61000061035156,121.61000061035156
2017-03-22,122.20999908447266,122.20999908447266
2017-03-23,121.61000061035156,121.61000061035156
2017-03-24,122.13999938964844,122.13999938964844
2017-03-27,122.48500061035156,122.48500061035156
2017-03-28,122.91000366210938,122.91000366210938
2017-03-29,122.5199966430664,122.5199966430664
2017-03-30,122.13999938964844,122.13999938964844
2017-03-31,121.80999755859375,121.80999755859375
2017-04-03,122.5,122.5
2017-04-04,122.81999969482422,122.81999969482422
2017-04-05,122.08999633789062,122.08999633789062
2017-04-06,122.31999969482422,122.31999969482422
2017-04-07,123.72000122070312,123.72000122070312
2017-04-10,122.5,122.5
2017-04-11,124.3949966430664,124.3949966430664
2017-04-12,124.68000030517578,124.68000030517578
2017-04-13,125.56999969482422,125.56999969482422
2017-04-18,126.18000030517578,126.18000030517578
2017-04-19,125.12999725341797,125.12999725341797
2017-04-20,125.30000305175781,125.30000305175781
2017-04-21,125.5199966430664,125.5199966430664
2017-04-24,124.625,124.625
2017-04-25,123.94999694824219,123.94999694824219
2017-04-26,123.55000305175781,123.55000305175781
2017-04-27,123.66500091552734,123.66500091552734
2017-04-28,123.95999908447266,123.95999908447266
2017-05-02,122.66500091552734,122.66500091552734
2017-05-03,122.0199966430664,122.0199966430664
2017-05-04,120.12999725341797,120.12999725341797
2017-05-05,120.13999938964844,120.13999938964844
2017-05-08,120.08499908447266,120.08499908447266
2017-05-09,119.04499816894531,119.04499816894531
2017-05-10,119.31999969482422,119.31999969482422
2017-05-11,119.5999984741211,119.5999984741211
2017-05-12,120.15499877929688,120.15499877929688
2017-05-15,120.5199966430664,120.5199966430664
2017-05-16,120.94499969482422,120.94499969482422
2017-05-17,122.81500244140625,122.81500244140625
2017-05-18,122.5199966430664,122.5199966430664
2017-05-19,122.5199966430664,122.5199966430664
2017-05-22,123.16999816894531,123.16999816894531
2017-05-23,123.08499908447266,123.08499908447266
2017-05-24,122.41999816894531,122.41999816894531
2017-05-25,122.76499938964844,122.76499938964844
2017-05-26,123.88500213623047,123.88500213623047
2017-05-30,123.50499725341797,123.50499725341797
2017-05-31,123.87000274658203,123.87000274658203
2017-06-01,123.62999725341797,123.62999725341797
2017-06-02,124.94999694824219,124.94999694824219
2017-06-05,125.0999984741211,125.0999984741211
2017-06-06,126.54499816894531,126.54499816894531
2017-06-07,126.31999969482422,126.31999969482422
2017-06-08,124.58000183105469,124.58000183105469
2017-06-09,123.81999969482422,123.81999969482422
2017-06-12,123.6449966430664,123.6449966430664
2017-06-13,123.4800033569336,123.4800033569336
2017-06-14,124.70999908447266,124.70999908447266
2017-06-15,122.54000091552734,122.54000091552734
2017-06-16,122.6500015258789,122.6500015258789
2017-06-19,121.9800033569336,121.9800033569336
2017-06-20,121.48999786376953,121.48999786376953
2017-06-21,121.69000244140625,121.69000244140625
2017-06-22,122.18000030517578,122.18000030517578
2017-06-23,122.7750015258789,122.7750015258789
2017-06-26,121.66059875488281,121.66059875488281
2017-06-27,121.80000305175781,121.80000305175781
2017-06-28,122.1449966430664,122.1449966430664
2017-06-29,121.5199966430664,121.5199966430664
2017-06-30,121.45500183105469,121.45500183105469
2017-07-03,119.34500122070312,119.34500122070312
2017-07-04,119.50499725341797,119.50499725341797
2017-07-05,119.51000213623047,119.51000213623047
2017-07-06,119.58000183105469,119.58000183105469
2017-07-07,118.23500061035156,118.23500061035156
2017-07-10,118.68000030517578,118.68000030517578
2017-07-11,118.68000030517578,118.68000030517578
2017-07-12,119.31999969482422,119.31999969482422
2017-07-13,118.93499755859375,118.93499755859375
2017-07-14,120.05000305175781,120.05000305175781
2017-07-17,120.5999984741211,120.5999984741211
2017-07-18,121.33499908447266,121.33499908447266
2017-07-19,121.23999786376953,121.23999786376953
2017-07-20,121.77999877929688,121.77999877929688
2017-07-21,122.20999908447266,122.20999908447266
2017-07-24,122.7300033569336,122.7300033569336
2017-07-25,122.16500091552734,122.16500091552734
2017-07-26,121.93000030517578,121.93000030517578
2017-07-27,122.9000015258789,122.9000015258789
2017-07-28,124.05000305175781,124.05000305175781
2017-07-31,123.9000015258789,123.9000015258789
2017-08-01,124.30999755859375,124.30999755859375
2017-08-02,124.25,124.25
2017-08-03,123.93000030517578,123.93000030517578
2017-08-04,122.72000122070312,122.72000122070312
2017-08-07,122.92500305175781,122.92500305175781
2017-08-08,122.44000244140625,122.44000244140625
2017-08-09,124.45500183105469,124.45500183105469
2017-08-10,125.58000183105469,125.58000183105469
2017-08-11,125.7300033569336,125.7300033569336
2017-08-14,125.36000061035156,125.36000061035156
2017-08-15,124.2300033569336,124.2300033569336
2017-08-16,124.375,124.375
2017-08-17,125.49500274658203,125.49500274658203
2017-08-18,126.01000213623047,126.01000213623047
2017-08-21,126.0250015258789,126.0250015258789
2017-08-22,125.73500061035156,125.73500061035156
2017-08-23,125.79499816894531,125.79499816894531
2017-08-24,125.76499938964844,125.76499938964844
2017-08-25,126.16500091552734,126.16500091552734
2017-08-29,128.68499755859375,128.68499755859375
2017-08-30,127.76000213623047,127.76000213623047
2017-08-31,128.69000244140625,128.69000244140625
2017-09-01,129.24000549316406,129.24000549316406
2017-09-04,130.38999938964844,130.38999938964844
2017-09-05,130.55999755859375,130.55999755859375
2017-09-06,130.875,130.875
2017-09-07,131.5749969482422,131.5749969482422
2017-09-08,131.47500610351562,131.47500610351562
2017-09-11,130.26499938964844,130.26499938964844
2017-09-12,129.55499267578125,129.55499267578125
2017-09-13,129.0500030517578,129.0500030517578
2017-09-14,129.38999938964844,129.38999938964844
2017-09-15,129.0850067138672,129.0850067138672
2017-09-18,127.66999816894531,127.66999816894531
2017-09-19,127.73500061035156,127.73500061035156
2017-09-20,128.07000732421875,128.07000732421875
2017-09-21,126.16000366210938,126.16000366210938
2017-09-22,126.46499633789062,126.46499633789062
2017-09-25,127.27999877929688,127.27999877929688
2017-09-26,127.06999969482422,127.06999969482422
2017-09-27,125.56500244140625,125.56500244140625
2017-09-28,125.48500061035156,125.48500061035156
2017-09-29,125.41999816894531,125.41999816894531
2017-10-02,124.36000061035156,124.36000061035156
2017-10-03,124.36000061035156,124.36000061035156
2017-10-04,124.33000183105469,124.33000183105469
2017-10-05,124.37999725341797,124.37999725341797
2017-10-06,124.18000030517578,124.18000030517578
2017-10-09,125.08499908447266,125.08499908447266
2017-10-10,126.0999984741211,126.0999984741211
2017-10-11,125.7699966430664,125.7699966430664
2017-10-12,126.2249984741211,126.2249984741211
2017-10-13,126.91000366210938,126.91000366210938
2017-10-16,127.33499908447266,127.33499908447266
2017-10-17,125.34500122070312,125.34500122070312
2017-10-18,124.95999908447266,124.95999908447266
2017-10-19,125.8499984741211,125.8499984741211
2017-10-20,125.125,125.125
2017-10-23,124.34500122070312,124.34500122070312
2017-10-24,124.55000305175781,124.55000305175781
2017-10-25,124.62000274658203,124.62000274658203
2017-10-26,124.19000244140625,124.19000244140625
2017-10-27,124.03500366210938,124.03500366210938
2017-10-30,124.69499969482422,124.69499969482422
2017-10-31,123.91000366210938,123.91000366210938
2017-11-01,124.6449966430664,124.6449966430664
2017-11-02,124.55999755859375,124.55999755859375
2017-11-03,123.73500061035156,123.73500061035156
2017-11-06,124.6500015258789,124.6500015258789
2017-11-07,124.32499694824219,124.32499694824219
2017-11-08,125.58499908447266,125.58499908447266
2017-11-09,125.37999725341797,125.37999725341797
2017-11-10,124.6050033569336,124.6050033569336
2017-11-13,124.81500244140625,124.81500244140625
2017-11-14,124.93499755859375,124.93499755859375
2017-11-15,124.74500274658203,124.74500274658203
2017-11-16,124.87000274658203,124.87000274658203
2017-11-17,125.7249984741211,125.7249984741211
2017-11-20,125.41000366210938,125.41000366210938
2017-11-21,125.19999694824219,125.19999694824219
2017-11-22,126.02999877929688,126.02999877929688
2017-11-23,126.0199966430664,126.0199966430664
2017-11-24,125.66999816894531,125.66999816894531
2017-11-27,126.58999633789062,126.58999633789062
2017-11-28,126.31500244140625,126.31500244140625
2017-11-29,125.3499984741211,125.3499984741211
2017-11-30,124.72000122070312,124.72000122070312
2017-12-01,125.77999877929688,125.77999877929688
2017-12-04,124.30999755859375,124.30999755859375
2017-12-05,123.34500122070312,123.34500122070312
2017-12-06,123.27999877929688,123.27999877929688
2017-12-07,122.3499984741211,122.3499984741211
2017-12-08,121.80000305175781,121.80000305175781
2017-12-11,121.58499908447266,121.58499908447266
2017-12-12,120.76000213623047,120.76000213623047
2017-12-13,121.5199966430664,121.5199966430664
2017-12-14,122.33000183105469,122.33000183105469
2017-12-15,122.3550033569336,122.3550033569336
2017-12-18,123.28500366210938,123.28500366210938
2017-12-19,122.97000122070312,122.97000122070312
2017-12-20,123.43499755859375,123.43499755859375
2017-12-21,123.56999969482422,123.56999969482422
2017-12-22,123.80500030517578,123.80500030517578
2017-12-27,125.53500366210938,125.53500366210938
2017-12-28,126.30999755859375,126.30999755859375
2017-12-29,126.5,126.5
2018-01-02,128.05999755859375,128.05999755859375
2018-01-03,128.38999938964844,128.38999938964844
2018-01-04,128.7100067138672,128.7100067138672
2018-01-05,128.73500061035156,128.73500061035156
2018-01-08,128.51499938964844,128.51499938964844
2018-01-09,127.94999694824219,127.94999694824219
2018-01-10,128.625,128.625
2018-01-11,128.94500732421875,128.94500732421875
2018-01-12,129.8699951171875,129.8699951171875
2018-01-15,130.8249969482422,130.8249969482422
2018-01-16,130.13999938964844,130.13999938964844
2018-01-17,130.1199951171875,130.1199951171875
2018-01-18,129.90499877929688,129.90499877929688
2018-01-19,130.11500549316406,130.11500549316406
2018-01-22,130.14999389648438,130.14999389648438
2018-01-23,130.47000122070312,130.47000122070312
2018-01-24,132.02499389648438,132.02499389648438
2018-01-25,132.6699981689453,132.6699981689453
2018-01-26,132.02000427246094,132.02000427246094
2018-01-29,130.58999633789062,130.58999633789062
2018-01-30,130.75,130.75
2018-01-31,130.7899932861328,130.7899932861328
2018-02-01,130.90499877929688,130.90499877929688
2018-02-02,129.60000610351562,129.60000610351562
2018-02-05,130.25999450683594,130.25999450683594
2018-02-06,129.77000427246094,129.77000427246094
2018-02-07,128.80499267578125,128.80499267578125
2018-02-08,128.35499572753906,128.35499572753906
2018-02-09,128.23500061035156,128.23500061035156
2018-02-12,129.19000244140625,129.19000244140625
2018-02-13,129.5399932861328,129.5399932861328
2018-02-14,131.3800048828125,131.3800048828125
2018-02-15,131.875,131.875
2018-02-16,132.15499877929688,132.15499877929688
2018-02-19,131.39500427246094,131.39500427246094
2018-02-20,129.88999938964844,129.88999938964844
2018-02-21,129.5399932861328,129.5399932861328
2018-02-22,129.5800018310547,129.5800018310547
2018-02-23,129.5399932861328,129.5399932861328
2018-02-26,129.9199981689453,129.9199981689453
2018-02-27,128.52000427246094,128.52000427246094
2018-02-28,128.60000610351562,128.60000610351562
2018-03-01,127.4749984741211,127.4749984741211
2018-03-02,128.72999572753906,128.72999572753906
2018-03-05,128.8699951171875,128.8699951171875
2018-03-06,130.39999389648438,130.39999389648438
2018-03-07,129.05499267578125,129.05499267578125
2018-03-08,128.84500122070312,128.84500122070312
2018-03-09,128.90499877929688,128.90499877929688
2018-03-12,128.53500366210938,128.53500366210938
2018-03-13,129.23500061035156,129.23500061035156
2018-03-14,129.13999938964844,129.13999938964844
2018-03-15,128.44500732421875,128.44500732421875
2018-03-16,128.0749969482422,128.0749969482422
2018-03-19,128.48500061035156,128.48500061035156
2018-03-20,127.7699966430664,127.7699966430664
2018-03-21,129.05999755859375,129.05999755859375
2018-03-22,129.3699951171875,129.3699951171875
2018-03-23,131.47999572753906,131.47999572753906
2018-03-26,132.13999938964844,132.13999938964844
2018-03-27,130.89999389648438,130.89999389648438
2018-03-28,129.5800018310547,129.5800018310547
2018-03-29,128.8800048828125,128.8800048828125
2018-04-03,129.76499938964844,129.76499938964844
2018-04-04,130.19500732421875,130.19500732421875
2018-04-05,129.0850067138672,129.0850067138672
2018-04-06,129.86000061035156,129.86000061035156
2018-04-09,129.99000549316406,129.99000549316406
2018-04-10,130.31500244140625,130.31500244140625
2018-04-11,132.85000610351562,132.85000610351562
2018-04-12,130.2899932861328,130.2899932861328
2018-04-13,131.14999389648438,131.14999389648438
2018-04-16,131.42999267578125,131.42999267578125
2018-04-17,131.0050048828125,131.0050048828125
2018-04-18,131.7100067138672,131.7100067138672
2018-04-19,131.00999450683594,131.00999450683594
2018-04-20,130.51499938964844,130.51499938964844
2018-04-23,129.02999877929688,129.02999877929688
2018-04-24,129.52499389648438,129.52499389648438
2018-04-25,128.75,128.75
2018-04-26,128.375,128.375
2018-04-27,128.8300018310547,128.8300018310547
2018-04-30,128.02499389648438,128.02499389648438
2018-05-01,127.16500091552734,127.16500091552734
2018-05-02,127.33000183105469,127.33000183105469
2018-05-03,128.0800018310547,128.0800018310547
2018-05-04,127.72000122070312,127.72000122070312
2018-05-08,127.48999786376953,127.48999786376953
2018-05-09,128.05999755859375,128.05999755859375
2018-05-10,128.4949951171875,128.4949951171875
2018-05-11,128.74000549316406,128.74000549316406
2018-05-14,128.5449981689453,128.5449981689453
2018-05-15,126.19000244140625,126.19000244140625
2018-05-16,125.59500122070312,125.59500122070312
2018-05-17,125.63999938964844,125.63999938964844
2018-05-18,125.9000015258789,125.9000015258789
2018-05-21,125.62999725341797,125.62999725341797
2018-05-22,125.86000061035156,125.86000061035156
2018-05-23,126.02999877929688,126.02999877929688
2018-05-24,127.19999694824219,127.19999694824219
2018-05-25,127.03500366210938,127.03500366210938
2018-05-29,126.88500213623047,126.88500213623047
2018-05-30,126.77999877929688,126.77999877929688
2018-05-31,126.91999816894531,126.91999816894531
2018-06-01,126.4800033569336,126.4800033569336
2018-06-04,126.05000305175781,126.05000305175781
2018-06-05,126.25499725341797,126.25499725341797
2018-06-06,126.61000061035156,126.61000061035156
2018-06-07,126.49500274658203,126.49500274658203
2018-06-08,126.45500183105469,126.45500183105469
2018-06-11,126.79499816894531,126.79499816894531
2018-06-12,126.53500366210938,126.53500366210938
2018-06-13,126.48999786376953,126.48999786376953
2018-06-14,127.23999786376953,127.23999786376953
2018-06-15,124.74500274658203,124.74500274658203
2018-06-18,124.62999725341797,124.62999725341797
2018-06-19,124.21499633789062,124.21499633789062
2018-06-20,124.15499877929688,124.15499877929688
2018-06-21,123.5,123.5
2018-06-22,123.6500015258789,123.6500015258789
2018-06-25,123.44499969482422,123.44499969482422
2018-06-26,122.82499694824219,122.82499694824219
2018-06-27,122.12000274658203,122.12000274658203
2018-06-28,121.86000061035156,121.86000061035156
2018-06-29,121.90499877929688,121.90499877929688
2018-07-02,121.26000213623047,121.26000213623047
2018-07-03,122.3550033569336,122.3550033569336
2018-07-04,122.41000366210938,122.41000366210938
2018-07-05,122.6050033569336,122.6050033569336
2018-07-06,122.22000122070312,122.22000122070312
2018-07-09,122.875,122.875
2018-07-10,122.25,122.25
2018-07-11,121.41999816894531,121.41999816894531
2018-07-12,121.55500030517578,121.55500030517578
2018-07-13,121.03500366210938,121.03500366210938
2018-07-16,120.66999816894531,120.66999816894531
2018-07-17,119.67500305175781,119.67500305175781
2018-07-18,119.41999816894531,119.41999816894531
2018-07-19,118.51000213623047,118.51000213623047
2018-07-20,119.68000030517578,119.68000030517578
2018-07-23,119.26000213623047,119.26000213623047
2018-07-24,119.4000015258789,119.4000015258789
2018-07-25,119.68499755859375,119.68499755859375
2018-07-26,119.55500030517578,119.55500030517578
2018-07-27,119.27999877929688,119.27999877929688
2018-07-30,119.26499938964844,119.26499938964844
2018-07-31,119.13999938964844,119.13999938964844
2018-08-01,118.66999816894531,118.66999816894531
2018-08-02,118.23999786376953,118.23999786376953
2018-08-03,118.76000213623047,118.76000213623047
2018-08-06,117.94499969482422,117.94499969482422
2018-08-07,117.98500061035156,117.98500061035156
2018-08-08,117.80999755859375,117.80999755859375
2018-08-09,118.24500274658203,118.24500274658203
2018-08-10,118.23500061035156,118.23500061035156
2018-08-13,116.48500061035156,116.48500061035156
2018-08-14,116.58999633789062,116.58999633789062
2018-08-15,114.81999969482422,114.81999969482422
2018-08-16,114.88500213623047,114.88500213623047
2018-08-17,114.92500305175781,114.92500305175781
2018-08-20,115.53500366210938,115.53500366210938
2018-08-21,115.77999877929688,115.77999877929688
2018-08-22,116.36000061035156,116.36000061035156
2018-08-23,115.8499984741211,115.8499984741211
2018-08-24,117.51499938964844,117.51499938964844
2018-08-28,117.76000213623047,117.76000213623047
2018-08-29,117.15499877929688,117.15499877929688
2018-08-30,116.80000305175781,116.80000305175781
2018-08-31,116.97000122070312,116.97000122070312
2018-09-03,116.9749984741211,116.9749984741211
2018-09-04,116.0,116.0
2018-09-05,116.51000213623047,116.51000213623047
2018-09-06,116.80999755859375,116.80999755859375
2018-09-07,116.6500015258789,116.6500015258789
2018-09-10,116.53500366210938,116.53500366210938
2018-09-11,116.20999908447266,116.20999908447266
2018-09-12,117.12000274658203,117.12000274658203
2018-09-13,117.16999816894531,117.16999816894531
2018-09-14,116.54000091552734,116.54000091552734
2018-09-17,117.13999938964844,117.13999938964844
2018-09-18,116.7300033569336,116.7300033569336
2018-09-19,117.18000030517578,117.18000030517578
2018-09-20,117.20500183105469,117.20500183105469
2018-09-21,116.55999755859375,116.55999755859375
2018-09-24,116.91999816894531,116.91999816894531
2018-09-25,117.03500366210938,117.03500366210938
2018-09-26,116.29000091552734,116.29000091552734
2018-09-27,115.13999938964844,115.13999938964844
2018-09-28,116.09500122070312,116.09500122070312
2018-10-01,115.68499755859375,115.68499755859375
2018-10-02,117.45999908447266,117.45999908447266
2018-10-03,116.6500015258789,116.6500015258789
2018-10-04,116.98999786376953,116.98999786376953
2018-10-05,116.99500274658203,116.99500274658203
2018-10-08,115.26000213623047,115.26000213623047
2018-10-09,115.73500061035156,115.73500061035156
2018-10-10,115.69999694824219,115.69999694824219
2018-10-11,118.31999969482422,118.31999969482422
2018-10-12,118.69999694824219,118.69999694824219
2018-10-15,119.38500213623047,119.38500213623047
2018-10-16,119.62000274658203,119.62000274658203
2018-10-17,119.44999694824219,119.44999694824219
2018-10-18,119.43000030517578,119.43000030517578
2018-10-19,119.41500091552734,119.41500091552734
2018-10-22,118.81999969482422,118.81999969482422
2018-10-23,120.0,120.0
2018-10-24,119.61000061035156,119.61000061035156
2018-10-25,119.65499877929688,119.65499877929688
2018-10-26,120.76000213623047,120.76000213623047
2018-10-29,119.66500091552734,119.66500091552734
2018-10-30,119.05999755859375,119.05999755859375
2018-10-31,118.29000091552734,118.29000091552734
2018-11-01,119.95500183105469,119.95500183105469
2018-11-02,119.86499786376953,119.86499786376953
2018-11-05,119.80500030517578,119.80500030517578
2018-11-06,119.41500091552734,119.41500091552734
2018-11-07,119.49500274658203,119.49500274658203
2018-11-08,119.18499755859375,119.18499755859375
2018-11-09,117.73500061035156,117.73500061035156
2018-11-12,117.17500305175781,117.17500305175781
2018-11-13,117.12999725341797,117.12999725341797
2018-11-14,117.01000213623047,117.01000213623047
2018-11-15,118.05000305175781,118.05000305175781
2018-11-16,118.81500244140625,118.81500244140625
2018-11-19,119.04499816894531,119.04499816894531
2018-11-20,119.05999755859375,119.05999755859375
2018-11-21,119.44000244140625,119.44000244140625
2018-11-22,119.45500183105469,119.45500183105469
2018-11-23,119.04000091552734,119.04000091552734
2018-11-26,119.01499938964844,119.01499938964844
2018-11-27,118.08499908447266,118.08499908447266
2018-11-28,118.16999816894531,118.16999816894531
2018-11-29,119.19000244140625,119.19000244140625
2018-11-30,118.67500305175781,118.67500305175781
2018-12-03,120.12999725341797,120.12999725341797
2018-12-04,120.54499816894531,120.54499816894531
2018-12-05,120.375,120.375
2018-12-06,120.80000305175781,120.80000305175781
2018-12-07,121.2699966430664,121.2699966430664
2018-12-10,121.28500366210938,121.28500366210938
2018-12-11,120.9749984741211,120.9749984741211
2018-12-12,121.17500305175781,121.17500305175781
2018-12-13,120.88999938964844,120.88999938964844
2018-12-14,120.57499694824219,120.57499694824219
2018-12-17,120.94499969482422,120.94499969482422
2018-12-18,121.45500183105469,121.45500183105469
2018-12-19,122.18000030517578,122.18000030517578
2018-12-20,122.43000030517578,122.43000030517578
2018-12-21,122.49500274658203,122.49500274658203
2018-12-24,122.83999633789062,122.83999633789062
2018-12-27,123.91999816894531,123.91999816894531
2018-12-28,124.33999633789062,124.33999633789062
2018-12-31,124.8499984741211,124.8499984741211
2019-01-02,125.19999694824219,125.19999694824219
2019-01-03,125.56999969482422,125.56999969482422
2019-01-04,124.8550033569336,124.8550033569336
2019-01-07,125.31500244140625,125.31500244140625
2019-01-08,124.94499969482422,124.94499969482422
2019-01-09,125.50499725341797,125.50499725341797
2019-01-10,125.32499694824219,125.32499694824219
2019-01-11,125.45500183105469,125.45500183105469
2019-01-14,125.55000305175781,125.55000305175781
2019-01-15,125.3550033569336,125.3550033569336
2019-01-16,125.8949966430664,125.8949966430664
2019-01-17,125.62999725341797,125.62999725341797
2019-01-18,124.73999786376953,124.73999786376953
2019-01-21,124.55000305175781,124.55000305175781
2019-01-22,124.62000274658203,124.62000274658203
2019-01-23,124.94999694824219,124.94999694824219
2019-01-24,124.7699966430664,124.7699966430664
2019-01-25,126.41999816894531,126.41999816894531
2019-01-28,126.66999816894531,126.66999816894531
2019-01-29,127.40499877929688,127.40499877929688
2019-01-30,127.54000091552734,127.54000091552734
2019-01-31,128.49000549316406,128.49000549316406
2019-02-01,128.2050018310547,128.2050018310547
2019-02-04,127.81500244140625,127.81500244140625
2019-02-05,127.81999969482422,127.81999969482422
2019-02-06,127.58499908447266,127.58499908447266
2019-02-07,127.3499984741211,127.3499984741211
2019-02-08,127.80500030517578,127.80500030517578
2019-02-11,127.30999755859375,127.30999755859375
2019-02-12,127.37999725341797,127.37999725341797
2019-02-13,127.70999908447266,127.70999908447266
2019-02-14,127.49500274658203,127.49500274658203
2019-02-15,128.0,128.0
2019-02-18,129.0050048828125,129.0050048828125
2019-02-19,130.0850067138672,130.0850067138672
2019-02-20,130.8000030517578,130.8000030517578
2019-02-21,129.49000549316406,129.49000549316406
2019-02-22,129.34500122070312,129.34500122070312
2019-02-25,129.09500122070312,129.09500122070312
2019-02-26,129.01499938964844,129.01499938964844
2019-02-27,128.5050048828125,128.5050048828125
2019-02-28,127.86000061035156,127.86000061035156
2019-03-01,126.76000213623047,126.76000213623047
2019-03-04,125.12999725341797,125.12999725341797
2019-03-05,124.83999633789062,124.83999633789062
2019-03-06,125.05000305175781,125.05000305175781
2019-03-07,125.0199966430664,125.0199966430664
2019-03-08,126.33499908447266,126.33499908447266
2019-03-11,125.63500213623047,125.63500213623047
2019-03-12,126.1500015258789,126.1500015258789
2019-03-13,127.16999816894531,127.16999816894531
2019-03-14,125.97000122070312,125.97000122070312
2019-03-15,126.59500122070312,126.59500122070312
2019-03-18,126.80999755859375,126.80999755859375
2019-03-19,127.11499786376953,127.11499786376953
2019-03-20,126.45999908447266,126.45999908447266
2019-03-21,126.80000305175781,126.80000305175781
2019-03-22,127.66000366210938,127.66000366210938
2019-03-25,128.4499969482422,128.4499969482422
2019-03-26,127.78500366210938,127.78500366210938
2019-03-27,127.38500213623047,127.38500213623047
2019-03-28,125.33000183105469,125.33000183105469
2019-03-29,125.91999816894531,125.91999816894531
2019-04-01,125.5999984741211,125.5999984741211
2019-04-02,125.5250015258789,125.5250015258789
2019-04-03,125.45999908447266,125.45999908447266
2019-04-04,125.24500274658203,125.24500274658203
2019-04-05,125.59500122070312,125.59500122070312
2019-04-08,126.18000030517578,126.18000030517578
2019-04-09,126.83499908447266,126.83499908447266
2019-04-10,127.22000122070312,127.22000122070312
2019-04-11,125.875,125.875
2019-04-12,125.65499877929688,125.65499877929688
2019-04-15,125.19000244140625,125.19000244140625
2019-04-16,123.9000015258789,123.9000015258789
2019-04-17,123.86499786376953,123.86499786376953
2019-04-18,123.92500305175781,123.92500305175781
2019-04-23,123.32499694824219,123.32499694824219
2019-04-24,123.9800033569336,123.9800033569336
2019-04-25,124.3499984741211,124.3499984741211
2019-04-26,125.125,125.125
2019-04-29,124.37999725341797,124.37999725341797
2019-04-30,124.78500366210938,124.78500366210938
2019-05-01,124.68000030517578,124.68000030517578
2019-05-02,123.45999908447266,123.45999908447266
2019-05-03,124.54499816894531,124.54499816894531
2019-05-07,124.76000213623047,124.76000213623047
2019-05-08,124.61499786376953,124.61499786376953
2019-05-09,124.91999816894531,124.91999816894531
2019-05-10,125.13999938964844,125.13999938964844
2019-05-13,126.11000061035156,126.11000061035156
2019-05-14,125.91999816894531,125.91999816894531
2019-05-15,125.91500091552734,125.91500091552734
2019-05-16,124.95500183105469,124.95500183105469
2019-05-17,123.97000122070312,123.97000122070312
2019-05-20,124.1500015258789,124.1500015258789
2019-05-21,123.79000091552734,123.79000091552734
2019-05-22,123.94499969482422,123.94499969482422
2019-05-23,124.98500061035156,124.98500061035156
2019-05-24,124.79000091552734,124.79000091552734
2019-05-28,124.26499938964844,124.26499938964844
2019-05-29,124.5,124.5
2019-05-30,125.13999938964844,125.13999938964844
2019-05-31,126.37999725341797,126.37999725341797
2019-06-03,128.19500732421875,128.19500732421875
2019-06-04,128.34500122070312,128.34500122070312
2019-06-05,129.13999938964844,129.13999938964844
2019-06-06,129.88499450683594,129.88499450683594
2019-06-07,130.49000549316406,130.49000549316406
2019-06-10,129.08999633789062,129.08999633789062
2019-06-11,128.85000610351562,128.85000610351562
2019-06-12,129.6699981689453,129.6699981689453
2019-06-13,130.1300048828125,130.1300048828125
2019-06-14,131.13999938964844,131.13999938964844
2019-06-17,130.24000549316406,130.24000549316406
2019-06-18,131.08999633789062,131.08999633789062
2019-06-19,130.65499877929688,130.65499877929688
2019-06-20,134.61500549316406,134.61500549316406
2019-06-21,135.63999938964844,135.63999938964844
2019-06-24,137.7050018310547,137.7050018310547
2019-06-25,138.77000427246094,138.77000427246094
2019-06-26,137.10000610351562,137.10000610351562
2019-06-27,136.5399932861328,136.5399932861328
2019-06-28,137.0449981689453,137.0449981689453
2019-07-01,135.2100067138672,135.2100067138672
2019-07-02,136.1199951171875,136.1199951171875
2019-07-03,137.8699951171875,137.8699951171875
2019-07-04,137.5050048828125,137.5050048828125
2019-07-05,135.9600067138672,135.9600067138672
2019-07-08,135.77999877929688,135.77999877929688
2019-07-09,135.69500732421875,135.69500732421875
2019-07-10,136.82000732421875,136.82000732421875
2019-07-11,137.125,137.125
2019-07-12,136.8699951171875,136.8699951171875
2019-07-15,137.21499633789062,137.21499633789062
2019-07-16,136.92999267578125,136.92999267578125
2019-07-17,138.26499938964844,138.26499938964844
2019-07-18,138.52999877929688,138.52999877929688
2019-07-19,138.8249969482422,138.8249969482422
2019-07-22,138.60499572753906,138.60499572753906
2019-07-23,138.15499877929688,138.15499877929688
2019-07-24,138.28500366210938,138.28500366210938
2019-07-25,137.8300018310547,137.8300018310547
2019-07-26,137.77000427246094,137.77000427246094
2019-07-29,137.8800048828125,137.8800048828125
2019-07-30,138.7449951171875,138.7449951171875
2019-07-31,138.72500610351562,138.72500610351562
2019-08-01,137.6699981689453,137.6699981689453
2019-08-02,140.3000030517578,140.3000030517578
2019-08-05,141.8699951171875,141.8699951171875
2019-08-06,143.05999755859375,143.05999755859375
2019-08-07,146.38999938964844,146.38999938964844
2019-08-08,145.52000427246094,145.52000427246094
2019-08-09,146.25999450683594,146.25999450683594
2019-08-12,146.25,146.25
2019-08-13,145.97000122070312,145.97000122070312
2019-08-14,147.34500122070312,147.34500122070312
2019-08-15,147.3800048828125,147.3800048828125
2019-08-16,146.61000061035156,146.61000061035156
2019-08-19,145.73500061035156,145.73500061035156
2019-08-20,145.94000244140625,145.94000244140625
2019-08-21,146.0399932861328,146.0399932861328
2019-08-22,145.7550048828125,145.7550048828125
2019-08-23,148.19000244140625,148.19000244140625
2019-08-27,149.86000061035156,149.86000061035156
2019-08-28,149.28500366210938,149.28500366210938
2019-08-29,149.26499938964844,149.26499938964844
2019-08-30,148.47000122070312,148.47000122070312
2019-09-02,148.19500732421875,148.19500732421875
2019-09-03,150.18499755859375,150.18499755859375
2019-09-04,150.1999969482422,150.1999969482422
2019-09-05,147.72500610351562,147.72500610351562
2019-09-06,147.77499389648438,147.77499389648438
2019-09-09,145.7050018310547,145.7050018310547
2019-09-10,145.40499877929688,145.40499877929688
2019-09-11,145.2100067138672,145.2100067138672
2019-09-12,146.27499389648438,146.27499389648438
2019-09-13,145.0749969482422,145.0749969482422
2019-09-16,145.85000610351562,145.85000610351562
2019-09-17,145.98500061035156,145.98500061035156
2019-09-18,146.57000732421875,146.57000732421875
2019-09-19,145.4199981689453,145.4199981689453
2019-09-20,145.9250030517578,145.9250030517578
2019-09-23,147.97999572753906,147.97999572753906
2019-09-24,148.2899932861328,148.2899932861328
2019-09-25,147.13999938964844,147.13999938964844
2019-09-26,146.60499572753906,146.60499572753906
2019-09-27,144.77999877929688,144.77999877929688
2019-09-30,142.72500610351562,142.72500610351562
2019-10-01,143.9949951171875,143.9949951171875
2019-10-02,145.65499877929688,145.65499877929688
2019-10-03,146.625,146.625
2019-10-04,146.00999450683594,146.00999450683594
2019-10-07,145.81500244140625,145.81500244140625
2019-10-08,145.97000122070312,145.97000122070312
2019-10-09,146.35000610351562,146.35000610351562
2019-10-10,145.1699981689453,145.1699981689453
2019-10-11,143.55999755859375,143.55999755859375
2019-10-14,144.85000610351562,144.85000610351562
2019-10-15,143.82000732421875,143.82000732421875
2019-10-16,144.43499755859375,144.43499755859375
2019-10-17,145.14999389648438,145.14999389648438
2019-10-18,144.92999267578125,144.92999267578125
2019-10-21,144.10000610351562,144.10000610351562
2019-10-22,144.10000610351562,144.10000610351562
2019-10-23,145.0500030517578,145.0500030517578
2019-10-24,145.7100067138672,145.7100067138672
2019-10-25,146.42999267578125,146.42999267578125
2019-10-28,144.77000427246094,144.77000427246094
2019-10-29,144.50999450683594,144.50999450683594
2019-10-30,145.08999633789062,145.08999633789062
2019-10-31,146.75,146.75
2019-11-01,146.6199951171875,146.6199951171875
2019-11-04,146.2050018310547,146.2050018310547
2019-11-05,143.80999755859375,143.80999755859375
2019-11-06,144.52499389648438,144.52499389648438
2019-11-07,142.27000427246094,142.27000427246094
2019-11-08,142.42999267578125,142.42999267578125
2019-11-11,141.3300018310547,141.3300018310547
2019-11-12,140.99000549316406,140.99000549316406
2019-11-13,142.0500030517578,142.0500030517578
2019-11-14,142.89999389648438,142.89999389648438
2019-11-15,142.3000030517578,142.3000030517578
2019-11-18,142.89999389648438,142.89999389648438
2019-11-19,142.98500061035156,142.98500061035156
2019-11-20,142.48500061035156,142.48500061035156
2019-11-21,142.49000549316406,142.49000549316406
2019-11-22,142.1699981689453,142.1699981689453
2019-11-25,141.47999572753906,141.47999572753906
2019-11-26,141.75999450683594,141.75999450683594
2019-11-27,141.0399932861328,141.0399932861328
2019-11-28,141.32000732421875,141.32000732421875
2019-11-29,141.99000549316406,141.99000549316406
2019-12-02,142.05999755859375,142.05999755859375
2019-12-03,143.72000122070312,143.72000122070312
2019-12-04,143.0399932861328,143.0399932861328
2019-12-05,143.5500030517578,143.5500030517578
2019-12-06,141.64999389648438,141.64999389648438
2019-12-09,141.8699951171875,141.8699951171875
2019-12-10,142.0449981689453,142.0449981689453
2019-12-11,142.94000244140625,142.94000244140625
2019-12-12,142.47999572753906,142.47999572753906
2019-12-13,143.27999877929688,143.27999877929688
2019-12-16,143.08999633789062,143.08999633789062
2019-12-17,143.31500244140625,143.31500244140625
2019-12-18,143.22000122070312,143.22000122070312
2019-12-19,143.47999572753906,143.47999572753906
2019-12-20,143.34500122070312,143.34500122070312
2019-12-23,143.9250030517578,143.9250030517578
2019-12-24,144.66000366210938,144.66000366210938
2019-12-27,147.0399932861328,147.0399932861328
2019-12-30,147.0800018310547,147.0800018310547
2019-12-31,147.73500061035156,147.73500061035156
2020-01-02,148.30999755859375,148.30999755859375
2020-01-03,150.3800048828125,150.3800048828125
2020-01-06,151.76499938964844,151.76499938964844
2020-01-07,152.25999450683594,152.25999450683594
2020-01-08,152.22000122070312,152.22000122070312
2020-01-09,150.38499450683594,150.38499450683594
2020-01-10,151.31500244140625,151.31500244140625
2020-01-13,150.51499938964844,150.51499938964844
2020-01-14,149.6649932861328,149.6649932861328
2020-01-15,150.50999450683594,150.50999450683594
2020-01-16,150.47999572753906,150.47999572753906
2020-01-17,151.0850067138672,151.0850067138672
2020-01-20,151.4600067138672,151.4600067138672
2020-01-21,151.13999938964844,151.13999938964844
2020-01-22,151.07000732421875,151.07000732421875
2020-01-23,152.00999450683594,152.00999450683594
2020-01-24,152.5399932861328,152.5399932861328
2020-01-27,153.56500244140625,153.56500244140625
2020-01-28,152.27999877929688,152.27999877929688
2020-01-29,152.3350067138672,152.3350067138672
2020-01-30,153.53500366210938,153.53500366210938
2020-01-31,154.0,154.0
2020-02-03,153.10000610351562,153.10000610351562
2020-02-04,150.6699981689453,150.6699981689453
2020-02-05,151.30999755859375,151.30999755859375
2020-02-06,151.77999877929688,151.77999877929688
2020-02-07,151.9149932861328,151.9149932861328
2020-02-10,152.74000549316406,152.74000549316406
2020-02-11,151.7899932861328,151.7899932861328
2020-02-12,152.13999938964844,152.13999938964844
2020-02-13,152.84500122070312,152.84500122070312
2020-02-14,153.43499755859375,153.43499755859375
2020-02-17,153.4949951171875,153.4949951171875
2020-02-18,155.6699981689453,155.6699981689453
2020-02-19,155.72000122070312,155.72000122070312
2020-02-20,157.34500122070312,157.34500122070312
2020-02-21,159.10000610351562,159.10000610351562
2020-02-24,162.18499755859375,162.18499755859375
2020-02-25,159.9499969482422,159.9499969482422
2020-02-26,158.94000244140625,158.94000244140625
2020-02-27,160.02499389648438,160.02499389648438
2020-02-28,154.22999572753906,154.22999572753906
2020-03-02,154.77999877929688,154.77999877929688
2020-03-03,158.77000427246094,158.77000427246094
2020-03-04,159.27999877929688,159.27999877929688
2020-03-05,160.93499755859375,160.93499755859375
2020-03-06,161.86000061035156,161.86000061035156
2020-03-09,161.69500732421875,161.69500732421875
2020-03-10,160.55999755859375,160.55999755859375
2020-03-11,159.97000122070312,159.97000122070312
2020-03-12,152.73500061035156,152.73500061035156
2020-03-13,147.9499969482422,147.9499969482422
2020-03-16,146.125,146.125
2020-03-17,148.80999755859375,148.80999755859375
2020-03-18,144.4199981689453,144.4199981689453
2020-03-19,143.26499938964844,143.26499938964844
2020-03-20,143.9600067138672,143.9600067138672
2020-03-23,149.7949981689453,149.7949981689453
2020-03-24,157.97500610351562,157.97500610351562
2020-03-25,156.77000427246094,156.77000427246094
2020-03-26,157.42999267578125,157.42999267578125
2020-03-27,157.81500244140625,157.81500244140625
2020-03-30,157.10000610351562,157.10000610351562
2020-03-31,156.3300018310547,156.3300018310547
2020-04-01,153.97999572753906,153.97999572753906
2020-04-02,156.5,156.5
2020-04-03,156.7050018310547,156.7050018310547
2020-04-06,159.75999450683594,159.75999450683594
2020-04-07,160.6300048828125,160.6300048828125
2020-04-08,160.1999969482422,160.1999969482422
2020-04-09,162.8300018310547,162.8300018310547
2020-04-14,168.25999450683594,168.25999450683594
2020-04-15,166.72000122070312,166.72000122070312
2020-04-16,167.43499755859375,167.43499755859375
2020-04-17,164.25999450683594,164.25999450683594
2020-04-20,164.2899932861328,164.2899932861328
2020-04-21,163.11000061035156,163.11000061035156
2020-04-22,166.2100067138672,166.2100067138672
2020-04-23,168.27999877929688,168.27999877929688
2020-04-24,166.08999633789062,166.08999633789062
2020-04-27,166.25,166.25
2020-04-28,165.33999633789062,165.33999633789062
2020-04-29,165.22000122070312,165.22000122070312
2020-04-30,165.1300048828125,165.1300048828125
2020-05-01,164.375,164.375
2020-05-04,165.3300018310547,165.3300018310547
2020-05-05,164.84500122070312,164.84500122070312
2020-05-06,163.72500610351562,163.72500610351562
2020-05-07,165.10000610351562,165.10000610351562
2020-05-11,164.8000030517578,164.8000030517578
2020-05-12,165.8249969482422,165.8249969482422
2020-05-13,166.42999267578125,166.42999267578125
2020-05-14,168.0,168.0
2020-05-15,169.05499267578125,169.05499267578125
2020-05-18,167.6999969482422,167.6999969482422
2020-05-19,168.81500244140625,168.81500244140625
2020-05-20,169.64999389648438,169.64999389648438
2020-05-21,166.9600067138672,166.9600067138672
2020-05-22,167.9550018310547,167.9550018310547
2020-05-26,166.25999450683594,166.25999450683594
2020-05-27,165.0050048828125,165.0050048828125
2020-05-28,166.52000427246094,166.52000427246094
2020-05-29,168.24000549316406,168.24000549316406
2020-06-01,168.60499572753906,168.60499572753906
2020-06-02,168.11000061035156,168.11000061035156
2020-06-03,164.47999572753906,164.47999572753906
2020-06-04,166.0850067138672,166.0850067138672
2020-06-05,162.6750030517578,162.6750030517578
2020-06-08,164.05499267578125,164.05499267578125
2020-06-09,166.5449981689453,166.5449981689453
2020-06-10,166.42999267578125,166.42999267578125
2020-06-11,169.0749969482422,169.0749969482422
2020-06-12,167.94000244140625,167.94000244140625
2020-06-15,166.8699951171875,166.8699951171875
2020-06-16,167.5749969482422,167.5749969482422
2020-06-17,167.27999877929688,167.27999877929688
2020-06-18,167.125,167.125
2020-06-19,168.9550018310547,168.9550018310547
2020-06-22,170.52499389648438,170.52499389648438
2020-06-23,171.3000030517578,171.3000030517578
2020-06-24,171.19000244140625,171.19000244140625
2020-06-25,170.48500061035156,170.48500061035156
2020-06-26,170.96499633789062,170.96499633789062
2020-06-29,171.72999572753906,171.72999572753906
2020-06-30,172.97999572753906,172.97999572753906
2020-07-01,170.94000244140625,170.94000244140625
2020-07-02,172.3800048828125,172.3800048828125
2020-07-03,172.1199951171875,172.1199951171875
2020-07-06,173.05999755859375,173.05999755859375
2020-07-07,173.94000244140625,173.94000244140625
2020-07-08,175.47999572753906,175.47999572753906
2020-07-09,174.60000610351562,174.60000610351562
2020-07-10,174.36500549316406,174.36500549316406
2020-07-13,174.9499969482422,174.9499969482422
2020-07-14,175.4199981689453,175.4199981689453
2020-07-15,175.36000061035156,175.36000061035156
2020-07-16,175.03500366210938,175.03500366210938
2020-07-17,175.49000549316406,175.49000549316406
2020-07-20,176.02499389648438,176.02499389648438
2020-07-21,178.39500427246094,178.39500427246094
2020-07-22,180.49000549316406,180.49000549316406
2020-07-23,183.59500122070312,183.59500122070312
2020-07-24,184.10000610351562,184.10000610351562
2020-07-27,187.6199951171875,187.6199951171875
2020-07-28,189.3350067138672,189.3350067138672
2020-07-29,189.80999755859375,189.80999755859375
2020-07-30,188.66000366210938,188.66000366210938
2020-07-31,191.4199981689453,191.4199981689453
2020-08-03,191.19000244140625,191.19000244140625
2020-08-04,193.44000244140625,193.44000244140625
2020-08-05,198.4600067138672,198.4600067138672
2020-08-06,198.90499877929688,198.90499877929688
2020-08-07,196.8699951171875,196.8699951171875
2020-08-10,197.0800018310547,197.0800018310547
2020-08-11,188.42999267578125,188.42999267578125
2020-08-12,187.99000549316406,187.99000549316406
2020-08-13,188.63999938964844,188.63999938964844
2020-08-14,188.5500030517578,188.5500030517578
2020-08-17,192.3800048828125,192.3800048828125
2020-08-18,193.6199951171875,193.6199951171875
2020-08-19,190.1300048828125,190.1300048828125
2020-08-20,188.94000244140625,188.94000244140625
2020-08-21,187.89999389648438,187.89999389648438
2020-08-24,186.9550018310547,186.9550018310547
2020-08-25,185.86000061035156,185.86000061035156
2020-08-26,188.4499969482422,188.4499969482422
2020-08-27,185.93499755859375,185.93499755859375
2020-08-28,191.0399932861328,191.0399932861328
2020-09-01,191.3699951171875,191.3699951171875
2020-09-02,187.90499877929688,187.90499877929688
2020-09-03,186.6199951171875,186.6199951171875
2020-09-04,186.38999938964844,186.38999938964844
2020-09-07,187.0800018310547,187.0800018310547
2020-09-08,186.89999389648438,186.89999389648438
2020-09-09,188.5800018310547,188.5800018310547
2020-09-10,189.89500427246094,189.89500427246094
2020-09-11,188.9149932861328,188.9149932861328
2020-09-14,190.08999633789062,190.08999633789062
2020-09-15,189.1649932861328,189.1649932861328
2020-09-16,190.85000610351562,190.85000610351562
2020-09-17,188.68499755859375,188.68499755859375
2020-09-18,189.36500549316406,189.36500549316406
2020-09-21,183.4250030517578,183.4250030517578
2020-09-22,184.18499755859375,184.18499755859375
2020-09-23,180.86000061035156,180.86000061035156
2020-09-24,180.83999633789062,180.83999633789062
2020-09-25,180.5449981689453,180.5449981689453
2020-09-28,181.50999450683594,181.50999450683594
2020-09-29,183.3000030517578,183.3000030517578
2020-09-30,184.17999267578125,184.17999267578125
2020-10-01,185.07000732421875,185.07000732421875
2020-10-02,184.8800048828125,184.8800048828125
2020-10-05,185.58999633789062,185.58999633789062
2020-10-06,185.14999389648438,185.14999389648438
2020-10-07,182.84500122070312,182.84500122070312
2020-10-08,182.92999267578125,182.92999267578125
2020-10-09,186.74000549316406,186.74000549316406
2020-10-12,186.22000122070312,186.22000122070312
2020-10-13,183.55999755859375,183.55999755859375
2020-10-14,185.0800018310547,185.0800018310547
2020-10-15,184.55999755859375,184.55999755859375
2020-10-16,184.0050048828125,184.0050048828125
2020-10-19,184.72999572753906,184.72999572753906
2020-10-20,185.07000732421875,185.07000732421875
2020-10-21,186.46499633789062,186.46499633789062
2020-10-22,184.32000732421875,184.32000732421875
2020-10-23,183.97500610351562,183.97500610351562
2020-10-26,184.5850067138672,184.5850067138672
2020-10-27,184.9499969482422,184.9499969482422
2020-10-28,182.5500030517578,182.5500030517578
2020-10-29,181.10000610351562,181.10000610351562
2020-10-30,182.19000244140625,182.19000244140625
2020-11-02,183.35000610351562,183.35000610351562
2020-11-03,184.6999969482422,184.6999969482422
2020-11-04,184.2449951171875,184.2449951171875
2020-11-05,188.5500030517578,188.5500030517578
2020-11-06,189.22000122070312,189.22000122070312
2020-11-09,179.67999267578125,179.67999267578125
2020-11-10,182.4600067138672,182.4600067138672
2020-11-11,180.7050018310547,180.7050018310547
2020-11-12,182.22999572753906,182.22999572753906
2020-11-13,183.22999572753906,183.22999572753906
2020-11-16,183.30999755859375,183.30999755859375
2020-11-17,182.81500244140625,182.81500244140625
2020-11-18,182.0850067138672,182.0850067138672
2020-11-19,180.27999877929688,180.27999877929688
2020-11-20,181.5399932861328,181.5399932861328
2020-11-23,177.6999969482422,177.6999969482422
2020-11-24,174.8699951171875,174.8699951171875
2020-11-25,175.50999450683594,175.50999450683594
2020-11-26,175.3699951171875,175.3699951171875
2020-11-27,173.13999938964844,173.13999938964844
2020-11-30,172.4600067138672,172.4600067138672
2020-12-01,175.4199981689453,175.4199981689453
2020-12-02,177.0500030517578,177.0500030517578
2020-12-03,177.41000366210938,177.41000366210938
2020-12-04,177.55999755859375,177.55999755859375
2020-12-07,180.61000061035156,180.61000061035156
2020-12-08,181.16000366210938,181.16000366210938
2020-12-09,178.9600067138672,178.9600067138672
2020-12-10,177.9499969482422,177.9499969482422
2020-12-11,178.69500732421875,178.69500732421875
2020-12-14,176.91000366210938,176.91000366210938
2020-12-15,179.05999755859375,179.05999755859375
2020-12-16,179.66000366210938,179.66000366210938
2020-12-17,182.96499633789062,182.96499633789062
2020-12-18,182.4199981689453,182.4199981689453
2020-12-21,182.03500366210938,182.03500366210938
2020-12-22,180.91000366210938,180.91000366210938
2020-12-23,181.39500427246094,181.39500427246094
2020-12-24,181.56500244140625,181.56500244140625
2020-12-29,182.38499450683594,182.38499450683594
2020-12-30,182.69000244140625,182.69000244140625
2020-12-31,183.4499969482422,183.4499969482422
2021-01-04,188.02999877929688,188.02999877929688
2021-01-05,188.69000244140625,188.69000244140625
2021-01-06,184.75,184.75
2021-01-07,185.4550018310547,185.4550018310547
2021-01-08,180.0050048828125,180.0050048828125
2021-01-11,179.21499633789062,179.21499633789062
2021-01-12,178.6999969482422,178.6999969482422
2021-01-13,179.97000122070312,179.97000122070312
2021-01-14,178.91000366210938,178.91000366210938
2021-01-15,177.25999450683594,177.25999450683594
2021-01-18,178.10000610351562,178.10000610351562
2021-01-19,178.41000366210938,178.41000366210938
2021-01-20,180.67999267578125,180.67999267578125
2021-01-21,180.5500030517578,180.5500030517578
2021-01-22,179.6999969482422,179.6999969482422
2021-01-25,179.38499450683594,179.38499450683594
2021-01-26,179.52999877929688,179.52999877929688
2021-01-27,178.97999572753906,178.97999572753906
2021-01-28,179.63999938964844,179.63999938964844
2021-01-29,179.90499877929688,179.90499877929688
2021-02-01,180.3000030517578,180.3000030517578
2021-02-02,177.91000366210938,177.91000366210938
2021-02-03,177.78500366210938,177.78500366210938
2021-02-04,173.25999450683594,173.25999450683594
2021-02-05,175.33999633789062,175.33999633789062
2021-02-08,177.6999969482422,177.6999969482422
2021-02-09,178.125,178.125
2021-02-10,178.08999633789062,178.08999633789062
2021-02-11,177.92999267578125,177.92999267578125
2021-02-12,176.99000549316406,176.99000549316406
2021-02-15,176.22999572753906,176.22999572753906
2021-02-16,174.68499755859375,174.68499755859375
2021-02-17,171.72000122070312,171.72000122070312
2021-02-18,172.13999938964844,172.13999938964844
2021-02-19,172.9600067138672,172.9600067138672
2021-02-22,175.35000610351562,175.35000610351562
2021-02-23,174.7949981689453,174.7949981689453
2021-02-24,174.0,174.0
2021-02-25,172.30999755859375,172.30999755859375
2021-02-26,166.80999755859375,166.80999755859375
2021-03-01,168.05999755859375,168.05999755859375
2021-03-02,167.35499572753906,167.35499572753906
2021-03-03,166.85000610351562,166.85000610351562
2021-03-04,166.38999938964844,166.38999938964844
2021-03-05,164.23500061035156,164.23500061035156
2021-03-08,162.69000244140625,162.69000244140625
2021-03-09,166.13499450683594,166.13499450683594
2021-03-10,166.27999877929688,166.27999877929688
2021-03-11,166.9600067138672,166.9600067138672
2021-03-12,165.82000732421875,165.82000732421875
2021-03-15,167.5050048828125,167.5050048828125
2021-03-16,167.50999450683594,167.50999450683594
2021-03-17,167.3249969482422,167.3249969482422
2021-03-18,167.9550018310547,167.9550018310547
2021-03-19,168.5,168.5
2021-03-22,168.4250030517578,168.4250030517578
2021-03-23,167.22500610351562,167.22500610351562
2021-03-24,168.14999389648438,168.14999389648438
2021-03-25,167.72000122070312,167.72000122070312
2021-03-26,167.82000732421875,167.82000732421875
2021-03-29,165.7550048828125,165.7550048828125
2021-03-30,162.92999267578125,162.92999267578125
2021-03-31,164.97000122070312,164.97000122070312
2021-04-01,167.30999755859375,167.30999755859375
2021-04-06,168.97000122070312,168.97000122070312
2021-04-07,168.53500366210938,168.53500366210938
2021-04-08,169.89999389648438,169.89999389648438
2021-04-09,168.82000732421875,168.82000732421875
2021-04-12,167.9600067138672,167.9600067138672
2021-04-13,168.85000610351562,168.85000610351562
2021-04-14,168.06500244140625,168.06500244140625
2021-04-15,171.10000610351562,171.10000610351562
2021-04-16,172.16000366210938,172.16000366210938
2021-04-19,171.6699981689453,171.6699981689453
2021-04-20,171.8800048828125,171.8800048828125
2021-04-21,173.67999267578125,173.67999267578125
2021-04-22,172.47999572753906,172.47999572753906
2021-04-23,172.05999755859375,172.05999755859375
2021-04-26,172.22000122070312,172.22000122070312
2021-04-27,172.27000427246094,172.27000427246094
2021-04-28,171.8350067138672,171.8350067138672
2021-04-29,171.2100067138672,171.2100067138672
2021-04-30,171.15499877929688,171.15499877929688
2021-05-04,172.78500366210938,172.78500366210938
2021-05-05,172.5399932861328,172.5399932861328
2021-05-06,175.96499633789062,175.96499633789062
2021-05-07,177.58999633789062,177.58999633789062
2021-05-10,178.1300048828125,178.1300048828125
2021-05-11,177.33999633789062,177.33999633789062
2021-05-12,176.5449981689453,176.5449981689453
2021-05-13,176.58999633789062,176.58999633789062
2021-05-14,178.02999877929688,178.02999877929688
2021-05-17,180.63499450683594,180.63499450683594
2021-05-18,180.89500427246094,180.89500427246094
2021-05-19,182.3699951171875,182.3699951171875
2021-05-20,181.84500122070312,181.84500122070312
2021-05-21,181.5050048828125,181.5050048828125
2021-05-24,182.41000366210938,182.41000366210938
2021-05-25,183.1999969482422,183.1999969482422
2021-05-26,184.22999572753906,184.22999572753906
2021-05-27,183.1300048828125,183.1300048828125
2021-05-28,183.40499877929688,183.40499877929688
2021-06-01,183.77000427246094,183.77000427246094
2021-06-02,184.35000610351562,184.35000610351562
2021-06-03,180.9550018310547,180.9550018310547
2021-06-04,183.3699951171875,183.3699951171875
2021-06-07,183.3249969482422,183.3249969482422
2021-06-08,183.22000122070312,183.22000122070312
2021-06-09,183.0749969482422,183.0749969482422
2021-06-10,183.10499572753906,183.10499572753906
2021-06-11,181.72500610351562,181.72500610351562
2021-06-14,180.36000061035156,180.36000061035156
2021-06-15,180.125,180.125
2021-06-16,179.9600067138672,179.9600067138672
2021-06-17,171.5399932861328,171.5399932861328
2021-06-18,171.9600067138672,171.9600067138672
2021-06-21,172.6750030517578,172.6750030517578
2021-06-22,172.0449981689453,172.0449981689453
2021-06-23,172.96499633789062,172.96499633789062
2021-06-24,172.19000244140625,172.19000244140625
2021-06-25,172.36000061035156,172.36000061035156
2021-06-28,172.24000549316406,172.24000549316406
2021-06-29,170.4949951171875,170.4949951171875
2021-06-30,170.81500244140625,170.81500244140625
2021-07-01,171.42999267578125,171.42999267578125
2021-07-02,172.72999572753906,172.72999572753906
2021-07-05,173.4199981689453,173.4199981689453
2021-07-06,174.56500244140625,174.56500244140625
2021-07-07,174.41000366210938,174.41000366210938
2021-07-08,173.92999267578125,173.92999267578125
2021-07-09,175.125,175.125
2021-07-12,174.7949981689453,174.7949981689453
2021-07-13,175.5399932861328,175.5399932861328
2021-07-14,176.4550018310547,176.4550018310547
2021-07-15,176.63999938964844,176.63999938964844
2021-07-16,175.31500244140625,175.31500244140625
2021-07-19,174.72999572753906,174.72999572753906
2021-07-20,175.05499267578125,175.05499267578125
2021-07-21,174.72000122070312,174.72000122070312
2021-07-22,174.9499969482422,174.9499969482422
2021-07-23,174.32000732421875,174.32000732421875
2021-07-26,174.24000549316406,174.24000549316406
2021-07-27,174.47999572753906,174.47999572753906
2021-07-28,174.25999450683594,174.25999450683594
2021-07-29,177.01499938964844,177.01499938964844
2021-07-30,176.42999267578125,176.42999267578125
2021-08-02,175.75,175.75
2021-08-03,175.1199951171875,175.1199951171875
2021-08-04,174.99000549316406,174.99000549316406
2021-08-05,174.6699981689453,174.6699981689453
2021-08-06,170.5,170.5
2021-08-09,167.55999755859375,167.55999755859375
2021-08-10,167.18499755859375,167.18499755859375
2021-08-11,169.3699951171875,169.3699951171875
2021-08-12,169.39500427246094,169.39500427246094
2021-08-13,171.78500366210938,171.78500366210938
2021-08-16,172.7899932861328,172.7899932861328
2021-08-17,172.53500366210938,172.53500366210938
2021-08-18,172.4199981689453,172.4199981689453
2021-08-19,172.55999755859375,172.55999755859375
2021-08-20,172.63999938964844,172.63999938964844
2021-08-23,174.63999938964844,174.63999938964844
2021-08-24,174.84500122070312,174.84500122070312
2021-08-25,172.85499572753906,172.85499572753906
2021-08-26,173.6999969482422,173.6999969482422
2021-08-27,174.90499877929688,174.90499877929688
2021-08-31,175.02000427246094,175.02000427246094
2021-09-01,175.52000427246094,175.52000427246094
2021-09-02,175.38999938964844,175.38999938964844
2021-09-03,177.25999450683594,177.25999450683594
2021-09-06,176.3699951171875,176.3699951171875
2021-09-07,173.80999755859375,173.80999755859375
2021-09-08,173.375,173.375
2021-09-09,173.39999389648438,173.39999389648438
2021-09-10,173.84500122070312,173.84500122070312
2021-09-13,173.6699981689453,173.6699981689453
2021-09-14,174.7100067138672,174.7100067138672
2021-09-15,173.5399932861328,173.5399932861328
2021-09-16,169.83999633789062,169.83999633789062
2021-09-17,169.61000061035156,169.61000061035156
2021-09-20,170.58999633789062,170.58999633789062
2021-09-21,172.32000732421875,172.32000732421875
2021-09-22,172.05499267578125,172.05499267578125
2021-09-23,169.17999267578125,169.17999267578125
2021-09-24,169.47000122070312,169.47000122070312
2021-09-27,169.6199951171875,169.6199951171875
2021-09-28,168.3000030517578,168.3000030517578
2021-09-29,167.60000610351562,167.60000610351562
2021-09-30,170.39500427246094,170.39500427246094
2021-10-01,170.22000122070312,170.22000122070312
2021-10-04,170.7100067138672,170.7100067138672
2021-10-05,170.22000122070312,170.22000122070312
2021-10-06,170.13499450683594,170.13499450683594
2021-10-07,170.19000244140625,170.19000244140625
2021-10-08,170.0,170.0
2021-10-11,170.10499572753906,170.10499572753906
2021-10-12,170.3000030517578,170.3000030517578
2021-10-13,173.39500427246094,173.39500427246094
2021-10-14,173.875,173.875
2021-10-15,171.44000244140625,171.44000244140625
2021-10-18,171.14999389648438,171.14999389648438
2021-10-19,171.2899932861328,171.2899932861328
2021-10-20,172.59500122070312,172.59500122070312
2021-10-21,172.2449951171875,172.2449951171875
2021-10-22,174.22999572753906,174.22999572753906
2021-10-25,174.99000549316406,174.99000549316406
2021-10-26,172.89999389648438,172.89999389648438
2021-10-27,173.47999572753906,173.47999572753906
2021-10-28,174.47000122070312,174.47000122070312
2021-10-29,172.02999877929688,172.02999877929688
2021-11-01,173.42999267578125,173.42999267578125
2021-11-02,172.97500610351562,172.97500610351562
2021-11-03,170.55999755859375,170.55999755859375
2021-11-04,173.47000122070312,173.47000122070312
2021-11-05,175.41000366210938,175.41000366210938
2021-11-08,176.39500427246094,176.39500427246094
2021-11-09,176.69000244140625,176.69000244140625
2021-11-10,179.75999450683594,179.75999450683594
2021-11-11,180.05999755859375,180.05999755859375
2021-11-12,180.16000366210938,180.16000366210938
2021-11-15,180.375,180.375
2021-11-16,179.52000427246094,179.52000427246094
2021-11-17,180.4149932861328,180.4149932861328
2021-11-18,180.13499450683594,180.13499450683594
2021-11-19,179.72000122070312,179.72000122070312
2021-11-22,175.63999938964844,175.63999938964844
2021-11-23,172.5399932861328,172.5399932861328
2021-11-24,173.5050048828125,173.5050048828125
2021-11-25,173.14500427246094,173.14500427246094
2021-11-26,173.6199951171875,173.6199951171875
2021-11-29,172.66000366210938,172.66000366210938
2021-11-30,171.6300048828125,171.6300048828125
2021-12-01,172.7550048828125,172.7550048828125
2021-12-02,170.91000366210938,170.91000366210938
2021-12-03,171.83999633789062,171.83999633789062
2021-12-06,172.27000427246094,172.27000427246094
2021-12-07,172.75999450683594,172.75999450683594
2021-12-08,172.47999572753906,172.47999572753906
2021-12-09,171.82000732421875,171.82000732421875
2021-12-10,172.77999877929688,172.77999877929688
2021-12-13,172.98500061035156,172.98500061035156
2021-12-14,171.53500366210938,171.53500366210938
2021-12-15,170.89999389648438,170.89999389648438
2021-12-16,173.89500427246094,173.89500427246094
2021-12-17,174.47000122070312,174.47000122070312
2021-12-20,173.57000732421875,173.57000732421875
2021-12-21,172.75999450683594,172.75999450683594
2021-12-22,174.09500122070312,174.09500122070312
2021-12-23,174.72999572753906,174.72999572753906
2021-12-24,174.88999938964844,174.88999938964844
2021-12-29,174.52999877929688,174.52999877929688
2021-12-30,175.27000427246094,175.27000427246094
2021-12-31,175.97000122070312,175.97000122070312
2022-01-04,175.3300018310547,175.3300018310547
2022-01-05,176.30999755859375,176.30999755859375
2022-01-06,173.23500061035156,173.23500061035156
2022-01-07,173.24000549316406,173.24000549316406
2022-01-10,173.5850067138672,173.5850067138672
2022-01-11,175.5850067138672,175.5850067138672
2022-01-12,176.2050018310547,176.2050018310547
2022-01-13,175.72000122070312,175.72000122070312
2022-01-14,175.99000549316406,175.99000549316406
2022-01-17,175.94000244140625,175.94000244140625
2022-01-18,175.3249969482422,175.3249969482422
2022-01-19,177.9149932861328,177.9149932861328
2022-01-20,177.99000549316406,177.99000549316406
2022-01-21,177.47999572753906,177.47999572753906
2022-01-24,177.3699951171875,177.3699951171875
2022-01-25,178.64999389648438,178.64999389648438
2022-01-26,177.32000732421875,177.32000732421875
2022-01-27,173.47999572753906,173.47999572753906
2022-01-28,172.6999969482422,172.6999969482422
2022-01-31,173.67999267578125,173.67999267578125
2022-02-01,174.85000610351562,174.85000610351562
2022-02-02,174.88999938964844,174.88999938964844
2022-02-03,174.75,174.75
2022-02-04,174.63999938964844,174.63999938964844
2022-02-07,175.82000732421875,175.82000732421875
2022-02-08,176.57000732421875,176.57000732421875
2022-02-09,177.0500030517578,177.0500030517578
2022-02-10,177.9199981689453,177.9199981689453
2022-02-11,177.4199981689453,177.4199981689453
2022-02-14,179.9600067138672,179.9600067138672
2022-02-15,178.99000549316406,178.99000549316406
2022-02-16,180.4499969482422,180.4499969482422
2022-02-17,183.32000732421875,183.32000732421875
2022-02-18,183.11000061035156,183.11000061035156
2022-02-21,183.40499877929688,183.40499877929688
2022-02-22,183.89999389648438,183.89999389648438
2022-02-23,184.49000549316406,184.49000549316406
2022-02-24,185.8800048828125,185.8800048828125
2022-02-25,182.38999938964844,182.38999938964844
2022-02-28,183.94000244140625,183.94000244140625
2022-03-01,186.75999450683594,186.75999450683594
2022-03-02,185.5800018310547,185.5800018310547
2022-03-03,186.44000244140625,186.44000244140625
2022-03-04,189.47999572753906,189.47999572753906
2022-03-07,191.25999450683594,191.25999450683594
2022-03-08,199.22999572753906,199.22999572753906
2022-03-09,193.42999267578125,193.42999267578125
2022-03-10,193.0500030517578,193.0500030517578
2022-03-11,191.89999389648438,191.89999389648438
2022-03-14,189.3300018310547,189.3300018310547
2022-03-15,186.13499450683594,186.13499450683594
2022-03-16,184.61000061035156,184.61000061035156
2022-03-17,187.93499755859375,187.93499755859375
2022-03-18,186.38999938964844,186.38999938964844
2022-03-21,187.00999450683594,187.00999450683594
2022-03-22,185.86000061035156,185.86000061035156
2022-03-23,186.9550018310547,186.9550018310547
2022-03-24,189.92999267578125,189.92999267578125
2022-03-25,189.17999267578125,189.17999267578125
2022-03-28,187.24000549316406,187.24000549316406
2022-03-29,185.02999877929688,185.02999877929688
2022-03-30,187.1300048828125,187.1300048828125
2022-03-31,187.9600067138672,187.9600067138672
2022-04-01,186.3800048828125,186.3800048828125
2022-04-04,186.71499633789062,186.71499633789062
2022-04-05,186.32000732421875,186.32000732421875
2022-04-06,186.35000610351562,186.35000610351562
2022-04-07,186.72000122070312,186.72000122070312
2022-04-08,188.02000427246094,188.02000427246094
2022-04-11,188.80999755859375,188.80999755859375
2022-04-12,190.85000610351562,190.85000610351562
2022-04-13,191.2899932861328,191.2899932861328
2022-04-14,189.8800048828125,189.8800048828125
2022-04-19,189.07000732421875,189.07000732421875
2022-04-20,188.83999633789062,188.83999633789062
2022-04-21,187.88999938964844,187.88999938964844
2022-04-22,186.72000122070312,186.72000122070312
2022-04-25,183.23500061035156,183.23500061035156
2022-04-26,183.92999267578125,183.92999267578125
2022-04-27,182.3000030517578,182.3000030517578
2022-04-28,182.66000366210938,182.66000366210938
2022-04-29,184.3800048828125,184.3800048828125
2022-05-03,181.11000061035156,181.11000061035156
2022-05-04,180.52999877929688,180.52999877929688
2022-05-05,182.02999877929688,182.02999877929688
2022-05-06,182.6699981689453,182.6699981689453
2022-05-09,179.64500427246094,179.64500427246094
2022-05-10,178.32000732421875,178.32000732421875
2022-05-11,179.1999969482422,179.1999969482422
2022-05-12,177.5800018310547,177.5800018310547
2022-05-13,175.22000122070312,175.22000122070312
2022-05-16,175.1699981689453,175.1699981689453
2022-05-17,176.06500244140625,176.06500244140625
2022-05-18,175.7100067138672,175.7100067138672
2022-05-19,178.66000366210938,178.66000366210938
2022-05-20,178.35499572753906,178.35499572753906
2022-05-23,179.2050018310547,179.2050018310547
2022-05-24,180.5500030517578,180.5500030517578
2022-05-25,178.8350067138672,178.8350067138672
2022-05-26,178.55499267578125,178.55499267578125
2022-05-27,179.27000427246094,179.27000427246094
2022-05-30,179.55999755859375,179.55999755859375
2022-05-31,177.92999267578125,177.92999267578125
2022-06-01,178.0,178.0
2022-06-06,178.25,178.25
2022-06-07,178.91000366210938,178.91000366210938
2022-06-08,179.63499450683594,179.63499450683594
2022-06-09,178.17999267578125,178.17999267578125
2022-06-10,180.17999267578125,180.17999267578125
2022-06-13,176.52000427246094,176.52000427246094
2022-06-14,175.3350067138672,175.3350067138672
2022-06-15,175.94000244140625,175.94000244140625
2022-06-16,178.15499877929688,178.15499877929688
2022-06-17,178.27999877929688,178.27999877929688
2022-06-20,177.66000366210938,177.66000366210938
2022-06-21,177.8249969482422,177.8249969482422
2022-06-22,177.97500610351562,177.97500610351562
2022-06-23,177.5399932861328,177.5399932861328
2022-06-24,176.89999389648438,176.89999389648438
2022-06-27,176.1300048828125,176.1300048828125
2022-06-28,175.9550018310547,175.9550018310547
2022-06-29,175.67999267578125,175.67999267578125
2022-06-30,174.75999450683594,174.75999450683594
2022-07-01,174.55999755859375,174.55999755859375
2022-07-04,174.7050018310547,174.7050018310547
2022-07-05,170.77999877929688,170.77999877929688
2022-07-06,168.0800018310547,168.0800018310547
2022-07-07,168.27000427246094,168.27000427246094
2022-07-08,168.6699981689453,168.6699981689453
2022-07-11,168.0800018310547,168.0800018310547
2022-07-12,167.52000427246094,167.52000427246094
2022-07-13,168.10000610351562,168.10000610351562
2022-07-14,165.02000427246094,165.02000427246094
2022-07-15,164.8800048828125,164.8800048828125
2022-07-18,165.30499267578125,165.30499267578125
2022-07-19,165.72500610351562,165.72500610351562
2022-07-20,165.0,165.0
2022-07-21,165.41000366210938,165.41000366210938
2022-07-22,167.44500732421875,167.44500732421875
2022-07-25,166.07000732421875,166.07000732421875
2022-07-26,166.0800018310547,166.0800018310547
2022-07-27,166.22000122070312,166.22000122070312
2022-07-28,169.67999267578125,169.67999267578125
2022-07-29,170.4600067138672,170.4600067138672
2022-08-01,170.92999267578125,170.92999267578125
2022-08-02,172.02499389648438,172.02499389648438
2022-08-03,169.97500610351562,169.97500610351562
2022-08-04,172.74000549316406,172.74000549316406
2022-08-05,171.55999755859375,171.55999755859375
2022-08-08,172.99000549316406,172.99000549316406
2022-08-09,173.25,173.25
2022-08-10,173.9499969482422,173.9499969482422
2022-08-11,172.9499969482422,172.9499969482422
2022-08-12,173.55999755859375,173.55999755859375
2022-08-15,172.02000427246094,172.02000427246094
2022-08-16,171.53500366210938,171.53500366210938
2022-08-17,170.43499755859375,170.43499755859375
2022-08-18,170.1999969482422,170.1999969482422
2022-08-19,169.14999389648438,169.14999389648438
2022-08-22,167.75999450683594,167.75999450683594
2022-08-23,169.19000244140625,169.19000244140625
2022-08-24,169.4199981689453,169.4199981689453
2022-08-25,169.77499389648438,169.77499389648438
2022-08-26,167.77000427246094,167.77000427246094
2022-08-30,166.8300018310547,166.8300018310547
2022-08-31,166.25999450683594,166.25999450683594
2022-09-01,163.72999572753906,163.72999572753906
2022-09-02,165.64999389648438,165.64999389648438
2022-09-05,165.3300018310547,165.3300018310547
2022-09-06,164.625,164.625
2022-09-07,165.39999389648438,165.39999389648438
2022-09-08,165.0749969482422,165.0749969482422
2022-09-09,165.83999633789062,165.83999633789062
2022-09-12,167.35000610351562,167.35000610351562
2022-09-13,164.7550048828125,164.7550048828125
2022-09-14,164.5800018310547,164.5800018310547
2022-09-15,161.5,161.5
2022-09-16,162.0,162.0
2022-09-20,160.89999389648438,160.89999389648438
2022-09-21,161.125,161.125
2022-09-22,161.61000061035156,161.61000061035156
2022-09-23,159.32000732421875,159.32000732421875
2022-09-26,158.38499450683594,158.38499450683594
2022-09-27,157.8300018310547,157.8300018310547
2022-09-28,159.8000030517578,159.8000030517578
2022-09-29,160.1300048828125,160.1300048828125
2022-09-30,161.64999389648438,161.64999389648438
2022-10-03,163.25999450683594,163.25999450683594
2022-10-04,167.0399932861328,167.0399932861328
2022-10-05,165.00999450683594,165.00999450683594
2022-10-06,165.50999450683594,165.50999450683594
2022-10-07,164.3800048828125,164.3800048828125
2022-10-10,161.25999450683594,161.25999450683594
2022-10-11,162.1199951171875,162.1199951171875
2022-10-12,161.4149932861328,161.4149932861328
2022-10-13,160.34500122070312,160.34500122070312
2022-10-14,159.10000610351562,159.10000610351562
2022-10-17,160.55999755859375,160.55999755859375
2022-10-18,159.23500061035156,159.23500061035156
2022-10-19,157.74000549316406,157.74000549316406
2022-10-20,158.5850067138672,158.5850067138672
2022-10-21,158.77000427246094,158.77000427246094
2022-10-24,159.33999633789062,159.33999633789062
2022-10-25,160.16000366210938,160.16000366210938
2022-10-26,161.52499389648438,161.52499389648438
2022-10-27,160.8249969482422,160.8249969482422
2022-10-28,158.58999633789062,158.58999633789062
2022-10-31,158.25,158.25
2022-11-01,158.8699951171875,158.8699951171875
2022-11-02,159.14500427246094,159.14500427246094
2022-11-03,157.14500427246094,157.14500427246094
2022-11-04,161.64999389648438,161.64999389648438
2022-11-07,162.19000244140625,162.19000244140625
2022-11-08,165.75999450683594,165.75999450683594
2022-11-09,165.55999755859375,165.55999755859375
2022-11-10,169.05999755859375,169.05999755859375
2022-11-11,170.08999633789062,170.08999633789062
2022-11-14,171.16000366210938,171.16000366210938
2022-11-15,170.9949951171875,170.9949951171875
2022-11-16,171.66000366210938,171.66000366210938
2022-11-17,169.98500061035156,169.98500061035156
2022-11-18,169.72500610351562,169.72500610351562
2022-11-21,167.5399932861328,167.5399932861328
2022-11-22,168.11000061035156,168.11000061035156
2022-11-23,168.4250030517578,168.4250030517578
2022-11-24,169.7550048828125,169.7550048828125
2022-11-25,169.10000610351562,169.10000610351562
2022-11-28,168.47000122070312,168.47000122070312
2022-11-29,169.17999267578125,169.17999267578125
2022-11-30,169.49000549316406,169.49000549316406
2022-12-01,173.8350067138672,173.8350067138672
2022-12-02,173.02000427246094,173.02000427246094
2022-12-05,171.4600067138672,171.4600067138672
2022-12-06,171.52000427246094,171.52000427246094
2022-12-07,171.7949981689453,171.7949981689453
2022-12-08,172.69000244140625,172.69000244140625
2022-12-09,174.25,174.25
2022-12-12,172.27999877929688,172.27999877929688
2022-12-13,175.3300018310547,175.3300018310547
2022-12-14,175.0749969482422,175.0749969482422
2022-12-15,171.75999450683594,171.75999450683594
2022-12-16,172.8800048828125,172.8800048828125
2022-12-19,172.8000030517578,172.8000030517578
2022-12-20,175.32000732421875,175.32000732421875
2022-12-21,175.49000549316406,175.49000549316406
2022-12-22,173.52999877929688,173.52999877929688
2022-12-23,173.69000244140625,173.69000244140625
2022-12-28,173.99000549316406,173.99000549316406
2022-12-29,175.1699981689453,175.1699981689453
2022-12-30,175.8249969482422,175.8249969482422
2023-01-03,176.72000122070312,176.72000122070312
2023-01-04,179.55999755859375,179.55999755859375
2023-01-05,176.8800048828125,176.8800048828125
2023-01-06,179.83999633789062,179.83999633789062
2023-01-09,181.24000549316406,181.24000549316406
2023-01-10,181.1199951171875,181.1199951171875
2023-01-11,180.86000061035156,180.86000061035156
2023-01-12,182.80999755859375,182.80999755859375
2023-01-13,184.6699981689453,184.6699981689453
2023-01-16,185.0,185.0
2023-01-17,184.75,184.75
2023-01-18,184.35000610351562,184.35000610351562
2023-01-19,185.39999389648438,185.39999389648438
2023-01-20,186.0800018310547,186.0800018310547
2023-01-23,185.69000244140625,185.69000244140625
2023-01-24,186.9499969482422,186.9499969482422
2023-01-25,186.7899932861328,186.7899932861328
2023-01-26,186.00999450683594,186.00999450683594
2023-01-27,186.5800018310547,186.5800018310547
2023-01-30,185.82000732421875,185.82000732421875
2023-01-31,186.1699981689453,186.1699981689453
2023-02-01,186.36000061035156,186.36000061035156
2023-02-02,185.4600067138672,185.4600067138672
2023-02-03,180.3800048828125,180.3800048828125
2023-02-06,180.5749969482422,180.5749969482422
2023-02-07,181.3300018310547,181.3300018310547
2023-02-08,180.99000549316406,180.99000549316406
2023-02-09,181.00999450683594,181.00999450683594
2023-02-10,179.55999755859375,179.55999755859375
2023-02-13,178.99000549316406,178.99000549316406
2023-02-14,178.5500030517578,178.5500030517578
2023-02-15,176.9600067138672,176.9600067138672
2023-02-16,177.42999267578125,177.42999267578125
2023-02-17,177.3000030517578,177.3000030517578
2023-02-20,178.02000427246094,178.02000427246094
2023-02-21,177.38999938964844,177.38999938964844
2023-02-22,177.22000122070312,177.22000122070312
2023-02-23,176.00999450683594,176.00999450683594
2023-02-24,175.1699981689453,175.1699981689453
2023-02-27,175.13999938964844,175.13999938964844
2023-02-28,176.50999450683594,176.50999450683594
2023-03-01,177.50999450683594,177.50999450683594
2023-03-02,177.4600067138672,177.4600067138672
2023-03-03,178.25999450683594,178.25999450683594
2023-03-06,178.72000122070312,178.72000122070312
2023-03-07,175.6699981689453,175.6699981689453
2023-03-08,175.8000030517578,175.8000030517578
2023-03-09,176.8300018310547,176.8300018310547
2023-03-10,179.1699981689453,179.1699981689453
2023-03-13,184.11000061035156,184.11000061035156
2023-03-14,184.0399932861328,184.0399932861328
2023-03-15,186.75999450683594,186.75999450683594
2023-03-16,185.4600067138672,185.4600067138672
2023-03-17,189.2100067138672,189.2100067138672
2023-03-20,190.9199981689453,190.9199981689453
2023-03-21,187.6699981689453,187.6699981689453
2023-03-22,188.1199951171875,188.1199951171875
2023-03-23,192.6300048828125,192.6300048828125
2023-03-24,191.80999755859375,191.80999755859375
2023-03-27,188.8000030517578,188.8000030517578
2023-03-28,190.00999450683594,190.00999450683594
2023-03-29,190.05999755859375,190.05999755859375
2023-03-30,190.5399932861328,190.5399932861328
2023-03-31,191.10000610351562,191.10000610351562
2023-04-03,192.1300048828125,192.1300048828125
2023-04-04,195.0399932861328,195.0399932861328
2023-04-05,194.97000122070312,194.97000122070312
2023-04-06,194.11000061035156,194.11000061035156
2023-04-11,193.47000122070312,193.47000122070312
2023-04-12,193.97000122070312,193.97000122070312
2023-04-13,197.07000732421875,197.07000732421875
2023-04-14,192.97000122070312,192.97000122070312
2023-04-17,192.3000030517578,192.3000030517578
2023-04-18,194.4199981689453,194.4199981689453
2023-04-19,192.42999267578125,192.42999267578125
2023-04-20,193.5,193.5
2023-04-21,190.9499969482422,190.9499969482422
2023-04-24,191.61000061035156,191.61000061035156
2023-04-25,192.0500030517578,192.0500030517578
2023-04-26,192.83999633789062,192.83999633789062
2023-04-27,191.7100067138672,191.7100067138672
2023-04-28,192.17999267578125,192.17999267578125
2023-05-02,194.32000732421875,194.32000732421875
2023-05-03,195.5399932861328,195.5399932861328
2023-05-04,197.9199981689453,197.9199981689453
2023-05-05,194.42999267578125,194.42999267578125
2023-05-09,195.6300048828125,195.6300048828125
2023-05-10,195.5500030517578,195.5500030517578
2023-05-11,194.75999450683594,194.75999450683594
2023-05-12,194.24000549316406,194.24000549316406
2023-05-15,194.77999877929688,194.77999877929688
2023-05-16,193.16000366210938,193.16000366210938
2023-05-17,191.27000427246094,191.27000427246094
2023-05-18,188.77999877929688,188.77999877929688
2023-05-19,191.4199981689453,191.4199981689453
2023-05-22,190.67999267578125,190.67999267578125
2023-05-23,189.8000030517578,189.8000030517578
2023-05-24,190.17999267578125,190.17999267578125
2023-05-25,187.80999755859375,187.80999755859375
2023-05-26,187.52999877929688,187.52999877929688
2023-05-30,189.44000244140625,189.44000244140625
2023-05-31,190.4600067138672,190.4600067138672
2023-06-01,191.27999877929688,191.27999877929688
2023-06-02,189.52999877929688,189.52999877929688
2023-06-05,189.0500030517578,189.0500030517578
2023-06-06,189.38999938964844,189.38999938964844
2023-06-07,188.69000244140625,188.69000244140625
2023-06-08,189.9199981689453,189.9199981689453
2023-06-09,189.5449981689453,189.5449981689453
2023-06-12,189.10000610351562,189.10000610351562
2023-06-13,187.7100067138672,187.7100067138672
2023-06-14,189.08999633789062,189.08999633789062
2023-06-15,188.8699951171875,188.8699951171875
2023-06-16,189.24000549316406,189.24000549316406
2023-06-19,188.5500030517578,188.5500030517578
2023-06-20,186.80999755859375,186.80999755859375
2023-06-21,186.5,186.5
2023-06-22,184.77000427246094,184.77000427246094
2023-06-23,185.60000610351562,185.60000610351562
2023-06-26,186.02000427246094,186.02000427246094
2023-06-27,184.8300018310547,184.8300018310547
2023-06-28,184.5500030517578,184.5500030517578
2023-06-29,184.5,184.5
2023-06-30,185.11000061035156,185.11000061035156
2023-07-03,186.07000732421875,186.07000732421875
2023-07-04,186.13999938964844,186.13999938964844
2023-07-05,185.86000061035156,185.86000061035156
2023-07-06,184.44000244140625,184.44000244140625
2023-07-07,186.47999572753906,186.47999572753906
2023-07-10,185.72000122070312,185.72000122070312
2023-07-11,186.60000610351562,186.60000610351562
2023-07-12,188.77999877929688,188.77999877929688
2023-07-13,189.32000732421875,189.32000732421875
2023-07-14,189.1300048828125,189.1300048828125
2023-07-17,188.64999389648438,188.64999389648438
2023-07-18,191.14999389648438,191.14999389648438
2023-07-19,190.7100067138672,190.7100067138672
2023-07-20,190.11000061035156,190.11000061035156
2023-07-21,189.38999938964844,189.38999938964844
2023-07-24,189.3000030517578,189.3000030517578
2023-07-25,189.5749969482422,189.5749969482422
2023-07-26,190.4499969482422,190.4499969482422
2023-07-27,187.82000732421875,187.82000732421875
2023-07-28,189.47999572753906,189.47999572753906
2023-07-31,190.19000244140625,190.19000244140625
2023-08-01,187.77999877929688,187.77999877929688
2023-08-02,186.7899932861328,186.7899932861328
2023-08-03,187.00999450683594,187.00999450683594
2023-08-04,187.38999938964844,187.38999938964844
2023-08-07,186.66000366210938,186.66000366210938
2023-08-08,186.02999877929688,186.02999877929688
2023-08-09,185.02000427246094,185.02000427246094
2023-08-10,185.25,185.25
2023-08-11,184.9600067138672,184.9600067138672
2023-08-14,184.3800048828125,184.3800048828125
2023-08-15,184.07000732421875,184.07000732421875
2023-08-16,183.72000122070312,183.72000122070312
2023-08-17,182.77999877929688,182.77999877929688
2023-08-18,182.64999389648438,182.64999389648438
2023-08-21,182.41000366210938,182.41000366210938
2023-08-22,183.22000122070312,183.22000122070312
2023-08-23,185.02499389648438,185.02499389648438
2023-08-24,185.39999389648438,185.39999389648438
2023-08-25,184.25,184.25
2023-08-29,186.89999389648438,186.89999389648438
2023-08-30,187.7899932861328,187.7899932861328
2023-08-31,187.33999633789062,187.33999633789062
2023-09-01,186.9199981689453,186.9199981689453
2023-09-04,187.1699981689453,187.1699981689453
2023-09-05,186.02999877929688,186.02999877929688
2023-09-06,184.97000122070312,184.97000122070312
2023-09-07,185.3300018310547,185.3300018310547
2023-09-08,185.4600067138672,185.4600067138672
2023-09-11,185.6699981689453,185.6699981689453
2023-09-12,184.6300048828125,184.6300048828125
2023-09-13,184.47999572753906,184.47999572753906
2023-09-14,184.3000030517578,184.3000030517578
2023-09-15,186.02499389648438,186.02499389648438
2023-09-18,186.0,186.0
2023-09-19,186.60000610351562,186.60000610351562
2023-09-20,187.69000244140625,187.69000244140625
2023-09-21,185.1199951171875,185.1199951171875
2023-09-22,186.11000061035156,186.11000061035156
2023-09-25,185.1699981689453,185.1699981689453
2023-09-26,183.7899932861328,183.7899932861328
2023-09-27,181.52999877929688,181.52999877929688
2023-09-28,179.63999938964844,179.63999938964844
2023-09-29,179.00999450683594,179.00999450683594
2023-10-02,177.07000732421875,177.07000732421875
2023-10-03,175.9199981689453,175.9199981689453
2023-10-04,175.9499969482422,175.9499969482422
2023-10-05,175.2949981689453,175.2949981689453
2023-10-06,176.8699951171875,176.8699951171875
2023-10-09,178.8699951171875,178.8699951171875
2023-10-10,179.52999877929688,179.52999877929688
2023-10-11,180.67999267578125,180.67999267578125
2023-10-12,180.74000549316406,180.74000549316406
2023-10-13,185.42999267578125,185.42999267578125
2023-10-16,185.4499969482422,185.4499969482422
2023-10-17,185.91000366210938,185.91000366210938
2023-10-18,187.6999969482422,187.6999969482422
2023-10-19,188.47999572753906,188.47999572753906
2023-10-20,192.38999938964844,192.38999938964844
2023-10-23,190.89999389648438,190.89999389648438
2023-10-24,189.60000610351562,189.60000610351562
2023-10-25,190.89999389648438,190.89999389648438
2023-10-26,190.89999389648438,190.89999389648438
2023-10-27,191.13999938964844,191.13999938964844
2023-10-30,192.94000244140625,192.94000244140625
2023-10-31,192.1699981689453,192.1699981689453
2023-11-01,190.77000427246094,190.77000427246094
2023-11-02,191.27999877929688,191.27999877929688
2023-11-03,192.10000610351562,192.10000610351562
2023-11-06,191.27999877929688,191.27999877929688
2023-11-07,189.72000122070312,189.72000122070312
2023-11-08,188.89999389648438,188.89999389648438
2023-11-09,189.36000061035156,189.36000061035156
2023-11-10,187.10000610351562,187.10000610351562
2023-11-13,187.51499938964844,187.51499938964844
2023-11-14,189.52999877929688,189.52999877929688
2023-11-15,189.1999969482422,189.1999969482422
2023-11-16,191.5500030517578,191.5500030517578
2023-11-17,191.27000427246094,191.27000427246094
2023-11-20,190.44000244140625,190.44000244140625
2023-11-21,192.92999267578125,192.92999267578125
2023-11-22,192.41000366210938,192.41000366210938
2023-11-23,192.39500427246094,192.39500427246094
2023-11-24,193.02499389648438,193.02499389648438
2023-11-27,193.74000549316406,193.74000549316406
2023-11-28,196.52000427246094,196.52000427246094
2023-11-29,196.9600067138672,196.9600067138672
2023-11-30,196.6999969482422,196.6999969482422
2023-12-01,198.52999877929688,198.52999877929688
2023-12-04,195.47000122070312,195.47000122070312
2023-12-05,194.0800018310547,194.0800018310547
2023-12-06,195.3300018310547,195.3300018310547
2023-12-07,195.75,195.75
2023-12-08,193.5500030517578,193.5500030517578
2023-12-11,191.33999633789062,191.33999633789062
2023-12-12,191.0500030517578,191.0500030517578
2023-12-13,191.27000427246094,191.27000427246094
2023-12-14,196.75999450683594,196.75999450683594
2023-12-15,196.42999267578125,196.42999267578125
2023-12-18,195.2899932861328,195.2899932861328
2023-12-19,197.4600067138672,197.4600067138672
2023-12-20,196.3699951171875,196.3699951171875
2023-12-21,197.0500030517578,197.0500030517578
2023-12-22,199.1699981689453,199.1699981689453
2023-12-27,200.72999572753906,200.72999572753906
2023-12-28,200.24000549316406,200.24000549316406
2023-12-29,199.32000732421875,199.32000732421875
2024-01-02,199.27999877929688,199.27999877929688
2024-01-03,196.52000427246094,196.52000427246094
2024-01-04,197.36000061035156,197.36000061035156
2024-01-05,198.02999877929688,198.02999877929688
2024-01-08,196.2100067138672,196.2100067138672
2024-01-09,195.8699951171875,195.8699951171875
2024-01-10,195.3699951171875,195.3699951171875
2024-01-11,194.6300048828125,194.6300048828125
2024-01-12,198.1699981689453,198.1699981689453
2024-01-15,198.2100067138672,198.2100067138672
2024-01-16,196.50999450683594,196.50999450683594
2024-01-17,194.00999450683594,194.00999450683594
2024-01-18,194.5,194.5
2024-01-19,195.38999938964844,195.38999938964844
2024-01-22,195.22000122070312,195.22000122070312
2024-01-23,195.32000732421875,195.32000732421875
2024-01-24,194.4199981689453,194.4199981689453
2024-01-25,194.57000732421875,194.57000732421875
2024-01-26,194.77000427246094,194.77000427246094
2024-01-29,195.6699981689453,195.6699981689453
2024-01-30,196.07000732421875,196.07000732421875
2024-01-31,197.8000030517578,197.8000030517578
2024-02-01,198.80999755859375,198.80999755859375
2024-02-02,196.24000549316406,196.24000549316406
2024-02-05,194.9550018310547,194.9550018310547
2024-02-06,196.50999450683594,196.50999450683594
2024-02-07,196.75,196.75
2024-02-08,195.75,195.75
2024-02-09,195.11500549316406,195.11500549316406
2024-02-12,194.4199981689453,194.4199981689453
2024-02-13,192.61000061035156,192.61000061035156
2024-02-14,192.25999450683594,192.25999450683594
2024-02-15,192.89999389648438,192.89999389648438
2024-02-16,193.91000366210938,193.91000366210938
2024-02-19,194.55999755859375,194.55999755859375
2024-02-20,195.69000244140625,195.69000244140625
2024-02-21,195.3000030517578,195.3000030517578
2024-02-22,195.08999633789062,195.08999633789062
2024-02-23,196.5399932861328,196.5399932861328
2024-02-26,195.58999633789062,195.58999633789062
2024-02-27,196.2100067138672,196.2100067138672
2024-02-28,196.19500732421875,196.19500732421875
2024-02-29,197.3300018310547,197.3300018310547
2024-03-01,200.24000549316406,200.24000549316406
2024-03-04,204.1999969482422,204.1999969482422
2024-03-05,205.22999572753906,205.22999572753906
2024-03-06,206.75999450683594,206.75999450683594
2024-03-07,208.0500030517578,208.0500030517578
2024-03-08,210.0,210.0
2024-03-11,210.4499969482422,210.4499969482422
2024-03-12,208.8000030517578,208.8000030517578
2024-03-13,209.50999450683594,209.50999450683594
2024-03-14,208.33999633789062,208.33999633789062
2024-03-15,208.63999938964844,208.63999938964844
2024-03-18,208.22999572753906,208.22999572753906
2024-03-19,207.8300018310547,207.8300018310547
2024-03-20,208.24000549316406,208.24000549316406
2024-03-21,210.0399932861328,210.0399932861328
2024-03-22,208.89999389648438,208.89999389648438
2024-03-25,210.0,210.0
2024-03-26,210.02999877929688,210.02999877929688
2024-03-27,211.55999755859375,211.55999755859375
2024-03-28,214.19000244140625,214.19000244140625
2024-04-02,217.27999877929688,217.27999877929688
2024-04-03,220.58999633789062,220.58999633789062
2024-04-04,221.16000366210938,221.16000366210938
2024-04-05,224.1999969482422,224.1999969482422
2024-04-08,224.85000610351562,224.85000610351562
2024-04-09,226.24000549316406,226.24000549316406
2024-04-10,225.5050048828125,225.5050048828125
2024-04-11,225.69000244140625,225.69000244140625
2024-04-12,230.9499969482422,230.9499969482422
2024-04-15,226.58999633789062,226.58999633789062
2024-04-16,229.91000366210938,229.91000366210938
2024-04-17,230.0,230.0
2024-04-18,229.9499969482422,229.9499969482422
2024-04-19,230.50999450683594,230.50999450683594
2024-04-22,225.5,225.5
2024-04-23,223.8699951171875,223.8699951171875
2024-04-24,224.6300048828125,224.6300048828125
2024-04-25,225.0500030517578,225.0500030517578
2024-04-26,224.9499969482422,224.9499969482422
2024-04-29,225.4499969482422,225.4499969482422
2024-04-30,221.5500030517578,221.5500030517578
2024-05-01,222.77999877929688,222.77999877929688
2024-05-02,222.02000427246094,222.02000427246094
2024-05-03,221.32000732421875,221.32000732421875
2024-05-07,223.27000427246094,223.27000427246094
2024-05-08,223.58999633789062,223.58999633789062
2024-05-09,225.1199951171875,225.1199951171875
2024-05-10,228.05999755859375,228.05999755859375
2024-05-13,225.05999755859375,225.05999755859375
2024-05-14,226.99000549316406,226.99000549316406
2024-05-15,229.8000030517578,229.8000030517578
2024-05-16,229.80999755859375,229.80999755859375
2024-05-17,232.30999755859375,232.30999755859375
2024-05-20,233.83999633789062,233.83999633789062
2024-05-21,234.32000732421875,234.32000732421875
2024-05-22,230.3699951171875,230.3699951171875
2024-05-23,226.0800018310547,226.0800018310547
2024-05-24,225.0,225.0
2024-05-28,227.42999267578125,227.42999267578125
2024-05-29,225.50999450683594,225.50999450683594
2024-05-30,226.14999389648438,226.14999389648438
2024-05-31,224.5500030517578,224.5500030517578
2024-06-03,225.93499755859375,225.93499755859375
2024-06-04,224.25999450683594,224.25999450683594
2024-06-05,226.97999572753906,226.97999572753906
2024-06-06,229.11500549316406,229.11500549316406
2024-06-07,222.60000610351562,222.60000610351562
2024-06-10,222.2550048828125,222.2550048828125
2024-06-11,222.94000244140625,222.94000244140625
2024-06-12,224.74000549316406,224.74000549316406
2024-06-13,222.6300048828125,222.6300048828125
2024-06-14,224.49000549316406,224.49000549316406
2024-06-17,222.9499969482422,222.9499969482422
2024-06-18,224.27000427246094,224.27000427246094
2024-06-19,224.49000549316406,224.49000549316406
2024-06-20,226.83999633789062,226.83999633789062
2024-06-21,224.52999877929688,224.52999877929688
2024-06-24,224.6199951171875,224.6199951171875
2024-06-25,223.61000061035156,223.61000061035156
2024-06-26,221.77000427246094,221.77000427246094
2024-06-27,224.41000366210938,224.41000366210938
2024-06-28,224.57000732421875,224.57000732421875
2024-07-01,224.52999877929688,224.52999877929688
2024-07-02,224.30999755859375,224.30999755859375
2024-07-03,227.80999755859375,227.80999755859375
2024-07-04,227.58999633789062,227.58999633789062
2024-07-05,230.1699981689453,230.1699981689453
2024-07-08,228.3000030517578,228.3000030517578
2024-07-09,226.94000244140625,226.94000244140625
2024-07-10,229.52000427246094,229.52000427246094
2024-07-11,233.6999969482422,233.6999969482422
2024-07-12,232.44000244140625,232.44000244140625
2024-07-15,234.8000030517578,234.8000030517578
2024-07-16,237.41000366210938,237.41000366210938
2024-07-17,237.67999267578125,237.67999267578125
2024-07-18,237.64999389648438,237.64999389648438
2024-07-19,231.92999267578125,231.92999267578125
2024-07-22,230.02000427246094,230.02000427246094
2024-07-23,231.9199981689453,231.9199981689453
2024-07-24,234.17999267578125,234.17999267578125
2024-07-25,228.0,228.0
2024-07-26,229.92999267578125,229.92999267578125
2024-07-29,229.02999877929688,229.02999877929688
2024-07-30,230.25,230.25
2024-07-31,233.69000244140625,233.69000244140625
2024-08-01,236.16000366210938,236.16000366210938
2024-08-02,233.89999389648438,233.89999389648438
2024-08-05,231.9199981689453,231.9199981689453
2024-08-06,229.9600067138672,229.9600067138672
2024-08-07,231.22000122070312,231.22000122070312
2024-08-08,233.13999938964844,233.13999938964844
2024-08-09,234.25999450683594,234.25999450683594
2024-08-12,237.2100067138672,237.2100067138672
2024-08-13,237.9600067138672,237.9600067138672
2024-08-14,235.8000030517578,235.8000030517578
2024-08-15,236.8300018310547,236.8300018310547
2024-08-16,239.7100067138672,239.7100067138672
2024-08-19,241.3699951171875,241.3699951171875
2024-08-20,242.22999572753906,242.22999572753906
2024-08-21,241.9499969482422,241.9499969482422
2024-08-22,238.8300018310547,238.8300018310547
2024-08-23,242.69000244140625,242.69000244140625
2024-08-27,242.52000427246094,242.52000427246094
2024-08-28,241.75,241.75
2024-08-29,242.97999572753906,242.97999572753906
2024-08-30,241.50999450683594,241.50999450683594
2024-09-02,241.2100067138672,241.2100067138672
2024-09-03,239.4600067138672,239.4600067138672
2024-09-04,240.55999755859375,240.55999755859375
2024-09-05,241.8800048828125,241.8800048828125
2024-09-06,242.36000061035156,242.36000061035156
2024-09-09,240.8000030517578,240.8000030517578
2024-09-10,242.5,242.5
2024-09-11,242.3699951171875,242.3699951171875
2024-09-12,246.1999969482422,246.1999969482422
2024-09-13,248.69000244140625,248.69000244140625
2024-09-16,248.89999389648438,248.89999389648438
2024-09-17,247.3300018310547,247.3300018310547
2024-09-18,248.08999633789062,248.08999633789062
2024-09-19,249.07000732421875,249.07000732421875
2024-09-20,252.27999877929688,252.27999877929688
2024-09-23,253.69000244140625,253.69000244140625
2024-09-24,254.83999633789062,254.83999633789062
2024-09-25,256.1300048828125,256.1300048828125
2024-09-26,257.6199951171875,257.6199951171875
2024-09-27,255.72999572753906,255.72999572753906
2024-09-30,253.8699951171875,253.8699951171875
2024-10-01,256.9100036621094,256.9100036621094
2024-10-02,255.39999389648438,255.39999389648438
2024-10-03,255.80999755859375,255.80999755859375
2024-10-04,256.1600036621094,256.1600036621094
2024-10-07,255.35000610351562,255.35000610351562
2024-10-08,251.1699981689453,251.1699981689453
2024-10-09,252.05999755859375,252.05999755859375
2024-10-10,252.8000030517578,252.8000030517578
2024-10-11,256.3399963378906,256.3399963378906
2024-10-14,255.3000030517578,255.3000030517578
2024-10-15,256.82000732421875,256.82000732421875
2024-10-16,257.7900085449219,257.7900085449219
2024-10-17,259.6400146484375,259.6400146484375
2024-10-18,261.9100036621094,261.9100036621094
2024-10-21,262.5400085449219,262.5400085449219
2024-10-22,264.20001220703125,264.20001220703125
2024-10-23,261.92999267578125,261.92999267578125
2024-10-24,263.30999755859375,263.30999755859375
2024-10-25,264.0299987792969,264.0299987792969
2024-10-28,264.54998779296875,264.54998779296875
2024-10-29,266.5899963378906,266.5899963378906
2024-10-30,268.55999755859375,268.55999755859375
2024-10-31,264.29998779296875,264.29998779296875
2024-11-01,264.54998779296875,264.54998779296875
2024-11-04,263.8299865722656,263.8299865722656
2024-11-05,264.010009765625,264.010009765625
2024-11-06,257.45001220703125,257.45001220703125
2024-11-07,259.7900085449219,259.7900085449219
2024-11-08,258.9700012207031,258.9700012207031
2024-11-11,252.3300018310547,252.3300018310547
2024-11-12,250.67999267578125,250.67999267578125
2024-11-13,249.4600067138672,249.4600067138672
2024-11-14,248.38999938964844,248.38999938964844
2024-11-15,247.17999267578125,247.17999267578125
2024-11-18,251.69000244140625,251.69000244140625
2024-11-19,252.86000061035156,252.86000061035156
2024-11-20,255.39999389648438,255.39999389648438
2024-11-21,257.0400085449219,257.0400085449219
2024-11-22,260.54998779296875,260.54998779296875
2024-11-25,254.11000061035156,254.11000061035156
2024-11-26,253.27000427246094,253.27000427246094
2024-11-27,254.58999633789062,254.58999633789062
2024-11-28,254.63999938964844,254.63999938964844
2024-11-29,256.5400085449219,256.5400085449219
2024-12-02,254.4600067138672,254.4600067138672
2024-12-03,254.75999450683594,254.75999450683594
2024-12-04,255.75,255.75
2024-12-05,254.2550048828125,254.2550048828125
2024-12-06,254.57000732421875,254.57000732421875
2024-12-09,257.0299987792969,257.0299987792969
2024-12-10,259.1000061035156,259.1000061035156
2024-12-11,261.3399963378906,261.3399963378906
2024-12-12,258.4599914550781,258.4599914550781
2024-12-13,256.45001220703125,256.45001220703125
2024-12-16,255.44000244140625,255.44000244140625
2024-12-17,254.3000030517578,254.3000030517578
2024-12-18,254.24000549316406,254.24000549316406
2024-12-19,249.86000061035156,249.86000061035156
2024-12-20,252.77000427246094,252.77000427246094
2024-12-23,251.92999267578125,251.92999267578125
2024-12-24,251.7100067138672,251.7100067138672
2024-12-27,252.42999267578125,252.42999267578125
2024-12-30,250.4499969482422,250.4499969482422
2024-12-31,251.60000610351562,251.60000610351562
2025-01-02,255.97000122070312,255.97000122070312
2025-01-03,254.63999938964844,254.63999938964844
2025-01-06,254.33999633789062,254.33999633789062
2025-01-07,255.5500030517578,255.5500030517578
2025-01-08,256.8800048828125,256.8800048828125
2025-01-09,257.2200012207031,257.2200012207031
2025-01-10,259.3900146484375,259.3900146484375
2025-01-13,257.0799865722656,257.0799865722656
2025-01-14,257.4849853515625,257.4849853515625
2025-01-15,258.5799865722656,258.5799865722656
2025-01-16,262.2200012207031,262.2200012207031
2025-01-17,261.7099914550781,261.7099914550781
2025-01-20,260.6499938964844,260.6499938964844
2025-01-21,264.1099853515625,264.1099853515625
2025-01-22,265.92999267578125,265.92999267578125
2025-01-23,265.3299865722656,265.3299865722656
2025-01-24,267.6300048828125,267.6300048828125
2025-01-27,264.0799865722656,264.0799865722656
2025-01-28,265.6600036621094,265.6600036621094
2025-01-29,265.3299865722656,265.3299865722656
2025-01-30,269.0249938964844,269.0249938964844
2025-01-31,270.5799865722656,270.5799865722656
2025-02-03,271.95001220703125,271.95001220703125
2025-02-04,273.8599853515625,273.8599853515625
2025-02-05,276.6700134277344,276.6700134277344
2025-02-06,274.739990234375,274.739990234375
2025-02-07,276.239990234375,276.239990234375
2025-02-10,279.95001220703125,279.95001220703125
2025-02-11,280.0400085449219,280.0400085449219
2025-02-12,278.9200134277344,278.9200134277344
2025-02-13,281.1700134277344,281.1700134277344
2025-02-14,278.8900146484375,278.8900146484375
2025-02-17,279.19000244140625,279.19000244140625
2025-02-18,282.2900085449219,282.2900085449219
2025-02-19,281.80999755859375,281.80999755859375
2025-02-20,283.760009765625,283.760009765625
2025-02-21,283.0799865722656,283.0799865722656
2025-02-24,283.4800109863281,283.4800109863281
2025-02-25,279.1400146484375,279.1400146484375
2025-02-26,280.6000061035156,280.6000061035156
2025-02-27,276.8699951171875,276.8699951171875
2025-02-28,274.45001220703125,274.45001220703125
2025-03-03,278.45001220703125,278.45001220703125
2025-03-04,280.2099914550781,280.2099914550781
2025-03-05,281.94000244140625,281.94000244140625
2025-03-06,280.9800109863281,280.9800109863281
2025-03-07,280.9599914550781,280.9599914550781
2025-03-10,279.7099914550781,279.7099914550781
2025-03-11,280.9800109863281,280.9800109863281
2025-03-12,283.0199890136719,283.0199890136719
2025-03-13,287.2699890136719,287.2699890136719
2025-03-14,287.82000732421875,287.82000732421875
2025-03-17,288.75,288.75
2025-03-18,292.44000244140625,292.44000244140625
2025-03-19,292.44000244140625,292.44000244140625
2025-03-20,292.4800109863281,292.4800109863281
2025-03-21,290.4700012207031,290.4700012207031
2025-03-24,289.9800109863281,289.9800109863281
2025-03-25,291.3999938964844,291.3999938964844
2025-03-26,290.92999267578125,290.92999267578125
2025-03-27,294.1400146484375,294.1400146484375
2025-03-28,297.04998779296875,297.04998779296875
2025-03-31,300.57000732421875,300.57000732421875
2025-04-01,301.30999755859375,301.30999755859375
2025-04-02,301.2799987792969,301.2799987792969
2025-04-03,299.5400085449219,299.5400085449219
2025-04-04,291.5199890136719,291.5199890136719
2025-04-07,287.05999755859375,287.05999755859375
2025-04-08,289.8299865722656,289.8299865722656
2025-04-09,297.4700012207031,297.4700012207031
2025-04-10,305.1400146484375,305.1400146484375
2025-04-11,312.1600036621094,312.1600036621094
2025-04-14,309.0199890136719,309.0199890136719
2025-04-15,310.4700012207031,310.4700012207031
2025-04-16,319.3500061035156,319.3500061035156
2025-04-17,317.57000732421875,317.57000732421875
2025-04-22,329.3999938964844,329.3999938964844
2025-04-23,315.30999755859375,315.30999755859375
2025-04-24,320.7699890136719,320.7699890136719
2025-04-25,315.5400085449219,315.5400085449219
2025-04-28,320.54998779296875,320.54998779296875
2025-04-29,319.1000061035156,319.1000061035156
2025-04-30,318.4599914550781,318.4599914550781
2025-05-01,309.7049865722656,309.7049865722656
2025-05-02,312.2200012207031,312.2200012207031
2025-05-06,327.4800109863281,327.4800109863281
2025-05-07,326.1600036621094,326.1600036621094
2025-05-08,322.0799865722656,322.0799865722656
2025-05-09,321.82000732421875,321.82000732421875
2025-05-12,311.7900085449219,311.7900085449219
2025-05-13,313.0199890136719,313.0199890136719
2025-05-14,306.80999755859375,306.80999755859375
2025-05-15,309.6300048828125,309.6300048828125
2025-05-16,306.510009765625,306.510009765625
2025-05-19,311.4800109863281,311.4800109863281
2025-05-20,315.79998779296875,315.79998779296875
2025-05-21,318.92999267578125,318.92999267578125
2025-05-22,317.3500061035156,317.3500061035156
2025-05-23,323.54998779296875,323.54998779296875
2025-05-27,317.29998779296875,317.29998779296875
2025-05-28,317.42999267578125,317.42999267578125
2025-05-29,319.3800048828125,319.3800048828125
2025-05-30,316.95001220703125,316.95001220703125
2025-06-02,324.8599853515625,324.8599853515625
2025-06-03,322.739990234375,322.739990234375
2025-06-04,324.8999938964844,324.8999938964844
2025-06-05,323.25,323.25
2025-06-06,320.95001220703125,320.95001220703125
2025-06-09,320.8399963378906,320.8399963378906
2025-06-10,320.5299987792969,320.5299987792969
2025-06-11,321.70001220703125,321.70001220703125
2025-06-12,326.5400085449219,326.5400085449219
2025-06-13,329.7900085449219,329.7900085449219
2025-06-16,328.0199890136719,328.0199890136719
2025-06-17,325.8399963378906,325.8399963378906
2025-06-18,326.4599914550781,326.4599914550781
2025-06-19,324.3599853515625,324.3599853515625
2025-06-20,324.3599853515625,324.3599853515625
2025-06-23,326.4100036621094,326.4100036621094
2025-06-24,319.260009765625,319.260009765625
2025-06-25,320.17999267578125,320.17999267578125
2025-06-26,320.0,320.0
2025-06-27,315.1600036621094,315.1600036621094
2025-06-30,316.7799987792969,316.7799987792969
2025-07-01,321.8800048828125,321.8800048828125
2025-07-02,321.94000244140625,321.94000244140625
2025-07-03,320.6700134277344,320.6700134277344
2025-07-04,320.9599914550781,320.9599914550781
2025-07-07,319.82000732421875,319.82000732421875
2025-07-08,317.4700012207031,317.4700012207031
2025-07-09,318.7200012207031,318.7200012207031
2025-07-10,319.7300109863281,319.7300109863281
2025-07-11,324.05999755859375,324.05999755859375
2025-07-14,322.6099853515625,322.6099853515625
2025-07-15,320.3699951171875,320.3699951171875
2025-07-16,324.92999267578125,324.92999267578125
2025-07-17,321.4599914550781,321.4599914550781
2025-07-18,322.9700012207031,322.9700012207031
2025-07-21,327.5400085449219,327.5400085449219
2025-07-22,329.92999267578125,329.92999267578125
2025-07-23,328.7099914550781,328.7099914550781
2025-07-24,324.94000244140625,324.94000244140625
2025-07-25,320.739990234375,320.739990234375
2025-07-28,319.45001220703125,319.45001220703125
2025-07-29,320.29998779296875,320.29998779296875
2025-07-30,317.05999755859375,317.05999755859375
2025-07-31,317.6300048828125,317.6300048828125
2025-08-01,322.82000732421875,322.82000732421875
2025-08-04,324.7699890136719,324.7699890136719
2025-08-05,325.8699951171875,325.8699951171875
2025-08-06,325.1199951171875,325.1199951171875
2025-08-07,326.3500061035156,326.3500061035156
2025-08-08,326.80999755859375,326.80999755859375
2025-08-11,322.8900146484375,322.8900146484375
2025-08-12,322.7699890136719,322.7699890136719
2025-08-13,323.2799987792969,323.2799987792969
2025-08-14,321.760009765625,321.760009765625
2025-08-15,322.0799865722656,322.0799865722656
2025-08-18,321.1600036621094,321.1600036621094
2025-08-19,320.3900146484375,320.3900146484375
2025-08-20,321.82000732421875,321.82000732421875
2025-08-21,322.0799865722656,322.0799865722656
2025-08-22,325.4100036621094,325.4100036621094
2025-08-26,325.92999267578125,325.92999267578125
2025-08-27,326.2900085449219,326.2900085449219
2025-08-28,328.239990234375,328.239990234375
2025-08-29,331.8999938964844,331.8999938964844
2025-09-01,334.8999938964844,334.8999938964844
2025-09-02,338.4800109863281,338.4800109863281
2025-09-03,343.5400085449219,343.5400085449219
2025-09-04,341.489990234375,341.489990234375
2025-09-05,345.80999755859375,345.80999755859375
2025-09-08,350.07000732421875,350.07000732421875
2025-09-09,350.4700012207031,350.4700012207031
2025-09-10,351.1099853515625,351.1099853515625
2025-09-11,350.19000244140625,350.19000244140625
2025-09-12,351.20001220703125,351.20001220703125
2025-09-15,353.1600036621094,353.1600036621094
2025-09-16,354.3699951171875,354.3699951171875
2025-09-17,355.0,355.0
2025-09-18,350.510009765625,350.510009765625
2025-09-19,353.42999267578125,353.42999267578125
2025-09-22,359.3500061035156,359.3500061035156
2025-09-23,364.0299987792969,364.0299987792969
2025-09-24,360.70001220703125,360.70001220703125
2025-09-25,359.57000732421875,359.57000732421875
2025-09-26,363.9100036621094,363.9100036621094
2025-09-29,368.489990234375,368.489990234375
2025-09-30,369.69000244140625,369.69000244140625
2025-10-01,371.8800048828125,371.8800048828125
2025-10-02,368.760009765625,368.760009765625
2025-10-03,374.25,374.25
2025-10-06,380.6000061035156,380.6000061035156
2025-10-07,383.75,383.75
2025-10-08,389.2900085449219,389.2900085449219
2025-10-09,386.3599853515625,386.3599853515625
2025-10-10,386.7099914550781,386.7099914550781
2025-10-13,394.29998779296875,394.29998779296875
2025-10-14,398.6700134277344,398.6700134277344
2025-10-15,403.32000732421875,403.32000732421875
2025-10-16,411.2099914550781,411.2099914550781
2025-10-17,409.8800048828125,409.8800048828125
2025-10-20,418.7300109863281,418.7300109863281
2025-10-21,397.42999267578125,397.42999267578125
2025-10-22,388.07000732421875,388.07000732421875
2025-10-23,398.9800109863281,398.9800109863281
2025-10-24,395.1885070800781,395.1885070800781
2025-10-27,384.1199951171875,384.1199951171875
2025-10-28,381.2099914550781,381.2099914550781
2025-10-29,384.9100036621094,384.9100036621094
2025-10-30,385.0299987792969,385.0299987792969
2025-10-31,383.6400146484375,383.6400146484375
2025-11-03,384.95001220703125,384.95001220703125
2025-11-04,382.32000732421875,382.32000732421875
2025-11-05,383.239990234375,383.239990234375
2025-11-06,382.95001220703125,382.95001220703125
2025-11-07,386.6700134277344,386.6700134277344
2025-11-10,394.3599853515625,394.3599853515625
2025-11-11,395.6700134277344,395.6700134277344
2025-11-12,403.8900146484375,403.8900146484375
2025-11-13,405.20001220703125,405.20001220703125
2025-11-14,394.4800109863281,394.4800109863281
2025-11-17,392.1300048828125,392.1300048828125
2025-11-18,391.1099853515625,391.1099853515625
2025-11-19,392.57000732421875,392.57000732421875
2025-11-20,391.6000061035156,391.6000061035156
2025-11-21,392.3900146484375,392.3900146484375
2025-11-24,394.4200134277344,394.4200134277344
2025-11-25,398.29998779296875,398.29998779296875
2025-11-26,400.9200134277344,400.9200134277344
2025-11-27,399.9599914550781,399.9599914550781
2025-11-28,405.30999755859375,405.30999755859375
2025-12-01,407.5899963378906,407.5899963378906
2025-12-02,402.7799987792969,402.7799987792969
2025-12-03,406.6199951171875,406.6199951171875
2025-12-04,405.69000244140625,405.69000244140625
2025-12-05,405.7300109863281,405.7300109863281
2025-12-08,403.92999267578125,403.92999267578125
2025-12-09,405.7900085449219,405.7900085449219
2025-12-10,404.3699951171875,404.3699951171875
2025-12-11,409.8699951171875,409.8699951171875
2025-12-12,412.04998779296875,412.04998779296875
2025-12-15,413.25,413.25
2025-12-16,413.8999938964844,413.8999938964844
2025-12-17,416.4200134277344,416.4200134277344
2025-12-18,420.3699951171875,420.3699951171875
2025-12-19,418.5,418.5
2025-12-22,426.989990234375,426.989990234375
2025-12-23,429.3399963378906,429.3399963378906
2025-12-24,432.5450134277344,432.5450134277344
2025-12-29,417.4599914550781,417.4599914550781
2025-12-30,420.3399963378906,420.3399963378906
2025-12-31,414.82000732421875,414.82000732421875
2026-01-02,415.67999267578125,415.67999267578125
2026-01-05,427.92999267578125,427.92999267578125
2026-01-06,431.8399963378906,431.8399963378906
2026-01-07,429.7900085449219,429.7900085449219
2026-01-08,429.3699951171875,429.3699951171875
2026-01-09,433.3900146484375,433.3900146484375
2026-01-12,444.760009765625,444.760009765625
2026-01-13,443.239990234375,443.239990234375
2026-01-14,444.7200012207031,444.7200012207031
2026-01-15,443.9800109863281,443.9800109863281
2026-01-16,442.010009765625,442.010009765625
2026-01-19,449.6600036621094,449.6600036621094
2026-01-20,456.54998779296875,456.54998779296875
2026-01-21,466.5,466.5
2026-01-22,469.6600036621094,469.6600036621094
2026-01-23,479.75,479.75
2026-01-26,488.6499938964844,488.6499938964844
2026-01-27,490.17999267578125,490.17999267578125
2026-01-28,508.3800048828125,508.3800048828125
2026-01-29,508.1000061035156,508.1000061035156
2026-01-30,480.1000061035156,480.1000061035156
2026-02-02,448.5,448.5
2026-02-03,479.0400085449219,479.0400085449219
2026-02-04,473.75,473.75
2026-02-05,467.1499938964844,467.1499938964844
2026-02-06,475.0799865722656,475.0799865722656
2026-02-09,488.0799865722656,488.0799865722656
2026-02-10,483.04998779296875,483.04998779296875
2026-02-11,488.9200134277344,488.9200134277344
2026-02-12,475.2300109863281,475.2300109863281
2026-02-13,483.1300048828125,483.1300048828125
2026-02-16,479.9049987792969,479.9049987792969
2026-02-17,469.54998779296875,469.54998779296875
2026-02-18,481.2699890136719,481.2699890136719
2026-02-19,481.4800109863281,481.4800109863281
2026-02-20,487.5400085449219,487.5400085449219
2026-02-23,501.3299865722656,501.3299865722656
2026-02-24,494.5799865722656,494.5799865722656
2026-02-25,501.0400085449219,501.0400085449219
2026-02-26,498.69000244140625,498.69000244140625
2026-02-27,503.3999938964844,503.3999938964844
2026-03-02,509.8500061035156,509.8500061035156
2026-03-03,492.20001220703125,492.20001220703125
2026-03-04,496.1400146484375,496.1400146484375
2026-03-05,487.2300109863281,487.2300109863281
2026-03-06,494.4800109863281,494.4800109863281
2026-03-09,491.3699951171875,491.3699951171875
2026-03-10,503.80999755859375,503.80999755859375
2026-03-11,497.70001220703125,497.70001220703125
2026-03-12,493.6499938964844,493.6499938964844
2026-03-13,485.5799865722656,485.5799865722656
2026-03-16,478.8399963378906,478.8399963378906
2026-03-17,481.3599853515625,481.3599853515625
2026-03-18,469.2099914550781,469.2099914550781
2026-03-19,441.1700134277344,441.1700134277344
2026-03-20,441.17999267578125,441.17999267578125
2026-03-23,421.44000244140625,421.44000244140625
2026-03-24,425.239990234375,425.239990234375
2026-03-25,438.0400085449219,438.0400085449219
2026-03-26,422.30999755859375,422.30999755859375
2026-03-27,434.7300109863281,434.7300109863281
2026-03-30,437.25,437.25
2026-03-31,444.1000061035156,444.1000061035156
2026-04-01,459.6499938964844,459.6499938964844
2026-04-02,449.6700134277344,449.6700134277344
2026-04-07,447.010009765625,447.010009765625
2026-04-08,457.9800109863281,457.9800109863281
2026-04-09,461.5799865722656,461.5799865722656
2026-04-10,459.42999267578125,459.42999267578125
2026-04-13,453.2699890136719,453.2699890136719
2026-04-14,462.9599914550781,462.9599914550781
2026-04-15,461.6099853515625,461.6099853515625
2026-04-16,462.1700134277344,462.1700134277344
2026-04-17,469.010009765625,469.010009765625
2026-04-20,462.3599853515625,462.3599853515625
2026-04-21,456.3500061035156,456.3500061035156
2026-04-22,455.1400146484375,455.1400146484375
2026-04-23,455.3800048828125,455.3800048828125
2026-04-24,453.9800109863281,453.9800109863281
2026-04-27,450.0899963378906,450.0899963378906
2026-04-28,440.010009765625,440.010009765625
2026-04-29,437.4100036621094,437.4100036621094
2026-04-30,444.9599914550781,444.9599914550781
2026-05-01,446.2099914550781,446.2099914550781
2026-05-05,440.55999755859375,440.55999755859375
2026-05-06,451.7200012207031,451.7200012207031
2026-05-07,456.70001220703125,456.70001220703125
2026-05-08,453.3900146484375,453.3900146484375
2026-05-11,455.2799987792969,455.2799987792969
2026-05-12,448.5299987792969,448.5299987792969
2026-05-13,451.7099914550781,451.7099914550781
2026-05-14,451.2200012207031,451.2200012207031
2026-05-15,437.25,437.25
2026-05-18,436.95001220703125,436.95001220703125
2026-05-19,433.19000244140625,433.19000244140625
2026-05-20,436.44000244140625,436.44000244140625
2026-05-21,433.75,433.75
2026-05-22,434.8399963378906,434.8399963378906
2026-05-26,433.5799865722656,433.5799865722656
2026-05-27,427.0899963378906,427.0899963378906
2026-05-28,431.2099914550781,431.2099914550781
2026-05-29,440.6199951171875,440.6199951171875
2026-06-01,430.8500061035156,430.8500061035156
2026-06-02,433.6099853515625,433.6099853515625
2026-06-03,427.30999755859375,427.30999755859375
2026-06-04,430.2699890136719,430.2699890136719
2026-06-05,418.29998779296875,418.29998779296875
2026-06-08,416.8399963378906,416.8399963378906
2026-06-09,411.04998779296875,411.04998779296875
2026-06-10,397.2699890136719,397.2699890136719
2026-06-11,392.5,392.5
2026-06-12,406.0,406.0
2026-06-15,418.7699890136719,418.7699890136719
2026-06-16,416.1600036621094,416.1600036621094
2026-06-17,419.32000732421875,419.32000732421875
2026-06-18,407.1400146484375,407.1400146484375
2026-06-19,399.3500061035156,399.3500061035156
2026-06-22,402.8999938964844,402.8999938964844
2026-06-23,397.70001220703125,397.70001220703125
2026-06-24,385.6700134277344,385.6700134277344
2026-06-25,387.1099853515625,387.1099853515625
2026-06-26,392.82000732421875,392.82000732421875
2026-06-29,386.9700012207031,386.9700012207031
2026-06-30,387.760009765625,387.760009765625
2026-07-01,392.3699951171875,392.3699951171875
2026-07-02,397.3299865722656,397.3299865722656
2026-07-03,400.9599914550781,400.9599914550781
2026-07-06,399.260009765625,399.260009765625
2026-07-07,398.55999755859375,398.55999755859375
2026-07-08,387.3399963378906,387.3399963378906
2026-07-09,397.1199951171875,397.1199951171875
2026-07-10,394.7799987792969,394.7799987792969
2026-07-13,386.3500061035156,386.3500061035156
2026-07-14,392.70001220703125,392.70001220703125
2026-07-15,389.4700012207031,389.4700012207031
2026-07-16,386.45001220703125,386.45001220703125
2026-07-17,385.7200012207031,385.7200012207031
2026-07-20,386.0199890136719,386.0199890136719
2026-07-21,392.6300048828125,392.6300048828125
2026-07-22,399.989990234375,399.989990234375
2026-07-23,389.4200134277344,389.4200134277344
2026-07-24,392.0,392.0
2026-07-27,391.8900146484375,391.8900146484375
2026-07-28,388.1499938964844,388.1499938964844
2026-07-29,385.9700012207031,385.9700012207031
2026-07-30,394.239990234375,394.239990234375
2026-07-31,388.3500061035156,388.3500061035156
2026-08-03,388.0799865722656,388.0799865722656
2026-08-04,392.25,392.25
2026-08-05,409.32000732421875,409.32000732421875
2026-08-06,408.7799987792969,408.7799987792969
2026-08-07,418.4800109863281,418.4800109863281
2026-08-10,418.4100036621094,418.4100036621094
2026-08-11,421.17999267578125,421.17999267578125
2026-08-12,425.1400146484375,425.1400146484375
2026-08-13,419.7300109863281,419.7300109863281
2026-08-14,422.2900085449219,422.2900085449219
2026-08-17,425.4599914550781,425.4599914550781
2026-08-18,419.4599914550781,419.4599914550781
2026-08-19,431.4800109863281,431.4800109863281
2026-08-20,435.2300109863281,435.2300109863281
2026-08-21,443.1300048828125,443.1300048828125
2026-08-24,449.45001220703125,449.45001220703125
2026-08-25,447.32000732421875,447.32000732421875
2026-08-26,442.239990234375,442.239990234375
2026-08-27,442.0400085449219,442.0400085449219
2026-08-28,438.5,438.5
2026-09-01,419.6099853515625,419.6099853515625
2026-09-02,420.489990234375,420.489990234375
2026-09-03,433.1700134277344,433.1700134277344
2026-09-04,427.07000732421875,427.07000732421875
2026-09-07,424.45001220703125,424.45001220703125
2026-09-08,423.6000061035156,423.6000061035156
2026-09-09,423.5,423.5
2026-09-10,420.2799987792969,420.2799987792969
2026-09-11,420.6700134277344,420.6700134277344
2026-09-14,413.17999267578125,413.17999267578125
2026-09-15,412.2300109863281,412.2300109863281
2026-09-16,418.2300109863281,418.2300109863281
2026-09-17,419.260009765625,419.260009765625
2026-09-18,419.010009765625,419.010009765625
2026-09-21,418.8299865722656,418.8299865722656
2026-09-22,416.54998779296875,416.54998779296875
2026-09-23,411.9100036621094,411.9100036621094
2026-09-24,408.57000732421875,408.57000732421875
2026-09-25,411.989990234375,411.989990234375
2026-09-28,396.489990234375,396.489990234375
2026-09-29,399.9100036621094,399.9100036621094
2026-09-30,400.0799865722656,400.0799865722656
2026-10-01,399.8900146484375,399.8900146484375
2026-10-02,398.8800048828125,398.8800048828125
