Date,Close,Adj Close
2011-10-04,6.422999858856201,6.422999858856201
2011-10-05,6.670000076293945,6.670000076293945
2011-10-06,6.822999954223633,6.822999954223633
2011-10-07,6.925000190734863,6.925000190734863
2011-10-10,7.01800012588501,7.01800012588501
2011-10-11,7.208000183105469,7.208000183105469
2011-10-12,7.364999771118164,7.364999771118164
2011-10-13,7.264999866485596,7.264999866485596
2011-10-14,7.26800012588501,7.26800012588501
2011-10-17,7.239999771118164,7.239999771118164
2011-10-18,7.0929999351501465,7.0929999351501465
2011-10-19,7.163000106811523,7.163000106811523
2011-10-20,6.89300012588501,6.89300012588501
2011-10-21,7.058000087738037,7.058000087738037
2011-10-24,7.40500020980835,7.40500020980835
2011-10-25,7.324999809265137,7.324999809265137
2011-10-26,7.4730000495910645,7.4730000495910645
2011-10-27,7.7129998207092285,7.7129998207092285
2011-10-28,7.809999942779541,7.809999942779541
2011-10-31,7.605000019073486,7.605000019073486
2011-11-01,7.550000190734863,7.550000190734863
2011-11-02,7.7829999923706055,7.7829999923706055
2011-11-03,7.974999904632568,7.974999904632568
2011-11-04,7.813000202178955,7.813000202178955
2011-11-07,7.913000106811523,7.913000106811523
2011-11-08,7.855000019073486,7.855000019073486
2011-11-09,7.849999904632568,7.849999904632568
2011-11-10,7.789999961853027,7.789999961853027
2011-11-11,7.86299991607666,7.86299991607666
2011-11-14,7.8480000495910645,7.8480000495910645
2011-11-15,7.909999847412109,7.909999847412109
2011-11-16,7.853000164031982,7.853000164031982
2011-11-17,7.695000171661377,7.695000171661377
2011-11-18,7.5229997634887695,7.5229997634887695
2011-11-21,7.228000164031982,7.228000164031982
2011-11-22,7.257999897003174,7.257999897003174
2011-11-23,7.239999771118164,7.239999771118164
2011-11-24,7.289999961853027,7.289999961853027
2011-11-25,7.36299991607666,7.36299991607666
2011-11-28,7.559999942779541,7.559999942779541
2011-11-29,7.558000087738037,7.558000087738037
2011-11-30,7.849999904632568,7.849999904632568
2011-12-01,7.853000164031982,7.853000164031982
2011-12-02,7.914999961853027,7.914999961853027
2011-12-05,7.913000106811523,7.913000106811523
2011-12-06,7.824999809265137,7.824999809265137
2011-12-07,7.855000019073486,7.855000019073486
2011-12-08,7.73799991607666,7.73799991607666
2011-12-09,7.815000057220459,7.815000057220459
2011-12-12,7.574999809265137,7.574999809265137
2011-12-13,7.732999801635742,7.732999801635742
2011-12-14,7.618000030517578,7.618000030517578
2011-12-15,7.650000095367432,7.650000095367432
2011-12-16,7.73799991607666,7.73799991607666
2011-12-19,7.605000019073486,7.605000019073486
2011-12-20,7.739999771118164,7.739999771118164
2011-12-21,7.668000221252441,7.668000221252441
2011-12-22,7.860000133514404,7.860000133514404
2011-12-23,7.889999866485596,7.889999866485596
2011-12-27,7.84499979019165,7.84499979019165
2011-12-28,7.764999866485596,7.764999866485596
2011-12-29,7.855000019073486,7.855000019073486
2011-12-30,7.86299991607666,7.86299991607666
2012-01-02,8.032999992370605,8.032999992370605
2012-01-03,8.003000259399414,8.003000259399414
2012-01-04,7.940000057220459,7.940000057220459
2012-01-05,8.050000190734863,8.050000190734863
2012-01-06,8.038000106811523,8.038000106811523
2012-01-09,8.142999649047852,8.142999649047852
2012-01-10,8.375,8.375
2012-01-11,8.402999877929688,8.402999877929688
2012-01-12,8.312999725341797,8.312999725341797
2012-01-13,8.36299991607666,8.36299991607666
2012-01-16,8.345000267028809,8.345000267028809
2012-01-17,8.555000305175781,8.555000305175781
2012-01-18,8.538000106811523,8.538000106811523
2012-01-19,8.680000305175781,8.680000305175781
2012-01-20,8.585000038146973,8.585000038146973
2012-01-23,8.645000457763672,8.645000457763672
2012-01-24,8.680000305175781,8.680000305175781
2012-01-25,8.699999809265137,8.699999809265137
2012-01-26,8.664999961853027,8.664999961853027
2012-01-27,8.61299991607666,8.61299991607666
2012-01-30,8.454999923706055,8.454999923706055
2012-01-31,8.520000457763672,8.520000457763672
2012-02-01,8.642999649047852,8.642999649047852
2012-02-02,8.803000450134277,8.803000450134277
2012-02-03,8.904999732971191,8.904999732971191
2012-02-06,8.793000221252441,8.793000221252441
2012-02-07,8.680000305175781,8.680000305175781
2012-02-08,8.819999694824219,8.819999694824219
2012-02-09,8.788000106811523,8.788000106811523
2012-02-10,8.652999877929688,8.652999877929688
2012-02-13,8.713000297546387,8.713000297546387
2012-02-14,8.732999801635742,8.732999801635742
2012-02-15,8.958000183105469,8.958000183105469
2012-02-16,8.970000267028809,8.970000267028809
2012-02-17,8.942999839782715,8.942999839782715
2012-02-20,8.868000030517578,8.868000030517578
2012-02-21,8.868000030517578,8.868000030517578
2012-02-22,8.907999992370605,8.907999992370605
2012-02-23,8.868000030517578,8.868000030517578
2012-02-24,8.82800006866455,8.82800006866455
2012-02-27,8.734999656677246,8.734999656677246
2012-02-28,8.82800006866455,8.82800006866455
2012-02-29,8.904999732971191,8.904999732971191
2012-03-01,8.878000259399414,8.878000259399414
2012-03-02,8.998000144958496,8.998000144958496
2012-03-05,8.767999649047852,8.767999649047852
2012-03-06,8.520000457763672,8.520000457763672
2012-03-07,8.602999687194824,8.602999687194824
2012-03-08,8.70300006866455,8.70300006866455
2012-03-09,8.918000221252441,8.918000221252441
2012-03-12,8.817999839782715,8.817999839782715
2012-03-13,8.98799991607666,8.98799991607666
2012-03-14,8.937999725341797,8.937999725341797
2012-03-15,8.869999885559082,8.869999885559082
2012-03-16,8.833000183105469,8.833000183105469
2012-03-19,8.649999618530273,8.649999618530273
2012-03-20,8.432999610900879,8.432999610900879
2012-03-21,8.48799991607666,8.48799991607666
2012-03-22,8.387999534606934,8.387999534606934
2012-03-23,8.347999572753906,8.347999572753906
2012-03-26,8.387999534606934,8.387999534606934
2012-03-27,8.42300033569336,8.42300033569336
2012-03-28,8.29800033569336,8.29800033569336
2012-03-29,8.142999649047852,8.142999649047852
2012-03-30,8.303000450134277,8.303000450134277
2012-04-02,8.347999572753906,8.347999572753906
2012-04-03,8.414999961853027,8.414999961853027
2012-04-04,8.373000144958496,8.373000144958496
2012-04-05,8.574999809265137,8.574999809265137
2012-04-10,8.333000183105469,8.333000183105469
2012-04-11,8.357999801635742,8.357999801635742
2012-04-12,8.555000305175781,8.555000305175781
2012-04-13,8.600000381469727,8.600000381469727
2012-04-16,8.54800033569336,8.54800033569336
2012-04-17,8.588000297546387,8.588000297546387
2012-04-18,8.614999771118164,8.614999771118164
2012-04-19,8.663000106811523,8.663000106811523
2012-04-20,8.70300006866455,8.70300006866455
2012-04-23,8.458000183105469,8.458000183105469
2012-04-24,8.517999649047852,8.517999649047852
2012-04-25,8.512999534606934,8.512999534606934
2012-04-26,8.574999809265137,8.574999809265137
2012-04-27,8.588000297546387,8.588000297546387
2012-04-30,8.618000030517578,8.618000030517578
2012-05-02,8.6850004196167,8.6850004196167
2012-05-03,8.71500015258789,8.71500015258789
2012-05-04,8.59000015258789,8.59000015258789
2012-05-07,8.585000038146973,8.585000038146973
2012-05-08,8.387999534606934,8.387999534606934
2012-05-09,8.369999885559082,8.369999885559082
2012-05-10,8.354999542236328,8.354999542236328
2012-05-11,8.345000267028809,8.345000267028809
2012-05-14,8.178000450134277,8.178000450134277
2012-05-15,8.227999687194824,8.227999687194824
2012-05-16,8.104999542236328,8.104999542236328
2012-05-17,8.038000106811523,8.038000106811523
2012-05-18,7.958000183105469,7.958000183105469
2012-05-21,7.993000030517578,7.993000030517578
2012-05-22,8.100000381469727,8.100000381469727
2012-05-23,7.9629998207092285,7.9629998207092285
2012-05-24,8.003000259399414,8.003000259399414
2012-05-25,7.993000030517578,7.993000030517578
2012-05-28,8.107999801635742,8.107999801635742
2012-05-29,8.267999649047852,8.267999649047852
2012-05-30,8.213000297546387,8.213000297546387
2012-05-31,8.288000106811523,8.288000106811523
2012-06-01,8.128000259399414,8.128000259399414
2012-06-04,7.9730000495910645,7.9730000495910645
2012-06-05,8.012999534606934,8.012999534606934
2012-06-06,8.180000305175781,8.180000305175781
2012-06-07,8.350000381469727,8.350000381469727
2012-06-08,8.128000259399414,8.128000259399414
2012-06-11,8.168000221252441,8.168000221252441
2012-06-12,8.282999992370605,8.282999992370605
2012-06-13,8.282999992370605,8.282999992370605
2012-06-14,8.20300006866455,8.20300006866455
2012-06-15,8.303000450134277,8.303000450134277
2012-06-18,8.430000305175781,8.430000305175781
2012-06-19,8.475000381469727,8.475000381469727
2012-06-20,8.420000076293945,8.420000076293945
2012-06-21,8.262999534606934,8.262999534606934
2012-06-22,8.157999992370605,8.157999992370605
2012-06-25,8.032999992370605,8.032999992370605
2012-06-26,8.128000259399414,8.128000259399414
2012-06-27,8.289999961853027,8.289999961853027
2012-06-28,8.178000450134277,8.178000450134277
2012-06-29,8.3149995803833,8.3149995803833
2012-07-02,8.387999534606934,8.387999534606934
2012-07-03,8.517999649047852,8.517999649047852
2012-07-04,8.520000457763672,8.520000457763672
2012-07-05,8.652999877929688,8.652999877929688
2012-07-06,8.5600004196167,8.5600004196167
2012-07-09,8.45300006866455,8.45300006866455
2012-07-10,8.4399995803833,8.4399995803833
2012-07-11,8.463000297546387,8.463000297546387
2012-07-12,8.3100004196167,8.3100004196167
2012-07-13,8.414999961853027,8.414999961853027
2012-07-16,8.359999656677246,8.359999656677246
2012-07-17,8.460000038146973,8.460000038146973
2012-07-18,8.454999923706055,8.454999923706055
2012-07-19,8.562999725341797,8.562999725341797
2012-07-20,8.505000114440918,8.505000114440918
2012-07-23,8.352999687194824,8.352999687194824
2012-07-24,8.385000228881836,8.385000228881836
2012-07-25,8.335000038146973,8.335000038146973
2012-07-26,8.324999809265137,8.324999809265137
2012-07-27,8.428000450134277,8.428000450134277
2012-07-30,8.553000450134277,8.553000450134277
2012-07-31,8.618000030517578,8.618000030517578
2012-08-01,8.635000228881836,8.635000228881836
2012-08-02,8.597999572753906,8.597999572753906
2012-08-03,8.64799976348877,8.64799976348877
2012-08-06,8.699999809265137,8.699999809265137
2012-08-07,8.727999687194824,8.727999687194824
2012-08-08,8.767999649047852,8.767999649047852
2012-08-09,8.852999687194824,8.852999687194824
2012-08-10,8.788000106811523,8.788000106811523
2012-08-13,8.670000076293945,8.670000076293945
2012-08-14,8.760000228881836,8.760000228881836
2012-08-15,8.734999656677246,8.734999656677246
2012-08-16,8.640000343322754,8.640000343322754
2012-08-17,8.682999610900879,8.682999610900879
2012-08-20,8.630000114440918,8.630000114440918
2012-08-21,8.585000038146973,8.585000038146973
2012-08-22,8.472999572753906,8.472999572753906
2012-08-23,8.432999610900879,8.432999610900879
2012-08-24,8.414999961853027,8.414999961853027
2012-08-27,8.34000015258789,8.34000015258789
2012-08-28,8.288000106811523,8.288000106811523
2012-08-29,8.289999961853027,8.289999961853027
2012-08-30,8.218000411987305,8.218000411987305
2012-08-31,8.218000411987305,8.218000411987305
2012-09-03,8.194999694824219,8.194999694824219
2012-09-04,8.107999801635742,8.107999801635742
2012-09-05,8.053000450134277,8.053000450134277
2012-09-06,8.170000076293945,8.170000076293945
2012-09-07,8.274999618530273,8.274999618530273
2012-09-10,8.222999572753906,8.222999572753906
2012-09-11,8.199999809265137,8.199999809265137
2012-09-12,8.225000381469727,8.225000381469727
2012-09-13,8.227999687194824,8.227999687194824
2012-09-14,8.413000106811523,8.413000106811523
2012-09-17,8.3149995803833,8.3149995803833
2012-09-18,8.307999610900879,8.307999610900879
2012-09-19,8.378000259399414,8.378000259399414
2012-09-20,8.359999656677246,8.359999656677246
2012-09-21,8.402999877929688,8.402999877929688
2012-09-24,8.413000106811523,8.413000106811523
2012-09-25,8.420000076293945,8.420000076293945
2012-09-26,8.307999610900879,8.307999610900879
2012-09-27,8.4399995803833,8.4399995803833
2012-09-28,8.460000038146973,8.460000038146973
2012-10-01,8.539999961853027,8.539999961853027
2012-10-02,8.463000297546387,8.463000297546387
2012-10-04,8.460000038146973,8.460000038146973
2012-10-05,8.569999694824219,8.569999694824219
2012-10-08,8.447999954223633,8.447999954223633
2012-10-09,8.498000144958496,8.498000144958496
2012-10-10,8.550000190734863,8.550000190734863
2012-10-11,8.708000183105469,8.708000183105469
2012-10-12,8.70300006866455,8.70300006866455
2012-10-15,8.720000267028809,8.720000267028809
2012-10-16,8.789999961853027,8.789999961853027
2012-10-17,8.779999732971191,8.779999732971191
2012-10-18,8.859999656677246,8.859999656677246
2012-10-19,8.859999656677246,8.859999656677246
2012-10-22,8.904999732971191,8.904999732971191
2012-10-23,8.824999809265137,8.824999809265137
2012-10-24,8.944999694824219,8.944999694824219
2012-10-25,8.960000038146973,8.960000038146973
2012-10-26,8.899999618530273,8.899999618530273
2012-10-29,8.932999610900879,8.932999610900879
2012-10-30,8.890000343322754,8.890000343322754
2012-10-31,8.875,8.875
2012-11-01,9.194999694824219,9.194999694824219
2012-11-02,9.274999618530273,9.274999618530273
2012-11-05,9.262999534606934,9.262999534606934
2012-11-06,9.293000221252441,9.293000221252441
2012-11-07,9.130000114440918,9.130000114440918
2012-11-08,9.093000411987305,9.093000411987305
2012-11-09,9.07800006866455,9.07800006866455
2012-11-12,9.107999801635742,9.107999801635742
2012-11-13,8.982999801635742,8.982999801635742
2012-11-14,8.920000076293945,8.920000076293945
2012-11-15,8.812999725341797,8.812999725341797
2012-11-16,8.835000038146973,8.835000038146973
2012-11-19,9.012999534606934,9.012999534606934
2012-11-20,8.883000373840332,8.883000373840332
2012-11-21,8.979999542236328,8.979999542236328
2012-11-22,9.045000076293945,9.045000076293945
2012-11-23,9.074999809265137,9.074999809265137
2012-11-26,9.024999618530273,9.024999618530273
2012-11-27,9.0,9.0
2012-11-28,8.975000381469727,8.975000381469727
2012-11-29,9.005000114440918,9.005000114440918
2012-11-30,9.0,9.0
2012-12-03,8.925000190734863,8.925000190734863
2012-12-04,8.96500015258789,8.96500015258789
2012-12-05,9.218000411987305,9.218000411987305
2012-12-06,9.225000381469727,9.225000381469727
2012-12-07,9.322999954223633,9.322999954223633
2012-12-10,9.454999923706055,9.454999923706055
2012-12-11,9.392999649047852,9.392999649047852
2012-12-12,9.387999534606934,9.387999534606934
2012-12-13,9.289999961853027,9.289999961853027
2012-12-14,9.335000038146973,9.335000038146973
2012-12-17,9.317999839782715,9.317999839782715
2012-12-18,9.29800033569336,9.29800033569336
2012-12-19,9.329999923706055,9.329999923706055
2012-12-20,9.357999801635742,9.357999801635742
2012-12-21,9.258000373840332,9.258000373840332
2012-12-27,9.303000450134277,9.303000450134277
2012-12-28,9.307999610900879,9.307999610900879
2013-01-02,9.8100004196167,9.8100004196167
2013-01-03,9.90999984741211,9.90999984741211
2013-01-04,9.885000228881836,9.885000228881836
2013-01-07,9.795000076293945,9.795000076293945
2013-01-08,9.645000457763672,9.645000457763672
2013-01-09,9.79800033569336,9.79800033569336
2013-01-10,9.71500015258789,9.71500015258789
2013-01-11,9.5600004196167,9.5600004196167
2013-01-14,9.588000297546387,9.588000297546387
2013-01-15,9.604999542236328,9.604999542236328
2013-01-16,9.618000030517578,9.618000030517578
2013-01-17,9.625,9.625
2013-01-18,9.70300006866455,9.70300006866455
2013-01-21,9.718000411987305,9.718000411987305
2013-01-22,9.770000457763672,9.770000457763672
2013-01-23,9.6850004196167,9.6850004196167
2013-01-24,9.739999771118164,9.739999771118164
2013-01-25,9.449999809265137,9.449999809265137
2013-01-28,9.484999656677246,9.484999656677246
2013-01-29,9.562999725341797,9.562999725341797
2013-01-30,9.539999961853027,9.539999961853027
2013-01-31,9.46500015258789,9.46500015258789
2013-02-01,9.4350004196167,9.4350004196167
2013-02-04,9.352999687194824,9.352999687194824
2013-02-05,9.322999954223633,9.322999954223633
2013-02-06,9.345000267028809,9.345000267028809
2013-02-07,9.260000228881836,9.260000228881836
2013-02-08,9.380000114440918,9.380000114440918
2013-02-11,9.368000030517578,9.368000030517578
2013-02-12,9.350000381469727,9.350000381469727
2013-02-13,9.40999984741211,9.40999984741211
2013-02-14,9.508000373840332,9.508000373840332
2013-02-15,9.520000457763672,9.520000457763672
2013-02-18,9.472999572753906,9.472999572753906
2013-02-19,9.364999771118164,9.364999771118164
2013-02-20,9.335000038146973,9.335000038146973
2013-02-21,9.194999694824219,9.194999694824219
2013-02-22,9.260000228881836,9.260000228881836
2013-02-25,9.293000221252441,9.293000221252441
2013-02-26,9.170000076293945,9.170000076293945
2013-02-27,9.274999618530273,9.274999618530273
2013-02-28,9.437999725341797,9.437999725341797
2013-03-01,9.454999923706055,9.454999923706055
2013-03-04,9.288000106811523,9.288000106811523
2013-03-05,9.392999649047852,9.392999649047852
2013-03-06,9.444999694824219,9.444999694824219
2013-03-07,9.375,9.375
2013-03-08,9.543000221252441,9.543000221252441
2013-03-11,9.489999771118164,9.489999771118164
2013-03-12,9.258000373840332,9.258000373840332
2013-03-13,9.1850004196167,9.1850004196167
2013-03-14,9.274999618530273,9.274999618530273
2013-03-15,9.104999542236328,9.104999542236328
2013-03-18,9.027999877929688,9.027999877929688
2013-03-19,8.95300006866455,8.95300006866455
2013-03-20,9.140000343322754,9.140000343322754
2013-03-21,9.125,9.125
2013-03-22,9.07800006866455,9.07800006866455
2013-03-25,9.128000259399414,9.128000259399414
2013-03-26,9.222999572753906,9.222999572753906
2013-03-27,9.258000373840332,9.258000373840332
2013-03-28,9.164999961853027,9.164999961853027
2013-04-02,9.135000228881836,9.135000228881836
2013-04-03,9.008000373840332,9.008000373840332
2013-04-04,8.95300006866455,8.95300006866455
2013-04-05,8.654999732971191,8.654999732971191
2013-04-08,8.725000381469727,8.725000381469727
2013-04-09,8.817999839782715,8.817999839782715
2013-04-10,8.954999923706055,8.954999923706055
2013-04-11,8.902999877929688,8.902999877929688
2013-04-12,8.770000457763672,8.770000457763672
2013-04-15,8.640000343322754,8.640000343322754
2013-04-16,8.609999656677246,8.609999656677246
2013-04-17,8.510000228881836,8.510000228881836
2013-04-18,8.557999610900879,8.557999610900879
2013-04-19,8.77299976348877,8.77299976348877
2013-04-22,8.835000038146973,8.835000038146973
2013-04-23,8.852999687194824,8.852999687194824
2013-04-24,8.920000076293945,8.920000076293945
2013-04-25,9.095000267028809,9.095000267028809
2013-04-26,8.98799991607666,8.98799991607666
2013-04-29,9.024999618530273,9.024999618530273
2013-04-30,9.02299976348877,9.02299976348877
2013-05-02,9.057999610900879,9.057999610900879
2013-05-03,9.175000190734863,9.175000190734863
2013-05-06,9.157999992370605,9.157999992370605
2013-05-07,9.28499984741211,9.28499984741211
2013-05-08,9.277999877929688,9.277999877929688
2013-05-09,9.267999649047852,9.267999649047852
2013-05-10,9.39799976348877,9.39799976348877
2013-05-13,9.267999649047852,9.267999649047852
2013-05-14,9.277999877929688,9.277999877929688
2013-05-15,9.354999542236328,9.354999542236328
2013-05-16,9.322999954223633,9.322999954223633
2013-05-17,9.392999649047852,9.392999649047852
2013-05-20,9.449999809265137,9.449999809265137
2013-05-21,9.402999877929688,9.402999877929688
2013-05-22,9.399999618530273,9.399999618530273
2013-05-23,9.069999694824219,9.069999694824219
2013-05-24,9.0,9.0
2013-05-27,9.095000267028809,9.095000267028809
2013-05-28,9.277999877929688,9.277999877929688
2013-05-29,9.04800033569336,9.04800033569336
2013-05-30,9.07800006866455,9.07800006866455
2013-05-31,9.02299976348877,9.02299976348877
2013-06-03,8.86299991607666,8.86299991607666
2013-06-04,8.864999771118164,8.864999771118164
2013-06-05,8.758000373840332,8.758000373840332
2013-06-06,8.633000373840332,8.633000373840332
2013-06-07,8.692999839782715,8.692999839782715
2013-06-10,8.557999610900879,8.557999610900879
2013-06-11,8.414999961853027,8.414999961853027
2013-06-12,8.29800033569336,8.29800033569336
2013-06-13,8.3149995803833,8.3149995803833
2013-06-14,8.178000450134277,8.178000450134277
2013-06-17,8.352999687194824,8.352999687194824
2013-06-18,8.270000457763672,8.270000457763672
2013-06-19,8.218000411987305,8.218000411987305
2013-06-20,7.9730000495910645,7.9730000495910645
2013-06-21,7.900000095367432,7.900000095367432
2013-06-24,7.730000019073486,7.730000019073486
2013-06-25,7.925000190734863,7.925000190734863
2013-06-26,8.130000114440918,8.130000114440918
2013-06-27,8.248000144958496,8.248000144958496
2013-06-28,8.343000411987305,8.343000411987305
2013-07-01,8.293000221252441,8.293000221252441
2013-07-02,8.210000038146973,8.210000038146973
2013-07-03,8.095000267028809,8.095000267028809
2013-07-04,8.27299976348877,8.27299976348877
2013-07-05,8.168000221252441,8.168000221252441
2013-07-08,8.300000190734863,8.300000190734863
2013-07-09,8.369999885559082,8.369999885559082
2013-07-10,8.333000183105469,8.333000183105469
2013-07-11,8.503000259399414,8.503000259399414
2013-07-12,8.380000114440918,8.380000114440918
2013-07-15,8.5,8.5
2013-07-16,8.418000221252441,8.418000221252441
2013-07-17,8.524999618530273,8.524999618530273
2013-07-18,8.517999649047852,8.517999649047852
2013-07-19,8.458000183105469,8.458000183105469
2013-07-22,8.404999732971191,8.404999732971191
2013-07-23,8.600000381469727,8.600000381469727
2013-07-24,8.579999923706055,8.579999923706055
2013-07-25,8.5600004196167,8.5600004196167
2013-07-26,8.53499984741211,8.53499984741211
2013-07-29,8.524999618530273,8.524999618530273
2013-07-30,8.555000305175781,8.555000305175781
2013-07-31,8.5,8.5
2013-08-01,8.6850004196167,8.6850004196167
2013-08-02,8.699999809265137,8.699999809265137
2013-08-05,8.623000144958496,8.623000144958496
2013-08-06,8.520000457763672,8.520000457763672
2013-08-07,8.425000190734863,8.425000190734863
2013-08-08,8.418000221252441,8.418000221252441
2013-08-09,8.553000450134277,8.553000450134277
2013-08-12,8.767999649047852,8.767999649047852
2013-08-13,8.954999923706055,8.954999923706055
2013-08-14,8.994999885559082,8.994999885559082
2013-08-15,8.954999923706055,8.954999923706055
2013-08-16,8.960000038146973,8.960000038146973
2013-08-19,8.930000305175781,8.930000305175781
2013-08-20,8.725000381469727,8.725000381469727
2013-08-21,8.585000038146973,8.585000038146973
2013-08-22,8.767999649047852,8.767999649047852
2013-08-23,8.744999885559082,8.744999885559082
2013-08-26,8.79800033569336,8.79800033569336
2013-08-27,8.614999771118164,8.614999771118164
2013-08-28,8.633000373840332,8.633000373840332
2013-08-29,8.789999961853027,8.789999961853027
2013-08-30,8.739999771118164,8.739999771118164
2013-09-02,8.989999771118164,8.989999771118164
2013-09-03,9.029999732971191,9.029999732971191
2013-09-04,9.114999771118164,9.114999771118164
2013-09-05,9.262999534606934,9.262999534606934
2013-09-06,9.333000183105469,9.333000183105469
2013-09-09,9.354999542236328,9.354999542236328
2013-09-10,9.503000259399414,9.503000259399414
2013-09-11,9.428000450134277,9.428000450134277
2013-09-12,9.352999687194824,9.352999687194824
2013-09-13,9.375,9.375
2013-09-16,9.458000183105469,9.458000183105469
2013-09-17,9.402999877929688,9.402999877929688
2013-09-18,9.317999839782715,9.317999839782715
2013-09-19,9.300000190734863,9.300000190734863
2013-09-20,9.29800033569336,9.29800033569336
2013-09-23,9.322999954223633,9.322999954223633
2013-09-24,9.293000221252441,9.293000221252441
2013-09-25,9.229999542236328,9.229999542236328
2013-09-26,9.222999572753906,9.222999572753906
2013-09-27,9.135000228881836,9.135000228881836
2013-09-30,9.02299976348877,9.02299976348877
2013-10-01,9.114999771118164,9.114999771118164
2013-10-02,9.07800006866455,9.07800006866455
2013-10-04,9.192999839782715,9.192999839782715
2013-10-07,9.168000221252441,9.168000221252441
2013-10-08,9.17300033569336,9.17300033569336
2013-10-09,9.157999992370605,9.157999992370605
2013-10-10,9.307999610900879,9.307999610900879
2013-10-11,9.343000411987305,9.343000411987305
2013-10-14,9.350000381469727,9.350000381469727
2013-10-15,9.395000457763672,9.395000457763672
2013-10-16,9.36299991607666,9.36299991607666
2013-10-17,9.21500015258789,9.21500015258789
2013-10-18,9.258000373840332,9.258000373840332
2013-10-21,9.29800033569336,9.29800033569336
2013-10-22,9.25,9.25
2013-10-23,8.96500015258789,8.96500015258789
2013-10-24,8.845000267028809,8.845000267028809
2013-10-25,8.824999809265137,8.824999809265137
2013-10-28,8.864999771118164,8.864999771118164
2013-10-29,8.970000267028809,8.970000267028809
2013-10-30,9.069999694824219,9.069999694824219
2013-10-31,9.208000183105469,9.208000183105469
2013-11-01,9.27299976348877,9.27299976348877
2013-11-04,9.312999725341797,9.312999725341797
2013-11-05,9.255000114440918,9.255000114440918
2013-11-06,9.210000038146973,9.210000038146973
2013-11-07,9.14799976348877,9.14799976348877
2013-11-08,9.133000373840332,9.133000373840332
2013-11-11,9.187999725341797,9.187999725341797
2013-11-12,9.14799976348877,9.14799976348877
2013-11-13,8.970000267028809,8.970000267028809
2013-11-14,9.079999923706055,9.079999923706055
2013-11-15,9.494999885559082,9.494999885559082
2013-11-18,9.708000183105469,9.708000183105469
2013-11-19,9.67300033569336,9.67300033569336
2013-11-20,9.713000297546387,9.713000297546387
2013-11-21,9.642999649047852,9.642999649047852
2013-11-22,9.642999649047852,9.642999649047852
2013-11-25,9.602999687194824,9.602999687194824
2013-11-26,9.520000457763672,9.520000457763672
2013-11-27,9.71500015258789,9.71500015258789
2013-11-28,9.604999542236328,9.604999542236328
2013-11-29,9.718000411987305,9.718000411987305
2013-12-02,9.718000411987305,9.718000411987305
2013-12-03,9.539999961853027,9.539999961853027
2013-12-04,9.604999542236328,9.604999542236328
2013-12-05,9.52299976348877,9.52299976348877
2013-12-06,9.675000190734863,9.675000190734863
2013-12-09,9.588000297546387,9.588000297546387
2013-12-10,9.482999801635742,9.482999801635742
2013-12-11,9.277999877929688,9.277999877929688
2013-12-12,9.20300006866455,9.20300006866455
2013-12-13,9.239999771118164,9.239999771118164
2013-12-16,9.300000190734863,9.300000190734863
2013-12-17,9.133000373840332,9.133000373840332
2013-12-18,9.140000343322754,9.140000343322754
2013-12-19,9.137999534606934,9.137999534606934
2013-12-20,9.123000144958496,9.123000144958496
2013-12-23,9.125,9.125
2013-12-27,9.182999610900879,9.182999610900879
2013-12-30,9.17300033569336,9.17300033569336
2014-01-02,9.163000106811523,9.163000106811523
2014-01-03,9.055000305175781,9.055000305175781
2014-01-06,8.9399995803833,8.9399995803833
2014-01-07,8.899999618530273,8.899999618530273
2014-01-08,9.005000114440918,9.005000114440918
2014-01-09,8.845000267028809,8.845000267028809
2014-01-10,8.95300006866455,8.95300006866455
2014-01-13,8.9350004196167,8.9350004196167
2014-01-14,8.914999961853027,8.914999961853027
2014-01-15,9.012999534606934,9.012999534606934
2014-01-16,8.930000305175781,8.930000305175781
2014-01-17,8.970000267028809,8.970000267028809
2014-01-20,8.932999610900879,8.932999610900879
2014-01-21,8.899999618530273,8.899999618530273
2014-01-22,9.039999961853027,9.039999961853027
2014-01-23,8.765000343322754,8.765000343322754
2014-01-24,8.503000259399414,8.503000259399414
2014-01-27,8.463000297546387,8.463000297546387
2014-01-28,8.529999732971191,8.529999732971191
2014-01-29,8.5649995803833,8.5649995803833
2014-01-30,8.652999877929688,8.652999877929688
2014-01-31,8.625,8.625
2014-02-03,8.505000114440918,8.505000114440918
2014-02-04,8.505000114440918,8.505000114440918
2014-02-05,8.404999732971191,8.404999732971191
2014-02-06,8.489999771118164,8.489999771118164
2014-02-07,8.557999610900879,8.557999610900879
2014-02-10,8.46500015258789,8.46500015258789
2014-02-11,8.70300006866455,8.70300006866455
2014-02-12,8.800000190734863,8.800000190734863
2014-02-13,8.713000297546387,8.713000297546387
2014-02-14,8.819999694824219,8.819999694824219
2014-02-17,8.854999542236328,8.854999542236328
2014-02-18,8.789999961853027,8.789999961853027
2014-02-19,8.8100004196167,8.8100004196167
2014-02-20,8.779999732971191,8.779999732971191
2014-02-21,8.770000457763672,8.770000457763672
2014-02-24,8.722999572753906,8.722999572753906
2014-02-25,8.609999656677246,8.609999656677246
2014-02-26,8.6850004196167,8.6850004196167
2014-02-27,8.8100004196167,8.8100004196167
2014-02-28,8.748000144958496,8.748000144958496
2014-03-03,8.61299991607666,8.61299991607666
2014-03-04,8.765000343322754,8.765000343322754
2014-03-05,8.645000457763672,8.645000457763672
2014-03-06,8.734999656677246,8.734999656677246
2014-03-07,8.54800033569336,8.54800033569336
2014-03-10,8.407999992370605,8.407999992370605
2014-03-11,8.413000106811523,8.413000106811523
2014-03-12,8.253000259399414,8.253000259399414
2014-03-13,8.130000114440918,8.130000114440918
2014-03-14,8.123000144958496,8.123000144958496
2014-03-17,8.140000343322754,8.140000343322754
2014-03-18,8.262999534606934,8.262999534606934
2014-03-19,8.17300033569336,8.17300033569336
2014-03-20,8.178000450134277,8.178000450134277
2014-03-21,8.428000450134277,8.428000450134277
2014-03-24,8.387999534606934,8.387999534606934
2014-03-25,8.5,8.5
2014-03-26,8.5,8.5
2014-03-27,8.529999732971191,8.529999732971191
2014-03-28,8.734999656677246,8.734999656677246
2014-03-31,8.6899995803833,8.6899995803833
2014-04-01,8.692999839782715,8.692999839782715
2014-04-02,8.755000114440918,8.755000114440918
2014-04-03,8.6899995803833,8.6899995803833
2014-04-04,8.8100004196167,8.8100004196167
2014-04-07,8.70300006866455,8.70300006866455
2014-04-08,8.800000190734863,8.800000190734863
2014-04-09,8.833000183105469,8.833000183105469
2014-04-10,8.9399995803833,8.9399995803833
2014-04-11,8.755000114440918,8.755000114440918
2014-04-14,8.817999839782715,8.817999839782715
2014-04-15,8.569999694824219,8.569999694824219
2014-04-16,8.708000183105469,8.708000183105469
2014-04-17,8.694999694824219,8.694999694824219
2014-04-22,8.680000305175781,8.680000305175781
2014-04-23,8.532999992370605,8.532999992370605
2014-04-24,8.527999877929688,8.527999877929688
2014-04-25,8.418000221252441,8.418000221252441
2014-04-28,8.352999687194824,8.352999687194824
2014-04-29,8.48799991607666,8.48799991607666
2014-04-30,8.357999801635742,8.357999801635742
2014-05-02,8.407999992370605,8.407999992370605
2014-05-05,8.333000183105469,8.333000183105469
2014-05-06,8.338000297546387,8.338000297546387
2014-05-07,8.258000373840332,8.258000373840332
2014-05-08,8.317999839782715,8.317999839782715
2014-05-09,8.333000183105469,8.333000183105469
2014-05-12,8.498000144958496,8.498000144958496
2014-05-13,8.567999839782715,8.567999839782715
2014-05-14,8.67300033569336,8.67300033569336
2014-05-15,8.597999572753906,8.597999572753906
2014-05-16,8.692999839782715,8.692999839782715
2014-05-19,8.668000221252441,8.668000221252441
2014-05-20,8.6850004196167,8.6850004196167
2014-05-21,8.782999992370605,8.782999992370605
2014-05-22,8.869999885559082,8.869999885559082
2014-05-23,8.907999992370605,8.907999992370605
2014-05-26,8.90999984741211,8.90999984741211
2014-05-27,8.86299991607666,8.86299991607666
2014-05-28,8.942999839782715,8.942999839782715
2014-05-29,8.930000305175781,8.930000305175781
2014-05-30,8.9350004196167,8.9350004196167
2014-06-02,9.010000228881836,9.010000228881836
2014-06-03,9.043000221252441,9.043000221252441
2014-06-04,8.998000144958496,8.998000144958496
2014-06-05,9.053000450134277,9.053000450134277
2014-06-06,9.005000114440918,9.005000114440918
2014-06-09,9.125,9.125
2014-06-10,9.21500015258789,9.21500015258789
2014-06-11,9.1850004196167,9.1850004196167
2014-06-12,9.175000190734863,9.175000190734863
2014-06-13,9.25,9.25
2014-06-16,9.182999610900879,9.182999610900879
2014-06-17,9.227999687194824,9.227999687194824
2014-06-18,9.1899995803833,9.1899995803833
2014-06-19,9.170000076293945,9.170000076293945
2014-06-20,9.180000305175781,9.180000305175781
2014-06-23,9.043000221252441,9.043000221252441
2014-06-24,9.11299991607666,9.11299991607666
2014-06-25,9.02299976348877,9.02299976348877
2014-06-26,9.154999732971191,9.154999732971191
2014-06-27,9.164999961853027,9.164999961853027
2014-06-30,9.154999732971191,9.154999732971191
2014-07-01,9.232999801635742,9.232999801635742
2014-07-02,9.34000015258789,9.34000015258789
2014-07-03,9.46500015258789,9.46500015258789
2014-07-04,9.470000267028809,9.470000267028809
2014-07-07,9.479999542236328,9.479999542236328
2014-07-08,9.425000190734863,9.425000190734863
2014-07-09,9.390000343322754,9.390000343322754
2014-07-10,9.282999992370605,9.282999992370605
2014-07-11,9.375,9.375
2014-07-14,9.477999687194824,9.477999687194824
2014-07-15,9.489999771118164,9.489999771118164
2014-07-16,9.604999542236328,9.604999542236328
2014-07-17,9.550000190734863,9.550000190734863
2014-07-18,9.579999923706055,9.579999923706055
2014-07-21,9.494999885559082,9.494999885559082
2014-07-22,9.760000228881836,9.760000228881836
2014-07-23,9.859999656677246,9.859999656677246
2014-07-24,9.975000381469727,9.975000381469727
2014-07-25,9.9399995803833,9.9399995803833
2014-07-28,10.109999656677246,10.109999656677246
2014-07-29,10.149999618530273,10.149999618530273
2014-07-30,10.109999656677246,10.109999656677246
2014-07-31,9.998000144958496,9.998000144958496
2014-08-01,9.984999656677246,9.984999656677246
2014-08-04,10.079999923706055,10.079999923706055
2014-08-05,10.0600004196167,10.0600004196167
2014-08-06,10.050000190734863,10.050000190734863
2014-08-07,9.960000038146973,9.960000038146973
2014-08-08,10.039999961853027,10.039999961853027
2014-08-11,10.210000038146973,10.210000038146973
2014-08-12,10.210000038146973,10.210000038146973
2014-08-13,10.359999656677246,10.359999656677246
2014-08-14,10.239999771118164,10.239999771118164
2014-08-15,10.199999809265137,10.199999809265137
2014-08-18,10.319999694824219,10.319999694824219
2014-08-19,10.350000381469727,10.350000381469727
2014-08-20,10.399999618530273,10.399999618530273
2014-08-21,10.260000228881836,10.260000228881836
2014-08-22,10.34000015258789,10.34000015258789
2014-08-25,10.380000114440918,10.380000114440918
2014-08-26,10.40999984741211,10.40999984741211
2014-08-27,10.350000381469727,10.350000381469727
2014-08-28,10.180000305175781,10.180000305175781
2014-08-29,10.260000228881836,10.260000228881836
2014-09-01,10.329999923706055,10.329999923706055
2014-09-02,10.350000381469727,10.350000381469727
2014-09-03,10.609999656677246,10.609999656677246
2014-09-04,10.819999694824219,10.819999694824219
2014-09-05,10.8100004196167,10.8100004196167
2014-09-08,10.850000381469727,10.850000381469727
2014-09-09,10.829999923706055,10.829999923706055
2014-09-10,10.579999923706055,10.579999923706055
2014-09-11,10.5600004196167,10.5600004196167
2014-09-12,10.510000228881836,10.510000228881836
2014-09-15,10.40999984741211,10.40999984741211
2014-09-16,10.4399995803833,10.4399995803833
2014-09-17,10.40999984741211,10.40999984741211
2014-09-18,10.369999885559082,10.369999885559082
2014-09-19,10.3100004196167,10.3100004196167
2014-09-22,10.220000267028809,10.220000267028809
2014-09-23,10.130000114440918,10.130000114440918
2014-09-24,10.329999923706055,10.329999923706055
2014-09-25,10.229999542236328,10.229999542236328
2014-09-26,10.270000457763672,10.270000457763672
2014-09-29,10.029999732971191,10.029999732971191
2014-09-30,10.069999694824219,10.069999694824219
2014-10-01,10.010000228881836,10.010000228881836
2014-10-02,9.73799991607666,9.73799991607666
2014-10-06,10.270000457763672,10.270000457763672
2014-10-07,10.149999618530273,10.149999618530273
2014-10-08,10.109999656677246,10.109999656677246
2014-10-09,10.09000015258789,10.09000015258789
2014-10-10,9.95300006866455,9.95300006866455
2014-10-13,10.050000190734863,10.050000190734863
2014-10-14,10.020000457763672,10.020000457763672
2014-10-15,9.767999649047852,9.767999649047852
2014-10-16,9.789999961853027,9.789999961853027
2014-10-17,9.984999656677246,9.984999656677246
2014-10-20,9.913000106811523,9.913000106811523
2014-10-21,10.039999961853027,10.039999961853027
2014-10-22,10.109999656677246,10.109999656677246
2014-10-23,10.140000343322754,10.140000343322754
2014-10-24,10.119999885559082,10.119999885559082
2014-10-27,9.930000305175781,9.930000305175781
2014-10-28,10.170000076293945,10.170000076293945
2014-10-29,10.279999732971191,10.279999732971191
2014-10-30,10.34000015258789,10.34000015258789
2014-10-31,10.529999732971191,10.529999732971191
2014-11-03,10.449999809265137,10.449999809265137
2014-11-04,10.430000305175781,10.430000305175781
2014-11-05,10.479999542236328,10.479999542236328
2014-11-06,10.510000228881836,10.510000228881836
2014-11-07,10.449999809265137,10.449999809265137
2014-11-10,10.510000228881836,10.510000228881836
2014-11-11,10.470000267028809,10.470000267028809
2014-11-12,10.5,10.5
2014-11-13,10.510000228881836,10.510000228881836
2014-11-14,10.680000305175781,10.680000305175781
2014-11-17,10.470000267028809,10.470000267028809
2014-11-18,10.279999732971191,10.279999732971191
2014-11-19,10.220000267028809,10.220000267028809
2014-11-20,10.220000267028809,10.220000267028809
2014-11-21,10.6899995803833,10.6899995803833
2014-11-24,10.630000114440918,10.630000114440918
2014-11-25,10.5600004196167,10.5600004196167
2014-11-26,10.800000190734863,10.800000190734863
2014-11-27,10.75,10.75
2014-11-28,10.720000267028809,10.720000267028809
2014-12-01,10.399999618530273,10.399999618530273
2014-12-02,10.710000038146973,10.710000038146973
2014-12-03,10.720000267028809,10.720000267028809
2014-12-04,10.850000381469727,10.850000381469727
2014-12-05,11.050000190734863,11.050000190734863
2014-12-08,11.050000190734863,11.050000190734863
2014-12-09,10.510000228881836,10.510000228881836
2014-12-10,10.5,10.5
2014-12-11,10.609999656677246,10.609999656677246
2014-12-12,10.359999656677246,10.359999656677246
2014-12-15,10.270000457763672,10.270000457763672
2014-12-16,10.420000076293945,10.420000076293945
2014-12-17,10.470000267028809,10.470000267028809
2014-12-18,10.670000076293945,10.670000076293945
2014-12-19,10.779999732971191,10.779999732971191
2014-12-22,10.960000038146973,10.960000038146973
2014-12-23,10.949999809265137,10.949999809265137
2014-12-29,11.170000076293945,11.170000076293945
2014-12-30,11.050000190734863,11.050000190734863
2015-01-02,11.34000015258789,11.34000015258789
2015-01-05,11.399999618530273,11.399999618530273
2015-01-06,11.329999923706055,11.329999923706055
2015-01-07,11.65999984741211,11.65999984741211
2015-01-08,11.84000015258789,11.84000015258789
2015-01-09,11.760000228881836,11.760000228881836
2015-01-12,11.699999809265137,11.699999809265137
2015-01-13,11.90999984741211,11.90999984741211
2015-01-14,11.699999809265137,11.699999809265137
2015-01-15,12.020000457763672,12.020000457763672
2015-01-16,11.960000038146973,11.960000038146973
2015-01-19,11.619999885559082,11.619999885559082
2015-01-20,11.850000381469727,11.850000381469727
2015-01-21,12.15999984741211,12.15999984741211
2015-01-22,12.4399995803833,12.4399995803833
2015-01-23,12.770000457763672,12.770000457763672
2015-01-26,12.739999771118164,12.739999771118164
2015-01-27,12.390000343322754,12.390000343322754
2015-01-28,12.34000015258789,12.34000015258789
2015-01-29,12.319999694824219,12.319999694824219
2015-01-30,12.180000305175781,12.180000305175781
2015-02-02,12.270000457763672,12.270000457763672
2015-02-03,12.25,12.25
2015-02-04,12.600000381469727,12.600000381469727
2015-02-05,12.380000114440918,12.380000114440918
2015-02-06,12.300000190734863,12.300000190734863
2015-02-09,12.229999542236328,12.229999542236328
2015-02-10,12.260000228881836,12.260000228881836
2015-02-11,12.199999809265137,12.199999809265137
2015-02-12,12.279999732971191,12.279999732971191
2015-02-13,12.399999618530273,12.399999618530273
2015-02-16,12.399999618530273,12.399999618530273
2015-02-17,12.4399995803833,12.4399995803833
2015-02-18,12.460000038146973,12.460000038146973
2015-02-19,12.449999809265137,12.449999809265137
2015-02-20,12.489999771118164,12.489999771118164
2015-02-23,12.489999771118164,12.489999771118164
2015-02-24,12.680000305175781,12.680000305175781
2015-02-25,12.550000190734863,12.550000190734863
2015-02-26,12.819999694824219,12.819999694824219
2015-02-27,12.859999656677246,12.859999656677246
2015-03-02,12.890000343322754,12.890000343322754
2015-03-03,12.550000190734863,12.550000190734863
2015-03-04,12.5600004196167,12.5600004196167
2015-03-05,12.630000114440918,12.630000114440918
2015-03-06,12.649999618530273,12.649999618530273
2015-03-09,12.8100004196167,12.8100004196167
2015-03-10,12.670000076293945,12.670000076293945
2015-03-11,12.859999656677246,12.859999656677246
2015-03-12,12.989999771118164,12.989999771118164
2015-03-13,13.100000381469727,13.100000381469727
2015-03-16,13.229999542236328,13.229999542236328
2015-03-17,13.239999771118164,13.239999771118164
2015-03-18,13.289999961853027,13.289999961853027
2015-03-19,13.399999618530273,13.399999618530273
2015-03-20,13.279999732971191,13.279999732971191
2015-03-23,13.100000381469727,13.100000381469727
2015-03-24,13.0600004196167,13.0600004196167
2015-03-25,12.880000114440918,12.880000114440918
2015-03-26,12.899999618530273,12.899999618530273
2015-03-27,13.130000114440918,13.130000114440918
2015-03-30,13.609999656677246,13.609999656677246
2015-03-31,13.710000038146973,13.710000038146973
2015-04-01,13.890000343322754,13.890000343322754
2015-04-02,13.960000038146973,13.960000038146973
2015-04-07,14.300000190734863,14.300000190734863
2015-04-08,15.109999656677246,15.109999656677246
2015-04-09,15.649999618530273,15.649999618530273
2015-04-10,15.829999923706055,15.829999923706055
2015-04-13,16.25,16.25
2015-04-14,15.720000267028809,15.720000267028809
2015-04-15,15.869999885559082,15.869999885559082
2015-04-16,15.949999809265137,15.949999809265137
2015-04-17,15.319999694824219,15.319999694824219
2015-04-20,15.539999961853027,15.539999961853027
2015-04-21,15.949999809265137,15.949999809265137
2015-04-22,16.229999542236328,16.229999542236328
2015-04-23,15.899999618530273,15.899999618530273
2015-04-24,15.899999618530273,15.899999618530273
2015-04-27,16.049999237060547,16.049999237060547
2015-04-28,15.880000114440918,15.880000114440918
2015-04-29,15.470000267028809,15.470000267028809
2015-04-30,15.279999732971191,15.279999732971191
2015-05-04,15.420000076293945,15.420000076293945
2015-05-05,14.989999771118164,14.989999771118164
2015-05-06,14.59000015258789,14.59000015258789
2015-05-07,14.399999618530273,14.399999618530273
2015-05-08,14.899999618530273,14.899999618530273
2015-05-11,15.010000228881836,15.010000228881836
2015-05-12,14.649999618530273,14.649999618530273
2015-05-13,14.4399995803833,14.4399995803833
2015-05-14,14.510000228881836,14.510000228881836
2015-05-15,14.609999656677246,14.609999656677246
2015-05-18,14.600000381469727,14.600000381469727
2015-05-19,15.069999694824219,15.069999694824219
2015-05-20,14.989999771118164,14.989999771118164
2015-05-21,14.890000343322754,14.890000343322754
2015-05-22,15.369999885559082,15.369999885559082
2015-05-26,15.710000038146973,15.710000038146973
2015-05-27,15.609999656677246,15.609999656677246
2015-05-28,15.09000015258789,15.09000015258789
2015-05-29,14.84000015258789,14.84000015258789
2015-06-01,15.050000190734863,15.050000190734863
2015-06-02,14.710000038146973,14.710000038146973
2015-06-03,14.619999885559082,14.619999885559082
2015-06-04,14.520000457763672,14.520000457763672
2015-06-05,14.550000190734863,14.550000190734863
2015-06-08,14.529999732971191,14.529999732971191
2015-06-09,14.170000076293945,14.170000076293945
2015-06-10,14.029999732971191,14.029999732971191
2015-06-11,14.229999542236328,14.229999542236328
2015-06-12,14.359999656677246,14.359999656677246
2015-06-15,13.960000038146973,13.960000038146973
2015-06-16,13.789999961853027,13.789999961853027
2015-06-17,13.859999656677246,13.859999656677246
2015-06-18,13.739999771118164,13.739999771118164
2015-06-19,13.770000457763672,13.770000457763672
2015-06-22,13.84000015258789,13.84000015258789
2015-06-23,14.40999984741211,14.40999984741211
2015-06-24,14.529999732971191,14.529999732971191
2015-06-25,14.270000457763672,14.270000457763672
2015-06-26,13.979999542236328,13.979999542236328
2015-06-29,13.520000457763672,13.520000457763672
2015-06-30,13.739999771118164,13.739999771118164
2015-07-01,13.760000228881836,13.760000228881836
2015-07-02,13.84000015258789,13.84000015258789
2015-07-03,13.539999961853027,13.539999961853027
2015-07-06,13.180000305175781,13.180000305175781
2015-07-07,12.399999618530273,12.399999618530273
2015-07-08,11.949999809265137,11.949999809265137
2015-07-09,12.529999732971191,12.529999732971191
2015-07-10,12.869999885559082,12.869999885559082
2015-07-13,13.220000267028809,13.220000267028809
2015-07-14,13.170000076293945,13.170000076293945
2015-07-15,13.039999961853027,13.039999961853027
2015-07-16,13.25,13.25
2015-07-17,13.40999984741211,13.40999984741211
2015-07-20,13.350000381469727,13.350000381469727
2015-07-21,13.319999694824219,13.319999694824219
2015-07-22,13.199999809265137,13.199999809265137
2015-07-23,13.130000114440918,13.130000114440918
2015-07-24,12.979999542236328,12.979999542236328
2015-07-27,12.270000457763672,12.270000457763672
2015-07-28,12.420000076293945,12.420000076293945
2015-07-29,12.569999694824219,12.569999694824219
2015-07-30,12.550000190734863,12.550000190734863
2015-07-31,12.539999961853027,12.539999961853027
2015-08-03,12.390000343322754,12.390000343322754
2015-08-04,12.449999809265137,12.449999809265137
2015-08-05,12.65999984741211,12.65999984741211
2015-08-06,12.4399995803833,12.4399995803833
2015-08-07,12.5,12.5
2015-08-10,12.729999542236328,12.729999542236328
2015-08-11,12.380000114440918,12.380000114440918
2015-08-12,11.979999542236328,11.979999542236328
2015-08-13,12.25,12.25
2015-08-14,12.239999771118164,12.239999771118164
2015-08-17,12.180000305175781,12.180000305175781
2015-08-18,12.029999732971191,12.029999732971191
2015-08-19,11.670000076293945,11.670000076293945
2015-08-20,11.279999732971191,11.279999732971191
2015-08-21,10.890000343322754,10.890000343322754
2015-08-24,9.907999992370605,9.907999992370605
2015-08-25,10.710000038146973,10.710000038146973
2015-08-26,10.270000457763672,10.270000457763672
2015-08-27,11.09000015258789,11.09000015258789
2015-08-28,11.020000457763672,11.020000457763672
2015-08-31,10.890000343322754,10.890000343322754
2015-09-01,10.380000114440918,10.380000114440918
2015-09-02,10.329999923706055,10.329999923706055
2015-09-03,10.720000267028809,10.720000267028809
2015-09-04,10.3100004196167,10.3100004196167
2015-09-07,10.369999885559082,10.369999885559082
2015-09-08,10.84000015258789,10.84000015258789
2015-09-09,11.050000190734863,11.050000190734863
2015-09-10,10.84000015258789,10.84000015258789
2015-09-11,10.760000228881836,10.760000228881836
2015-09-14,10.680000305175781,10.680000305175781
2015-09-15,10.850000381469727,10.850000381469727
2015-09-16,11.15999984741211,11.15999984741211
2015-09-17,11.029999732971191,11.029999732971191
2015-09-18,10.920000076293945,10.920000076293945
2015-09-21,11.170000076293945,11.170000076293945
2015-09-22,10.949999809265137,10.949999809265137
2015-09-23,10.859999656677246,10.859999656677246
2015-09-24,10.5600004196167,10.5600004196167
2015-09-25,10.789999961853027,10.789999961853027
2015-09-28,10.489999771118164,10.489999771118164
2015-09-29,10.4399995803833,10.4399995803833
2015-09-30,10.779999732971191,10.779999732971191
2015-10-01,10.779999732971191,10.779999732971191
2015-10-02,10.9399995803833,10.9399995803833
2015-10-05,11.359999656677246,11.359999656677246
2015-10-06,11.210000038146973,11.210000038146973
2015-10-07,11.5,11.5
2015-10-08,11.5,11.5
2015-10-09,11.529999732971191,11.529999732971191
2015-10-12,11.529999732971191,11.529999732971191
2015-10-13,11.470000267028809,11.470000267028809
2015-10-14,11.350000381469727,11.350000381469727
2015-10-15,11.600000381469727,11.600000381469727
2015-10-16,11.789999961853027,11.789999961853027
2015-10-19,11.760000228881836,11.760000228881836
2015-10-20,11.720000267028809,11.720000267028809
2015-10-21,11.680000305175781,11.680000305175781
2015-10-22,12.020000457763672,12.020000457763672
2015-10-23,12.329999923706055,12.329999923706055
2015-10-26,12.109999656677246,12.109999656677246
2015-10-27,12.0,12.0
2015-10-28,11.989999771118164,11.989999771118164
2015-10-29,11.899999618530273,11.899999618530273
2015-10-30,11.8100004196167,11.8100004196167
2015-11-02,11.8100004196167,11.8100004196167
2015-11-03,11.979999542236328,11.979999542236328
2015-11-04,12.220000267028809,12.220000267028809
2015-11-05,12.300000190734863,12.300000190734863
2015-11-06,12.289999961853027,12.289999961853027
2015-11-09,12.069999694824219,12.069999694824219
2015-11-10,12.039999961853027,12.039999961853027
2015-11-11,12.079999923706055,12.079999923706055
2015-11-12,12.079999923706055,12.079999923706055
2015-11-13,11.829999923706055,11.829999923706055
2015-11-16,11.890000343322754,11.890000343322754
2015-11-17,12.100000381469727,12.100000381469727
2015-11-18,12.140000343322754,12.140000343322754
2015-11-19,12.130000114440918,12.130000114440918
2015-11-20,12.399999618530273,12.399999618530273
2015-11-23,12.369999885559082,12.369999885559082
2015-11-24,12.229999542236328,12.229999542236328
2015-11-25,12.270000457763672,12.270000457763672
2015-11-26,12.279999732971191,12.279999732971191
2015-11-27,12.010000228881836,12.010000228881836
2015-11-30,12.039999961853027,12.039999961853027
2015-12-01,12.020000457763672,12.020000457763672
2015-12-02,12.109999656677246,12.109999656677246
2015-12-03,11.680000305175781,11.680000305175781
2015-12-04,11.710000038146973,11.710000038146973
2015-12-07,11.670000076293945,11.670000076293945
2015-12-08,11.470000267028809,11.470000267028809
2015-12-09,11.329999923706055,11.329999923706055
2015-12-10,11.239999771118164,11.239999771118164
2015-12-11,10.930000305175781,10.930000305175781
2015-12-14,10.819999694824219,10.819999694824219
2015-12-15,11.279999732971191,11.279999732971191
2015-12-16,11.300000190734863,11.300000190734863
2015-12-17,11.430000305175781,11.430000305175781
2015-12-18,11.40999984741211,11.40999984741211
2015-12-21,11.350000381469727,11.350000381469727
2015-12-22,11.390000343322754,11.390000343322754
2015-12-23,11.699999809265137,11.699999809265137
2015-12-28,11.380000114440918,11.380000114440918
2015-12-29,11.550000190734863,11.550000190734863
2015-12-30,11.399999618530273,11.399999618530273
2016-01-04,11.050000190734863,11.050000190734863
2016-01-05,11.100000381469727,11.100000381469727
2016-01-06,10.930000305175781,10.930000305175781
2016-01-07,10.539999961853027,10.539999961853027
2016-01-08,10.229999542236328,10.229999542236328
2016-01-11,10.149999618530273,10.149999618530273
2016-01-12,10.199999809265137,10.199999809265137
2016-01-13,10.210000038146973,10.210000038146973
2016-01-14,9.975000381469727,9.975000381469727
2016-01-15,9.574999809265137,9.574999809265137
2016-01-18,9.704999923706055,9.704999923706055
2016-01-19,9.932999610900879,9.932999610900879
2016-01-20,9.454999923706055,9.454999923706055
2016-01-21,9.6850004196167,9.6850004196167
2016-01-22,9.914999961853027,9.914999961853027
2016-01-25,9.869999885559082,9.869999885559082
2016-01-26,9.803000450134277,9.803000450134277
2016-01-27,9.77299976348877,9.77299976348877
2016-01-28,9.630000114440918,9.630000114440918
2016-01-29,10.0,10.0
2016-02-01,9.875,9.875
2016-02-02,9.725000381469727,9.725000381469727
2016-02-03,9.39799976348877,9.39799976348877
2016-02-04,9.402999877929688,9.402999877929688
2016-02-05,9.378000259399414,9.378000259399414
2016-02-08,9.100000381469727,9.100000381469727
2016-02-09,8.914999961853027,8.914999961853027
2016-02-10,9.128000259399414,9.128000259399414
2016-02-11,8.664999961853027,8.664999961853027
2016-02-12,8.993000030517578,8.993000030517578
2016-02-15,9.36299991607666,9.36299991607666
2016-02-16,9.463000297546387,9.463000297546387
2016-02-17,9.635000228881836,9.635000228881836
2016-02-18,9.652999877929688,9.652999877929688
2016-02-19,9.67300033569336,9.67300033569336
2016-02-22,9.968000411987305,9.968000411987305
2016-02-23,9.803000450134277,9.803000450134277
2016-02-24,9.538000106811523,9.538000106811523
2016-02-25,9.5600004196167,9.5600004196167
2016-02-26,9.845000267028809,9.845000267028809
2016-02-29,9.925000190734863,9.925000190734863
2016-03-01,10.109999656677246,10.109999656677246
2016-03-02,10.300000190734863,10.300000190734863
2016-03-03,10.180000305175781,10.180000305175781
2016-03-04,10.430000305175781,10.430000305175781
2016-03-07,10.380000114440918,10.380000114440918
2016-03-08,10.109999656677246,10.109999656677246
2016-03-09,10.180000305175781,10.180000305175781
2016-03-10,9.857999801635742,9.857999801635742
2016-03-11,10.229999542236328,10.229999542236328
2016-03-14,10.380000114440918,10.380000114440918
2016-03-15,10.210000038146973,10.210000038146973
2016-03-16,10.229999542236328,10.229999542236328
2016-03-17,10.25,10.25
2016-03-18,10.449999809265137,10.449999809265137
2016-03-21,10.489999771118164,10.489999771118164
2016-03-22,10.479999542236328,10.479999542236328
2016-03-23,10.359999656677246,10.359999656677246
2016-03-24,10.199999809265137,10.199999809265137
2016-03-29,10.270000457763672,10.270000457763672
2016-03-30,10.479999542236328,10.479999542236328
2016-03-31,10.420000076293945,10.420000076293945
2016-04-01,10.3100004196167,10.3100004196167
2016-04-04,10.300000190734863,10.300000190734863
2016-04-05,10.079999923706055,10.079999923706055
2016-04-06,10.149999618530273,10.149999618530273
2016-04-07,10.109999656677246,10.109999656677246
2016-04-08,10.180000305175781,10.180000305175781
2016-04-11,10.289999961853027,10.289999961853027
2016-04-12,10.390000343322754,10.390000343322754
2016-04-13,10.859999656677246,10.859999656677246
2016-04-14,10.920000076293945,10.920000076293945
2016-04-15,10.789999961853027,10.789999961853027
2016-04-18,10.760000228881836,10.760000228881836
2016-04-19,10.800000190734863,10.800000190734863
2016-04-20,10.729999542236328,10.729999542236328
2016-04-21,10.75,10.75
2016-04-22,10.729999542236328,10.729999542236328
2016-04-25,10.579999923706055,10.579999923706055
2016-04-26,10.539999961853027,10.539999961853027
2016-04-27,10.529999732971191,10.529999732971191
2016-04-28,10.609999656677246,10.609999656677246
2016-04-29,10.229999542236328,10.229999542236328
2016-05-02,10.170000076293945,10.170000076293945
2016-05-03,9.968000411987305,9.968000411987305
2016-05-04,9.875,9.875
2016-05-05,10.020000457763672,10.020000457763672
2016-05-06,9.892999649047852,9.892999649047852
2016-05-09,9.789999961853027,9.789999961853027
2016-05-10,9.890000343322754,9.890000343322754
2016-05-11,9.829999923706055,9.829999923706055
2016-05-12,9.779999732971191,9.779999732971191
2016-05-13,9.79800033569336,9.79800033569336
2016-05-17,9.925000190734863,9.925000190734863
2016-05-18,9.942999839782715,9.942999839782715
2016-05-19,9.788000106811523,9.788000106811523
2016-05-20,9.95300006866455,9.95300006866455
2016-05-23,9.9399995803833,9.9399995803833
2016-05-24,10.109999656677246,10.109999656677246
2016-05-25,10.239999771118164,10.239999771118164
2016-05-26,10.220000267028809,10.220000267028809
2016-05-27,10.399999618530273,10.399999618530273
2016-05-30,10.430000305175781,10.430000305175781
2016-05-31,10.479999542236328,10.479999542236328
2016-06-01,10.430000305175781,10.430000305175781
2016-06-02,10.4399995803833,10.4399995803833
2016-06-03,10.260000228881836,10.260000228881836
2016-06-06,10.430000305175781,10.430000305175781
2016-06-07,10.579999923706055,10.579999923706055
2016-06-08,10.470000267028809,10.470000267028809
2016-06-09,10.4399995803833,10.4399995803833
2016-06-10,10.289999961853027,10.289999961853027
2016-06-13,10.09000015258789,10.09000015258789
2016-06-14,10.079999923706055,10.079999923706055
2016-06-15,10.180000305175781,10.180000305175781
2016-06-16,10.109999656677246,10.109999656677246
2016-06-17,10.020000457763672,10.020000457763672
2016-06-20,10.260000228881836,10.260000228881836
2016-06-21,10.289999961853027,10.289999961853027
2016-06-22,10.420000076293945,10.420000076293945
2016-06-23,10.430000305175781,10.430000305175781
2016-06-24,10.279999732971191,10.279999732971191
2016-06-27,10.119999885559082,10.119999885559082
2016-06-28,10.319999694824219,10.319999694824219
2016-06-29,10.5600004196167,10.5600004196167
2016-06-30,10.699999809265137,10.699999809265137
2016-07-01,10.720000267028809,10.720000267028809
2016-07-04,10.670000076293945,10.670000076293945
2016-07-05,10.619999885559082,10.619999885559082
2016-07-06,10.479999542236328,10.479999542236328
2016-07-07,10.609999656677246,10.609999656677246
2016-07-08,10.729999542236328,10.729999542236328
2016-07-11,10.890000343322754,10.890000343322754
2016-07-12,11.050000190734863,11.050000190734863
2016-07-13,10.90999984741211,10.90999984741211
2016-07-14,11.050000190734863,11.050000190734863
2016-07-15,11.09000015258789,11.09000015258789
2016-07-18,11.109999656677246,11.109999656677246
2016-07-19,11.119999885559082,11.119999885559082
2016-07-20,11.229999542236328,11.229999542236328
2016-07-21,11.25,11.25
2016-07-22,11.260000228881836,11.260000228881836
2016-07-25,11.210000038146973,11.210000038146973
2016-07-26,11.279999732971191,11.279999732971191
2016-07-27,11.279999732971191,11.279999732971191
2016-07-28,11.140000343322754,11.140000343322754
2016-07-29,11.0,11.0
2016-08-01,11.100000381469727,11.100000381469727
2016-08-02,10.880000114440918,10.880000114440918
2016-08-03,10.9399995803833,10.9399995803833
2016-08-04,11.069999694824219,11.069999694824219
2016-08-05,11.300000190734863,11.300000190734863
2016-08-08,11.375,11.375
2016-08-09,11.432999610900879,11.432999610900879
2016-08-10,11.343000411987305,11.343000411987305
2016-08-11,11.562999725341797,11.562999725341797
2016-08-12,11.61299991607666,11.61299991607666
2016-08-15,11.868000030517578,11.868000030517578
2016-08-16,11.704999923706055,11.704999923706055
2016-08-17,11.635000228881836,11.635000228881836
2016-08-18,11.727999687194824,11.727999687194824
2016-08-19,11.6899995803833,11.6899995803833
2016-08-22,11.630000114440918,11.630000114440918
2016-08-23,11.697999954223633,11.697999954223633
2016-08-24,11.675000190734863,11.675000190734863
2016-08-25,11.585000038146973,11.585000038146973
2016-08-26,11.767999649047852,11.767999649047852
2016-08-29,11.744999885559082,11.744999885559082
2016-08-30,11.890000343322754,11.890000343322754
2016-08-31,11.732999801635742,11.732999801635742
2016-09-01,11.767999649047852,11.767999649047852
2016-09-02,12.032999992370605,12.032999992370605
2016-09-05,12.154999732971191,12.154999732971191
2016-09-06,12.204999923706055,12.204999923706055
2016-09-07,12.187999725341797,12.187999725341797
2016-09-08,12.260000228881836,12.260000228881836
2016-09-09,12.142999649047852,12.142999649047852
2016-09-12,11.958000183105469,11.958000183105469
2016-09-13,11.77299976348877,11.77299976348877
2016-09-14,11.873000144958496,11.873000144958496
2016-09-15,12.017999649047852,12.017999649047852
2016-09-16,12.055000305175781,12.055000305175781
2016-09-19,12.142999649047852,12.142999649047852
2016-09-20,12.11299991607666,12.11299991607666
2016-09-21,12.265000343322754,12.265000343322754
2016-09-22,12.407999992370605,12.407999992370605
2016-09-23,12.312999725341797,12.312999725341797
2016-09-26,12.012999534606934,12.012999534606934
2016-09-27,12.170000076293945,12.170000076293945
2016-09-28,12.178000450134277,12.178000450134277
2016-09-29,12.152999877929688,12.152999877929688
2016-09-30,12.125,12.125
2016-10-04,12.282999992370605,12.282999992370605
2016-10-05,12.303000450134277,12.303000450134277
2016-10-06,12.352999687194824,12.352999687194824
2016-10-07,12.3149995803833,12.3149995803833
2016-10-10,12.510000228881836,12.510000228881836
2016-10-11,12.288000106811523,12.288000106811523
2016-10-12,12.27299976348877,12.27299976348877
2016-10-13,12.043000221252441,12.043000221252441
2016-10-14,12.192999839782715,12.192999839782715
2016-10-17,12.137999534606934,12.137999534606934
2016-10-18,12.317999839782715,12.317999839782715
2016-10-19,12.343000411987305,12.343000411987305
2016-10-20,12.368000030517578,12.368000030517578
2016-10-21,12.432999610900879,12.432999610900879
2016-10-24,12.517999649047852,12.517999649047852
2016-10-25,12.48799991607666,12.48799991607666
2016-10-26,12.352999687194824,12.352999687194824
2016-10-27,12.222999572753906,12.222999572753906
2016-10-28,12.142999649047852,12.142999649047852
2016-10-31,12.0600004196167,12.0600004196167
2016-11-01,11.928000450134277,11.928000450134277
2016-11-02,11.692999839782715,11.692999839782715
2016-11-03,11.694999694824219,11.694999694824219
2016-11-04,11.585000038146973,11.585000038146973
2016-11-07,12.003000259399414,12.003000259399414
2016-11-08,12.029999732971191,12.029999732971191
2016-11-09,11.932999610900879,11.932999610900879
2016-11-10,11.770000457763672,11.770000457763672
2016-11-11,11.583000183105469,11.583000183105469
2016-11-14,11.625,11.625
2016-11-15,11.789999961853027,11.789999961853027
2016-11-16,11.859999656677246,11.859999656677246
2016-11-17,11.937999725341797,11.937999725341797
2016-11-18,11.963000297546387,11.963000297546387
2016-11-21,12.003000259399414,12.003000259399414
2016-11-22,12.130000114440918,12.130000114440918
2016-11-23,12.137999534606934,12.137999534606934
2016-11-24,12.17300033569336,12.17300033569336
2016-11-25,12.220000267028809,12.220000267028809
2016-11-28,12.312999725341797,12.312999725341797
2016-11-29,12.368000030517578,12.368000030517578
2016-11-30,12.42300033569336,12.42300033569336
2016-12-01,12.262999534606934,12.262999534606934
2016-12-02,12.123000144958496,12.123000144958496
2016-12-05,12.03499984741211,12.03499984741211
2016-12-06,11.998000144958496,11.998000144958496
2016-12-07,12.057999610900879,12.057999610900879
2016-12-08,12.253000259399414,12.253000259399414
2016-12-09,12.28499984741211,12.28499984741211
2016-12-12,11.960000038146973,11.960000038146973
2016-12-13,12.067999839782715,12.067999839782715
2016-12-14,11.96500015258789,11.96500015258789
2016-12-15,12.003000259399414,12.003000259399414
2016-12-16,11.887999534606934,11.887999534606934
2016-12-19,11.805000305175781,11.805000305175781
2016-12-20,11.878000259399414,11.878000259399414
2016-12-21,11.824999809265137,11.824999809265137
2016-12-22,11.607999801635742,11.607999801635742
2016-12-23,11.614999771118164,11.614999771118164
2016-12-27,11.678000450134277,11.678000450134277
2016-12-28,11.824999809265137,11.824999809265137
2016-12-29,11.843000411987305,11.843000411987305
2016-12-30,11.857999801635742,11.857999801635742
2017-01-02,11.947999954223633,11.947999954223633
2017-01-03,12.043000221252441,12.043000221252441
2017-01-04,12.067999839782715,12.067999839782715
2017-01-05,12.149999618530273,12.149999618530273
2017-01-06,12.128000259399414,12.128000259399414
2017-01-09,12.199999809265137,12.199999809265137
2017-01-10,12.385000228881836,12.385000228881836
2017-01-11,12.387999534606934,12.387999534606934
2017-01-12,12.199999809265137,12.199999809265137
2017-01-13,12.34000015258789,12.34000015258789
2017-01-16,12.267999649047852,12.267999649047852
2017-01-17,12.199999809265137,12.199999809265137
2017-01-18,12.307999610900879,12.307999610900879
2017-01-19,12.329999923706055,12.329999923706055
2017-01-20,12.244999885559082,12.244999885559082
2017-01-23,12.192999839782715,12.192999839782715
2017-01-24,12.317999839782715,12.317999839782715
2017-01-25,12.418000221252441,12.418000221252441
2017-01-26,12.524999618530273,12.524999618530273
2017-01-27,12.468000411987305,12.468000411987305
2017-01-30,12.347999572753906,12.347999572753906
2017-01-31,12.274999618530273,12.274999618530273
2017-02-01,12.378000259399414,12.378000259399414
2017-02-02,12.324999809265137,12.324999809265137
2017-02-03,12.36299991607666,12.36299991607666
2017-02-06,12.475000381469727,12.475000381469727
2017-02-07,12.527999877929688,12.527999877929688
2017-02-08,12.642999649047852,12.642999649047852
2017-02-09,12.843000411987305,12.843000411987305
2017-02-10,12.857999801635742,12.857999801635742
2017-02-13,13.0600004196167,13.0600004196167
2017-02-14,12.958000183105469,12.958000183105469
2017-02-15,13.125,13.125
2017-02-16,13.062999725341797,13.062999725341797
2017-02-17,13.032999992370605,13.032999992370605
2017-02-20,13.157999992370605,13.157999992370605
2017-02-21,13.248000144958496,13.248000144958496
2017-02-22,13.380000114440918,13.380000114440918
2017-02-23,13.267999649047852,13.267999649047852
2017-02-24,13.118000030517578,13.118000030517578
2017-02-27,13.008000373840332,13.008000373840332
2017-02-28,13.010000228881836,13.010000228881836
2017-03-01,13.225000381469727,13.225000381469727
2017-03-02,13.039999961853027,13.039999961853027
2017-03-03,13.04800033569336,13.04800033569336
2017-03-06,12.970000267028809,12.970000267028809
2017-03-07,13.04800033569336,13.04800033569336
2017-03-08,13.095000267028809,13.095000267028809
2017-03-09,12.902999877929688,12.902999877929688
2017-03-10,12.875,12.875
2017-03-13,13.109999656677246,13.109999656677246
2017-03-14,13.079999923706055,13.079999923706055
2017-03-15,13.130000114440918,13.130000114440918
2017-03-16,13.28499984741211,13.28499984741211
2017-03-17,13.282999992370605,13.282999992370605
2017-03-20,13.437999725341797,13.437999725341797
2017-03-21,13.218000411987305,13.218000411987305
2017-03-22,13.225000381469727,13.225000381469727
2017-03-23,13.279999732971191,13.279999732971191
2017-03-24,13.244999885559082,13.244999885559082
2017-03-27,13.0600004196167,13.0600004196167
2017-03-28,13.168000221252441,13.168000221252441
2017-03-29,13.260000228881836,13.260000228881836
2017-03-30,13.23799991607666,13.23799991607666
2017-03-31,13.204999923706055,13.204999923706055
2017-04-03,13.305000305175781,13.305000305175781
2017-04-04,13.364999771118164,13.364999771118164
2017-04-05,13.413000106811523,13.413000106811523
2017-04-06,13.378000259399414,13.378000259399414
2017-04-07,13.42300033569336,13.42300033569336
2017-04-10,13.395000457763672,13.395000457763672
2017-04-11,13.255000114440918,13.255000114440918
2017-04-12,13.343000411987305,13.343000411987305
2017-04-13,13.399999618530273,13.399999618530273
2017-04-18,13.11299991607666,13.11299991607666
2017-04-19,13.180000305175781,13.180000305175781
2017-04-20,13.20300006866455,13.20300006866455
2017-04-21,13.267999649047852,13.267999649047852
2017-04-24,13.20300006866455,13.20300006866455
2017-04-25,13.295000076293945,13.295000076293945
2017-04-26,13.368000030517578,13.368000030517578
2017-04-27,13.305000305175781,13.305000305175781
2017-04-28,13.243000030517578,13.243000030517578
2017-05-02,13.307999610900879,13.307999610900879
2017-05-03,13.255000114440918,13.255000114440918
2017-05-04,13.07800006866455,13.07800006866455
2017-05-05,12.984999656677246,12.984999656677246
2017-05-08,13.137999534606934,13.137999534606934
2017-05-09,13.45300006866455,13.45300006866455
2017-05-10,13.567999839782715,13.567999839782715
2017-05-11,13.503000259399414,13.503000259399414
2017-05-12,13.59000015258789,13.59000015258789
2017-05-15,13.595000267028809,13.595000267028809
2017-05-16,13.538000106811523,13.538000106811523
2017-05-17,13.324999809265137,13.324999809265137
2017-05-18,13.300000190734863,13.300000190734863
2017-05-19,13.463000297546387,13.463000297546387
2017-05-22,13.538000106811523,13.538000106811523
2017-05-23,13.5,13.5
2017-05-24,13.53499984741211,13.53499984741211
2017-05-25,13.64799976348877,13.64799976348877
2017-05-26,13.704999923706055,13.704999923706055
2017-05-29,13.710000038146973,13.710000038146973
2017-05-30,13.668000221252441,13.668000221252441
2017-05-31,13.484999656677246,13.484999656677246
2017-06-01,13.642999649047852,13.642999649047852
2017-06-02,13.640000343322754,13.640000343322754
2017-06-06,13.722999572753906,13.722999572753906
2017-06-07,13.744999885559082,13.744999885559082
2017-06-08,14.010000228881836,14.010000228881836
2017-06-09,14.093000411987305,14.093000411987305
2017-06-12,13.8149995803833,13.8149995803833
2017-06-13,13.807999610900879,13.807999610900879
2017-06-14,13.748000144958496,13.748000144958496
2017-06-15,13.657999992370605,13.657999992370605
2017-06-16,13.607999801635742,13.607999801635742
2017-06-19,13.930000305175781,13.930000305175781
2017-06-20,13.883000373840332,13.883000373840332
2017-06-21,13.918000221252441,13.918000221252441
2017-06-22,14.0649995803833,14.0649995803833
2017-06-23,13.960000038146973,13.960000038146973
2017-06-26,14.039999961853027,14.039999961853027
2017-06-27,13.920000076293945,13.920000076293945
2017-06-28,13.793000221252441,13.793000221252441
2017-06-29,13.557999610900879,13.557999610900879
2017-06-30,13.640000343322754,13.640000343322754
2017-07-03,13.760000228881836,13.760000228881836
2017-07-04,13.635000228881836,13.635000228881836
2017-07-05,13.65999984741211,13.65999984741211
2017-07-06,13.515000343322754,13.515000343322754
2017-07-07,13.555000305175781,13.555000305175781
2017-07-10,13.625,13.625
2017-07-11,13.779999732971191,13.779999732971191
2017-07-12,14.109999656677246,14.109999656677246
2017-07-13,14.175000190734863,14.175000190734863
2017-07-14,14.265000343322754,14.265000343322754
2017-07-17,14.1899995803833,14.1899995803833
2017-07-18,14.140000343322754,14.140000343322754
2017-07-19,14.4399995803833,14.4399995803833
2017-07-20,14.25,14.25
2017-07-21,14.164999961853027,14.164999961853027
2017-07-24,14.260000228881836,14.260000228881836
2017-07-25,14.255000114440918,14.255000114440918
2017-07-26,14.359999656677246,14.359999656677246
2017-07-27,14.5,14.5
2017-07-28,14.3149995803833,14.3149995803833
2017-07-31,14.34000015258789,14.34000015258789
2017-08-01,14.414999961853027,14.414999961853027
2017-08-02,14.204999923706055,14.204999923706055
2017-08-03,14.210000038146973,14.210000038146973
2017-08-04,14.420000076293945,14.420000076293945
2017-08-07,14.545000076293945,14.545000076293945
2017-08-08,14.795000076293945,14.795000076293945
2017-08-09,14.645000457763672,14.645000457763672
2017-08-10,14.390000343322754,14.390000343322754
2017-08-11,14.069999694824219,14.069999694824219
2017-08-14,14.380000114440918,14.380000114440918
2017-08-15,14.385000228881836,14.385000228881836
2017-08-16,14.6899995803833,14.6899995803833
2017-08-17,14.595000267028809,14.595000267028809
2017-08-18,14.550000190734863,14.550000190734863
2017-08-21,14.5600004196167,14.5600004196167
2017-08-22,14.829999923706055,14.829999923706055
2017-08-23,14.850000381469727,14.850000381469727
2017-08-24,14.835000038146973,14.835000038146973
2017-08-25,14.835000038146973,14.835000038146973
2017-08-28,14.604999542236328,14.604999542236328
2017-08-29,14.489999771118164,14.489999771118164
2017-08-30,14.720000267028809,14.720000267028809
2017-08-31,14.84000015258789,14.84000015258789
2017-09-01,14.895000457763672,14.895000457763672
2017-09-04,14.765000343322754,14.765000343322754
2017-09-05,14.699999809265137,14.699999809265137
2017-09-06,14.654999732971191,14.654999732971191
2017-09-07,14.654999732971191,14.654999732971191
2017-09-08,14.630000114440918,14.630000114440918
2017-09-11,14.885000228881836,14.885000228881836
2017-09-12,14.989999771118164,14.989999771118164
2017-09-13,15.069999694824219,15.069999694824219
2017-09-14,15.100000381469727,15.100000381469727
2017-09-15,15.050000190734863,15.050000190734863
2017-09-18,15.255000114440918,15.255000114440918
2017-09-19,15.220000267028809,15.220000267028809
2017-09-20,15.25,15.25
2017-09-21,15.289999961853027,15.289999961853027
2017-09-22,15.130000114440918,15.130000114440918
2017-09-25,14.845000267028809,14.845000267028809
2017-09-26,14.989999771118164,14.989999771118164
2017-09-27,15.069999694824219,15.069999694824219
2017-09-28,14.975000381469727,14.975000381469727
2017-09-29,15.125,15.125
2017-10-02,15.375,15.375
2017-10-03,15.375,15.375
2017-10-04,15.675000190734863,15.675000190734863
2017-10-05,15.869999885559082,15.869999885559082
2017-10-06,15.789999961853027,15.789999961853027
2017-10-09,15.795000076293945,15.795000076293945
2017-10-10,15.850000381469727,15.850000381469727
2017-10-11,15.725000381469727,15.725000381469727
2017-10-12,15.75,15.75
2017-10-13,15.835000038146973,15.835000038146973
2017-10-16,15.899999618530273,15.899999618530273
2017-10-17,15.875,15.875
2017-10-18,15.925000190734863,15.925000190734863
2017-10-19,15.579999923706055,15.579999923706055
2017-10-20,15.8149995803833,15.8149995803833
2017-10-23,15.729999542236328,15.729999542236328
2017-10-24,15.729999542236328,15.729999542236328
2017-10-25,15.5,15.5
2017-10-26,15.704999923706055,15.704999923706055
2017-10-27,15.9350004196167,15.9350004196167
2017-10-30,15.765000343322754,15.765000343322754
2017-10-31,15.765000343322754,15.765000343322754
2017-11-01,16.1200008392334,16.1200008392334
2017-11-02,16.040000915527344,16.040000915527344
2017-11-03,16.139999389648438,16.139999389648438
2017-11-06,16.34000015258789,16.34000015258789
2017-11-07,16.5049991607666,16.5049991607666
2017-11-08,16.450000762939453,16.450000762939453
2017-11-09,16.31999969482422,16.31999969482422
2017-11-10,16.3799991607666,16.3799991607666
2017-11-13,16.454999923706055,16.454999923706055
2017-11-14,16.125,16.125
2017-11-15,15.975000381469727,15.975000381469727
2017-11-16,16.34000015258789,16.34000015258789
2017-11-17,16.325000762939453,16.325000762939453
2017-11-20,16.55500030517578,16.55500030517578
2017-11-21,16.96500015258789,16.96500015258789
2017-11-22,16.80500030517578,16.80500030517578
2017-11-23,16.565000534057617,16.565000534057617
2017-11-24,16.514999389648438,16.514999389648438
2017-11-27,16.28499984741211,16.28499984741211
2017-11-28,16.385000228881836,16.385000228881836
2017-11-29,15.994999885559082,15.994999885559082
2017-11-30,15.829999923706055,15.829999923706055
2017-12-01,15.529999732971191,15.529999732971191
2017-12-04,15.654999732971191,15.654999732971191
2017-12-05,15.682499885559082,15.682499885559082
2017-12-06,15.28499984741211,15.28499984741211
2017-12-07,15.482500076293945,15.482500076293945
2017-12-08,15.78499984741211,15.78499984741211
2017-12-11,15.9350004196167,15.9350004196167
2017-12-12,15.819999694824219,15.819999694824219
2017-12-13,16.037500381469727,16.037500381469727
2017-12-14,15.892499923706055,15.892499923706055
2017-12-15,15.797499656677246,15.797499656677246
2017-12-18,15.970000267028809,15.970000267028809
2017-12-19,15.914999961853027,15.914999961853027
2017-12-20,15.739999771118164,15.739999771118164
2017-12-21,16.049999237060547,16.049999237060547
2017-12-22,16.1299991607666,16.1299991607666
2017-12-27,16.059999465942383,16.059999465942383
2017-12-28,16.024999618530273,16.024999618530273
2017-12-29,16.030000686645508,16.030000686645508
2018-01-02,16.34600067138672,16.34600067138672
2018-01-03,16.65999984741211,16.65999984741211
2018-01-04,16.729999542236328,16.729999542236328
2018-01-05,16.857999801635742,16.857999801635742
2018-01-08,17.030000686645508,17.030000686645508
2018-01-09,17.125999450683594,17.125999450683594
2018-01-10,16.969999313354492,16.969999313354492
2018-01-11,16.8799991607666,16.8799991607666
2018-01-12,17.020000457763672,17.020000457763672
2018-01-15,16.66200065612793,16.66200065612793
2018-01-16,16.964000701904297,16.964000701904297
2018-01-17,16.974000930786133,16.974000930786133
2018-01-18,16.996000289916992,16.996000289916992
2018-01-19,17.191999435424805,17.191999435424805
2018-01-22,17.260000228881836,17.260000228881836
2018-01-23,17.52199935913086,17.52199935913086
2018-01-24,17.413999557495117,17.413999557495117
2018-01-25,17.22599983215332,17.22599983215332
2018-01-26,17.697999954223633,17.697999954223633
2018-01-29,17.559999465942383,17.559999465942383
2018-01-30,17.1299991607666,17.1299991607666
2018-01-31,17.281999588012695,17.281999588012695
2018-02-01,16.93400001525879,16.93400001525879
2018-02-02,16.68199920654297,16.68199920654297
2018-02-05,16.68600082397461,16.68600082397461
2018-02-06,16.09600067138672,16.09600067138672
2018-02-07,16.27400016784668,16.27400016784668
2018-02-08,15.644000053405762,15.644000053405762
2018-02-09,15.236000061035156,15.236000061035156
2018-02-12,15.520000457763672,15.520000457763672
2018-02-13,15.633999824523926,15.633999824523926
2018-02-14,15.946000099182129,15.946000099182129
2018-02-15,16.333999633789062,16.333999633789062
2018-02-16,16.604000091552734,16.604000091552734
2018-02-19,16.51799964904785,16.51799964904785
2018-02-20,16.486000061035156,16.486000061035156
2018-02-21,16.908000946044922,16.908000946044922
2018-02-22,16.690000534057617,16.690000534057617
2018-02-23,16.827999114990234,16.827999114990234
2018-02-26,16.920000076293945,16.920000076293945
2018-02-27,16.628000259399414,16.628000259399414
2018-02-28,16.368000030517578,16.368000030517578
2018-03-01,16.5,16.5
2018-03-02,15.833999633789062,15.833999633789062
2018-03-05,16.027999877929688,16.027999877929688
2018-03-06,16.09000015258789,16.09000015258789
2018-03-07,16.128000259399414,16.128000259399414
2018-03-08,16.381999969482422,16.381999969482422
2018-03-09,16.722000122070312,16.722000122070312
2018-03-12,16.8439998626709,16.8439998626709
2018-03-13,16.54199981689453,16.54199981689453
2018-03-14,16.601999282836914,16.601999282836914
2018-03-15,16.902000427246094,16.902000427246094
2018-03-16,16.945999145507812,16.945999145507812
2018-03-19,16.628000259399414,16.628000259399414
2018-03-20,17.082000732421875,17.082000732421875
2018-03-21,16.937999725341797,16.937999725341797
2018-03-22,16.131999969482422,16.131999969482422
2018-03-23,15.776000022888184,15.776000022888184
2018-03-26,15.824000358581543,15.824000358581543
2018-03-27,16.148000717163086,16.148000717163086
2018-03-28,15.597999572753906,15.597999572753906
2018-03-29,15.88599967956543,15.88599967956543
2018-04-03,15.763999938964844,15.763999938964844
2018-04-04,15.574000358581543,15.574000358581543
2018-04-05,15.998000144958496,15.998000144958496
2018-04-06,15.630000114440918,15.630000114440918
2018-04-09,15.760000228881836,15.760000228881836
2018-04-10,15.994000434875488,15.994000434875488
2018-04-11,16.006000518798828,16.006000518798828
2018-04-12,16.0939998626709,16.0939998626709
2018-04-13,15.793999671936035,15.793999671936035
2018-04-16,15.534000396728516,15.534000396728516
2018-04-17,15.720000267028809,15.720000267028809
2018-04-18,15.67199993133545,15.67199993133545
2018-04-19,15.741999626159668,15.741999626159668
2018-04-20,15.57800006866455,15.57800006866455
2018-04-23,15.697999954223633,15.697999954223633
2018-04-24,15.760000228881836,15.760000228881836
2018-04-25,15.496000289916992,15.496000289916992
2018-04-26,15.70199966430664,15.70199966430664
2018-04-27,15.803999900817871,15.803999900817871
2018-04-30,15.994000434875488,15.994000434875488
2018-05-02,16.073999404907227,16.073999404907227
2018-05-03,15.706000328063965,15.706000328063965
2018-05-04,16.08799934387207,16.08799934387207
2018-05-07,16.233999252319336,16.233999252319336
2018-05-08,16.417999267578125,16.417999267578125
2018-05-09,16.552000045776367,16.552000045776367
2018-05-10,16.856000900268555,16.856000900268555
2018-05-11,16.770000457763672,16.770000457763672
2018-05-14,16.93600082397461,16.93600082397461
2018-05-15,16.70599937438965,16.70599937438965
2018-05-16,17.082000732421875,17.082000732421875
2018-05-17,17.04800033569336,17.04800033569336
2018-05-18,16.90399932861328,16.90399932861328
2018-05-21,16.90399932861328,16.90399932861328
2018-05-22,17.030000686645508,17.030000686645508
2018-05-23,16.922000885009766,16.922000885009766
2018-05-24,16.79199981689453,16.79199981689453
2018-05-25,17.0,17.0
2018-05-28,17.09000015258789,17.09000015258789
2018-05-29,17.06399917602539,17.06399917602539
2018-05-30,16.856000900268555,16.856000900268555
2018-05-31,16.923999786376953,16.923999786376953
2018-06-01,17.1560001373291,17.1560001373291
2018-06-04,17.395999908447266,17.395999908447266
2018-06-05,17.474000930786133,17.474000930786133
2018-06-06,17.516000747680664,17.516000747680664
2018-06-07,17.408000946044922,17.408000946044922
2018-06-08,17.284000396728516,17.284000396728516
2018-06-11,17.31599998474121,17.31599998474121
2018-06-12,17.389999389648438,17.389999389648438
2018-06-13,17.33799934387207,17.33799934387207
2018-06-14,17.423999786376953,17.423999786376953
2018-06-15,17.176000595092773,17.176000595092773
2018-06-18,17.132999420166016,17.132999420166016
2018-06-19,16.827999114990234,16.827999114990234
2018-06-20,16.885000228881836,16.885000228881836
2018-06-21,16.621999740600586,16.621999740600586
2018-06-22,16.684999465942383,16.684999465942383
2018-06-25,16.020000457763672,16.020000457763672
2018-06-26,16.08799934387207,16.08799934387207
2018-06-27,15.9399995803833,15.9399995803833
2018-06-28,15.758000373840332,15.758000373840332
2018-06-29,16.006000518798828,16.006000518798828
2018-07-02,15.741000175476074,15.741000175476074
2018-07-03,15.852999687194824,15.852999687194824
2018-07-04,15.5600004196167,15.5600004196167
2018-07-05,15.494000434875488,15.494000434875488
2018-07-06,15.713000297546387,15.713000297546387
2018-07-09,15.986000061035156,15.986000061035156
2018-07-10,15.883999824523926,15.883999824523926
2018-07-11,15.637999534606934,15.637999534606934
2018-07-12,15.920000076293945,15.920000076293945
2018-07-13,15.991999626159668,15.991999626159668
2018-07-16,15.779999732971191,15.779999732971191
2018-07-17,15.779999732971191,15.779999732971191
2018-07-18,15.836000442504883,15.836000442504883
2018-07-19,15.663999557495117,15.663999557495117
2018-07-20,15.694000244140625,15.694000244140625
2018-07-23,15.61400032043457,15.61400032043457
2018-07-24,15.994000434875488,15.994000434875488
2018-07-25,16.118000030517578,16.118000030517578
2018-07-26,16.04599952697754,16.04599952697754
2018-07-27,16.003999710083008,16.003999710083008
2018-07-30,15.682000160217285,15.682000160217285
2018-07-31,15.63599967956543,15.63599967956543
2018-08-01,15.479999542236328,15.479999542236328
2018-08-02,15.246000289916992,15.246000289916992
2018-08-03,15.359999656677246,15.359999656677246
2018-08-06,15.246000289916992,15.246000289916992
2018-08-07,15.527999877929688,15.527999877929688
2018-08-08,15.343999862670898,15.343999862670898
2018-08-09,15.661999702453613,15.661999702453613
2018-08-10,15.65999984741211,15.65999984741211
2018-08-13,15.48799991607666,15.48799991607666
2018-08-14,15.255999565124512,15.255999565124512
2018-08-15,14.70199966430664,14.70199966430664
2018-08-16,14.961999893188477,14.961999893188477
2018-08-17,14.77400016784668,14.77400016784668
2018-08-20,15.057999610900879,15.057999610900879
2018-08-21,15.232000350952148,15.232000350952148
2018-08-22,15.26200008392334,15.26200008392334
2018-08-23,15.064000129699707,15.064000129699707
2018-08-24,15.180000305175781,15.180000305175781
2018-08-27,15.489999771118164,15.489999771118164
2018-08-28,15.270000457763672,15.270000457763672
2018-08-29,15.392000198364258,15.392000198364258
2018-08-30,15.069999694824219,15.069999694824219
2018-08-31,15.017999649047852,15.017999649047852
2018-09-03,15.03600025177002,15.03600025177002
2018-09-04,14.928000450134277,14.928000450134277
2018-09-05,14.522000312805176,14.522000312805176
2018-09-06,14.434000015258789,14.434000015258789
2018-09-07,14.510000228881836,14.510000228881836
2018-09-10,14.175999641418457,14.175999641418457
2018-09-11,14.065999984741211,14.065999984741211
2018-09-12,14.220000267028809,14.220000267028809
2018-09-13,14.423999786376953,14.423999786376953
2018-09-14,14.496000289916992,14.496000289916992
2018-09-17,14.239999771118164,14.239999771118164
2018-09-18,14.369999885559082,14.369999885559082
2018-09-19,14.704000473022461,14.704000473022461
2018-09-20,14.6899995803833,14.6899995803833
2018-09-21,14.982000350952148,14.982000350952148
2018-09-24,14.60200023651123,14.60200023651123
2018-09-25,14.710000038146973,14.710000038146973
2018-09-26,14.881999969482422,14.881999969482422
2018-09-27,14.932000160217285,14.932000160217285
2018-09-28,14.916000366210938,14.916000366210938
2018-10-01,15.003999710083008,15.003999710083008
2018-10-02,14.649999618530273,14.649999618530273
2018-10-04,14.211999893188477,14.211999893188477
2018-10-05,14.092000007629395,14.092000007629395
2018-10-08,13.89799976348877,13.89799976348877
2018-10-09,13.930000305175781,13.930000305175781
2018-10-10,13.446000099182129,13.446000099182129
2018-10-11,13.196000099182129,13.196000099182129
2018-10-12,13.657999992370605,13.657999992370605
2018-10-15,13.4399995803833,13.4399995803833
2018-10-16,13.607999801635742,13.607999801635742
2018-10-17,13.555999755859375,13.555999755859375
2018-10-18,13.229999542236328,13.229999542236328
2018-10-19,13.470000267028809,13.470000267028809
2018-10-22,13.859999656677246,13.859999656677246
2018-10-23,13.404000282287598,13.404000282287598
2018-10-24,13.37600040435791,13.37600040435791
2018-10-25,13.541999816894531,13.541999816894531
2018-10-26,13.293999671936035,13.293999671936035
2018-10-29,13.093999862670898,13.093999862670898
2018-10-30,13.045999526977539,13.045999526977539
2018-10-31,13.527999877929688,13.527999877929688
2018-11-01,14.088000297546387,14.088000297546387
2018-11-02,14.156000137329102,14.156000137329102
2018-11-05,14.076000213623047,14.076000213623047
2018-11-06,14.104000091552734,14.104000091552734
2018-11-07,14.248000144958496,14.248000144958496
2018-11-08,14.083999633789062,14.083999633789062
2018-11-09,13.708000183105469,13.708000183105469
2018-11-12,13.581999778747559,13.581999778747559
2018-11-13,14.065999984741211,14.065999984741211
2018-11-14,14.020000457763672,14.020000457763672
2018-11-15,14.20199966430664,14.20199966430664
2018-11-16,14.140000343322754,14.140000343322754
2018-11-19,13.970000267028809,13.970000267028809
2018-11-20,13.723999977111816,13.723999977111816
2018-11-21,14.116000175476074,14.116000175476074
2018-11-22,13.916000366210938,13.916000366210938
2018-11-23,13.956000328063965,13.956000328063965
2018-11-26,14.22599983215332,14.22599983215332
2018-11-27,14.329999923706055,14.329999923706055
2018-11-28,14.442000389099121,14.442000389099121
2018-11-29,14.357999801635742,14.357999801635742
2018-11-30,14.486000061035156,14.486000061035156
2018-12-03,14.86400032043457,14.86400032043457
2018-12-04,14.807999610900879,14.807999610900879
2018-12-05,14.61400032043457,14.61400032043457
2018-12-06,14.008000373840332,14.008000373840332
2018-12-07,14.11400032043457,14.11400032043457
2018-12-10,13.729999542236328,13.729999542236328
2018-12-11,14.142000198364258,14.142000198364258
2018-12-12,14.368000030517578,14.368000030517578
2018-12-13,14.314000129699707,14.314000129699707
2018-12-14,14.236000061035156,14.236000061035156
2018-12-17,13.986000061035156,13.986000061035156
2018-12-18,13.802000045776367,13.802000045776367
2018-12-19,13.630000114440918,13.630000114440918
2018-12-20,13.350000381469727,13.350000381469727
2018-12-21,13.406000137329102,13.406000137329102
2018-12-27,13.239999771118164,13.239999771118164
2018-12-28,13.442000389099121,13.442000389099121
2019-01-02,13.368000030517578,13.368000030517578
2019-01-03,13.062000274658203,13.062000274658203
2019-01-04,13.51200008392334,13.51200008392334
2019-01-07,13.503999710083008,13.503999710083008
2019-01-08,13.583999633789062,13.583999633789062
2019-01-09,13.85200023651123,13.85200023651123
2019-01-10,13.960000038146973,13.960000038146973
2019-01-11,13.979999542236328,13.979999542236328
2019-01-14,13.826000213623047,13.826000213623047
2019-01-15,14.095999717712402,14.095999717712402
2019-01-16,14.36400032043457,14.36400032043457
2019-01-17,14.32800006866455,14.32800006866455
2019-01-18,14.670000076293945,14.670000076293945
2019-01-21,14.640000343322754,14.640000343322754
2019-01-22,14.355999946594238,14.355999946594238
2019-01-23,14.312000274658203,14.312000274658203
2019-01-24,14.531999588012695,14.531999588012695
2019-01-25,14.788000106811523,14.788000106811523
2019-01-28,14.53600025177002,14.53600025177002
2019-01-29,14.604000091552734,14.604000091552734
2019-01-30,14.744000434875488,14.744000434875488
2019-01-31,15.027999877929688,15.027999877929688
2019-02-01,15.013999938964844,15.013999938964844
2019-02-04,15.100000381469727,15.100000381469727
2019-02-05,15.3100004196167,15.3100004196167
2019-02-06,15.265999794006348,15.265999794006348
2019-02-07,14.92199993133545,14.92199993133545
2019-02-08,14.979999542236328,14.979999542236328
2019-02-11,15.289999961853027,15.289999961853027
2019-02-12,15.279999732971191,15.279999732971191
2019-02-13,15.36400032043457,15.36400032043457
2019-02-14,15.23799991607666,15.23799991607666
2019-02-15,15.239999771118164,15.239999771118164
2019-02-18,15.336000442504883,15.336000442504883
2019-02-19,15.28600025177002,15.28600025177002
2019-02-20,15.489999771118164,15.489999771118164
2019-02-21,15.362000465393066,15.362000465393066
2019-02-22,15.657999992370605,15.657999992370605
2019-02-25,15.994000434875488,15.994000434875488
2019-02-26,15.815999984741211,15.815999984741211
2019-02-27,15.633999824523926,15.633999824523926
2019-02-28,15.508000373840332,15.508000373840332
2019-03-01,15.670000076293945,15.670000076293945
2019-03-04,15.902000427246094,15.902000427246094
2019-03-05,16.218000411987305,16.218000411987305
2019-03-06,16.15999984741211,16.15999984741211
2019-03-07,15.87600040435791,15.87600040435791
2019-03-08,15.479999542236328,15.479999542236328
2019-03-11,15.904000282287598,15.904000282287598
2019-03-12,15.928000450134277,15.928000450134277
2019-03-13,15.88599967956543,15.88599967956543
2019-03-14,15.732000350952148,15.732000350952148
2019-03-15,15.965999603271484,15.965999603271484
2019-03-18,16.091999053955078,16.091999053955078
2019-03-19,16.214000701904297,16.214000701904297
2019-03-20,15.934000015258789,15.934000015258789
2019-03-21,15.97599983215332,15.97599983215332
2019-03-22,15.744000434875488,15.744000434875488
2019-03-25,15.661999702453613,15.661999702453613
2019-03-26,15.727999687194824,15.727999687194824
2019-03-27,15.751999855041504,15.751999855041504
2019-03-28,15.812000274658203,15.812000274658203
2019-03-29,16.1299991607666,16.1299991607666
2019-04-01,16.395999908447266,16.395999908447266
2019-04-02,16.408000946044922,16.408000946044922
2019-04-03,16.579999923706055,16.579999923706055
2019-04-04,16.5939998626709,16.5939998626709
2019-04-05,16.781999588012695,16.781999588012695
2019-04-08,16.746000289916992,16.746000289916992
2019-04-09,16.729999542236328,16.729999542236328
2019-04-10,16.76799964904785,16.76799964904785
2019-04-11,16.530000686645508,16.530000686645508
2019-04-12,16.738000869750977,16.738000869750977
2019-04-15,16.459999084472656,16.459999084472656
2019-04-16,16.639999389648438,16.639999389648438
2019-04-17,16.711999893188477,16.711999893188477
2019-04-18,16.781999588012695,16.781999588012695
2019-04-23,16.763999938964844,16.763999938964844
2019-04-24,16.642000198364258,16.642000198364258
2019-04-25,16.516000747680664,16.516000747680664
2019-04-26,16.577999114990234,16.577999114990234
2019-04-29,16.601999282836914,16.601999282836914
2019-04-30,16.469999313354492,16.469999313354492
2019-05-02,16.538000106811523,16.538000106811523
2019-05-03,16.81999969482422,16.81999969482422
2019-05-06,16.195999145507812,16.195999145507812
2019-05-07,15.892000198364258,15.892000198364258
2019-05-08,15.82800006866455,15.82800006866455
2019-05-09,15.258000373840332,15.258000373840332
2019-05-10,15.369999885559082,15.369999885559082
2019-05-13,14.996000289916992,14.996000289916992
2019-05-14,15.37399959564209,15.37399959564209
2019-05-15,15.413999557495117,15.413999557495117
2019-05-16,15.630000114440918,15.630000114440918
2019-05-17,15.173999786376953,15.173999786376953
2019-05-20,14.687999725341797,14.687999725341797
2019-05-21,14.812000274658203,14.812000274658203
2019-05-22,14.723999977111816,14.723999977111816
2019-05-23,14.456000328063965,14.456000328063965
2019-05-24,14.336000442504883,14.336000442504883
2019-05-27,14.35200023651123,14.35200023651123
2019-05-28,14.491999626159668,14.491999626159668
2019-05-29,14.468000411987305,14.468000411987305
2019-05-30,14.539999961853027,14.539999961853027
2019-05-31,14.513999938964844,14.513999938964844
2019-06-03,14.517999649047852,14.517999649047852
2019-06-04,14.446000099182129,14.446000099182129
2019-06-05,14.26200008392334,14.26200008392334
2019-06-06,14.258000373840332,14.258000373840332
2019-06-07,14.425999641418457,14.425999641418457
2019-06-11,14.88599967956543,14.88599967956543
2019-06-12,14.567999839782715,14.567999839782715
2019-06-13,14.621999740600586,14.621999740600586
2019-06-14,14.593999862670898,14.593999862670898
2019-06-17,14.65999984741211,14.65999984741211
2019-06-18,15.194000244140625,15.194000244140625
2019-06-19,15.185999870300293,15.185999870300293
2019-06-20,15.392000198364258,15.392000198364258
2019-06-21,15.321999549865723,15.321999549865723
2019-06-24,15.204000473022461,15.204000473022461
2019-06-25,14.996000289916992,14.996000289916992
2019-06-26,15.178000450134277,15.178000450134277
2019-06-27,15.27400016784668,15.27400016784668
2019-06-28,15.26200008392334,15.26200008392334
2019-07-01,15.72599983215332,15.72599983215332
2019-07-02,15.718000411987305,15.718000411987305
2019-07-03,15.675999641418457,15.675999641418457
2019-07-04,15.67199993133545,15.67199993133545
2019-07-05,15.595999717712402,15.595999717712402
2019-07-08,15.407999992370605,15.407999992370605
2019-07-09,15.300000190734863,15.300000190734863
2019-07-10,15.35200023651123,15.35200023651123
2019-07-11,15.277999877929688,15.277999877929688
2019-07-12,15.289999961853027,15.289999961853027
2019-07-15,15.40999984741211,15.40999984741211
2019-07-16,15.550000190734863,15.550000190734863
2019-07-17,15.494000434875488,15.494000434875488
2019-07-18,15.392000198364258,15.392000198364258
2019-07-19,15.5600004196167,15.5600004196167
2019-07-22,15.442000389099121,15.442000389099121
2019-07-23,15.605999946594238,15.605999946594238
2019-07-24,15.751999855041504,15.751999855041504
2019-07-25,15.720000267028809,15.720000267028809
2019-07-26,15.767999649047852,15.767999649047852
2019-07-29,15.640000343322754,15.640000343322754
2019-07-30,15.527999877929688,15.527999877929688
2019-07-31,15.46399974822998,15.46399974822998
2019-08-01,15.642000198364258,15.642000198364258
2019-08-02,14.795999526977539,14.795999526977539
2019-08-05,14.105999946594238,14.105999946594238
2019-08-06,14.163999557495117,14.163999557495117
2019-08-07,14.163999557495117,14.163999557495117
2019-08-08,14.416000366210938,14.416000366210938
2019-08-09,14.255999565124512,14.255999565124512
2019-08-12,14.131999969482422,14.131999969482422
2019-08-13,14.449999809265137,14.449999809265137
2019-08-14,14.161999702453613,14.161999702453613
2019-08-15,14.338000297546387,14.338000297546387
2019-08-16,14.567999839782715,14.567999839782715
2019-08-19,14.928000450134277,14.928000450134277
2019-08-20,14.95199966430664,14.95199966430664
2019-08-21,15.001999855041504,15.001999855041504
2019-08-22,14.831999778747559,14.831999778747559
2019-08-23,14.520000457763672,14.520000457763672
2019-08-26,14.618000030517578,14.618000030517578
2019-08-27,14.755999565124512,14.755999565124512
2019-08-28,14.685999870300293,14.685999870300293
2019-08-29,14.911999702453613,14.911999702453613
2019-08-30,14.97599983215332,14.97599983215332
2019-09-02,15.052000045776367,15.052000045776367
2019-09-03,15.062000274658203,15.062000274658203
2019-09-04,15.211999893188477,15.211999893188477
2019-09-05,15.413999557495117,15.413999557495117
2019-09-06,15.496000289916992,15.496000289916992
2019-09-09,15.517999649047852,15.517999649047852
2019-09-10,15.411999702453613,15.411999702453613
2019-09-11,15.685999870300293,15.685999870300293
2019-09-12,15.723999977111816,15.723999977111816
2019-09-13,15.784000396728516,15.784000396728516
2019-09-16,15.772000312805176,15.772000312805176
2019-09-17,15.576000213623047,15.576000213623047
2019-09-18,15.531999588012695,15.531999588012695
2019-09-19,15.609999656677246,15.609999656677246
2019-09-20,15.583999633789062,15.583999633789062
2019-09-23,15.390000343322754,15.390000343322754
2019-09-24,15.197999954223633,15.197999954223633
2019-09-25,15.218000411987305,15.218000411987305
2019-09-26,15.229999542236328,15.229999542236328
2019-09-27,15.260000228881836,15.260000228881836
2019-09-30,15.128000259399414,15.128000259399414
2019-10-01,14.949999809265137,14.949999809265137
2019-10-02,14.868000030517578,14.868000030517578
2019-10-04,15.064000129699707,15.064000129699707
2019-10-07,15.083999633789062,15.083999633789062
2019-10-08,14.890000343322754,14.890000343322754
2019-10-09,14.991999626159668,14.991999626159668
2019-10-10,15.17199993133545,15.17199993133545
2019-10-11,15.517999649047852,15.517999649047852
2019-10-14,15.418000221252441,15.418000221252441
2019-10-15,15.527999877929688,15.527999877929688
2019-10-16,15.510000228881836,15.510000228881836
2019-10-17,15.47599983215332,15.47599983215332
2019-10-18,15.295999526977539,15.295999526977539
2019-10-21,15.305999755859375,15.305999755859375
2019-10-22,15.270000457763672,15.270000457763672
2019-10-23,15.192000389099121,15.192000389099121
2019-10-24,15.329999923706055,15.329999923706055
2019-10-25,15.456000328063965,15.456000328063965
2019-10-28,15.661999702453613,15.661999702453613
2019-10-29,15.489999771118164,15.489999771118164
2019-10-30,15.369999885559082,15.369999885559082
2019-10-31,15.326000213623047,15.326000213623047
2019-11-01,15.576000213623047,15.576000213623047
2019-11-04,15.871999740600586,15.871999740600586
2019-11-05,16.077999114990234,16.077999114990234
2019-11-06,16.139999389648438,16.139999389648438
2019-11-07,16.309999465942383,16.309999465942383
2019-11-08,16.257999420166016,16.257999420166016
2019-11-11,15.979999542236328,15.979999542236328
2019-11-12,16.020000457763672,16.020000457763672
2019-11-13,15.744000434875488,15.744000434875488
2019-11-14,15.663999557495117,15.663999557495117
2019-11-15,15.673999786376953,15.673999786376953
2019-11-18,15.723999977111816,15.723999977111816
2019-11-19,15.795999526977539,15.795999526977539
2019-11-20,15.75,15.75
2019-11-21,15.637999534606934,15.637999534606934
2019-11-22,15.727999687194824,15.727999687194824
2019-11-25,16.035999298095703,16.035999298095703
2019-11-26,15.979999542236328,15.979999542236328
2019-11-27,16.1299991607666,16.1299991607666
2019-11-28,16.163999557495117,16.163999557495117
2019-11-29,15.831999778747559,15.831999778747559
2019-12-02,15.666000366210938,15.666000366210938
2019-12-03,15.5,15.5
2019-12-04,15.729999542236328,15.729999542236328
2019-12-05,15.789999961853027,15.789999961853027
2019-12-06,15.998000144958496,15.998000144958496
2019-12-09,15.954000473022461,15.954000473022461
2019-12-10,15.946000099182129,15.946000099182129
2019-12-11,16.0939998626709,16.0939998626709
2019-12-12,16.31999969482422,16.31999969482422
2019-12-13,16.368000030517578,16.368000030517578
2019-12-16,16.583999633789062,16.583999633789062
2019-12-17,16.697999954223633,16.697999954223633
2019-12-18,16.81399917602539,16.81399917602539
2019-12-19,16.812000274658203,16.812000274658203
2019-12-20,16.959999084472656,16.959999084472656
2019-12-23,16.93000030517578,16.93000030517578
2019-12-27,17.082000732421875,17.082000732421875
2019-12-30,17.062000274658203,17.062000274658203
2020-01-02,17.38800048828125,17.38800048828125
2020-01-03,17.25200080871582,17.25200080871582
2020-01-06,17.145999908447266,17.145999908447266
2020-01-07,17.351999282836914,17.351999282836914
2020-01-08,17.3439998626709,17.3439998626709
2020-01-09,17.59000015258789,17.59000015258789
2020-01-10,17.691999435424805,17.691999435424805
2020-01-13,17.91200065612793,17.91200065612793
2020-01-14,17.82200050354004,17.82200050354004
2020-01-15,17.718000411987305,17.718000411987305
2020-01-16,17.79400062561035,17.79400062561035
2020-01-17,17.941999435424805,17.941999435424805
2020-01-20,17.832000732421875,17.832000732421875
2020-01-21,17.351999282836914,17.351999282836914
2020-01-22,17.472000122070312,17.472000122070312
2020-01-23,17.052000045776367,17.052000045776367
2020-01-24,17.097999572753906,17.097999572753906
2020-01-27,16.341999053955078,16.341999053955078
2020-01-28,16.538000106811523,16.538000106811523
2020-01-29,16.687999725341797,16.687999725341797
2020-01-30,16.238000869750977,16.238000869750977
2020-01-31,15.970000267028809,15.970000267028809
2020-02-03,16.309999465942383,16.309999465942383
2020-02-04,17.031999588012695,17.031999588012695
2020-02-05,17.031999588012695,17.031999588012695
2020-02-06,17.163999557495117,17.163999557495117
2020-02-07,17.02199935913086,17.02199935913086
2020-02-10,17.167999267578125,17.167999267578125
2020-02-11,17.47800064086914,17.47800064086914
2020-02-12,17.73200035095215,17.73200035095215
2020-02-13,17.676000595092773,17.676000595092773
2020-02-14,17.68400001525879,17.68400001525879
2020-02-17,17.917999267578125,17.917999267578125
2020-02-18,17.65999984741211,17.65999984741211
2020-02-19,17.860000610351562,17.860000610351562
2020-02-20,17.643999099731445,17.643999099731445
2020-02-21,17.511999130249023,17.511999130249023
2020-02-24,16.920000076293945,16.920000076293945
2020-02-25,16.923999786376953,16.923999786376953
2020-02-26,17.13599967956543,17.13599967956543
2020-02-27,16.714000701904297,16.714000701904297
2020-02-28,16.308000564575195,16.308000564575195
2020-03-02,16.45800018310547,16.45800018310547
2020-03-03,16.579999923706055,16.579999923706055
2020-03-04,16.766000747680664,16.766000747680664
2020-03-05,16.913999557495117,16.913999557495117
2020-03-06,16.167999267578125,16.167999267578125
2020-03-09,15.289999961853027,15.289999961853027
2020-03-10,15.807999610900879,15.807999610900879
2020-03-11,15.77400016784668,15.77400016784668
2020-03-12,14.715999603271484,14.715999603271484
2020-03-13,15.083999633789062,15.083999633789062
2020-03-16,14.199999809265137,14.199999809265137
2020-03-17,14.619999885559082,14.619999885559082
2020-03-18,14.11400032043457,14.11400032043457
2020-03-19,14.564000129699707,14.564000129699707
2020-03-20,14.928000450134277,14.928000450134277
2020-03-23,14.392000198364258,14.392000198364258
2020-03-24,15.394000053405762,15.394000053405762
2020-03-25,15.583999633789062,15.583999633789062
2020-03-26,15.5,15.5
2020-03-27,15.050000190734863,15.050000190734863
2020-03-30,15.26200008392334,15.26200008392334
2020-03-31,15.494000434875488,15.494000434875488
2020-04-01,15.222000122070312,15.222000122070312
2020-04-02,15.48799991607666,15.48799991607666
2020-04-03,15.479999542236328,15.479999542236328
2020-04-06,15.887999534606934,15.887999534606934
2020-04-07,16.058000564575195,16.058000564575195
2020-04-08,15.88599967956543,15.88599967956543
2020-04-09,15.881999969482422,15.881999969482422
2020-04-14,16.121999740600586,16.121999740600586
2020-04-15,15.934000015258789,15.934000015258789
2020-04-16,16.302000045776367,16.302000045776367
2020-04-17,16.31999969482422,16.31999969482422
2020-04-20,16.489999771118164,16.489999771118164
2020-04-21,15.95199966430664,15.95199966430664
2020-04-22,16.398000717163086,16.398000717163086
2020-04-23,16.47599983215332,16.47599983215332
2020-04-24,16.277999877929688,16.277999877929688
2020-04-27,16.5,16.5
2020-04-28,16.56999969482422,16.56999969482422
2020-04-29,16.709999084472656,16.709999084472656
2020-04-30,16.5,16.5
2020-05-04,15.696000099182129,15.696000099182129
2020-05-05,16.100000381469727,16.100000381469727
2020-05-06,16.263999938964844,16.263999938964844
2020-05-07,16.333999633789062,16.333999633789062
2020-05-08,16.673999786376953,16.673999786376953
2020-05-11,16.75200080871582,16.75200080871582
2020-05-12,16.81399917602539,16.81399917602539
2020-05-13,16.757999420166016,16.757999420166016
2020-05-14,16.530000686645508,16.530000686645508
2020-05-15,16.43400001525879,16.43400001525879
2020-05-18,17.003999710083008,17.003999710083008
2020-05-19,17.06399917602539,17.06399917602539
2020-05-20,17.134000778198242,17.134000778198242
2020-05-21,16.534000396728516,16.534000396728516
2020-05-22,16.18199920654297,16.18199920654297
2020-05-25,16.360000610351562,16.360000610351562
2020-05-26,16.408000946044922,16.408000946044922
2020-05-27,16.101999282836914,16.101999282836914
2020-05-28,16.01799964904785,16.01799964904785
2020-05-29,15.866000175476074,15.866000175476074
2020-06-02,16.711999893188477,16.711999893188477
2020-06-03,16.926000595092773,16.926000595092773
2020-06-04,16.645999908447266,16.645999908447266
2020-06-05,16.993999481201172,16.993999481201172
2020-06-08,16.763999938964844,16.763999938964844
2020-06-09,16.68199920654297,16.68199920654297
2020-06-10,16.86199951171875,16.86199951171875
2020-06-11,16.52199935913086,16.52199935913086
2020-06-12,16.70199966430664,16.70199966430664
2020-06-15,16.591999053955078,16.591999053955078
2020-06-16,16.944000244140625,16.944000244140625
2020-06-17,17.158000946044922,17.158000946044922
2020-06-18,17.25200080871582,17.25200080871582
2020-06-19,17.437999725341797,17.437999725341797
2020-06-22,17.309999465942383,17.309999465942383
2020-06-23,17.554000854492188,17.554000854492188
2020-06-24,17.384000778198242,17.384000778198242
2020-06-25,17.417999267578125,17.417999267578125
2020-06-26,17.36199951171875,17.36199951171875
2020-06-29,17.284000396728516,17.284000396728516
2020-06-30,17.341999053955078,17.341999053955078
2020-07-01,17.375999450683594,17.375999450683594
2020-07-02,17.97599983215332,17.97599983215332
2020-07-03,18.31599998474121,18.31599998474121
2020-07-06,19.15999984741211,19.15999984741211
2020-07-07,18.98200035095215,18.98200035095215
2020-07-08,19.374000549316406,19.374000549316406
2020-07-09,19.63599967956543,19.63599967956543
2020-07-10,19.513999938964844,19.513999938964844
2020-07-13,19.676000595092773,19.676000595092773
2020-07-14,18.93199920654297,18.93199920654297
2020-07-15,18.983999252319336,18.983999252319336
2020-07-16,18.31599998474121,18.31599998474121
2020-07-17,18.47599983215332,18.47599983215332
2020-07-20,18.823999404907227,18.823999404907227
2020-07-21,19.076000213623047,19.076000213623047
2020-07-22,18.511999130249023,18.511999130249023
2020-07-23,18.61400032043457,18.61400032043457
2020-07-24,18.010000228881836,18.010000228881836
2020-07-27,17.8439998626709,17.8439998626709
2020-07-28,18.086000442504883,18.086000442504883
2020-07-29,18.15999984741211,18.15999984741211
2020-07-30,17.959999084472656,17.959999084472656
2020-07-31,17.922000885009766,17.922000885009766
2020-08-03,18.444000244140625,18.444000244140625
2020-08-04,18.59600067138672,18.59600067138672
2020-08-05,18.65399932861328,18.65399932861328
2020-08-06,18.586000442504883,18.586000442504883
2020-08-07,18.360000610351562,18.360000610351562
2020-08-10,18.104000091552734,18.104000091552734
2020-08-11,18.281999588012695,18.281999588012695
2020-08-12,18.368000030517578,18.368000030517578
2020-08-13,18.190000534057617,18.190000534057617
2020-08-14,18.167999267578125,18.167999267578125
2020-08-17,18.378000259399414,18.378000259399414
2020-08-18,18.41200065612793,18.41200065612793
2020-08-19,18.38800048828125,18.38800048828125
2020-08-20,18.26799964904785,18.26799964904785
2020-08-21,18.639999389648438,18.639999389648438
2020-08-24,18.93199920654297,18.93199920654297
2020-08-25,19.1560001373291,19.1560001373291
2020-08-26,19.29800033569336,19.29800033569336
2020-08-27,19.243999481201172,19.243999481201172
2020-08-28,19.22800064086914,19.22800064086914
2020-08-31,18.77199935913086,18.77199935913086
2020-09-01,19.09600067138672,19.09600067138672
2020-09-02,19.266000747680664,19.266000747680664
2020-09-03,18.81800079345703,18.81800079345703
2020-09-04,18.577999114990234,18.577999114990234
2020-09-07,18.582000732421875,18.582000732421875
2020-09-08,18.368000030517578,18.368000030517578
2020-09-09,18.416000366210938,18.416000366210938
2020-09-10,18.246000289916992,18.246000289916992
2020-09-11,18.31599998474121,18.31599998474121
2020-09-14,18.47800064086914,18.47800064086914
2020-09-15,18.770000457763672,18.770000457763672
2020-09-16,18.8799991607666,18.8799991607666
2020-09-17,18.648000717163086,18.648000717163086
2020-09-18,18.607999801635742,18.607999801635742
2020-09-21,18.416000366210938,18.416000366210938
2020-09-22,18.472000122070312,18.472000122070312
2020-09-23,18.50200080871582,18.50200080871582
2020-09-24,18.323999404907227,18.323999404907227
2020-09-25,18.191999435424805,18.191999435424805
2020-09-28,18.465999603271484,18.465999603271484
2020-09-29,18.333999633789062,18.333999633789062
2020-09-30,18.761999130249023,18.761999130249023
2020-10-01,18.884000778198242,18.884000778198242
2020-10-02,18.93000030517578,18.93000030517578
2020-10-05,18.697999954223633,18.697999954223633
2020-10-06,19.006000518798828,19.006000518798828
2020-10-07,19.190000534057617,19.190000534057617
2020-10-08,19.257999420166016,19.257999420166016
2020-10-09,19.336000442504883,19.336000442504883
2020-10-12,19.718000411987305,19.718000411987305
2020-10-13,19.833999633789062,19.833999633789062
2020-10-14,19.832000732421875,19.832000732421875
2020-10-15,19.489999771118164,19.489999771118164
2020-10-16,19.784000396728516,19.784000396728516
2020-10-19,19.722000122070312,19.722000122070312
2020-10-20,19.694000244140625,19.694000244140625
2020-10-21,19.729999542236328,19.729999542236328
2020-10-22,19.695999145507812,19.695999145507812
2020-10-23,19.552000045776367,19.552000045776367
2020-10-26,19.510000228881836,19.510000228881836
2020-10-27,19.833999633789062,19.833999633789062
2020-10-28,19.65999984741211,19.65999984741211
2020-10-29,20.145000457763672,20.145000457763672
2020-10-30,19.841999053955078,19.841999053955078
2020-11-02,20.1200008392334,20.1200008392334
2020-11-03,19.898000717163086,19.898000717163086
2020-11-04,20.614999771118164,20.614999771118164
2020-11-05,20.639999389648438,20.639999389648438
2020-11-06,20.65999984741211,20.65999984741211
2020-11-09,20.96500015258789,20.96500015258789
2020-11-10,20.014999389648438,20.014999389648438
2020-11-11,20.065000534057617,20.065000534057617
2020-11-12,20.334999084472656,20.334999084472656
2020-11-13,20.1200008392334,20.1200008392334
2020-11-16,20.270000457763672,20.270000457763672
2020-11-17,20.049999237060547,20.049999237060547
2020-11-18,20.020000457763672,20.020000457763672
2020-11-19,20.100000381469727,20.100000381469727
2020-11-20,20.350000381469727,20.350000381469727
2020-11-23,20.40999984741211,20.40999984741211
2020-11-24,20.424999237060547,20.424999237060547
2020-11-25,20.2450008392334,20.2450008392334
2020-11-26,20.395000457763672,20.395000457763672
2020-11-27,20.5,20.5
2020-11-30,19.90399932861328,19.90399932861328
2020-12-01,19.86199951171875,19.86199951171875
2020-12-02,19.652000427246094,19.652000427246094
2020-12-03,19.75,19.75
2020-12-04,19.742000579833984,19.742000579833984
2020-12-07,19.667999267578125,19.667999267578125
2020-12-08,19.68600082397461,19.68600082397461
2020-12-09,19.610000610351562,19.610000610351562
2020-12-10,19.604000091552734,19.604000091552734
2020-12-11,19.468000411987305,19.468000411987305
2020-12-14,19.327999114990234,19.327999114990234
2020-12-15,19.27199935913086,19.27199935913086
2020-12-16,19.530000686645508,19.530000686645508
2020-12-17,19.577999114990234,19.577999114990234
2020-12-18,19.597999572753906,19.597999572753906
2020-12-21,19.591999053955078,19.591999053955078
2020-12-22,19.464000701904297,19.464000701904297
2020-12-23,19.579999923706055,19.579999923706055
2020-12-28,19.010000228881836,19.010000228881836
2020-12-29,19.238000869750977,19.238000869750977
2020-12-30,19.639999389648438,19.639999389648438
2021-01-04,19.8799991607666,19.8799991607666
2021-01-05,20.2549991607666,20.2549991607666
2021-01-06,20.325000762939453,20.325000762939453
2021-01-07,19.993999481201172,19.993999481201172
2021-01-08,20.665000915527344,20.665000915527344
2021-01-11,20.65999984741211,20.65999984741211
2021-01-12,20.850000381469727,20.850000381469727
2021-01-13,20.795000076293945,20.795000076293945
2021-01-14,21.260000228881836,21.260000228881836
2021-01-15,21.225000381469727,21.225000381469727
2021-01-18,21.690000534057617,21.690000534057617
2021-01-19,21.834999084472656,21.834999084472656
2021-01-20,22.450000762939453,22.450000762939453
2021-01-21,22.389999389648438,22.389999389648438
2021-01-22,22.28499984741211,22.28499984741211
2021-01-25,22.90999984741211,22.90999984741211
2021-01-26,22.559999465942383,22.559999465942383
2021-01-27,22.219999313354492,22.219999313354492
2021-01-28,21.899999618530273,21.899999618530273
2021-01-29,21.670000076293945,21.670000076293945
2021-02-01,22.139999389648438,22.139999389648438
2021-02-02,22.59000015258789,22.59000015258789
2021-02-03,22.920000076293945,22.920000076293945
2021-02-04,22.905000686645508,22.905000686645508
2021-02-05,22.94499969482422,22.94499969482422
2021-02-08,22.9950008392334,22.9950008392334
2021-02-09,23.315000534057617,23.315000534057617
2021-02-10,23.479999542236328,23.479999542236328
2021-02-11,23.940000534057617,23.940000534057617
2021-02-12,23.899999618530273,23.899999618530273
2021-02-15,24.079999923706055,24.079999923706055
2021-02-16,23.985000610351562,23.985000610351562
2021-02-17,24.059999465942383,24.059999465942383
2021-02-18,23.399999618530273,23.399999618530273
2021-02-19,23.739999771118164,23.739999771118164
2021-02-22,22.850000381469727,22.850000381469727
2021-02-23,22.40999984741211,22.40999984741211
2021-02-24,22.05500030517578,22.05500030517578
2021-02-25,21.889999389648438,21.889999389648438
2021-02-26,21.594999313354492,21.594999313354492
2021-03-01,22.174999237060547,22.174999237060547
2021-03-02,21.815000534057617,21.815000534057617
2021-03-03,21.8799991607666,21.8799991607666
2021-03-04,21.360000610351562,21.360000610351562
2021-03-05,20.920000076293945,20.920000076293945
2021-03-08,20.655000686645508,20.655000686645508
2021-03-09,21.114999771118164,21.114999771118164
2021-03-10,20.864999771118164,20.864999771118164
2021-03-11,21.559999465942383,21.559999465942383
2021-03-12,20.985000610351562,20.985000610351562
2021-03-15,20.979999542236328,20.979999542236328
2021-03-16,21.299999237060547,21.299999237060547
2021-03-17,21.03499984741211,21.03499984741211
2021-03-18,21.225000381469727,21.225000381469727
2021-03-19,21.184999465942383,21.184999465942383
2021-03-22,21.15999984741211,21.15999984741211
2021-03-23,20.94499969482422,20.94499969482422
2021-03-24,20.25,20.25
2021-03-25,20.225000381469727,20.225000381469727
2021-03-26,20.239999771118164,20.239999771118164
2021-03-29,20.395000457763672,20.395000457763672
2021-03-30,20.71500015258789,20.71500015258789
2021-03-31,20.735000610351562,20.735000610351562
2021-04-01,21.135000228881836,21.135000228881836
2021-04-06,21.204999923706055,21.204999923706055
2021-04-07,20.479999542236328,20.479999542236328
2021-04-08,20.709999084472656,20.709999084472656
2021-04-09,20.389999389648438,20.389999389648438
2021-04-12,20.334999084472656,20.334999084472656
2021-04-13,20.420000076293945,20.420000076293945
2021-04-14,20.440000534057617,20.440000534057617
2021-04-15,20.364999771118164,20.364999771118164
2021-04-16,20.469999313354492,20.469999313354492
2021-04-19,20.34000015258789,20.34000015258789
2021-04-20,20.135000228881836,20.135000228881836
2021-04-21,20.260000228881836,20.260000228881836
2021-04-22,20.579999923706055,20.579999923706055
2021-04-23,20.709999084472656,20.709999084472656
2021-04-26,20.405000686645508,20.405000686645508
2021-04-27,20.604999542236328,20.604999542236328
2021-04-28,20.65999984741211,20.65999984741211
2021-04-29,20.434999465942383,20.434999465942383
2021-04-30,20.364999771118164,20.364999771118164
2021-05-03,20.31999969482422,20.31999969482422
2021-05-04,19.99799919128418,19.99799919128418
2021-05-05,20.229999542236328,20.229999542236328
2021-05-06,20.0049991607666,20.0049991607666
2021-05-07,19.947999954223633,19.947999954223633
2021-05-10,19.26799964904785,19.26799964904785
2021-05-11,19.26799964904785,19.26799964904785
2021-05-12,19.31399917602539,19.31399917602539
2021-05-13,19.073999404907227,19.073999404907227
2021-05-14,19.20199966430664,19.20199966430664
2021-05-17,19.395999908447266,19.395999908447266
2021-05-18,19.54800033569336,19.54800033569336
2021-05-19,19.47599983215332,19.47599983215332
2021-05-20,19.70400047302246,19.70400047302246
2021-05-21,19.468000411987305,19.468000411987305
2021-05-25,19.802000045776367,19.802000045776367
2021-05-26,19.945999145507812,19.945999145507812
2021-05-27,20.024999618530273,20.024999618530273
2021-05-28,20.03499984741211,20.03499984741211
2021-05-31,20.155000686645508,20.155000686645508
2021-06-01,20.43000030517578,20.43000030517578
2021-06-02,20.434999465942383,20.434999465942383
2021-06-03,20.235000610351562,20.235000610351562
2021-06-04,20.280000686645508,20.280000686645508
2021-06-07,19.979999542236328,19.979999542236328
2021-06-08,19.945999145507812,19.945999145507812
2021-06-09,19.972000122070312,19.972000122070312
2021-06-10,20.06999969482422,20.06999969482422
2021-06-11,20.104999542236328,20.104999542236328
2021-06-14,20.1200008392334,20.1200008392334
2021-06-15,19.88800048828125,19.88800048828125
2021-06-16,19.761999130249023,19.761999130249023
2021-06-17,20.2450008392334,20.2450008392334
2021-06-18,20.295000076293945,20.295000076293945
2021-06-21,20.125,20.125
2021-06-22,20.045000076293945,20.045000076293945
2021-06-23,20.280000686645508,20.280000686645508
2021-06-24,20.469999313354492,20.469999313354492
2021-06-25,20.764999389648438,20.764999389648438
2021-06-28,21.014999389648438,21.014999389648438
2021-06-29,20.825000762939453,20.825000762939453
2021-06-30,20.899999618530273,20.899999618530273
2021-07-01,20.635000228881836,20.635000228881836
2021-07-02,20.364999771118164,20.364999771118164
2021-07-05,19.979999542236328,19.979999542236328
2021-07-06,19.926000595092773,19.926000595092773
2021-07-07,19.90399932861328,19.90399932861328
2021-07-08,19.145999908447266,19.145999908447266
2021-07-09,19.579999923706055,19.579999923706055
2021-07-12,19.552000045776367,19.552000045776367
2021-07-13,19.992000579833984,19.992000579833984
2021-07-14,19.8700008392334,19.8700008392334
2021-07-15,20.094999313354492,20.094999313354492
2021-07-16,19.836000442504883,19.836000442504883
2021-07-19,19.554000854492188,19.554000854492188
2021-07-20,19.527999877929688,19.527999877929688
2021-07-21,19.610000610351562,19.610000610351562
2021-07-22,19.75,19.75
2021-07-23,19.027999877929688,19.027999877929688
2021-07-26,18.148000717163086,18.148000717163086
2021-07-27,16.823999404907227,16.823999404907227
2021-07-28,18.110000610351562,18.110000610351562
2021-07-29,18.06800079345703,18.06800079345703
2021-07-30,17.986000061035156,17.986000061035156
2021-08-02,18.239999771118164,18.239999771118164
2021-08-03,17.898000717163086,17.898000717163086
2021-08-04,18.261999130249023,18.261999130249023
2021-08-05,18.15399932861328,18.15399932861328
2021-08-06,17.965999603271484,17.965999603271484
2021-08-09,18.3439998626709,18.3439998626709
2021-08-10,18.506000518798828,18.506000518798828
2021-08-11,18.492000579833984,18.492000579833984
2021-08-12,18.27199935913086,18.27199935913086
2021-08-13,18.09600067138672,18.09600067138672
2021-08-16,17.718000411987305,17.718000411987305
2021-08-17,17.42799949645996,17.42799949645996
2021-08-18,17.525999069213867,17.525999069213867
2021-08-19,17.06800079345703,17.06800079345703
2021-08-20,16.99799919128418,16.99799919128418
2021-08-23,17.006000518798828,17.006000518798828
2021-08-24,17.865999221801758,17.865999221801758
2021-08-25,17.766000747680664,17.766000747680664
2021-08-26,17.600000381469727,17.600000381469727
2021-08-27,17.479999542236328,17.479999542236328
2021-08-30,17.474000930786133,17.474000930786133
2021-08-31,17.86199951171875,17.86199951171875
2021-09-01,18.31599998474121,18.31599998474121
2021-09-02,18.288000106811523,18.288000106811523
2021-09-03,18.086000442504883,18.086000442504883
2021-09-06,18.43400001525879,18.43400001525879
2021-09-07,18.642000198364258,18.642000198364258
2021-09-08,18.360000610351562,18.360000610351562
2021-09-09,18.24799919128418,18.24799919128418
2021-09-10,18.270000457763672,18.270000457763672
2021-09-13,18.115999221801758,18.115999221801758
2021-09-14,17.736000061035156,17.736000061035156
2021-09-15,17.375999450683594,17.375999450683594
2021-09-16,17.31800079345703,17.31800079345703
2021-09-17,17.503999710083008,17.503999710083008
2021-09-20,16.941999435424805,16.941999435424805
2021-09-21,17.007999420166016,17.007999420166016
2021-09-22,17.399999618530273,17.399999618530273
2021-09-23,17.211999893188477,17.211999893188477
2021-09-24,17.034000396728516,17.034000396728516
2021-09-27,17.195999145507812,17.195999145507812
2021-09-28,17.149999618530273,17.149999618530273
2021-09-29,17.20599937438965,17.20599937438965
2021-09-30,17.469999313354492,17.469999313354492
2021-10-01,17.20199966430664,17.20199966430664
2021-10-04,16.72599983215332,16.72599983215332
2021-10-05,17.076000213623047,17.076000213623047
2021-10-06,17.025999069213867,17.025999069213867
2021-10-07,17.79800033569336,17.79800033569336
2021-10-08,17.847999572753906,17.847999572753906
2021-10-11,17.979999542236328,17.979999542236328
2021-10-12,17.83799934387207,17.83799934387207
2021-10-13,18.079999923706055,18.079999923706055
2021-10-14,17.88599967956543,17.88599967956543
2021-10-15,18.18000030517578,18.18000030517578
2021-10-18,18.22599983215332,18.22599983215332
2021-10-19,18.555999755859375,18.555999755859375
2021-10-20,18.643999099731445,18.643999099731445
2021-10-21,18.54800033569336,18.54800033569336
2021-10-22,18.658000946044922,18.658000946044922
2021-10-25,18.672000885009766,18.672000885009766
2021-10-26,18.45400047302246,18.45400047302246
2021-10-27,18.166000366210938,18.166000366210938
2021-10-28,17.945999145507812,17.945999145507812
2021-10-29,17.950000762939453,17.950000762939453
2021-11-01,18.09600067138672,18.09600067138672
2021-11-02,17.645999908447266,17.645999908447266
2021-11-03,17.736000061035156,17.736000061035156
2021-11-04,17.81599998474121,17.81599998474121
2021-11-05,17.520000457763672,17.520000457763672
2021-11-08,17.6200008392334,17.6200008392334
2021-11-09,17.54599952697754,17.54599952697754
2021-11-10,17.895999908447266,17.895999908447266
2021-11-11,18.420000076293945,18.420000076293945
2021-11-12,18.486000061035156,18.486000061035156
2021-11-15,18.417999267578125,18.417999267578125
2021-11-16,18.729999542236328,18.729999542236328
2021-11-17,18.673999786376953,18.673999786376953
2021-11-18,18.11199951171875,18.11199951171875
2021-11-19,18.23200035095215,18.23200035095215
2021-11-22,18.06999969482422,18.06999969482422
2021-11-23,17.93000030517578,17.93000030517578
2021-11-24,18.06399917602539,18.06399917602539
2021-11-25,18.20400047302246,18.20400047302246
2021-11-26,17.329999923706055,17.329999923706055
2021-11-29,17.43000030517578,17.43000030517578
2021-11-30,17.242000579833984,17.242000579833984
2021-12-01,17.488000869750977,17.488000869750977
2021-12-02,17.329999923706055,17.329999923706055
2021-12-03,16.82200050354004,16.82200050354004
2021-12-06,16.944000244140625,16.944000244140625
2021-12-07,17.395999908447266,17.395999908447266
2021-12-08,17.472000122070312,17.472000122070312
2021-12-09,17.554000854492188,17.554000854492188
2021-12-10,17.368000030517578,17.368000030517578
2021-12-13,17.13800048828125,17.13800048828125
2021-12-14,17.077999114990234,17.077999114990234
2021-12-15,16.56399917602539,16.56399917602539
2021-12-16,16.781999588012695,16.781999588012695
2021-12-17,16.631999969482422,16.631999969482422
2021-12-20,16.104000091552734,16.104000091552734
2021-12-21,16.604000091552734,16.604000091552734
2021-12-22,16.555999755859375,16.555999755859375
2021-12-23,16.694000244140625,16.694000244140625
2021-12-27,16.667999267578125,16.667999267578125
2021-12-28,16.444000244140625,16.444000244140625
2021-12-29,16.142000198364258,16.142000198364258
2021-12-30,16.24799919128418,16.24799919128418
2022-01-03,16.742000579833984,16.742000579833984
2022-01-04,16.416000366210938,16.416000366210938
2022-01-05,16.25200080871582,16.25200080871582
2022-01-06,16.270000457763672,16.270000457763672
2022-01-07,16.468000411987305,16.468000411987305
2022-01-10,16.464000701904297,16.464000701904297
2022-01-11,16.850000381469727,16.850000381469727
2022-01-12,17.09000015258789,17.09000015258789
2022-01-13,16.760000228881836,16.760000228881836
2022-01-14,16.711999893188477,16.711999893188477
2022-01-17,16.715999603271484,16.715999603271484
2022-01-18,16.75200080871582,16.75200080871582
2022-01-19,16.761999130249023,16.761999130249023
2022-01-20,17.493999481201172,17.493999481201172
2022-01-21,17.054000854492188,17.054000854492188
2022-01-24,16.42799949645996,16.42799949645996
2022-01-25,16.559999465942383,16.559999465942383
2022-01-26,16.579999923706055,16.579999923706055
2022-01-27,16.3799991607666,16.3799991607666
2022-01-28,16.049999237060547,16.049999237060547
2022-01-31,16.673999786376953,16.673999786376953
2022-02-01,16.895999908447266,16.895999908447266
2022-02-02,16.552000045776367,16.552000045776367
2022-02-03,16.444000244140625,16.444000244140625
2022-02-04,16.392000198364258,16.392000198364258
2022-02-07,16.31399917602539,16.31399917602539
2022-02-08,16.520000457763672,16.520000457763672
2022-02-09,16.856000900268555,16.856000900268555
2022-02-10,16.827999114990234,16.827999114990234
2022-02-11,16.739999771118164,16.739999771118164
2022-02-14,16.51799964904785,16.51799964904785
2022-02-15,16.667999267578125,16.667999267578125
2022-02-16,16.722000122070312,16.722000122070312
2022-02-17,16.847999572753906,16.847999572753906
2022-02-18,16.365999221801758,16.365999221801758
2022-02-21,16.166000366210938,16.166000366210938
2022-02-22,15.96399974822998,15.96399974822998
2022-02-23,15.883999824523926,15.883999824523926
2022-02-24,15.567999839782715,15.567999839782715
2022-02-25,15.722000122070312,15.722000122070312
2022-02-28,15.79800033569336,15.79800033569336
2022-03-01,15.92199993133545,15.92199993133545
2022-03-02,15.776000022888184,15.776000022888184
2022-03-03,15.496000289916992,15.496000289916992
2022-03-04,15.223999977111816,15.223999977111816
2022-03-07,14.935999870300293,14.935999870300293
2022-03-08,14.574000358581543,14.574000358581543
2022-03-09,14.600000381469727,14.600000381469727
2022-03-10,14.026000022888184,14.026000022888184
2022-03-11,13.682000160217285,13.682000160217285
2022-03-14,12.718000411987305,12.718000411987305
2022-03-15,12.407999992370605,12.407999992370605
2022-03-16,14.293999671936035,14.293999671936035
2022-03-17,14.170000076293945,14.170000076293945
2022-03-18,15.086000442504883,15.086000442504883
2022-03-21,14.39799976348877,14.39799976348877
2022-03-22,15.0600004196167,15.0600004196167
2022-03-23,15.14799976348877,15.14799976348877
2022-03-24,14.829999923706055,14.829999923706055
2022-03-25,14.494000434875488,14.494000434875488
2022-03-28,14.609999656677246,14.609999656677246
2022-03-29,14.859999656677246,14.859999656677246
2022-03-30,14.92199993133545,14.92199993133545
2022-03-31,14.503999710083008,14.503999710083008
2022-04-01,14.932000160217285,14.932000160217285
2022-04-04,15.404000282287598,15.404000282287598
2022-04-05,15.206000328063965,15.206000328063965
2022-04-06,14.833999633789062,14.833999633789062
2022-04-07,14.604000091552734,14.604000091552734
2022-04-08,14.788000106811523,14.788000106811523
2022-04-11,14.420000076293945,14.420000076293945
2022-04-12,14.538000106811523,14.538000106811523
2022-04-13,14.645999908447266,14.645999908447266
2022-04-14,14.619999885559082,14.619999885559082
2022-04-19,14.319999694824219,14.319999694824219
2022-04-20,13.961999893188477,13.961999893188477
2022-04-21,13.513999938964844,13.513999938964844
2022-04-22,13.711999893188477,13.711999893188477
2022-04-25,13.315999984741211,13.315999984741211
2022-04-26,13.220000267028809,13.220000267028809
2022-04-27,13.680000305175781,13.680000305175781
2022-04-28,13.760000228881836,13.760000228881836
2022-04-29,14.656000137329102,14.656000137329102
2022-05-02,14.4399995803833,14.4399995803833
2022-05-03,14.642000198364258,14.642000198364258
2022-05-04,14.321999549865723,14.321999549865723
2022-05-05,14.029999732971191,14.029999732971191
2022-05-06,13.649999618530273,13.649999618530273
2022-05-09,13.119999885559082,13.119999885559082
2022-05-10,13.154000282287598,13.154000282287598
2022-05-11,13.550000190734863,13.550000190734863
2022-05-12,13.529999732971191,13.529999732971191
2022-05-13,13.960000038146973,13.960000038146973
2022-05-16,13.937999725341797,13.937999725341797
2022-05-17,14.17199993133545,14.17199993133545
2022-05-18,14.013999938964844,14.013999938964844
2022-05-19,14.045999526977539,14.045999526977539
2022-05-20,14.178000450134277,14.178000450134277
2022-05-23,14.020000457763672,14.020000457763672
2022-05-24,13.387999534606934,13.387999534606934
2022-05-25,13.567999839782715,13.567999839782715
2022-05-26,13.918000221252441,13.918000221252441
2022-05-27,14.079999923706055,14.079999923706055
2022-05-30,14.317999839782715,14.317999839782715
2022-05-31,14.604000091552734,14.604000091552734
2022-06-01,14.482000350952148,14.482000350952148
2022-06-02,14.696000099182129,14.696000099182129
2022-06-03,14.593999862670898,14.593999862670898
2022-06-06,15.064000129699707,15.064000129699707
2022-06-07,15.100000381469727,15.100000381469727
2022-06-08,15.579999923706055,15.579999923706055
2022-06-09,15.315999984741211,15.315999984741211
2022-06-10,15.350000381469727,15.350000381469727
2022-06-13,14.87600040435791,14.87600040435791
2022-06-14,15.350000381469727,15.350000381469727
2022-06-15,15.581999778747559,15.581999778747559
2022-06-16,14.923999786376953,14.923999786376953
2022-06-17,15.267999649047852,15.267999649047852
2022-06-20,15.407999992370605,15.407999992370605
2022-06-21,15.583999633789062,15.583999633789062
2022-06-22,15.362000465393066,15.362000465393066
2022-06-23,15.600000381469727,15.600000381469727
2022-06-24,15.95199966430664,15.95199966430664
2022-06-27,16.027999877929688,16.027999877929688
2022-06-28,16.20199966430664,16.20199966430664
2022-06-29,16.038000106811523,16.038000106811523
2022-06-30,16.003999710083008,16.003999710083008
2022-07-01,16.215999603271484,16.215999603271484
2022-07-04,16.238000869750977,16.238000869750977
2022-07-05,16.145999908447266,16.145999908447266
2022-07-06,16.20800018310547,16.20800018310547
2022-07-07,16.756000518798828,16.756000518798828
2022-07-08,16.607999801635742,16.607999801635742
2022-07-11,15.991999626159668,15.991999626159668
2022-07-12,15.968000411987305,15.968000411987305
2022-07-13,15.894000053405762,15.894000053405762
2022-07-14,15.661999702453613,15.661999702453613
2022-07-15,15.38599967956543,15.38599967956543
2022-07-18,15.718000411987305,15.718000411987305
2022-07-19,15.57800006866455,15.57800006866455
2022-07-20,15.612000465393066,15.612000465393066
2022-07-21,15.60200023651123,15.60200023651123
2022-07-22,15.383999824523926,15.383999824523926
2022-07-25,15.362000465393066,15.362000465393066
2022-07-26,15.477999687194824,15.477999687194824
2022-07-27,15.484000205993652,15.484000205993652
2022-07-28,15.3100004196167,15.3100004196167
2022-07-29,14.857999801635742,14.857999801635742
2022-08-01,14.553999900817871,14.553999900817871
2022-08-02,14.618000030517578,14.618000030517578
2022-08-03,14.748000144958496,14.748000144958496
2022-08-04,14.88599967956543,14.88599967956543
2022-08-05,14.833999633789062,14.833999633789062
2022-08-08,14.776000022888184,14.776000022888184
2022-08-09,14.630000114440918,14.630000114440918
2022-08-10,14.39799976348877,14.39799976348877
2022-08-11,14.776000022888184,14.776000022888184
2022-08-12,14.767999649047852,14.767999649047852
2022-08-15,14.836000442504883,14.836000442504883
2022-08-16,14.807999610900879,14.807999610900879
2022-08-17,14.772000312805176,14.772000312805176
2022-08-18,14.720000267028809,14.720000267028809
2022-08-19,14.70199966430664,14.70199966430664
2022-08-22,14.932000160217285,14.932000160217285
2022-08-23,14.845999717712402,14.845999717712402
2022-08-24,14.97599983215332,14.97599983215332
2022-08-25,15.369999885559082,15.369999885559082
2022-08-26,15.395999908447266,15.395999908447266
2022-08-29,15.253999710083008,15.253999710083008
2022-08-30,14.842000007629395,14.842000007629395
2022-08-31,14.961999893188477,14.961999893188477
2022-09-01,14.92199993133545,14.92199993133545
2022-09-02,14.802000045776367,14.802000045776367
2022-09-05,14.727999687194824,14.727999687194824
2022-09-06,14.588000297546387,14.588000297546387
2022-09-07,14.557999610900879,14.557999610900879
2022-09-08,14.491999626159668,14.491999626159668
2022-09-09,14.670000076293945,14.670000076293945
2022-09-12,14.656000137329102,14.656000137329102
2022-09-13,14.552000045776367,14.552000045776367
2022-09-14,14.40999984741211,14.40999984741211
2022-09-15,14.390000343322754,14.390000343322754
2022-09-16,14.034000396728516,14.034000396728516
2022-09-19,13.986000061035156,13.986000061035156
2022-09-20,14.092000007629395,14.092000007629395
2022-09-21,13.899999618530273,13.899999618530273
2022-09-22,13.765999794006348,13.765999794006348
2022-09-23,13.63599967956543,13.63599967956543
2022-09-26,13.9399995803833,13.9399995803833
2022-09-27,13.902000427246094,13.902000427246094
2022-09-28,13.76200008392334,13.76200008392334
2022-09-29,13.28600025177002,13.28600025177002
2022-09-30,13.343999862670898,13.343999862670898
2022-10-03,13.244000434875488,13.244000434875488
2022-10-04,13.64799976348877,13.64799976348877
2022-10-05,13.71399974822998,13.71399974822998
2022-10-06,13.758000373840332,13.758000373840332
2022-10-07,13.416000366210938,13.416000366210938
2022-10-10,13.055999755859375,13.055999755859375
2022-10-11,12.779999732971191,12.779999732971191
2022-10-12,12.711999893188477,12.711999893188477
2022-10-13,12.526000022888184,12.526000022888184
2022-10-14,12.59000015258789,12.59000015258789
2022-10-17,12.812000274658203,12.812000274658203
2022-10-18,12.619999885559082,12.619999885559082
2022-10-19,12.359999656677246,12.359999656677246
2022-10-20,12.383999824523926,12.383999824523926
2022-10-21,12.303999900817871,12.303999900817871
2022-10-24,11.074000358581543,11.074000358581543
2022-10-25,11.218000411987305,11.218000411987305
2022-10-26,11.574000358581543,11.574000358581543
2022-10-27,11.52400016784668,11.52400016784668
2022-10-28,11.015999794006348,11.015999794006348
2022-10-31,10.996000289916992,10.996000289916992
2022-11-01,11.498000144958496,11.498000144958496
2022-11-02,11.586000442504883,11.586000442504883
2022-11-03,11.793999671936035,11.793999671936035
2022-11-04,12.326000213623047,12.326000213623047
2022-11-07,12.380000114440918,12.380000114440918
2022-11-08,12.206000328063965,12.206000328063965
2022-11-09,11.88599967956543,11.88599967956543
2022-11-10,12.232000350952148,12.232000350952148
2022-11-11,12.583999633789062,12.583999633789062
2022-11-14,12.723999977111816,12.723999977111816
2022-11-15,13.326000213623047,13.326000213623047
2022-11-16,12.991999626159668,12.991999626159668
2022-11-17,13.1899995803833,13.1899995803833
2022-11-18,12.9399995803833,12.9399995803833
2022-11-21,12.803999900817871,12.803999900817871
2022-11-22,12.644000053405762,12.644000053405762
2022-11-23,12.64799976348877,12.64799976348877
2022-11-24,12.649999618530273,12.649999618530273
2022-11-25,12.444000244140625,12.444000244140625
2022-11-28,12.592000007629395,12.592000007629395
2022-11-29,13.163999557495117,13.163999557495117
2022-11-30,13.720000267028809,13.720000267028809
2022-12-01,13.48799991607666,13.48799991607666
2022-12-02,13.817999839782715,13.817999839782715
2022-12-05,13.802000045776367,13.802000045776367
2022-12-06,13.984000205993652,13.984000205993652
2022-12-07,13.694000244140625,13.694000244140625
2022-12-08,14.043999671936035,14.043999671936035
2022-12-09,14.211999893188477,14.211999893188477
2022-12-12,13.800000190734863,13.800000190734863
2022-12-13,14.022000312805176,14.022000312805176
2022-12-14,13.984000205993652,13.984000205993652
2022-12-15,13.732000350952148,13.732000350952148
2022-12-16,13.843999862670898,13.843999862670898
2022-12-19,13.62600040435791,13.62600040435791
2022-12-20,13.446000099182129,13.446000099182129
2022-12-21,13.605999946594238,13.605999946594238
2022-12-22,13.645999908447266,13.645999908447266
2022-12-23,13.565999984741211,13.565999984741211
2022-12-27,13.894000053405762,13.894000053405762
2022-12-28,13.711999893188477,13.711999893188477
2022-12-29,13.934000015258789,13.934000015258789
2022-12-30,13.73799991607666,13.73799991607666
2023-01-02,13.878000259399414,13.878000259399414
2023-01-03,14.35200023651123,14.35200023651123
2023-01-04,14.890000343322754,14.890000343322754
2023-01-05,15.128000259399414,15.128000259399414
2023-01-06,15.142000198364258,15.142000198364258
2023-01-09,15.154000282287598,15.154000282287598
2023-01-10,15.137999534606934,15.137999534606934
2023-01-11,15.27400016784668,15.27400016784668
2023-01-12,15.074000358581543,15.074000358581543
2023-01-13,15.263999938964844,15.263999938964844
2023-01-16,15.20199966430664,15.20199966430664
2023-01-17,15.178000450134277,15.178000450134277
2023-01-18,15.050000190734863,15.050000190734863
2023-01-19,15.218000411987305,15.218000411987305
2023-01-20,15.446000099182129,15.446000099182129
2023-01-23,15.663999557495117,15.663999557495117
2023-01-24,15.621999740600586,15.621999740600586
2023-01-25,15.60200023651123,15.60200023651123
2023-01-26,15.87399959564209,15.87399959564209
2023-01-27,15.918000221252441,15.918000221252441
2023-01-30,15.434000015258789,15.434000015258789
2023-01-31,15.258000373840332,15.258000373840332
2023-02-01,15.345999717712402,15.345999717712402
2023-02-02,15.210000038146973,15.210000038146973
2023-02-03,15.097999572753906,15.097999572753906
2023-02-06,14.890000343322754,14.890000343322754
2023-02-07,14.973999977111816,14.973999977111816
2023-02-08,14.800000190734863,14.800000190734863
2023-02-09,15.121999740600586,15.121999740600586
2023-02-10,14.869999885559082,14.869999885559082
2023-02-13,15.005999565124512,15.005999565124512
2023-02-14,14.833999633789062,14.833999633789062
2023-02-15,14.76200008392334,14.76200008392334
2023-02-16,14.82800006866455,14.82800006866455
2023-02-17,14.496000289916992,14.496000289916992
2023-02-20,14.802000045776367,14.802000045776367
2023-02-21,14.420000076293945,14.420000076293945
2023-02-22,14.312000274658203,14.312000274658203
2023-02-23,14.314000129699707,14.314000129699707
2023-02-24,13.932000160217285,13.932000160217285
2023-02-27,14.086000442504883,14.086000442504883
2023-02-28,13.946000099182129,13.946000099182129
2023-03-01,14.326000213623047,14.326000213623047
2023-03-02,14.5600004196167,14.5600004196167
2023-03-03,14.663999557495117,14.663999557495117
2023-03-06,14.491999626159668,14.491999626159668
2023-03-07,14.28600025177002,14.28600025177002
2023-03-08,14.119999885559082,14.119999885559082
2023-03-09,13.727999687194824,13.727999687194824
2023-03-10,13.616000175476074,13.616000175476074
2023-03-13,13.564000129699707,13.564000129699707
2023-03-14,13.628000259399414,13.628000259399414
2023-03-15,13.51200008392334,13.51200008392334
2023-03-16,13.637999534606934,13.637999534606934
2023-03-17,13.539999961853027,13.539999961853027
2023-03-20,13.461999893188477,13.461999893188477
2023-03-21,13.520000457763672,13.520000457763672
2023-03-22,13.656000137329102,13.656000137329102
2023-03-23,13.956000328063965,13.956000328063965
2023-03-24,13.881999969482422,13.881999969482422
2023-03-27,13.644000053405762,13.644000053405762
2023-03-28,14.010000228881836,14.010000228881836
2023-03-29,14.131999969482422,14.131999969482422
2023-03-30,14.220000267028809,14.220000267028809
2023-03-31,14.185999870300293,14.185999870300293
2023-04-03,14.092000007629395,14.092000007629395
2023-04-04,13.895999908447266,13.895999908447266
2023-04-05,13.821999549865723,13.821999549865723
2023-04-06,13.961999893188477,13.961999893188477
2023-04-11,14.031999588012695,14.031999588012695
2023-04-12,13.569999694824219,13.569999694824219
2023-04-13,13.70199966430664,13.70199966430664
2023-04-14,13.644000053405762,13.644000053405762
2023-04-17,13.961999893188477,13.961999893188477
2023-04-18,13.954000473022461,13.954000473022461
2023-04-19,13.784000396728516,13.784000396728516
2023-04-20,13.75,13.75
2023-04-21,13.435999870300293,13.435999870300293
2023-04-24,13.206000328063965,13.206000328063965
2023-04-25,12.961999893188477,12.961999893188477
2023-04-26,13.086000442504883,13.086000442504883
2023-04-27,13.199999809265137,13.199999809265137
2023-04-28,13.276000022888184,13.276000022888184
2023-05-02,13.020000457763672,13.020000457763672
2023-05-03,12.972000122070312,12.972000122070312
2023-05-04,13.20199966430664,13.20199966430664
2023-05-05,13.321999549865723,13.321999549865723
2023-05-08,13.359999656677246,13.359999656677246
2023-05-09,13.246000289916992,13.246000289916992
2023-05-10,13.196000099182129,13.196000099182129
2023-05-11,13.246000289916992,13.246000289916992
2023-05-12,13.104000091552734,13.104000091552734
2023-05-15,13.541999816894531,13.541999816894531
2023-05-16,13.456000328063965,13.456000328063965
2023-05-17,13.36400032043457,13.36400032043457
2023-05-18,13.27400016784668,13.27400016784668
2023-05-19,13.144000053405762,13.144000053405762
2023-05-22,13.36400032043457,13.36400032043457
2023-05-23,13.166000366210938,13.166000366210938
2023-05-24,12.836000442504883,12.836000442504883
2023-05-25,12.649999618530273,12.649999618530273
2023-05-26,12.855999946594238,12.855999946594238
2023-05-29,12.63599967956543,12.63599967956543
2023-05-30,12.477999687194824,12.477999687194824
2023-05-31,12.329999923706055,12.329999923706055
2023-06-01,12.670000076293945,12.670000076293945
2023-06-02,13.093999862670898,13.093999862670898
2023-06-05,12.97599983215332,12.97599983215332
2023-06-06,13.163999557495117,13.163999557495117
2023-06-07,13.17199993133545,13.17199993133545
2023-06-08,13.156000137329102,13.156000137329102
2023-06-09,13.211999893188477,13.211999893188477
2023-06-12,13.210000038146973,13.210000038146973
2023-06-13,13.291999816894531,13.291999816894531
2023-06-14,13.326000213623047,13.326000213623047
2023-06-15,13.489999771118164,13.489999771118164
2023-06-16,13.513999938964844,13.513999938964844
2023-06-19,13.449999809265137,13.449999809265137
2023-06-20,13.027999877929688,13.027999877929688
2023-06-21,12.842000007629395,12.842000007629395
2023-06-22,12.784000396728516,12.784000396728516
2023-06-23,12.604000091552734,12.604000091552734
2023-06-26,12.654000282287598,12.654000282287598
2023-06-27,12.843999862670898,12.843999862670898
2023-06-28,12.760000228881836,12.760000228881836
2023-06-29,12.64799976348877,12.64799976348877
2023-06-30,12.767999649047852,12.767999649047852
2023-07-03,12.95199966430664,12.95199966430664
2023-07-04,13.071999549865723,13.071999549865723
2023-07-05,12.894000053405762,12.894000053405762
2023-07-06,12.576000213623047,12.576000213623047
2023-07-07,12.70199966430664,12.70199966430664
2023-07-10,12.73799991607666,12.73799991607666
2023-07-11,12.741999626159668,12.741999626159668
2023-07-12,12.970000267028809,12.970000267028809
2023-07-13,13.109999656677246,13.109999656677246
2023-07-14,12.937999725341797,12.937999725341797
2023-07-17,12.789999961853027,12.789999961853027
2023-07-18,12.595999717712402,12.595999717712402
2023-07-19,12.6899995803833,12.6899995803833
2023-07-20,12.618000030517578,12.618000030517578
2023-07-21,12.699999809265137,12.699999809265137
2023-07-24,13.03600025177002,13.03600025177002
2023-07-25,13.236000061035156,13.236000061035156
2023-07-26,13.3100004196167,13.3100004196167
2023-07-27,13.411999702453613,13.411999702453613
2023-07-28,13.907999992370605,13.907999992370605
2023-07-31,13.984000205993652,13.984000205993652
2023-08-01,13.784000396728516,13.784000396728516
2023-08-02,13.444000244140625,13.444000244140625
2023-08-03,13.784000396728516,13.784000396728516
2023-08-04,13.621999740600586,13.621999740600586
2023-08-07,13.390000343322754,13.390000343322754
2023-08-08,13.20199966430664,13.20199966430664
2023-08-09,13.211999893188477,13.211999893188477
2023-08-10,13.413999557495117,13.413999557495117
2023-08-11,12.923999786376953,12.923999786376953
2023-08-14,12.930000305175781,12.930000305175781
2023-08-15,12.755999565124512,12.755999565124512
2023-08-16,12.565999984741211,12.565999984741211
2023-08-17,12.727999687194824,12.727999687194824
2023-08-18,12.42199993133545,12.42199993133545
2023-08-21,12.302000045776367,12.302000045776367
2023-08-22,12.354000091552734,12.354000091552734
2023-08-23,12.527999877929688,12.527999877929688
2023-08-24,12.534000396728516,12.534000396728516
2023-08-25,12.574000358581543,12.574000358581543
2023-08-28,12.869999885559082,12.869999885559082
2023-08-29,13.081999778747559,13.081999778747559
2023-08-30,12.850000381469727,12.850000381469727
2023-08-31,12.831999778747559,12.831999778747559
2023-09-01,13.22599983215332,13.22599983215332
2023-09-04,13.255999565124512,13.255999565124512
2023-09-05,13.131999969482422,13.131999969482422
2023-09-06,13.154000282287598,13.154000282287598
2023-09-07,12.795999526977539,12.795999526977539
2023-09-08,12.715999603271484,12.715999603271484
2023-09-11,12.857999801635742,12.857999801635742
2023-09-12,12.9399995803833,12.9399995803833
2023-09-13,12.843999862670898,12.843999862670898
2023-09-14,12.996000289916992,12.996000289916992
2023-09-15,12.842000007629395,12.842000007629395
2023-09-18,12.824000358581543,12.824000358581543
2023-09-19,12.77400016784668,12.77400016784668
2023-09-20,12.746000289916992,12.746000289916992
2023-09-21,12.472000122070312,12.472000122070312
2023-09-22,12.843999862670898,12.843999862670898
2023-09-25,12.751999855041504,12.751999855041504
2023-09-26,12.621999740600586,12.621999740600586
2023-09-27,12.6899995803833,12.6899995803833
2023-09-28,12.609999656677246,12.609999656677246
2023-09-29,12.71399974822998,12.71399974822998
2023-10-02,12.75,12.75
2023-10-03,12.545999526977539,12.545999526977539
2023-10-04,12.418000221252441,12.418000221252441
2023-10-05,12.37600040435791,12.37600040435791
2023-10-06,12.661999702453613,12.661999702453613
2023-10-09,12.633999824523926,12.633999824523926
2023-10-10,12.866000175476074,12.866000175476074
2023-10-11,12.95199966430664,12.95199966430664
2023-10-12,12.883999824523926,12.883999824523926
2023-10-13,12.739999771118164,12.739999771118164
2023-10-16,12.755999565124512,12.755999565124512
2023-10-17,12.628000259399414,12.628000259399414
2023-10-18,12.454000473022461,12.454000473022461
2023-10-19,12.265999794006348,12.265999794006348
2023-10-20,12.026000022888184,12.026000022888184
2023-10-23,12.008000373840332,12.008000373840332
2023-10-24,12.411999702453613,12.411999702453613
2023-10-25,12.246000289916992,12.246000289916992
2023-10-26,12.315999984741211,12.315999984741211
2023-10-27,12.293999671936035,12.293999671936035
2023-10-30,12.39799976348877,12.39799976348877
2023-10-31,12.168000221252441,12.168000221252441
2023-11-01,12.263999938964844,12.263999938964844
2023-11-02,12.321999549865723,12.321999549865723
2023-11-03,12.531999588012695,12.531999588012695
2023-11-06,12.61400032043457,12.61400032043457
2023-11-07,12.588000297546387,12.588000297546387
2023-11-08,12.534000396728516,12.534000396728516
2023-11-09,12.46399974822998,12.46399974822998
2023-11-10,12.302000045776367,12.302000045776367
2023-11-13,12.496000289916992,12.496000289916992
2023-11-14,12.505999565124512,12.505999565124512
2023-11-15,12.869999885559082,12.869999885559082
2023-11-16,12.303999900817871,12.303999900817871
2023-11-17,12.29800033569336,12.29800033569336
2023-11-20,12.53600025177002,12.53600025177002
2023-11-21,12.345999717712402,12.345999717712402
2023-11-22,12.402000427246094,12.402000427246094
2023-11-23,12.508000373840332,12.508000373840332
2023-11-24,12.38599967956543,12.38599967956543
2023-11-27,12.25,12.25
2023-11-28,12.210000038146973,12.210000038146973
2023-11-29,12.050000190734863,12.050000190734863
2023-11-30,12.178000450134277,12.178000450134277
2023-12-01,12.065999984741211,12.065999984741211
2023-12-04,12.065999984741211,12.065999984741211
2023-12-05,12.065999984741211,12.065999984741211
2023-12-06,12.065999984741211,12.065999984741211
2023-12-07,11.793999671936035,11.793999671936035
2023-12-08,11.704000473022461,11.704000473022461
2023-12-11,11.784000396728516,11.784000396728516
2023-12-12,11.765999794006348,11.765999794006348
2023-12-13,11.628000259399414,11.628000259399414
2023-12-14,11.706000328063965,11.706000328063965
2023-12-15,11.829999923706055,11.829999923706055
2023-12-18,11.600000381469727,11.600000381469727
2023-12-19,11.715999603271484,11.715999603271484
2023-12-20,11.567999839782715,11.567999839782715
2023-12-21,11.628000259399414,11.628000259399414
2023-12-22,11.366000175476074,11.366000175476074
2023-12-27,11.300000190734863,11.300000190734863
2023-12-28,11.680000305175781,11.680000305175781
2023-12-29,11.657999992370605,11.657999992370605
2024-01-02,11.5600004196167,11.5600004196167
2024-01-03,11.718000411987305,11.718000411987305
2024-01-04,11.609999656677246,11.609999656677246
2024-01-05,11.510000228881836,11.510000228881836
2024-01-08,11.300000190734863,11.300000190734863
2024-01-09,11.22599983215332,11.22599983215332
2024-01-10,11.130000114440918,11.130000114440918
2024-01-11,11.220000267028809,11.220000267028809
2024-01-12,11.312000274658203,11.312000274658203
2024-01-15,11.184000015258789,11.184000015258789
2024-01-16,11.09000015258789,11.09000015258789
2024-01-17,10.722000122070312,10.722000122070312
2024-01-18,10.854000091552734,10.854000091552734
2024-01-19,10.684000015258789,10.684000015258789
2024-01-22,10.520000457763672,10.520000457763672
2024-01-23,10.934000015258789,10.934000015258789
2024-01-24,11.267999649047852,11.267999649047852
2024-01-25,11.305999755859375,11.305999755859375
2024-01-26,11.21399974822998,11.21399974822998
2024-01-29,11.017999649047852,11.017999649047852
2024-01-30,10.814000129699707,10.814000129699707
2024-01-31,10.781999588012695,10.781999588012695
2024-02-01,10.77400016784668,10.77400016784668
2024-02-02,10.645999908447266,10.645999908447266
2024-02-05,10.807999610900879,10.807999610900879
2024-02-06,11.380000114440918,11.380000114440918
2024-02-07,11.20199966430664,11.20199966430664
2024-02-08,11.057999610900879,11.057999610900879
2024-02-09,11.010000228881836,11.010000228881836
2024-02-12,11.35200023651123,11.35200023651123
2024-02-13,11.180000305175781,11.180000305175781
2024-02-14,11.241999626159668,11.241999626159668
2024-02-15,11.27400016784668,11.27400016784668
2024-02-16,11.515999794006348,11.515999794006348
2024-02-19,11.394000053405762,11.394000053405762
2024-02-20,11.305999755859375,11.305999755859375
2024-02-21,11.543999671936035,11.543999671936035
2024-02-22,11.644000053405762,11.644000053405762
2024-02-23,11.73799991607666,11.73799991607666
2024-02-26,11.62399959564209,11.62399959564209
2024-02-27,11.758000373840332,11.758000373840332
2024-02-28,11.437999725341797,11.437999725341797
2024-02-29,11.47599983215332,11.47599983215332
2024-03-01,11.652000427246094,11.652000427246094
2024-03-04,11.4399995803833,11.4399995803833
2024-03-05,11.303999900817871,11.303999900817871
2024-03-06,11.468000411987305,11.468000411987305
2024-03-07,11.302000045776367,11.302000045776367
2024-03-08,11.288000106811523,11.288000106811523
2024-03-11,11.62399959564209,11.62399959564209
2024-03-12,11.833999633789062,11.833999633789062
2024-03-13,11.895999908447266,11.895999908447266
2024-03-14,11.748000144958496,11.748000144958496
2024-03-15,11.73799991607666,11.73799991607666
2024-03-18,11.793999671936035,11.793999671936035
2024-03-19,11.729999542236328,11.729999542236328
2024-03-20,11.779999732971191,11.779999732971191
2024-03-21,11.812000274658203,11.812000274658203
2024-03-22,11.656000137329102,11.656000137329102
2024-03-25,11.588000297546387,11.588000297546387
2024-03-26,11.64799976348877,11.64799976348877
2024-03-27,11.59000015258789,11.59000015258789
2024-03-28,11.748000144958496,11.748000144958496
2024-04-02,11.996000289916992,11.996000289916992
2024-04-03,11.868000030517578,11.868000030517578
2024-04-04,11.892000198364258,11.892000198364258
2024-04-05,11.751999855041504,11.751999855041504
2024-04-08,11.826000213623047,11.826000213623047
2024-04-09,11.85200023651123,11.85200023651123
2024-04-10,11.925999641418457,11.925999641418457
2024-04-11,12.031999588012695,12.031999588012695
2024-04-12,11.847999572753906,11.847999572753906
2024-04-15,11.89799976348877,11.89799976348877
2024-04-16,11.718000411987305,11.718000411987305
2024-04-17,11.687999725341797,11.687999725341797
2024-04-18,11.854000091552734,11.854000091552734
2024-04-19,11.76200008392334,11.76200008392334
2024-04-22,11.937999725341797,11.937999725341797
2024-04-23,12.086000442504883,12.086000442504883
2024-04-24,12.27400016784668,12.27400016784668
2024-04-25,12.305999755859375,12.305999755859375
2024-04-26,12.581999778747559,12.581999778747559
2024-04-29,12.657999992370605,12.657999992370605
2024-04-30,12.555999755859375,12.555999755859375
2024-05-02,13.064000129699707,13.064000129699707
2024-05-03,13.173999786376953,13.173999786376953
2024-05-06,13.199999809265137,13.199999809265137
2024-05-07,13.097999572753906,13.097999572753906
2024-05-08,12.991999626159668,12.991999626159668
2024-05-09,13.251999855041504,13.251999855041504
2024-05-10,13.347999572753906,13.347999572753906
2024-05-13,13.612000465393066,13.612000465393066
2024-05-14,13.522000312805176,13.522000312805176
2024-05-15,13.541999816894531,13.541999816894531
2024-05-16,13.711999893188477,13.711999893188477
2024-05-17,13.954000473022461,13.954000473022461
2024-05-20,13.784000396728516,13.784000396728516
2024-05-21,13.553999900817871,13.553999900817871
2024-05-22,13.486000061035156,13.486000061035156
2024-05-23,13.29800033569336,13.29800033569336
2024-05-24,13.149999618530273,13.149999618530273
2024-05-27,13.284000396728516,13.284000396728516
2024-05-28,13.168000221252441,13.168000221252441
2024-05-29,13.034000396728516,13.034000396728516
2024-05-30,13.071999549865723,13.071999549865723
2024-05-31,12.748000144958496,12.748000144958496
2024-06-03,12.803999900817871,12.803999900817871
2024-06-04,12.904000282287598,12.904000282287598
2024-06-05,13.017999649047852,13.017999649047852
2024-06-06,13.043999671936035,13.043999671936035
2024-06-07,12.911999702453613,12.911999702453613
2024-06-10,12.994000434875488,12.994000434875488
2024-06-11,12.90999984741211,12.90999984741211
2024-06-12,12.855999946594238,12.855999946594238
2024-06-13,12.878000259399414,12.878000259399414
2024-06-14,12.913999557495117,12.913999557495117
2024-06-17,12.923999786376953,12.923999786376953
2024-06-18,12.935999870300293,12.935999870300293
2024-06-19,13.15999984741211,13.15999984741211
2024-06-20,12.973999977111816,12.973999977111816
2024-06-21,12.90999984741211,12.90999984741211
2024-06-24,12.994000434875488,12.994000434875488
2024-06-25,12.824000358581543,12.824000358581543
2024-06-26,12.859999656677246,12.859999656677246
2024-06-27,12.618000030517578,12.618000030517578
2024-06-28,12.644000053405762,12.644000053405762
2024-07-01,12.65999984741211,12.65999984741211
2024-07-02,12.649999618530273,12.649999618530273
2024-07-03,12.817999839782715,12.817999839782715
2024-07-04,12.784000396728516,12.784000396728516
2024-07-05,12.57800006866455,12.57800006866455
2024-07-08,12.470000267028809,12.470000267028809
2024-07-09,12.592000007629395,12.592000007629395
2024-07-10,12.61400032043457,12.61400032043457
2024-07-11,12.803999900817871,12.803999900817871
2024-07-12,12.928000450134277,12.928000450134277
2024-07-15,12.673999786376953,12.673999786376953
2024-07-16,12.607999801635742,12.607999801635742
2024-07-17,12.473999977111816,12.473999977111816
2024-07-18,12.418000221252441,12.418000221252441
2024-07-19,12.35200023651123,12.35200023651123
2024-07-22,12.538000106811523,12.538000106811523
2024-07-23,12.36400032043457,12.36400032043457
2024-07-24,12.315999984741211,12.315999984741211
2024-07-25,12.086000442504883,12.086000442504883
2024-07-26,12.116000175476074,12.116000175476074
2024-07-29,12.13599967956543,12.13599967956543
2024-07-30,12.055999755859375,12.055999755859375
2024-07-31,12.27400016784668,12.27400016784668
2024-08-01,12.199999809265137,12.199999809265137
2024-08-02,11.90999984741211,11.90999984741211
2024-08-05,11.857999801635742,11.857999801635742
2024-08-06,11.902000427246094,11.902000427246094
2024-08-07,12.020000457763672,12.020000457763672
2024-08-08,12.185999870300293,12.185999870300293
2024-08-09,12.112000465393066,12.112000465393066
2024-08-12,12.25,12.25
2024-08-13,12.244000434875488,12.244000434875488
2024-08-14,12.008000373840332,12.008000373840332
2024-08-15,12.175999641418457,12.175999641418457
2024-08-16,12.319999694824219,12.319999694824219
2024-08-19,12.383999824523926,12.383999824523926
2024-08-20,12.064000129699707,12.064000129699707
2024-08-21,12.145999908447266,12.145999908447266
2024-08-22,12.074000358581543,12.074000358581543
2024-08-23,12.137999534606934,12.137999534606934
2024-08-26,11.932000160217285,11.932000160217285
2024-08-27,11.968000411987305,11.968000411987305
2024-08-28,11.815999984741211,11.815999984741211
2024-08-29,11.986000061035156,11.986000061035156
2024-08-30,12.050000190734863,12.050000190734863
2024-09-02,11.984000205993652,11.984000205993652
2024-09-03,11.97599983215332,11.97599983215332
2024-09-04,11.916000366210938,11.916000366210938
2024-09-05,11.869999885559082,11.869999885559082
2024-09-06,11.729999542236328,11.729999542236328
2024-09-09,11.739999771118164,11.739999771118164
2024-09-10,11.704000473022461,11.704000473022461
2024-09-11,11.803999900817871,11.803999900817871
2024-09-12,11.788000106811523,11.788000106811523
2024-09-13,11.800000190734863,11.800000190734863
2024-09-16,11.795999526977539,11.795999526977539
2024-09-17,11.949999809265137,11.949999809265137
2024-09-18,11.87600040435791,11.87600040435791
2024-09-19,12.180000305175781,12.180000305175781
2024-09-20,12.23799991607666,12.23799991607666
2024-09-23,12.454000473022461,12.454000473022461
2024-09-24,13.333999633789062,13.333999633789062
2024-09-25,13.251999855041504,13.251999855041504
2024-09-26,14.21399974822998,14.21399974822998
2024-09-27,14.508000373840332,14.508000373840332
2024-09-30,14.722000122070312,14.722000122070312
2024-10-01,14.979999542236328,14.979999542236328
2024-10-02,15.965999603271484,15.965999603271484
2024-10-03,16.006000518798828,16.006000518798828
2024-10-04,16.375999450683594,16.375999450683594
2024-10-07,16.799999237060547,16.799999237060547
2024-10-08,15.423999786376953,15.423999786376953
2024-10-09,15.180000305175781,15.180000305175781
2024-10-10,15.324000358581543,15.324000358581543
2024-10-11,15.442000389099121,15.442000389099121
2024-10-14,15.265999794006348,15.265999794006348
2024-10-15,14.503999710083008,14.503999710083008
2024-10-16,14.718000411987305,14.718000411987305
2024-10-17,14.27400016784668,14.27400016784668
2024-10-18,14.880000114440918,14.880000114440918
2024-10-21,14.62600040435791,14.62600040435791
2024-10-22,14.902000427246094,14.902000427246094
2024-10-23,14.881999969482422,14.881999969482422
2024-10-24,14.656000137329102,14.656000137329102
2024-10-25,14.800000190734863,14.800000190734863
2024-10-28,14.956000328063965,14.956000328063965
2024-10-29,14.913999557495117,14.913999557495117
2024-10-30,14.567999839782715,14.567999839782715
2024-10-31,14.498000144958496,14.498000144958496
2024-11-01,14.657999992370605,14.657999992370605
2024-11-04,14.746000289916992,14.746000289916992
2024-11-05,14.972000122070312,14.972000122070312
2024-11-06,14.826000213623047,14.826000213623047
2024-11-07,15.378000259399414,15.378000259399414
2024-11-08,14.73799991607666,14.73799991607666
2024-11-11,14.87600040435791,14.87600040435791
2024-11-12,14.491999626159668,14.491999626159668
2024-11-13,14.538000106811523,14.538000106811523
2024-11-14,14.402000427246094,14.402000427246094
2024-11-15,14.362000465393066,14.362000465393066
2024-11-18,14.51200008392334,14.51200008392334
2024-11-19,14.468000411987305,14.468000411987305
2024-11-20,14.592000007629395,14.592000007629395
2024-11-21,14.541999816894531,14.541999816894531
2024-11-22,14.28600025177002,14.28600025177002
2024-11-25,14.14799976348877,14.14799976348877
2024-11-26,14.128000259399414,14.128000259399414
2024-11-27,14.291999816894531,14.291999816894531
2024-11-28,14.168000221252441,14.168000221252441
2024-11-29,14.319999694824219,14.319999694824219
2024-12-02,14.428000450134277,14.428000450134277
2024-12-03,14.526000022888184,14.526000022888184
2024-12-04,14.32800006866455,14.32800006866455
2024-12-05,14.369999885559082,14.369999885559082
2024-12-06,14.529999732971191,14.529999732971191
2024-12-09,15.668000221252441,15.668000221252441
2024-12-10,15.026000022888184,15.026000022888184
2024-12-11,14.880000114440918,14.880000114440918
2024-12-12,14.961999893188477,14.961999893188477
2024-12-13,14.694000244140625,14.694000244140625
2024-12-16,14.529999732971191,14.529999732971191
2024-12-17,14.694000244140625,14.694000244140625
2024-12-18,14.661999702453613,14.661999702453613
2024-12-19,14.765999794006348,14.765999794006348
2024-12-20,14.821999549865723,14.821999549865723
2024-12-23,14.812000274658203,14.812000274658203
2024-12-27,14.88599967956543,14.88599967956543
2024-12-30,14.812000274658203,14.812000274658203
2025-01-02,14.751999855041504,14.751999855041504
2025-01-03,14.715999603271484,14.715999603271484
2025-01-06,14.494000434875488,14.494000434875488
2025-01-07,14.307999610900879,14.307999610900879
2025-01-08,14.234000205993652,14.234000205993652
2025-01-09,14.27400016784668,14.27400016784668
2025-01-10,14.027999877929688,14.027999877929688
2025-01-13,14.034000396728516,14.034000396728516
2025-01-14,14.27400016784668,14.27400016784668
2025-01-15,14.383999824523926,14.383999824523926
2025-01-16,14.368000030517578,14.368000030517578
2025-01-17,14.675999641418457,14.675999641418457
2025-01-20,14.892000198364258,14.892000198364258
2025-01-21,14.571999549865723,14.571999549865723
2025-01-22,14.508000373840332,14.508000373840332
2025-01-23,14.444000244140625,14.444000244140625
2025-01-24,14.710000038146973,14.710000038146973
2025-01-27,14.906000137329102,14.906000137329102
2025-01-28,14.86400032043457,14.86400032043457
2025-01-29,15.270000457763672,15.270000457763672
2025-01-30,15.534000396728516,15.534000396728516
2025-01-31,15.357999801635742,15.357999801635742
2025-02-03,15.34000015258789,15.34000015258789
2025-02-04,15.579999923706055,15.579999923706055
2025-02-05,15.218000411987305,15.218000411987305
2025-02-06,15.501999855041504,15.501999855041504
2025-02-07,15.746000289916992,15.746000289916992
2025-02-10,16.0939998626709,16.0939998626709
2025-02-11,16.010000228881836,16.010000228881836
2025-02-12,16.288000106811523,16.288000106811523
2025-02-13,16.176000595092773,16.176000595092773
2025-02-14,16.530000686645508,16.530000686645508
2025-02-17,16.781999588012695,16.781999588012695
2025-02-18,16.8439998626709,16.8439998626709
2025-02-19,16.84000015258789,16.84000015258789
2025-02-20,17.049999237060547,17.049999237060547
2025-02-21,17.516000747680664,17.516000747680664
2025-02-24,16.72800064086914,16.72800064086914
2025-02-25,16.79400062561035,16.79400062561035
2025-02-26,17.29199981689453,17.29199981689453
2025-02-27,17.34000015258789,17.34000015258789
2025-02-28,16.79400062561035,16.79400062561035
2025-03-03,16.68400001525879,16.68400001525879
2025-03-04,16.447999954223633,16.447999954223633
2025-03-05,16.77400016784668,16.77400016784668
2025-03-06,17.073999404907227,17.073999404907227
2025-03-07,16.964000701904297,16.964000701904297
2025-03-10,16.583999633789062,16.583999633789062
2025-03-11,16.625999450683594,16.625999450683594
2025-03-12,16.601999282836914,16.601999282836914
2025-03-13,16.729999542236328,16.729999542236328
2025-03-14,17.110000610351562,17.110000610351562
2025-03-17,17.461999893188477,17.461999893188477
2025-03-18,17.440000534057617,17.440000534057617
2025-03-19,17.474000930786133,17.474000930786133
2025-03-20,16.972000122070312,16.972000122070312
2025-03-21,16.799999237060547,16.799999237060547
2025-03-24,16.812000274658203,16.812000274658203
2025-03-25,16.715999603271484,16.715999603271484
2025-03-26,16.711999893188477,16.711999893188477
2025-03-27,16.95599937438965,16.95599937438965
2025-03-28,16.488000869750977,16.488000869750977
2025-03-31,16.43000030517578,16.43000030517578
2025-04-01,16.549999237060547,16.549999237060547
2025-04-02,16.336000442504883,16.336000442504883
2025-04-03,15.843999862670898,15.843999862670898
2025-04-04,14.789999961853027,14.789999961853027
2025-04-07,13.937999725341797,13.937999725341797
2025-04-08,14.003999710083008,14.003999710083008
2025-04-09,13.675999641418457,13.675999641418457
2025-04-10,14.038000106811523,14.038000106811523
2025-04-11,13.977999687194824,13.977999687194824
2025-04-14,14.54800033569336,14.54800033569336
2025-04-15,14.553999900817871,14.553999900817871
2025-04-16,14.260000228881836,14.260000228881836
2025-04-17,14.215999603271484,14.215999603271484
2025-04-22,14.39799976348877,14.39799976348877
2025-04-23,14.906000137329102,14.906000137329102
2025-04-24,14.883999824523926,14.883999824523926
2025-04-25,14.831999778747559,14.831999778747559
2025-04-28,14.788000106811523,14.788000106811523
2025-04-29,14.789999961853027,14.789999961853027
2025-04-30,14.803999900817871,14.803999900817871
2025-05-02,15.291999816894531,15.291999816894531
2025-05-05,15.42199993133545,15.42199993133545
2025-05-06,15.553999900817871,15.553999900817871
2025-05-07,15.166000366210938,15.166000366210938
2025-05-08,15.428000450134277,15.428000450134277
2025-05-09,15.465999603271484,15.465999603271484
2025-05-12,16.11199951171875,16.11199951171875
2025-05-13,16.030000686645508,16.030000686645508
2025-05-14,16.163999557495117,16.163999557495117
2025-05-15,15.85200023651123,15.85200023651123
2025-05-16,15.895999908447266,15.895999908447266
2025-05-19,15.784000396728516,15.784000396728516
2025-05-20,15.899999618530273,15.899999618530273
2025-05-21,15.868000030517578,15.868000030517578
2025-05-22,15.805999755859375,15.805999755859375
2025-05-23,15.697999954223633,15.697999954223633
2025-05-26,15.486000061035156,15.486000061035156
2025-05-27,15.482000350952148,15.482000350952148
2025-05-28,15.37399959564209,15.37399959564209
2025-05-29,15.420000076293945,15.420000076293945
2025-05-30,15.156000137329102,15.156000137329102
2025-06-02,15.149999618530273,15.149999618530273
2025-06-03,15.366000175476074,15.366000175476074
2025-06-04,15.640000343322754,15.640000343322754
2025-06-05,15.67199993133545,15.67199993133545
2025-06-06,15.62399959564209,15.62399959564209
2025-06-09,15.838000297546387,15.838000297546387
2025-06-10,15.77400016784668,15.77400016784668
2025-06-11,15.87399959564209,15.87399959564209
2025-06-12,15.687999725341797,15.687999725341797
2025-06-13,15.515999794006348,15.515999794006348
2025-06-16,15.67199993133545,15.67199993133545
2025-06-17,15.640000343322754,15.640000343322754
2025-06-18,15.460000038146973,15.460000038146973
2025-06-19,15.218000411987305,15.218000411987305
2025-06-20,15.312000274658203,15.312000274658203
2025-06-23,15.368000030517578,15.368000030517578
2025-06-24,15.692000389099121,15.692000389099121
2025-06-25,15.711999893188477,15.711999893188477
2025-06-26,15.609999656677246,15.609999656677246
2025-06-27,15.520000457763672,15.520000457763672
2025-06-30,15.381999969482422,15.381999969482422
2025-07-01,15.418000221252441,15.418000221252441
2025-07-02,15.326000213623047,15.326000213623047
2025-07-03,15.307999610900879,15.307999610900879
2025-07-04,15.253999710083008,15.253999710083008
2025-07-07,15.39799976348877,15.39799976348877
2025-07-08,15.541999816894531,15.541999816894531
2025-07-09,15.324000358581543,15.324000358581543
2025-07-10,15.47599983215332,15.47599983215332
2025-07-11,15.479999542236328,15.479999542236328
2025-07-14,15.63599967956543,15.63599967956543
2025-07-15,15.946000099182129,15.946000099182129
2025-07-16,15.803999900817871,15.803999900817871
2025-07-17,16.11400032043457,16.11400032043457
2025-07-18,16.284000396728516,16.284000396728516
2025-07-21,16.285999298095703,16.285999298095703
2025-07-22,16.374000549316406,16.374000549316406
2025-07-23,16.56999969482422,16.56999969482422
2025-07-24,16.525999069213867,16.525999069213867
2025-07-25,16.461999893188477,16.461999893188477
2025-07-28,16.673999786376953,16.673999786376953
2025-07-29,16.739999771118164,16.739999771118164
2025-07-30,16.63599967956543,16.63599967956543
2025-07-31,16.54199981689453,16.54199981689453
2025-08-01,16.058000564575195,16.058000564575195
2025-08-04,16.309999465942383,16.309999465942383
2025-08-05,16.43600082397461,16.43600082397461
2025-08-06,16.381999969482422,16.381999969482422
2025-08-07,16.423999786376953,16.423999786376953
2025-08-08,16.371999740600586,16.371999740600586
2025-08-11,16.381999969482422,16.381999969482422
2025-08-12,16.465999603271484,16.465999603271484
2025-08-13,16.940000534057617,16.940000534057617
2025-08-14,16.718000411987305,16.718000411987305
2025-08-15,16.718000411987305,16.718000411987305
2025-08-18,16.874000549316406,16.874000549316406
2025-08-19,16.81399917602539,16.81399917602539
2025-08-20,16.81999969482422,16.81999969482422
2025-08-21,17.0,17.0
2025-08-22,17.246000289916992,17.246000289916992
2025-08-25,17.40399932861328,17.40399932861328
2025-08-26,17.4060001373291,17.4060001373291
2025-08-27,16.95599937438965,16.95599937438965
2025-08-28,16.986000061035156,16.986000061035156
2025-08-29,17.149999618530273,17.149999618530273
2025-09-01,17.26799964904785,17.26799964904785
2025-09-02,17.27400016784668,17.27400016784668
2025-09-03,17.219999313354492,17.219999313354492
2025-09-04,16.972000122070312,16.972000122070312
2025-09-05,17.139999389648438,17.139999389648438
2025-09-08,17.36199951171875,17.36199951171875
2025-09-09,17.615999221801758,17.615999221801758
2025-09-10,17.601999282836914,17.601999282836914
2025-09-11,17.8700008392334,17.8700008392334
2025-09-12,17.908000946044922,17.908000946044922
2025-09-15,17.996000289916992,17.996000289916992
2025-09-16,17.91200065612793,17.91200065612793
2025-09-17,18.243999481201172,18.243999481201172
2025-09-18,18.076000213623047,18.076000213623047
2025-09-19,18.125999450683594,18.125999450683594
2025-09-22,18.013999938964844,18.013999938964844
2025-09-23,17.916000366210938,17.916000366210938
2025-09-24,18.17799949645996,18.17799949645996
2025-09-25,18.277999877929688,18.277999877929688
2025-09-26,18.062000274658203,18.062000274658203
2025-09-29,18.36199951171875,18.36199951171875
2025-09-30,18.492000579833984,18.492000579833984
2025-10-01,18.554000854492188,18.554000854492188
2025-10-02,18.88599967956543,18.88599967956543
2025-10-03,18.70400047302246,18.70400047302246
2025-10-06,18.780000686645508,18.780000686645508
2025-10-07,18.610000610351562,18.610000610351562
2025-10-08,18.67799949645996,18.67799949645996
2025-10-09,18.5939998626709,18.5939998626709
2025-10-10,17.68000030517578,17.68000030517578
2025-10-13,18.076000213623047,18.076000213623047
2025-10-14,17.83799934387207,17.83799934387207
2025-10-15,17.947999954223633,17.947999954223633
2025-10-16,17.983999252319336,17.983999252319336
2025-10-17,17.753999710083008,17.753999710083008
2025-10-20,18.100000381469727,18.100000381469727
2025-10-21,18.06999969482422,18.06999969482422
2025-10-22,17.920000076293945,17.920000076293945
2025-10-23,18.219999313354492,18.219999313354492
2025-10-27,18.631999969482422,18.631999969482422
2025-10-28,18.365999221801758,18.365999221801758
2025-10-29,18.582000732421875,18.582000732421875
2025-10-30,18.422000885009766,18.422000885009766
2025-10-31,18.195999145507812,18.195999145507812
2025-11-03,18.176000595092773,18.176000595092773
2025-11-04,18.128000259399414,18.128000259399414
2025-11-05,18.148000717163086,18.148000717163086
2025-11-06,18.224000930786133,18.224000930786133
2025-11-07,17.92799949645996,17.92799949645996
2025-11-10,18.356000900268555,18.356000900268555
2025-11-11,18.368000030517578,18.368000030517578
2025-11-12,18.33799934387207,18.33799934387207
2025-11-13,18.29800033569336,18.29800033569336
2025-11-14,18.233999252319336,18.233999252319336
2025-11-17,17.97800064086914,17.97800064086914
2025-11-18,17.763999938964844,17.763999938964844
2025-11-19,17.63599967956543,17.63599967956543
2025-11-20,17.59600067138672,17.59600067138672
2025-11-21,17.31399917602539,17.31399917602539
2025-11-24,17.66200065612793,17.66200065612793
2025-11-25,17.694000244140625,17.694000244140625
2025-11-26,17.642000198364258,17.642000198364258
2025-11-27,17.56800079345703,17.56800079345703
2025-11-28,17.719999313354492,17.719999313354492
2025-12-01,17.785999298095703,17.785999298095703
2025-12-02,17.61400032043457,17.61400032043457
2025-12-03,17.450000762939453,17.450000762939453
2025-12-04,17.52199935913086,17.52199935913086
2025-12-05,17.70199966430664,17.70199966430664
2025-12-08,17.54199981689453,17.54199981689453
2025-12-09,17.329999923706055,17.329999923706055
2025-12-10,17.371999740600586,17.371999740600586
2025-12-11,17.238000869750977,17.238000869750977
2025-12-12,17.243999481201172,17.243999481201172
2025-12-15,17.13599967956543,17.13599967956543
2025-12-16,16.827999114990234,16.827999114990234
2025-12-17,16.964000701904297,16.964000701904297
2025-12-18,17.15999984741211,17.15999984741211
2025-12-19,17.329999923706055,17.329999923706055
2025-12-22,17.280000686645508,17.280000686645508
2025-12-23,17.148000717163086,17.148000717163086
2025-12-29,17.076000213623047,17.076000213623047
2025-12-30,17.238000869750977,17.238000869750977
2026-01-02,17.648000717163086,17.648000717163086
2026-01-05,17.68400001525879,17.68400001525879
2026-01-06,17.940000534057617,17.940000534057617
2026-01-07,17.694000244140625,17.694000244140625
2026-01-08,17.729999542236328,17.729999542236328
2026-01-09,17.777999877929688,17.777999877929688
2026-01-12,18.163999557495117,18.163999557495117
2026-01-13,18.22599983215332,18.22599983215332
2026-01-14,18.158000946044922,18.158000946044922
2026-01-15,18.266000747680664,18.266000747680664
2026-01-16,17.875999450683594,17.875999450683594
2026-01-19,17.875999450683594,17.875999450683594
2026-01-20,17.607999801635742,17.607999801635742
2026-01-21,17.781999588012695,17.781999588012695
2026-01-22,17.902000427246094,17.902000427246094
2026-01-23,17.743999481201172,17.743999481201172
2026-01-26,17.615999221801758,17.615999221801758
2026-01-27,17.582000732421875,17.582000732421875
2026-01-28,17.84000015258789,17.84000015258789
2026-01-29,17.809999465942383,17.809999465942383
2026-01-30,17.6299991607666,17.6299991607666
2026-02-02,17.468000411987305,17.468000411987305
2026-02-03,17.263999938964844,17.263999938964844
2026-02-04,17.104000091552734,17.104000091552734
2026-02-05,17.143999099731445,17.143999099731445
2026-02-06,17.333999633789062,17.333999633789062
2026-02-09,17.417999267578125,17.417999267578125
2026-02-10,17.374000549316406,17.374000549316406
2026-02-11,17.312000274658203,17.312000274658203
2026-02-12,17.030000686645508,17.030000686645508
2026-02-13,16.98200035095215,16.98200035095215
2026-02-16,17.034000396728516,17.034000396728516
2026-02-17,17.083999633789062,17.083999633789062
2026-02-18,17.24799919128418,17.24799919128418
2026-02-19,17.197999954223633,17.197999954223633
2026-02-20,17.16200065612793,17.16200065612793
2026-02-23,17.229999542236328,17.229999542236328
2026-02-24,17.0939998626709,17.0939998626709
2026-02-25,17.118000030517578,17.118000030517578
2026-02-26,16.736000061035156,16.736000061035156
2026-02-27,16.70800018310547,16.70800018310547
2026-03-02,16.63599967956543,16.63599967956543
2026-03-03,16.194000244140625,16.194000244140625
2026-03-04,16.31599998474121,16.31599998474121
2026-03-05,16.148000717163086,16.148000717163086
2026-03-09,16.45199966430664,16.45199966430664
2026-03-10,16.902000427246094,16.902000427246094
2026-03-11,16.788000106811523,16.788000106811523
2026-03-12,16.715999603271484,16.715999603271484
2026-03-13,16.857999801635742,16.857999801635742
2026-03-16,17.010000228881836,17.010000228881836
2026-03-17,16.88800048828125,16.88800048828125
2026-03-18,16.65999984741211,16.65999984741211
2026-03-19,16.266000747680664,16.266000747680664
2026-03-20,15.994000434875488,15.994000434875488
2026-03-23,15.895999908447266,15.895999908447266
2026-03-24,16.003999710083008,16.003999710083008
2026-03-25,16.280000686645508,16.280000686645508
2026-03-26,15.932000160217285,15.932000160217285
2026-03-27,15.868000030517578,15.868000030517578
2026-03-30,16.038000106811523,16.038000106811523
2026-03-31,15.96399974822998,15.96399974822998
2026-04-01,16.139999389648438,16.139999389648438
2026-04-02,16.062000274658203,16.062000274658203
2026-04-07,15.89799976348877,15.89799976348877
2026-04-08,16.368000030517578,16.368000030517578
2026-04-09,16.257999420166016,16.257999420166016
2026-04-10,16.266000747680664,16.266000747680664
2026-04-13,16.22599983215332,16.22599983215332
2026-04-14,16.398000717163086,16.398000717163086
2026-04-15,16.408000946044922,16.408000946044922
2026-04-16,16.690000534057617,16.690000534057617
2026-04-17,16.829999923706055,16.829999923706055
2026-04-20,16.763999938964844,16.763999938964844
2026-04-21,16.5939998626709,16.5939998626709
2026-04-22,16.652000427246094,16.652000427246094
2026-04-23,16.40999984741211,16.40999984741211
2026-04-24,16.422000885009766,16.422000885009766
2026-04-27,16.261999130249023,16.261999130249023
2026-04-28,16.143999099731445,16.143999099731445
2026-04-29,16.257999420166016,16.257999420166016
2026-04-30,16.290000915527344,16.290000915527344
2026-05-04,16.384000778198242,16.384000778198242
2026-05-05,16.327999114990234,16.327999114990234
2026-05-06,16.555999755859375,16.555999755859375
2026-05-07,16.583999633789062,16.583999633789062
2026-05-08,16.54800033569336,16.54800033569336
2026-05-11,16.634000778198242,16.634000778198242
2026-05-12,16.468000411987305,16.468000411987305
2026-05-13,17.02199935913086,17.02199935913086
2026-05-14,16.649999618530273,16.649999618530273
2026-05-15,16.29199981689453,16.29199981689453
2026-05-18,16.145999908447266,16.145999908447266
2026-05-19,16.25,16.25
2026-05-20,16.22800064086914,16.22800064086914
2026-05-21,15.984000205993652,15.984000205993652
2026-05-22,15.916000366210938,15.916000366210938
2026-05-25,16.030000686645508,16.030000686645508
2026-05-26,16.00200080871582,16.00200080871582
2026-05-27,15.869999885559082,15.869999885559082
2026-05-28,15.621999740600586,15.621999740600586
2026-05-29,15.72599983215332,15.72599983215332
2026-06-01,15.829999923706055,15.829999923706055
2026-06-02,16.423999786376953,16.423999786376953
2026-06-03,16.038000106811523,16.038000106811523
2026-06-04,15.989999771118164,15.989999771118164
2026-06-05,15.739999771118164,15.739999771118164
2026-06-08,15.62399959564209,15.62399959564209
2026-06-09,15.60200023651123,15.60200023651123
2026-06-10,15.684000015258789,15.684000015258789
2026-06-11,15.48799991607666,15.48799991607666
2026-06-12,15.722000122070312,15.722000122070312
2026-06-15,15.895999908447266,15.895999908447266
2026-06-16,15.581999778747559,15.581999778747559
2026-06-17,15.545999526977539,15.545999526977539
2026-06-18,15.404000282287598,15.404000282287598
2026-06-19,15.381999969482422,15.381999969482422
2026-06-22,15.534000396728516,15.534000396728516
2026-06-23,15.21399974822998,15.21399974822998
2026-06-24,15.236000061035156,15.236000061035156
2026-06-25,14.947999954223633,14.947999954223633
2026-06-26,14.850000381469727,14.850000381469727
2026-06-29,14.817999839782715,14.817999839782715
2026-06-30,14.946000099182129,14.946000099182129
2026-07-01,15.173999786376953,15.173999786376953
2026-07-02,14.906000137329102,14.906000137329102
2026-07-03,15.026000022888184,15.026000022888184
2026-07-06,15.279999732971191,15.279999732971191
2026-07-07,15.1899995803833,15.1899995803833
2026-07-08,15.522000312805176,15.522000312805176
2026-07-09,15.583999633789062,15.583999633789062
2026-07-10,15.609999656677246,15.609999656677246
2026-07-13,15.527999877929688,15.527999877929688
2026-07-14,15.619999885559082,15.619999885559082
2026-07-15,15.947999954223633,15.947999954223633
2026-07-16,15.934000015258789,15.934000015258789
2026-07-17,15.5,15.5
2026-07-20,15.977999687194824,15.977999687194824
2026-07-21,15.895999908447266,15.895999908447266
2026-07-22,15.77400016784668,15.77400016784668
2026-07-23,15.723999977111816,15.723999977111816
2026-07-24,15.744000434875488,15.744000434875488
2026-07-27,15.972000122070312,15.972000122070312
2026-07-28,15.996000289916992,15.996000289916992
2026-07-29,16.20599937438965,16.20599937438965
2026-07-30,16.076000213623047,16.076000213623047
2026-07-31,16.166000366210938,16.166000366210938
2026-08-03,16.275999069213867,16.275999069213867
2026-08-04,16.25,16.25
2026-08-05,16.242000579833984,16.242000579833984
2026-08-06,16.222000122070312,16.222000122070312
2026-08-07,16.38599967956543,16.38599967956543
2026-08-10,16.440000534057617,16.440000534057617
2026-08-11,16.148000717163086,16.148000717163086
2026-08-12,15.95199966430664,15.95199966430664
2026-08-13,15.803999900817871,15.803999900817871
2026-08-14,15.776000022888184,15.776000022888184
2026-08-17,15.866000175476074,15.866000175476074
2026-08-18,15.833999633789062,15.833999633789062
2026-08-19,15.899999618530273,15.899999618530273
2026-08-20,15.807999610900879,15.807999610900879
2026-08-21,15.949999809265137,15.949999809265137
2026-08-24,15.720000267028809,15.720000267028809
2026-08-25,15.753999710083008,15.753999710083008
2026-08-26,15.855999946594238,15.855999946594238
2026-08-27,15.765999794006348,15.765999794006348
2026-08-28,15.935999870300293,15.935999870300293
2026-08-31,15.802000045776367,15.802000045776367
2026-09-01,15.770000457763672,15.770000457763672
2026-09-02,15.727999687194824,15.727999687194824
2026-09-03,15.640000343322754,15.640000343322754
2026-09-04,15.78600025177002,15.78600025177002
2026-09-07,15.520000457763672,15.520000457763672
2026-09-08,15.538000106811523,15.538000106811523
2026-09-09,15.39799976348877,15.39799976348877
2026-09-10,15.255999565124512,15.255999565124512
2026-09-11,15.305999755859375,15.305999755859375
2026-09-14,15.456000328063965,15.456000328063965
2026-09-15,15.355999946594238,15.355999946594238
2026-09-16,15.293999671936035,15.293999671936035
2026-09-17,15.362000465393066,15.362000465393066
2026-09-18,15.461999893188477,15.461999893188477
2026-09-21,15.642000198364258,15.642000198364258
2026-09-22,15.84000015258789,15.84000015258789
2026-09-23,15.666000366210938,15.666000366210938
2026-09-24,15.538000106811523,15.538000106811523
2026-09-25,15.454000473022461,15.454000473022461
2026-09-28,15.470000267028809,15.470000267028809
2026-09-29,15.347999572753906,15.347999572753906
2026-09-30,15.418000221252441,15.418000221252441
2026-10-01,15.47599983215332,15.47599983215332
2026-10-02,,
