Date,Close,Adj Close
2010-01-04,164.8000030517578,164.8000030517578
2010-01-05,165.0399932861328,165.0399932861328
2010-01-06,164.77000427246094,164.77000427246094
2010-01-07,165.1199951171875,165.1199951171875
2010-01-08,165.16000366210938,165.16000366210938
2010-01-11,165.42999267578125,165.42999267578125
2010-01-12,165.74000549316406,165.74000549316406
2010-01-13,165.4199981689453,165.4199981689453
2010-01-14,165.3699951171875,165.3699951171875
2010-01-15,165.5800018310547,165.5800018310547
2010-01-18,165.66000366210938,165.66000366210938
2010-01-19,165.4499969482422,165.4499969482422
2010-01-20,165.4499969482422,165.4499969482422
2010-01-21,165.58999633789062,165.58999633789062
2010-01-22,165.50999450683594,165.50999450683594
2010-01-25,165.80999755859375,165.80999755859375
2010-01-26,165.97000122070312,165.97000122070312
2010-01-27,165.75,165.75
2010-01-28,165.25999450683594,165.25999450683594
2010-01-29,165.36000061035156,165.36000061035156
2010-02-01,165.7899932861328,165.7899932861328
2010-02-02,165.72000122070312,165.72000122070312
2010-02-03,165.5399932861328,165.5399932861328
2010-02-04,165.8300018310547,165.8300018310547
2010-02-05,166.02999877929688,166.02999877929688
2010-02-08,165.94000244140625,165.94000244140625
2010-02-09,165.89999389648438,165.89999389648438
2010-02-10,166.3699951171875,166.3699951171875
2010-02-11,166.38999938964844,166.38999938964844
2010-02-12,166.6199951171875,166.6199951171875
2010-02-15,166.39999389648438,166.39999389648438
2010-02-16,166.32000732421875,166.32000732421875
2010-02-17,166.52999877929688,166.52999877929688
2010-02-18,166.0800018310547,166.0800018310547
2010-02-19,165.97000122070312,165.97000122070312
2010-02-22,166.22000122070312,166.22000122070312
2010-02-23,167.05999755859375,167.05999755859375
2010-02-24,167.27999877929688,167.27999877929688
2010-02-25,167.27000427246094,167.27000427246094
2010-02-26,167.3300018310547,167.3300018310547
2010-03-01,167.6300048828125,167.6300048828125
2010-03-02,167.58999633789062,167.58999633789062
2010-03-03,167.49000549316406,167.49000549316406
2010-03-04,167.6699981689453,167.6699981689453
2010-03-05,167.4499969482422,167.4499969482422
2010-03-08,167.5,167.5
2010-03-09,167.61000061035156,167.61000061035156
2010-03-10,167.58999633789062,167.58999633789062
2010-03-11,167.3800048828125,167.3800048828125
2010-03-12,167.47999572753906,167.47999572753906
2010-03-15,167.6999969482422,167.6999969482422
2010-03-16,167.8699951171875,167.8699951171875
2010-03-17,168.1199951171875,168.1199951171875
2010-03-18,167.77999877929688,167.77999877929688
2010-03-19,167.74000549316406,167.74000549316406
2010-03-22,168.0800018310547,168.0800018310547
2010-03-23,168.22999572753906,168.22999572753906
2010-03-24,168.17999267578125,168.17999267578125
2010-03-25,167.9199981689453,167.9199981689453
2010-03-26,168.0399932861328,168.0399932861328
2010-03-29,168.25,168.25
2010-03-30,168.25,168.25
2010-03-31,168.47999572753906,168.47999572753906
2010-04-01,168.6300048828125,168.6300048828125
2010-04-06,167.8800048828125,167.8800048828125
2010-04-07,168.10000610351562,168.10000610351562
2010-04-08,168.1699981689453,168.1699981689453
2010-04-09,167.64999389648438,167.64999389648438
2010-04-12,168.0399932861328,168.0399932861328
2010-04-13,168.22999572753906,168.22999572753906
2010-04-14,168.02999877929688,168.02999877929688
2010-04-15,168.13999938964844,168.13999938964844
2010-04-16,168.39999389648438,168.39999389648438
2010-04-19,168.22999572753906,168.22999572753906
2010-04-20,168.10000610351562,168.10000610351562
2010-04-21,167.94000244140625,167.94000244140625
2010-04-22,167.49000549316406,167.49000549316406
2010-04-23,167.33999633789062,167.33999633789062
2010-04-26,166.7899932861328,166.7899932861328
2010-04-27,166.77999877929688,166.77999877929688
2010-04-28,166.2100067138672,166.2100067138672
2010-04-29,166.6300048828125,166.6300048828125
2010-04-30,167.14999389648438,167.14999389648438
2010-05-03,167.13999938964844,167.13999938964844
2010-05-04,167.25,167.25
2010-05-05,167.17999267578125,167.17999267578125
2010-05-06,166.3000030517578,166.3000030517578
2010-05-07,165.4499969482422,165.4499969482422
2010-05-10,168.1999969482422,168.1999969482422
2010-05-11,168.66000366210938,168.66000366210938
2010-05-12,168.75,168.75
2010-05-13,169.05999755859375,169.05999755859375
2010-05-14,169.25999450683594,169.25999450683594
2010-05-17,169.30999755859375,169.30999755859375
2010-05-18,169.6199951171875,169.6199951171875
2010-05-19,169.97000122070312,169.97000122070312
2010-05-20,170.11000061035156,170.11000061035156
2010-05-21,170.19000244140625,170.19000244140625
2010-05-24,170.42999267578125,170.42999267578125
2010-05-25,170.89999389648438,170.89999389648438
2010-05-26,169.97999572753906,169.97999572753906
2010-05-27,169.50999450683594,169.50999450683594
2010-05-28,169.72000122070312,169.72000122070312
2010-05-31,169.74000549316406,169.74000549316406
2010-06-01,169.4499969482422,169.4499969482422
2010-06-02,169.07000732421875,169.07000732421875
2010-06-03,168.47999572753906,168.47999572753906
2010-06-04,168.5,168.5
2010-06-07,167.92999267578125,167.92999267578125
2010-06-08,168.1300048828125,168.1300048828125
2010-06-09,168.5800018310547,168.5800018310547
2010-06-10,169.11000061035156,169.11000061035156
2010-06-11,169.49000549316406,169.49000549316406
2010-06-14,168.77999877929688,168.77999877929688
2010-06-15,168.3300018310547,168.3300018310547
2010-06-16,167.85000610351562,167.85000610351562
2010-06-17,168.1300048828125,168.1300048828125
2010-06-18,168.1999969482422,168.1999969482422
2010-06-21,168.22000122070312,168.22000122070312
2010-06-22,168.47999572753906,168.47999572753906
2010-06-23,168.0399932861328,168.0399932861328
2010-06-24,168.27999877929688,168.27999877929688
2010-06-25,168.14999389648438,168.14999389648438
2010-06-28,168.07000732421875,168.07000732421875
2010-06-29,168.1999969482422,168.1999969482422
2010-06-30,168.4199981689453,168.4199981689453
2010-07-01,168.72000122070312,168.72000122070312
2010-07-02,169.02999877929688,169.02999877929688
2010-07-05,169.4499969482422,169.4499969482422
2010-07-06,169.08999633789062,169.08999633789062
2010-07-07,168.82000732421875,168.82000732421875
2010-07-08,168.8699951171875,168.8699951171875
2010-07-09,169.25999450683594,169.25999450683594
2010-07-12,169.6699981689453,169.6699981689453
2010-07-13,169.0800018310547,169.0800018310547
2010-07-14,168.8300018310547,168.8300018310547
2010-07-15,168.66000366210938,168.66000366210938
2010-07-16,169.3800048828125,169.3800048828125
2010-07-19,169.1199951171875,169.1199951171875
2010-07-20,169.5399932861328,169.5399932861328
2010-07-21,169.61000061035156,169.61000061035156
2010-07-22,169.5800018310547,169.5800018310547
2010-07-23,169.44000244140625,169.44000244140625
2010-07-26,169.2899932861328,169.2899932861328
2010-07-27,169.60000610351562,169.60000610351562
2010-07-28,169.69000244140625,169.69000244140625
2010-07-29,169.32000732421875,169.32000732421875
2010-07-30,169.6999969482422,169.6999969482422
2010-08-02,169.92999267578125,169.92999267578125
2010-08-03,170.67999267578125,170.67999267578125
2010-08-04,171.08999633789062,171.08999633789062
2010-08-05,171.4199981689453,171.4199981689453
2010-08-06,171.77999877929688,171.77999877929688
2010-08-09,171.88999938964844,171.88999938964844
2010-08-10,171.52999877929688,171.52999877929688
2010-08-11,172.16000366210938,172.16000366210938
2010-08-12,172.10000610351562,172.10000610351562
2010-08-13,171.9499969482422,171.9499969482422
2010-08-16,172.47000122070312,172.47000122070312
2010-08-17,172.61000061035156,172.61000061035156
2010-08-18,173.07000732421875,173.07000732421875
2010-08-19,173.3300018310547,173.3300018310547
2010-08-20,173.75,173.75
2010-08-23,173.6999969482422,173.6999969482422
2010-08-24,174.07000732421875,174.07000732421875
2010-08-25,174.58999633789062,174.58999633789062
2010-08-26,174.55999755859375,174.55999755859375
2010-08-27,174.0500030517578,174.0500030517578
2010-08-30,174.32000732421875,174.32000732421875
2010-08-31,174.6300048828125,174.6300048828125
2010-09-01,173.88999938964844,173.88999938964844
2010-09-02,173.5800018310547,173.5800018310547
2010-09-03,173.07000732421875,173.07000732421875
2010-09-06,172.91000366210938,172.91000366210938
2010-09-07,173.44000244140625,173.44000244140625
2010-09-08,173.24000549316406,173.24000549316406
2010-09-09,172.94000244140625,172.94000244140625
2010-09-10,172.39999389648438,172.39999389648438
2010-09-13,172.1199951171875,172.1199951171875
2010-09-14,172.41000366210938,172.41000366210938
2010-09-15,171.8699951171875,171.8699951171875
2010-09-16,171.19000244140625,171.19000244140625
2010-09-17,171.5800018310547,171.5800018310547
2010-09-20,170.99000549316406,170.99000549316406
2010-09-21,171.52000427246094,171.52000427246094
2010-09-22,172.19000244140625,172.19000244140625
2010-09-23,172.42999267578125,172.42999267578125
2010-09-24,171.88999938964844,171.88999938964844
2010-09-27,172.50999450683594,172.50999450683594
2010-09-28,172.36000061035156,172.36000061035156
2010-09-29,172.2899932861328,172.2899932861328
2010-09-30,172.36000061035156,172.36000061035156
2010-10-01,172.39999389648438,172.39999389648438
2010-10-04,172.92999267578125,172.92999267578125
2010-10-05,172.75,172.75
2010-10-06,173.49000549316406,173.49000549316406
2010-10-07,172.9600067138672,172.9600067138672
2010-10-08,173.27000427246094,173.27000427246094
2010-10-11,173.38999938964844,173.38999938964844
2010-10-12,173.66000366210938,173.66000366210938
2010-10-13,173.25,173.25
2010-10-14,173.2100067138672,173.2100067138672
2010-10-15,172.9499969482422,172.9499969482422
2010-10-18,172.97999572753906,172.97999572753906
2010-10-19,172.6999969482422,172.6999969482422
2010-10-20,172.47999572753906,172.47999572753906
2010-10-21,171.99000549316406,171.99000549316406
2010-10-22,172.02999877929688,172.02999877929688
2010-10-25,172.55999755859375,172.55999755859375
2010-10-26,172.10000610351562,172.10000610351562
2010-10-27,171.5500030517578,171.5500030517578
2010-10-28,171.47999572753906,171.47999572753906
2010-10-29,171.5800018310547,171.5800018310547
2010-11-01,171.83999633789062,171.83999633789062
2010-11-02,171.69000244140625,171.69000244140625
2010-11-03,172.16000366210938,172.16000366210938
2010-11-04,171.89999389648438,171.89999389648438
2010-11-05,171.49000549316406,171.49000549316406
2010-11-08,171.2899932861328,171.2899932861328
2010-11-09,171.19000244140625,171.19000244140625
2010-11-10,170.6300048828125,170.6300048828125
2010-11-11,170.14999389648438,170.14999389648438
2010-11-12,169.99000549316406,169.99000549316406
2010-11-15,169.9600067138672,169.9600067138672
2010-11-16,169.3000030517578,169.3000030517578
2010-11-17,169.58999633789062,169.58999633789062
2010-11-18,168.5800018310547,168.5800018310547
2010-11-19,168.64999389648438,168.64999389648438
2010-11-22,169.08999633789062,169.08999633789062
2010-11-23,169.52000427246094,169.52000427246094
2010-11-24,168.38999938964844,168.38999938964844
2010-11-25,167.94000244140625,167.94000244140625
2010-11-26,167.89999389648438,167.89999389648438
2010-11-29,166.8699951171875,166.8699951171875
2010-11-30,166.97000122070312,166.97000122070312
2010-12-01,167.16000366210938,167.16000366210938
2010-12-02,167.61000061035156,167.61000061035156
2010-12-03,167.55999755859375,167.55999755859375
2010-12-06,167.64999389648438,167.64999389648438
2010-12-07,166.9199981689453,166.9199981689453
2010-12-08,166.35000610351562,166.35000610351562
2010-12-09,166.92999267578125,166.92999267578125
2010-12-10,166.5500030517578,166.5500030517578
2010-12-13,166.33999633789062,166.33999633789062
2010-12-14,165.85000610351562,165.85000610351562
2010-12-15,166.05999755859375,166.05999755859375
2010-12-16,165.72000122070312,165.72000122070312
2010-12-17,166.00999450683594,166.00999450683594
2010-12-20,166.55999755859375,166.55999755859375
2010-12-21,166.17999267578125,166.17999267578125
2010-12-22,166.4199981689453,166.4199981689453
2010-12-23,166.22999572753906,166.22999572753906
2010-12-27,166.07000732421875,166.07000732421875
2010-12-28,166.25999450683594,166.25999450683594
2010-12-29,165.88999938964844,165.88999938964844
2010-12-30,166.27000427246094,166.27000427246094
2011-01-03,166.85000610351562,166.85000610351562
2011-01-04,167.2100067138672,167.2100067138672
2011-01-05,166.6300048828125,166.6300048828125
2011-01-06,166.35000610351562,166.35000610351562
2011-01-07,166.3800048828125,166.3800048828125
2011-01-10,166.2100067138672,166.2100067138672
2011-01-11,166.05999755859375,166.05999755859375
2011-01-12,166.0,166.0
2011-01-13,166.2899932861328,166.2899932861328
2011-01-14,166.44000244140625,166.44000244140625
2011-01-17,166.24000549316406,166.24000549316406
2011-01-18,165.60000610351562,165.60000610351562
2011-01-19,165.97000122070312,165.97000122070312
2011-01-20,165.57000732421875,165.57000732421875
2011-01-21,165.89999389648438,165.89999389648438
2011-01-24,166.2100067138672,166.2100067138672
2011-01-25,165.86000061035156,165.86000061035156
2011-01-26,165.3699951171875,165.3699951171875
2011-01-27,164.92999267578125,164.92999267578125
2011-01-28,165.25,165.25
2011-01-31,165.4600067138672,165.4600067138672
2011-02-01,165.42999267578125,165.42999267578125
2011-02-02,165.8300018310547,165.8300018310547
2011-02-03,165.99000549316406,165.99000549316406
2011-02-04,165.75999450683594,165.75999450683594
2011-02-07,165.64999389648438,165.64999389648438
2011-02-08,165.05999755859375,165.05999755859375
2011-02-09,164.74000549316406,164.74000549316406
2011-02-10,164.72000122070312,164.72000122070312
2011-02-11,164.92999267578125,164.92999267578125
2011-02-14,164.64999389648438,164.64999389648438
2011-02-15,164.77999877929688,164.77999877929688
2011-02-16,165.32000732421875,165.32000732421875
2011-02-17,165.67999267578125,165.67999267578125
2011-02-18,165.2100067138672,165.2100067138672
2011-02-21,165.58999633789062,165.58999633789062
2011-02-22,165.77999877929688,165.77999877929688
2011-02-23,165.63999938964844,165.63999938964844
2011-02-24,165.61000061035156,165.61000061035156
2011-02-25,165.61000061035156,165.61000061035156
2011-02-28,165.41000366210938,165.41000366210938
2011-03-01,165.4600067138672,165.4600067138672
2011-03-02,165.35000610351562,165.35000610351562
2011-03-03,164.30999755859375,164.30999755859375
2011-03-04,164.52000427246094,164.52000427246094
2011-03-07,164.41000366210938,164.41000366210938
2011-03-08,164.1699981689453,164.1699981689453
2011-03-09,164.1300048828125,164.1300048828125
2011-03-10,164.5500030517578,164.5500030517578
2011-03-11,165.1199951171875,165.1199951171875
2011-03-14,165.58999633789062,165.58999633789062
2011-03-15,166.47000122070312,166.47000122070312
2011-03-16,166.86000061035156,166.86000061035156
2011-03-17,165.97000122070312,165.97000122070312
2011-03-18,165.9600067138672,165.9600067138672
2011-03-21,165.63999938964844,165.63999938964844
2011-03-22,165.39999389648438,165.39999389648438
2011-03-23,165.27999877929688,165.27999877929688
2011-03-24,165.3300018310547,165.3300018310547
2011-03-25,165.1999969482422,165.1999969482422
2011-03-28,164.89999389648438,164.89999389648438
2011-03-29,164.7100067138672,164.7100067138672
2011-03-30,164.7100067138672,164.7100067138672
2011-03-31,164.27000427246094,164.27000427246094
2011-04-01,164.13999938964844,164.13999938964844
2011-04-04,164.47999572753906,164.47999572753906
2011-04-05,164.3699951171875,164.3699951171875
2011-04-06,164.41000366210938,164.41000366210938
2011-04-07,164.5500030517578,164.5500030517578
2011-04-08,164.0399932861328,164.0399932861328
2011-04-11,164.16000366210938,164.16000366210938
2011-04-12,164.6999969482422,164.6999969482422
2011-04-13,164.5399932861328,164.5399932861328
2011-04-14,164.38999938964844,164.38999938964844
2011-04-15,164.47999572753906,164.47999572753906
2011-04-18,164.74000549316406,164.74000549316406
2011-04-19,164.63999938964844,164.63999938964844
2011-04-20,164.61000061035156,164.61000061035156
2011-04-21,164.61000061035156,164.61000061035156
2011-04-26,164.52000427246094,164.52000427246094
2011-04-27,164.22999572753906,164.22999572753906
2011-04-28,165.07000732421875,165.07000732421875
2011-04-29,165.25,165.25
2011-05-02,165.22999572753906,165.22999572753906
2011-05-03,165.13999938964844,165.13999938964844
2011-05-04,164.9499969482422,164.9499969482422
2011-05-05,165.5,165.5
2011-05-06,165.75,165.75
2011-05-09,166.0500030517578,166.0500030517578
2011-05-10,166.05999755859375,166.05999755859375
2011-05-11,166.02999877929688,166.02999877929688
2011-05-12,166.39999389648438,166.39999389648438
2011-05-13,166.4499969482422,166.4499969482422
2011-05-16,166.33999633789062,166.33999633789062
2011-05-17,166.4199981689453,166.4199981689453
2011-05-18,166.1999969482422,166.1999969482422
2011-05-19,166.0399932861328,166.0399932861328
2011-05-20,166.27999877929688,166.27999877929688
2011-05-23,166.3699951171875,166.3699951171875
2011-05-24,166.2899932861328,166.2899932861328
2011-05-25,166.6199951171875,166.6199951171875
2011-05-26,167.16000366210938,167.16000366210938
2011-05-27,167.1999969482422,167.1999969482422
2011-05-30,167.1999969482422,167.1999969482422
2011-05-31,166.94000244140625,166.94000244140625
2011-06-01,167.17999267578125,167.17999267578125
2011-06-02,167.4600067138672,167.4600067138672
2011-06-03,167.36000061035156,167.36000061035156
2011-06-06,167.3800048828125,167.3800048828125
2011-06-07,166.80999755859375,166.80999755859375
2011-06-08,166.8300018310547,166.8300018310547
2011-06-09,166.8699951171875,166.8699951171875
2011-06-10,167.24000549316406,167.24000549316406
2011-06-13,167.10000610351562,167.10000610351562
2011-06-14,166.9199981689453,166.9199981689453
2011-06-15,166.97000122070312,166.97000122070312
2011-06-16,166.8699951171875,166.8699951171875
2011-06-17,166.7899932861328,166.7899932861328
2011-06-20,166.47000122070312,166.47000122070312
2011-06-21,166.4499969482422,166.4499969482422
2011-06-22,166.50999450683594,166.50999450683594
2011-06-23,166.91000366210938,166.91000366210938
2011-06-24,166.72999572753906,166.72999572753906
2011-06-27,166.24000549316406,166.24000549316406
2011-06-28,166.0,166.0
2011-06-29,166.10000610351562,166.10000610351562
2011-06-30,166.19000244140625,166.19000244140625
2011-07-01,166.3699951171875,166.3699951171875
2011-07-04,166.47999572753906,166.47999572753906
2011-07-05,166.3800048828125,166.3800048828125
2011-07-06,165.94000244140625,165.94000244140625
2011-07-07,165.4600067138672,165.4600067138672
2011-07-08,165.94000244140625,165.94000244140625
2011-07-11,165.1300048828125,165.1300048828125
2011-07-12,165.00999450683594,165.00999450683594
2011-07-13,164.9499969482422,164.9499969482422
2011-07-14,164.77000427246094,164.77000427246094
2011-07-15,164.82000732421875,164.82000732421875
2011-07-18,164.1199951171875,164.1199951171875
2011-07-19,164.6300048828125,164.6300048828125
2011-07-20,164.8699951171875,164.8699951171875
2011-07-21,165.14999389648438,165.14999389648438
2011-07-22,165.99000549316406,165.99000549316406
2011-07-25,165.1300048828125,165.1300048828125
2011-07-26,165.52000427246094,165.52000427246094
2011-07-27,165.75,165.75
2011-07-28,165.67999267578125,165.67999267578125
2011-07-29,166.07000732421875,166.07000732421875
2011-08-01,166.3699951171875,166.3699951171875
2011-08-02,165.9199981689453,165.9199981689453
2011-08-03,166.0399932861328,166.0399932861328
2011-08-04,165.7899932861328,165.7899932861328
2011-08-05,166.60000610351562,166.60000610351562
2011-08-08,169.5399932861328,169.5399932861328
2011-08-09,168.3300018310547,168.3300018310547
2011-08-10,170.66000366210938,170.66000366210938
2011-08-11,170.1699981689453,170.1699981689453
2011-08-12,170.2899932861328,170.2899932861328
2011-08-15,170.66000366210938,170.66000366210938
2011-08-16,170.58999633789062,170.58999633789062
2011-08-17,171.6199951171875,171.6199951171875
2011-08-18,172.39999389648438,172.39999389648438
2011-08-19,172.27999877929688,172.27999877929688
2011-08-22,172.36000061035156,172.36000061035156
2011-08-23,172.16000366210938,172.16000366210938
2011-08-24,171.5800018310547,171.5800018310547
2011-08-25,171.82000732421875,171.82000732421875
2011-08-26,171.91000366210938,171.91000366210938
2011-08-29,171.22000122070312,171.22000122070312
2011-08-30,171.75999450683594,171.75999450683594
2011-08-31,171.0500030517578,171.0500030517578
2011-09-01,171.08999633789062,171.08999633789062
2011-09-02,171.60000610351562,171.60000610351562
2011-09-05,171.3300018310547,171.3300018310547
2011-09-06,171.35000610351562,171.35000610351562
2011-09-07,171.94000244140625,171.94000244140625
2011-09-08,172.4499969482422,172.4499969482422
2011-09-09,172.75999450683594,172.75999450683594
2011-09-12,172.1199951171875,172.1199951171875
2011-09-13,171.5800018310547,171.5800018310547
2011-09-14,170.80999755859375,170.80999755859375
2011-09-15,170.8000030517578,170.8000030517578
2011-09-16,172.22999572753906,172.22999572753906
2011-09-19,172.13999938964844,172.13999938964844
2011-09-20,171.88999938964844,171.88999938964844
2011-09-21,171.99000549316406,171.99000549316406
2011-09-22,172.52999877929688,172.52999877929688
2011-09-23,172.55999755859375,172.55999755859375
2011-09-26,172.47999572753906,172.47999572753906
2011-09-27,171.8300018310547,171.8300018310547
2011-09-28,171.69000244140625,171.69000244140625
2011-09-29,171.6699981689453,171.6699981689453
2011-09-30,172.55999755859375,172.55999755859375
2011-10-04,173.1699981689453,173.1699981689453
2011-10-05,172.32000732421875,172.32000732421875
2011-10-06,171.8300018310547,171.8300018310547
2011-10-07,171.83999633789062,171.83999633789062
2011-10-10,171.32000732421875,171.32000732421875
2011-10-11,170.99000549316406,170.99000549316406
2011-10-12,170.1199951171875,170.1199951171875
2011-10-13,170.3000030517578,170.3000030517578
2011-10-14,169.16000366210938,169.16000366210938
2011-10-17,169.9499969482422,169.9499969482422
2011-10-18,169.47999572753906,169.47999572753906
2011-10-19,169.11000061035156,169.11000061035156
2011-10-20,169.16000366210938,169.16000366210938
2011-10-21,168.94000244140625,168.94000244140625
2011-10-24,168.58999633789062,168.58999633789062
2011-10-25,169.4199981689453,169.4199981689453
2011-10-26,170.10000610351562,170.10000610351562
2011-10-27,169.5500030517578,169.5500030517578
2011-10-28,168.97999572753906,168.97999572753906
2011-10-31,169.32000732421875,169.32000732421875
2011-11-01,170.16000366210938,170.16000366210938
2011-11-02,169.72000122070312,169.72000122070312
2011-11-03,169.3699951171875,169.3699951171875
2011-11-04,169.24000549316406,169.24000549316406
2011-11-07,168.38999938964844,168.38999938964844
2011-11-08,168.77000427246094,168.77000427246094
2011-11-09,166.97999572753906,166.97999572753906
2011-11-10,166.82000732421875,166.82000732421875
2011-11-11,166.89999389648438,166.89999389648438
2011-11-14,166.60000610351562,166.60000610351562
2011-11-15,164.88999938964844,164.88999938964844
2011-11-16,164.8000030517578,164.8000030517578
2011-11-17,165.02999877929688,165.02999877929688
2011-11-18,165.72000122070312,165.72000122070312
2011-11-21,165.9199981689453,165.9199981689453
2011-11-22,165.16000366210938,165.16000366210938
2011-11-23,163.85000610351562,163.85000610351562
2011-11-24,162.83999633789062,162.83999633789062
2011-11-25,162.5800018310547,162.5800018310547
2011-11-28,163.50999450683594,163.50999450683594
2011-11-29,163.5399932861328,163.5399932861328
2011-11-30,164.9199981689453,164.9199981689453
2011-12-01,167.3699951171875,167.3699951171875
2011-12-02,167.25999450683594,167.25999450683594
2011-12-05,169.08999633789062,169.08999633789062
2011-12-06,169.1999969482422,169.1999969482422
2011-12-07,169.27000427246094,169.27000427246094
2011-12-08,167.88999938964844,167.88999938964844
2011-12-09,168.16000366210938,168.16000366210938
2011-12-12,168.42999267578125,168.42999267578125
2011-12-13,168.77000427246094,168.77000427246094
2011-12-14,169.42999267578125,169.42999267578125
2011-12-15,170.27000427246094,170.27000427246094
2011-12-16,170.9499969482422,170.9499969482422
2011-12-19,170.9199981689453,170.9199981689453
2011-12-20,171.24000549316406,171.24000549316406
2011-12-21,170.82000732421875,170.82000732421875
2011-12-22,170.6199951171875,170.6199951171875
2011-12-23,170.9199981689453,170.9199981689453
2011-12-27,171.14999389648438,171.14999389648438
2011-12-28,171.6300048828125,171.6300048828125
2011-12-29,171.63999938964844,171.63999938964844
2011-12-30,171.50999450683594,171.50999450683594
2012-01-02,170.91000366210938,170.91000366210938
2012-01-03,171.0,171.0
2012-01-04,170.72000122070312,170.72000122070312
2012-01-05,169.94000244140625,169.94000244140625
2012-01-06,169.5399932861328,169.5399932861328
2012-01-09,169.97000122070312,169.97000122070312
2012-01-10,170.16000366210938,170.16000366210938
2012-01-11,171.14999389648438,171.14999389648438
2012-01-12,172.3800048828125,172.3800048828125
2012-01-13,172.19000244140625,172.19000244140625
2012-01-16,172.58999633789062,172.58999633789062
2012-01-17,172.60000610351562,172.60000610351562
2012-01-18,172.5500030517578,172.5500030517578
2012-01-19,172.2899932861328,172.2899932861328
2012-01-20,172.5500030517578,172.5500030517578
2012-01-23,173.0,173.0
2012-01-24,172.92999267578125,172.92999267578125
2012-01-25,172.8300018310547,172.8300018310547
2012-01-26,173.77000427246094,173.77000427246094
2012-01-27,174.66000366210938,174.66000366210938
2012-01-30,174.39999389648438,174.39999389648438
2012-01-31,174.92999267578125,174.92999267578125
2012-02-01,176.02000427246094,176.02000427246094
2012-02-02,176.1300048828125,176.1300048828125
2012-02-03,175.94000244140625,175.94000244140625
2012-02-06,176.25,176.25
2012-02-07,175.7899932861328,175.7899932861328
2012-02-08,175.8300018310547,175.8300018310547
2012-02-09,176.0,176.0
2012-02-10,176.1999969482422,176.1999969482422
2012-02-13,176.41000366210938,176.41000366210938
2012-02-14,176.16000366210938,176.16000366210938
2012-02-15,175.9199981689453,175.9199981689453
2012-02-16,175.80999755859375,175.80999755859375
2012-02-17,175.86000061035156,175.86000061035156
2012-02-20,176.22000122070312,176.22000122070312
2012-02-21,176.5,176.5
2012-02-22,176.64999389648438,176.64999389648438
2012-02-23,176.64999389648438,176.64999389648438
2012-02-24,176.80999755859375,176.80999755859375
2012-02-27,177.22000122070312,177.22000122070312
2012-02-28,177.38999938964844,177.38999938964844
2012-02-29,177.92999267578125,177.92999267578125
2012-03-01,178.83999633789062,178.83999633789062
2012-03-02,179.17999267578125,179.17999267578125
2012-03-05,178.6999969482422,178.6999969482422
2012-03-06,178.14999389648438,178.14999389648438
2012-03-07,178.5399932861328,178.5399932861328
2012-03-08,178.99000549316406,178.99000549316406
2012-03-09,178.99000549316406,178.99000549316406
2012-03-12,178.8800048828125,178.8800048828125
2012-03-13,178.63999938964844,178.63999938964844
2012-03-14,178.33999633789062,178.33999633789062
2012-03-15,177.9499969482422,177.9499969482422
2012-03-16,177.64999389648438,177.64999389648438
2012-03-19,177.8000030517578,177.8000030517578
2012-03-20,177.72000122070312,177.72000122070312
2012-03-21,177.55999755859375,177.55999755859375
2012-03-22,177.50999450683594,177.50999450683594
2012-03-23,177.9199981689453,177.9199981689453
2012-03-26,177.85000610351562,177.85000610351562
2012-03-27,177.82000732421875,177.82000732421875
2012-03-28,178.19000244140625,178.19000244140625
2012-03-29,177.39999389648438,177.39999389648438
2012-03-30,177.83999633789062,177.83999633789062
2012-04-02,178.24000549316406,178.24000549316406
2012-04-03,177.94000244140625,177.94000244140625
2012-04-04,176.8800048828125,176.8800048828125
2012-04-05,176.85000610351562,176.85000610351562
2012-04-10,176.47000122070312,176.47000122070312
2012-04-11,176.6999969482422,176.6999969482422
2012-04-12,177.22999572753906,177.22999572753906
2012-04-13,176.8000030517578,176.8000030517578
2012-04-16,176.47000122070312,176.47000122070312
2012-04-17,176.82000732421875,176.82000732421875
2012-04-18,176.80999755859375,176.80999755859375
2012-04-19,176.61000061035156,176.61000061035156
2012-04-20,176.3300018310547,176.3300018310547
2012-04-23,176.22000122070312,176.22000122070312
2012-04-24,176.42999267578125,176.42999267578125
2012-04-25,176.9199981689453,176.9199981689453
2012-04-26,177.3300018310547,177.3300018310547
2012-04-27,177.11000061035156,177.11000061035156
2012-04-30,177.94000244140625,177.94000244140625
2012-05-02,177.55999755859375,177.55999755859375
2012-05-03,178.19000244140625,178.19000244140625
2012-05-04,178.7100067138672,178.7100067138672
2012-05-07,178.97000122070312,178.97000122070312
2012-05-08,179.19000244140625,179.19000244140625
2012-05-09,178.27999877929688,178.27999877929688
2012-05-10,178.75999450683594,178.75999450683594
2012-05-11,178.88999938964844,178.88999938964844
2012-05-14,178.36000061035156,178.36000061035156
2012-05-15,177.58999633789062,177.58999633789062
2012-05-16,177.74000549316406,177.74000549316406
2012-05-17,177.88999938964844,177.88999938964844
2012-05-18,178.07000732421875,178.07000732421875
2012-05-21,178.14999389648438,178.14999389648438
2012-05-22,178.75999450683594,178.75999450683594
2012-05-23,179.17999267578125,179.17999267578125
2012-05-24,180.00999450683594,180.00999450683594
2012-05-25,179.7100067138672,179.7100067138672
2012-05-28,179.3000030517578,179.3000030517578
2012-05-29,179.47000122070312,179.47000122070312
2012-05-30,179.22000122070312,179.22000122070312
2012-05-31,179.91000366210938,179.91000366210938
2012-06-01,181.0500030517578,181.0500030517578
2012-06-04,181.10000610351562,181.10000610351562
2012-06-05,181.1699981689453,181.1699981689453
2012-06-06,180.6999969482422,180.6999969482422
2012-06-07,179.52999877929688,179.52999877929688
2012-06-08,179.97000122070312,179.97000122070312
2012-06-11,178.83999633789062,178.83999633789062
2012-06-12,177.27000427246094,177.27000427246094
2012-06-13,176.69000244140625,176.69000244140625
2012-06-14,176.83999633789062,176.83999633789062
2012-06-15,177.94000244140625,177.94000244140625
2012-06-18,177.32000732421875,177.32000732421875
2012-06-19,177.2100067138672,177.2100067138672
2012-06-20,177.7100067138672,177.7100067138672
2012-06-21,178.3000030517578,178.3000030517578
2012-06-22,178.39999389648438,178.39999389648438
2012-06-25,177.7899932861328,177.7899932861328
2012-06-26,176.83999633789062,176.83999633789062
2012-06-27,176.6999969482422,176.6999969482422
2012-06-28,177.10000610351562,177.10000610351562
2012-06-29,178.33999633789062,178.33999633789062
2012-07-02,179.25,179.25
2012-07-03,179.5399932861328,179.5399932861328
2012-07-04,179.5399932861328,179.5399932861328
2012-07-05,179.22000122070312,179.22000122070312
2012-07-06,179.83999633789062,179.83999633789062
2012-07-09,179.57000732421875,179.57000732421875
2012-07-10,180.1300048828125,180.1300048828125
2012-07-11,180.97000122070312,180.97000122070312
2012-07-12,181.0399932861328,181.0399932861328
2012-07-13,180.88999938964844,180.88999938964844
2012-07-16,181.1199951171875,181.1199951171875
2012-07-17,181.47999572753906,181.47999572753906
2012-07-18,181.27999877929688,181.27999877929688
2012-07-19,181.36000061035156,181.36000061035156
2012-07-20,181.0399932861328,181.0399932861328
2012-07-23,179.85000610351562,179.85000610351562
2012-07-24,178.33999633789062,178.33999633789062
2012-07-25,178.4499969482422,178.4499969482422
2012-07-26,179.97000122070312,179.97000122070312
2012-07-27,180.8699951171875,180.8699951171875
2012-07-30,181.02999877929688,181.02999877929688
2012-07-31,181.52999877929688,181.52999877929688
2012-08-01,181.6699981689453,181.6699981689453
2012-08-02,181.0500030517578,181.0500030517578
2012-08-03,181.24000549316406,181.24000549316406
2012-08-06,181.9600067138672,181.9600067138672
2012-08-07,181.47999572753906,181.47999572753906
2012-08-08,181.86000061035156,181.86000061035156
2012-08-09,181.9600067138672,181.9600067138672
2012-08-10,182.24000549316406,182.24000549316406
2012-08-13,181.91000366210938,181.91000366210938
2012-08-14,181.77999877929688,181.77999877929688
2012-08-15,181.6300048828125,181.6300048828125
2012-08-16,181.75999450683594,181.75999450683594
2012-08-17,182.17999267578125,182.17999267578125
2012-08-20,182.60000610351562,182.60000610351562
2012-08-21,182.8300018310547,182.8300018310547
2012-08-22,183.00999450683594,183.00999450683594
2012-08-23,183.11000061035156,183.11000061035156
2012-08-24,183.10000610351562,183.10000610351562
2012-08-27,183.25999450683594,183.25999450683594
2012-08-28,183.1199951171875,183.1199951171875
2012-08-29,182.89999389648438,182.89999389648438
2012-08-30,182.88999938964844,182.88999938964844
2012-08-31,182.6300048828125,182.6300048828125
2012-09-03,182.55999755859375,182.55999755859375
2012-09-04,183.11000061035156,183.11000061035156
2012-09-05,183.0800018310547,183.0800018310547
2012-09-06,183.60000610351562,183.60000610351562
2012-09-07,184.44000244140625,184.44000244140625
2012-09-10,183.7899932861328,183.7899932861328
2012-09-11,184.5500030517578,184.5500030517578
2012-09-12,184.22999572753906,184.22999572753906
2012-09-13,184.6199951171875,184.6199951171875
2012-09-14,183.75,183.75
2012-09-17,183.27000427246094,183.27000427246094
2012-09-18,183.88999938964844,183.88999938964844
2012-09-19,184.39999389648438,184.39999389648438
2012-09-20,184.38999938964844,184.38999938964844
2012-09-21,184.3300018310547,184.3300018310547
2012-09-24,184.66000366210938,184.66000366210938
2012-09-25,184.44000244140625,184.44000244140625
2012-09-26,184.47000122070312,184.47000122070312
2012-09-27,184.72999572753906,184.72999572753906
2012-09-28,185.0500030517578,185.0500030517578
2012-10-01,184.7100067138672,184.7100067138672
2012-10-02,185.1199951171875,185.1199951171875
2012-10-04,184.91000366210938,184.91000366210938
2012-10-05,185.24000549316406,185.24000549316406
2012-10-08,185.41000366210938,185.41000366210938
2012-10-09,185.44000244140625,185.44000244140625
2012-10-10,185.5,185.5
2012-10-11,185.5399932861328,185.5399932861328
2012-10-12,186.35000610351562,186.35000610351562
2012-10-15,185.99000549316406,185.99000549316406
2012-10-16,185.97000122070312,185.97000122070312
2012-10-17,186.10000610351562,186.10000610351562
2012-10-18,186.14999389648438,186.14999389648438
2012-10-19,186.55999755859375,186.55999755859375
2012-10-22,186.17999267578125,186.17999267578125
2012-10-23,185.6199951171875,185.6199951171875
2012-10-24,185.72000122070312,185.72000122070312
2012-10-25,185.82000732421875,185.82000732421875
2012-10-26,185.9600067138672,185.9600067138672
2012-10-29,186.0,186.0
2012-10-30,186.0800018310547,186.0800018310547
2012-10-31,186.0500030517578,186.0500030517578
2012-11-01,186.75,186.75
2012-11-02,186.67999267578125,186.67999267578125
2012-11-05,186.27999877929688,186.27999877929688
2012-11-06,186.64999389648438,186.64999389648438
2012-11-07,187.27000427246094,187.27000427246094
2012-11-08,186.6999969482422,186.6999969482422
2012-11-09,187.16000366210938,187.16000366210938
2012-11-12,187.1300048828125,187.1300048828125
2012-11-13,187.4199981689453,187.4199981689453
2012-11-14,187.16000366210938,187.16000366210938
2012-11-15,187.22999572753906,187.22999572753906
2012-11-16,187.41000366210938,187.41000366210938
2012-11-19,187.3000030517578,187.3000030517578
2012-11-20,187.1300048828125,187.1300048828125
2012-11-21,187.02000427246094,187.02000427246094
2012-11-22,187.16000366210938,187.16000366210938
2012-11-23,187.44000244140625,187.44000244140625
2012-11-26,187.2899932861328,187.2899932861328
2012-11-27,187.57000732421875,187.57000732421875
2012-11-28,188.85000610351562,188.85000610351562
2012-11-29,188.55999755859375,188.55999755859375
2012-11-30,188.75,188.75
2012-12-03,188.82000732421875,188.82000732421875
2012-12-04,189.0500030517578,189.0500030517578
2012-12-05,189.32000732421875,189.32000732421875
2012-12-06,189.2100067138672,189.2100067138672
2012-12-07,189.33999633789062,189.33999633789062
2012-12-10,188.4600067138672,188.4600067138672
2012-12-11,188.86000061035156,188.86000061035156
2012-12-12,189.24000549316406,189.24000549316406
2012-12-13,189.25999450683594,189.25999450683594
2012-12-14,189.7100067138672,189.7100067138672
2012-12-17,189.3000030517578,189.3000030517578
2012-12-18,189.5500030517578,189.5500030517578
2012-12-19,189.67999267578125,189.67999267578125
2012-12-20,190.0500030517578,190.0500030517578
2012-12-21,190.13999938964844,190.13999938964844
2012-12-27,190.25999450683594,190.25999450683594
2012-12-28,190.2100067138672,190.2100067138672
2013-01-02,190.42999267578125,190.42999267578125
2013-01-03,190.10000610351562,190.10000610351562
2013-01-04,189.4499969482422,189.4499969482422
2013-01-07,189.4199981689453,189.4199981689453
2013-01-08,189.5500030517578,189.5500030517578
2013-01-09,189.8800048828125,189.8800048828125
2013-01-10,189.97999572753906,189.97999572753906
2013-01-11,189.99000549316406,189.99000549316406
2013-01-14,189.67999267578125,189.67999267578125
2013-01-15,190.02999877929688,190.02999877929688
2013-01-16,190.0500030517578,190.0500030517578
2013-01-17,189.66000366210938,189.66000366210938
2013-01-18,190.42999267578125,190.42999267578125
2013-01-21,189.8000030517578,189.8000030517578
2013-01-22,190.0399932861328,190.0399932861328
2013-01-23,190.3000030517578,190.3000030517578
2013-01-24,190.0800018310547,190.0800018310547
2013-01-25,189.47000122070312,189.47000122070312
2013-01-28,189.3699951171875,189.3699951171875
2013-01-29,189.2100067138672,189.2100067138672
2013-01-30,189.1300048828125,189.1300048828125
2013-01-31,189.0399932861328,189.0399932861328
2013-02-01,189.19000244140625,189.19000244140625
2013-02-04,188.6999969482422,188.6999969482422
2013-02-05,188.75999450683594,188.75999450683594
2013-02-06,188.3800048828125,188.3800048828125
2013-02-07,188.75,188.75
2013-02-08,189.11000061035156,189.11000061035156
2013-02-11,188.47000122070312,188.47000122070312
2013-02-12,188.77000427246094,188.77000427246094
2013-02-13,189.13999938964844,189.13999938964844
2013-02-14,189.30999755859375,189.30999755859375
2013-02-15,189.16000366210938,189.16000366210938
2013-02-18,189.44000244140625,189.44000244140625
2013-02-19,189.27999877929688,189.27999877929688
2013-02-20,189.07000732421875,189.07000732421875
2013-02-21,189.16000366210938,189.16000366210938
2013-02-22,189.4499969482422,189.4499969482422
2013-02-25,189.4499969482422,189.4499969482422
2013-02-26,188.8699951171875,188.8699951171875
2013-02-27,189.0800018310547,189.0800018310547
2013-02-28,189.69000244140625,189.69000244140625
2013-03-01,190.17999267578125,190.17999267578125
2013-03-04,189.88999938964844,189.88999938964844
2013-03-05,189.75,189.75
2013-03-06,190.08999633789062,190.08999633789062
2013-03-07,189.92999267578125,189.92999267578125
2013-03-08,190.41000366210938,190.41000366210938
2013-03-11,190.35000610351562,190.35000610351562
2013-03-12,190.16000366210938,190.16000366210938
2013-03-13,190.4199981689453,190.4199981689453
2013-03-14,190.24000549316406,190.24000549316406
2013-03-15,190.4199981689453,190.4199981689453
2013-03-18,190.6699981689453,190.6699981689453
2013-03-19,190.80999755859375,190.80999755859375
2013-03-20,190.80999755859375,190.80999755859375
2013-03-21,191.0500030517578,191.0500030517578
2013-03-22,191.30999755859375,191.30999755859375
2013-03-25,191.0,191.0
2013-03-26,190.83999633789062,190.83999633789062
2013-03-27,190.8800048828125,190.8800048828125
2013-03-28,190.86000061035156,190.86000061035156
2013-04-02,191.27999877929688,191.27999877929688
2013-04-03,191.27000427246094,191.27000427246094
2013-04-04,192.24000549316406,192.24000549316406
2013-04-05,193.39999389648438,193.39999389648438
2013-04-08,193.6199951171875,193.6199951171875
2013-04-09,193.00999450683594,193.00999450683594
2013-04-10,192.9600067138672,192.9600067138672
2013-04-11,192.8000030517578,192.8000030517578
2013-04-12,193.16000366210938,193.16000366210938
2013-04-15,193.3000030517578,193.3000030517578
2013-04-16,193.3000030517578,193.3000030517578
2013-04-17,193.6999969482422,193.6999969482422
2013-04-18,193.5500030517578,193.5500030517578
2013-04-19,193.69000244140625,193.69000244140625
2013-04-22,194.14999389648438,194.14999389648438
2013-04-23,194.97999572753906,194.97999572753906
2013-04-24,194.6199951171875,194.6199951171875
2013-04-25,194.6300048828125,194.6300048828125
2013-04-26,195.0,195.0
2013-04-29,195.3300018310547,195.3300018310547
2013-04-30,195.85000610351562,195.85000610351562
2013-05-02,196.38999938964844,196.38999938964844
2013-05-03,196.07000732421875,196.07000732421875
2013-05-06,195.97000122070312,195.97000122070312
2013-05-07,195.8300018310547,195.8300018310547
2013-05-08,195.91000366210938,195.91000366210938
2013-05-09,195.7100067138672,195.7100067138672
2013-05-10,194.82000732421875,194.82000732421875
2013-05-13,194.80999755859375,194.80999755859375
2013-05-14,194.5800018310547,194.5800018310547
2013-05-15,194.4600067138672,194.4600067138672
2013-05-16,195.1199951171875,195.1199951171875
2013-05-17,195.57000732421875,195.57000732421875
2013-05-20,195.22000122070312,195.22000122070312
2013-05-21,194.85000610351562,194.85000610351562
2013-05-22,195.11000061035156,195.11000061035156
2013-05-23,194.25,194.25
2013-05-24,193.9499969482422,193.9499969482422
2013-05-27,194.13999938964844,194.13999938964844
2013-05-28,194.16000366210938,194.16000366210938
2013-05-29,193.3699951171875,193.3699951171875
2013-05-30,193.4600067138672,193.4600067138672
2013-05-31,193.25999450683594,193.25999450683594
2013-06-03,192.88999938964844,192.88999938964844
2013-06-04,192.8699951171875,192.8699951171875
2013-06-05,193.19000244140625,193.19000244140625
2013-06-06,192.1699981689453,192.1699981689453
2013-06-07,192.27999877929688,192.27999877929688
2013-06-10,191.72000122070312,191.72000122070312
2013-06-11,191.47999572753906,191.47999572753906
2013-06-12,191.57000732421875,191.57000732421875
2013-06-13,192.92999267578125,192.92999267578125
2013-06-14,192.57000732421875,192.57000732421875
2013-06-17,192.41000366210938,192.41000366210938
2013-06-18,192.27000427246094,192.27000427246094
2013-06-19,192.11000061035156,192.11000061035156
2013-06-20,190.3800048828125,190.3800048828125
2013-06-21,189.6699981689453,189.6699981689453
2013-06-24,188.6300048828125,188.6300048828125
2013-06-25,188.3300018310547,188.3300018310547
2013-06-26,189.19000244140625,189.19000244140625
2013-06-27,190.32000732421875,190.32000732421875
2013-06-28,190.25999450683594,190.25999450683594
2013-07-01,190.9600067138672,190.9600067138672
2013-07-02,190.89999389648438,190.89999389648438
2013-07-03,190.80999755859375,190.80999755859375
2013-07-04,191.47999572753906,191.47999572753906
2013-07-05,191.30999755859375,191.30999755859375
2013-07-08,191.27999877929688,191.27999877929688
2013-07-09,191.6300048828125,191.6300048828125
2013-07-10,191.13999938964844,191.13999938964844
2013-07-11,191.25999450683594,191.25999450683594
2013-07-12,191.64999389648438,191.64999389648438
2013-07-15,191.8800048828125,191.8800048828125
2013-07-16,192.07000732421875,192.07000732421875
2013-07-17,191.92999267578125,191.92999267578125
2013-07-18,192.0500030517578,192.0500030517578
2013-07-19,192.27000427246094,192.27000427246094
2013-07-22,192.5,192.5
2013-07-23,192.35000610351562,192.35000610351562
2013-07-24,191.80999755859375,191.80999755859375
2013-07-25,191.80999755859375,191.80999755859375
2013-07-26,191.60000610351562,191.60000610351562
2013-07-29,191.5,191.5
2013-07-30,191.57000732421875,191.57000732421875
2013-07-31,191.91000366210938,191.91000366210938
2013-08-01,192.1300048828125,192.1300048828125
2013-08-02,192.2899932861328,192.2899932861328
2013-08-05,191.9600067138672,191.9600067138672
2013-08-06,192.27999877929688,192.27999877929688
2013-08-07,192.3800048828125,192.3800048828125
2013-08-08,192.41000366210938,192.41000366210938
2013-08-09,192.5500030517578,192.5500030517578
2013-08-12,192.5500030517578,192.5500030517578
2013-08-13,191.75999450683594,191.75999450683594
2013-08-14,191.97999572753906,191.97999572753906
2013-08-15,191.10000610351562,191.10000610351562
2013-08-16,191.50999450683594,191.50999450683594
2013-08-19,191.17999267578125,191.17999267578125
2013-08-20,191.1999969482422,191.1999969482422
2013-08-21,190.66000366210938,190.66000366210938
2013-08-22,190.57000732421875,190.57000732421875
2013-08-23,190.75,190.75
2013-08-26,190.67999267578125,190.67999267578125
2013-08-27,190.7899932861328,190.7899932861328
2013-08-28,190.3300018310547,190.3300018310547
2013-08-29,190.6300048828125,190.6300048828125
2013-08-30,190.8000030517578,190.8000030517578
2013-09-02,190.3800048828125,190.3800048828125
2013-09-03,190.5399932861328,190.5399932861328
2013-09-04,190.24000549316406,190.24000549316406
2013-09-05,189.4600067138672,189.4600067138672
2013-09-06,190.0,190.0
2013-09-09,189.82000732421875,189.82000732421875
2013-09-10,189.19000244140625,189.19000244140625
2013-09-11,189.67999267578125,189.67999267578125
2013-09-12,189.9499969482422,189.9499969482422
2013-09-13,190.1300048828125,190.1300048828125
2013-09-16,190.55999755859375,190.55999755859375
2013-09-17,190.85000610351562,190.85000610351562
2013-09-18,190.52000427246094,190.52000427246094
2013-09-19,191.3000030517578,191.3000030517578
2013-09-20,191.3699951171875,191.3699951171875
2013-09-23,191.77000427246094,191.77000427246094
2013-09-24,192.10000610351562,192.10000610351562
2013-09-25,192.49000549316406,192.49000549316406
2013-09-26,191.85000610351562,191.85000610351562
2013-09-27,192.0500030517578,192.0500030517578
2013-09-30,192.35000610351562,192.35000610351562
2013-10-01,192.77999877929688,192.77999877929688
2013-10-02,192.64999389648438,192.64999389648438
2013-10-04,192.72000122070312,192.72000122070312
2013-10-07,192.61000061035156,192.61000061035156
2013-10-08,192.60000610351562,192.60000610351562
2013-10-09,192.5500030517578,192.5500030517578
2013-10-10,192.39999389648438,192.39999389648438
2013-10-11,192.5399932861328,192.5399932861328
2013-10-14,192.88999938964844,192.88999938964844
2013-10-15,192.50999450683594,192.50999450683594
2013-10-16,192.33999633789062,192.33999633789062
2013-10-17,192.72999572753906,192.72999572753906
2013-10-18,193.08999633789062,193.08999633789062
2013-10-21,193.05999755859375,193.05999755859375
2013-10-22,193.6199951171875,193.6199951171875
2013-10-23,193.8800048828125,193.8800048828125
2013-10-24,193.89999389648438,193.89999389648438
2013-10-25,193.75999450683594,193.75999450683594
2013-10-28,194.0500030517578,194.0500030517578
2013-10-29,194.3300018310547,194.3300018310547
2013-10-30,194.39999389648438,194.39999389648438
2013-10-31,194.88999938964844,194.88999938964844
2013-11-01,194.9600067138672,194.9600067138672
2013-11-04,195.05999755859375,195.05999755859375
2013-11-05,194.35000610351562,194.35000610351562
2013-11-06,194.24000549316406,194.24000549316406
2013-11-07,194.97999572753906,194.97999572753906
2013-11-08,194.41000366210938,194.41000366210938
2013-11-11,194.57000732421875,194.57000732421875
2013-11-12,194.3699951171875,194.3699951171875
2013-11-13,194.69000244140625,194.69000244140625
2013-11-14,195.24000549316406,195.24000549316406
2013-11-15,195.02000427246094,195.02000427246094
2013-11-18,195.1699981689453,195.1699981689453
2013-11-19,195.14999389648438,195.14999389648438
2013-11-20,195.19000244140625,195.19000244140625
2013-11-21,195.1300048828125,195.1300048828125
2013-11-22,195.1199951171875,195.1199951171875
2013-11-25,195.24000549316406,195.24000549316406
2013-11-26,195.61000061035156,195.61000061035156
2013-11-27,195.52000427246094,195.52000427246094
2013-11-28,195.3800048828125,195.3800048828125
2013-11-29,195.47999572753906,195.47999572753906
2013-12-02,195.32000732421875,195.32000732421875
2013-12-03,195.5500030517578,195.5500030517578
2013-12-04,194.8000030517578,194.8000030517578
2013-12-05,194.1199951171875,194.1199951171875
2013-12-06,194.52999877929688,194.52999877929688
2013-12-09,194.69000244140625,194.69000244140625
2013-12-10,194.89999389648438,194.89999389648438
2013-12-11,194.88999938964844,194.88999938964844
2013-12-12,194.9199981689453,194.9199981689453
2013-12-13,195.05999755859375,195.05999755859375
2013-12-16,194.94000244140625,194.94000244140625
2013-12-17,195.1300048828125,195.1300048828125
2013-12-18,194.66000366210938,194.66000366210938
2013-12-19,194.72999572753906,194.72999572753906
2013-12-20,194.52999877929688,194.52999877929688
2013-12-23,194.33999633789062,194.33999633789062
2013-12-27,193.85000610351562,193.85000610351562
2013-12-30,194.00999450683594,194.00999450683594
2014-01-02,194.9499969482422,194.9499969482422
2014-01-03,195.13999938964844,195.13999938964844
2014-01-06,195.25,195.25
2014-01-07,195.61000061035156,195.61000061035156
2014-01-08,195.36000061035156,195.36000061035156
2014-01-09,195.36000061035156,195.36000061035156
2014-01-10,195.72000122070312,195.72000122070312
2014-01-13,196.0,196.0
2014-01-14,196.10000610351562,196.10000610351562
2014-01-15,196.16000366210938,196.16000366210938
2014-01-16,196.52999877929688,196.52999877929688
2014-01-17,196.7899932861328,196.7899932861328
2014-01-20,197.14999389648438,197.14999389648438
2014-01-21,197.11000061035156,197.11000061035156
2014-01-22,196.77999877929688,196.77999877929688
2014-01-23,196.8699951171875,196.8699951171875
2014-01-24,197.11000061035156,197.11000061035156
2014-01-27,197.0500030517578,197.0500030517578
2014-01-28,197.25999450683594,197.25999450683594
2014-01-29,197.5800018310547,197.5800018310547
2014-01-30,197.88999938964844,197.88999938964844
2014-01-31,198.6199951171875,198.6199951171875
2014-02-03,198.7100067138672,198.7100067138672
2014-02-04,198.52999877929688,198.52999877929688
2014-02-05,198.75999450683594,198.75999450683594
2014-02-06,198.3699951171875,198.3699951171875
2014-02-07,198.64999389648438,198.64999389648438
2014-02-10,198.72999572753906,198.72999572753906
2014-02-11,198.52999877929688,198.52999877929688
2014-02-12,198.3300018310547,198.3300018310547
2014-02-13,198.67999267578125,198.67999267578125
2014-02-14,198.69000244140625,198.69000244140625
2014-02-17,199.0,199.0
2014-02-18,199.27999877929688,199.27999877929688
2014-02-19,199.1199951171875,199.1199951171875
2014-02-20,198.67999267578125,198.67999267578125
2014-02-21,199.11000061035156,199.11000061035156
2014-02-24,199.0,199.0
2014-02-25,199.22999572753906,199.22999572753906
2014-02-26,199.66000366210938,199.66000366210938
2014-02-27,200.27999877929688,200.27999877929688
2014-02-28,199.80999755859375,199.80999755859375
2014-03-03,200.3699951171875,200.3699951171875
2014-03-04,200.5399932861328,200.5399932861328
2014-03-05,200.72999572753906,200.72999572753906
2014-03-06,199.92999267578125,199.92999267578125
2014-03-07,200.07000732421875,200.07000732421875
2014-03-10,200.4199981689453,200.4199981689453
2014-03-11,200.19000244140625,200.19000244140625
2014-03-12,200.32000732421875,200.32000732421875
2014-03-13,200.8000030517578,200.8000030517578
2014-03-14,200.7100067138672,200.7100067138672
2014-03-17,200.85000610351562,200.85000610351562
2014-03-18,201.02000427246094,201.02000427246094
2014-03-19,200.6999969482422,200.6999969482422
2014-03-20,200.1699981689453,200.1699981689453
2014-03-21,200.50999450683594,200.50999450683594
2014-03-24,200.92999267578125,200.92999267578125
2014-03-25,200.85000610351562,200.85000610351562
2014-03-26,201.39999389648438,201.39999389648438
2014-03-27,201.7899932861328,201.7899932861328
2014-03-28,201.64999389648438,201.64999389648438
2014-03-31,201.6300048828125,201.6300048828125
2014-04-01,201.47000122070312,201.47000122070312
2014-04-02,201.25,201.25
2014-04-03,201.49000549316406,201.49000549316406
2014-04-04,202.2100067138672,202.2100067138672
2014-04-07,202.1699981689453,202.1699981689453
2014-04-08,201.85000610351562,201.85000610351562
2014-04-09,201.8000030517578,201.8000030517578
2014-04-10,202.50999450683594,202.50999450683594
2014-04-11,202.44000244140625,202.44000244140625
2014-04-14,202.42999267578125,202.42999267578125
2014-04-15,203.19000244140625,203.19000244140625
2014-04-16,203.1999969482422,203.1999969482422
2014-04-17,202.97999572753906,202.97999572753906
2014-04-22,202.86000061035156,202.86000061035156
2014-04-23,202.89999389648438,202.89999389648438
2014-04-24,202.8800048828125,202.8800048828125
2014-04-25,203.27000427246094,203.27000427246094
2014-04-28,203.02000427246094,203.02000427246094
2014-04-29,203.08999633789062,203.08999633789062
2014-04-30,203.60000610351562,203.60000610351562
2014-05-02,203.91000366210938,203.91000366210938
2014-05-05,203.8300018310547,203.8300018310547
2014-05-06,204.02000427246094,204.02000427246094
2014-05-07,203.7100067138672,203.7100067138672
2014-05-08,204.52999877929688,204.52999877929688
2014-05-09,204.32000732421875,204.32000732421875
2014-05-12,204.0800018310547,204.0800018310547
2014-05-13,204.32000732421875,204.32000732421875
2014-05-14,205.14999389648438,205.14999389648438
2014-05-15,204.94000244140625,204.94000244140625
2014-05-16,204.9499969482422,204.9499969482422
2014-05-19,204.49000549316406,204.49000549316406
2014-05-20,203.61000061035156,203.61000061035156
2014-05-21,203.91000366210938,203.91000366210938
2014-05-22,203.97999572753906,203.97999572753906
2014-05-23,204.24000549316406,204.24000549316406
2014-05-26,204.92999267578125,204.92999267578125
2014-05-27,205.3800048828125,205.3800048828125
2014-05-28,206.35000610351562,206.35000610351562
2014-05-29,205.55999755859375,205.55999755859375
2014-05-30,205.39999389648438,205.39999389648438
2014-06-02,205.97000122070312,205.97000122070312
2014-06-03,205.4600067138672,205.4600067138672
2014-06-04,204.72000122070312,204.72000122070312
2014-06-05,205.41000366210938,205.41000366210938
2014-06-06,206.4199981689453,206.4199981689453
2014-06-09,207.38999938964844,207.38999938964844
2014-06-10,206.4199981689453,206.4199981689453
2014-06-11,206.2899932861328,206.2899932861328
2014-06-12,206.1699981689453,206.1699981689453
2014-06-13,206.49000549316406,206.49000549316406
2014-06-16,206.44000244140625,206.44000244140625
2014-06-17,206.0,206.0
2014-06-18,206.10000610351562,206.10000610351562
2014-06-19,206.5,206.5
2014-06-20,206.32000732421875,206.32000732421875
2014-06-23,206.75,206.75
2014-06-24,206.91000366210938,206.91000366210938
2014-06-25,207.92999267578125,207.92999267578125
2014-06-26,207.67999267578125,207.67999267578125
2014-06-27,207.6300048828125,207.6300048828125
2014-06-30,207.7100067138672,207.7100067138672
2014-07-01,207.72999572753906,207.72999572753906
2014-07-02,207.22000122070312,207.22000122070312
2014-07-03,207.39999389648438,207.39999389648438
2014-07-04,207.66000366210938,207.66000366210938
2014-07-07,207.75,207.75
2014-07-08,207.9600067138672,207.9600067138672
2014-07-09,207.6999969482422,207.6999969482422
2014-07-10,207.61000061035156,207.61000061035156
2014-07-11,207.77999877929688,207.77999877929688
2014-07-14,207.80999755859375,207.80999755859375
2014-07-15,208.1199951171875,208.1199951171875
2014-07-16,208.4199981689453,208.4199981689453
2014-07-17,208.8300018310547,208.8300018310547
2014-07-18,208.9199981689453,208.9199981689453
2014-07-21,209.16000366210938,209.16000366210938
2014-07-22,208.89999389648438,208.89999389648438
2014-07-23,209.30999755859375,209.30999755859375
2014-07-24,208.91000366210938,208.91000366210938
2014-07-25,209.3699951171875,209.3699951171875
2014-07-28,209.61000061035156,209.61000061035156
2014-07-29,210.2100067138672,210.2100067138672
2014-07-30,209.55999755859375,209.55999755859375
2014-07-31,209.64999389648438,209.64999389648438
2014-08-01,209.47000122070312,209.47000122070312
2014-08-04,209.92999267578125,209.92999267578125
2014-08-05,209.32000732421875,209.32000732421875
2014-08-06,209.64999389648438,209.64999389648438
2014-08-07,209.6999969482422,209.6999969482422
2014-08-08,210.11000061035156,210.11000061035156
2014-08-11,210.2100067138672,210.2100067138672
2014-08-12,210.47000122070312,210.47000122070312
2014-08-13,210.69000244140625,210.69000244140625
2014-08-14,211.22000122070312,211.22000122070312
2014-08-15,211.74000549316406,211.74000549316406
2014-08-18,211.2100067138672,211.2100067138672
2014-08-19,211.6300048828125,211.6300048828125
2014-08-20,211.8800048828125,211.8800048828125
2014-08-21,211.82000732421875,211.82000732421875
2014-08-22,212.1300048828125,212.1300048828125
2014-08-25,212.86000061035156,212.86000061035156
2014-08-26,213.3699951171875,213.3699951171875
2014-08-27,213.7100067138672,213.7100067138672
2014-08-28,213.4600067138672,213.4600067138672
2014-08-29,213.35000610351562,213.35000610351562
2014-09-01,213.1999969482422,213.1999969482422
2014-09-02,212.8000030517578,212.8000030517578
2014-09-03,212.3000030517578,212.3000030517578
2014-09-04,212.9499969482422,212.9499969482422
2014-09-05,213.69000244140625,213.69000244140625
2014-09-08,213.47000122070312,213.47000122070312
2014-09-09,212.5,212.5
2014-09-10,212.30999755859375,212.30999755859375
2014-09-11,211.94000244140625,211.94000244140625
2014-09-12,211.67999267578125,211.67999267578125
2014-09-15,211.8800048828125,211.8800048828125
2014-09-16,211.7100067138672,211.7100067138672
2014-09-17,212.11000061035156,212.11000061035156
2014-09-18,211.75999450683594,211.75999450683594
2014-09-19,212.4499969482422,212.4499969482422
2014-09-22,212.80999755859375,212.80999755859375
2014-09-23,212.9199981689453,212.9199981689453
2014-09-24,212.89999389648438,212.89999389648438
2014-09-25,213.19000244140625,213.19000244140625
2014-09-26,213.30999755859375,213.30999755859375
2014-09-29,213.14999389648438,213.14999389648438
2014-09-30,213.72000122070312,213.72000122070312
2014-10-01,214.2100067138672,214.2100067138672
2014-10-02,213.94000244140625,213.94000244140625
2014-10-06,213.97000122070312,213.97000122070312
2014-10-07,213.74000549316406,213.74000549316406
2014-10-08,213.77999877929688,213.77999877929688
2014-10-09,213.8800048828125,213.8800048828125
2014-10-10,214.05999755859375,214.05999755859375
2014-10-13,213.9499969482422,213.9499969482422
2014-10-14,214.52999877929688,214.52999877929688
2014-10-15,214.9199981689453,214.9199981689453
2014-10-16,213.22000122070312,213.22000122070312
2014-10-17,213.13999938964844,213.13999938964844
2014-10-20,212.77000427246094,212.77000427246094
2014-10-21,212.97999572753906,212.97999572753906
2014-10-22,213.17999267578125,213.17999267578125
2014-10-23,212.9199981689453,212.9199981689453
2014-10-24,212.94000244140625,212.94000244140625
2014-10-27,213.13999938964844,213.13999938964844
2014-10-28,213.11000061035156,213.11000061035156
2014-10-29,213.22000122070312,213.22000122070312
2014-10-30,213.69000244140625,213.69000244140625
2014-10-31,214.4499969482422,214.4499969482422
2014-11-03,213.75999450683594,213.75999450683594
2014-11-04,214.24000549316406,214.24000549316406
2014-11-05,213.7100067138672,213.7100067138672
2014-11-06,213.92999267578125,213.92999267578125
2014-11-07,214.11000061035156,214.11000061035156
2014-11-10,214.38999938964844,214.38999938964844
2014-11-11,214.4499969482422,214.4499969482422
2014-11-12,214.55999755859375,214.55999755859375
2014-11-13,214.5500030517578,214.5500030517578
2014-11-14,214.80999755859375,214.80999755859375
2014-11-17,214.86000061035156,214.86000061035156
2014-11-18,214.77999877929688,214.77999877929688
2014-11-19,214.3699951171875,214.3699951171875
2014-11-20,214.7100067138672,214.7100067138672
2014-11-21,215.44000244140625,215.44000244140625
2014-11-24,215.50999450683594,215.50999450683594
2014-11-25,216.05999755859375,216.05999755859375
2014-11-26,216.13999938964844,216.13999938964844
2014-11-27,216.86000061035156,216.86000061035156
2014-11-28,217.1300048828125,217.1300048828125
2014-12-01,217.0800018310547,217.0800018310547
2014-12-02,216.77000427246094,216.77000427246094
2014-12-03,217.02999877929688,217.02999877929688
2014-12-04,216.72999572753906,216.72999572753906
2014-12-05,216.97000122070312,216.97000122070312
2014-12-08,217.4499969482422,217.4499969482422
2014-12-09,217.50999450683594,217.50999450683594
2014-12-10,217.0800018310547,217.0800018310547
2014-12-11,217.24000549316406,217.24000549316406
2014-12-12,217.72999572753906,217.72999572753906
2014-12-15,217.86000061035156,217.86000061035156
2014-12-16,217.97999572753906,217.97999572753906
2014-12-17,218.3300018310547,218.3300018310547
2014-12-18,218.60000610351562,218.60000610351562
2014-12-19,218.47000122070312,218.47000122070312
2014-12-22,218.6300048828125,218.6300048828125
2014-12-23,218.6999969482422,218.6999969482422
2014-12-29,218.97999572753906,218.97999572753906
2014-12-30,219.30999755859375,219.30999755859375
2015-01-02,220.44000244140625,220.44000244140625
2015-01-05,220.0500030517578,220.0500030517578
2015-01-06,220.4499969482422,220.4499969482422
2015-01-07,220.0399932861328,220.0399932861328
2015-01-08,220.10000610351562,220.10000610351562
2015-01-09,220.1300048828125,220.1300048828125
2015-01-12,220.63999938964844,220.63999938964844
2015-01-13,220.5500030517578,220.5500030517578
2015-01-14,221.6699981689453,221.6699981689453
2015-01-15,221.49000549316406,221.49000549316406
2015-01-16,222.2100067138672,222.2100067138672
2015-01-19,222.32000732421875,222.32000732421875
2015-01-20,221.97999572753906,221.97999572753906
2015-01-21,221.58999633789062,221.58999633789062
2015-01-22,222.89999389648438,222.89999389648438
2015-01-23,224.24000549316406,224.24000549316406
2015-01-26,224.07000732421875,224.07000732421875
2015-01-27,224.02999877929688,224.02999877929688
2015-01-28,223.82000732421875,223.82000732421875
2015-01-29,223.6199951171875,223.6199951171875
2015-01-30,224.49000549316406,224.49000549316406
2015-02-02,224.55999755859375,224.55999755859375
2015-02-03,224.42999267578125,224.42999267578125
2015-02-04,224.52999877929688,224.52999877929688
2015-02-05,224.57000732421875,224.57000732421875
2015-02-06,224.27999877929688,224.27999877929688
2015-02-09,223.92999267578125,223.92999267578125
2015-02-10,223.69000244140625,223.69000244140625
2015-02-11,223.72000122070312,223.72000122070312
2015-02-12,224.3000030517578,224.3000030517578
2015-02-13,224.4499969482422,224.4499969482422
2015-02-16,224.22000122070312,224.22000122070312
2015-02-17,223.94000244140625,223.94000244140625
2015-02-18,223.6699981689453,223.6699981689453
2015-02-19,223.83999633789062,223.83999633789062
2015-02-20,224.02000427246094,224.02000427246094
2015-02-23,224.47999572753906,224.47999572753906
2015-02-24,224.5,224.5
2015-02-25,225.11000061035156,225.11000061035156
2015-02-26,226.02999877929688,226.02999877929688
2015-02-27,225.97999572753906,225.97999572753906
2015-03-02,225.6699981689453,225.6699981689453
2015-03-03,225.22999572753906,225.22999572753906
2015-03-04,225.22000122070312,225.22000122070312
2015-03-05,225.89999389648438,225.89999389648438
2015-03-06,225.4499969482422,225.4499969482422
2015-03-09,226.75,226.75
2015-03-10,228.08999633789062,228.08999633789062
2015-03-11,229.33999633789062,229.33999633789062
2015-03-12,229.0800018310547,229.0800018310547
2015-03-13,228.85000610351562,228.85000610351562
2015-03-16,228.83999633789062,228.83999633789062
2015-03-17,228.0,228.0
2015-03-18,228.2899932861328,228.2899932861328
2015-03-19,228.55999755859375,228.55999755859375
2015-03-20,228.9199981689453,228.9199981689453
2015-03-23,228.11000061035156,228.11000061035156
2015-03-24,227.86000061035156,227.86000061035156
2015-03-25,227.9199981689453,227.9199981689453
2015-03-26,227.91000366210938,227.91000366210938
2015-03-27,227.97999572753906,227.97999572753906
2015-03-30,228.11000061035156,228.11000061035156
2015-03-31,228.67999267578125,228.67999267578125
2015-04-01,228.89999389648438,228.89999389648438
2015-04-02,228.55999755859375,228.55999755859375
2015-04-07,228.58999633789062,228.58999633789062
2015-04-08,228.64999389648438,228.64999389648438
2015-04-09,228.35000610351562,228.35000610351562
2015-04-10,228.67999267578125,228.67999267578125
2015-04-13,228.8000030517578,228.8000030517578
2015-04-14,228.69000244140625,228.69000244140625
2015-04-15,229.38999938964844,229.38999938964844
2015-04-16,229.11000061035156,229.11000061035156
2015-04-17,228.6199951171875,228.6199951171875
2015-04-20,228.5399932861328,228.5399932861328
2015-04-21,228.4600067138672,228.4600067138672
2015-04-22,228.36000061035156,228.36000061035156
2015-04-23,228.2100067138672,228.2100067138672
2015-04-24,228.0500030517578,228.0500030517578
2015-04-27,228.14999389648438,228.14999389648438
2015-04-28,228.3000030517578,228.3000030517578
2015-04-29,226.2100067138672,226.2100067138672
2015-04-30,225.4199981689453,225.4199981689453
2015-05-04,224.39999389648438,224.39999389648438
2015-05-05,222.1999969482422,222.1999969482422
2015-05-06,220.61000061035156,220.61000061035156
2015-05-07,221.55999755859375,221.55999755859375
2015-05-08,222.3800048828125,222.3800048828125
2015-05-11,221.5,221.5
2015-05-12,220.11000061035156,220.11000061035156
2015-05-13,219.88999938964844,219.88999938964844
2015-05-14,219.80999755859375,219.80999755859375
2015-05-15,220.8300018310547,220.8300018310547
2015-05-18,220.33999633789062,220.33999633789062
2015-05-19,221.3000030517578,221.3000030517578
2015-05-20,220.88999938964844,220.88999938964844
2015-05-21,220.8300018310547,220.8300018310547
2015-05-22,221.1199951171875,221.1199951171875
2015-05-26,221.1199951171875,221.1199951171875
2015-05-27,221.57000732421875,221.57000732421875
2015-05-28,221.52000427246094,221.52000427246094
2015-05-29,221.97000122070312,221.97000122070312
2015-06-01,221.27999877929688,221.27999877929688
2015-06-02,219.2899932861328,219.2899932861328
2015-06-03,217.47000122070312,217.47000122070312
2015-06-04,218.08999633789062,218.08999633789062
2015-06-05,217.0399932861328,217.0399932861328
2015-06-08,216.50999450683594,216.50999450683594
2015-06-09,215.60000610351562,215.60000610351562
2015-06-10,215.27999877929688,215.27999877929688
2015-06-11,216.67999267578125,216.67999267578125
2015-06-12,216.17999267578125,216.17999267578125
2015-06-15,215.5,215.5
2015-06-16,215.61000061035156,215.61000061035156
2015-06-17,215.97000122070312,215.97000122070312
2015-06-18,216.2899932861328,216.2899932861328
2015-06-19,216.72999572753906,216.72999572753906
2015-06-22,216.6199951171875,216.6199951171875
2015-06-23,216.6300048828125,216.6300048828125
2015-06-24,216.72000122070312,216.72000122070312
2015-06-25,216.85000610351562,216.85000610351562
2015-06-26,216.16000366210938,216.16000366210938
2015-06-29,215.8000030517578,215.8000030517578
2015-06-30,216.42999267578125,216.42999267578125
2015-07-01,215.83999633789062,215.83999633789062
2015-07-02,215.36000061035156,215.36000061035156
2015-07-03,216.02000427246094,216.02000427246094
2015-07-06,215.67999267578125,215.67999267578125
2015-07-07,217.32000732421875,217.32000732421875
2015-07-08,217.5399932861328,217.5399932861328
2015-07-09,217.36000061035156,217.36000061035156
2015-07-10,216.35000610351562,216.35000610351562
2015-07-13,216.64999389648438,216.64999389648438
2015-07-14,216.88999938964844,216.88999938964844
2015-07-15,217.97999572753906,217.97999572753906
2015-07-16,218.0,218.0
2015-07-17,218.9600067138672,218.9600067138672
2015-07-20,219.3300018310547,219.3300018310547
2015-07-21,218.77999877929688,218.77999877929688
2015-07-22,219.2899932861328,219.2899932861328
2015-07-23,219.49000549316406,219.49000549316406
2015-07-24,220.19000244140625,220.19000244140625
2015-07-27,220.17999267578125,220.17999267578125
2015-07-28,220.36000061035156,220.36000061035156
2015-07-29,219.97000122070312,219.97000122070312
2015-07-30,220.8300018310547,220.8300018310547
2015-07-31,221.27000427246094,221.27000427246094
2015-08-03,221.24000549316406,221.24000549316406
2015-08-04,221.10000610351562,221.10000610351562
2015-08-05,219.5,219.5
2015-08-06,220.08999633789062,220.08999633789062
2015-08-07,220.58999633789062,220.58999633789062
2015-08-10,220.5399932861328,220.5399932861328
2015-08-11,221.42999267578125,221.42999267578125
2015-08-12,221.4600067138672,221.4600067138672
2015-08-13,221.2899932861328,221.2899932861328
2015-08-14,220.8800048828125,220.8800048828125
2015-08-17,221.38999938964844,221.38999938964844
2015-08-18,221.02999877929688,221.02999877929688
2015-08-19,220.97999572753906,220.97999572753906
2015-08-20,221.32000732421875,221.32000732421875
2015-08-21,221.1999969482422,221.1999969482422
2015-08-24,220.86000061035156,220.86000061035156
2015-08-25,219.00999450683594,219.00999450683594
2015-08-26,219.1999969482422,219.1999969482422
2015-08-27,219.22000122070312,219.22000122070312
2015-08-28,219.3300018310547,219.3300018310547
2015-08-31,218.80999755859375,218.80999755859375
2015-09-01,218.38999938964844,218.38999938964844
2015-09-02,218.49000549316406,218.49000549316406
2015-09-03,219.27999877929688,219.27999877929688
2015-09-04,220.16000366210938,220.16000366210938
2015-09-07,219.69000244140625,219.69000244140625
2015-09-08,220.0,220.0
2015-09-09,219.8300018310547,219.8300018310547
2015-09-10,219.9499969482422,219.9499969482422
2015-09-11,220.13999938964844,220.13999938964844
2015-09-14,220.1199951171875,220.1199951171875
2015-09-15,219.33999633789062,219.33999633789062
2015-09-16,219.10000610351562,219.10000610351562
2015-09-17,219.0800018310547,219.0800018310547
2015-09-18,220.88999938964844,220.88999938964844
2015-09-21,220.50999450683594,220.50999450683594
2015-09-22,221.3800048828125,221.3800048828125
2015-09-23,221.44000244140625,221.44000244140625
2015-09-24,221.50999450683594,221.50999450683594
2015-09-25,220.72999572753906,220.72999572753906
2015-09-28,221.41000366210938,221.41000366210938
2015-09-29,221.63999938964844,221.63999938964844
2015-09-30,221.64999389648438,221.64999389648438
2015-10-01,222.32000732421875,222.32000732421875
2015-10-02,222.85000610351562,222.85000610351562
2015-10-05,222.24000549316406,222.24000549316406
2015-10-06,221.7899932861328,221.7899932861328
2015-10-07,221.97000122070312,221.97000122070312
2015-10-08,222.02000427246094,222.02000427246094
2015-10-09,221.75,221.75
2015-10-12,222.25,222.25
2015-10-13,222.22000122070312,222.22000122070312
2015-10-14,222.75,222.75
2015-10-15,222.4499969482422,222.4499969482422
2015-10-16,222.82000732421875,222.82000732421875
2015-10-19,222.61000061035156,222.61000061035156
2015-10-20,221.89999389648438,221.89999389648438
2015-10-21,222.6699981689453,222.6699981689453
2015-10-22,224.10000610351562,224.10000610351562
2015-10-23,224.00999450683594,224.00999450683594
2015-10-26,224.11000061035156,224.11000061035156
2015-10-27,224.83999633789062,224.83999633789062
2015-10-28,225.1199951171875,225.1199951171875
2015-10-29,223.97000122070312,223.97000122070312
2015-10-30,223.97000122070312,223.97000122070312
2015-11-02,223.17999267578125,223.17999267578125
2015-11-03,223.10000610351562,223.10000610351562
2015-11-04,222.85000610351562,222.85000610351562
2015-11-05,222.3699951171875,222.3699951171875
2015-11-06,221.19000244140625,221.19000244140625
2015-11-09,221.08999633789062,221.08999633789062
2015-11-10,221.9499969482422,221.9499969482422
2015-11-11,222.3300018310547,222.3300018310547
2015-11-12,222.60000610351562,222.60000610351562
2015-11-13,223.27000427246094,223.27000427246094
2015-11-16,223.5,223.5
2015-11-17,223.47000122070312,223.47000122070312
2015-11-18,223.97000122070312,223.97000122070312
2015-11-19,224.4199981689453,224.4199981689453
2015-11-20,224.6699981689453,224.6699981689453
2015-11-23,224.0500030517578,224.0500030517578
2015-11-24,224.30999755859375,224.30999755859375
2015-11-25,225.02999877929688,225.02999877929688
2015-11-26,225.0,225.0
2015-11-27,225.25,225.25
2015-11-30,224.85000610351562,224.85000610351562
2015-12-01,224.92999267578125,224.92999267578125
2015-12-02,225.14999389648438,225.14999389648438
2015-12-03,222.33999633789062,222.33999633789062
2015-12-04,222.0800018310547,222.0800018310547
2015-12-07,223.5,223.5
2015-12-08,223.8300018310547,223.8300018310547
2015-12-09,223.39999389648438,223.39999389648438
2015-12-10,223.69000244140625,223.69000244140625
2015-12-11,224.14999389648438,224.14999389648438
2015-12-14,223.27000427246094,223.27000427246094
2015-12-15,222.47999572753906,222.47999572753906
2015-12-16,222.19000244140625,222.19000244140625
2015-12-17,223.1199951171875,223.1199951171875
2015-12-18,223.97999572753906,223.97999572753906
2015-12-21,223.63999938964844,223.63999938964844
2015-12-22,222.94000244140625,222.94000244140625
2015-12-23,222.4600067138672,222.4600067138672
2015-12-28,223.35000610351562,223.35000610351562
2015-12-29,222.3699951171875,222.3699951171875
2015-12-30,222.47000122070312,222.47000122070312
2016-01-04,223.27000427246094,223.27000427246094
2016-01-05,223.6199951171875,223.6199951171875
2016-01-06,223.97000122070312,223.97000122070312
2016-01-07,223.27000427246094,223.27000427246094
2016-01-08,223.8000030517578,223.8000030517578
2016-01-11,223.25999450683594,223.25999450683594
2016-01-12,223.33999633789062,223.33999633789062
2016-01-13,223.7899932861328,223.7899932861328
2016-01-14,223.64999389648438,223.64999389648438
2016-01-15,223.9499969482422,223.9499969482422
2016-01-18,224.00999450683594,224.00999450683594
2016-01-19,224.1300048828125,224.1300048828125
2016-01-20,224.1999969482422,224.1999969482422
2016-01-21,225.0500030517578,225.0500030517578
2016-01-22,224.60000610351562,224.60000610351562
2016-01-25,224.89999389648438,224.89999389648438
2016-01-26,225.4600067138672,225.4600067138672
2016-01-27,225.55999755859375,225.55999755859375
2016-01-28,225.82000732421875,225.82000732421875
2016-01-29,226.8800048828125,226.8800048828125
2016-02-01,226.4199981689453,226.4199981689453
2016-02-02,226.5,226.5
2016-02-03,227.32000732421875,227.32000732421875
2016-02-04,226.69000244140625,226.69000244140625
2016-02-05,226.57000732421875,226.57000732421875
2016-02-08,226.52000427246094,226.52000427246094
2016-02-09,226.42999267578125,226.42999267578125
2016-02-10,226.5,226.5
2016-02-11,226.69000244140625,226.69000244140625
2016-02-12,226.1699981689453,226.1699981689453
2016-02-15,226.69000244140625,226.69000244140625
2016-02-16,226.1699981689453,226.1699981689453
2016-02-17,226.2899932861328,226.2899932861328
2016-02-18,227.25999450683594,227.25999450683594
2016-02-19,227.3000030517578,227.3000030517578
2016-02-22,227.86000061035156,227.86000061035156
2016-02-23,227.86000061035156,227.86000061035156
2016-02-24,228.10000610351562,228.10000610351562
2016-02-25,228.33999633789062,228.33999633789062
2016-02-26,228.38999938964844,228.38999938964844
2016-02-29,229.02000427246094,229.02000427246094
2016-03-01,228.60000610351562,228.60000610351562
2016-03-02,227.66000366210938,227.66000366210938
2016-03-03,228.14999389648438,228.14999389648438
2016-03-04,227.4199981689453,227.4199981689453
2016-03-07,227.52999877929688,227.52999877929688
2016-03-08,228.13999938964844,228.13999938964844
2016-03-09,227.77999877929688,227.77999877929688
2016-03-10,226.9499969482422,226.9499969482422
2016-03-11,228.0399932861328,228.0399932861328
2016-03-14,228.10000610351562,228.10000610351562
2016-03-15,227.52999877929688,227.52999877929688
2016-03-16,227.6699981689453,227.6699981689453
2016-03-17,228.8800048828125,228.8800048828125
2016-03-18,229.0,229.0
2016-03-21,229.05999755859375,229.05999755859375
2016-03-22,229.22999572753906,229.22999572753906
2016-03-23,229.08999633789062,229.08999633789062
2016-03-24,229.3699951171875,229.3699951171875
2016-03-29,230.1999969482422,230.1999969482422
2016-03-30,230.14999389648438,230.14999389648438
2016-03-31,230.1999969482422,230.1999969482422
2016-04-01,230.38999938964844,230.38999938964844
2016-04-04,230.49000549316406,230.49000549316406
2016-04-05,230.47000122070312,230.47000122070312
2016-04-06,230.3000030517578,230.3000030517578
2016-04-07,230.02000427246094,230.02000427246094
2016-04-08,230.32000732421875,230.32000732421875
2016-04-11,229.91000366210938,229.91000366210938
2016-04-12,229.1999969482422,229.1999969482422
2016-04-13,229.9199981689453,229.9199981689453
2016-04-14,229.47999572753906,229.47999572753906
2016-04-15,229.82000732421875,229.82000732421875
2016-04-18,229.5800018310547,229.5800018310547
2016-04-19,229.0500030517578,229.0500030517578
2016-04-20,229.33999633789062,229.33999633789062
2016-04-21,228.2899932861328,228.2899932861328
2016-04-22,228.05999755859375,228.05999755859375
2016-04-25,227.6699981689453,227.6699981689453
2016-04-26,227.33999633789062,227.33999633789062
2016-04-27,227.3000030517578,227.3000030517578
2016-04-28,227.88999938964844,227.88999938964844
2016-04-29,227.60000610351562,227.60000610351562
2016-05-02,227.85000610351562,227.85000610351562
2016-05-03,228.66000366210938,228.66000366210938
2016-05-04,228.47999572753906,228.47999572753906
2016-05-05,228.77000427246094,228.77000427246094
2016-05-06,228.8800048828125,228.8800048828125
2016-05-09,229.19000244140625,229.19000244140625
2016-05-10,229.16000366210938,229.16000366210938
2016-05-11,229.22999572753906,229.22999572753906
2016-05-12,228.8300018310547,228.8300018310547
2016-05-13,229.24000549316406,229.24000549316406
2016-05-17,229.5,229.5
2016-05-18,229.0,229.0
2016-05-19,228.9499969482422,228.9499969482422
2016-05-20,229.08999633789062,229.08999633789062
2016-05-23,228.77000427246094,228.77000427246094
2016-05-24,229.19000244140625,229.19000244140625
2016-05-25,229.86000061035156,229.86000061035156
2016-05-26,229.88999938964844,229.88999938964844
2016-05-27,230.05999755859375,230.05999755859375
2016-05-30,229.75999450683594,229.75999450683594
2016-05-31,229.72000122070312,229.72000122070312
2016-06-01,230.0399932861328,230.0399932861328
2016-06-02,230.33999633789062,230.33999633789062
2016-06-03,230.91000366210938,230.91000366210938
2016-06-06,230.4499969482422,230.4499969482422
2016-06-07,231.0399932861328,231.0399932861328
2016-06-08,231.42999267578125,231.42999267578125
2016-06-09,231.94000244140625,231.94000244140625
2016-06-10,232.1999969482422,232.1999969482422
2016-06-13,231.49000549316406,231.49000549316406
2016-06-14,231.42999267578125,231.42999267578125
2016-06-15,231.6199951171875,231.6199951171875
2016-06-16,231.3800048828125,231.3800048828125
2016-06-17,231.36000061035156,231.36000061035156
2016-06-20,231.42999267578125,231.42999267578125
2016-06-21,231.63999938964844,231.63999938964844
2016-06-22,231.49000549316406,231.49000549316406
2016-06-23,231.14999389648438,231.14999389648438
2016-06-24,231.94000244140625,231.94000244140625
2016-06-27,233.3000030517578,233.3000030517578
2016-06-28,234.25,234.25
2016-06-29,234.77000427246094,234.77000427246094
2016-06-30,235.13999938964844,235.13999938964844
2016-07-01,235.75999450683594,235.75999450683594
2016-07-04,235.39999389648438,235.39999389648438
2016-07-05,236.02999877929688,236.02999877929688
2016-07-06,236.00999450683594,236.00999450683594
2016-07-07,235.8000030517578,235.8000030517578
2016-07-08,236.3699951171875,236.3699951171875
2016-07-11,236.27999877929688,236.27999877929688
2016-07-12,235.25999450683594,235.25999450683594
2016-07-13,236.02999877929688,236.02999877929688
2016-07-14,235.19000244140625,235.19000244140625
2016-07-15,234.72000122070312,234.72000122070312
2016-07-18,234.82000732421875,234.82000732421875
2016-07-19,235.0,235.0
2016-07-20,234.85000610351562,234.85000610351562
2016-07-21,234.85000610351562,234.85000610351562
2016-07-22,235.19000244140625,235.19000244140625
2016-07-25,235.44000244140625,235.44000244140625
2016-07-26,235.4199981689453,235.4199981689453
2016-07-27,236.1199951171875,236.1199951171875
2016-07-28,236.3300018310547,236.3300018310547
2016-07-29,236.83999633789062,236.83999633789062
2016-08-01,236.64999389648438,236.64999389648438
2016-08-02,235.75999450683594,235.75999450683594
2016-08-03,235.74000549316406,235.74000549316406
2016-08-04,236.7100067138672,236.7100067138672
2016-08-05,236.2899932861328,236.2899932861328
2016-08-08,236.52000427246094,236.52000427246094
2016-08-09,236.6999969482422,236.6999969482422
2016-08-10,237.27000427246094,237.27000427246094
2016-08-11,237.14999389648438,237.14999389648438
2016-08-12,237.25999450683594,237.25999450683594
2016-08-15,236.83999633789062,236.83999633789062
2016-08-16,236.10000610351562,236.10000610351562
2016-08-17,236.36000061035156,236.36000061035156
2016-08-18,237.1199951171875,237.1199951171875
2016-08-19,236.22000122070312,236.22000122070312
2016-08-22,236.8699951171875,236.8699951171875
2016-08-23,236.88999938964844,236.88999938964844
2016-08-24,236.66000366210938,236.66000366210938
2016-08-25,236.50999450683594,236.50999450683594
2016-08-26,236.74000549316406,236.74000549316406
2016-08-29,236.6199951171875,236.6199951171875
2016-08-30,236.61000061035156,236.61000061035156
2016-08-31,235.99000549316406,235.99000549316406
2016-09-01,235.7899932861328,235.7899932861328
2016-09-02,235.3300018310547,235.3300018310547
2016-09-05,235.75999450683594,235.75999450683594
2016-09-06,236.89999389648438,236.89999389648438
2016-09-07,237.13999938964844,237.13999938964844
2016-09-08,235.88999938964844,235.88999938964844
2016-09-09,234.55999755859375,234.55999755859375
2016-09-12,234.19000244140625,234.19000244140625
2016-09-13,233.86000061035156,233.86000061035156
2016-09-14,234.3699951171875,234.3699951171875
2016-09-15,234.0399932861328,234.0399932861328
2016-09-16,234.10000610351562,234.10000610351562
2016-09-19,234.27999877929688,234.27999877929688
2016-09-20,235.16000366210938,235.16000366210938
2016-09-21,234.6199951171875,234.6199951171875
2016-09-22,236.32000732421875,236.32000732421875
2016-09-23,236.10000610351562,236.10000610351562
2016-09-26,236.82000732421875,236.82000732421875
2016-09-27,236.6300048828125,236.6300048828125
2016-09-28,236.9199981689453,236.9199981689453
2016-09-29,236.5399932861328,236.5399932861328
2016-09-30,236.57000732421875,236.57000732421875
2016-10-04,235.8000030517578,235.8000030517578
2016-10-05,234.30999755859375,234.30999755859375
2016-10-06,234.3000030517578,234.3000030517578
2016-10-07,234.0500030517578,234.0500030517578
2016-10-10,233.69000244140625,233.69000244140625
2016-10-11,234.0800018310547,234.0800018310547
2016-10-12,233.39999389648438,233.39999389648438
2016-10-13,233.88999938964844,233.88999938964844
2016-10-14,233.77999877929688,233.77999877929688
2016-10-17,233.49000549316406,233.49000549316406
2016-10-18,233.97000122070312,233.97000122070312
2016-10-19,234.1300048828125,234.1300048828125
2016-10-20,234.5,234.5
2016-10-21,234.4499969482422,234.4499969482422
2016-10-24,234.17999267578125,234.17999267578125
2016-10-25,234.02999877929688,234.02999877929688
2016-10-26,233.0800018310547,233.0800018310547
2016-10-27,231.5500030517578,231.5500030517578
2016-10-28,231.47999572753906,231.47999572753906
2016-10-31,231.4600067138672,231.4600067138672
2016-11-01,230.88999938964844,230.88999938964844
2016-11-02,231.88999938964844,231.88999938964844
2016-11-03,231.47999572753906,231.47999572753906
2016-11-04,231.41000366210938,231.41000366210938
2016-11-07,231.58999633789062,231.58999633789062
2016-11-08,231.11000061035156,231.11000061035156
2016-11-09,230.9499969482422,230.9499969482422
2016-11-10,228.5500030517578,228.5500030517578
2016-11-11,227.44000244140625,227.44000244140625
2016-11-14,226.8800048828125,226.8800048828125
2016-11-15,228.0500030517578,228.0500030517578
2016-11-16,227.61000061035156,227.61000061035156
2016-11-17,227.69000244140625,227.69000244140625
2016-11-18,227.38999938964844,227.38999938964844
2016-11-21,227.47000122070312,227.47000122070312
2016-11-22,228.1999969482422,228.1999969482422
2016-11-23,227.19000244140625,227.19000244140625
2016-11-24,227.19000244140625,227.19000244140625
2016-11-25,227.36000061035156,227.36000061035156
2016-11-28,228.0500030517578,228.0500030517578
2016-11-29,228.4600067138672,228.4600067138672
2016-11-30,227.9600067138672,227.9600067138672
2016-12-01,226.7899932861328,226.7899932861328
2016-12-02,227.92999267578125,227.92999267578125
2016-12-05,226.92999267578125,226.92999267578125
2016-12-06,227.3000030517578,227.3000030517578
2016-12-07,227.8300018310547,227.8300018310547
2016-12-08,226.88999938964844,226.88999938964844
2016-12-09,226.6199951171875,226.6199951171875
2016-12-12,226.05999755859375,226.05999755859375
2016-12-13,227.38999938964844,227.38999938964844
2016-12-14,228.30999755859375,228.30999755859375
2016-12-15,227.52000427246094,227.52000427246094
2016-12-16,227.97000122070312,227.97000122070312
2016-12-19,229.10000610351562,229.10000610351562
2016-12-20,228.94000244140625,228.94000244140625
2016-12-21,229.33999633789062,229.33999633789062
2016-12-22,228.94000244140625,228.94000244140625
2016-12-23,229.35000610351562,229.35000610351562
2016-12-27,229.8800048828125,229.8800048828125
2016-12-28,229.67999267578125,229.67999267578125
2016-12-29,230.0399932861328,230.0399932861328
2016-12-30,229.58999633789062,229.58999633789062
2017-01-02,229.75,229.75
2017-01-03,228.1999969482422,228.1999969482422
2017-01-04,227.88999938964844,227.88999938964844
2017-01-05,227.72000122070312,227.72000122070312
2017-01-06,227.02000427246094,227.02000427246094
2017-01-09,227.5800018310547,227.5800018310547
2017-01-10,227.6300048828125,227.6300048828125
2017-01-11,228.1999969482422,228.1999969482422
2017-01-12,227.9600067138672,227.9600067138672
2017-01-13,227.36000061035156,227.36000061035156
2017-01-16,227.5,227.5
2017-01-17,227.72999572753906,227.72999572753906
2017-01-18,227.1199951171875,227.1199951171875
2017-01-19,226.75,226.75
2017-01-20,225.91000366210938,225.91000366210938
2017-01-23,226.7899932861328,226.7899932861328
2017-01-24,226.22000122070312,226.22000122070312
2017-01-25,225.24000549316406,225.24000549316406
2017-01-26,224.47000122070312,224.47000122070312
2017-01-27,224.61000061035156,224.61000061035156
2017-01-30,224.13999938964844,224.13999938964844
2017-01-31,224.6699981689453,224.6699981689453
2017-02-01,223.86000061035156,223.86000061035156
2017-02-02,224.75999450683594,224.75999450683594
2017-02-03,224.33999633789062,224.33999633789062
2017-02-06,223.89999389648438,223.89999389648438
2017-02-07,223.9600067138672,223.9600067138672
2017-02-08,225.0500030517578,225.0500030517578
2017-02-09,225.61000061035156,225.61000061035156
2017-02-10,224.7899932861328,224.7899932861328
2017-02-13,224.86000061035156,224.86000061035156
2017-02-14,224.64999389648438,224.64999389648438
2017-02-15,224.58999633789062,224.58999633789062
2017-02-16,225.4199981689453,225.4199981689453
2017-02-17,225.33999633789062,225.33999633789062
2017-02-20,225.22999572753906,225.22999572753906
2017-02-21,224.67999267578125,224.67999267578125
2017-02-22,225.36000061035156,225.36000061035156
2017-02-23,225.77999877929688,225.77999877929688
2017-02-24,226.74000549316406,226.74000549316406
2017-02-27,226.9600067138672,226.9600067138672
2017-02-28,227.14999389648438,227.14999389648438
2017-03-01,226.35000610351562,226.35000610351562
2017-03-02,226.14999389648438,226.14999389648438
2017-03-03,225.92999267578125,225.92999267578125
2017-03-06,225.80999755859375,225.80999755859375
2017-03-07,225.66000366210938,225.66000366210938
2017-03-08,224.77000427246094,224.77000427246094
2017-03-09,224.1199951171875,224.1199951171875
2017-03-10,223.2100067138672,223.2100067138672
2017-03-13,223.60000610351562,223.60000610351562
2017-03-14,223.75,223.75
2017-03-15,224.52000427246094,224.52000427246094
2017-03-16,223.77000427246094,223.77000427246094
2017-03-17,223.7100067138672,223.7100067138672
2017-03-20,223.6999969482422,223.6999969482422
2017-03-21,223.88999938964844,223.88999938964844
2017-03-22,224.8000030517578,224.8000030517578
2017-03-23,224.57000732421875,224.57000732421875
2017-03-24,225.14999389648438,225.14999389648438
2017-03-27,225.2100067138672,225.2100067138672
2017-03-28,225.33999633789062,225.33999633789062
2017-03-29,226.13999938964844,226.13999938964844
2017-03-30,226.08999633789062,226.08999633789062
2017-03-31,225.8800048828125,225.8800048828125
2017-04-03,226.22000122070312,226.22000122070312
2017-04-04,226.67999267578125,226.67999267578125
2017-04-05,226.7100067138672,226.7100067138672
2017-04-06,226.64999389648438,226.64999389648438
2017-04-07,227.3300018310547,227.3300018310547
2017-04-10,227.1699981689453,227.1699981689453
2017-04-11,226.75,226.75
2017-04-12,227.0800018310547,227.0800018310547
2017-04-13,226.6699981689453,226.6699981689453
2017-04-18,227.4499969482422,227.4499969482422
2017-04-19,227.1699981689453,227.1699981689453
2017-04-20,226.9600067138672,226.9600067138672
2017-04-21,226.8699951171875,226.8699951171875
2017-04-24,227.32000732421875,227.32000732421875
2017-04-25,226.5500030517578,226.5500030517578
2017-04-26,226.41000366210938,226.41000366210938
2017-04-27,227.08999633789062,227.08999633789062
2017-04-28,226.86000061035156,226.86000061035156
2017-05-02,226.74000549316406,226.74000549316406
2017-05-03,227.05999755859375,227.05999755859375
2017-05-04,226.74000549316406,226.74000549316406
2017-05-05,226.88999938964844,226.88999938964844
2017-05-08,226.58999633789062,226.58999633789062
2017-05-09,226.32000732421875,226.32000732421875
2017-05-10,226.52000427246094,226.52000427246094
2017-05-11,226.0500030517578,226.0500030517578
2017-05-12,226.69000244140625,226.69000244140625
2017-05-15,226.2100067138672,226.2100067138672
2017-05-16,226.3800048828125,226.3800048828125
2017-05-17,227.13999938964844,227.13999938964844
2017-05-18,227.44000244140625,227.44000244140625
2017-05-19,227.39999389648438,227.39999389648438
2017-05-22,226.88999938964844,226.88999938964844
2017-05-23,227.19000244140625,227.19000244140625
2017-05-24,227.3000030517578,227.3000030517578
2017-05-25,227.64999389648438,227.64999389648438
2017-05-26,228.19000244140625,228.19000244140625
2017-05-29,228.1999969482422,228.1999969482422
2017-05-30,228.17999267578125,228.17999267578125
2017-05-31,228.19000244140625,228.19000244140625
2017-06-01,227.89999389648438,227.89999389648438
2017-06-02,228.05999755859375,228.05999755859375
2017-06-06,228.5800018310547,228.5800018310547
2017-06-07,228.14999389648438,228.14999389648438
2017-06-08,228.7100067138672,228.7100067138672
2017-06-09,228.9199981689453,228.9199981689453
2017-06-12,229.52999877929688,229.52999877929688
2017-06-13,229.72000122070312,229.72000122070312
2017-06-14,230.27999877929688,230.27999877929688
2017-06-15,229.5500030517578,229.5500030517578
2017-06-16,229.47000122070312,229.47000122070312
2017-06-19,229.7100067138672,229.7100067138672
2017-06-20,230.10000610351562,230.10000610351562
2017-06-21,230.27000427246094,230.27000427246094
2017-06-22,230.47999572753906,230.47999572753906
2017-06-23,230.11000061035156,230.11000061035156
2017-06-26,230.33999633789062,230.33999633789062
2017-06-27,228.58999633789062,228.58999633789062
2017-06-28,228.8000030517578,228.8000030517578
2017-06-29,227.11000061035156,227.11000061035156
2017-06-30,227.00999450683594,227.00999450683594
2017-07-03,226.9499969482422,226.9499969482422
2017-07-04,227.05999755859375,227.05999755859375
2017-07-05,227.02000427246094,227.02000427246094
2017-07-06,225.5,225.5
2017-07-07,225.14999389648438,225.14999389648438
2017-07-10,225.69000244140625,225.69000244140625
2017-07-11,225.32000732421875,225.32000732421875
2017-07-12,226.1300048828125,226.1300048828125
2017-07-13,225.64999389648438,225.64999389648438
2017-07-14,225.89999389648438,225.89999389648438
2017-07-17,226.3000030517578,226.3000030517578
2017-07-18,226.9199981689453,226.9199981689453
2017-07-19,226.92999267578125,226.92999267578125
2017-07-20,227.41000366210938,227.41000366210938
2017-07-21,227.8000030517578,227.8000030517578
2017-07-24,227.85000610351562,227.85000610351562
2017-07-25,227.08999633789062,227.08999633789062
2017-07-26,227.10000610351562,227.10000610351562
2017-07-27,227.3699951171875,227.3699951171875
2017-07-28,227.2100067138672,227.2100067138672
2017-07-31,227.41000366210938,227.41000366210938
2017-08-01,228.52999877929688,228.52999877929688
2017-08-02,228.49000549316406,228.49000549316406
2017-08-03,228.77999877929688,228.77999877929688
2017-08-04,228.3699951171875,228.3699951171875
2017-08-07,228.6999969482422,228.6999969482422
2017-08-08,228.47000122070312,228.47000122070312
2017-08-09,229.0,229.0
2017-08-10,228.9499969482422,228.9499969482422
2017-08-11,229.33999633789062,229.33999633789062
2017-08-14,229.13999938964844,229.13999938964844
2017-08-15,228.67999267578125,228.67999267578125
2017-08-16,228.7100067138672,228.7100067138672
2017-08-17,228.72000122070312,228.72000122070312
2017-08-18,228.97000122070312,228.97000122070312
2017-08-21,229.08999633789062,229.08999633789062
2017-08-22,228.7899932861328,228.7899932861328
2017-08-23,228.88999938964844,228.88999938964844
2017-08-24,228.94000244140625,228.94000244140625
2017-08-25,228.75,228.75
2017-08-28,228.91000366210938,228.91000366210938
2017-08-29,229.32000732421875,229.32000732421875
2017-08-30,229.13999938964844,229.13999938964844
2017-08-31,229.39999389648438,229.39999389648438
2017-09-01,229.00999450683594,229.00999450683594
2017-09-04,229.13999938964844,229.13999938964844
2017-09-05,229.88999938964844,229.88999938964844
2017-09-06,229.50999450683594,229.50999450683594
2017-09-07,230.3000030517578,230.3000030517578
2017-09-08,229.85000610351562,229.85000610351562
2017-09-11,229.63999938964844,229.63999938964844
2017-09-12,228.77000427246094,228.77000427246094
2017-09-13,228.74000549316406,228.74000549316406
2017-09-14,228.5,228.5
2017-09-15,228.52000427246094,228.52000427246094
2017-09-18,228.17999267578125,228.17999267578125
2017-09-19,228.39999389648438,228.39999389648438
2017-09-20,228.5,228.5
2017-09-21,228.0500030517578,228.0500030517578
2017-09-22,228.25999450683594,228.25999450683594
2017-09-25,228.61000061035156,228.61000061035156
2017-09-26,228.5,228.5
2017-09-27,227.89999389648438,227.89999389648438
2017-09-28,227.8800048828125,227.8800048828125
2017-09-29,228.1699981689453,228.1699981689453
2017-10-02,228.08999633789062,228.08999633789062
2017-10-03,228.08999633789062,228.08999633789062
2017-10-04,227.69000244140625,227.69000244140625
2017-10-05,227.97000122070312,227.97000122070312
2017-10-06,227.9499969482422,227.9499969482422
2017-10-09,228.1300048828125,228.1300048828125
2017-10-10,228.13999938964844,228.13999938964844
2017-10-11,228.1300048828125,228.1300048828125
2017-10-12,228.47000122070312,228.47000122070312
2017-10-13,229.0800018310547,229.0800018310547
2017-10-16,229.52999877929688,229.52999877929688
2017-10-17,229.77999877929688,229.77999877929688
2017-10-18,229.41000366210938,229.41000366210938
2017-10-19,229.41000366210938,229.41000366210938
2017-10-20,228.63999938964844,228.63999938964844
2017-10-23,229.0,229.0
2017-10-24,228.50999450683594,228.50999450683594
2017-10-25,228.41000366210938,228.41000366210938
2017-10-26,229.22999572753906,229.22999572753906
2017-10-27,229.6199951171875,229.6199951171875
2017-10-30,230.3699951171875,230.3699951171875
2017-10-31,230.3699951171875,230.3699951171875
2017-11-01,230.69000244140625,230.69000244140625
2017-11-02,230.44000244140625,230.44000244140625
2017-11-03,230.77999877929688,230.77999877929688
2017-11-06,230.97999572753906,230.97999572753906
2017-11-07,231.72000122070312,231.72000122070312
2017-11-08,231.4199981689453,231.4199981689453
2017-11-09,230.35000610351562,230.35000610351562
2017-11-10,229.9600067138672,229.9600067138672
2017-11-13,229.99000549316406,229.99000549316406
2017-11-14,230.2899932861328,230.2899932861328
2017-11-15,230.5500030517578,230.5500030517578
2017-11-16,230.44000244140625,230.44000244140625
2017-11-17,230.6300048828125,230.6300048828125
2017-11-20,231.17999267578125,231.17999267578125
2017-11-21,231.44000244140625,231.44000244140625
2017-11-22,231.80999755859375,231.80999755859375
2017-11-23,231.3000030517578,231.3000030517578
2017-11-24,230.9600067138672,230.9600067138672
2017-11-27,231.33999633789062,231.33999633789062
2017-11-28,231.4499969482422,231.4499969482422
2017-11-29,230.8699951171875,230.8699951171875
2017-11-30,231.39999389648438,231.39999389648438
2017-12-01,232.38999938964844,232.38999938964844
2017-12-04,231.94000244140625,231.94000244140625
2017-12-05,232.18499755859375,232.18499755859375
2017-12-06,232.3800048828125,232.3800048828125
2017-12-07,232.56500244140625,232.56500244140625
2017-12-08,232.5500030517578,232.5500030517578
2017-12-11,232.5449981689453,232.5449981689453
2017-12-12,232.05499267578125,232.05499267578125
2017-12-13,231.5500030517578,231.5500030517578
2017-12-14,231.69000244140625,231.69000244140625
2017-12-15,231.86500549316406,231.86500549316406
2017-12-18,231.91000366210938,231.91000366210938
2017-12-19,230.64999389648438,230.64999389648438
2017-12-20,230.35000610351562,230.35000610351562
2017-12-21,230.30999755859375,230.30999755859375
2017-12-22,230.3000030517578,230.3000030517578
2017-12-27,230.52000427246094,230.52000427246094
2017-12-28,229.74000549316406,229.74000549316406
2017-12-29,229.36000061035156,229.36000061035156
2018-01-02,228.5399932861328,228.5399932861328
2018-01-03,229.11000061035156,229.11000061035156
2018-01-04,229.38999938964844,229.38999938964844
2018-01-05,229.4600067138672,229.4600067138672
2018-01-08,229.72000122070312,229.72000122070312
2018-01-09,229.25,229.25
2018-01-10,229.0,229.0
2018-01-11,228.4199981689453,228.4199981689453
2018-01-12,229.11000061035156,229.11000061035156
2018-01-15,228.75999450683594,228.75999450683594
2018-01-16,229.1999969482422,229.1999969482422
2018-01-17,229.1300048828125,229.1300048828125
2018-01-18,229.2100067138672,229.2100067138672
2018-01-19,229.6300048828125,229.6300048828125
2018-01-22,229.64999389648438,229.64999389648438
2018-01-23,229.75999450683594,229.75999450683594
2018-01-24,229.52999877929688,229.52999877929688
2018-01-25,229.13999938964844,229.13999938964844
2018-01-26,228.97999572753906,228.97999572753906
2018-01-29,228.30999755859375,228.30999755859375
2018-01-30,228.2899932861328,228.2899932861328
2018-01-31,228.3800048828125,228.3800048828125
2018-02-01,228.8000030517578,228.8000030517578
2018-02-02,227.9499969482422,227.9499969482422
2018-02-05,227.9600067138672,227.9600067138672
2018-02-06,228.52000427246094,228.52000427246094
2018-02-07,228.63999938964844,228.63999938964844
2018-02-08,228.1699981689453,228.1699981689453
2018-02-09,228.14999389648438,228.14999389648438
2018-02-12,228.17999267578125,228.17999267578125
2018-02-13,227.7899932861328,227.7899932861328
2018-02-14,227.67999267578125,227.67999267578125
2018-02-15,227.66000366210938,227.66000366210938
2018-02-16,228.55999755859375,228.55999755859375
2018-02-19,227.8699951171875,227.8699951171875
2018-02-20,227.47999572753906,227.47999572753906
2018-02-21,227.6699981689453,227.6699981689453
2018-02-22,227.91000366210938,227.91000366210938
2018-02-23,228.39999389648438,228.39999389648438
2018-02-26,228.77999877929688,228.77999877929688
2018-02-27,228.42999267578125,228.42999267578125
2018-02-28,229.2100067138672,229.2100067138672
2018-03-01,229.22999572753906,229.22999572753906
2018-03-02,229.02999877929688,229.02999877929688
2018-03-05,229.22000122070312,229.22000122070312
2018-03-06,228.77999877929688,228.77999877929688
2018-03-07,229.1999969482422,229.1999969482422
2018-03-08,229.77999877929688,229.77999877929688
2018-03-09,229.41000366210938,229.41000366210938
2018-03-12,229.75999450683594,229.75999450683594
2018-03-13,229.80999755859375,229.80999755859375
2018-03-14,229.99000549316406,229.99000549316406
2018-03-15,230.3800048828125,230.3800048828125
2018-03-16,230.47999572753906,230.47999572753906
2018-03-19,230.58999633789062,230.58999633789062
2018-03-20,230.89999389648438,230.89999389648438
2018-03-21,230.6999969482422,230.6999969482422
2018-03-22,231.4499969482422,231.4499969482422
2018-03-23,231.6300048828125,231.6300048828125
2018-03-26,231.4600067138672,231.4600067138672
2018-03-27,231.94000244140625,231.94000244140625
2018-03-28,232.07000732421875,232.07000732421875
2018-03-29,232.5800018310547,232.5800018310547
2018-04-03,232.27999877929688,232.27999877929688
2018-04-04,232.6300048828125,232.6300048828125
2018-04-05,232.02000427246094,232.02000427246094
2018-04-06,232.22999572753906,232.22999572753906
2018-04-09,232.05999755859375,232.05999755859375
2018-04-10,232.3000030517578,232.3000030517578
2018-04-11,232.10000610351562,232.10000610351562
2018-04-12,231.89999389648438,231.89999389648438
2018-04-13,232.0500030517578,232.0500030517578
2018-04-16,231.80999755859375,231.80999755859375
2018-04-17,232.36000061035156,232.36000061035156
2018-04-18,232.22999572753906,232.22999572753906
2018-04-19,231.5,231.5
2018-04-20,231.44000244140625,231.44000244140625
2018-04-23,231.4199981689453,231.4199981689453
2018-04-24,231.0500030517578,231.0500030517578
2018-04-25,230.97999572753906,230.97999572753906
2018-04-26,231.5500030517578,231.5500030517578
2018-04-27,231.80999755859375,231.80999755859375
2018-04-30,231.6999969482422,231.6999969482422
2018-05-02,231.47999572753906,231.47999572753906
2018-05-03,232.00999450683594,232.00999450683594
2018-05-04,231.5800018310547,231.5800018310547
2018-05-07,231.88999938964844,231.88999938964844
2018-05-08,231.0399932861328,231.0399932861328
2018-05-09,231.11000061035156,231.11000061035156
2018-05-10,231.0399932861328,231.0399932861328
2018-05-11,231.2899932861328,231.2899932861328
2018-05-14,230.64999389648438,230.64999389648438
2018-05-15,230.10000610351562,230.10000610351562
2018-05-16,229.55999755859375,229.55999755859375
2018-05-17,229.35000610351562,229.35000610351562
2018-05-18,229.2899932861328,229.2899932861328
2018-05-21,229.2899932861328,229.2899932861328
2018-05-22,228.9499969482422,228.9499969482422
2018-05-23,228.9499969482422,228.9499969482422
2018-05-24,229.55999755859375,229.55999755859375
2018-05-25,229.47000122070312,229.47000122070312
2018-05-28,228.9199981689453,228.9199981689453
2018-05-29,227.0500030517578,227.0500030517578
2018-05-30,227.3699951171875,227.3699951171875
2018-05-31,228.64999389648438,228.64999389648438
2018-06-01,229.0,229.0
2018-06-04,229.49000549316406,229.49000549316406
2018-06-05,229.16000366210938,229.16000366210938
2018-06-06,227.25,227.25
2018-06-07,226.82000732421875,226.82000732421875
2018-06-08,226.64999389648438,226.64999389648438
2018-06-11,227.5500030517578,227.5500030517578
2018-06-12,227.44000244140625,227.44000244140625
2018-06-13,227.77999877929688,227.77999877929688
2018-06-14,228.74000549316406,228.74000549316406
2018-06-15,229.58999633789062,229.58999633789062
2018-06-18,229.80499267578125,229.80499267578125
2018-06-19,230.13999938964844,230.13999938964844
2018-06-20,230.47000122070312,230.47000122070312
2018-06-21,229.3000030517578,229.3000030517578
2018-06-22,229.27999877929688,229.27999877929688
2018-06-25,228.60000610351562,228.60000610351562
2018-06-26,228.39999389648438,228.39999389648438
2018-06-27,229.30999755859375,229.30999755859375
2018-06-28,229.5399932861328,229.5399932861328
2018-06-29,230.42999267578125,230.42999267578125
2018-07-02,230.66000366210938,230.66000366210938
2018-07-03,230.89999389648438,230.89999389648438
2018-07-04,230.9600067138672,230.9600067138672
2018-07-05,230.6999969482422,230.6999969482422
2018-07-06,230.48500061035156,230.48500061035156
2018-07-09,230.7899932861328,230.7899932861328
2018-07-10,230.47999572753906,230.47999572753906
2018-07-11,230.4149932861328,230.4149932861328
2018-07-12,230.69000244140625,230.69000244140625
2018-07-13,231.02499389648438,231.02499389648438
2018-07-16,230.85000610351562,230.85000610351562
2018-07-17,231.47000122070312,231.47000122070312
2018-07-18,231.24000549316406,231.24000549316406
2018-07-19,231.27000427246094,231.27000427246094
2018-07-20,230.6199951171875,230.6199951171875
2018-07-23,230.2899932861328,230.2899932861328
2018-07-24,230.1199951171875,230.1199951171875
2018-07-25,230.22000122070312,230.22000122070312
2018-07-26,230.1999969482422,230.1999969482422
2018-07-27,229.9199981689453,229.9199981689453
2018-07-30,229.14999389648438,229.14999389648438
2018-07-31,229.4499969482422,229.4499969482422
2018-08-01,228.80999755859375,228.80999755859375
2018-08-02,228.47000122070312,228.47000122070312
2018-08-03,228.8699951171875,228.8699951171875
2018-08-06,229.38999938964844,229.38999938964844
2018-08-07,229.27000427246094,229.27000427246094
2018-08-08,229.17999267578125,229.17999267578125
2018-08-09,229.3800048828125,229.3800048828125
2018-08-10,229.60000610351562,229.60000610351562
2018-08-13,228.75999450683594,228.75999450683594
2018-08-14,229.08999633789062,229.08999633789062
2018-08-15,228.8800048828125,228.8800048828125
2018-08-16,228.9600067138672,228.9600067138672
2018-08-17,229.07000732421875,229.07000732421875
2018-08-20,229.57000732421875,229.57000732421875
2018-08-21,229.6300048828125,229.6300048828125
2018-08-22,229.22000122070312,229.22000122070312
2018-08-23,229.1199951171875,229.1199951171875
2018-08-24,228.9499969482422,228.9499969482422
2018-08-27,228.49000549316406,228.49000549316406
2018-08-28,228.3000030517578,228.3000030517578
2018-08-29,228.07000732421875,228.07000732421875
2018-08-30,228.44000244140625,228.44000244140625
2018-08-31,228.38999938964844,228.38999938964844
2018-09-03,228.35000610351562,228.35000610351562
2018-09-04,228.8699951171875,228.8699951171875
2018-09-05,229.00999450683594,229.00999450683594
2018-09-06,229.24000549316406,229.24000549316406
2018-09-07,229.05999755859375,229.05999755859375
2018-09-10,229.5,229.5
2018-09-11,229.1300048828125,229.1300048828125
2018-09-12,229.25999450683594,229.25999450683594
2018-09-13,229.17999267578125,229.17999267578125
2018-09-14,228.72999572753906,228.72999572753906
2018-09-17,229.0399932861328,229.0399932861328
2018-09-18,229.10000610351562,229.10000610351562
2018-09-19,228.7899932861328,228.7899932861328
2018-09-20,228.64999389648438,228.64999389648438
2018-09-21,229.1199951171875,229.1199951171875
2018-09-24,228.25,228.25
2018-09-25,228.14999389648438,228.14999389648438
2018-09-26,228.52000427246094,228.52000427246094
2018-09-27,228.39999389648438,228.39999389648438
2018-09-28,227.77000427246094,227.77000427246094
2018-10-01,227.1999969482422,227.1999969482422
2018-10-02,227.25,227.25
2018-10-04,226.66000366210938,226.66000366210938
2018-10-05,226.0399932861328,226.0399932861328
2018-10-08,225.6999969482422,225.6999969482422
2018-10-09,225.77000427246094,225.77000427246094
2018-10-10,225.69000244140625,225.69000244140625
2018-10-11,225.55999755859375,225.55999755859375
2018-10-12,225.63999938964844,225.63999938964844
2018-10-15,225.6999969482422,225.6999969482422
2018-10-16,226.4199981689453,226.4199981689453
2018-10-17,226.44000244140625,226.44000244140625
2018-10-18,225.94000244140625,225.94000244140625
2018-10-19,226.0500030517578,226.0500030517578
2018-10-22,226.52999877929688,226.52999877929688
2018-10-23,226.6699981689453,226.6699981689453
2018-10-24,226.7100067138672,226.7100067138672
2018-10-25,227.1699981689453,227.1699981689453
2018-10-26,227.69000244140625,227.69000244140625
2018-10-29,227.99000549316406,227.99000549316406
2018-10-30,227.58999633789062,227.58999633789062
2018-10-31,227.85000610351562,227.85000610351562
2018-11-01,227.86000061035156,227.86000061035156
2018-11-02,227.6699981689453,227.6699981689453
2018-11-05,227.72999572753906,227.72999572753906
2018-11-06,227.50999450683594,227.50999450683594
2018-11-07,227.47999572753906,227.47999572753906
2018-11-08,227.17999267578125,227.17999267578125
2018-11-09,227.4600067138672,227.4600067138672
2018-11-12,227.4600067138672,227.4600067138672
2018-11-13,227.25999450683594,227.25999450683594
2018-11-14,227.00999450683594,227.00999450683594
2018-11-15,227.3000030517578,227.3000030517578
2018-11-16,227.16000366210938,227.16000366210938
2018-11-19,226.69000244140625,226.69000244140625
2018-11-20,226.83999633789062,226.83999633789062
2018-11-21,227.22000122070312,227.22000122070312
2018-11-22,227.5,227.5
2018-11-23,227.85000610351562,227.85000610351562
2018-11-26,228.25999450683594,228.25999450683594
2018-11-27,228.3000030517578,228.3000030517578
2018-11-28,228.42999267578125,228.42999267578125
2018-11-29,229.00999450683594,229.00999450683594
2018-11-30,229.1699981689453,229.1699981689453
2018-12-03,229.33999633789062,229.33999633789062
2018-12-04,229.77999877929688,229.77999877929688
2018-12-05,229.92999267578125,229.92999267578125
2018-12-06,230.1699981689453,230.1699981689453
2018-12-07,229.83999633789062,229.83999633789062
2018-12-10,230.1999969482422,230.1999969482422
2018-12-11,230.2100067138672,230.2100067138672
2018-12-12,230.4600067138672,230.4600067138672
2018-12-13,230.25,230.25
2018-12-14,230.52000427246094,230.52000427246094
2018-12-17,230.38999938964844,230.38999938964844
2018-12-18,230.82000732421875,230.82000732421875
2018-12-19,231.19000244140625,231.19000244140625
2018-12-20,231.5399932861328,231.5399932861328
2018-12-21,230.97000122070312,230.97000122070312
2018-12-27,232.02999877929688,232.02999877929688
2018-12-28,231.47000122070312,231.47000122070312
2019-01-02,231.83999633789062,231.83999633789062
2019-01-03,231.4499969482422,231.4499969482422
2019-01-04,230.8699951171875,230.8699951171875
2019-01-07,230.5500030517578,230.5500030517578
2019-01-08,230.22000122070312,230.22000122070312
2019-01-09,230.6300048828125,230.6300048828125
2019-01-10,230.9499969482422,230.9499969482422
2019-01-11,231.2899932861328,231.2899932861328
2019-01-14,231.5500030517578,231.5500030517578
2019-01-15,231.75,231.75
2019-01-16,231.9600067138672,231.9600067138672
2019-01-17,231.94000244140625,231.94000244140625
2019-01-18,231.8300018310547,231.8300018310547
2019-01-21,231.77000427246094,231.77000427246094
2019-01-22,231.9600067138672,231.9600067138672
2019-01-23,232.25,232.25
2019-01-24,233.0800018310547,233.0800018310547
2019-01-25,233.02999877929688,233.02999877929688
2019-01-28,233.11000061035156,233.11000061035156
2019-01-29,232.85000610351562,232.85000610351562
2019-01-30,233.0399932861328,233.0399932861328
2019-01-31,234.02000427246094,234.02000427246094
2019-02-01,233.0399932861328,233.0399932861328
2019-02-04,232.82000732421875,232.82000732421875
2019-02-05,232.80999755859375,232.80999755859375
2019-02-06,232.47999572753906,232.47999572753906
2019-02-07,232.47000122070312,232.47000122070312
2019-02-08,232.49000549316406,232.49000549316406
2019-02-11,232.60000610351562,232.60000610351562
2019-02-12,232.74000549316406,232.74000549316406
2019-02-13,233.0800018310547,233.0800018310547
2019-02-14,233.08999633789062,233.08999633789062
2019-02-15,233.19000244140625,233.19000244140625
2019-02-18,233.1300048828125,233.1300048828125
2019-02-19,233.3699951171875,233.3699951171875
2019-02-20,233.14999389648438,233.14999389648438
2019-02-21,233.05999755859375,233.05999755859375
2019-02-22,233.2899932861328,233.2899932861328
2019-02-25,233.4199981689453,233.4199981689453
2019-02-26,233.4499969482422,233.4499969482422
2019-02-27,233.02999877929688,233.02999877929688
2019-02-28,232.58999633789062,232.58999633789062
2019-03-01,232.75999450683594,232.75999450683594
2019-03-04,233.10000610351562,233.10000610351562
2019-03-05,233.07000732421875,233.07000732421875
2019-03-06,234.00999450683594,234.00999450683594
2019-03-07,235.32000732421875,235.32000732421875
2019-03-08,234.99000549316406,234.99000549316406
2019-03-11,234.83999633789062,234.83999633789062
2019-03-12,234.89999389648438,234.89999389648438
2019-03-13,234.74000549316406,234.74000549316406
2019-03-14,234.94000244140625,234.94000244140625
2019-03-15,235.02999877929688,235.02999877929688
2019-03-18,235.4600067138672,235.4600067138672
2019-03-19,235.00999450683594,235.00999450683594
2019-03-20,234.9600067138672,234.9600067138672
2019-03-21,235.89999389648438,235.89999389648438
2019-03-22,236.8699951171875,236.8699951171875
2019-03-25,236.4600067138672,236.4600067138672
2019-03-26,236.8000030517578,236.8000030517578
2019-03-27,237.60000610351562,237.60000610351562
2019-03-28,237.13999938964844,237.13999938964844
2019-03-29,236.92999267578125,236.92999267578125
2019-04-01,236.44000244140625,236.44000244140625
2019-04-02,236.52000427246094,236.52000427246094
2019-04-03,235.77000427246094,235.77000427246094
2019-04-04,236.32000732421875,236.32000732421875
2019-04-05,236.33999633789062,236.33999633789062
2019-04-08,236.5800018310547,236.5800018310547
2019-04-09,236.8800048828125,236.8800048828125
2019-04-10,237.1699981689453,237.1699981689453
2019-04-11,237.0,237.0
2019-04-12,236.3800048828125,236.3800048828125
2019-04-15,235.97000122070312,235.97000122070312
2019-04-16,235.91000366210938,235.91000366210938
2019-04-17,235.66000366210938,235.66000366210938
2019-04-18,236.4199981689453,236.4199981689453
2019-04-23,235.86000061035156,235.86000061035156
2019-04-24,236.72999572753906,236.72999572753906
2019-04-25,236.0800018310547,236.0800018310547
2019-04-26,236.75999450683594,236.75999450683594
2019-04-29,236.77000427246094,236.77000427246094
2019-04-30,236.97999572753906,236.97999572753906
2019-05-02,236.64999389648438,236.64999389648438
2019-05-03,237.13999938964844,237.13999938964844
2019-05-06,237.10000610351562,237.10000610351562
2019-05-07,237.35000610351562,237.35000610351562
2019-05-08,237.17999267578125,237.17999267578125
2019-05-09,236.91000366210938,236.91000366210938
2019-05-10,236.72999572753906,236.72999572753906
2019-05-13,236.99000549316406,236.99000549316406
2019-05-14,236.97000122070312,236.97000122070312
2019-05-15,237.27000427246094,237.27000427246094
2019-05-16,237.8000030517578,237.8000030517578
2019-05-17,237.99000549316406,237.99000549316406
2019-05-20,237.5,237.5
2019-05-21,237.24000549316406,237.24000549316406
2019-05-22,237.66000366210938,237.66000366210938
2019-05-23,237.97000122070312,237.97000122070312
2019-05-24,238.30999755859375,238.30999755859375
2019-05-27,238.3300018310547,238.3300018310547
2019-05-28,238.3699951171875,238.3699951171875
2019-05-29,239.00999450683594,239.00999450683594
2019-05-30,238.85000610351562,238.85000610351562
2019-05-31,239.36000061035156,239.36000061035156
2019-06-03,239.9499969482422,239.9499969482422
2019-06-04,240.32000732421875,240.32000732421875
2019-06-05,240.77000427246094,240.77000427246094
2019-06-06,241.25999450683594,241.25999450683594
2019-06-07,242.42999267578125,242.42999267578125
2019-06-11,241.94000244140625,241.94000244140625
2019-06-12,241.4600067138672,241.4600067138672
2019-06-13,241.80999755859375,241.80999755859375
2019-06-14,242.44000244140625,242.44000244140625
2019-06-17,242.4199981689453,242.4199981689453
2019-06-18,244.41000366210938,244.41000366210938
2019-06-19,243.91000366210938,243.91000366210938
2019-06-20,244.58999633789062,244.58999633789062
2019-06-21,243.8699951171875,243.8699951171875
2019-06-24,244.30999755859375,244.30999755859375
2019-06-25,244.77000427246094,244.77000427246094
2019-06-26,244.5,244.5
2019-06-27,244.66000366210938,244.66000366210938
2019-06-28,244.86000061035156,244.86000061035156
2019-07-01,245.83999633789062,245.83999633789062
2019-07-02,246.33999633789062,246.33999633789062
2019-07-03,248.07000732421875,248.07000732421875
2019-07-04,248.00999450683594,248.00999450683594
2019-07-05,246.9199981689453,246.9199981689453
2019-07-08,246.58999633789062,246.58999633789062
2019-07-09,246.44000244140625,246.44000244140625
2019-07-10,245.9600067138672,245.9600067138672
2019-07-11,245.19000244140625,245.19000244140625
2019-07-12,244.50999450683594,244.50999450683594
2019-07-15,245.5800018310547,245.5800018310547
2019-07-16,245.9199981689453,245.9199981689453
2019-07-17,246.6300048828125,246.6300048828125
2019-07-18,247.19000244140625,247.19000244140625
2019-07-19,247.02000427246094,247.02000427246094
2019-07-22,246.9600067138672,246.9600067138672
2019-07-23,247.22000122070312,247.22000122070312
2019-07-24,248.08999633789062,248.08999633789062
2019-07-25,247.6999969482422,247.6999969482422
2019-07-26,247.69000244140625,247.69000244140625
2019-07-29,247.94000244140625,247.94000244140625
2019-07-30,247.97999572753906,247.97999572753906
2019-07-31,249.07000732421875,249.07000732421875
2019-08-01,249.08999633789062,249.08999633789062
2019-08-02,249.89999389648438,249.89999389648438
2019-08-05,250.3000030517578,250.3000030517578
2019-08-06,250.72000122070312,250.72000122070312
2019-08-07,252.2899932861328,252.2899932861328
2019-08-08,251.00999450683594,251.00999450683594
2019-08-09,249.92999267578125,249.92999267578125
2019-08-12,250.5800018310547,250.5800018310547
2019-08-13,251.39999389648438,251.39999389648438
2019-08-14,252.60000610351562,252.60000610351562
2019-08-15,254.47000122070312,254.47000122070312
2019-08-16,253.6999969482422,253.6999969482422
2019-08-19,252.7899932861328,252.7899932861328
2019-08-20,253.5500030517578,253.5500030517578
2019-08-21,253.36000061035156,253.36000061035156
2019-08-22,252.80999755859375,252.80999755859375
2019-08-23,253.0399932861328,253.0399932861328
2019-08-26,253.11000061035156,253.11000061035156
2019-08-27,254.57000732421875,254.57000732421875
2019-08-28,255.5800018310547,255.5800018310547
2019-08-29,255.30999755859375,255.30999755859375
2019-08-30,255.22999572753906,255.22999572753906
2019-09-02,254.9600067138672,254.9600067138672
2019-09-03,255.77999877929688,255.77999877929688
2019-09-04,255.22000122070312,255.22000122070312
2019-09-05,253.13999938964844,253.13999938964844
2019-09-06,254.19000244140625,254.19000244140625
2019-09-09,252.75,252.75
2019-09-10,252.0500030517578,252.0500030517578
2019-09-11,252.50999450683594,252.50999450683594
2019-09-12,252.32000732421875,252.32000732421875
2019-09-13,251.25999450683594,251.25999450683594
2019-09-16,251.7899932861328,251.7899932861328
2019-09-17,251.39999389648438,251.39999389648438
2019-09-18,252.5500030517578,252.5500030517578
2019-09-19,252.3300018310547,252.3300018310547
2019-09-20,252.41000366210938,252.41000366210938
2019-09-23,253.91000366210938,253.91000366210938
2019-09-24,254.3699951171875,254.3699951171875
2019-09-25,254.1199951171875,254.1199951171875
2019-09-26,254.30999755859375,254.30999755859375
2019-09-27,254.1699981689453,254.1699981689453
2019-09-30,254.02999877929688,254.02999877929688
2019-10-01,253.6199951171875,253.6199951171875
2019-10-02,253.13999938964844,253.13999938964844
2019-10-04,253.75,253.75
2019-10-07,253.55999755859375,253.55999755859375
2019-10-08,253.91000366210938,253.91000366210938
2019-10-09,253.2899932861328,253.2899932861328
2019-10-10,251.9499969482422,251.9499969482422
2019-10-11,251.5500030517578,251.5500030517578
2019-10-14,251.89999389648438,251.89999389648438
2019-10-15,251.50999450683594,251.50999450683594
2019-10-16,251.0,251.0
2019-10-17,251.58999633789062,251.58999633789062
2019-10-18,250.9499969482422,250.9499969482422
2019-10-21,250.05999755859375,250.05999755859375
2019-10-22,250.66000366210938,250.66000366210938
2019-10-23,251.1699981689453,251.1699981689453
2019-10-24,251.38999938964844,251.38999938964844
2019-10-25,250.6999969482422,250.6999969482422
2019-10-28,249.74000549316406,249.74000549316406
2019-10-29,250.0399932861328,250.0399932861328
2019-10-30,250.17999267578125,250.17999267578125
2019-10-31,251.22999572753906,251.22999572753906
2019-11-01,250.3800048828125,250.3800048828125
2019-11-04,249.83999633789062,249.83999633789062
2019-11-05,249.4199981689453,249.4199981689453
2019-11-06,249.6199951171875,249.6199951171875
2019-11-07,248.10000610351562,248.10000610351562
2019-11-08,248.33999633789062,248.33999633789062
2019-11-11,247.52000427246094,247.52000427246094
2019-11-12,247.5500030517578,247.5500030517578
2019-11-13,248.10000610351562,248.10000610351562
2019-11-14,248.2100067138672,248.2100067138672
2019-11-15,248.52000427246094,248.52000427246094
2019-11-18,248.82000732421875,248.82000732421875
2019-11-19,248.5800018310547,248.5800018310547
2019-11-20,248.86000061035156,248.86000061035156
2019-11-21,248.3300018310547,248.3300018310547
2019-11-22,248.97999572753906,248.97999572753906
2019-11-25,248.89999389648438,248.89999389648438
2019-11-26,249.30999755859375,249.30999755859375
2019-11-27,249.1199951171875,249.1199951171875
2019-11-28,249.0800018310547,249.0800018310547
2019-11-29,248.8800048828125,248.8800048828125
2019-12-02,247.3000030517578,247.3000030517578
2019-12-03,248.8699951171875,248.8699951171875
2019-12-04,248.24000549316406,248.24000549316406
2019-12-05,247.38999938964844,247.38999938964844
2019-12-06,247.4499969482422,247.4499969482422
2019-12-09,247.97000122070312,247.97000122070312
2019-12-10,247.92999267578125,247.92999267578125
2019-12-11,248.42999267578125,248.42999267578125
2019-12-12,247.75999450683594,247.75999450683594
2019-12-13,248.5800018310547,248.5800018310547
2019-12-16,248.22999572753906,248.22999572753906
2019-12-17,248.6199951171875,248.6199951171875
2019-12-18,247.72000122070312,247.72000122070312
2019-12-19,247.41000366210938,247.41000366210938
2019-12-20,247.44000244140625,247.44000244140625
2019-12-23,247.2899932861328,247.2899932861328
2019-12-27,247.66000366210938,247.66000366210938
2019-12-30,246.80999755859375,246.80999755859375
2020-01-02,246.9199981689453,246.9199981689453
2020-01-03,248.0,248.0
2020-01-06,247.88999938964844,247.88999938964844
2020-01-07,247.91000366210938,247.91000366210938
2020-01-08,247.5399932861328,247.5399932861328
2020-01-09,247.1300048828125,247.1300048828125
2020-01-10,247.5399932861328,247.5399932861328
2020-01-13,246.50999450683594,246.50999450683594
2020-01-14,246.6199951171875,246.6199951171875
2020-01-15,247.14999389648438,247.14999389648438
2020-01-16,246.9499969482422,246.9499969482422
2020-01-17,247.17999267578125,247.17999267578125
2020-01-20,247.27000427246094,247.27000427246094
2020-01-21,247.77999877929688,247.77999877929688
2020-01-22,248.08999633789062,248.08999633789062
2020-01-23,249.1199951171875,249.1199951171875
2020-01-24,249.4499969482422,249.4499969482422
2020-01-27,251.11000061035156,251.11000061035156
2020-01-28,250.72000122070312,250.72000122070312
2020-01-29,251.27999877929688,251.27999877929688
2020-01-30,251.9600067138672,251.9600067138672
2020-01-31,252.4199981689453,252.4199981689453
2020-02-03,252.1300048828125,252.1300048828125
2020-02-04,251.86000061035156,251.86000061035156
2020-02-05,251.24000549316406,251.24000549316406
2020-02-06,251.0399932861328,251.0399932861328
2020-02-07,251.6300048828125,251.6300048828125
2020-02-10,252.11000061035156,252.11000061035156
2020-02-11,251.69000244140625,251.69000244140625
2020-02-12,251.9199981689453,251.9199981689453
2020-02-13,252.10000610351562,252.10000610351562
2020-02-14,252.19000244140625,252.19000244140625
2020-02-17,252.14999389648438,252.14999389648438
2020-02-18,252.2100067138672,252.2100067138672
2020-02-19,252.4199981689453,252.4199981689453
2020-02-20,253.30999755859375,253.30999755859375
2020-02-21,253.27000427246094,253.27000427246094
2020-02-24,253.42999267578125,253.42999267578125
2020-02-25,253.74000549316406,253.74000549316406
2020-02-26,253.27999877929688,253.27999877929688
2020-02-27,253.32000732421875,253.32000732421875
2020-02-28,253.5,253.5
2020-03-02,253.88999938964844,253.88999938964844
2020-03-03,255.5399932861328,255.5399932861328
2020-03-04,255.0800018310547,255.0800018310547
2020-03-05,255.22999572753906,255.22999572753906
2020-03-06,255.33999633789062,255.33999633789062
2020-03-09,254.66000366210938,254.66000366210938
2020-03-10,254.77000427246094,254.77000427246094
2020-03-11,255.83999633789062,255.83999633789062
2020-03-12,244.47000122070312,244.47000122070312
2020-03-13,248.8800048828125,248.8800048828125
2020-03-16,240.32000732421875,240.32000732421875
2020-03-17,244.0,244.0
2020-03-18,240.0,240.0
2020-03-19,240.5800018310547,240.5800018310547
2020-03-20,245.1199951171875,245.1199951171875
2020-03-23,245.86000061035156,245.86000061035156
2020-03-24,243.83999633789062,243.83999633789062
2020-03-25,243.75,243.75
2020-03-26,246.57000732421875,246.57000732421875
2020-03-27,249.39999389648438,249.39999389648438
2020-03-30,249.1699981689453,249.1699981689453
2020-03-31,247.8300018310547,247.8300018310547
2020-04-01,247.5399932861328,247.5399932861328
2020-04-02,247.0500030517578,247.0500030517578
2020-04-03,246.7899932861328,246.7899932861328
2020-04-06,246.72000122070312,246.72000122070312
2020-04-07,244.05999755859375,244.05999755859375
2020-04-08,244.8699951171875,244.8699951171875
2020-04-09,244.75999450683594,244.75999450683594
2020-04-14,244.92999267578125,244.92999267578125
2020-04-15,244.57000732421875,244.57000732421875
2020-04-16,246.2899932861328,246.2899932861328
2020-04-17,245.0500030517578,245.0500030517578
2020-04-20,245.14999389648438,245.14999389648438
2020-04-21,244.1699981689453,244.1699981689453
2020-04-22,242.2100067138672,242.2100067138672
2020-04-23,242.0,242.0
2020-04-24,245.60000610351562,245.60000610351562
2020-04-27,245.52000427246094,245.52000427246094
2020-04-28,246.8699951171875,246.8699951171875
2020-04-29,246.32000732421875,246.32000732421875
2020-04-30,247.61000061035156,247.61000061035156
2020-05-04,248.0,248.0
2020-05-05,246.97999572753906,246.97999572753906
2020-05-06,246.22000122070312,246.22000122070312
2020-05-07,246.39999389648438,246.39999389648438
2020-05-08,247.0500030517578,247.0500030517578
2020-05-11,246.05999755859375,246.05999755859375
2020-05-12,246.47999572753906,246.47999572753906
2020-05-13,246.67999267578125,246.67999267578125
2020-05-14,247.3300018310547,247.3300018310547
2020-05-15,246.4600067138672,246.4600067138672
2020-05-18,246.36000061035156,246.36000061035156
2020-05-19,247.0500030517578,247.0500030517578
2020-05-20,247.6999969482422,247.6999969482422
2020-05-21,247.57000732421875,247.57000732421875
2020-05-22,247.7100067138672,247.7100067138672
2020-05-25,247.75,247.75
2020-05-26,247.27999877929688,247.27999877929688
2020-05-27,247.74000549316406,247.74000549316406
2020-05-28,248.66000366210938,248.66000366210938
2020-05-29,248.85000610351562,248.85000610351562
2020-06-02,248.35000610351562,248.35000610351562
2020-06-03,247.33999633789062,247.33999633789062
2020-06-04,247.5500030517578,247.5500030517578
2020-06-05,246.9199981689453,246.9199981689453
2020-06-08,247.97000122070312,247.97000122070312
2020-06-09,247.41000366210938,247.41000366210938
2020-06-10,247.14999389648438,247.14999389648438
2020-06-11,248.32000732421875,248.32000732421875
2020-06-12,248.9600067138672,248.9600067138672
2020-06-15,249.10000610351562,249.10000610351562
2020-06-16,249.24000549316406,249.24000549316406
2020-06-17,249.3699951171875,249.3699951171875
2020-06-18,250.1300048828125,250.1300048828125
2020-06-19,250.3699951171875,250.3699951171875
2020-06-22,250.97999572753906,250.97999572753906
2020-06-23,250.3300018310547,250.3300018310547
2020-06-24,250.88999938964844,250.88999938964844
2020-06-25,251.14999389648438,251.14999389648438
2020-06-26,251.3000030517578,251.3000030517578
2020-06-29,251.0800018310547,251.0800018310547
2020-06-30,251.22000122070312,251.22000122070312
2020-07-01,250.22999572753906,250.22999572753906
2020-07-02,251.16000366210938,251.16000366210938
2020-07-03,251.05999755859375,251.05999755859375
2020-07-06,251.0399932861328,251.0399932861328
2020-07-07,251.42999267578125,251.42999267578125
2020-07-08,251.7100067138672,251.7100067138672
2020-07-09,251.82000732421875,251.82000732421875
2020-07-10,252.1199951171875,252.1199951171875
2020-07-13,251.1199951171875,251.1199951171875
2020-07-14,251.69000244140625,251.69000244140625
2020-07-15,251.88999938964844,251.88999938964844
2020-07-16,252.08999633789062,252.08999633789062
2020-07-17,251.97000122070312,251.97000122070312
2020-07-20,252.47000122070312,252.47000122070312
2020-07-21,252.82000732421875,252.82000732421875
2020-07-22,253.47000122070312,253.47000122070312
2020-07-23,253.6300048828125,253.6300048828125
2020-07-24,252.66000366210938,252.66000366210938
2020-07-27,253.33999633789062,253.33999633789062
2020-07-28,253.72000122070312,253.72000122070312
2020-07-29,253.22999572753906,253.22999572753906
2020-07-30,254.08999633789062,254.08999633789062
2020-07-31,253.94000244140625,253.94000244140625
2020-08-03,253.7100067138672,253.7100067138672
2020-08-04,254.8300018310547,254.8300018310547
2020-08-05,254.10000610351562,254.10000610351562
2020-08-06,254.50999450683594,254.50999450683594
2020-08-07,254.5,254.5
2020-08-10,254.86000061035156,254.86000061035156
2020-08-11,253.9600067138672,253.9600067138672
2020-08-12,253.5800018310547,253.5800018310547
2020-08-13,252.5500030517578,252.5500030517578
2020-08-14,252.7899932861328,252.7899932861328
2020-08-17,253.52999877929688,253.52999877929688
2020-08-18,253.47000122070312,253.47000122070312
2020-08-19,254.11000061035156,254.11000061035156
2020-08-20,254.3699951171875,254.3699951171875
2020-08-21,254.0800018310547,254.0800018310547
2020-08-24,254.14999389648438,254.14999389648438
2020-08-25,252.3800048828125,252.3800048828125
2020-08-26,252.5800018310547,252.5800018310547
2020-08-27,252.27999877929688,252.27999877929688
2020-08-28,251.9199981689453,251.9199981689453
2020-08-31,251.77999877929688,251.77999877929688
2020-09-01,252.00999450683594,252.00999450683594
2020-09-02,253.7100067138672,253.7100067138672
2020-09-03,253.86000061035156,253.86000061035156
2020-09-04,253.08999633789062,253.08999633789062
2020-09-07,252.9600067138672,252.9600067138672
2020-09-08,253.1999969482422,253.1999969482422
2020-09-09,252.85000610351562,252.85000610351562
2020-09-10,252.72000122070312,252.72000122070312
2020-09-11,253.58999633789062,253.58999633789062
2020-09-14,254.02000427246094,254.02000427246094
2020-09-15,254.13999938964844,254.13999938964844
2020-09-16,254.47999572753906,254.47999572753906
2020-09-17,254.39999389648438,254.39999389648438
2020-09-18,254.5,254.5
2020-09-21,255.0,255.0
2020-09-22,254.97999572753906,254.97999572753906
2020-09-23,255.11000061035156,255.11000061035156
2020-09-24,254.8699951171875,254.8699951171875
2020-09-25,255.32000732421875,255.32000732421875
2020-09-28,255.39999389648438,255.39999389648438
2020-09-29,255.6199951171875,255.6199951171875
2020-09-30,255.1199951171875,255.1199951171875
2020-10-01,255.38999938964844,255.38999938964844
2020-10-02,255.9499969482422,255.9499969482422
2020-10-05,255.55999755859375,255.55999755859375
2020-10-06,255.63999938964844,255.63999938964844
2020-10-07,255.44000244140625,255.44000244140625
2020-10-08,256.1700134277344,256.1700134277344
2020-10-09,256.510009765625,256.510009765625
2020-10-12,257.0199890136719,257.0199890136719
2020-10-13,257.239990234375,257.239990234375
2020-10-14,257.2699890136719,257.2699890136719
2020-10-15,257.5199890136719,257.5199890136719
2020-10-16,258.07000732421875,258.07000732421875
2020-10-19,257.6000061035156,257.6000061035156
2020-10-20,257.05999755859375,257.05999755859375
2020-10-21,256.6499938964844,256.6499938964844
2020-10-22,256.0899963378906,256.0899963378906
2020-10-23,256.5899963378906,256.5899963378906
2020-10-26,256.739990234375,256.739990234375
2020-10-27,257.3500061035156,257.3500061035156
2020-10-28,257.5199890136719,257.5199890136719
2020-10-29,257.79998779296875,257.79998779296875
2020-10-30,257.6099853515625,257.6099853515625
2020-11-02,257.9800109863281,257.9800109863281
2020-11-03,257.9599914550781,257.9599914550781
2020-11-04,258.30999755859375,258.30999755859375
2020-11-05,258.30999755859375,258.30999755859375
2020-11-06,258.0199890136719,258.0199890136719
2020-11-09,255.8699951171875,255.8699951171875
2020-11-10,255.80999755859375,255.80999755859375
2020-11-11,256.1600036621094,256.1600036621094
2020-11-12,256.7900085449219,256.7900085449219
2020-11-13,257.260009765625,257.260009765625
2020-11-16,257.6099853515625,257.6099853515625
2020-11-17,258.0199890136719,258.0199890136719
2020-11-18,257.760009765625,257.760009765625
2020-11-19,258.1199951171875,258.1199951171875
2020-11-20,258.2699890136719,258.2699890136719
2020-11-23,258.0799865722656,258.0799865722656
2020-11-24,257.8599853515625,257.8599853515625
2020-11-25,258.010009765625,258.010009765625
2020-11-26,258.4200134277344,258.4200134277344
2020-11-27,258.3699951171875,258.3699951171875
2020-11-30,257.9200134277344,257.9200134277344
2020-12-01,256.92999267578125,256.92999267578125
2020-12-02,256.989990234375,256.989990234375
2020-12-03,257.7300109863281,257.7300109863281
2020-12-04,257.489990234375,257.489990234375
2020-12-07,258.20001220703125,258.20001220703125
2020-12-08,258.7099914550781,258.7099914550781
2020-12-09,258.7200012207031,258.7200012207031
2020-12-10,258.5799865722656,258.5799865722656
2020-12-11,259.20001220703125,259.20001220703125
2020-12-14,259.07000732421875,259.07000732421875
2020-12-15,259.1000061035156,259.1000061035156
2020-12-16,258.2799987792969,258.2799987792969
2020-12-17,258.489990234375,258.489990234375
2020-12-18,258.2300109863281,258.2300109863281
2020-12-21,258.4700012207031,258.4700012207031
2020-12-22,258.70001220703125,258.70001220703125
2020-12-23,257.75,257.75
2020-12-28,258.05999755859375,258.05999755859375
2020-12-29,258.489990234375,258.489990234375
2020-12-30,258.260009765625,258.260009765625
2021-01-04,258.80999755859375,258.80999755859375
2021-01-05,258.4599914550781,258.4599914550781
2021-01-06,258.07000732421875,258.07000732421875
2021-01-07,257.9800109863281,257.9800109863281
2021-01-08,258.3500061035156,258.3500061035156
2021-01-11,257.6400146484375,257.6400146484375
2021-01-12,256.4200134277344,256.4200134277344
2021-01-13,257.54998779296875,257.54998779296875
2021-01-14,257.8999938964844,257.8999938964844
2021-01-15,257.7300109863281,257.7300109863281
2021-01-18,257.3599853515625,257.3599853515625
2021-01-19,257.67999267578125,257.67999267578125
2021-01-20,257.4599914550781,257.4599914550781
2021-01-21,256.3500061035156,256.3500061035156
2021-01-22,256.2699890136719,256.2699890136719
2021-01-25,257.4200134277344,257.4200134277344
2021-01-26,257.260009765625,257.260009765625
2021-01-27,257.30999755859375,257.30999755859375
2021-01-28,257.1199951171875,257.1199951171875
2021-01-29,256.8599853515625,256.8599853515625
2021-02-01,256.7699890136719,256.7699890136719
2021-02-02,256.1199951171875,256.1199951171875
2021-02-03,256.239990234375,256.239990234375
2021-02-04,256.2799987792969,256.2799987792969
2021-02-05,255.89999389648438,255.89999389648438
2021-02-08,256.1400146484375,256.1400146484375
2021-02-09,256.1400146484375,256.1400146484375
2021-02-10,255.94000244140625,255.94000244140625
2021-02-11,256.239990234375,256.239990234375
2021-02-12,255.5800018310547,255.5800018310547
2021-02-15,254.63999938964844,254.63999938964844
2021-02-16,254.05999755859375,254.05999755859375
2021-02-17,254.02000427246094,254.02000427246094
2021-02-18,253.1300048828125,253.1300048828125
2021-02-19,252.89999389648438,252.89999389648438
2021-02-22,253.3699951171875,253.3699951171875
2021-02-23,252.82000732421875,252.82000732421875
2021-02-24,252.2899932861328,252.2899932861328
2021-02-25,250.77000427246094,250.77000427246094
2021-02-26,251.64999389648438,251.64999389648438
2021-03-01,253.39999389648438,253.39999389648438
2021-03-02,253.32000732421875,253.32000732421875
2021-03-03,252.10000610351562,252.10000610351562
2021-03-04,252.24000549316406,252.24000549316406
2021-03-05,252.1199951171875,252.1199951171875
2021-03-08,252.02999877929688,252.02999877929688
2021-03-09,252.5399932861328,252.5399932861328
2021-03-10,252.5800018310547,252.5800018310547
2021-03-11,253.4600067138672,253.4600067138672
2021-03-12,252.6699981689453,252.6699981689453
2021-03-15,253.13999938964844,253.13999938964844
2021-03-16,253.02000427246094,253.02000427246094
2021-03-17,251.9499969482422,251.9499969482422
2021-03-18,251.69000244140625,251.69000244140625
2021-03-19,252.08999633789062,252.08999633789062
2021-03-22,252.33999633789062,252.33999633789062
2021-03-23,253.08999633789062,253.08999633789062
2021-03-24,253.4600067138672,253.4600067138672
2021-03-25,253.88999938964844,253.88999938964844
2021-03-26,253.24000549316406,253.24000549316406
2021-03-29,252.50999450683594,252.50999450683594
2021-03-30,251.86000061035156,251.86000061035156
2021-03-31,252.1199951171875,252.1199951171875
2021-04-01,252.72000122070312,252.72000122070312
2021-04-06,252.0500030517578,252.0500030517578
2021-04-07,252.17999267578125,252.17999267578125
2021-04-08,252.5800018310547,252.5800018310547
2021-04-09,251.72999572753906,251.72999572753906
2021-04-12,251.58999633789062,251.58999633789062
2021-04-13,251.41000366210938,251.41000366210938
2021-04-14,250.9600067138672,250.9600067138672
2021-04-15,251.63999938964844,251.63999938964844
2021-04-16,251.1999969482422,251.1999969482422
2021-04-19,250.6999969482422,250.6999969482422
2021-04-20,250.9600067138672,250.9600067138672
2021-04-21,251.1300048828125,251.1300048828125
2021-04-22,251.25,251.25
2021-04-23,251.05999755859375,251.05999755859375
2021-04-26,250.92999267578125,250.92999267578125
2021-04-27,250.7899932861328,250.7899932861328
2021-04-28,250.27999877929688,250.27999877929688
2021-04-29,249.5500030517578,249.5500030517578
2021-04-30,249.58999633789062,249.58999633789062
2021-05-03,249.75,249.75
2021-05-04,250.1999969482422,250.1999969482422
2021-05-05,249.86000061035156,249.86000061035156
2021-05-06,249.67999267578125,249.67999267578125
2021-05-07,249.1999969482422,249.1999969482422
2021-05-10,249.3300018310547,249.3300018310547
2021-05-11,248.24000549316406,248.24000549316406
2021-05-12,247.6300048828125,247.6300048828125
2021-05-13,247.19000244140625,247.19000244140625
2021-05-14,247.3000030517578,247.3000030517578
2021-05-17,246.89999389648438,246.89999389648438
2021-05-18,246.9199981689453,246.9199981689453
2021-05-19,246.86000061035156,246.86000061035156
2021-05-20,247.5,247.5
2021-05-21,247.8000030517578,247.8000030517578
2021-05-25,248.80999755859375,248.80999755859375
2021-05-26,249.69000244140625,249.69000244140625
2021-05-27,249.13999938964844,249.13999938964844
2021-05-28,249.35000610351562,249.35000610351562
2021-05-31,249.44000244140625,249.44000244140625
2021-06-01,249.25999450683594,249.25999450683594
2021-06-02,249.7100067138672,249.7100067138672
2021-06-03,249.35000610351562,249.35000610351562
2021-06-04,249.83999633789062,249.83999633789062
2021-06-07,249.5,249.5
2021-06-08,250.14999389648438,250.14999389648438
2021-06-09,250.6699981689453,250.6699981689453
2021-06-10,250.4600067138672,250.4600067138672
2021-06-11,251.27000427246094,251.27000427246094
2021-06-14,250.75,250.75
2021-06-15,250.4600067138672,250.4600067138672
2021-06-16,250.60000610351562,250.60000610351562
2021-06-17,250.3000030517578,250.3000030517578
2021-06-18,250.2899932861328,250.2899932861328
2021-06-21,249.8300018310547,249.8300018310547
2021-06-22,249.6699981689453,249.6699981689453
2021-06-23,249.82000732421875,249.82000732421875
2021-06-24,249.97999572753906,249.97999572753906
2021-06-25,249.07000732421875,249.07000732421875
2021-06-28,249.69000244140625,249.69000244140625
2021-06-29,249.64999389648438,249.64999389648438
2021-06-30,250.47000122070312,250.47000122070312
2021-07-01,250.49000549316406,250.49000549316406
2021-07-02,251.10000610351562,251.10000610351562
2021-07-05,250.74000549316406,250.74000549316406
2021-07-06,252.0,252.0
2021-07-07,252.33999633789062,252.33999633789062
2021-07-08,252.25,252.25
2021-07-09,251.97999572753906,251.97999572753906
2021-07-12,252.16000366210938,252.16000366210938
2021-07-13,252.27000427246094,252.27000427246094
2021-07-14,252.60000610351562,252.60000610351562
2021-07-15,252.91000366210938,252.91000366210938
2021-07-16,253.33999633789062,253.33999633789062
2021-07-19,253.75,253.75
2021-07-20,254.2100067138672,254.2100067138672
2021-07-21,253.91000366210938,253.91000366210938
2021-07-22,254.41000366210938,254.41000366210938
2021-07-23,254.75999450683594,254.75999450683594
2021-07-26,254.64999389648438,254.64999389648438
2021-07-27,254.85000610351562,254.85000610351562
2021-07-28,254.80999755859375,254.80999755859375
2021-07-29,254.97999572753906,254.97999572753906
2021-07-30,255.0800018310547,255.0800018310547
2021-08-02,255.6199951171875,255.6199951171875
2021-08-03,255.80999755859375,255.80999755859375
2021-08-04,256.0199890136719,256.0199890136719
2021-08-05,256.2699890136719,256.2699890136719
2021-08-06,255.52999877929688,255.52999877929688
2021-08-09,255.63999938964844,255.63999938964844
2021-08-10,255.85000610351562,255.85000610351562
2021-08-11,255.5500030517578,255.5500030517578
2021-08-12,255.72000122070312,255.72000122070312
2021-08-13,255.77000427246094,255.77000427246094
2021-08-16,255.67999267578125,255.67999267578125
2021-08-17,255.60000610351562,255.60000610351562
2021-08-18,255.9499969482422,255.9499969482422
2021-08-19,256.0,256.0
2021-08-20,256.2200012207031,256.2200012207031
2021-08-23,255.75,255.75
2021-08-24,255.80999755859375,255.80999755859375
2021-08-25,254.33999633789062,254.33999633789062
2021-08-26,254.17999267578125,254.17999267578125
2021-08-27,254.25999450683594,254.25999450683594
2021-08-30,254.77999877929688,254.77999877929688
2021-08-31,253.52000427246094,253.52000427246094
2021-09-01,253.3300018310547,253.3300018310547
2021-09-02,253.67999267578125,253.67999267578125
2021-09-03,253.19000244140625,253.19000244140625
2021-09-06,253.42999267578125,253.42999267578125
2021-09-07,252.25999450683594,252.25999450683594
2021-09-08,252.52000427246094,252.52000427246094
2021-09-09,253.75999450683594,253.75999450683594
2021-09-10,253.00999450683594,253.00999450683594
2021-09-13,253.02000427246094,253.02000427246094
2021-09-14,253.39999389648438,253.39999389648438
2021-09-15,252.66000366210938,252.66000366210938
2021-09-16,252.6699981689453,252.6699981689453
2021-09-17,252.27999877929688,252.27999877929688
2021-09-20,252.64999389648438,252.64999389648438
2021-09-21,253.0800018310547,253.0800018310547
2021-09-22,253.25,253.25
2021-09-23,252.02000427246094,252.02000427246094
2021-09-24,251.25999450683594,251.25999450683594
2021-09-27,251.14999389648438,251.14999389648438
2021-09-28,250.58999633789062,250.58999633789062
2021-09-29,250.91000366210938,250.91000366210938
2021-09-30,250.4499969482422,250.4499969482422
2021-10-01,250.8800048828125,250.8800048828125
2021-10-04,250.8699951171875,250.8699951171875
2021-10-05,250.33999633789062,250.33999633789062
2021-10-06,250.17999267578125,250.17999267578125
2021-10-07,250.3800048828125,250.3800048828125
2021-10-08,249.80999755859375,249.80999755859375
2021-10-11,249.24000549316406,249.24000549316406
2021-10-12,249.00999450683594,249.00999450683594
2021-10-13,249.72000122070312,249.72000122070312
2021-10-14,250.99000549316406,250.99000549316406
2021-10-15,250.58999633789062,250.58999633789062
2021-10-18,250.27999877929688,250.27999877929688
2021-10-19,249.60000610351562,249.60000610351562
2021-10-20,249.77999877929688,249.77999877929688
2021-10-21,249.4499969482422,249.4499969482422
2021-10-22,249.55999755859375,249.55999755859375
2021-10-25,249.8300018310547,249.8300018310547
2021-10-26,249.77000427246094,249.77000427246094
2021-10-27,250.91000366210938,250.91000366210938
2021-10-28,250.25,250.25
2021-10-29,249.07000732421875,249.07000732421875
2021-11-01,248.77999877929688,248.77999877929688
2021-11-02,250.13999938964844,250.13999938964844
2021-11-03,250.47000122070312,250.47000122070312
2021-11-04,251.5800018310547,251.5800018310547
2021-11-05,252.86000061035156,252.86000061035156
2021-11-08,252.1300048828125,252.1300048828125
2021-11-09,253.36000061035156,253.36000061035156
2021-11-10,252.0800018310547,252.0800018310547
2021-11-11,251.69000244140625,251.69000244140625
2021-11-12,252.02999877929688,252.02999877929688
2021-11-15,251.74000549316406,251.74000549316406
2021-11-16,251.63999938964844,251.63999938964844
2021-11-17,251.49000549316406,251.49000549316406
2021-11-18,252.4499969482422,252.4499969482422
2021-11-19,253.4600067138672,253.4600067138672
2021-11-22,252.35000610351562,252.35000610351562
2021-11-23,250.97000122070312,250.97000122070312
2021-11-24,250.47999572753906,250.47999572753906
2021-11-25,250.97999572753906,250.97999572753906
2021-11-26,252.58999633789062,252.58999633789062
2021-11-29,252.27000427246094,252.27000427246094
2021-11-30,253.0500030517578,253.0500030517578
2021-12-01,252.66000366210938,252.66000366210938
2021-12-02,253.4499969482422,253.4499969482422
2021-12-03,253.6999969482422,253.6999969482422
2021-12-06,254.1699981689453,254.1699981689453
2021-12-07,254.0399932861328,254.0399932861328
2021-12-08,252.38999938964844,252.38999938964844
2021-12-09,253.08999633789062,253.08999633789062
2021-12-10,253.41000366210938,253.41000366210938
2021-12-13,254.1199951171875,254.1199951171875
2021-12-14,253.82000732421875,253.82000732421875
2021-12-15,253.72999572753906,253.72999572753906
2021-12-16,253.05999755859375,253.05999755859375
2021-12-17,253.8300018310547,253.8300018310547
2021-12-20,253.22000122070312,253.22000122070312
2021-12-21,251.89999389648438,251.89999389648438
2021-12-22,251.42999267578125,251.42999267578125
2021-12-23,250.42999267578125,250.42999267578125
2021-12-27,250.19000244140625,250.19000244140625
2021-12-28,250.4600067138672,250.4600067138672
2021-12-29,249.32000732421875,249.32000732421875
2021-12-30,249.63999938964844,249.63999938964844
2022-01-03,248.4199981689453,248.4199981689453
2022-01-04,248.27999877929688,248.27999877929688
2022-01-05,248.16000366210938,248.16000366210938
2022-01-06,247.69000244140625,247.69000244140625
2022-01-07,247.16000366210938,247.16000366210938
2022-01-10,247.25,247.25
2022-01-11,247.2100067138672,247.2100067138672
2022-01-12,247.80999755859375,247.80999755859375
2022-01-13,248.52000427246094,248.52000427246094
2022-01-14,247.63999938964844,247.63999938964844
2022-01-17,247.27999877929688,247.27999877929688
2022-01-18,246.92999267578125,246.92999267578125
2022-01-19,246.8800048828125,246.8800048828125
2022-01-20,247.22999572753906,247.22999572753906
2022-01-21,247.6199951171875,247.6199951171875
2022-01-24,248.0800018310547,248.0800018310547
2022-01-25,247.83999633789062,247.83999633789062
2022-01-26,247.1699981689453,247.1699981689453
2022-01-27,247.38999938964844,247.38999938964844
2022-01-28,247.19000244140625,247.19000244140625
2022-01-31,246.3300018310547,246.3300018310547
2022-02-01,245.72000122070312,245.72000122070312
2022-02-02,245.86000061035156,245.86000061035156
2022-02-03,243.27999877929688,243.27999877929688
2022-02-04,241.9499969482422,241.9499969482422
2022-02-07,241.11000061035156,241.11000061035156
2022-02-08,240.3699951171875,240.3699951171875
2022-02-09,241.27000427246094,241.27000427246094
2022-02-10,239.6199951171875,239.6199951171875
2022-02-11,239.19000244140625,239.19000244140625
2022-02-14,239.2100067138672,239.2100067138672
2022-02-15,238.92999267578125,238.92999267578125
2022-02-16,239.44000244140625,239.44000244140625
2022-02-17,240.41000366210938,240.41000366210938
2022-02-18,240.66000366210938,240.66000366210938
2022-02-21,240.0399932861328,240.0399932861328
2022-02-22,239.83999633789062,239.83999633789062
2022-02-23,239.86000061035156,239.86000061035156
2022-02-24,240.94000244140625,240.94000244140625
2022-02-25,240.52000427246094,240.52000427246094
2022-02-28,241.7899932861328,241.7899932861328
2022-03-01,246.49000549316406,246.49000549316406
2022-03-02,244.25,244.25
2022-03-03,244.3699951171875,244.3699951171875
2022-03-04,246.0500030517578,246.0500030517578
2022-03-07,244.8000030517578,244.8000030517578
2022-03-08,243.58999633789062,243.58999633789062
2022-03-09,241.7899932861328,241.7899932861328
2022-03-10,239.36000061035156,239.36000061035156
2022-03-11,240.1300048828125,240.1300048828125
2022-03-14,237.83999633789062,237.83999633789062
2022-03-15,238.72000122070312,238.72000122070312
2022-03-16,237.99000549316406,237.99000549316406
2022-03-17,238.30999755859375,238.30999755859375
2022-03-18,238.52999877929688,238.52999877929688
2022-03-21,237.0399932861328,237.0399932861328
2022-03-22,236.2899932861328,236.2899932861328
2022-03-23,236.82000732421875,236.82000732421875
2022-03-24,236.17999267578125,236.17999267578125
2022-03-25,235.74000549316406,235.74000549316406
2022-03-28,235.32000732421875,235.32000732421875
2022-03-29,234.60000610351562,234.60000610351562
2022-03-30,234.1699981689453,234.1699981689453
2022-03-31,235.74000549316406,235.74000549316406
2022-04-01,235.0800018310547,235.0800018310547
2022-04-04,235.5500030517578,235.5500030517578
2022-04-05,233.3800048828125,233.3800048828125
2022-04-06,232.41000366210938,232.41000366210938
2022-04-07,232.0399932861328,232.0399932861328
2022-04-08,231.44000244140625,231.44000244140625
2022-04-11,230.1199951171875,230.1199951171875
2022-04-12,230.72999572753906,230.72999572753906
2022-04-13,230.8000030517578,230.8000030517578
2022-04-14,229.7899932861328,229.7899932861328
2022-04-19,228.58999633789062,228.58999633789062
2022-04-20,229.61000061035156,229.61000061035156
2022-04-21,228.30999755859375,228.30999755859375
2022-04-22,227.61000061035156,227.61000061035156
2022-04-25,229.17999267578125,229.17999267578125
2022-04-26,229.42999267578125,229.42999267578125
2022-04-27,229.44000244140625,229.44000244140625
2022-04-28,227.67999267578125,227.67999267578125
2022-04-29,226.58999633789062,226.58999633789062
2022-05-02,226.2899932861328,226.2899932861328
2022-05-03,226.57000732421875,226.57000732421875
2022-05-04,226.08999633789062,226.08999633789062
2022-05-05,224.74000549316406,224.74000549316406
2022-05-06,223.0399932861328,223.0399932861328
2022-05-09,223.8000030517578,223.8000030517578
2022-05-10,225.3699951171875,225.3699951171875
2022-05-11,225.9499969482422,225.9499969482422
2022-05-12,228.17999267578125,228.17999267578125
2022-05-13,226.9600067138672,226.9600067138672
2022-05-16,227.02999877929688,227.02999877929688
2022-05-17,225.10000610351562,225.10000610351562
2022-05-18,225.55999755859375,225.55999755859375
2022-05-19,226.42999267578125,226.42999267578125
2022-05-20,225.60000610351562,225.60000610351562
2022-05-23,224.5399932861328,224.5399932861328
2022-05-24,225.17999267578125,225.17999267578125
2022-05-25,225.4600067138672,225.4600067138672
2022-05-26,224.92999267578125,224.92999267578125
2022-05-27,225.58999633789062,225.58999633789062
2022-05-30,224.05999755859375,224.05999755859375
2022-05-31,222.6300048828125,222.6300048828125
2022-06-01,221.42999267578125,221.42999267578125
2022-06-02,220.42999267578125,220.42999267578125
2022-06-03,219.7100067138672,219.7100067138672
2022-06-06,218.9499969482422,218.9499969482422
2022-06-07,219.82000732421875,219.82000732421875
2022-06-08,218.9499969482422,218.9499969482422
2022-06-09,217.02000427246094,217.02000427246094
2022-06-10,215.47999572753906,215.47999572753906
2022-06-13,212.52999877929688,212.52999877929688
2022-06-14,210.36000061035156,210.36000061035156
2022-06-15,213.0500030517578,213.0500030517578
2022-06-16,213.3000030517578,213.3000030517578
2022-06-17,214.38999938964844,214.38999938964844
2022-06-20,212.97000122070312,212.97000122070312
2022-06-21,212.6300048828125,212.6300048828125
2022-06-22,214.7899932861328,214.7899932861328
2022-06-23,217.5800018310547,217.5800018310547
2022-06-24,217.35000610351562,217.35000610351562
2022-06-27,215.67999267578125,215.67999267578125
2022-06-28,214.92999267578125,214.92999267578125
2022-06-29,216.7899932861328,216.7899932861328
2022-06-30,218.3699951171875,218.3699951171875
2022-07-01,221.10000610351562,221.10000610351562
2022-07-04,219.0399932861328,219.0399932861328
2022-07-05,220.88999938964844,220.88999938964844
2022-07-06,221.10000610351562,221.10000610351562
2022-07-07,219.72000122070312,219.72000122070312
2022-07-08,219.05999755859375,219.05999755859375
2022-07-11,220.3699951171875,220.3699951171875
2022-07-12,222.5,222.5
2022-07-13,222.58999633789062,222.58999633789062
2022-07-14,221.27000427246094,221.27000427246094
2022-07-15,222.02999877929688,222.02999877929688
2022-07-18,220.83999633789062,220.83999633789062
2022-07-19,220.33999633789062,220.33999633789062
2022-07-20,220.3300018310547,220.3300018310547
2022-07-21,220.19000244140625,220.19000244140625
2022-07-22,223.02000427246094,223.02000427246094
2022-07-25,223.13999938964844,223.13999938964844
2022-07-26,224.6300048828125,224.6300048828125
2022-07-27,224.13999938964844,224.13999938964844
2022-07-28,226.5399932861328,226.5399932861328
2022-07-29,227.44000244140625,227.44000244140625
2022-08-01,228.75,228.75
2022-08-02,228.3300018310547,228.3300018310547
2022-08-03,227.24000549316406,227.24000549316406
2022-08-04,228.50999450683594,228.50999450683594
2022-08-05,226.32000732421875,226.32000732421875
2022-08-08,226.8699951171875,226.8699951171875
2022-08-09,226.25,226.25
2022-08-10,226.86000061035156,226.86000061035156
2022-08-11,225.5500030517578,225.5500030517578
2022-08-12,224.97000122070312,224.97000122070312
2022-08-15,226.44000244140625,226.44000244140625
2022-08-16,224.9600067138672,224.9600067138672
2022-08-17,222.9600067138672,222.9600067138672
2022-08-18,222.75,222.75
2022-08-19,220.61000061035156,220.61000061035156
2022-08-22,219.5,219.5
2022-08-23,218.99000549316406,218.99000549316406
2022-08-24,218.44000244140625,218.44000244140625
2022-08-25,219.16000366210938,219.16000366210938
2022-08-26,218.08999633789062,218.08999633789062
2022-08-29,216.22999572753906,216.22999572753906
2022-08-30,216.2100067138672,216.2100067138672
2022-08-31,215.5,215.5
2022-09-01,214.7100067138672,214.7100067138672
2022-09-02,215.6199951171875,215.6199951171875
2022-09-05,215.05999755859375,215.05999755859375
2022-09-06,214.72999572753906,214.72999572753906
2022-09-07,215.55999755859375,215.55999755859375
2022-09-08,213.88999938964844,213.88999938964844
2022-09-09,213.7100067138672,213.7100067138672
2022-09-12,214.3000030517578,214.3000030517578
2022-09-13,213.5800018310547,213.5800018310547
2022-09-14,213.77000427246094,213.77000427246094
2022-09-15,212.9600067138672,212.9600067138672
2022-09-16,212.99000549316406,212.99000549316406
2022-09-19,212.44000244140625,212.44000244140625
2022-09-20,210.50999450683594,210.50999450683594
2022-09-21,211.1300048828125,211.1300048828125
2022-09-22,210.1300048828125,210.1300048828125
2022-09-23,209.3300018310547,209.3300018310547
2022-09-26,208.2100067138672,208.2100067138672
2022-09-27,205.6999969482422,205.6999969482422
2022-09-28,207.47999572753906,207.47999572753906
2022-09-29,206.39999389648438,206.39999389648438
2022-09-30,207.49000549316406,207.49000549316406
2022-10-03,210.60000610351562,210.60000610351562
2022-10-04,211.02000427246094,211.02000427246094
2022-10-05,208.77000427246094,208.77000427246094
2022-10-06,207.75,207.75
2022-10-07,206.0,206.0
2022-10-10,205.3699951171875,205.3699951171875
2022-10-11,205.22000122070312,205.22000122070312
2022-10-12,203.97000122070312,203.97000122070312
2022-10-13,205.07000732421875,205.07000732421875
2022-10-14,203.69000244140625,203.69000244140625
2022-10-17,205.05999755859375,205.05999755859375
2022-10-18,204.74000549316406,204.74000549316406
2022-10-19,203.67999267578125,203.67999267578125
2022-10-20,203.77999877929688,203.77999877929688
2022-10-21,203.07000732421875,203.07000732421875
2022-10-24,204.72000122070312,204.72000122070312
2022-10-25,207.5800018310547,207.5800018310547
2022-10-26,207.94000244140625,207.94000244140625
2022-10-27,210.50999450683594,210.50999450683594
2022-10-28,208.88999938964844,208.88999938964844
2022-10-31,207.61000061035156,207.61000061035156
2022-11-01,208.1199951171875,208.1199951171875
2022-11-02,208.13999938964844,208.13999938964844
2022-11-03,206.39999389648438,206.39999389648438
2022-11-04,205.97000122070312,205.97000122070312
2022-11-07,205.61000061035156,205.61000061035156
2022-11-08,206.60000610351562,206.60000610351562
2022-11-09,207.7899932861328,207.7899932861328
2022-11-10,210.77000427246094,210.77000427246094
2022-11-11,208.07000732421875,208.07000732421875
2022-11-14,208.16000366210938,208.16000366210938
2022-11-15,209.16000366210938,209.16000366210938
2022-11-16,210.63999938964844,210.63999938964844
2022-11-17,210.77999877929688,210.77999877929688
2022-11-18,211.27000427246094,211.27000427246094
2022-11-21,211.60000610351562,211.60000610351562
2022-11-22,211.39999389648438,211.39999389648438
2022-11-23,212.7899932861328,212.7899932861328
2022-11-24,214.05999755859375,214.05999755859375
2022-11-25,212.24000549316406,212.24000549316406
2022-11-28,211.5800018310547,211.5800018310547
2022-11-29,212.92999267578125,212.92999267578125
2022-11-30,212.5,212.5
2022-12-01,214.60000610351562,214.60000610351562
2022-12-02,214.11000061035156,214.11000061035156
2022-12-05,213.88999938964844,213.88999938964844
2022-12-06,215.07000732421875,215.07000732421875
2022-12-07,215.44000244140625,215.44000244140625
2022-12-08,214.88999938964844,214.88999938964844
2022-12-09,213.3699951171875,213.3699951171875
2022-12-12,213.2899932861328,213.2899932861328
2022-12-13,213.58999633789062,213.58999633789062
2022-12-14,212.61000061035156,212.61000061035156
2022-12-15,209.8000030517578,209.8000030517578
2022-12-16,208.5399932861328,208.5399932861328
2022-12-19,207.8300018310547,207.8300018310547
2022-12-20,206.2899932861328,206.2899932861328
2022-12-21,206.5500030517578,206.5500030517578
2022-12-22,205.9600067138672,205.9600067138672
2022-12-23,205.3300018310547,205.3300018310547
2022-12-27,203.47999572753906,203.47999572753906
2022-12-28,203.55999755859375,203.55999755859375
2022-12-29,204.2899932861328,204.2899932861328
2022-12-30,203.66000366210938,203.66000366210938
2023-01-02,204.60000610351562,204.60000610351562
2023-01-03,205.50999450683594,205.50999450683594
2023-01-04,207.33999633789062,207.33999633789062
2023-01-05,206.66000366210938,206.66000366210938
2023-01-06,208.02999877929688,208.02999877929688
2023-01-09,207.8699951171875,207.8699951171875
2023-01-10,206.99000549316406,206.99000549316406
2023-01-11,208.61000061035156,208.61000061035156
2023-01-12,209.3800048828125,209.3800048828125
2023-01-13,209.27999877929688,209.27999877929688
2023-01-16,209.19000244140625,209.19000244140625
2023-01-17,210.74000549316406,210.74000549316406
2023-01-18,212.35000610351562,212.35000610351562
2023-01-19,211.86000061035156,211.86000061035156
2023-01-20,209.60000610351562,209.60000610351562
2023-01-23,208.9600067138672,208.9600067138672
2023-01-24,210.1199951171875,210.1199951171875
2023-01-25,209.8000030517578,209.8000030517578
2023-01-26,208.9499969482422,208.9499969482422
2023-01-27,208.5,208.5
2023-01-30,207.2899932861328,207.2899932861328
2023-01-31,207.9600067138672,207.9600067138672
2023-02-01,207.5399932861328,207.5399932861328
2023-02-02,211.64999389648438,211.64999389648438
2023-02-03,209.58999633789062,209.58999633789062
2023-02-06,208.35000610351562,208.35000610351562
2023-02-07,207.9499969482422,207.9499969482422
2023-02-08,207.25999450683594,207.25999450683594
2023-02-09,208.16000366210938,208.16000366210938
2023-02-10,207.08999633789062,207.08999633789062
2023-02-13,207.17999267578125,207.17999267578125
2023-02-14,206.2899932861328,206.2899932861328
2023-02-15,205.52000427246094,205.52000427246094
2023-02-16,205.55999755859375,205.55999755859375
2023-02-17,205.7899932861328,205.7899932861328
2023-02-20,205.5500030517578,205.5500030517578
2023-02-21,204.3800048828125,204.3800048828125
2023-02-22,204.33999633789062,204.33999633789062
2023-02-23,205.27000427246094,205.27000427246094
2023-02-24,204.24000549316406,204.24000549316406
2023-02-27,203.74000549316406,203.74000549316406
2023-02-28,202.77999877929688,202.77999877929688
2023-03-01,201.88999938964844,201.88999938964844
2023-03-02,201.2899932861328,201.2899932861328
2023-03-03,202.11000061035156,202.11000061035156
2023-03-06,201.8300018310547,201.8300018310547
2023-03-07,202.1199951171875,202.1199951171875
2023-03-08,202.83999633789062,202.83999633789062
2023-03-09,203.11000061035156,203.11000061035156
2023-03-10,204.61000061035156,204.61000061035156
2023-03-13,207.3699951171875,207.3699951171875
2023-03-14,205.47999572753906,205.47999572753906
2023-03-15,209.6300048828125,209.6300048828125
2023-03-16,207.99000549316406,207.99000549316406
2023-03-17,210.11000061035156,210.11000061035156
2023-03-20,210.3699951171875,210.3699951171875
2023-03-21,208.25999450683594,208.25999450683594
2023-03-22,207.3300018310547,207.3300018310547
2023-03-23,209.24000549316406,209.24000549316406
2023-03-24,210.25,210.25
2023-03-27,208.77000427246094,208.77000427246094
2023-03-28,208.0399932861328,208.0399932861328
2023-03-29,207.9199981689453,207.9199981689453
2023-03-30,206.88999938964844,206.88999938964844
2023-03-31,207.8300018310547,207.8300018310547
2023-04-03,208.83999633789062,208.83999633789062
2023-04-04,208.5,208.5
2023-04-05,209.4600067138672,209.4600067138672
2023-04-06,209.3300018310547,209.3300018310547
2023-04-11,207.77999877929688,207.77999877929688
2023-04-12,206.99000549316406,206.99000549316406
2023-04-13,206.6300048828125,206.6300048828125
2023-04-14,206.0,206.0
2023-04-17,205.58999633789062,205.58999633789062
2023-04-18,205.64999389648438,205.64999389648438
2023-04-19,204.97000122070312,204.97000122070312
2023-04-20,205.80999755859375,205.80999755859375
2023-04-21,205.3300018310547,205.3300018310547
2023-04-24,205.1999969482422,205.1999969482422
2023-04-25,206.6699981689453,206.6699981689453
2023-04-26,206.57000732421875,206.57000732421875
2023-04-27,205.6199951171875,205.6199951171875
2023-04-28,207.64999389648438,207.64999389648438
2023-05-02,208.3000030517578,208.3000030517578
2023-05-03,208.3699951171875,208.3699951171875
2023-05-04,208.92999267578125,208.92999267578125
2023-05-05,207.8300018310547,207.8300018310547
2023-05-08,207.17999267578125,207.17999267578125
2023-05-09,207.02999877929688,207.02999877929688
2023-05-10,207.67999267578125,207.67999267578125
2023-05-11,208.7899932861328,208.7899932861328
2023-05-12,208.10000610351562,208.10000610351562
2023-05-15,207.57000732421875,207.57000732421875
2023-05-16,207.02000427246094,207.02000427246094
2023-05-17,207.0500030517578,207.0500030517578
2023-05-18,205.63999938964844,205.63999938964844
2023-05-19,206.13999938964844,206.13999938964844
2023-05-22,205.60000610351562,205.60000610351562
2023-05-23,205.3800048828125,205.3800048828125
2023-05-24,205.4499969482422,205.4499969482422
2023-05-25,205.10000610351562,205.10000610351562
2023-05-26,204.52999877929688,204.52999877929688
2023-05-29,206.07000732421875,206.07000732421875
2023-05-30,207.5800018310547,207.5800018310547
2023-05-31,208.36000061035156,208.36000061035156
2023-06-01,208.85000610351562,208.85000610351562
2023-06-02,208.3800048828125,208.3800048828125
2023-06-05,207.41000366210938,207.41000366210938
2023-06-06,207.60000610351562,207.60000610351562
2023-06-07,206.4199981689453,206.4199981689453
2023-06-08,206.74000549316406,206.74000549316406
2023-06-09,207.72999572753906,207.72999572753906
2023-06-12,207.77000427246094,207.77000427246094
2023-06-13,207.35000610351562,207.35000610351562
2023-06-14,207.02000427246094,207.02000427246094
2023-06-15,206.4499969482422,206.4499969482422
2023-06-16,207.47999572753906,207.47999572753906
2023-06-19,206.47000122070312,206.47000122070312
2023-06-20,207.99000549316406,207.99000549316406
2023-06-21,207.72000122070312,207.72000122070312
2023-06-22,206.77000427246094,206.77000427246094
2023-06-23,208.5399932861328,208.5399932861328
2023-06-26,209.0500030517578,209.0500030517578
2023-06-27,208.3000030517578,208.3000030517578
2023-06-28,209.0500030517578,209.0500030517578
2023-06-29,207.6999969482422,207.6999969482422
2023-06-30,207.9499969482422,207.9499969482422
2023-07-03,207.44000244140625,207.44000244140625
2023-07-04,207.0399932861328,207.0399932861328
2023-07-05,206.8699951171875,206.8699951171875
2023-07-06,204.75999450683594,204.75999450683594
2023-07-07,204.8300018310547,204.8300018310547
2023-07-10,204.52999877929688,204.52999877929688
2023-07-11,204.3800048828125,204.3800048828125
2023-07-12,205.8000030517578,205.8000030517578
2023-07-13,207.13999938964844,207.13999938964844
2023-07-14,206.77000427246094,206.77000427246094
2023-07-17,207.10000610351562,207.10000610351562
2023-07-18,208.77999877929688,208.77999877929688
2023-07-19,208.02999877929688,208.02999877929688
2023-07-20,207.44000244140625,207.44000244140625
2023-07-21,207.92999267578125,207.92999267578125
2023-07-24,208.42999267578125,208.42999267578125
2023-07-25,208.2100067138672,208.2100067138672
2023-07-26,207.3800048828125,207.3800048828125
2023-07-27,207.7899932861328,207.7899932861328
2023-07-28,207.38999938964844,207.38999938964844
2023-07-31,207.3300018310547,207.3300018310547
2023-08-01,206.52999877929688,206.52999877929688
2023-08-02,206.69000244140625,206.69000244140625
2023-08-03,206.25,206.25
2023-08-04,206.44000244140625,206.44000244140625
2023-08-07,206.2100067138672,206.2100067138672
2023-08-08,207.88999938964844,207.88999938964844
2023-08-09,207.47999572753906,207.47999572753906
2023-08-10,206.99000549316406,206.99000549316406
2023-08-11,205.88999938964844,205.88999938964844
2023-08-14,205.50999450683594,205.50999450683594
2023-08-15,205.11000061035156,205.11000061035156
2023-08-16,205.17999267578125,205.17999267578125
2023-08-17,204.5399932861328,204.5399932861328
2023-08-18,205.6699981689453,205.6699981689453
2023-08-21,204.3699951171875,204.3699951171875
2023-08-22,205.5500030517578,205.5500030517578
2023-08-23,207.35000610351562,207.35000610351562
2023-08-24,207.33999633789062,207.33999633789062
2023-08-25,206.6999969482422,206.6999969482422
2023-08-28,206.58999633789062,206.58999633789062
2023-08-29,207.5500030517578,207.5500030517578
2023-08-30,207.1699981689453,207.1699981689453
2023-08-31,207.94000244140625,207.94000244140625
2023-09-01,207.02999877929688,207.02999877929688
2023-09-04,206.4199981689453,206.4199981689453
2023-09-05,205.99000549316406,205.99000549316406
2023-09-06,205.3000030517578,205.3000030517578
2023-09-07,205.8300018310547,205.8300018310547
2023-09-08,206.0,206.0
2023-09-11,205.63999938964844,205.63999938964844
2023-09-12,205.2899932861328,205.2899932861328
2023-09-13,205.2100067138672,205.2100067138672
2023-09-14,206.10000610351562,206.10000610351562
2023-09-15,204.8800048828125,204.8800048828125
2023-09-18,204.10000610351562,204.10000610351562
2023-09-19,203.86000061035156,203.86000061035156
2023-09-20,204.5399932861328,204.5399932861328
2023-09-21,204.0,204.0
2023-09-22,203.97999572753906,203.97999572753906
2023-09-25,203.1300048828125,203.1300048828125
2023-09-26,202.7899932861328,202.7899932861328
2023-09-27,202.38999938964844,202.38999938964844
2023-09-28,200.8000030517578,200.8000030517578
2023-09-29,202.36000061035156,202.36000061035156
2023-10-02,201.58999633789062,201.58999633789062
2023-10-03,200.63999938964844,200.63999938964844
2023-10-04,201.02999877929688,201.02999877929688
2023-10-05,201.5399932861328,201.5399932861328
2023-10-06,201.3800048828125,201.3800048828125
2023-10-09,202.92999267578125,202.92999267578125
2023-10-10,203.22999572753906,203.22999572753906
2023-10-11,204.32000732421875,204.32000732421875
2023-10-12,203.07000732421875,203.07000732421875
2023-10-13,203.6999969482422,203.6999969482422
2023-10-16,203.1199951171875,203.1199951171875
2023-10-17,201.99000549316406,201.99000549316406
2023-10-18,201.24000549316406,201.24000549316406
2023-10-19,201.4499969482422,201.4499969482422
2023-10-20,201.8699951171875,201.8699951171875
2023-10-23,202.52000427246094,202.52000427246094
2023-10-24,202.50999450683594,202.50999450683594
2023-10-25,201.82000732421875,201.82000732421875
2023-10-26,202.33999633789062,202.33999633789062
2023-10-27,202.7899932861328,202.7899932861328
2023-10-30,203.25999450683594,203.25999450683594
2023-10-31,203.25999450683594,203.25999450683594
2023-11-01,204.0,204.0
2023-11-02,204.9199981689453,204.9199981689453
2023-11-03,205.99000549316406,205.99000549316406
2023-11-06,204.61000061035156,204.61000061035156
2023-11-07,205.67999267578125,205.67999267578125
2023-11-08,206.5,206.5
2023-11-09,205.97999572753906,205.97999572753906
2023-11-10,205.25999450683594,205.25999450683594
2023-11-13,205.30999755859375,205.30999755859375
2023-11-14,207.0,207.0
2023-11-15,206.60000610351562,206.60000610351562
2023-11-16,207.5800018310547,207.5800018310547
2023-11-17,207.30999755859375,207.30999755859375
2023-11-20,207.42999267578125,207.42999267578125
2023-11-21,208.17999267578125,208.17999267578125
2023-11-22,208.02000427246094,208.02000427246094
2023-11-23,207.16000366210938,207.16000366210938
2023-11-24,207.10000610351562,207.10000610351562
2023-11-27,208.3000030517578,208.3000030517578
2023-11-28,208.83999633789062,208.83999633789062
2023-11-29,209.99000549316406,209.99000549316406
2023-11-30,209.6199951171875,209.6199951171875
2023-12-01,211.25,211.25
2023-12-04,211.25,211.25
2023-12-05,211.25,211.25
2023-12-06,211.25,211.25
2023-12-07,213.82000732421875,213.82000732421875
2023-12-08,212.64999389648438,212.64999389648438
2023-12-11,212.5,212.5
2023-12-12,213.36000061035156,213.36000061035156
2023-12-13,214.27999877929688,214.27999877929688
2023-12-14,215.41000366210938,215.41000366210938
2023-12-15,216.8300018310547,216.8300018310547
2023-12-18,216.0,216.0
2023-12-19,217.3000030517578,217.3000030517578
2023-12-20,217.85000610351562,217.85000610351562
2023-12-21,218.41000366210938,218.41000366210938
2023-12-22,218.3800048828125,218.3800048828125
2023-12-27,219.1999969482422,219.1999969482422
2023-12-28,218.25999450683594,218.25999450683594
2023-12-29,217.42999267578125,217.42999267578125
2024-01-02,216.33999633789062,216.33999633789062
2024-01-03,217.08999633789062,217.08999633789062
2024-01-04,215.57000732421875,215.57000732421875
2024-01-05,215.17999267578125,215.17999267578125
2024-01-08,215.3699951171875,215.3699951171875
2024-01-09,214.61000061035156,214.61000061035156
2024-01-10,214.25,214.25
2024-01-11,214.44000244140625,214.44000244140625
2024-01-12,215.6699981689453,215.6699981689453
2024-01-15,214.8300018310547,214.8300018310547
2024-01-16,214.5,214.5
2024-01-17,213.60000610351562,213.60000610351562
2024-01-18,213.33999633789062,213.33999633789062
2024-01-19,213.7100067138672,213.7100067138672
2024-01-22,214.1199951171875,214.1199951171875
2024-01-23,213.25,213.25
2024-01-24,213.4199981689453,213.4199981689453
2024-01-25,214.35000610351562,214.35000610351562
2024-01-26,214.1999969482422,214.1999969482422
2024-01-29,215.02000427246094,215.02000427246094
2024-01-30,214.58999633789062,214.58999633789062
2024-01-31,215.97000122070312,215.97000122070312
2024-02-01,216.11000061035156,216.11000061035156
2024-02-02,214.83999633789062,214.83999633789062
2024-02-05,213.77000427246094,213.77000427246094
2024-02-06,213.9499969482422,213.9499969482422
2024-02-07,213.67999267578125,213.67999267578125
2024-02-08,213.08999633789062,213.08999633789062
2024-02-09,212.64999389648438,212.64999389648438
2024-02-12,213.22999572753906,213.22999572753906
2024-02-13,212.9499969482422,212.9499969482422
2024-02-14,213.7899932861328,213.7899932861328
2024-02-15,213.8300018310547,213.8300018310547
2024-02-16,213.3699951171875,213.3699951171875
2024-02-19,213.08999633789062,213.08999633789062
2024-02-20,213.6300048828125,213.6300048828125
2024-02-21,212.63999938964844,212.63999938964844
2024-02-22,212.8800048828125,212.8800048828125
2024-02-23,214.13999938964844,214.13999938964844
2024-02-26,213.0,213.0
2024-02-27,212.58999633789062,212.58999633789062
2024-02-28,212.5500030517578,212.5500030517578
2024-02-29,213.6300048828125,213.6300048828125
2024-03-01,213.25,213.25
2024-03-04,213.5399932861328,213.5399932861328
2024-03-05,215.08999633789062,215.08999633789062
2024-03-06,215.07000732421875,215.07000732421875
2024-03-07,215.8300018310547,215.8300018310547
2024-03-08,216.3800048828125,216.3800048828125
2024-03-11,215.72000122070312,215.72000122070312
2024-03-12,215.63999938964844,215.63999938964844
2024-03-13,215.25,215.25
2024-03-14,214.47000122070312,214.47000122070312
2024-03-15,214.25,214.25
2024-03-18,214.07000732421875,214.07000732421875
2024-03-19,214.11000061035156,214.11000061035156
2024-03-20,214.25999450683594,214.25999450683594
2024-03-21,214.60000610351562,214.60000610351562
2024-03-22,215.58999633789062,215.58999633789062
2024-03-25,214.85000610351562,214.85000610351562
2024-03-26,215.36000061035156,215.36000061035156
2024-03-27,216.00999450683594,216.00999450683594
2024-03-28,215.8300018310547,215.8300018310547
2024-04-02,214.02999877929688,214.02999877929688
2024-04-03,214.00999450683594,214.00999450683594
2024-04-04,214.92999267578125,214.92999267578125
2024-04-05,214.30999755859375,214.30999755859375
2024-04-08,214.0399932861328,214.0399932861328
2024-04-09,215.13999938964844,215.13999938964844
2024-04-10,214.38999938964844,214.38999938964844
2024-04-11,213.57000732421875,213.57000732421875
2024-04-12,215.2100067138672,215.2100067138672
2024-04-15,213.75999450683594,213.75999450683594
2024-04-16,213.0500030517578,213.0500030517578
2024-04-17,213.47000122070312,213.47000122070312
2024-04-18,213.24000549316406,213.24000549316406
2024-04-19,213.3000030517578,213.3000030517578
2024-04-22,213.6999969482422,213.6999969482422
2024-04-23,213.52000427246094,213.52000427246094
2024-04-24,212.17999267578125,212.17999267578125
2024-04-25,211.55999755859375,211.55999755859375
2024-04-26,212.49000549316406,212.49000549316406
2024-04-29,213.49000549316406,213.49000549316406
2024-04-30,212.60000610351562,212.60000610351562
2024-05-02,213.2100067138672,213.2100067138672
2024-05-03,213.94000244140625,213.94000244140625
2024-05-06,213.89999389648438,213.89999389648438
2024-05-07,214.83999633789062,214.83999633789062
2024-05-08,214.49000549316406,214.49000549316406
2024-05-09,213.9199981689453,213.9199981689453
2024-05-10,213.61000061035156,213.61000061035156
2024-05-13,213.6199951171875,213.6199951171875
2024-05-14,213.1699981689453,213.1699981689453
2024-05-15,215.1300048828125,215.1300048828125
2024-05-16,214.85000610351562,214.85000610351562
2024-05-17,213.7899932861328,213.7899932861328
2024-05-20,213.75,213.75
2024-05-21,214.10000610351562,214.10000610351562
2024-05-22,213.69000244140625,213.69000244140625
2024-05-23,212.8699951171875,212.8699951171875
2024-05-24,213.02000427246094,213.02000427246094
2024-05-27,213.74000549316406,213.74000549316406
2024-05-28,213.07000732421875,213.07000732421875
2024-05-29,211.82000732421875,211.82000732421875
2024-05-30,212.0800018310547,212.0800018310547
2024-05-31,212.2100067138672,212.2100067138672
2024-06-03,213.3800048828125,213.3800048828125
2024-06-04,213.69000244140625,213.69000244140625
2024-06-05,214.3000030517578,214.3000030517578
2024-06-06,213.82000732421875,213.82000732421875
2024-06-07,212.72000122070312,212.72000122070312
2024-06-10,211.50999450683594,211.50999450683594
2024-06-11,211.72999572753906,211.72999572753906
2024-06-12,213.2899932861328,213.2899932861328
2024-06-13,213.44000244140625,213.44000244140625
2024-06-14,214.19000244140625,214.19000244140625
2024-06-17,214.05999755859375,214.05999755859375
2024-06-18,214.5399932861328,214.5399932861328
2024-06-19,214.11000061035156,214.11000061035156
2024-06-20,213.8000030517578,213.8000030517578
2024-06-21,213.92999267578125,213.92999267578125
2024-06-24,214.05999755859375,214.05999755859375
2024-06-25,214.14999389648438,214.14999389648438
2024-06-26,213.4499969482422,213.4499969482422
2024-06-27,213.2899932861328,213.2899932861328
2024-06-28,212.9199981689453,212.9199981689453
2024-07-01,211.9499969482422,211.9499969482422
2024-07-02,212.02000427246094,212.02000427246094
2024-07-03,213.00999450683594,213.00999450683594
2024-07-04,212.85000610351562,212.85000610351562
2024-07-05,213.52999877929688,213.52999877929688
2024-07-08,214.13999938964844,214.13999938964844
2024-07-09,213.24000549316406,213.24000549316406
2024-07-10,214.32000732421875,214.32000732421875
2024-07-11,215.11000061035156,215.11000061035156
2024-07-12,214.9600067138672,214.9600067138672
2024-07-15,215.3699951171875,215.3699951171875
2024-07-16,216.0500030517578,216.0500030517578
2024-07-17,216.02999877929688,216.02999877929688
2024-07-18,216.3000030517578,216.3000030517578
2024-07-19,215.47999572753906,215.47999572753906
2024-07-22,215.16000366210938,215.16000366210938
2024-07-23,215.7100067138672,215.7100067138672
2024-07-24,215.47999572753906,215.47999572753906
2024-07-25,215.74000549316406,215.74000549316406
2024-07-26,215.92999267578125,215.92999267578125
2024-07-29,216.72000122070312,216.72000122070312
2024-07-30,216.9499969482422,216.9499969482422
2024-07-31,217.58999633789062,217.58999633789062
2024-08-01,218.36000061035156,218.36000061035156
2024-08-02,218.7100067138672,218.7100067138672
2024-08-05,218.38999938964844,218.38999938964844
2024-08-06,218.6300048828125,218.6300048828125
2024-08-07,217.75999450683594,217.75999450683594
2024-08-08,217.82000732421875,217.82000732421875
2024-08-09,218.47999572753906,218.47999572753906
2024-08-12,218.75,218.75
2024-08-13,219.50999450683594,219.50999450683594
2024-08-14,219.41000366210938,219.41000366210938
2024-08-15,218.4499969482422,218.4499969482422
2024-08-16,218.39999389648438,218.39999389648438
2024-08-19,218.4600067138672,218.4600067138672
2024-08-20,219.2100067138672,219.2100067138672
2024-08-21,219.42999267578125,219.42999267578125
2024-08-22,218.99000549316406,218.99000549316406
2024-08-23,219.36000061035156,219.36000061035156
2024-08-26,219.10000610351562,219.10000610351562
2024-08-27,218.33999633789062,218.33999633789062
2024-08-28,218.66000366210938,218.66000366210938
2024-08-29,218.5,218.5
2024-08-30,218.32000732421875,218.32000732421875
2024-09-02,217.6699981689453,217.6699981689453
2024-09-03,218.4199981689453,218.4199981689453
2024-09-04,219.4499969482422,219.4499969482422
2024-09-05,219.8800048828125,219.8800048828125
2024-09-06,220.3800048828125,220.3800048828125
2024-09-09,220.16000366210938,220.16000366210938
2024-09-10,220.60000610351562,220.60000610351562
2024-09-11,221.22000122070312,221.22000122070312
2024-09-12,220.97000122070312,220.97000122070312
2024-09-13,221.1300048828125,221.1300048828125
2024-09-16,221.38999938964844,221.38999938964844
2024-09-17,220.9600067138672,220.9600067138672
2024-09-18,220.25,220.25
2024-09-19,220.05999755859375,220.05999755859375
2024-09-20,219.97000122070312,219.97000122070312
2024-09-23,220.4199981689453,220.4199981689453
2024-09-24,221.02000427246094,221.02000427246094
2024-09-25,220.32000732421875,220.32000732421875
2024-09-26,220.64999389648438,220.64999389648438
2024-09-27,221.10000610351562,221.10000610351562
2024-09-30,221.3300018310547,221.3300018310547
2024-10-01,222.47000122070312,222.47000122070312
2024-10-02,221.8699951171875,221.8699951171875
2024-10-03,221.1199951171875,221.1199951171875
2024-10-04,220.52999877929688,220.52999877929688
2024-10-07,219.91000366210938,219.91000366210938
2024-10-08,220.0,220.0
2024-10-09,219.9600067138672,219.9600067138672
2024-10-10,220.0500030517578,220.0500030517578
2024-10-11,219.88999938964844,219.88999938964844
2024-10-14,219.83999633789062,219.83999633789062
2024-10-15,220.6999969482422,220.6999969482422
2024-10-16,221.5500030517578,221.5500030517578
2024-10-17,221.5800018310547,221.5800018310547
2024-10-18,221.8300018310547,221.8300018310547
2024-10-21,220.22999572753906,220.22999572753906
2024-10-22,219.83999633789062,219.83999633789062
2024-10-23,219.75,219.75
2024-10-24,220.88999938964844,220.88999938964844
2024-10-25,220.11000061035156,220.11000061035156
2024-10-28,220.47000122070312,220.47000122070312
2024-10-29,219.72000122070312,219.72000122070312
2024-10-30,219.17999267578125,219.17999267578125
2024-10-31,218.8699951171875,218.8699951171875
2024-11-01,218.8000030517578,218.8000030517578
2024-11-04,219.22999572753906,219.22999572753906
2024-11-05,218.8699951171875,218.8699951171875
2024-11-06,218.5500030517578,218.5500030517578
2024-11-07,218.36000061035156,218.36000061035156
2024-11-08,219.22000122070312,219.22000122070312
2024-11-11,220.22000122070312,220.22000122070312
2024-11-12,219.75999450683594,219.75999450683594
2024-11-13,219.64999389648438,219.64999389648438
2024-11-14,220.44000244140625,220.44000244140625
2024-11-15,220.6300048828125,220.6300048828125
2024-11-18,220.11000061035156,220.11000061035156
2024-11-19,220.63999938964844,220.63999938964844
2024-11-20,220.3699951171875,220.3699951171875
2024-11-21,220.52999877929688,220.52999877929688
2024-11-22,221.38999938964844,221.38999938964844
2024-11-25,222.0,222.0
2024-11-26,222.1300048828125,222.1300048828125
2024-11-27,222.6199951171875,222.6199951171875
2024-11-28,223.47000122070312,223.47000122070312
2024-11-29,224.17999267578125,224.17999267578125
2024-12-02,224.5500030517578,224.5500030517578
2024-12-03,224.5500030517578,224.5500030517578
2024-12-04,224.85000610351562,224.85000610351562
2024-12-05,224.6999969482422,224.6999969482422
2024-12-06,224.7100067138672,224.7100067138672
2024-12-09,224.6300048828125,224.6300048828125
2024-12-10,224.72000122070312,224.72000122070312
2024-12-11,224.50999450683594,224.50999450683594
2024-12-12,223.17999267578125,223.17999267578125
2024-12-13,222.38999938964844,222.38999938964844
2024-12-16,222.27999877929688,222.27999877929688
2024-12-17,222.5,222.5
2024-12-18,222.14999389648438,222.14999389648438
2024-12-19,221.4499969482422,221.4499969482422
2024-12-20,221.88999938964844,221.88999938964844
2024-12-23,221.1199951171875,221.1199951171875
2024-12-27,220.3300018310547,220.3300018310547
2024-12-30,220.7899932861328,220.7899932861328
2025-01-02,220.5500030517578,220.5500030517578
2025-01-03,219.8000030517578,219.8000030517578
2025-01-06,219.74000549316406,219.74000549316406
2025-01-07,219.25,219.25
2025-01-08,218.6300048828125,218.6300048828125
2025-01-09,218.25999450683594,218.25999450683594
2025-01-10,217.77999877929688,217.77999877929688
2025-01-13,217.25,217.25
2025-01-14,216.92999267578125,216.92999267578125
2025-01-15,218.49000549316406,218.49000549316406
2025-01-16,218.72999572753906,218.72999572753906
2025-01-17,218.8699951171875,218.8699951171875
2025-01-20,219.0800018310547,219.0800018310547
2025-01-21,219.6199951171875,219.6199951171875
2025-01-22,219.57000732421875,219.57000732421875
2025-01-23,219.14999389648438,219.14999389648438
2025-01-24,218.8000030517578,218.8000030517578
2025-01-27,219.39999389648438,219.39999389648438
2025-01-28,219.0,219.0
2025-01-29,218.80999755859375,218.80999755859375
2025-01-30,219.66000366210938,219.66000366210938
2025-01-31,220.4199981689453,220.4199981689453
2025-02-03,221.6999969482422,221.6999969482422
2025-02-04,221.72999572753906,221.72999572753906
2025-02-05,222.27000427246094,222.27000427246094
2025-02-06,222.32000732421875,222.32000732421875
2025-02-07,222.07000732421875,222.07000732421875
2025-02-10,222.22000122070312,222.22000122070312
2025-02-11,221.0800018310547,221.0800018310547
2025-02-12,220.6300048828125,220.6300048828125
2025-02-13,221.6999969482422,221.6999969482422
2025-02-14,221.47999572753906,221.47999572753906
2025-02-17,220.72999572753906,220.72999572753906
2025-02-18,220.97000122070312,220.97000122070312
2025-02-19,219.8699951171875,219.8699951171875
2025-02-20,220.0500030517578,220.0500030517578
2025-02-21,220.97999572753906,220.97999572753906
2025-02-24,220.86000061035156,220.86000061035156
2025-02-25,221.2899932861328,221.2899932861328
2025-02-26,221.63999938964844,221.63999938964844
2025-02-27,221.83999633789062,221.83999633789062
2025-02-28,221.52000427246094,221.52000427246094
2025-03-03,220.75999450683594,220.75999450683594
2025-03-04,220.6999969482422,220.6999969482422
2025-03-05,216.99000549316406,216.99000549316406
2025-03-06,215.8699951171875,215.8699951171875
2025-03-07,216.3800048828125,216.3800048828125
2025-03-10,216.4499969482422,216.4499969482422
2025-03-11,216.0,216.0
2025-03-12,216.13999938964844,216.13999938964844
2025-03-13,216.25999450683594,216.25999450683594
2025-03-14,216.02999877929688,216.02999877929688
2025-03-17,217.30999755859375,217.30999755859375
2025-03-18,216.9600067138672,216.9600067138672
2025-03-19,217.35000610351562,217.35000610351562
2025-03-20,217.3300018310547,217.3300018310547
2025-03-21,217.52999877929688,217.52999877929688
2025-03-24,217.60000610351562,217.60000610351562
2025-03-25,217.3699951171875,217.3699951171875
2025-03-26,217.3699951171875,217.3699951171875
2025-03-27,217.6699981689453,217.6699981689453
2025-03-28,218.1300048828125,218.1300048828125
2025-03-31,218.0399932861328,218.0399932861328
2025-04-01,218.94000244140625,218.94000244140625
2025-04-02,218.50999450683594,218.50999450683594
2025-04-03,219.3000030517578,219.3000030517578
2025-04-04,220.1699981689453,220.1699981689453
2025-04-07,218.99000549316406,218.99000549316406
2025-04-08,219.11000061035156,219.11000061035156
2025-04-09,219.52999877929688,219.52999877929688
2025-04-10,220.08999633789062,220.08999633789062
2025-04-11,220.4499969482422,220.4499969482422
2025-04-14,221.05999755859375,221.05999755859375
2025-04-15,220.77000427246094,220.77000427246094
2025-04-16,221.32000732421875,221.32000732421875
2025-04-17,221.6699981689453,221.6699981689453
2025-04-22,222.24000549316406,222.24000549316406
2025-04-23,221.64999389648438,221.64999389648438
2025-04-24,222.72999572753906,222.72999572753906
2025-04-25,222.14999389648438,222.14999389648438
2025-04-28,221.67999267578125,221.67999267578125
2025-04-29,221.86000061035156,221.86000061035156
2025-04-30,222.4499969482422,222.4499969482422
2025-05-02,221.47000122070312,221.47000122070312
2025-05-05,221.5,221.5
2025-05-06,221.3800048828125,221.3800048828125
2025-05-07,222.3300018310547,222.3300018310547
2025-05-08,221.75,221.75
2025-05-09,221.30999755859375,221.30999755859375
2025-05-12,220.1699981689453,220.1699981689453
2025-05-13,219.77999877929688,219.77999877929688
2025-05-14,219.52000427246094,219.52000427246094
2025-05-15,220.8000030517578,220.8000030517578
2025-05-16,221.32000732421875,221.32000732421875
2025-05-19,221.38999938964844,221.38999938964844
2025-05-20,221.1300048828125,221.1300048828125
2025-05-21,220.58999633789062,220.58999633789062
2025-05-22,220.5,220.5
2025-05-23,221.1999969482422,221.1999969482422
2025-05-26,221.64999389648438,221.64999389648438
2025-05-27,222.1999969482422,222.1999969482422
2025-05-28,222.0399932861328,222.0399932861328
2025-05-29,222.82000732421875,222.82000732421875
2025-05-30,222.72000122070312,222.72000122070312
2025-06-02,222.5,222.5
2025-06-03,222.7100067138672,222.7100067138672
2025-06-04,222.58999633789062,222.58999633789062
2025-06-05,221.72000122070312,221.72000122070312
2025-06-06,222.19000244140625,222.19000244140625
2025-06-09,222.13999938964844,222.13999938964844
2025-06-10,222.94000244140625,222.94000244140625
2025-06-11,222.4199981689453,222.4199981689453
2025-06-12,223.27000427246094,223.27000427246094
2025-06-13,222.22000122070312,222.22000122070312
2025-06-16,222.5399932861328,222.5399932861328
2025-06-17,222.24000549316406,222.24000549316406
2025-06-18,222.77000427246094,222.77000427246094
2025-06-19,222.33999633789062,222.33999633789062
2025-06-20,222.4600067138672,222.4600067138672
2025-06-23,222.67999267578125,222.67999267578125
2025-06-24,222.38999938964844,222.38999938964844
2025-06-25,222.27999877929688,222.27999877929688
2025-06-26,222.50999450683594,222.50999450683594
2025-06-27,222.1699981689453,222.1699981689453
2025-06-30,222.00999450683594,222.00999450683594
2025-07-01,222.52000427246094,222.52000427246094
2025-07-02,221.69000244140625,221.69000244140625
2025-07-03,222.3699951171875,222.3699951171875
2025-07-04,222.4199981689453,222.4199981689453
2025-07-07,221.80999755859375,221.80999755859375
2025-07-08,221.27000427246094,221.27000427246094
2025-07-09,221.3699951171875,221.3699951171875
2025-07-10,220.8000030517578,220.8000030517578
2025-07-11,220.72999572753906,220.72999572753906
2025-07-14,220.52999877929688,220.52999877929688
2025-07-15,220.69000244140625,220.69000244140625
2025-07-16,220.99000549316406,220.99000549316406
2025-07-17,221.25999450683594,221.25999450683594
2025-07-18,221.08999633789062,221.08999633789062
2025-07-21,222.32000732421875,222.32000732421875
2025-07-22,222.6300048828125,222.6300048828125
2025-07-23,222.60000610351562,222.60000610351562
2025-07-24,221.3300018310547,221.3300018310547
2025-07-25,221.02000427246094,221.02000427246094
2025-07-28,221.4600067138672,221.4600067138672
2025-07-29,221.5,221.5
2025-07-30,221.24000549316406,221.24000549316406
2025-07-31,221.58999633789062,221.58999633789062
2025-08-01,221.35000610351562,221.35000610351562
2025-08-04,222.50999450683594,222.50999450683594
2025-08-05,222.5800018310547,222.5800018310547
2025-08-06,222.27000427246094,222.27000427246094
2025-08-07,222.5399932861328,222.5399932861328
2025-08-08,221.75,221.75
2025-08-11,221.6199951171875,221.6199951171875
2025-08-12,221.0,221.0
2025-08-13,222.0399932861328,222.0399932861328
2025-08-14,221.52999877929688,221.52999877929688
2025-08-15,220.35000610351562,220.35000610351562
2025-08-18,220.42999267578125,220.42999267578125
2025-08-19,220.75999450683594,220.75999450683594
2025-08-20,221.3000030517578,221.3000030517578
2025-08-21,220.72000122070312,220.72000122070312
2025-08-22,221.2100067138672,221.2100067138672
2025-08-25,220.41000366210938,220.41000366210938
2025-08-26,220.69000244140625,220.69000244140625
2025-08-27,220.66000366210938,220.66000366210938
2025-08-28,220.85000610351562,220.85000610351562
2025-08-29,220.5,220.5
2025-09-01,220.3800048828125,220.3800048828125
2025-09-02,219.4600067138672,219.4600067138672
2025-09-03,220.3300018310547,220.3300018310547
2025-09-04,220.72999572753906,220.72999572753906
2025-09-05,221.64999389648438,221.64999389648438
2025-09-08,222.0800018310547,222.0800018310547
2025-09-09,221.77000427246094,221.77000427246094
2025-09-10,222.0,222.0
2025-09-11,222.1199951171875,222.1199951171875
2025-09-12,221.3800048828125,221.3800048828125
2025-09-15,221.77999877929688,221.77999877929688
2025-09-16,221.86000061035156,221.86000061035156
2025-09-17,222.0399932861328,222.0399932861328
2025-09-18,221.1999969482422,221.1999969482422
2025-09-19,221.0800018310547,221.0800018310547
2025-09-22,220.9199981689453,220.9199981689453
2025-09-23,221.05999755859375,221.05999755859375
2025-09-24,220.99000549316406,220.99000549316406
2025-09-25,220.6999969482422,220.6999969482422
2025-09-26,221.05999755859375,221.05999755859375
2025-09-29,221.61000061035156,221.61000061035156
2025-09-30,221.72000122070312,221.72000122070312
2025-10-01,221.6699981689453,221.6699981689453
2025-10-02,221.89999389648438,221.89999389648438
2025-10-03,221.92999267578125,221.92999267578125
2025-10-06,221.64999389648438,221.64999389648438
2025-10-07,221.52999877929688,221.52999877929688
2025-10-08,222.22000122070312,222.22000122070312
2025-10-09,222.0800018310547,222.0800018310547
2025-10-10,222.91000366210938,222.91000366210938
2025-10-13,222.9499969482422,222.9499969482422
2025-10-14,223.52000427246094,223.52000427246094
2025-10-15,224.4600067138672,224.4600067138672
2025-10-16,224.33999633789062,224.33999633789062
2025-10-17,224.11000061035156,224.11000061035156
2025-10-20,224.1699981689453,224.1699981689453
2025-10-21,224.49000549316406,224.49000549316406
2025-10-22,224.61000061035156,224.61000061035156
2025-10-23,224.25,224.25
2025-10-24,223.3271942138672,223.3271942138672
2025-10-27,223.80999755859375,223.80999755859375
2025-10-28,223.7100067138672,223.7100067138672
2025-10-29,223.82000732421875,223.82000732421875
2025-10-30,223.9600067138672,223.9600067138672
2025-10-31,223.77000427246094,223.77000427246094
2025-11-03,223.47000122070312,223.47000122070312
2025-11-04,223.50999450683594,223.50999450683594
2025-11-05,223.2899932861328,223.2899932861328
2025-11-06,223.41000366210938,223.41000366210938
2025-11-07,223.3000030517578,223.3000030517578
2025-11-10,223.4600067138672,223.4600067138672
2025-11-11,223.64999389648438,223.64999389648438
2025-11-12,224.13999938964844,224.13999938964844
2025-11-13,223.4600067138672,223.4600067138672
2025-11-14,222.8000030517578,222.8000030517578
2025-11-17,222.9199981689453,222.9199981689453
2025-11-18,222.80999755859375,222.80999755859375
2025-11-19,222.9600067138672,222.9600067138672
2025-11-20,222.8800048828125,222.8800048828125
2025-11-21,222.97999572753906,222.97999572753906
2025-11-24,223.22000122070312,223.22000122070312
2025-11-25,223.50999450683594,223.50999450683594
2025-11-26,223.75999450683594,223.75999450683594
2025-11-27,223.60000610351562,223.60000610351562
2025-11-28,223.5500030517578,223.5500030517578
2025-12-01,222.69000244140625,222.69000244140625
2025-12-02,222.6300048828125,222.6300048828125
2025-12-03,222.75999450683594,222.75999450683594
2025-12-04,222.39999389648438,222.39999389648438
2025-12-05,222.1699981689453,222.1699981689453
2025-12-08,221.4600067138672,221.4600067138672
2025-12-09,221.75,221.75
2025-12-10,221.4600067138672,221.4600067138672
2025-12-11,221.7899932861328,221.7899932861328
2025-12-12,221.47000122070312,221.47000122070312
2025-12-15,221.63999938964844,221.63999938964844
2025-12-16,221.91000366210938,221.91000366210938
2025-12-17,221.88999938964844,221.88999938964844
2025-12-18,221.8000030517578,221.8000030517578
2025-12-19,221.3300018310547,221.3300018310547
2025-12-22,221.0800018310547,221.0800018310547
2025-12-23,221.91000366210938,221.91000366210938
2025-12-29,222.72999572753906,222.72999572753906
2025-12-30,222.27999877929688,222.27999877929688
2026-01-02,221.5399932861328,221.5399932861328
2026-01-05,221.89999389648438,221.89999389648438
2026-01-06,222.4499969482422,222.4499969482422
2026-01-07,222.8000030517578,222.8000030517578
2026-01-08,222.86000061035156,222.86000061035156
2026-01-09,222.77999877929688,222.77999877929688
2026-01-12,223.27999877929688,223.27999877929688
2026-01-13,223.00999450683594,223.00999450683594
2026-01-14,223.4199981689453,223.4199981689453
2026-01-15,223.6199951171875,223.6199951171875
2026-01-16,223.25999450683594,223.25999450683594
2026-01-19,223.4499969482422,223.4499969482422
2026-01-20,223.1999969482422,223.1999969482422
2026-01-21,222.69000244140625,222.69000244140625
2026-01-22,222.77999877929688,222.77999877929688
2026-01-23,222.80999755859375,222.80999755859375
2026-01-26,223.66000366210938,223.66000366210938
2026-01-27,223.50999450683594,223.50999450683594
2026-01-28,223.72000122070312,223.72000122070312
2026-01-29,223.80999755859375,223.80999755859375
2026-01-30,223.89999389648438,223.89999389648438
2026-02-02,223.50999450683594,223.50999450683594
2026-02-03,223.17999267578125,223.17999267578125
2026-02-04,223.5500030517578,223.5500030517578
2026-02-05,223.60000610351562,223.60000610351562
2026-02-06,223.77999877929688,223.77999877929688
2026-02-09,223.72000122070312,223.72000122070312
2026-02-10,224.25,224.25
2026-02-11,224.47000122070312,224.47000122070312
2026-02-12,224.83999633789062,224.83999633789062
2026-02-13,225.0399932861328,225.0399932861328
2026-02-16,225.17999267578125,225.17999267578125
2026-02-17,225.4199981689453,225.4199981689453
2026-02-18,225.57000732421875,225.57000732421875
2026-02-19,225.38999938964844,225.38999938964844
2026-02-20,225.75,225.75
2026-02-23,226.10000610351562,226.10000610351562
2026-02-24,226.13999938964844,226.13999938964844
2026-02-25,226.17999267578125,226.17999267578125
2026-02-26,226.4499969482422,226.4499969482422
2026-02-27,227.14999389648438,227.14999389648438
2026-03-02,226.08999633789062,226.08999633789062
2026-03-03,224.74000549316406,224.74000549316406
2026-03-04,225.3300018310547,225.3300018310547
2026-03-05,223.7100067138672,223.7100067138672
2026-03-06,223.13999938964844,223.13999938964844
2026-03-09,223.13999938964844,223.13999938964844
2026-03-10,223.91000366210938,223.91000366210938
2026-03-11,222.52000427246094,222.52000427246094
2026-03-12,221.8800048828125,221.8800048828125
2026-03-13,221.30999755859375,221.30999755859375
2026-03-16,222.02000427246094,222.02000427246094
2026-03-17,222.67999267578125,222.67999267578125
2026-03-18,221.97999572753906,221.97999572753906
2026-03-19,221.52999877929688,221.52999877929688
2026-03-20,220.05999755859375,220.05999755859375
2026-03-23,220.82000732421875,220.82000732421875
2026-03-24,220.44000244140625,220.44000244140625
2026-03-25,221.66000366210938,221.66000366210938
2026-03-26,219.6999969482422,219.6999969482422
2026-03-27,219.25999450683594,219.25999450683594
2026-03-30,220.1699981689453,220.1699981689453
2026-03-31,220.75,220.75
2026-04-01,221.19000244140625,221.19000244140625
2026-04-02,221.25999450683594,221.25999450683594
2026-04-07,219.8300018310547,219.8300018310547
2026-04-08,222.88999938964844,222.88999938964844
2026-04-09,222.0800018310547,222.0800018310547
2026-04-10,221.13999938964844,221.13999938964844
2026-04-13,220.4199981689453,220.4199981689453
2026-04-14,221.60000610351562,221.60000610351562
2026-04-15,221.30999755859375,221.30999755859375
2026-04-16,221.32000732421875,221.32000732421875
2026-04-17,222.82000732421875,222.82000732421875
2026-04-20,222.49000549316406,222.49000549316406
2026-04-21,221.89999389648438,221.89999389648438
2026-04-22,221.97999572753906,221.97999572753906
2026-04-23,221.86000061035156,221.86000061035156
2026-04-24,221.83999633789062,221.83999633789062
2026-04-27,221.36000061035156,221.36000061035156
2026-04-28,220.94000244140625,220.94000244140625
2026-04-29,220.64999389648438,220.64999389648438
2026-04-30,221.33999633789062,221.33999633789062
2026-05-04,220.77999877929688,220.77999877929688
2026-05-05,221.2100067138672,221.2100067138672
2026-05-06,222.5500030517578,222.5500030517578
2026-05-07,222.50999450683594,222.50999450683594
2026-05-08,222.52999877929688,222.52999877929688
2026-05-11,221.9600067138672,221.9600067138672
2026-05-12,221.05999755859375,221.05999755859375
2026-05-13,221.07000732421875,221.07000732421875
2026-05-14,221.8800048828125,221.8800048828125
2026-05-15,220.1999969482422,220.1999969482422
2026-05-18,220.3300018310547,220.3300018310547
2026-05-19,219.9199981689453,219.9199981689453
2026-05-20,221.63999938964844,221.63999938964844
2026-05-21,221.41000366210938,221.41000366210938
2026-05-22,222.3300018310547,222.3300018310547
2026-05-25,223.6699981689453,223.6699981689453
2026-05-26,223.1300048828125,223.1300048828125
2026-05-27,223.3000030517578,223.3000030517578
2026-05-28,223.69000244140625,223.69000244140625
2026-05-29,224.3000030517578,224.3000030517578
2026-06-01,222.8300018310547,222.8300018310547
2026-06-02,223.41000366210938,223.41000366210938
2026-06-03,222.35000610351562,222.35000610351562
2026-06-04,222.44000244140625,222.44000244140625
2026-06-05,222.25999450683594,222.25999450683594
2026-06-08,221.80999755859375,221.80999755859375
2026-06-09,221.9600067138672,221.9600067138672
2026-06-10,221.8300018310547,221.8300018310547
2026-06-11,222.36000061035156,222.36000061035156
2026-06-12,223.05999755859375,223.05999755859375
2026-06-15,223.75,223.75
2026-06-16,224.08999633789062,224.08999633789062
2026-06-17,224.1199951171875,224.1199951171875
2026-06-18,224.2100067138672,224.2100067138672
2026-06-19,223.27000427246094,223.27000427246094
2026-06-22,223.8800048828125,223.8800048828125
2026-06-23,224.2100067138672,224.2100067138672
2026-06-24,224.89999389648438,224.89999389648438
2026-06-25,225.1999969482422,225.1999969482422
2026-06-26,225.25,225.25
2026-06-29,224.9499969482422,224.9499969482422
2026-06-30,225.0,225.0
2026-07-01,224.6300048828125,224.6300048828125
2026-07-02,224.57000732421875,224.57000732421875
2026-07-03,224.1199951171875,224.1199951171875
2026-07-06,223.94000244140625,223.94000244140625
2026-07-07,223.2899932861328,223.2899932861328
2026-07-08,221.60000610351562,221.60000610351562
2026-07-09,222.22000122070312,222.22000122070312
2026-07-10,222.66000366210938,222.66000366210938
2026-07-13,222.0,222.0
2026-07-14,221.99000549316406,221.99000549316406
2026-07-15,222.05999755859375,222.05999755859375
2026-07-16,221.50999450683594,221.50999450683594
2026-07-17,221.67999267578125,221.67999267578125
2026-07-20,221.30999755859375,221.30999755859375
2026-07-21,221.11000061035156,221.11000061035156
2026-07-22,221.0500030517578,221.0500030517578
2026-07-23,220.41000366210938,220.41000366210938
2026-07-24,221.1999969482422,221.1999969482422
2026-07-27,221.91000366210938,221.91000366210938
2026-07-28,222.27000427246094,222.27000427246094
2026-07-29,221.50999450683594,221.50999450683594
2026-07-30,221.49000549316406,221.49000549316406
2026-07-31,221.05999755859375,221.05999755859375
2026-08-03,221.8000030517578,221.8000030517578
2026-08-04,222.5399932861328,222.5399932861328
2026-08-05,222.5399932861328,222.5399932861328
2026-08-06,222.19000244140625,222.19000244140625
2026-08-07,222.3699951171875,222.3699951171875
2026-08-10,221.5,221.5
2026-08-11,221.77000427246094,221.77000427246094
2026-08-12,222.10000610351562,222.10000610351562
2026-08-13,222.24000549316406,222.24000549316406
2026-08-14,221.1699981689453,221.1699981689453
2026-08-17,220.7899932861328,220.7899932861328
2026-08-18,220.08999633789062,220.08999633789062
2026-08-19,220.3300018310547,220.3300018310547
2026-08-20,220.2899932861328,220.2899932861328
2026-08-21,220.25999450683594,220.25999450683594
2026-08-24,220.3800048828125,220.3800048828125
2026-08-25,221.27999877929688,221.27999877929688
2026-08-26,220.8000030517578,220.8000030517578
2026-08-27,220.61000061035156,220.61000061035156
2026-08-28,220.3300018310547,220.3300018310547
2026-08-31,219.58999633789062,219.58999633789062
2026-09-01,219.5399932861328,219.5399932861328
2026-09-02,218.91000366210938,218.91000366210938
2026-09-03,219.55999755859375,219.55999755859375
2026-09-04,219.52000427246094,219.52000427246094
2026-09-07,218.99000549316406,218.99000549316406
2026-09-08,219.38999938964844,219.38999938964844
2026-09-09,218.2100067138672,218.2100067138672
2026-09-10,217.10000610351562,217.10000610351562
2026-09-11,217.16000366210938,217.16000366210938
2026-09-14,216.92999267578125,216.92999267578125
2026-09-15,216.61000061035156,216.61000061035156
2026-09-16,217.02000427246094,217.02000427246094
2026-09-17,217.52999877929688,217.52999877929688
2026-09-18,216.5500030517578,216.5500030517578
2026-09-21,217.6699981689453,217.6699981689453
2026-09-22,217.41000366210938,217.41000366210938
2026-09-23,216.1699981689453,216.1699981689453
2026-09-24,215.42999267578125,215.42999267578125
2026-09-25,215.4199981689453,215.4199981689453
2026-09-28,214.75,214.75
2026-09-29,214.77999877929688,214.77999877929688
2026-09-30,215.22000122070312,215.22000122070312
2026-10-01,214.5,214.5
2026-10-02,215.6199951171875,215.6199951171875
