Date,Close,Adj Close
2010-01-04,29.405000686645508,17.043315887451172
2010-01-05,29.645000457763672,17.182424545288086
2010-01-06,30.0,17.388185501098633
2010-01-07,29.954999923706055,17.362098693847656
2010-01-08,30.149999618530273,17.47513198852539
2010-01-11,30.110000610351562,17.45194435119629
2010-01-12,29.674999237060547,17.199810028076172
2010-01-13,29.78499984741211,17.26357078552246
2010-01-14,29.8700008392334,17.312837600708008
2010-01-15,29.6299991607666,17.17372703552246
2010-01-19,29.899999618530273,17.33022117614746
2010-01-20,29.434999465942383,17.060705184936523
2010-01-21,28.834999084472656,16.71294593811035
2010-01-22,28.149999618530273,16.315916061401367
2010-01-25,28.334999084472656,16.423133850097656
2010-01-26,28.155000686645508,16.318809509277344
2010-01-27,28.045000076293945,16.25505256652832
2010-01-28,27.75,16.08407211303711
2010-01-29,27.25,15.794268608093262
2010-02-01,28.149999618530273,16.315916061401367
2010-02-02,28.520000457763672,16.530370712280273
2010-02-03,28.274999618530273,16.38836097717285
2010-02-04,27.114999771118164,15.716029167175293
2010-02-05,27.1200008392334,15.718914031982422
2010-02-08,26.8700008392334,15.574020385742188
2010-02-09,27.434999465942383,15.901493072509766
2010-02-10,27.31999969482422,15.834839820861816
2010-02-11,27.78499984741211,16.10435676574707
2010-02-12,27.795000076293945,16.11014747619629
2010-02-16,28.450000762939453,16.489795684814453
2010-02-17,28.40999984741211,16.466611862182617
2010-02-18,28.56999969482422,16.559354782104492
2010-02-19,28.68000030517578,16.623106002807617
2010-02-22,28.28499984741211,16.394163131713867
2010-02-23,27.815000534057617,16.121747970581055
2010-02-24,27.989999771118164,16.223176956176758
2010-02-25,28.0049991607666,16.231870651245117
2010-02-26,28.06999969482422,16.26954460144043
2010-03-01,28.329999923706055,16.42024040222168
2010-03-02,28.565000534057617,16.556447982788086
2010-03-03,28.690000534057617,16.62889289855957
2010-03-04,28.540000915527344,16.541963577270508
2010-03-05,29.075000762939453,16.852046966552734
2010-03-08,29.030000686645508,16.825965881347656
2010-03-09,29.030000686645508,16.825965881347656
2010-03-10,29.28499984741211,16.97376251220703
2010-03-11,29.235000610351562,16.944787979125977
2010-03-12,29.25,16.953479766845703
2010-03-15,28.950000762939453,16.779598236083984
2010-03-16,29.209999084472656,16.930294036865234
2010-03-17,29.530000686645508,17.115774154663086
2010-03-18,29.09000015258789,16.860740661621094
2010-03-19,28.639999389648438,16.65804100036621
2010-03-22,28.565000534057617,16.61441993713379
2010-03-23,28.674999237060547,16.678396224975586
2010-03-24,28.510000228881836,16.582426071166992
2010-03-25,28.030000686645508,16.303251266479492
2010-03-26,28.040000915527344,16.30906105041504
2010-03-29,28.584999084472656,16.626049041748047
2010-03-30,28.6299991607666,16.6522274017334
2010-03-31,28.760000228881836,16.727834701538086
2010-04-01,29.270000457763672,17.024471282958984
2010-04-05,29.790000915527344,17.32691764831543
2010-04-06,29.790000915527344,17.32691764831543
2010-04-07,29.4950008392334,17.155338287353516
2010-04-08,29.600000381469727,17.216407775878906
2010-04-09,29.915000915527344,17.399621963500977
2010-04-12,29.985000610351562,17.44034194946289
2010-04-13,29.8799991607666,17.379274368286133
2010-04-14,30.165000915527344,17.5450382232666
2010-04-15,30.15999984741211,17.54212760925293
2010-04-16,29.649999618530273,17.24549674987793
2010-04-19,29.690000534057617,17.268760681152344
2010-04-20,30.270000457763672,17.606103897094727
2010-04-21,30.239999771118164,17.588659286499023
2010-04-22,30.315000534057617,17.632272720336914
2010-04-23,31.045000076293945,18.056867599487305
2010-04-26,30.940000534057617,17.995813369750977
2010-04-27,29.989999771118164,17.44325065612793
2010-04-28,30.295000076293945,17.620649337768555
2010-04-29,30.329999923706055,17.64100456237793
2010-04-30,29.954999923706055,17.422889709472656
2010-05-03,30.295000076293945,17.620649337768555
2010-05-04,29.485000610351562,17.149526596069336
2010-05-05,29.020000457763672,16.879060745239258
2010-05-06,28.030000686645508,16.303251266479492
2010-05-07,27.4950008392334,15.992079734802246
2010-05-10,28.670000076293945,16.675493240356445
2010-05-11,28.479999542236328,16.564983367919922
2010-05-12,28.875,16.794723510742188
2010-05-13,28.690000534057617,16.687116622924805
2010-05-14,28.1200008392334,16.3555850982666
2010-05-17,27.829999923706055,16.186918258666992
2010-05-18,27.614999771118164,16.061864852905273
2010-05-19,27.299999237060547,15.878656387329102
2010-05-20,26.079999923706055,15.169060707092285
2010-05-21,26.53499984741211,15.433697700500488
2010-05-24,25.93000030517578,15.081814765930176
2010-05-25,25.989999771118164,15.116708755493164
2010-05-26,25.934999465942383,15.08471965789795
2010-05-27,27.03499984741211,15.724519729614258
2010-05-28,26.524999618530273,15.427885055541992
2010-06-01,25.264999389648438,14.695022583007812
2010-06-02,26.360000610351562,15.33190631866455
2010-06-03,26.71500015258789,15.538390159606934
2010-06-04,25.774999618530273,14.991652488708496
2010-06-07,25.549999237060547,14.860774993896484
2010-06-08,25.975000381469727,15.10798454284668
2010-06-09,25.704999923706055,14.950939178466797
2010-06-10,26.9950008392334,15.701255798339844
2010-06-11,27.15999984741211,15.797223091125488
2010-06-14,27.020000457763672,15.715791702270508
2010-06-15,27.809999465942383,16.17527961730957
2010-06-16,27.790000915527344,16.163652420043945
2010-06-17,27.760000228881836,16.146203994750977
2010-06-18,27.80500030517578,16.246118545532227
2010-06-21,27.7450008392334,16.211055755615234
2010-06-22,26.934999465942383,15.737780570983887
2010-06-23,26.729999542236328,15.618005752563477
2010-06-24,26.170000076293945,15.290804862976074
2010-06-25,26.2450008392334,15.33462142944336
2010-06-28,25.889999389648438,15.127202033996582
2010-06-29,25.03499984741211,14.627641677856445
2010-06-30,24.84000015258789,14.513707160949707
2010-07-01,24.75,14.461113929748535
2010-07-02,24.690000534057617,14.426065444946289
2010-07-06,24.93000030517578,14.5662841796875
2010-07-07,25.809999465942383,15.080456733703613
2010-07-08,26.174999237060547,15.293720245361328
2010-07-09,26.309999465942383,15.372604370117188
2010-07-12,26.239999771118164,15.33169937133789
2010-07-13,26.55500030517578,15.515753746032715
2010-07-14,26.524999618530273,15.498225212097168
2010-07-15,26.4950008392334,15.480690956115723
2010-07-16,25.864999771118164,15.112597465515137
2010-07-19,26.030000686645508,15.209006309509277
2010-07-20,26.625,15.556656837463379
2010-07-21,26.190000534057617,15.30249309539795
2010-07-22,26.770000457763672,15.641385078430176
2010-07-23,26.889999389648438,15.7114896774292
2010-07-26,27.125,15.848804473876953
2010-07-27,26.9950008392334,15.772845268249512
2010-07-28,26.934999465942383,15.737780570983887
2010-07-29,26.975000381469727,15.761154174804688
2010-07-30,26.920000076293945,15.729020118713379
2010-08-02,27.860000610351562,16.27825164794922
2010-08-03,27.850000381469727,16.27240753173828
2010-08-04,28.065000534057617,16.398029327392578
2010-08-05,28.155000686645508,16.450613021850586
2010-08-06,27.81999969482422,16.2548828125
2010-08-09,27.934999465942383,16.322078704833984
2010-08-10,27.704999923706055,16.18769073486328
2010-08-11,26.8799991607666,15.705657005310059
2010-08-12,26.719999313354492,15.612162590026855
2010-08-13,26.674999237060547,15.58586597442627
2010-08-16,26.670000076293945,15.582948684692383
2010-08-17,27.114999771118164,15.842960357666016
2010-08-18,26.854999542236328,15.691045761108398
2010-08-19,26.420000076293945,15.436874389648438
2010-08-20,26.094999313354492,15.246986389160156
2010-08-23,26.104999542236328,15.25283145904541
2010-08-24,25.700000762939453,15.016191482543945
2010-08-25,25.6200008392334,14.969440460205078
2010-08-26,25.389999389648438,14.835063934326172
2010-08-27,26.049999237060547,15.220687866210938
2010-08-30,25.670000076293945,14.998666763305664
2010-08-31,25.600000381469727,14.957762718200684
2010-09-01,26.55500030517578,15.515753746032715
2010-09-02,26.774999618530273,15.64430046081543
2010-09-03,27.100000381469727,15.834195137023926
2010-09-07,26.69499969482422,15.597548484802246
2010-09-08,26.924999237060547,15.731943130493164
2010-09-09,26.979999542236328,15.764073371887207
2010-09-10,27.260000228881836,15.927681922912598
2010-09-13,27.479999542236328,16.05622100830078
2010-09-14,27.385000228881836,16.000709533691406
2010-09-15,27.329999923706055,15.968575477600098
2010-09-16,27.204999923706055,15.895544052124023
2010-09-17,26.94499969482422,15.816012382507324
2010-09-20,27.399999618530273,16.083084106445312
2010-09-21,27.420000076293945,16.09482765197754
2010-09-22,27.219999313354492,15.977428436279297
2010-09-23,27.049999237060547,15.877640724182129
2010-09-24,27.635000228881836,16.221019744873047
2010-09-27,27.530000686645508,16.159387588500977
2010-09-28,27.725000381469727,16.273849487304688
2010-09-29,28.020000457763672,16.447006225585938
2010-09-30,28.030000686645508,16.452880859375
2010-10-01,28.405000686645508,16.672990798950195
2010-10-04,28.049999237060547,16.464609146118164
2010-10-05,28.709999084472656,16.85201644897461
2010-10-06,28.96500015258789,17.001693725585938
2010-10-07,28.81999969482422,16.91658592224121
2010-10-08,29.18000030517578,17.12789535522461
2010-10-11,29.260000228881836,17.174854278564453
2010-10-12,29.21500015258789,17.1484375
2010-10-13,29.56999969482422,17.356815338134766
2010-10-14,29.524999618530273,17.330398559570312
2010-10-15,29.604999542236328,17.377361297607422
2010-10-18,29.684999465942383,17.424312591552734
2010-10-19,29.094999313354492,17.078001022338867
2010-10-20,29.469999313354492,17.298114776611328
2010-10-21,29.454999923706055,17.289316177368164
2010-10-22,29.649999618530273,17.403772354125977
2010-10-25,29.729999542236328,17.45073127746582
2010-10-26,29.790000915527344,17.485944747924805
2010-10-27,29.665000915527344,17.41257667541504
2010-10-28,29.600000381469727,17.374425888061523
2010-10-29,29.6200008392334,17.38616180419922
2010-11-01,29.655000686645508,17.40670394897461
2010-11-02,29.979999542236328,17.597475051879883
2010-11-03,30.045000076293945,17.6356201171875
2010-11-04,31.0,18.196184158325195
2010-11-05,31.155000686645508,18.287174224853516
2010-11-08,31.25,18.342933654785156
2010-11-09,31.190000534057617,18.307710647583008
2010-11-10,31.59000015258789,18.542495727539062
2010-11-11,31.940000534057617,18.747943878173828
2010-11-12,31.469999313354492,18.47205924987793
2010-11-15,31.309999465942383,18.378150939941406
2010-11-16,30.725000381469727,18.034770965576172
2010-11-17,30.850000381469727,18.108144760131836
2010-11-18,31.530000686645508,18.507287979125977
2010-11-19,31.795000076293945,18.662832260131836
2010-11-22,31.69499969482422,18.604135513305664
2010-11-23,31.075000762939453,18.24020767211914
2010-11-24,31.635000228881836,18.56891632080078
2010-11-26,31.2549991607666,18.345861434936523
2010-11-29,31.46500015258789,18.46912956237793
2010-11-30,31.354999542236328,18.404565811157227
2010-12-01,32.28499984741211,18.950454711914062
2010-12-02,32.76499938964844,19.232196807861328
2010-12-03,32.90999984741211,19.317306518554688
2010-12-06,33.02000045776367,19.381877899169922
2010-12-07,32.89500045776367,19.308502197265625
2010-12-08,32.7400016784668,19.217517852783203
2010-12-09,32.814998626708984,19.26154136657715
2010-12-10,32.95000076293945,19.340782165527344
2010-12-13,33.22999954223633,19.505138397216797
2010-12-14,33.07500076293945,19.41415786743164
2010-12-15,32.89500045776367,19.308502197265625
2010-12-16,33.08000183105469,19.417095184326172
2010-12-17,32.94499969482422,19.423877716064453
2010-12-20,33.15999984741211,19.550642013549805
2010-12-21,33.494998931884766,19.748144149780273
2010-12-22,33.61000061035156,19.815946578979492
2010-12-23,33.70500183105469,19.871963500976562
2010-12-27,33.584999084472656,19.801206588745117
2010-12-28,33.709999084472656,19.874910354614258
2010-12-29,34.04499816894531,20.07241439819336
2010-12-30,34.07500076293945,20.090110778808594
2010-12-31,34.125,20.119586944580078
2011-01-03,34.380001068115234,20.269920349121094
2011-01-04,34.084999084472656,20.095996856689453
2011-01-05,34.220001220703125,20.175588607788086
2011-01-06,33.89500045776367,19.983976364135742
2011-01-07,34.13999938964844,20.12842559814453
2011-01-10,34.005001068115234,20.048837661743164
2011-01-11,34.56999969482422,20.38195037841797
2011-01-12,35.04499816894531,20.661998748779297
2011-01-13,34.94499969482422,20.603042602539062
2011-01-14,35.32500076293945,20.827085494995117
2011-01-18,35.54499816894531,20.956790924072266
2011-01-19,35.1150016784668,20.70326805114746
2011-01-20,34.8650016784668,20.555879592895508
2011-01-21,35.04999923706055,20.66495704650879
2011-01-24,35.18000030517578,20.74159049987793
2011-01-25,35.08000183105469,20.682640075683594
2011-01-26,35.91999816894531,21.177888870239258
2011-01-27,35.709999084472656,21.054080963134766
2011-01-28,35.55500030517578,20.96269416809082
2011-01-31,36.57500076293945,21.564067840576172
2011-02-01,37.16999816894531,21.91486930847168
2011-02-02,37.13999938964844,21.89718246459961
2011-02-03,37.15999984741211,21.90898323059082
2011-02-04,37.064998626708984,21.852962493896484
2011-02-07,37.279998779296875,21.979721069335938
2011-02-08,37.154998779296875,21.90602684020996
2011-02-09,36.685001373291016,21.628915786743164
2011-02-10,37.060001373291016,21.850013732910156
2011-02-11,37.05500030517578,21.847070693969727
2011-02-14,37.869998931884766,22.327579498291016
2011-02-15,37.474998474121094,22.094694137573242
2011-02-16,37.974998474121094,22.389484405517578
2011-02-17,38.349998474121094,22.61058235168457
2011-02-18,38.5099983215332,22.704919815063477
2011-02-22,38.1349983215332,22.483823776245117
2011-02-23,38.90999984741211,22.940744400024414
2011-02-24,38.36000061035156,22.616470336914062
2011-02-25,38.970001220703125,22.97612190246582
2011-02-28,39.27000045776367,23.15300941467285
2011-03-01,38.53499984741211,22.719654083251953
2011-03-02,38.755001068115234,22.849361419677734
2011-03-03,39.41999816894531,23.24143409729004
2011-03-04,39.16999816894531,23.09404182434082
2011-03-07,38.89500045776367,22.931901931762695
2011-03-08,38.57500076293945,22.743228912353516
2011-03-09,38.310001373291016,22.586999893188477
2011-03-10,36.915000915527344,21.764522552490234
2011-03-11,37.55500030517578,22.1418514251709
2011-03-14,37.7599983215332,22.26272201538086
2011-03-15,37.474998474121094,22.094694137573242
2011-03-16,36.875,21.740943908691406
2011-03-17,38.0,22.40423011779785
2011-03-18,37.69499969482422,22.299222946166992
2011-03-21,38.84000015258789,22.976564407348633
2011-03-22,38.755001068115234,22.926286697387695
2011-03-23,38.85499954223633,22.98544692993164
2011-03-24,38.994998931884766,23.068252563476562
2011-03-25,39.345001220703125,23.275310516357422
2011-03-28,39.25,23.219114303588867
2011-03-29,39.72999954223633,23.503061294555664
2011-03-30,40.005001068115234,23.665740966796875
2011-03-31,39.875,23.588842391967773
2011-04-01,39.994998931884766,23.659833908081055
2011-04-04,40.02000045776367,23.674623489379883
2011-04-05,40.13999938964844,23.74560546875
2011-04-06,39.720001220703125,23.497150421142578
2011-04-07,39.720001220703125,23.497150421142578
2011-04-08,39.86000061035156,23.579971313476562
2011-04-11,39.07500076293945,23.115581512451172
2011-04-12,37.8650016784668,22.399789810180664
2011-04-13,38.02000045776367,22.491483688354492
2011-04-14,38.279998779296875,22.645292282104492
2011-04-15,38.595001220703125,22.831634521484375
2011-04-18,38.02000045776367,22.491483688354492
2011-04-19,38.404998779296875,22.719242095947266
2011-04-20,39.310001373291016,23.254606246948242
2011-04-21,39.4900016784668,23.361093521118164
2011-04-25,39.28499984741211,23.23981285095215
2011-04-26,39.67499923706055,23.470535278320312
2011-04-27,39.654998779296875,23.45869255065918
2011-04-28,39.650001525878906,23.455734252929688
2011-04-29,40.2400016784668,23.804773330688477
2011-05-02,39.70500183105469,23.488269805908203
2011-05-03,38.709999084472656,22.899673461914062
2011-05-04,38.025001525878906,22.494441986083984
2011-05-05,37.23500061035156,22.027103424072266
2011-05-06,37.400001525878906,22.12470817565918
2011-05-09,38.05500030517578,22.512189865112305
2011-05-10,38.23500061035156,22.618669509887695
2011-05-11,37.130001068115234,21.964981079101562
2011-05-12,37.07500076293945,21.932451248168945
2011-05-13,36.89500045776367,21.82596206665039
2011-05-16,36.6150016784668,21.660327911376953
2011-05-17,36.6150016784668,21.660327911376953
2011-05-18,37.35499954223633,22.098094940185547
2011-05-19,37.36000061035156,22.101045608520508
2011-05-20,37.314998626708984,22.074419021606445
2011-05-23,36.73500061035156,21.731313705444336
2011-05-24,37.255001068115234,22.038930892944336
2011-05-25,37.8849983215332,22.41162109375
2011-05-26,38.07500076293945,22.524015426635742
2011-05-27,38.16999816894531,22.58022117614746
2011-05-31,38.55500030517578,22.80797576904297
2011-06-01,37.6349983215332,22.26372718811035
2011-06-02,37.619998931884766,22.254852294921875
2011-06-03,37.630001068115234,22.260774612426758
2011-06-06,36.779998779296875,21.757930755615234
2011-06-07,36.779998779296875,21.757930755615234
2011-06-08,36.88999938964844,21.82301139831543
2011-06-09,37.38999938964844,22.118799209594727
2011-06-10,36.665000915527344,21.689912796020508
2011-06-13,36.084999084472656,21.34679412841797
2011-06-14,36.85499954223633,21.80230140686035
2011-06-15,36.0099983215332,21.302427291870117
2011-06-16,36.064998626708984,21.334962844848633
2011-06-17,35.84000015258789,21.280040740966797
2011-06-20,35.939998626708984,21.33941650390625
2011-06-21,36.654998779296875,21.763938903808594
2011-06-22,36.54999923706055,21.701608657836914
2011-06-23,36.150001525878906,21.464099884033203
2011-06-24,35.46500015258789,21.0573787689209
2011-06-27,35.654998779296875,21.170198440551758
2011-06-28,36.69499969482422,21.787696838378906
2011-06-29,37.125,22.043012619018555
2011-06-30,37.67499923706055,22.369579315185547
2011-07-01,38.029998779296875,22.58034896850586
2011-07-05,38.26499938964844,22.719890594482422
2011-07-06,38.19499969482422,22.678319931030273
2011-07-07,38.77000045776367,23.019739151000977
2011-07-08,38.44499969482422,22.82676124572754
2011-07-11,37.53499984741211,22.286453247070312
2011-07-12,37.39500045776367,22.203330993652344
2011-07-13,37.67499923706055,22.369579315185547
2011-07-14,37.42499923706055,22.22113609313965
2011-07-15,38.43000030517578,22.817855834960938
2011-07-18,38.29999923706055,22.74066925048828
2011-07-19,39.0,23.15630340576172
2011-07-20,38.900001525878906,23.09691619873047
2011-07-21,39.665000915527344,23.55113410949707
2011-07-22,39.8650016784668,23.66988754272461
2011-07-25,39.70500183105469,23.574888229370117
2011-07-26,39.51499938964844,23.462066650390625
2011-07-27,38.77000045776367,23.019739151000977
2011-07-28,38.61000061035156,22.924728393554688
2011-07-29,38.224998474121094,22.696134567260742
2011-08-01,38.16999816894531,22.663490295410156
2011-08-02,37.10499954223633,22.031131744384766
2011-08-03,36.89500045776367,21.906444549560547
2011-08-04,34.3650016784668,20.404253005981445
2011-08-05,34.03499984741211,20.20832061767578
2011-08-08,31.139999389648438,18.489408493041992
2011-08-09,32.724998474121094,19.430498123168945
2011-08-10,31.594999313354492,18.759571075439453
2011-08-11,33.23500061035156,19.733320236206055
2011-08-12,33.47999954223633,19.878786087036133
2011-08-15,34.61000061035156,20.549726486206055
2011-08-16,34.03499984741211,20.20832061767578
2011-08-17,34.16999816894531,20.288476943969727
2011-08-18,32.189998626708984,19.112850189208984
2011-08-19,31.6200008392334,18.77440643310547
2011-08-22,31.364999771118164,18.623004913330078
2011-08-23,32.779998779296875,19.463153839111328
2011-08-24,32.974998474121094,19.578943252563477
2011-08-25,32.279998779296875,19.166284561157227
2011-08-26,32.904998779296875,19.537382125854492
2011-08-29,33.8650016784668,20.107383728027344
2011-08-30,34.064998626708984,20.226133346557617
2011-08-31,34.31999969482422,20.37753677368164
2011-09-01,34.060001373291016,20.223163604736328
2011-09-02,33.11000061035156,19.65909194946289
2011-09-06,32.75,19.445348739624023
2011-09-07,33.95000076293945,20.157852172851562
2011-09-08,33.55500030517578,19.923322677612305
2011-09-09,32.44499969482422,19.26426124572754
2011-09-12,32.599998474121094,19.35628890991211
2011-09-13,32.689998626708984,19.40972900390625
2011-09-14,33.095001220703125,19.650192260742188
2011-09-15,33.75,20.039104461669922
2011-09-16,33.54499816894531,19.99558448791504
2011-09-19,33.01499938964844,19.67966079711914
2011-09-20,32.810001373291016,19.557462692260742
2011-09-21,31.44499969482422,18.74381446838379
2011-09-22,29.670000076293945,17.685768127441406
2011-09-23,29.350000381469727,17.49502182006836
2011-09-26,30.420000076293945,18.132831573486328
2011-09-27,30.864999771118164,18.398088455200195
2011-09-28,29.854999542236328,17.796039581298828
2011-09-29,30.139999389648438,17.965923309326172
2011-09-30,29.2549991607666,17.43839454650879
2011-10-03,28.260000228881836,16.845294952392578
2011-10-04,29.184999465942383,17.39667320251465
2011-10-05,30.260000228881836,18.037456512451172
2011-10-06,30.829999923706055,18.37721824645996
2011-10-07,30.450000762939453,18.150712966918945
2011-10-10,31.829999923706055,18.973297119140625
2011-10-11,31.895000457763672,19.01205062866211
2011-10-12,32.064998626708984,19.113384246826172
2011-10-13,32.02000045776367,19.086557388305664
2011-10-14,33.29999923706055,19.84954833984375
2011-10-17,32.69499969482422,19.488916397094727
2011-10-18,33.744998931884766,20.114805221557617
2011-10-19,33.39500045776367,19.906171798706055
2011-10-20,33.654998779296875,20.0611515045166
2011-10-21,34.275001525878906,20.430727005004883
2011-10-24,34.724998474121094,20.69896697998047
2011-10-25,34.0,20.266801834106445
2011-10-26,34.73500061035156,20.704925537109375
2011-10-27,36.275001525878906,21.622896194458008
2011-10-28,36.52000045776367,21.768924713134766
2011-10-31,34.85499954223633,20.77644920349121
2011-11-01,33.72999954223633,20.10586166381836
2011-11-02,34.744998931884766,20.710887908935547
2011-11-03,35.65999984741211,21.256301879882812
2011-11-04,35.630001068115234,21.238420486450195
2011-11-07,35.82500076293945,21.35465431213379
2011-11-08,36.40999984741211,21.7033634185791
2011-11-09,34.79999923706055,20.743667602539062
2011-11-10,35.404998779296875,21.10430335998535
2011-11-11,36.130001068115234,21.536462783813477
2011-11-14,35.654998779296875,21.253318786621094
2011-11-15,35.6150016784668,21.229476928710938
2011-11-16,35.08000183105469,20.910573959350586
2011-11-17,34.279998779296875,20.433704376220703
2011-11-18,34.07500076293945,20.311504364013672
2011-11-21,33.46500015258789,19.947898864746094
2011-11-22,33.150001525878906,19.7601318359375
2011-11-23,32.14500045776367,19.16107177734375
2011-11-25,31.915000915527344,19.02397346496582
2011-11-28,33.11000061035156,19.736291885375977
2011-11-29,33.584999084472656,20.019426345825195
2011-11-30,35.435001373291016,21.12218475341797
2011-12-01,35.2400016784668,21.005950927734375
2011-12-02,35.209999084472656,20.988061904907227
2011-12-05,35.64500045776367,21.247360229492188
2011-12-06,35.63999938964844,21.2443790435791
2011-12-07,35.29999923706055,21.041711807250977
2011-12-08,34.314998626708984,20.454566955566406
2011-12-09,35.095001220703125,20.919513702392578
2011-12-12,34.275001525878906,20.430727005004883
2011-12-13,33.95500183105469,20.239973068237305
2011-12-14,33.0,19.670719146728516
2011-12-15,32.86000061035156,19.587268829345703
2011-12-16,33.06999969482422,19.795886993408203
2011-12-19,32.4900016784668,19.448699951171875
2011-12-20,33.82500076293945,20.247833251953125
2011-12-21,34.20000076293945,20.47231101989746
2011-12-22,34.599998474121094,20.711748123168945
2011-12-23,34.79999923706055,20.831472396850586
2011-12-27,34.88999938964844,20.885353088378906
2011-12-28,34.224998474121094,20.487274169921875
2011-12-29,34.58000183105469,20.699777603149414
2011-12-30,34.564998626708984,20.690799713134766
2012-01-03,35.525001525878906,21.265459060668945
2012-01-04,35.599998474121094,21.31035041809082
2012-01-05,35.43000030517578,21.208589553833008
2012-01-06,35.220001220703125,21.082889556884766
2012-01-09,35.38999938964844,21.184648513793945
2012-01-10,35.70500183105469,21.37321662902832
2012-01-11,35.224998474121094,21.085880279541016
2012-01-12,34.89500045776367,20.888341903686523
2012-01-13,34.720001220703125,20.783586502075195
2012-01-17,34.96500015258789,20.930246353149414
2012-01-18,35.540000915527344,21.274438858032227
2012-01-19,35.685001373291016,21.361244201660156
2012-01-20,35.689998626708984,21.364227294921875
2012-01-23,35.974998474121094,21.534826278686523
2012-01-24,35.869998931884766,21.471973419189453
2012-01-25,36.310001373291016,21.735363006591797
2012-01-26,35.814998626708984,21.43906021118164
2012-01-27,35.7400016784668,21.394161224365234
2012-01-30,35.56999969482422,21.292402267456055
2012-01-31,35.345001220703125,21.157711029052734
2012-02-01,35.48500061035156,21.24152183532715
2012-02-02,35.755001068115234,21.403135299682617
2012-02-03,36.3849983215332,21.780263900756836
2012-02-06,36.81999969482422,22.04065704345703
2012-02-07,37.0099983215332,22.154390335083008
2012-02-08,36.8849983215332,22.079559326171875
2012-02-09,36.88999938964844,22.082557678222656
2012-02-10,36.52000045776367,21.8610782623291
2012-02-13,36.810001373291016,22.034671783447266
2012-02-14,36.875,22.073583602905273
2012-02-15,36.814998626708984,22.037654876708984
2012-02-16,37.29499816894531,22.32498550415039
2012-02-17,37.435001373291016,22.408796310424805
2012-02-21,37.689998626708984,22.561445236206055
2012-02-22,37.775001525878906,22.61232566833496
2012-02-23,37.96500015258789,22.726064682006836
2012-02-24,38.1150016784668,22.815853118896484
2012-02-27,37.994998931884766,22.744020462036133
2012-02-28,37.869998931884766,22.669189453125
2012-02-29,37.439998626708984,22.411792755126953
2012-03-01,37.79999923706055,22.62728500366211
2012-03-02,37.369998931884766,22.369892120361328
2012-03-05,37.130001068115234,22.22621726989746
2012-03-06,36.525001525878906,21.86406898498535
2012-03-07,36.83000183105469,22.046648025512695
2012-03-08,37.130001068115234,22.22621726989746
2012-03-09,37.095001220703125,22.205276489257812
2012-03-12,36.88999938964844,22.082557678222656
2012-03-13,37.334999084472656,22.348934173583984
2012-03-14,36.974998474121094,22.133438110351562
2012-03-15,37.03499984741211,22.169353485107422
2012-03-16,37.400001525878906,22.474323272705078
2012-03-19,37.56999969482422,22.576480865478516
2012-03-20,37.005001068115234,22.236963272094727
2012-03-21,36.564998626708984,21.972551345825195
2012-03-22,35.7400016784668,21.47679328918457
2012-03-23,36.130001068115234,21.711153030395508
2012-03-26,36.400001525878906,21.87340545654297
2012-03-27,36.03499984741211,21.65406608581543
2012-03-28,35.584999084472656,21.383651733398438
2012-03-29,35.584999084472656,21.383651733398438
2012-03-30,35.875,21.55791664123535
2012-04-02,36.224998474121094,21.768239974975586
2012-04-03,35.90999984741211,21.578941345214844
2012-04-04,35.45000076293945,21.302536010742188
2012-04-05,35.25,21.182344436645508
2012-04-09,34.80500030517578,20.914939880371094
2012-04-10,34.119998931884766,20.503311157226562
2012-04-11,34.130001068115234,20.509321212768555
2012-04-12,34.875,20.957002639770508
2012-04-13,34.349998474121094,20.641517639160156
2012-04-16,34.119998931884766,20.503311157226562
2012-04-17,34.67499923706055,20.836820602416992
2012-04-18,34.60499954223633,20.79475212097168
2012-04-19,34.560001373291016,20.76771354675293
2012-04-20,34.47999954223633,20.71964454650879
2012-04-23,34.44499969482422,20.698612213134766
2012-04-24,34.70000076293945,20.85184097290039
2012-04-25,35.04499816894531,21.059162139892578
2012-04-26,35.415000915527344,21.28150749206543
2012-04-27,35.400001525878906,21.27248764038086
2012-04-30,35.619998931884766,21.404682159423828
2012-05-01,36.130001068115234,21.711153030395508
2012-05-02,35.540000915527344,21.356616973876953
2012-05-03,34.95000076293945,21.002077102661133
2012-05-04,34.150001525878906,20.521333694458008
2012-05-07,34.04999923706055,20.46125030517578
2012-05-08,33.939998626708984,20.395151138305664
2012-05-09,33.775001525878906,20.29599952697754
2012-05-10,33.91999816894531,20.383129119873047
2012-05-11,33.66999816894531,20.232894897460938
2012-05-14,33.11000061035156,19.896390914916992
2012-05-15,32.560001373291016,19.56588363647461
2012-05-16,32.375,19.454710006713867
2012-05-17,32.16999816894531,19.331523895263672
2012-05-18,31.969999313354492,19.211336135864258
2012-05-21,32.70500183105469,19.653011322021484
2012-05-22,32.625,19.604938507080078
2012-05-23,32.744998931884766,19.677045822143555
2012-05-24,32.720001220703125,19.662023544311523
2012-05-25,32.564998626708984,19.568885803222656
2012-05-29,33.11000061035156,19.896390914916992
2012-05-30,32.095001220703125,19.286455154418945
2012-05-31,31.815000534057617,19.11819076538086
2012-06-01,31.020000457763672,18.64046859741211
2012-06-04,30.9950008392334,18.625450134277344
2012-06-05,31.260000228881836,18.78468132019043
2012-06-06,32.224998474121094,19.36457633972168
2012-06-07,32.244998931884766,19.376588821411133
2012-06-08,32.25,19.379592895507812
2012-06-11,31.809999465942383,19.115192413330078
2012-06-12,32.2599983215332,19.385601043701172
2012-06-13,31.850000381469727,19.13922691345215
2012-06-14,32.349998474121094,19.43968391418457
2012-06-15,32.810001373291016,19.811338424682617
2012-06-18,32.51499938964844,19.63321304321289
2012-06-19,32.98500061035156,19.91701316833496
2012-06-20,32.85499954223633,19.838510513305664
2012-06-21,31.510000228881836,19.026371002197266
2012-06-22,31.719999313354492,19.15317153930664
2012-06-25,31.010000228881836,18.724464416503906
2012-06-26,31.344999313354492,18.92673683166504
2012-06-27,31.9950008392334,19.319223403930664
2012-06-28,32.21500015258789,19.45206642150879
2012-06-29,33.185001373291016,20.037771224975586
2012-07-02,33.20000076293945,20.04682731628418
2012-07-03,33.994998931884766,20.52686882019043
2012-07-05,33.54999923706055,20.25815773010254
2012-07-06,33.14500045776367,20.01362419128418
2012-07-09,32.994998931884766,19.92304801940918
2012-07-10,32.47999954223633,19.61207389831543
2012-07-11,32.91999816894531,19.877756118774414
2012-07-12,32.810001373291016,19.811338424682617
2012-07-13,33.3849983215332,20.158533096313477
2012-07-16,33.494998931884766,20.22495460510254
2012-07-17,33.915000915527344,20.478561401367188
2012-07-18,34.209999084472656,20.656679153442383
2012-07-19,34.314998626708984,20.7200927734375
2012-07-20,34.39500045776367,20.768394470214844
2012-07-23,34.064998626708984,20.569133758544922
2012-07-24,33.52000045776367,20.240047454833984
2012-07-25,33.54499816894531,20.255138397216797
2012-07-26,34.5,20.831804275512695
2012-07-27,35.11000061035156,21.20012664794922
2012-07-30,35.209999084472656,21.260498046875
2012-07-31,34.82500076293945,21.028034210205078
2012-08-01,34.994998931884766,21.130687713623047
2012-08-02,34.40999984741211,20.777442932128906
2012-08-03,35.220001220703125,21.266542434692383
2012-08-06,35.314998626708984,21.323904037475586
2012-08-07,35.845001220703125,21.643932342529297
2012-08-08,35.875,21.66204261779785
2012-08-09,36.119998931884766,21.809980392456055
2012-08-10,36.185001373291016,21.8492431640625
2012-08-13,36.04999923706055,21.76771354675293
2012-08-14,35.98500061035156,21.728469848632812
2012-08-15,35.97999954223633,21.725446701049805
2012-08-16,36.29999923706055,21.91866683959961
2012-08-17,36.28499984741211,21.909610748291016
2012-08-20,36.15999984741211,21.834136962890625
2012-08-21,36.04499816894531,21.76470375061035
2012-08-22,36.18000030517578,21.846210479736328
2012-08-23,35.779998779296875,21.604677200317383
2012-08-24,35.9900016784668,21.731487274169922
2012-08-27,36.005001068115234,21.740550994873047
2012-08-28,36.029998779296875,21.755638122558594
2012-08-29,35.790000915527344,21.6107120513916
2012-08-30,35.40999984741211,21.381271362304688
2012-08-31,35.76499938964844,21.595630645751953
2012-09-04,35.4900016784668,21.42957305908203
2012-09-05,35.35499954223633,21.348052978515625
2012-09-06,36.099998474121094,21.797910690307617
2012-09-07,36.724998474121094,22.175283432006836
2012-09-10,36.564998626708984,22.07868194580078
2012-09-11,36.95500183105469,22.314170837402344
2012-09-12,37.18000030517578,22.45003890991211
2012-09-13,37.78499984741211,22.81534194946289
2012-09-14,38.28499984741211,23.117259979248047
2012-09-17,37.994998931884766,22.942150115966797
2012-09-18,37.724998474121094,22.779117584228516
2012-09-19,37.36000061035156,22.5587158203125
2012-09-20,37.46500015258789,22.62212562561035
2012-09-21,37.34000015258789,22.647594451904297
2012-09-24,37.150001525878906,22.532360076904297
2012-09-25,36.744998931884766,22.286710739135742
2012-09-26,36.39500045776367,22.074426651000977
2012-09-27,36.88999938964844,22.37466049194336
2012-09-28,36.71500015258789,22.26852035522461
2012-10-01,36.900001525878906,22.380725860595703
2012-10-02,36.96500015258789,22.420141220092773
2012-10-03,36.5099983215332,22.144182205200195
2012-10-04,36.875,22.36556053161621
2012-10-05,36.790000915527344,22.314002990722656
2012-10-08,36.849998474121094,22.350400924682617
2012-10-09,36.900001525878906,22.380725860595703
2012-10-10,36.209999084472656,21.962223052978516
2012-10-11,36.47999954223633,22.125988006591797
2012-10-12,36.279998779296875,22.004674911499023
2012-10-15,36.46500015258789,22.116886138916016
2012-10-16,37.04499816894531,22.468669891357422
2012-10-17,37.5099983215332,22.750690460205078
2012-10-18,37.505001068115234,22.74767303466797
2012-10-19,36.915000915527344,22.389820098876953
2012-10-22,36.72999954223633,22.277616500854492
2012-10-23,35.875,21.759044647216797
2012-10-24,35.599998474121094,21.59224510192871
2012-10-25,35.935001373291016,21.79543113708496
2012-10-26,35.97999954223633,21.822723388671875
2012-10-31,35.970001220703125,21.81665802001953
2012-11-01,36.125,21.910667419433594
2012-11-02,35.529998779296875,21.549789428710938
2012-11-05,35.79999923706055,21.713550567626953
2012-11-06,36.375,22.062294006347656
2012-11-07,35.42499923706055,21.486103057861328
2012-11-08,34.78499984741211,21.09792709350586
2012-11-09,34.775001525878906,21.09185791015625
2012-11-12,34.845001220703125,21.134315490722656
2012-11-13,34.70000076293945,21.04637336730957
2012-11-14,34.279998779296875,20.791629791259766
2012-11-15,34.32500076293945,20.818925857543945
2012-11-16,34.459999084472656,20.90080451965332
2012-11-19,35.255001068115234,21.38298988342285
2012-11-20,35.1150016784668,21.298080444335938
2012-11-21,35.30500030517578,21.41331672668457
2012-11-23,35.80500030517578,21.71658706665039
2012-11-26,35.45500183105469,21.50429916381836
2012-11-27,35.15999984741211,21.325376510620117
2012-11-28,35.47999954223633,21.51945686340332
2012-11-29,35.560001373291016,21.567977905273438
2012-11-30,35.529998779296875,21.549789428710938
2012-12-03,35.334999084472656,21.431514739990234
2012-12-04,35.20500183105469,21.352659225463867
2012-12-05,35.45000076293945,21.501270294189453
2012-12-06,35.564998626708984,21.571012496948242
2012-12-07,35.779998779296875,21.701417922973633
2012-12-10,35.7400016784668,21.67715072631836
2012-12-11,35.95000076293945,21.804529190063477
2012-12-12,36.08000183105469,21.883377075195312
2012-12-13,35.744998931884766,21.68018341064453
2012-12-14,35.61000061035156,21.598312377929688
2012-12-17,35.935001373291016,21.79543113708496
2012-12-18,36.595001220703125,22.19573974609375
2012-12-19,36.345001220703125,22.04410743713379
2012-12-20,36.59000015258789,22.192703247070312
2012-12-21,36.03499984741211,21.96744728088379
2012-12-24,35.7599983215332,21.799814224243164
2012-12-26,35.599998474121094,21.702266693115234
2012-12-27,35.53499984741211,21.662647247314453
2012-12-28,34.915000915527344,21.28468894958496
2012-12-31,35.709999084472656,21.769319534301758
2013-01-02,36.5,22.25091552734375
2013-01-03,36.4900016784668,22.24482536315918
2013-01-04,36.89500045776367,22.491710662841797
2013-01-07,36.61000061035156,22.317981719970703
2013-01-08,36.4900016784668,22.24482536315918
2013-01-09,36.43000030517578,22.208242416381836
2013-01-10,36.7599983215332,22.409420013427734
2013-01-11,36.80500030517578,22.436853408813477
2013-01-14,36.810001373291016,22.439899444580078
2013-01-15,36.974998474121094,22.540485382080078
2013-01-16,37.13999938964844,22.641075134277344
2013-01-17,37.375,22.78432846069336
2013-01-18,37.744998931884766,23.009883880615234
2013-01-22,38.10499954223633,23.22934913635254
2013-01-23,37.974998474121094,23.150100708007812
2013-01-24,38.084999084472656,23.217164993286133
2013-01-25,38.44499969482422,23.436616897583008
2013-01-28,38.380001068115234,23.396995544433594
2013-01-29,39.0,23.774948120117188
2013-01-30,38.80500030517578,23.656089782714844
2013-01-31,38.67499923706055,23.576831817626953
2013-02-01,39.03499984741211,23.796295166015625
2013-02-04,38.665000915527344,23.57073974609375
2013-02-05,39.0,23.774948120117188
2013-02-06,39.025001525878906,23.790189743041992
2013-02-07,38.92499923706055,23.72923469543457
2013-02-08,39.290000915527344,23.951745986938477
2013-02-11,39.095001220703125,23.83286476135254
2013-02-12,39.20000076293945,23.89688491821289
2013-02-13,39.34000015258789,23.982223510742188
2013-02-14,39.68000030517578,24.189495086669922
2013-02-15,39.224998474121094,23.91212272644043
2013-02-19,39.68000030517578,24.189495086669922
2013-02-20,38.849998474121094,23.683509826660156
2013-02-21,38.58000183105469,23.5189151763916
2013-02-22,38.98500061035156,23.765810012817383
2013-02-25,37.96500015258789,23.144006729125977
2013-02-26,38.34000015258789,23.372608184814453
2013-02-27,38.92499923706055,23.72923469543457
2013-02-28,38.845001220703125,23.68047523498535
2013-03-01,38.89500045776367,23.710954666137695
2013-03-04,38.810001373291016,23.659128189086914
2013-03-05,39.060001373291016,23.8115291595459
2013-03-06,39.10499954223633,23.838966369628906
2013-03-07,39.30500030517578,23.960893630981445
2013-03-08,39.494998931884766,24.076709747314453
2013-03-11,39.51499938964844,24.088903427124023
2013-03-12,39.560001373291016,24.116342544555664
2013-03-13,39.470001220703125,24.06148338317871
2013-03-14,40.0099983215332,24.390666961669922
2013-03-15,39.79999923706055,24.37137794494629
2013-03-18,39.47999954223633,24.175430297851562
2013-03-19,39.04499816894531,23.90904998779297
2013-03-20,39.26499938964844,24.04376983642578
2013-03-21,39.064998626708984,23.921302795410156
2013-03-22,39.375,24.111133575439453
2013-03-25,39.224998474121094,24.019277572631836
2013-03-26,39.63999938964844,24.27339744567871
2013-03-27,39.77000045776367,24.353008270263672
2013-03-28,39.654998779296875,24.28258514404297
2013-04-01,39.57500076293945,24.233606338500977
2013-04-02,39.349998474121094,24.095821380615234
2013-04-03,38.6150016784668,23.645748138427734
2013-04-04,38.564998626708984,23.61512565612793
2013-04-05,38.650001525878906,23.667186737060547
2013-04-08,38.90999984741211,23.826391220092773
2013-04-09,39.2400016784668,24.028465270996094
2013-04-10,39.45000076293945,24.157060623168945
2013-04-11,39.619998931884766,24.261154174804688
2013-04-12,39.0,23.88149070739746
2013-04-15,37.40999984741211,22.907867431640625
2013-04-16,37.869998931884766,23.189552307128906
2013-04-17,37.040000915527344,22.681303024291992
2013-04-18,37.35499954223633,22.874183654785156
2013-04-19,37.279998779296875,22.828256607055664
2013-04-22,37.68000030517578,23.073196411132812
2013-04-23,38.1150016784668,23.33957862854004
2013-04-24,38.625,23.651870727539062
2013-04-25,38.654998779296875,23.670238494873047
2013-04-26,38.59000015258789,23.63043212890625
2013-04-29,38.97999954223633,23.86924934387207
2013-04-30,39.1349983215332,23.96416473388672
2013-05-01,38.525001525878906,23.590639114379883
2013-05-02,39.029998779296875,23.899873733520508
2013-05-03,39.73500061035156,24.33158302307129
2013-05-06,40.005001068115234,24.496906280517578
2013-05-07,40.314998626708984,24.686738967895508
2013-05-08,40.380001068115234,24.72654151916504
2013-05-09,40.345001220703125,24.705108642578125
2013-05-10,40.1349983215332,24.57651710510254
2013-05-13,40.130001068115234,24.573448181152344
2013-05-14,40.70000076293945,24.9224853515625
2013-05-15,40.584999084472656,24.852067947387695
2013-05-16,40.3849983215332,24.729597091674805
2013-05-17,41.060001373291016,25.142929077148438
2013-05-20,41.63999938964844,25.49810028076172
2013-05-21,41.55500030517578,25.446035385131836
2013-05-22,41.07500076293945,25.152116775512695
2013-05-23,41.095001220703125,25.16436767578125
2013-05-24,40.85499954223633,25.01740837097168
2013-05-28,41.28499984741211,25.280717849731445
2013-05-29,41.19499969482422,25.225601196289062
2013-05-30,41.099998474121094,25.16742706298828
2013-05-31,40.25,24.646940231323242
2013-06-03,40.63999938964844,24.885746002197266
2013-06-04,40.31999969482422,24.689796447753906
2013-06-05,39.849998474121094,24.401994705200195
2013-06-06,40.150001525878906,24.58570098876953
2013-06-07,40.654998779296875,24.894929885864258
2013-06-10,40.540000915527344,24.824514389038086
2013-06-11,39.92499923706055,24.447912216186523
2013-06-12,39.68000030517578,24.297897338867188
2013-06-13,40.345001220703125,24.705108642578125
2013-06-14,39.95500183105469,24.46629524230957
2013-06-17,40.529998779296875,24.818387985229492
2013-06-18,40.7599983215332,24.9592342376709
2013-06-19,40.3849983215332,24.729597091674805
2013-06-20,39.20500183105469,24.007034301757812
2013-06-21,39.084999084472656,24.04824447631836
2013-06-24,38.505001068115234,23.691387176513672
2013-06-25,39.0,23.995948791503906
2013-06-26,39.2400016784668,24.143625259399414
2013-06-27,39.314998626708984,24.189773559570312
2013-06-28,39.150001525878906,24.08824348449707
2013-07-01,39.43000030517578,24.260528564453125
2013-07-02,39.51499938964844,24.312820434570312
2013-07-03,39.4900016784668,24.297449111938477
2013-07-05,39.97999954223633,24.598922729492188
2013-07-08,40.2400016784668,24.758899688720703
2013-07-09,40.650001525878906,25.011171340942383
2013-07-10,40.400001525878906,24.857345581054688
2013-07-11,40.724998474121094,25.057313919067383
2013-07-12,40.95500183105469,25.19882583618164
2013-07-15,40.91999816894531,25.177295684814453
2013-07-16,40.66999816894531,25.02347755432129
2013-07-17,40.849998474121094,25.134231567382812
2013-07-18,41.28499984741211,25.401878356933594
2013-07-19,41.86000061035156,25.75565528869629
2013-07-22,41.724998474121094,25.67259979248047
2013-07-23,41.79499816894531,25.715662002563477
2013-07-24,41.33000183105469,25.429561614990234
2013-07-25,41.60499954223633,25.5987606048584
2013-07-26,41.5,25.534160614013672
2013-07-29,41.154998779296875,25.321874618530273
2013-07-30,41.07500076293945,25.27266502380371
2013-07-31,41.209999084472656,25.355730056762695
2013-08-01,41.880001068115234,25.76796531677246
2013-08-02,41.69499969482422,25.654138565063477
2013-08-05,41.595001220703125,25.592607498168945
2013-08-06,41.34000015258789,25.435710906982422
2013-08-07,41.19499969482422,25.346498489379883
2013-08-08,41.41999816894531,25.48493194580078
2013-08-09,41.29499816894531,25.40802001953125
2013-08-12,41.119998931884766,25.30035400390625
2013-08-13,41.19499969482422,25.346498489379883
2013-08-14,41.005001068115234,25.229598999023438
2013-08-15,40.779998779296875,25.091150283813477
2013-08-16,40.6150016784668,24.98963737487793
2013-08-19,39.970001220703125,24.5927791595459
2013-08-20,40.21500015258789,24.74352264404297
2013-08-21,39.994998931884766,24.6081600189209
2013-08-22,40.59000015258789,24.974246978759766
2013-08-23,40.880001068115234,25.152679443359375
2013-08-26,40.810001373291016,25.109617233276367
2013-08-27,40.55500030517578,24.952716827392578
2013-08-28,41.22999954223633,25.36803436279297
2013-08-29,40.79999923706055,25.103458404541016
2013-08-30,40.78499984741211,25.094228744506836
2013-09-03,41.084999084472656,25.27882194519043
2013-09-04,41.30500030517578,25.414173126220703
2013-09-05,41.44499969482422,25.500314712524414
2013-09-06,41.439998626708984,25.497236251831055
2013-09-09,41.904998779296875,25.78334617614746
2013-09-10,41.91999816894531,25.792573928833008
2013-09-11,42.2400016784668,25.989471435546875
2013-09-12,41.9900016784668,25.83565330505371
2013-09-13,41.974998474121094,25.82640838623047
2013-09-16,41.96500015258789,25.820262908935547
2013-09-17,42.154998779296875,25.93716049194336
2013-09-18,42.665000915527344,26.250959396362305
2013-09-19,42.560001373291016,26.186349868774414
2013-09-20,42.02000045776367,25.974029541015625
2013-09-23,41.814998626708984,25.84731101989746
2013-09-24,41.85499954223633,25.872032165527344
2013-09-25,41.845001220703125,25.8658504486084
2013-09-26,41.91999816894531,25.912212371826172
2013-09-27,41.775001525878906,25.822587966918945
2013-09-30,41.45500183105469,25.624774932861328
2013-10-01,41.720001220703125,25.788602828979492
2013-10-02,41.814998626708984,25.84731101989746
2013-10-03,41.45000076293945,25.621692657470703
2013-10-04,41.869998931884766,25.881296157836914
2013-10-07,41.525001525878906,25.668046951293945
2013-10-08,41.08000183105469,25.39297866821289
2013-10-09,40.935001373291016,25.30335235595703
2013-10-10,41.69499969482422,25.773134231567383
2013-10-11,42.14500045776367,26.051292419433594
2013-10-14,42.43000030517578,26.227466583251953
2013-10-15,42.275001525878906,26.13165855407715
2013-10-16,42.90999984741211,26.524171829223633
2013-10-17,43.0,26.579797744750977
2013-10-18,43.470001220703125,26.870319366455078
2013-10-21,43.275001525878906,26.749792098999023
2013-10-22,43.51499938964844,26.89814567565918
2013-10-23,42.834999084472656,26.47780418395996
2013-10-24,43.040000915527344,26.604534149169922
2013-10-25,43.29999923706055,26.76523780822754
2013-10-28,43.334999084472656,26.786876678466797
2013-10-29,43.63999938964844,26.975406646728516
2013-10-30,43.345001220703125,26.79306411743164
2013-10-31,43.19499969482422,26.70033073425293
2013-11-01,43.040000915527344,26.604534149169922
2013-11-04,43.57500076293945,26.935222625732422
2013-11-05,43.18000030517578,26.691064834594727
2013-11-06,43.310001373291016,26.77141761779785
2013-11-07,42.63999938964844,26.357271194458008
2013-11-08,43.275001525878906,26.749792098999023
2013-11-11,43.35499954223633,26.79923439025879
2013-11-12,42.95500183105469,26.551984786987305
2013-11-13,43.33000183105469,26.783781051635742
2013-11-14,43.59000015258789,26.94450569152832
2013-11-15,43.83000183105469,27.092853546142578
2013-11-18,43.494998931884766,26.88577651977539
2013-11-19,43.56999969482422,26.932130813598633
2013-11-20,43.46500015258789,26.86724090576172
2013-11-21,43.880001068115234,27.123756408691406
2013-11-22,44.1150016784668,27.26902198791504
2013-11-25,43.71500015258789,27.02176284790039
2013-11-26,43.60499954223633,26.953779220581055
2013-11-27,43.310001373291016,26.77141761779785
2013-11-29,43.220001220703125,26.71579360961914
2013-12-02,43.25,26.734342575073242
2013-12-03,43.35499954223633,26.79923439025879
2013-12-04,43.21500015258789,26.71269989013672
2013-12-05,43.06999969482422,26.623069763183594
2013-12-06,43.20500183105469,26.706525802612305
2013-12-09,43.26499938964844,26.743602752685547
2013-12-10,43.1349983215332,26.66325569152832
2013-12-11,42.525001525878906,26.286182403564453
2013-12-12,42.70500183105469,26.397459030151367
2013-12-13,42.564998626708984,26.310916900634766
2013-12-16,42.935001373291016,26.53961753845215
2013-12-17,42.689998626708984,26.388172149658203
2013-12-18,43.334999084472656,26.786876678466797
2013-12-19,43.459999084472656,26.864145278930664
2013-12-20,43.334999084472656,26.911651611328125
2013-12-23,43.380001068115234,26.939599990844727
2013-12-24,43.619998931884766,27.08863639831543
2013-12-26,43.93000030517578,27.28115463256836
2013-12-27,44.14500045776367,27.414674758911133
2013-12-30,43.83000183105469,27.219053268432617
2013-12-31,44.255001068115234,27.482986450195312
2014-01-02,43.625,27.09174346923828
2014-01-03,43.46500015258789,26.992389678955078
2014-01-06,43.525001525878906,27.029640197753906
2014-01-07,43.85499954223633,27.234580993652344
2014-01-08,43.54999923706055,27.045166015625
2014-01-09,43.415000915527344,26.961328506469727
2014-01-10,43.45000076293945,26.98306655883789
2014-01-13,42.584999084472656,26.445892333984375
2014-01-14,43.13999938964844,26.79054832458496
2014-01-15,43.01499938964844,26.71293830871582
2014-01-16,43.07500076293945,26.750194549560547
2014-01-17,43.005001068115234,26.706722259521484
2014-01-21,43.36000061035156,26.927175521850586
2014-01-22,43.560001373291016,27.051374435424805
2014-01-23,43.064998626708984,26.743976593017578
2014-01-24,42.165000915527344,26.1850643157959
2014-01-27,42.01499938964844,26.09190559387207
2014-01-28,42.334999084472656,26.2906436920166
2014-01-29,42.099998474121094,26.144699096679688
2014-01-30,42.23500061035156,26.228532791137695
2014-01-31,41.689998626708984,25.890077590942383
2014-02-03,40.94499969482422,25.427425384521484
2014-02-04,41.3650016784668,25.68824577331543
2014-02-05,40.959999084472656,25.43674087524414
2014-02-06,41.56999969482422,25.81555938720703
2014-02-07,42.02000045776367,26.095014572143555
2014-02-10,41.814998626708984,25.96770477294922
2014-02-11,42.36000061035156,26.30615997314453
2014-02-12,42.2599983215332,26.244056701660156
2014-02-13,42.459999084472656,26.36827278137207
2014-02-14,43.01499938964844,26.71293830871582
2014-02-18,43.209999084472656,26.834022521972656
2014-02-19,43.26499938964844,26.86817741394043
2014-02-20,43.54999923706055,27.045166015625
2014-02-21,43.20500183105469,26.8309326171875
2014-02-24,43.85499954223633,27.234580993652344
2014-02-25,43.834999084472656,27.222156524658203
2014-02-26,43.560001373291016,27.051374435424805
2014-02-27,43.60499954223633,27.07933235168457
2014-02-28,43.82500076293945,27.215940475463867
2014-03-03,43.54499816894531,27.042064666748047
2014-03-04,44.02000045776367,27.33704376220703
2014-03-05,43.61000061035156,27.082427978515625
2014-03-06,43.92499923706055,27.278053283691406
2014-03-07,44.0099983215332,27.33083724975586
2014-03-10,44.08000183105469,27.37430191040039
2014-03-11,43.58000183105469,27.063800811767578
2014-03-12,43.584999084472656,27.0669002532959
2014-03-13,43.150001525878906,26.796772003173828
2014-03-14,43.189998626708984,26.821598052978516
2014-03-17,43.41999816894531,26.964433670043945
2014-03-18,43.78499984741211,27.191102981567383
2014-03-19,43.45500183105469,26.986175537109375
2014-03-20,43.625,27.09174346923828
2014-03-21,43.529998779296875,27.16569709777832
2014-03-24,43.439998626708984,27.109539031982422
2014-03-25,43.83000183105469,27.352914810180664
2014-03-26,43.625,27.224979400634766
2014-03-27,43.97999954223633,27.446535110473633
2014-03-28,44.529998779296875,27.789764404296875
2014-03-31,44.529998779296875,27.789764404296875
2014-04-01,44.79499816894531,27.955142974853516
2014-04-02,44.95500183105469,28.054988861083984
2014-04-03,45.244998931884766,28.235965728759766
2014-04-04,45.08000183105469,28.132997512817383
2014-04-07,44.32500076293945,27.661828994750977
2014-04-08,44.77000045776367,27.93953514099121
2014-04-09,44.974998474121094,28.067485809326172
2014-04-10,44.349998474121094,27.677427291870117
2014-04-11,44.224998474121094,27.59942054748535
2014-04-14,44.83000183105469,27.976980209350586
2014-04-15,45.43000030517578,28.35143280029297
2014-04-16,45.974998474121094,28.69154930114746
2014-04-17,46.39500045776367,28.95364761352539
2014-04-21,46.709999084472656,29.150236129760742
2014-04-22,46.6349983215332,29.103422164916992
2014-04-23,46.880001068115234,29.25632095336914
2014-04-24,46.89500045776367,29.265689849853516
2014-04-25,46.6150016784668,29.090938568115234
2014-04-28,46.69499969482422,29.140869140625
2014-04-29,46.90999984741211,29.275049209594727
2014-04-30,46.869998931884766,29.250085830688477
2014-05-01,46.76499938964844,29.184568405151367
2014-05-02,46.86000061035156,29.243839263916016
2014-05-05,47.08000183105469,29.381145477294922
2014-05-06,47.150001525878906,29.424829483032227
2014-05-07,47.560001373291016,29.68069076538086
2014-05-08,46.880001068115234,29.25632095336914
2014-05-09,46.834999084472656,29.228242874145508
2014-05-12,47.165000915527344,29.434185028076172
2014-05-13,47.34000015258789,29.54339599609375
2014-05-14,47.36000061035156,29.555883407592773
2014-05-15,46.81999969482422,29.218881607055664
2014-05-16,46.70000076293945,29.143997192382812
2014-05-19,46.845001220703125,29.2344913482666
2014-05-20,46.709999084472656,29.150236129760742
2014-05-21,47.21500015258789,29.465381622314453
2014-05-22,47.16999816894531,29.437305450439453
2014-05-23,47.07500076293945,29.378007888793945
2014-05-27,47.20500183105469,29.459157943725586
2014-05-28,47.28499984741211,29.509061813354492
2014-05-29,47.689998626708984,29.761829376220703
2014-05-30,47.654998779296875,29.739980697631836
2014-06-02,47.595001220703125,29.702531814575195
2014-06-03,47.7599983215332,29.80550193786621
2014-06-04,47.73500061035156,29.78990364074707
2014-06-05,48.0099983215332,29.961530685424805
2014-06-06,48.404998779296875,30.208030700683594
2014-06-09,48.47999954223633,30.254840850830078
2014-06-10,48.400001525878906,30.20490837097168
2014-06-11,48.584999084472656,30.320356369018555
2014-06-12,48.744998931884766,30.42021369934082
2014-06-13,49.209999084472656,30.710399627685547
2014-06-16,49.505001068115234,30.894512176513672
2014-06-17,49.470001220703125,30.872652053833008
2014-06-18,49.845001220703125,31.106687545776367
2014-06-19,50.20000076293945,31.32823371887207
2014-06-20,50.46500015258789,31.63983154296875
2014-06-23,50.64500045776367,31.752687454223633
2014-06-24,49.58000183105469,31.08496856689453
2014-06-25,49.95500183105469,31.320085525512695
2014-06-26,50.0099983215332,31.354564666748047
2014-06-27,50.0099983215332,31.354564666748047
2014-06-30,50.04999923706055,31.3796329498291
2014-07-01,50.08000183105469,31.398447036743164
2014-07-02,50.005001068115234,31.351423263549805
2014-07-03,50.19499969482422,31.470556259155273
2014-07-07,49.810001373291016,31.229162216186523
2014-07-08,49.72999954223633,31.17902183532715
2014-07-09,50.060001373291016,31.385915756225586
2014-07-10,49.58000183105469,31.08496856689453
2014-07-11,49.20000076293945,30.846723556518555
2014-07-14,49.625,31.11318588256836
2014-07-15,49.40999984741211,30.9783878326416
2014-07-16,50.15999984741211,31.4486083984375
2014-07-17,49.349998474121094,30.940763473510742
2014-07-18,49.494998931884766,31.03167724609375
2014-07-21,49.56999969482422,31.07869529724121
2014-07-22,49.92499923706055,31.30127716064453
2014-07-23,50.244998931884766,31.501903533935547
2014-07-24,50.290000915527344,31.530115127563477
2014-07-25,49.91999816894531,31.29814338684082
2014-07-28,49.79999923706055,31.2229061126709
2014-07-29,49.67499923706055,31.14452362060547
2014-07-30,49.380001068115234,30.95957374572754
2014-07-31,48.314998626708984,30.29185676574707
2014-08-01,47.92499923706055,30.047330856323242
2014-08-04,48.72999954223633,30.552045822143555
2014-08-05,47.665000915527344,29.88433265686035
2014-08-06,47.80500030517578,29.972103118896484
2014-08-07,47.505001068115234,29.784013748168945
2014-08-08,48.29999923706055,30.282453536987305
2014-08-11,48.30500030517578,30.28559112548828
2014-08-12,47.95000076293945,30.063018798828125
2014-08-13,48.10499954223633,30.160192489624023
2014-08-14,47.83000183105469,29.987773895263672
2014-08-15,48.185001373291016,30.210355758666992
2014-08-18,48.314998626708984,30.29185676574707
2014-08-19,48.685001373291016,30.523834228515625
2014-08-20,48.790000915527344,30.589677810668945
2014-08-21,48.83000183105469,30.614742279052734
2014-08-22,48.505001068115234,30.410985946655273
2014-08-25,48.935001373291016,30.68057632446289
2014-08-26,49.185001373291016,30.837326049804688
2014-08-27,49.084999084472656,30.77461814880371
2014-08-28,49.095001220703125,30.780893325805664
2014-08-29,49.369998931884766,30.95330047607422
2014-09-02,48.744998931884766,30.561450958251953
2014-09-03,48.875,30.642953872680664
2014-09-04,48.21500015258789,30.229164123535156
2014-09-05,48.540000915527344,30.432926177978516
2014-09-08,47.78499984741211,29.959575653076172
2014-09-09,47.57500076293945,29.827896118164062
2014-09-10,47.459999084472656,29.755800247192383
2014-09-11,47.4900016784668,29.77461051940918
2014-09-12,46.779998779296875,29.329469680786133
2014-09-15,47.11000061035156,29.536367416381836
2014-09-16,47.68000030517578,29.89373207092285
2014-09-17,47.41999816894531,29.73072052001953
2014-09-18,47.17499923706055,29.577117919921875
2014-09-19,46.89500045776367,29.5528507232666
2014-09-22,46.20500183105469,29.118017196655273
2014-09-23,46.06999969482422,29.03294563293457
2014-09-24,46.11000061035156,29.05815315246582
2014-09-25,45.404998779296875,28.61386489868164
2014-09-26,45.9900016784668,28.982534408569336
2014-09-29,45.8849983215332,28.916364669799805
2014-09-30,45.310001373291016,28.553997039794922
2014-10-01,44.3849983215332,27.9710693359375
2014-10-02,44.154998779296875,27.826128005981445
2014-10-03,44.084999084472656,27.782014846801758
2014-10-06,44.1349983215332,27.813522338867188
2014-10-07,43.560001373291016,27.451156616210938
2014-10-08,43.98500061035156,27.7189998626709
2014-10-09,42.369998931884766,26.701231002807617
2014-10-10,41.775001525878906,26.326271057128906
2014-10-13,40.48500061035156,25.513324737548828
2014-10-14,39.974998474121094,25.191926956176758
2014-10-15,40.279998779296875,25.384132385253906
2014-10-16,41.0,25.837867736816406
2014-10-17,41.349998474121094,26.058433532714844
2014-10-20,41.709999084472656,26.285308837890625
2014-10-21,42.97999954223633,27.08565330505371
2014-10-22,42.165000915527344,26.572050094604492
2014-10-23,42.95000076293945,27.066743850708008
2014-10-24,42.79999923706055,26.972219467163086
2014-10-27,41.900001525878906,26.40504264831543
2014-10-28,42.85499954223633,27.00687599182129
2014-10-29,42.994998931884766,27.0950927734375
2014-10-30,42.84000015258789,26.99742317199707
2014-10-31,43.709999084472656,27.54569435119629
2014-11-03,43.02000045776367,27.110870361328125
2014-11-04,42.1349983215332,26.553142547607422
2014-11-05,42.875,27.01948356628418
2014-11-06,43.415000915527344,27.359785079956055
2014-11-07,43.89500045776367,27.662282943725586
2014-11-10,43.5,27.413352966308594
2014-11-11,43.630001068115234,27.495283126831055
2014-11-12,43.244998931884766,27.25265884399414
2014-11-13,42.66999816894531,26.89029884338379
2014-11-14,43.10499954223633,27.1644229888916
2014-11-17,42.880001068115234,27.022642135620117
2014-11-18,42.915000915527344,27.044689178466797
2014-11-19,43.13999938964844,27.186485290527344
2014-11-20,43.68000030517578,27.526784896850586
2014-11-21,44.25,27.886003494262695
2014-11-24,43.90999984741211,27.671737670898438
2014-11-25,43.19499969482422,27.221139907836914
2014-11-26,42.650001525878906,26.877689361572266
2014-11-28,39.90999984741211,25.15096092224121
2014-12-01,40.04999923706055,25.23918914794922
2014-12-02,40.48500061035156,25.513324737548828
2014-12-03,40.97999954223633,25.825267791748047
2014-12-04,40.625,25.60154914855957
2014-12-05,40.13999938964844,25.29590606689453
2014-12-08,38.51499938964844,24.271846771240234
2014-12-09,38.935001373291016,24.536529541015625
2014-12-10,37.73500061035156,23.78030014038086
2014-12-11,37.709999084472656,23.764535903930664
2014-12-12,37.0099983215332,23.323408126831055
2014-12-15,36.68000030517578,23.115446090698242
2014-12-16,37.005001068115234,23.32026481628418
2014-12-17,38.540000915527344,24.28759765625
2014-12-18,39.279998779296875,24.753948211669922
2014-12-19,40.28499984741211,25.54499053955078
2014-12-22,39.875,25.28501319885254
2014-12-23,40.36000061035156,25.59255027770996
2014-12-24,40.064998626708984,25.405488967895508
2014-12-26,40.05500030517578,25.39914894104004
2014-12-29,40.20000076293945,25.491090774536133
2014-12-30,39.880001068115234,25.288179397583008
2014-12-31,39.58000183105469,25.097949981689453
2015-01-02,39.76499938964844,25.215255737304688
2015-01-05,38.119998931884766,24.172147750854492
2015-01-06,37.560001373291016,23.817047119140625
2015-01-07,37.63999938964844,23.867773056030273
2015-01-08,38.48500061035156,24.403600692749023
2015-01-09,38.18000030517578,24.210195541381836
2015-01-12,37.08000183105469,23.512676239013672
2015-01-13,36.78499984741211,23.325613021850586
2015-01-14,36.900001525878906,23.39853858947754
2015-01-15,36.43000030517578,23.100505828857422
2015-01-16,37.6150016784668,23.85192108154297
2015-01-20,37.65999984741211,23.880455017089844
2015-01-21,38.42499923706055,24.365562438964844
2015-01-22,38.60499954223633,24.479690551757812
2015-01-23,38.33000183105469,24.305313110351562
2015-01-26,38.880001068115234,24.654069900512695
2015-01-27,38.85499954223633,24.63821029663086
2015-01-28,37.32500076293945,23.668027877807617
2015-01-29,37.45000076293945,23.74730110168457
2015-01-30,37.775001525878906,23.953380584716797
2015-02-02,38.93000030517578,24.685775756835938
2015-02-03,39.994998931884766,25.361099243164062
2015-02-04,39.334999084472656,24.942584991455078
2015-02-05,39.900001525878906,25.30086326599121
2015-02-06,39.90999984741211,25.30719757080078
2015-02-09,39.95000076293945,25.332561492919922
2015-02-10,39.93000030517578,25.31987953186035
2015-02-11,39.650001525878906,25.142330169677734
2015-02-12,40.16999816894531,25.472068786621094
2015-02-13,41.02000045776367,26.01105499267578
2015-02-17,41.14500045776367,26.090320587158203
2015-02-18,40.654998779296875,25.779605865478516
2015-02-19,40.46500015258789,25.659137725830078
2015-02-20,40.27000045776367,25.53548240661621
2015-02-23,40.10499954223633,25.43085289001465
2015-02-24,40.21500015258789,25.50059700012207
2015-02-25,40.435001373291016,25.640108108520508
2015-02-26,39.685001373291016,25.16452980041504
2015-02-27,39.5099983215332,25.053546905517578
2015-03-02,39.23500061035156,24.879173278808594
2015-03-03,39.380001068115234,24.97112274169922
2015-03-04,39.32500076293945,24.936246871948242
2015-03-05,39.09000015258789,24.787240982055664
2015-03-06,38.38999938964844,24.343353271484375
2015-03-09,38.1150016784668,24.16897964477539
2015-03-10,37.584999084472656,23.832901000976562
2015-03-11,37.69499969482422,23.902647018432617
2015-03-12,37.45500183105469,23.75046730041504
2015-03-13,37.314998626708984,23.661691665649414
2015-03-16,37.81999969482422,23.981922149658203
2015-03-17,37.67499923706055,23.88998031616211
2015-03-18,38.77000045776367,24.58431625366211
2015-03-19,38.154998779296875,24.194337844848633
2015-03-20,38.45500183105469,24.550262451171875
2015-03-23,38.31999969482422,24.464067459106445
2015-03-24,38.064998626708984,24.301271438598633
2015-03-25,38.560001373291016,24.617292404174805
2015-03-26,38.51499938964844,24.58855438232422
2015-03-27,38.20000076293945,24.387466430664062
2015-03-30,39.02000045776367,24.910964965820312
2015-03-31,38.790000915527344,24.764131546020508
2015-04-01,38.779998779296875,24.757740020751953
2015-04-02,38.86000061035156,24.808820724487305
2015-04-06,39.560001373291016,25.25570297241211
2015-04-07,39.584999084472656,25.271665573120117
2015-04-08,39.26499938964844,25.067367553710938
2015-04-09,39.89500045776367,25.469575881958008
2015-04-10,40.06999969482422,25.581302642822266
2015-04-13,39.66999816894531,25.325929641723633
2015-04-14,40.3849983215332,25.78240394592285
2015-04-15,41.349998474121094,26.398468017578125
2015-04-16,41.255001068115234,26.33781623840332
2015-04-17,40.95500183105469,26.14630126953125
2015-04-20,41.11000061035156,26.24524688720703
2015-04-21,40.67499923706055,25.96754264831543
2015-04-22,40.94499969482422,26.139909744262695
2015-04-23,41.224998474121094,26.31867027282715
2015-04-24,40.9900016784668,26.168642044067383
2015-04-27,40.94499969482422,26.139909744262695
2015-04-28,41.150001525878906,26.270790100097656
2015-04-29,41.470001220703125,26.47508430480957
2015-04-30,41.34000015258789,26.392086029052734
2015-05-01,41.435001373291016,26.452733993530273
2015-05-04,41.33000183105469,26.38570213317871
2015-05-05,40.81999969482422,26.060108184814453
2015-05-06,40.65999984741211,25.95796012878418
2015-05-07,40.220001220703125,25.677059173583984
2015-05-08,40.880001068115234,26.098413467407227
2015-05-11,40.11000061035156,25.606836318969727
2015-05-12,40.29499816894531,25.724937438964844
2015-05-13,40.189998626708984,25.65790367126465
2015-05-14,40.17499923706055,25.648340225219727
2015-05-15,40.334999084472656,25.750478744506836
2015-05-18,40.369998931884766,25.772829055786133
2015-05-19,39.79499816894531,25.405729293823242
2015-05-20,39.869998931884766,25.4536075592041
2015-05-21,40.244998931884766,25.69301986694336
2015-05-22,40.099998474121094,25.600446701049805
2015-05-26,39.46500015258789,25.19505500793457
2015-05-27,39.39500045776367,25.150367736816406
2015-05-28,39.2400016784668,25.05141830444336
2015-05-29,39.19499969482422,25.02269172668457
2015-06-01,39.095001220703125,24.95884132385254
2015-06-02,39.3650016784668,25.1312255859375
2015-06-03,39.095001220703125,24.95884132385254
2015-06-04,38.564998626708984,24.620481491088867
2015-06-05,38.834999084472656,24.79285430908203
2015-06-08,38.6150016784668,24.652406692504883
2015-06-09,38.61000061035156,24.64921760559082
2015-06-10,39.084999084472656,24.95245933532715
2015-06-11,38.90999984741211,24.84073829650879
2015-06-12,38.474998474121094,24.563032150268555
2015-06-15,38.3849983215332,24.505573272705078
2015-06-16,38.685001373291016,24.69709587097168
2015-06-17,38.59000015258789,24.636444091796875
2015-06-18,38.564998626708984,24.620481491088867
2015-06-19,37.95500183105469,24.39202308654785
2015-06-22,38.41999816894531,24.69084930419922
2015-06-23,38.54499816894531,24.771183013916016
2015-06-24,38.30500030517578,24.61695098876953
2015-06-25,37.915000915527344,24.366315841674805
2015-06-26,38.040000915527344,24.446653366088867
2015-06-29,37.31999969482422,23.98393440246582
2015-06-30,37.58000183105469,24.151023864746094
2015-07-01,37.099998474121094,23.842548370361328
2015-07-02,37.26499938964844,23.948585510253906
2015-07-06,36.775001525878906,23.633686065673828
2015-07-07,37.11000061035156,23.84897804260254
2015-07-08,36.36000061035156,23.366985321044922
2015-07-09,36.54499816894531,23.485868453979492
2015-07-10,36.744998931884766,23.614408493041992
2015-07-13,37.005001068115234,23.7814998626709
2015-07-14,37.27000045776367,23.951801300048828
2015-07-15,36.6150016784668,23.530866622924805
2015-07-16,36.665000915527344,23.56299591064453
2015-07-17,36.220001220703125,23.27701187133789
2015-07-20,35.7400016784668,22.968534469604492
2015-07-21,35.755001068115234,22.97817611694336
2015-07-22,35.46500015258789,22.79180145263672
2015-07-23,35.435001373291016,22.772523880004883
2015-07-24,34.755001068115234,22.33552360534668
2015-07-27,34.255001068115234,22.014190673828125
2015-07-28,35.23500061035156,22.643993377685547
2015-07-29,35.71500015258789,22.952468872070312
2015-07-30,35.46500015258789,22.79180145263672
2015-07-31,34.689998626708984,22.293746948242188
2015-08-03,33.959999084472656,21.82460594177246
2015-08-04,33.845001220703125,21.750707626342773
2015-08-05,33.59000015258789,21.58682632446289
2015-08-06,34.125,21.930646896362305
2015-08-07,33.51499938964844,21.538625717163086
2015-08-10,34.584999084472656,22.226266860961914
2015-08-11,34.650001525878906,22.26803970336914
2015-08-12,35.279998779296875,22.672916412353516
2015-08-13,34.744998931884766,22.329097747802734
2015-08-14,34.66999816894531,22.28089141845703
2015-08-17,34.744998931884766,22.329097747802734
2015-08-18,34.6150016784668,22.24555206298828
2015-08-19,33.65999984741211,21.631811141967773
2015-08-20,32.900001525878906,21.14339828491211
2015-08-21,31.75,20.40433692932129
2015-08-24,30.045000076293945,19.30861473083496
2015-08-25,29.610000610351562,19.029052734375
2015-08-26,30.6299991607666,19.6845645904541
2015-08-27,32.14500045776367,20.65818214416504
2015-08-28,32.875,21.12732696533203
2015-08-31,33.21500015258789,21.34583282470703
2015-09-01,32.04499816894531,20.593917846679688
2015-09-02,32.34000015258789,20.78350830078125
2015-09-03,32.43000030517578,20.841346740722656
2015-09-04,31.895000457763672,20.497522354125977
2015-09-08,32.39500045776367,20.81885528564453
2015-09-09,31.78499984741211,20.426828384399414
2015-09-10,31.969999313354492,20.545719146728516
2015-09-11,31.684999465942383,20.36256217956543
2015-09-14,31.40999984741211,20.185832977294922
2015-09-15,31.760000228881836,20.410770416259766
2015-09-16,32.65999984741211,20.989154815673828
2015-09-17,32.63999938964844,20.976308822631836
2015-09-18,31.549999237060547,20.425371170043945
2015-09-21,31.729999542236328,20.541900634765625
2015-09-22,31.395000457763672,20.32501983642578
2015-09-23,30.989999771118164,20.062829971313477
2015-09-24,31.125,20.15022087097168
2015-09-25,31.184999465942383,20.189067840576172
2015-09-28,29.940000534057617,19.383058547973633
2015-09-29,29.895000457763672,19.35392951965332
2015-09-30,30.600000381469727,19.810344696044922
2015-10-01,30.65999984741211,19.849185943603516
2015-10-02,31.924999237060547,20.668140411376953
2015-10-05,32.88999938964844,21.292875289916992
2015-10-06,33.619998931884766,21.765480041503906
2015-10-07,34.04499816894531,22.040613174438477
2015-10-08,34.69499969482422,22.46143341064453
2015-10-09,34.470001220703125,22.315767288208008
2015-10-12,34.025001525878906,22.02767562866211
2015-10-13,33.66999816894531,21.79784393310547
2015-10-14,33.959999084472656,21.985591888427734
2015-10-15,34.56999969482422,22.380508422851562
2015-10-16,34.6150016784668,22.409645080566406
2015-10-19,33.93000030517578,21.966167449951172
2015-10-20,34.025001525878906,22.02767562866211
2015-10-21,33.60499954223633,21.75576400756836
2015-10-22,34.209999084472656,22.147445678710938
2015-10-23,34.130001068115234,22.095651626586914
2015-10-26,33.29499816894531,21.555070877075195
2015-10-27,32.89500045776367,21.296117782592773
2015-10-28,33.625,21.768714904785156
2015-10-29,33.79499816894531,21.878774642944336
2015-10-30,34.01499938964844,22.021198272705078
2015-11-02,34.810001373291016,22.53588104248047
2015-11-03,35.70000076293945,23.112062454223633
2015-11-04,35.380001068115234,22.9049015045166
2015-11-05,35.08000183105469,22.710676193237305
2015-11-06,34.900001525878906,22.594144821166992
2015-11-09,34.55500030517578,22.370792388916016
2015-11-10,34.630001068115234,22.419347763061523
2015-11-11,33.89500045776367,21.943511962890625
2015-11-12,33.125,21.445022583007812
2015-11-13,32.9900016784668,21.357622146606445
2015-11-16,34.09000015258789,22.069753646850586
2015-11-17,33.71500015258789,21.82697868347168
2015-11-18,34.27000045776367,22.186290740966797
2015-11-19,33.810001373291016,21.888484954833984
2015-11-20,33.45000076293945,21.65542221069336
2015-11-23,33.689998626708984,21.810794830322266
2015-11-24,34.40999984741211,22.27692222595215
2015-11-25,34.130001068115234,22.095651626586914
2015-11-27,33.8849983215332,21.93703842163086
2015-11-30,34.0099983215332,22.017959594726562
2015-12-01,34.279998779296875,22.1927547454834
2015-12-02,33.220001220703125,21.50652503967285
2015-12-03,32.55500030517578,21.07599449157715
2015-12-04,32.349998474121094,20.943286895751953
2015-12-07,31.1200008392334,20.14698600769043
2015-12-08,30.799999237060547,19.939823150634766
2015-12-09,31.204999923706055,20.2020206451416
2015-12-10,31.405000686645508,20.331501007080078
2015-12-11,30.229999542236328,19.570802688598633
2015-12-14,30.389999389648438,19.674392700195312
2015-12-15,31.155000686645508,20.169649124145508
2015-12-16,30.950000762939453,20.036928176879883
2015-12-17,30.190000534057617,19.544910430908203
2015-12-18,29.395000457763672,19.202600479125977
2015-12-21,29.424999237060547,19.222200393676758
2015-12-22,29.770000457763672,19.447572708129883
2015-12-23,31.065000534057617,20.29354476928711
2015-12-24,30.78499984741211,20.110628128051758
2015-12-28,30.225000381469727,19.74480438232422
2015-12-29,30.434999465942383,19.881988525390625
2015-12-30,30.024999618530273,19.614151000976562
2015-12-31,30.15999984741211,19.702342987060547
2016-01-04,30.149999618530273,19.695810317993164
2016-01-05,30.264999389648438,19.77093505859375
2016-01-06,29.100000381469727,19.009891510009766
2016-01-07,28.389999389648438,18.546072006225586
2016-01-08,28.024999618530273,18.307636260986328
2016-01-11,27.424999237060547,17.91567611694336
2016-01-12,27.489999771118164,17.958139419555664
2016-01-13,26.829999923706055,17.5269832611084
2016-01-14,27.985000610351562,18.281497955322266
2016-01-15,27.174999237060547,17.752363204956055
2016-01-19,26.59000015258789,17.370197296142578
2016-01-20,25.885000228881836,16.909656524658203
2016-01-21,26.690000534057617,17.435523986816406
2016-01-22,27.8700008392334,18.206377029418945
2016-01-25,26.56999969482422,17.357133865356445
2016-01-26,27.575000762939453,18.013668060302734
2016-01-27,27.44499969482422,17.928743362426758
2016-01-28,28.280000686645508,18.47421646118164
2016-01-29,29.104999542236328,19.013154983520508
2016-02-01,28.6200008392334,18.696325302124023
2016-02-02,27.665000915527344,18.07245635986328
2016-02-03,28.649999618530273,18.71592140197754
2016-02-04,28.635000228881836,18.706119537353516
2016-02-05,27.969999313354492,18.271703720092773
2016-02-08,27.825000762939453,18.176984786987305
2016-02-09,27.155000686645508,17.739294052124023
2016-02-10,27.045000076293945,17.667434692382812
2016-02-11,26.93000030517578,17.592315673828125
2016-02-12,27.639999389648438,18.056123733520508
2016-02-16,27.915000915527344,18.235774993896484
2016-02-17,28.829999923706055,18.833505630493164
2016-02-18,28.469999313354492,18.598337173461914
2016-02-19,28.405000686645508,18.555870056152344
2016-02-22,29.1299991607666,19.02948570251465
2016-02-23,28.135000228881836,18.379487991333008
2016-02-24,28.420000076293945,18.565671920776367
2016-02-25,28.44499969482422,18.582000732421875
2016-02-26,28.614999771118164,18.69305419921875
2016-02-29,28.290000915527344,18.480743408203125
2016-03-01,29.030000686645508,18.964160919189453
2016-03-02,29.739999771118164,19.427976608276367
2016-03-03,30.190000534057617,19.721940994262695
2016-03-04,30.479999542236328,19.91139030456543
2016-03-07,31.19499969482422,20.37846565246582
2016-03-08,29.885000228881836,19.52269744873047
2016-03-09,30.3700008392334,19.839534759521484
2016-03-10,30.395000457763672,19.855865478515625
2016-03-11,31.18000030517578,20.36867332458496
2016-03-14,30.975000381469727,20.2347469329834
2016-03-15,30.915000915527344,20.195556640625
2016-03-16,31.450000762939453,20.54505729675293
2016-03-17,31.8799991607666,20.82594871520996
2016-03-18,31.7450008392334,20.885822296142578
2016-03-21,31.635000228881836,20.813451766967773
2016-03-22,31.459999084472656,20.698314666748047
2016-03-23,30.770000457763672,20.244346618652344
2016-03-24,30.920000076293945,20.343034744262695
2016-03-28,30.7549991607666,20.23447608947754
2016-03-29,30.899999618530273,20.329879760742188
2016-03-30,30.959999084472656,20.369348526000977
2016-03-31,30.94499969482422,20.359477996826172
2016-04-01,30.530000686645508,20.08644676208496
2016-04-04,30.30500030517578,19.93840789794922
2016-04-05,30.100000381469727,19.80354118347168
2016-04-06,30.75,20.231189727783203
2016-04-07,30.56999969482422,20.112754821777344
2016-04-08,31.184999465942383,20.517385482788086
2016-04-11,31.05500030517578,20.431854248046875
2016-04-12,31.979999542236328,21.04043197631836
2016-04-13,32.130001068115234,21.13912582397461
2016-04-14,32.20500183105469,21.1884708404541
2016-04-15,31.770000457763672,20.90226936340332
2016-04-18,32.29499816894531,21.2476806640625
2016-04-19,32.939998626708984,21.672048568725586
2016-04-20,33.23500061035156,21.866132736206055
2016-04-21,33.040000915527344,21.73784065246582
2016-04-22,33.52000045776367,22.05364418029785
2016-04-25,33.14500045776367,21.806917190551758
2016-04-26,33.67499923706055,22.15561866760254
2016-04-27,34.314998626708984,22.576688766479492
2016-04-28,33.80500030517578,22.24114990234375
2016-04-29,33.75,22.204967498779297
2016-05-02,33.71500015258789,22.181936264038086
2016-05-03,32.91999816894531,21.65888023376465
2016-05-04,32.44499969482422,21.346370697021484
2016-05-05,32.709999084472656,21.520719528198242
2016-05-06,32.6349983215332,21.471378326416016
2016-05-09,32.15999984741211,21.15886116027832
2016-05-10,32.724998474121094,21.53059196472168
2016-05-11,32.82500076293945,21.59638214111328
2016-05-12,32.915000915527344,21.655597686767578
2016-05-13,32.494998931884766,21.3792667388916
2016-05-16,33.04499816894531,21.741121292114258
2016-05-17,33.20000076293945,21.843107223510742
2016-05-18,32.880001068115234,21.6325626373291
2016-05-19,32.8849983215332,21.635848999023438
2016-05-20,33.08000183105469,21.764158248901367
2016-05-23,32.994998931884766,21.708227157592773
2016-05-24,33.15999984741211,21.816783905029297
2016-05-25,33.685001373291016,22.162202835083008
2016-05-26,33.54499816894531,22.070085525512695
2016-05-27,33.564998626708984,22.08324432373047
2016-05-31,33.435001373291016,21.99771499633789
2016-06-01,33.44499969482422,22.004302978515625
2016-06-02,33.400001525878906,21.974689483642578
2016-06-03,33.27000045776367,21.889162063598633
2016-06-06,34.005001068115234,22.37273597717285
2016-06-07,34.775001525878906,22.87932777404785
2016-06-08,34.69499969482422,22.826702117919922
2016-06-09,34.43000030517578,22.65235137939453
2016-06-10,33.685001373291016,22.162202835083008
2016-06-13,33.584999084472656,22.09640121459961
2016-06-14,33.564998626708984,22.08324432373047
2016-06-15,33.48500061035156,22.030609130859375
2016-06-16,33.32500076293945,21.92534637451172
2016-06-17,33.44499969482422,22.14919090270996
2016-06-20,33.73500061035156,22.34124183654785
2016-06-21,34.1349983215332,22.606138229370117
2016-06-22,33.94499969482422,22.480316162109375
2016-06-23,34.505001068115234,22.851179122924805
2016-06-24,33.38999938964844,22.112756729125977
2016-06-27,32.31999969482422,21.40414810180664
2016-06-28,33.220001220703125,22.000181198120117
2016-06-29,33.849998474121094,22.417404174804688
2016-06-30,34.119998931884766,22.596208572387695
2016-07-01,34.29999923706055,22.715410232543945
2016-07-05,33.61000061035156,22.258455276489258
2016-07-06,33.755001068115234,22.35448455810547
2016-07-07,33.40999984741211,22.12601661682129
2016-07-08,33.85499954223633,22.42070770263672
2016-07-11,33.91999816894531,22.46375274658203
2016-07-12,34.7599983215332,23.020050048828125
2016-07-13,34.459999084472656,22.821372985839844
2016-07-14,34.6349983215332,22.93727684020996
2016-07-15,34.6150016784668,22.924026489257812
2016-07-18,34.63999938964844,22.940582275390625
2016-07-19,34.44499969482422,22.811445236206055
2016-07-20,34.39500045776367,22.778331756591797
2016-07-21,34.05500030517578,22.55316734313965
2016-07-22,34.15999984741211,22.622697830200195
2016-07-25,33.47999954223633,22.17236328125
2016-07-26,33.67499923706055,22.301509857177734
2016-07-27,33.345001220703125,22.082958221435547
2016-07-28,33.349998474121094,22.086265563964844
2016-07-29,33.689998626708984,22.311437606811523
2016-08-01,32.58000183105469,21.576330184936523
2016-08-02,32.875,21.77170181274414
2016-08-03,33.5099983215332,22.192235946655273
2016-08-04,33.459999084472656,22.159116744995117
2016-08-05,33.76499938964844,22.36110496520996
2016-08-08,34.21500015258789,22.65912437438965
2016-08-09,34.03499984741211,22.539918899536133
2016-08-10,33.665000915527344,22.294879913330078
2016-08-11,34.15999984741211,22.622697830200195
2016-08-12,34.349998474121094,22.7485294342041
2016-08-15,34.625,22.930648803710938
2016-08-16,34.68000030517578,22.967077255249023
2016-08-17,34.78499984741211,23.0366153717041
2016-08-18,35.5,23.51011848449707
2016-08-19,35.20500183105469,23.314760208129883
2016-08-22,34.79999923706055,23.04654312133789
2016-08-23,35.04499816894531,23.208791732788086
2016-08-24,34.904998779296875,23.1160831451416
2016-08-25,34.810001373291016,23.05316925048828
2016-08-26,34.689998626708984,22.973691940307617
2016-08-29,34.92499923706055,23.129323959350586
2016-08-30,34.80500030517578,23.04986000061035
2016-08-31,34.255001068115234,22.685611724853516
2016-09-01,34.154998779296875,22.61939239501953
2016-09-02,34.540000915527344,22.87435531616211
2016-09-06,35.060001373291016,23.218740463256836
2016-09-07,35.2599983215332,23.351177215576172
2016-09-08,35.91999816894531,23.78827667236328
2016-09-09,34.849998474121094,23.079660415649414
2016-09-12,35.19499969482422,23.30813217163086
2016-09-13,34.189998626708984,22.642568588256836
2016-09-14,33.78499984741211,22.374347686767578
2016-09-15,34.20500183105469,22.652496337890625
2016-09-16,33.724998474121094,22.469614028930664
2016-09-19,33.70500183105469,22.45629119873047
2016-09-20,33.459999084472656,22.29305076599121
2016-09-21,34.23500061035156,22.809404373168945
2016-09-22,34.275001525878906,22.836057662963867
2016-09-23,33.81999969482422,22.53290557861328
2016-09-26,33.66999816894531,22.432966232299805
2016-09-27,33.44499969482422,22.283063888549805
2016-09-28,34.88999938964844,23.245811462402344
2016-09-29,34.83000183105469,23.20583152770996
2016-09-30,35.30500030517578,23.522300720214844
2016-10-03,35.279998779296875,23.505651473999023
2016-10-04,34.91999816894531,23.26580047607422
2016-10-05,35.45500183105469,23.62224769592285
2016-10-06,35.5099983215332,23.658891677856445
2016-10-07,35.30500030517578,23.522300720214844
2016-10-10,35.86000061035156,23.892074584960938
2016-10-11,35.45000076293945,23.618906021118164
2016-10-12,35.29999923706055,23.518970489501953
2016-10-13,35.10499954223633,23.389053344726562
2016-10-14,34.900001525878906,23.252473831176758
2016-10-17,34.72999954223633,23.139205932617188
2016-10-18,34.869998931884766,23.232486724853516
2016-10-19,35.3650016784668,23.562286376953125
2016-10-20,35.32500076293945,23.53563117980957
2016-10-21,35.095001220703125,23.382394790649414
2016-10-24,34.9900016784668,23.312435150146484
2016-10-25,34.83000183105469,23.20583152770996
2016-10-26,34.90999984741211,23.259130477905273
2016-10-27,34.779998779296875,23.172513961791992
2016-10-28,34.685001373291016,23.109224319458008
2016-10-31,34.310001373291016,22.859375
2016-11-01,34.314998626708984,22.862707138061523
2016-11-02,33.935001373291016,22.609529495239258
2016-11-03,34.06999969482422,22.69947624206543
2016-11-04,33.8849983215332,22.576213836669922
2016-11-07,34.6150016784668,23.062585830688477
2016-11-08,34.65999984741211,23.09256935119629
2016-11-09,35.224998474121094,23.469003677368164
2016-11-10,35.375,23.56894874572754
2016-11-11,34.72999954223633,23.139205932617188
2016-11-14,34.92499923706055,23.26912498474121
2016-11-15,35.90999984741211,23.92538833618164
2016-11-16,35.65999984741211,23.758827209472656
2016-11-17,35.41999816894531,23.598922729492188
2016-11-18,35.564998626708984,23.695528030395508
2016-11-21,36.40999984741211,24.258514404296875
2016-11-22,36.38999938964844,24.24519920349121
2016-11-23,36.540000915527344,24.34514045715332
2016-11-25,36.36000061035156,24.2252140045166
2016-11-28,35.85499954223633,23.88873863220215
2016-11-29,35.415000915527344,23.595590591430664
2016-11-30,37.21500015258789,24.79485511779785
2016-12-01,37.30500030517578,24.85482406616211
2016-12-02,37.415000915527344,24.928119659423828
2016-12-05,37.744998931884766,25.147974014282227
2016-12-06,37.67499923706055,25.101337432861328
2016-12-07,37.974998474121094,25.301218032836914
2016-12-08,38.18000030517578,25.437803268432617
2016-12-09,38.29999923706055,25.517751693725586
2016-12-12,38.47999954223633,25.637683868408203
2016-12-13,38.915000915527344,25.927507400512695
2016-12-14,38.1349983215332,25.40781593322754
2016-12-15,38.220001220703125,25.464460372924805
2016-12-16,38.255001068115234,25.622522354125977
2016-12-19,38.08000183105469,25.505306243896484
2016-12-20,37.994998931884766,25.448373794555664
2016-12-21,38.05500030517578,25.48855209350586
2016-12-22,38.209999084472656,25.592376708984375
2016-12-23,38.17499923706055,25.568941116333008
2016-12-27,38.2599983215332,25.62586784362793
2016-12-28,37.845001220703125,25.347915649414062
2016-12-29,37.77000045776367,25.297679901123047
2016-12-30,37.65999984741211,25.224002838134766
2017-01-03,38.084999084472656,25.50865936279297
2017-01-04,38.005001068115234,25.455074310302734
2017-01-05,37.90999984741211,25.391447067260742
2017-01-06,37.94499969482422,25.414886474609375
2017-01-09,37.39500045776367,25.0465087890625
2017-01-10,37.05500030517578,24.81878662109375
2017-01-11,37.45500183105469,25.086700439453125
2017-01-12,37.29999923706055,24.982879638671875
2017-01-13,37.189998626708984,24.90920639038086
2017-01-17,37.41999816894531,25.063255310058594
2017-01-18,37.334999084472656,25.006322860717773
2017-01-19,37.130001068115234,24.8690185546875
2017-01-20,37.27000045776367,24.96278190612793
2017-01-23,36.875,24.698217391967773
2017-01-24,37.279998779296875,24.969478607177734
2017-01-25,37.474998474121094,25.10009765625
2017-01-26,37.505001068115234,25.120180130004883
2017-01-27,37.1150016784668,24.858966827392578
2017-01-30,36.435001373291016,24.403522491455078
2017-01-31,36.45000076293945,24.413555145263672
2017-02-01,36.18000030517578,24.232725143432617
2017-02-02,36.3849983215332,24.370025634765625
2017-02-03,36.70000076293945,24.581012725830078
2017-02-06,36.38999938964844,24.373380661010742
2017-02-07,35.875,24.0284366607666
2017-02-08,35.959999084472656,24.085369110107422
2017-02-09,36.3650016784668,24.356637954711914
2017-02-10,36.63999938964844,24.54081916809082
2017-02-13,36.709999084472656,24.587705612182617
2017-02-14,36.83000183105469,24.66807746887207
2017-02-15,36.685001373291016,24.570966720581055
2017-02-16,36.185001373291016,24.23607063293457
2017-02-17,35.98500061035156,24.102115631103516
2017-02-21,36.22999954223633,24.266206741333008
2017-02-22,35.68000030517578,23.897825241088867
2017-02-23,35.83000183105469,23.99830436706543
2017-02-24,35.494998931884766,23.773921966552734
2017-02-27,35.79999923706055,23.978206634521484
2017-02-28,35.689998626708984,23.904525756835938
2017-03-01,36.404998779296875,24.383426666259766
2017-03-02,36.060001373291016,24.1523494720459
2017-03-03,35.994998931884766,24.10881233215332
2017-03-06,36.07500076293945,24.162397384643555
2017-03-07,35.755001068115234,23.94806480407715
2017-03-08,34.82500076293945,23.325166702270508
2017-03-09,35.05500030517578,23.479217529296875
2017-03-10,35.005001068115234,23.445730209350586
2017-03-13,35.0099983215332,23.449071884155273
2017-03-14,34.6150016784668,23.184513092041016
2017-03-15,35.3849983215332,23.70024871826172
2017-03-16,35.1349983215332,23.532800674438477
2017-03-17,34.900001525878906,23.5156192779541
2017-03-20,34.849998474121094,23.481929779052734
2017-03-21,34.60499954223633,23.31684684753418
2017-03-22,34.55500030517578,23.283157348632812
2017-03-23,34.415000915527344,23.188825607299805
2017-03-24,34.279998779296875,23.097858428955078
2017-03-27,34.119998931884766,22.990053176879883
2017-03-28,34.60499954223633,23.31684684753418
2017-03-29,35.08000183105469,23.636899948120117
2017-03-30,35.06999969482422,23.630168914794922
2017-03-31,34.95000076293945,23.549312591552734
2017-04-03,34.88999938964844,23.508878707885742
2017-04-04,35.14500045776367,23.680692672729492
2017-04-05,35.03499984741211,23.606584548950195
2017-04-06,35.314998626708984,23.795242309570312
2017-04-07,35.18000030517578,23.704286575317383
2017-04-10,35.44499969482422,23.882837295532227
2017-04-11,35.45000076293945,23.886213302612305
2017-04-12,35.29999923706055,23.78513526916504
2017-04-13,34.654998779296875,23.350536346435547
2017-04-17,34.72999954223633,23.401077270507812
2017-04-18,34.404998779296875,23.18208885192871
2017-04-19,33.900001525878906,22.841815948486328
2017-04-20,34.064998626708984,22.95299530029297
2017-04-21,33.89500045776367,22.838451385498047
2017-04-24,34.095001220703125,22.973207473754883
2017-04-25,34.3849983215332,23.168607711791992
2017-04-26,34.27000045776367,23.091123580932617
2017-04-27,33.89500045776367,22.838451385498047
2017-04-28,33.91999816894531,22.855289459228516
2017-05-01,33.82500076293945,22.791290283203125
2017-05-02,33.654998779296875,22.676740646362305
2017-05-03,33.75,22.74074363708496
2017-05-04,33.130001068115234,22.322996139526367
2017-05-05,33.654998779296875,22.676740646362305
2017-05-08,33.89500045776367,22.838451385498047
2017-05-09,33.6150016784668,22.649791717529297
2017-05-10,34.060001373291016,22.94962501525879
2017-05-11,33.9900016784668,22.90245819091797
2017-05-12,33.875,22.82497787475586
2017-05-15,34.13999938964844,23.00353240966797
2017-05-16,33.970001220703125,22.888988494873047
2017-05-17,33.6349983215332,22.663267135620117
2017-05-18,33.625,22.656526565551758
2017-05-19,34.040000915527344,22.936155319213867
2017-05-22,33.96500015258789,22.8856143951416
2017-05-23,34.04499816894531,22.93951416015625
2017-05-24,33.8650016784668,22.818241119384766
2017-05-25,33.25,22.403846740722656
2017-05-26,33.30500030517578,22.4409122467041
2017-05-30,32.86000061035156,22.141069412231445
2017-05-31,32.720001220703125,22.04673957824707
2017-06-01,32.92499923706055,22.18486213684082
2017-06-02,32.54499816894531,21.928821563720703
2017-06-05,32.60499954223633,21.969247817993164
2017-06-06,32.9900016784668,22.228662490844727
2017-06-07,32.525001525878906,21.91534423828125
2017-06-08,32.43000030517578,21.851333618164062
2017-06-09,33.209999084472656,22.376890182495117
2017-06-12,33.44499969482422,22.53523826599121
2017-06-13,33.69499969482422,22.703689575195312
2017-06-14,33.084999084472656,22.29266929626465
2017-06-15,32.834999084472656,22.12421989440918
2017-06-16,33.150001525878906,22.490236282348633
2017-06-19,32.939998626708984,22.347761154174805
2017-06-20,32.52000045776367,22.062824249267578
2017-06-21,31.9950008392334,21.706645965576172
2017-06-22,31.975000381469727,21.69307518005371
2017-06-23,32.189998626708984,21.838939666748047
2017-06-26,32.119998931884766,21.79144859313965
2017-06-27,32.06999969482422,21.757522583007812
2017-06-28,32.244998931884766,21.876253128051758
2017-06-29,32.314998626708984,21.923742294311523
2017-06-30,32.459999084472656,22.022119522094727
2017-07-03,33.084999084472656,22.44614028930664
2017-07-05,32.415000915527344,21.991580963134766
2017-07-06,32.05500030517578,21.747343063354492
2017-07-07,32.005001068115234,21.71342658996582
2017-07-10,32.11000061035156,21.78466033935547
2017-07-11,32.28499984741211,21.903385162353516
2017-07-12,32.375,21.964454650878906
2017-07-13,32.505001068115234,22.05264663696289
2017-07-14,32.70000076293945,22.184947967529297
2017-07-17,32.65999984741211,22.157800674438477
2017-07-18,32.505001068115234,22.05264663696289
2017-07-19,32.97999954223633,22.374902725219727
2017-07-20,32.880001068115234,22.307064056396484
2017-07-21,32.55500030517578,22.08656883239746
2017-07-24,32.494998931884766,22.045860290527344
2017-07-25,32.904998779296875,22.324020385742188
2017-07-26,32.939998626708984,22.347761154174805
2017-07-27,33.275001525878906,22.575042724609375
2017-07-28,33.23500061035156,22.54790687561035
2017-07-31,33.310001373291016,22.59878921508789
2017-08-01,33.30500030517578,22.59539794921875
2017-08-02,33.18000030517578,22.510587692260742
2017-08-03,32.71500015258789,22.195117950439453
2017-08-04,32.81999969482422,22.2663516998291
2017-08-07,32.56999969482422,22.096742630004883
2017-08-08,32.494998931884766,22.045860290527344
2017-08-09,32.525001525878906,22.066213607788086
2017-08-10,32.18000030517578,21.832157135009766
2017-08-11,31.969999313354492,21.689678192138672
2017-08-14,31.875,21.625226974487305
2017-08-15,31.7549991607666,21.5438175201416
2017-08-16,31.450000762939453,21.33689308166504
2017-08-17,31.0049991607666,21.034988403320312
2017-08-18,31.15999984741211,21.140146255493164
2017-08-21,31.0,21.031599044799805
2017-08-22,31.204999923706055,21.17067527770996
2017-08-23,31.34000015258789,21.262266159057617
2017-08-24,31.360000610351562,21.275835037231445
2017-08-25,31.5,21.370817184448242
2017-08-28,31.360000610351562,21.275835037231445
2017-08-29,31.31999969482422,21.248699188232422
2017-08-30,31.334999084472656,21.25887107849121
2017-08-31,31.485000610351562,21.360639572143555
2017-09-01,31.790000915527344,21.56756591796875
2017-09-05,31.96500015258789,21.68628692626953
2017-09-06,32.48500061035156,22.039073944091797
2017-09-07,32.54499816894531,22.07978057861328
2017-09-08,32.20000076293945,21.845720291137695
2017-09-11,32.505001068115234,22.05264663696289
2017-09-12,32.70500183105469,22.188337326049805
2017-09-13,33.1150016784668,22.46649169921875
2017-09-14,33.275001525878906,22.575042724609375
2017-09-15,32.91999816894531,22.62831687927246
2017-09-18,33.060001373291016,22.724550247192383
2017-09-19,33.19499969482422,22.817340850830078
2017-09-20,33.41999816894531,22.972000122070312
2017-09-21,33.43000030517578,22.978872299194336
2017-09-22,33.599998474121094,23.095727920532227
2017-09-25,34.084999084472656,23.429100036621094
2017-09-26,34.06999969482422,23.41879653930664
2017-09-27,34.21500015258789,23.518465042114258
2017-09-28,34.244998931884766,23.539085388183594
2017-09-29,34.2400016784668,23.53565216064453
2017-10-02,34.22999954223633,23.528772354125977
2017-10-03,34.19499969482422,23.504709243774414
2017-10-04,34.16999816894531,23.487529754638672
2017-10-05,34.32500076293945,23.59407615661621
2017-10-06,34.03499984741211,23.394737243652344
2017-10-09,34.10499954223633,23.442853927612305
2017-10-10,34.1349983215332,23.46346664428711
2017-10-11,34.21500015258789,23.518465042114258
2017-10-12,34.09000015258789,23.432540893554688
2017-10-13,34.06999969482422,23.41879653930664
2017-10-16,34.14500045776367,23.4703426361084
2017-10-17,34.165000915527344,23.484092712402344
2017-10-18,33.92499923706055,23.319122314453125
2017-10-19,33.81999969482422,23.246950149536133
2017-10-20,33.8849983215332,23.291624069213867
2017-10-23,33.709999084472656,23.17133331298828
2017-10-24,33.775001525878906,23.216014862060547
2017-10-25,33.540000915527344,23.05449104309082
2017-10-26,33.61000061035156,23.102598190307617
2017-10-27,33.66999816894531,23.143840789794922
2017-10-30,33.845001220703125,23.26413345336914
2017-10-31,33.95500183105469,23.339750289916992
2017-11-01,34.34000015258789,23.604385375976562
2017-11-02,34.2400016784668,23.53565216064453
2017-11-03,34.34000015258789,23.604385375976562
2017-11-06,35.125,24.143972396850586
2017-11-07,35.08000183105469,24.113040924072266
2017-11-08,34.90999984741211,23.996191024780273
2017-11-09,35.01499938964844,24.068359375
2017-11-10,34.83000183105469,23.941200256347656
2017-11-13,34.630001068115234,23.80372428894043
2017-11-14,34.06999969482422,23.41879653930664
2017-11-15,33.685001373291016,23.154155731201172
2017-11-16,33.54999923706055,23.06136131286621
2017-11-17,33.71500015258789,23.174768447875977
2017-11-20,33.6349983215332,23.119781494140625
2017-11-21,33.709999084472656,23.17133331298828
2017-11-22,33.845001220703125,23.26413345336914
2017-11-24,33.939998626708984,23.329435348510742
2017-11-27,33.595001220703125,23.092294692993164
2017-11-28,33.85499954223633,23.271005630493164
2017-11-29,34.040000915527344,23.398174285888672
2017-11-30,34.54999923706055,23.748729705810547
2017-12-01,34.84000015258789,23.94807243347168
2017-12-04,34.82500076293945,23.93776512145996
2017-12-05,34.67499923706055,23.834657669067383
2017-12-06,34.224998474121094,23.52533531188965
2017-12-07,34.32500076293945,23.59407615661621
2017-12-08,34.63999938964844,23.81059455871582
2017-12-11,34.88999938964844,23.982437133789062
2017-12-12,34.79499816894531,23.91714096069336
2017-12-13,34.744998931884766,23.88276481628418
2017-12-14,34.619998931884766,23.796846389770508
2017-12-15,34.36000061035156,23.77539825439453
2017-12-18,34.625,23.958770751953125
2017-12-19,34.67499923706055,23.993364334106445
2017-12-20,35.165000915527344,24.332414627075195
2017-12-21,35.90999984741211,24.84791374206543
2017-12-22,35.98500061035156,24.89982032775879
2017-12-26,36.29999923706055,25.11778450012207
2017-12-27,36.18000030517578,25.03474235534668
2017-12-28,36.23500061035156,25.07280158996582
2017-12-29,36.130001068115234,25.000150680541992
2018-01-02,36.724998474121094,25.411853790283203
2018-01-03,37.275001525878906,25.792430877685547
2018-01-04,37.5,25.948123931884766
2018-01-05,37.48500061035156,25.937734603881836
2018-01-08,37.709999084472656,26.093435287475586
2018-01-09,37.6150016784668,26.027694702148438
2018-01-10,37.56999969482422,25.996551513671875
2018-01-11,38.34000015258789,26.529354095458984
2018-01-12,38.709999084472656,26.78537940979004
2018-01-16,38.220001220703125,26.446325302124023
2018-01-17,38.55500030517578,26.678123474121094
2018-01-18,38.2400016784668,26.460161209106445
2018-01-19,38.189998626708984,26.425565719604492
2018-01-22,39.01499938964844,26.996417999267578
2018-01-23,38.95500183105469,26.954906463623047
2018-01-24,38.849998474121094,26.88224983215332
2018-01-25,38.54499816894531,26.67119789123535
2018-01-26,38.755001068115234,26.8165225982666
2018-01-29,38.16999816894531,26.411727905273438
2018-01-30,37.400001525878906,25.878925323486328
2018-01-31,37.42499923706055,25.89621925354004
2018-02-01,37.810001373291016,26.162628173828125
2018-02-02,36.22999954223633,25.069347381591797
2018-02-05,34.709999084472656,24.017580032348633
2018-02-06,34.98500061035156,24.207868576049805
2018-02-07,34.400001525878906,23.803075790405273
2018-02-08,33.36000061035156,23.083450317382812
2018-02-09,33.334999084472656,23.06614875793457
2018-02-12,33.880001068115234,23.443265914916992
2018-02-13,33.7400016784668,23.346389770507812
2018-02-14,34.22999954223633,23.685443878173828
2018-02-15,34.14500045776367,23.62662696838379
2018-02-16,34.060001373291016,23.567813873291016
2018-02-20,33.875,23.439802169799805
2018-02-21,33.30500030517578,23.045394897460938
2018-02-22,33.66999816894531,23.297948837280273
2018-02-23,34.400001525878906,23.803075790405273
2018-02-26,34.60499954223633,23.944929122924805
2018-02-27,34.154998779296875,23.633543014526367
2018-02-28,33.369998931884766,23.090368270874023
2018-03-01,33.31999969482422,23.055767059326172
2018-03-02,33.474998474121094,23.16303062438965
2018-03-05,33.83000183105469,23.40866470336914
2018-03-06,33.849998474121094,23.422500610351562
2018-03-07,33.595001220703125,23.246055603027344
2018-03-08,33.584999084472656,23.2391357421875
2018-03-09,34.224998474121094,23.681982040405273
2018-03-12,34.21500015258789,23.675065994262695
2018-03-13,33.970001220703125,23.50554084777832
2018-03-14,33.77000045776367,23.36714744567871
2018-03-15,33.595001220703125,23.246055603027344
2018-03-16,33.654998779296875,23.453378677368164
2018-03-19,33.1349983215332,23.091005325317383
2018-03-20,33.415000915527344,23.286130905151367
2018-03-21,34.290000915527344,23.895896911621094
2018-03-22,33.59000015258789,23.408079147338867
2018-03-23,33.3849983215332,23.265220642089844
2018-03-26,33.98500061035156,23.683349609375
2018-03-27,33.665000915527344,23.460346221923828
2018-03-28,33.0099983215332,23.00389289855957
2018-03-29,33.70500183105469,23.488222122192383
2018-04-02,33.029998779296875,23.01782989501953
2018-04-03,33.73500061035156,23.50912857055664
2018-04-04,33.689998626708984,23.47776985168457
2018-04-05,34.29499816894531,23.899377822875977
2018-04-06,33.67499923706055,23.467317581176758
2018-04-09,33.834999084472656,23.578815460205078
2018-04-10,34.95500183105469,24.359315872192383
2018-04-11,35.31999969482422,24.61367416381836
2018-04-12,35.314998626708984,24.610197067260742
2018-04-13,35.70500183105469,24.88197898864746
2018-04-16,36.06999969482422,25.13633155822754
2018-04-17,36.209999084472656,25.23389434814453
2018-04-18,36.779998779296875,25.631114959716797
2018-04-19,36.82500076293945,25.662479400634766
2018-04-20,36.650001525878906,25.5405216217041
2018-04-23,36.875,25.697322845458984
2018-04-24,36.47999954223633,25.42205238342285
2018-04-25,36.77000045776367,25.6241512298584
2018-04-26,37.30500030517578,25.99696922302246
2018-04-27,36.90999984741211,25.721712112426758
2018-04-30,36.904998779296875,25.718225479125977
2018-05-01,36.68000030517578,25.561429977416992
2018-05-02,36.83000183105469,25.665958404541016
2018-05-03,36.744998931884766,25.60672950744629
2018-05-04,36.92499923706055,25.73216438293457
2018-05-07,36.974998474121094,25.767009735107422
2018-05-08,37.26499938964844,25.96910285949707
2018-05-09,38.025001525878906,26.49873161315918
2018-05-10,38.310001373291016,26.697338104248047
2018-05-11,38.3650016784668,26.73566246032715
2018-05-14,38.630001068115234,26.920331954956055
2018-05-15,38.63999938964844,26.92731475830078
2018-05-16,38.775001525878906,27.021385192871094
2018-05-17,39.36000061035156,27.429052352905273
2018-05-18,39.05500030517578,27.21651268005371
2018-05-21,39.45500183105469,27.495269775390625
2018-05-22,38.93000030517578,27.12939453125
2018-05-23,38.92499923706055,27.12591552734375
2018-05-24,38.28499984741211,26.67991828918457
2018-05-25,37.290000915527344,25.986530303955078
2018-05-29,37.17499923706055,25.906383514404297
2018-05-30,38.29999923706055,26.690372467041016
2018-05-31,38.0099983215332,26.488277435302734
2018-06-01,38.189998626708984,26.613712310791016
2018-06-04,37.86000061035156,26.38374137878418
2018-06-05,37.77000045776367,26.321029663085938
2018-06-06,37.95000076293945,26.446462631225586
2018-06-07,38.525001525878906,26.847164154052734
2018-06-08,38.45000076293945,26.794902801513672
2018-06-11,38.650001525878906,26.934268951416016
2018-06-12,38.35499954223633,26.72869873046875
2018-06-13,38.209999084472656,26.627649307250977
2018-06-14,38.154998779296875,26.589319229125977
2018-06-15,37.084999084472656,26.01823616027832
2018-06-18,37.45500183105469,26.277822494506836
2018-06-19,37.369998931884766,26.218181610107422
2018-06-20,37.53499984741211,26.33394432067871
2018-06-21,36.84000015258789,25.846342086791992
2018-06-22,37.57500076293945,26.362009048461914
2018-06-25,36.81999969482422,25.832311630249023
2018-06-26,37.28499984741211,26.158550262451172
2018-06-27,37.78499984741211,26.50933837890625
2018-06-28,37.73500061035156,26.474258422851562
2018-06-29,37.970001220703125,26.639131546020508
2018-07-02,37.40999984741211,26.24625015258789
2018-07-03,37.64500045776367,26.41111183166504
2018-07-05,37.60499954223633,26.383058547973633
2018-07-06,37.834999084472656,26.54442024230957
2018-07-09,38.400001525878906,26.940818786621094
2018-07-10,38.685001373291016,27.140775680541992
2018-07-11,37.8650016784668,26.56546974182129
2018-07-12,37.93000030517578,26.611068725585938
2018-07-13,38.130001068115234,26.751388549804688
2018-07-16,37.689998626708984,26.44268798828125
2018-07-17,37.540000915527344,26.337459564208984
2018-07-18,37.564998626708984,26.354991912841797
2018-07-19,37.57500076293945,26.362009048461914
2018-07-20,37.44499969482422,26.270790100097656
2018-07-23,37.279998779296875,26.15503692626953
2018-07-24,37.75,26.48478889465332
2018-07-25,38.064998626708984,26.705780029296875
2018-07-26,38.47999954223633,26.996936798095703
2018-07-27,38.314998626708984,26.88117790222168
2018-07-30,38.630001068115234,27.102174758911133
2018-07-31,38.560001373291016,27.053075790405273
2018-08-01,38.025001525878906,26.677722930908203
2018-08-02,37.814998626708984,26.530391693115234
2018-08-03,37.619998931884766,26.393573760986328
2018-08-06,37.7599983215332,26.49179458618164
2018-08-07,38.040000915527344,26.688241958618164
2018-08-08,37.76499938964844,26.49530601501465
2018-08-09,37.415000915527344,26.249757766723633
2018-08-10,37.64500045776367,26.41111183166504
2018-08-13,37.165000915527344,26.074357986450195
2018-08-14,37.255001068115234,26.13750648498535
2018-08-15,35.95500183105469,25.225446701049805
2018-08-16,36.21500015258789,25.407854080200195
2018-08-17,36.30500030517578,25.470993041992188
2018-08-20,36.54999923706055,25.642881393432617
2018-08-21,36.73500061035156,25.772676467895508
2018-08-22,37.17499923706055,26.081378936767578
2018-08-23,37.0,25.958599090576172
2018-08-24,37.27000045776367,26.14803123474121
2018-08-27,37.54499816894531,26.34095573425293
2018-08-28,37.3849983215332,26.22871208190918
2018-08-29,37.6150016784668,26.390077590942383
2018-08-30,37.5099983215332,26.316408157348633
2018-08-31,37.220001220703125,26.112947463989258
2018-09-04,37.13999938964844,26.056819915771484
2018-09-05,37.09000015258789,26.021739959716797
2018-09-06,36.404998779296875,25.541162490844727
2018-09-07,36.400001525878906,25.53764533996582
2018-09-10,36.3849983215332,25.527124404907227
2018-09-11,36.72999954223633,25.76917266845703
2018-09-12,36.91999816894531,25.902463912963867
2018-09-13,36.935001373291016,25.912994384765625
2018-09-14,37.130001068115234,26.0498104095459
2018-09-17,37.189998626708984,26.09189796447754
2018-09-18,37.435001373291016,26.263782501220703
2018-09-19,37.54999923706055,26.34446907043457
2018-09-20,37.560001373291016,26.351490020751953
2018-09-21,37.54999923706055,26.525619506835938
2018-09-24,38.099998474121094,26.914138793945312
2018-09-25,38.345001220703125,27.087209701538086
2018-09-26,37.974998474121094,26.825843811035156
2018-09-27,37.974998474121094,26.825843811035156
2018-09-28,37.869998931884766,26.751665115356445
2018-10-01,38.39500045776367,27.12253189086914
2018-10-02,38.435001373291016,27.150793075561523
2018-10-03,38.744998931884766,27.369775772094727
2018-10-04,38.584999084472656,27.25675392150879
2018-10-05,38.58000183105469,27.253219604492188
2018-10-08,38.54999923706055,27.232023239135742
2018-10-09,38.89500045776367,27.475730895996094
2018-10-10,37.67499923706055,26.613916397094727
2018-10-11,36.400001525878906,25.71324348449707
2018-10-12,36.5,25.783889770507812
2018-10-15,36.19499969482422,25.568431854248047
2018-10-16,36.494998931884766,25.78035545349121
2018-10-17,36.26499938964844,25.617881774902344
2018-10-18,36.084999084472656,25.490718841552734
2018-10-19,35.76499938964844,25.264680862426758
2018-10-22,35.369998931884766,24.98564338684082
2018-10-23,34.44499969482422,24.332216262817383
2018-10-24,33.084999084472656,23.371503829956055
2018-10-25,33.4900016784668,23.657594680786133
2018-10-26,33.2400016784668,23.480998992919922
2018-10-29,32.619998931884766,23.043025970458984
2018-10-30,33.375,23.576356887817383
2018-10-31,33.58000183105469,23.721176147460938
2018-11-01,33.8650016784668,23.922504425048828
2018-11-02,33.779998779296875,23.862457275390625
2018-11-05,34.345001220703125,24.26157569885254
2018-11-06,34.505001068115234,24.374605178833008
2018-11-07,35.06999969482422,24.773719787597656
2018-11-08,34.310001373291016,24.236852645874023
2018-11-09,34.25,24.194469451904297
2018-11-12,33.540000915527344,23.692914962768555
2018-11-13,32.77000045776367,23.148983001708984
2018-11-14,32.71500015258789,23.11012840270996
2018-11-15,33.19499969482422,23.44920539855957
2018-11-16,33.59000015258789,23.728242874145508
2018-11-19,33.58000183105469,23.721176147460938
2018-11-20,32.47999954223633,22.94412612915039
2018-11-21,32.9900016784668,23.30439567565918
2018-11-23,31.954999923706055,22.573261260986328
2018-11-26,32.435001373291016,22.912342071533203
2018-11-27,32.345001220703125,22.84876823425293
2018-11-28,32.900001525878906,23.240819931030273
2018-11-29,33.1150016784668,23.392696380615234
2018-11-30,33.05500030517578,23.350309371948242
2018-12-03,33.790000915527344,23.869525909423828
2018-12-04,32.81999969482422,23.184309005737305
2018-12-06,32.21500015258789,22.756925582885742
2018-12-07,32.03499984741211,22.629772186279297
2018-12-10,31.53499984741211,22.276573181152344
2018-12-11,31.545000076293945,22.28363609313965
2018-12-12,31.670000076293945,22.37193489074707
2018-12-13,31.770000457763672,22.442577362060547
2018-12-14,31.045000076293945,21.93043327331543
2018-12-17,30.479999542236328,21.531314849853516
2018-12-18,29.760000228881836,21.0226993560791
2018-12-19,29.40999984741211,20.77545738220215
2018-12-20,28.594999313354492,20.19972801208496
2018-12-21,28.05500030517578,20.003652572631836
2018-12-24,26.920000076293945,19.194379806518555
2018-12-26,28.594999313354492,20.38867950439453
2018-12-27,28.7450008392334,20.49563217163086
2018-12-28,28.524999618530273,20.33876609802246
2018-12-31,28.674999237060547,20.445716857910156
2019-01-02,29.239999771118164,20.84857940673828
2019-01-03,28.950000762939453,20.641803741455078
2019-01-04,29.934999465942383,21.344120025634766
2019-01-07,30.3799991607666,21.661413192749023
2019-01-08,30.614999771118164,21.82897186279297
2019-01-09,31.100000381469727,22.174785614013672
2019-01-10,31.190000534057617,22.238956451416016
2019-01-11,31.0049991607666,22.107046127319336
2019-01-14,30.93000030517578,22.053571701049805
2019-01-15,31.040000915527344,22.13200569152832
2019-01-16,31.0,22.103485107421875
2019-01-17,31.28499984741211,22.30669403076172
2019-01-18,31.920000076293945,22.759456634521484
2019-01-22,31.225000381469727,22.263916015625
2019-01-23,30.905000686645508,22.03574562072754
2019-01-24,31.06999969482422,22.153392791748047
2019-01-25,31.46500015258789,22.43503761291504
2019-01-28,31.149999618530273,22.210437774658203
2019-01-29,31.2450008392334,22.27817153930664
2019-01-30,31.684999465942383,22.591903686523438
2019-01-31,31.889999389648438,22.738067626953125
2019-02-01,32.44499969482422,23.1337947845459
2019-02-04,32.52000045776367,23.187265396118164
2019-02-05,32.56999969482422,23.222917556762695
2019-02-06,32.33000183105469,23.05179786682129
2019-02-07,31.614999771118164,22.5419864654541
2019-02-08,31.469999313354492,22.438602447509766
2019-02-11,31.6200008392334,22.545557022094727
2019-02-12,32.02000045776367,22.830760955810547
2019-02-13,32.41999816894531,23.115962982177734
2019-02-14,32.53499984741211,23.19795799255371
2019-02-15,33.060001373291016,23.572298049926758
2019-02-19,33.15999984741211,23.643596649169922
2019-02-20,33.29999923706055,23.7434139251709
2019-02-21,32.78499984741211,23.3762149810791
2019-02-22,32.880001068115234,23.44394874572754
2019-02-25,32.935001373291016,23.483173370361328
2019-02-26,32.83000183105469,23.408302307128906
2019-02-27,32.95500183105469,23.4974365234375
2019-02-28,32.625,23.26213836669922
2019-03-01,33.224998474121094,23.689939498901367
2019-03-04,33.28499984741211,23.732723236083984
2019-03-05,33.17499923706055,23.654293060302734
2019-03-06,32.755001068115234,23.354825973510742
2019-03-07,32.560001373291016,23.21578598022461
2019-03-08,31.950000762939453,22.78084945678711
2019-03-11,32.45000076293945,23.137357711791992
2019-03-12,32.65999984741211,23.28708839416504
2019-03-13,32.9900016784668,23.522384643554688
2019-03-14,33.025001525878906,23.547344207763672
2019-03-15,32.755001068115234,23.53799819946289
2019-03-18,33.209999084472656,23.864961624145508
2019-03-19,33.119998931884766,23.8002872467041
2019-03-20,33.40999984741211,24.008684158325195
2019-03-21,33.64500045776367,24.17755889892578
2019-03-22,32.73500061035156,23.52362632751465
2019-03-25,32.75,23.534412384033203
2019-03-26,33.220001220703125,23.87214469909668
2019-03-27,32.98500061035156,23.703277587890625
2019-03-28,33.11000061035156,23.793106079101562
2019-03-29,33.060001373291016,23.75717544555664
2019-04-01,33.494998931884766,24.069766998291016
2019-04-02,33.26499938964844,23.90448760986328
2019-04-03,32.94499969482422,23.674530029296875
2019-04-04,33.220001220703125,23.87214469909668
2019-04-05,33.80500030517578,24.292537689208984
2019-04-08,33.95500183105469,24.400327682495117
2019-04-09,33.540000915527344,24.102102279663086
2019-04-10,33.665000915527344,24.191930770874023
2019-04-11,33.689998626708984,24.209896087646484
2019-04-12,33.779998779296875,24.274572372436523
2019-04-15,33.58000183105469,24.130847930908203
2019-04-16,33.79999923706055,24.2889461517334
2019-04-17,33.755001068115234,24.256608963012695
2019-04-18,33.595001220703125,24.141626358032227
2019-04-22,34.30500030517578,24.65184211730957
2019-04-23,34.25,24.61231231689453
2019-04-24,33.650001525878906,24.18115234375
2019-04-25,33.54499816894531,24.105695724487305
2019-04-26,33.11000061035156,23.793106079101562
2019-04-29,33.08000183105469,23.771543502807617
2019-04-30,33.05500030517578,23.753576278686523
2019-05-01,32.39500045776367,23.2793025970459
2019-05-02,31.829999923706055,22.873287200927734
2019-05-03,32.125,23.08527946472168
2019-05-06,32.154998779296875,23.10683250427246
2019-05-07,31.875,22.905622482299805
2019-05-08,31.875,22.905622482299805
2019-05-09,31.875,22.905622482299805
2019-05-10,32.025001525878906,23.01341438293457
2019-05-13,31.475000381469727,22.618183135986328
2019-05-14,31.860000610351562,22.894845962524414
2019-05-15,32.025001525878906,23.01341438293457
2019-05-16,32.20000076293945,23.1391658782959
2019-05-17,31.875,22.905622482299805
2019-05-20,31.889999389648438,22.91640281677246
2019-05-21,32.2599983215332,23.18228530883789
2019-05-22,31.760000228881836,22.822978973388672
2019-05-23,30.69499969482422,22.057668685913086
2019-05-24,30.809999465942383,22.140302658081055
2019-05-28,30.489999771118164,21.91034698486328
2019-05-29,30.295000076293945,21.770225524902344
2019-05-30,29.90999984741211,21.493560791015625
2019-05-31,29.385000228881836,21.11629295349121
2019-06-03,29.760000228881836,21.385770797729492
2019-06-04,30.274999618530273,21.75585174560547
2019-06-05,29.940000534057617,21.515119552612305
2019-06-06,30.4950008392334,21.91394805908203
2019-06-07,30.635000228881836,22.014551162719727
2019-06-10,30.725000381469727,22.0792236328125
2019-06-11,30.78499984741211,22.122344970703125
2019-06-12,30.350000381469727,21.809749603271484
2019-06-13,30.704999923706055,22.064851760864258
2019-06-14,30.5049991607666,21.921127319335938
2019-06-17,30.760000228881836,22.1043758392334
2019-06-18,31.184999465942383,22.409788131713867
2019-06-19,31.149999618530273,22.384639739990234
2019-06-20,31.84000015258789,22.880474090576172
2019-06-21,31.780000686645508,23.045808792114258
2019-06-24,31.4950008392334,22.839139938354492
2019-06-25,31.2450008392334,22.657848358154297
2019-06-26,31.725000381469727,23.00592803955078
2019-06-27,31.489999771118164,22.835512161254883
2019-06-28,31.854999542236328,23.100196838378906
2019-07-01,31.885000228881836,23.121952056884766
2019-07-02,31.375,22.752119064331055
2019-07-03,31.5,22.84276580810547
2019-07-05,31.545000076293945,22.875396728515625
2019-07-08,31.59000015258789,22.90802764892578
2019-07-09,31.614999771118164,22.926156997680664
2019-07-10,32.02000045776367,23.219850540161133
2019-07-11,32.084999084472656,23.266986846923828
2019-07-12,32.220001220703125,23.364885330200195
2019-07-15,31.93000030517578,23.154584884643555
2019-07-16,31.59000015258789,22.90802764892578
2019-07-17,31.229999542236328,22.6469669342041
2019-07-18,31.235000610351562,22.650592803955078
2019-07-19,31.3799991607666,22.755741119384766
2019-07-22,31.524999618530273,22.86089324951172
2019-07-23,31.610000610351562,22.922529220581055
2019-07-24,31.7450008392334,23.020431518554688
2019-07-25,31.385000228881836,22.75937271118164
2019-07-26,31.225000381469727,22.643342971801758
2019-07-29,31.100000381469727,22.552701950073242
2019-07-30,31.450000762939453,22.806507110595703
2019-07-31,31.350000381469727,22.733989715576172
2019-08-01,30.639999389648438,22.2191219329834
2019-08-02,30.200000762939453,21.90004539489746
2019-08-05,29.299999237060547,21.24739646911621
2019-08-06,29.264999389648438,21.222013473510742
2019-08-07,29.045000076293945,21.062482833862305
2019-08-08,29.8799991607666,21.667991638183594
2019-08-09,29.549999237060547,21.428688049316406
2019-08-12,29.200000762939453,21.174880981445312
2019-08-13,29.469999313354492,21.37067222595215
2019-08-14,28.315000534057617,20.533105850219727
2019-08-15,28.139999389648438,20.406204223632812
2019-08-16,28.510000228881836,20.674510955810547
2019-08-19,29.139999389648438,21.131366729736328
2019-08-20,28.895000457763672,20.95370101928711
2019-08-21,29.079999923706055,21.08785629272461
2019-08-22,28.950000762939453,20.993589401245117
2019-08-23,27.979999542236328,20.290180206298828
2019-08-26,28.100000381469727,20.377199172973633
2019-08-27,27.924999237060547,20.25029182434082
2019-08-28,28.325000762939453,20.54035758972168
2019-08-29,28.739999771118164,20.8413028717041
2019-08-30,28.739999771118164,20.8413028717041
2019-09-03,28.600000381469727,20.739776611328125
2019-09-04,29.0,21.02985191345215
2019-09-05,29.360000610351562,21.290908813476562
2019-09-06,29.514999389648438,21.403305053710938
2019-09-09,30.104999542236328,21.831157684326172
2019-09-10,30.459999084472656,22.08858871459961
2019-09-11,30.489999771118164,22.110347747802734
2019-09-12,30.299999237060547,21.972564697265625
2019-09-13,30.540000915527344,22.1466007232666
2019-09-16,31.565000534057617,22.88990020751953
2019-09-17,31.125,22.57082748413086
2019-09-18,30.975000381469727,22.46204948425293
2019-09-19,30.895000457763672,22.40403938293457
2019-09-20,30.639999389648438,22.422332763671875
2019-09-23,30.649999618530273,22.42964744567871
2019-09-24,30.165000915527344,22.07472801208496
2019-09-25,30.21500015258789,22.111316680908203
2019-09-26,29.81999969482422,21.82225227355957
2019-09-27,29.815000534057617,21.8185977935791
2019-09-30,29.600000381469727,21.661258697509766
2019-10-01,28.915000915527344,21.15997886657715
2019-10-02,28.204999923706055,20.640396118164062
2019-10-03,28.510000228881836,20.863595962524414
2019-10-04,28.690000534057617,20.99532127380371
2019-10-07,28.434999465942383,20.808712005615234
2019-10-08,27.950000762939453,20.453798294067383
2019-10-09,28.204999923706055,20.640396118164062
2019-10-10,28.559999465942383,20.900190353393555
2019-10-11,28.94499969482422,21.18193244934082
2019-10-14,28.93000030517578,21.17095947265625
2019-10-15,29.049999237060547,21.258769989013672
2019-10-16,28.645000457763672,20.962392807006836
2019-10-17,28.665000915527344,20.977027893066406
2019-10-18,28.514999389648438,20.867259979248047
2019-10-21,29.024999618530273,21.240476608276367
2019-10-22,29.399999618530273,21.514904022216797
2019-10-23,29.645000457763672,21.694194793701172
2019-10-24,29.520000457763672,21.60271644592285
2019-10-25,29.760000228881836,21.778352737426758
2019-10-28,29.59000015258789,21.653949737548828
2019-10-29,29.709999084472656,21.741758346557617
2019-10-30,29.104999542236328,21.29901695251465
2019-10-31,28.979999542236328,21.207548141479492
2019-11-01,29.639999389648438,21.690536499023438
2019-11-04,30.604999542236328,22.396718978881836
2019-11-05,30.645000457763672,22.42599105834961
2019-11-06,30.020000457763672,21.968618392944336
2019-11-07,30.469999313354492,22.297927856445312
2019-11-08,30.344999313354492,22.206451416015625
2019-11-11,30.174999237060547,22.082042694091797
2019-11-12,30.020000457763672,21.968618392944336
2019-11-13,29.889999389648438,21.873483657836914
2019-11-14,29.809999465942383,21.814937591552734
2019-11-15,30.040000915527344,21.983253479003906
2019-11-18,29.674999237060547,21.716142654418945
2019-11-19,29.235000610351562,21.39415740966797
2019-11-20,29.530000686645508,21.610034942626953
2019-11-21,30.014999389648438,21.9649600982666
2019-11-22,29.915000915527344,21.89177894592285
2019-11-25,29.94499969482422,21.91373634338379
2019-11-26,29.670000076293945,21.712486267089844
2019-11-27,29.7450008392334,21.767372131347656
2019-11-29,29.44499969482422,21.547826766967773
2019-12-02,29.44499969482422,21.547826766967773
2019-12-03,29.0049991607666,21.225839614868164
2019-12-04,29.440000534057617,21.544178009033203
2019-12-05,29.299999237060547,21.441726684570312
2019-12-06,29.860000610351562,21.851530075073242
2019-12-09,29.825000762939453,21.825916290283203
2019-12-10,29.885000228881836,21.869821548461914
2019-12-11,29.834999084472656,21.833234786987305
2019-12-12,30.385000228881836,22.23572540283203
2019-12-13,30.155000686645508,22.067407608032227
2019-12-16,30.559999465942383,22.363786697387695
2019-12-17,30.579999923706055,22.378427505493164
2019-12-18,30.69499969482422,22.462581634521484
2019-12-19,30.684999465942383,22.45526123046875
2019-12-20,30.68000030517578,22.670669555664062
2019-12-23,30.9950008392334,22.903425216674805
2019-12-24,30.979999542236328,22.892343521118164
2019-12-26,30.969999313354492,22.88495445251465
2019-12-27,30.84000015258789,22.788890838623047
2019-12-30,29.850000381469727,22.71697235107422
2019-12-31,30.020000457763672,22.846349716186523
2020-01-02,30.290000915527344,23.051836013793945
2020-01-03,30.200000762939453,22.983341217041016
2020-01-06,30.434999465942383,23.16218376159668
2020-01-07,30.354999542236328,23.101301193237305
2020-01-08,29.854999542236328,22.720781326293945
2020-01-09,30.075000762939453,22.888206481933594
2020-01-10,29.905000686645508,22.758834838867188
2020-01-13,29.915000915527344,22.766443252563477
2020-01-14,29.920000076293945,22.770248413085938
2020-01-15,29.700000762939453,22.602821350097656
2020-01-16,29.75,22.64087677001953
2020-01-17,29.559999465942383,22.49626922607422
2020-01-21,29.030000686645508,22.092926025390625
2020-01-22,28.75,21.879831314086914
2020-01-23,28.639999389648438,21.796117782592773
2020-01-24,28.309999465942383,21.54497528076172
2020-01-27,27.524999618530273,20.947561264038086
2020-01-28,27.649999618530273,21.042694091796875
2020-01-29,27.360000610351562,20.82199478149414
2020-01-30,27.579999923706055,20.98941993713379
2020-01-31,26.719999313354492,20.334924697875977
2020-02-03,26.3700008392334,20.068567276000977
2020-02-04,26.46500015258789,20.14086151123047
2020-02-05,27.459999084472656,20.898096084594727
2020-02-06,27.18000030517578,20.68500518798828
2020-02-07,26.989999771118164,20.5404052734375
2020-02-10,26.854999542236328,20.437665939331055
2020-02-11,27.155000686645508,20.66598129272461
2020-02-12,27.520000457763672,20.943758010864258
2020-02-13,27.434999465942383,20.879070281982422
2020-02-14,27.290000915527344,20.768720626831055
2020-02-18,27.065000534057617,20.59748649597168
2020-02-19,27.424999237060547,20.871458053588867
2020-02-20,27.395000457763672,20.848628997802734
2020-02-21,27.06999969482422,20.601289749145508
2020-02-24,25.81999969482422,19.649991989135742
2020-02-25,24.68000030517578,18.782407760620117
2020-02-26,23.934999465942383,18.215435028076172
2020-02-27,22.655000686645508,17.241304397583008
2020-02-28,22.635000228881836,17.226091384887695
2020-03-02,23.549999237060547,17.922441482543945
2020-03-03,22.829999923706055,17.374492645263672
2020-03-04,23.3700008392334,17.785451889038086
2020-03-05,22.514999389648438,17.1347599029541
2020-03-06,21.25,16.17205238342285
2020-03-09,16.969999313354492,12.91480827331543
2020-03-10,17.774999618530273,13.52744197845459
2020-03-11,16.834999084472656,12.8120698928833
2020-03-12,14.734999656677246,11.213890075683594
2020-03-13,16.094999313354492,12.2489013671875
2020-03-16,13.904999732971191,10.582230567932129
2020-03-17,14.0,10.65452766418457
2020-03-18,11.989999771118164,9.12484359741211
2020-03-19,12.805000305175781,9.745089530944824
2020-03-20,12.930000305175781,9.840217590332031
2020-03-23,11.78499984741211,9.169522285461426
2020-03-24,13.675000190734863,10.640071868896484
2020-03-25,14.319999694824219,11.141923904418945
2020-03-26,15.194999694824219,11.822732925415039
2020-03-27,14.164999961853027,11.02132511138916
2020-03-30,14.3100004196167,11.134142875671387
2020-03-31,14.529999732971191,11.305317878723145
2020-04-01,13.8100004196167,10.745110511779785
2020-04-02,15.074999809265137,11.729363441467285
2020-04-03,14.914999961853027,11.604873657226562
2020-04-06,15.704999923706055,12.219547271728516
2020-04-07,16.040000915527344,12.480199813842773
2020-04-08,17.110000610351562,13.312732696533203
2020-04-09,16.954999923706055,13.192130088806152
2020-04-13,16.899999618530273,13.149338722229004
2020-04-14,16.81999969482422,13.087092399597168
2020-04-15,16.030000686645508,12.472418785095215
2020-04-16,15.345000267028809,11.93944263458252
2020-04-17,16.975000381469727,13.207694053649902
2020-04-20,16.44499969482422,12.795317649841309
2020-04-21,16.155000686645508,12.569677352905273
2020-04-22,16.729999542236328,13.01706600189209
2020-04-23,17.270000457763672,13.437220573425293
2020-04-24,17.309999465942383,13.468347549438477
2020-04-27,17.684999465942383,13.760119438171387
2020-04-28,18.09000015258789,14.075237274169922
2020-04-29,19.43000030517578,15.11784839630127
2020-04-30,19.0,14.78327751159668
2020-05-01,17.924999237060547,13.946854591369629
2020-05-04,18.545000076293945,14.429259300231934
2020-05-05,18.559999465942383,14.440929412841797
2020-05-06,18.075000762939453,14.063566207885742
2020-05-07,18.545000076293945,14.429259300231934
2020-05-08,19.389999389648438,15.086727142333984
2020-05-11,19.049999237060547,14.822178840637207
2020-05-12,18.71500015258789,14.561529159545898
2020-05-13,17.864999771118164,13.900174140930176
2020-05-14,18.065000534057617,14.055784225463867
2020-05-15,17.9950008392334,14.001323699951172
2020-05-18,19.46500015258789,15.14508056640625
2020-05-19,18.920000076293945,14.721034049987793
2020-05-20,19.674999237060547,15.308475494384766
2020-05-21,19.360000610351562,15.063384056091309
2020-05-22,19.239999771118164,14.970017433166504
2020-05-26,19.774999618530273,15.386276245117188
2020-05-27,20.030000686645508,15.584694862365723
2020-05-28,19.469999313354492,15.148970603942871
2020-05-29,19.3799991607666,15.07894229888916
2020-06-01,19.719999313354492,15.343487739562988
2020-06-02,20.270000457763672,15.771425247192383
2020-06-03,20.864999771118164,16.234371185302734
2020-06-04,20.8700008392334,16.238265991210938
2020-06-05,22.420000076293945,17.44426727294922
2020-06-08,23.43000030517578,18.230119705200195
2020-06-09,22.549999237060547,17.5454158782959
2020-06-10,21.440000534057617,16.681760787963867
2020-06-11,19.420000076293945,15.110068321228027
2020-06-12,19.90999984741211,15.491324424743652
2020-06-15,19.969999313354492,15.537999153137207
2020-06-16,20.545000076293945,15.985393524169922
2020-06-17,19.844999313354492,15.440744400024414
2020-06-18,20.09000015258789,15.631370544433594
2020-06-19,19.78499984741211,15.394057273864746
2020-06-22,19.625,15.465378761291504
2020-06-23,19.645000457763672,15.481142044067383
2020-06-24,18.55500030517578,14.622171401977539
2020-06-25,18.90999984741211,14.90192985534668
2020-06-26,18.2549991607666,14.385760307312012
2020-06-29,18.5,14.578829765319824
2020-06-30,18.924999237060547,14.913745880126953
2020-07-01,18.46500015258789,14.551244735717773
2020-07-02,18.670000076293945,14.712796211242676
2020-07-06,18.725000381469727,14.75613784790039
2020-07-07,18.1299991607666,14.287256240844727
2020-07-08,18.114999771118164,14.275432586669922
2020-07-09,17.219999313354492,13.570133209228516
2020-07-10,17.770000457763672,14.003555297851562
2020-07-13,17.674999237060547,13.928692817687988
2020-07-14,18.295000076293945,14.417281150817871
2020-07-15,18.690000534057617,14.728558540344238
2020-07-16,18.604999542236328,14.661575317382812
2020-07-17,18.344999313354492,14.456685066223145
2020-07-20,18.040000915527344,14.216330528259277
2020-07-21,19.1299991607666,15.075297355651855
2020-07-22,18.895000457763672,14.890107154846191
2020-07-23,18.860000610351562,14.862524032592773
2020-07-24,18.7549991607666,14.779779434204102
2020-07-27,18.774999618530273,14.795540809631348
2020-07-28,18.454999923706055,14.543365478515625
2020-07-29,18.84000015258789,14.846768379211426
2020-07-30,18.100000381469727,14.26361083984375
2020-07-31,18.014999389648438,14.196625709533691
2020-08-03,18.079999923706055,14.247854232788086
2020-08-04,18.520000457763672,14.594589233398438
2020-08-05,18.71500015258789,14.74825668334961
2020-08-06,18.565000534057617,14.63005256652832
2020-08-07,18.59000015258789,14.64975357055664
2020-08-10,19.165000915527344,15.102883338928223
2020-08-11,19.100000381469727,15.051653861999512
2020-08-12,19.290000915527344,15.201386451721191
2020-08-13,18.915000915527344,14.905865669250488
2020-08-14,19.094999313354492,15.047714233398438
2020-08-17,18.985000610351562,14.961030960083008
2020-08-18,18.7450008392334,14.771902084350586
2020-08-19,18.530000686645508,14.602470397949219
2020-08-20,18.1299991607666,14.287256240844727
2020-08-21,18.014999389648438,14.196625709533691
2020-08-24,18.510000228881836,14.586709022521973
2020-08-25,18.25,14.381820678710938
2020-08-26,17.864999771118164,14.078422546386719
2020-08-27,17.899999618530273,14.106003761291504
2020-08-28,18.219999313354492,14.35817813873291
2020-08-31,17.825000762939453,14.04690170288086
2020-09-01,17.704999923706055,13.9523344039917
2020-09-02,17.6200008392334,13.88534927368164
2020-09-03,17.489999771118164,13.782905578613281
2020-09-04,17.434999465942383,13.739561080932617
2020-09-08,16.799999237060547,13.239151954650879
2020-09-09,16.915000915527344,13.329779624938965
2020-09-10,16.295000076293945,12.841190338134766
2020-09-11,16.309999465942383,12.853011131286621
2020-09-14,16.434999465942383,12.951516151428223
2020-09-15,16.315000534057617,12.856951713562012
2020-09-16,16.969999313354492,13.37312126159668
2020-09-17,16.9950008392334,13.392822265625
2020-09-18,16.80500030517578,13.24309253692627
2020-09-21,15.984999656677246,12.80413818359375
2020-09-22,15.819999694824219,12.671975135803223
2020-09-23,15.104999542236328,12.099252700805664
2020-09-24,15.100000381469727,12.095245361328125
2020-09-25,15.09000015258789,12.087236404418945
2020-09-28,15.444999694824219,12.371594429016113
2020-09-29,15.020000457763672,12.031164169311523
2020-09-30,14.975000381469727,11.995118141174316
2020-10-01,14.515000343322754,11.626656532287598
2020-10-02,14.654999732971191,11.738799095153809
2020-10-05,15.095000267028809,12.091239929199219
2020-10-06,14.869999885559082,11.91101360321045
2020-10-07,15.079999923706055,12.079225540161133
2020-10-08,15.645000457763672,12.531798362731934
2020-10-09,15.395000457763672,12.331544876098633
2020-10-12,15.4350004196167,12.363585472106934
2020-10-13,15.194999694824219,12.171342849731445
2020-10-14,15.260000228881836,12.223406791687012
2020-10-15,15.444999694824219,12.371594429016113
2020-10-16,15.095000267028809,12.091239929199219
2020-10-19,14.774999618530273,11.834917068481445
2020-10-20,14.949999809265137,11.975092887878418
2020-10-21,14.664999961853027,11.746807098388672
2020-10-22,15.270000457763672,12.231419563293457
2020-10-23,15.194999694824219,12.171342849731445
2020-10-26,14.649999618530273,11.734790802001953
2020-10-27,14.460000038146973,11.582597732543945
2020-10-28,13.854999542236328,11.097989082336426
2020-10-29,14.279999732971191,11.438419342041016
2020-10-30,14.359999656677246,11.502496719360352
2020-11-02,14.850000381469727,11.89499282836914
2020-11-03,14.765000343322754,11.826909065246582
2020-11-04,14.78499984741211,11.842928886413574
2020-11-05,14.78499984741211,11.842928886413574
2020-11-06,14.46500015258789,11.586603164672852
2020-11-09,16.530000686645508,13.240691184997559
2020-11-10,17.065000534057617,13.669232368469238
2020-11-11,16.889999389648438,13.529051780700684
2020-11-12,16.344999313354492,13.092503547668457
2020-11-13,16.940000534057617,13.569106101989746
2020-11-16,18.05500030517578,14.462227821350098
2020-11-17,18.239999771118164,14.610418319702148
2020-11-18,17.709999084472656,14.185880661010742
2020-11-19,18.0,14.418172836303711
2020-11-20,17.905000686645508,14.342082023620605
2020-11-23,19.170000076293945,15.355358123779297
2020-11-24,20.155000686645508,16.144351959228516
2020-11-25,19.684999465942383,15.767875671386719
2020-11-27,19.454999923706055,15.583643913269043
2020-11-30,18.3799991607666,14.722557067871094
2020-12-01,18.46500015258789,14.790643692016602
2020-12-02,19.065000534057617,15.271259307861328
2020-12-03,19.264999389648438,15.431449890136719
2020-12-04,20.315000534057617,16.272510528564453
2020-12-07,19.84000015258789,15.8920316696167
2020-12-08,20.135000228881836,16.128326416015625
2020-12-09,20.18000030517578,16.164377212524414
2020-12-10,20.799999237060547,16.66099739074707
2020-12-11,20.559999465942383,16.4687557220459
2020-12-14,19.84000015258789,15.8920316696167
2020-12-15,20.229999542236328,16.204431533813477
2020-12-16,20.1299991607666,16.12432289123535
2020-12-17,20.03499984741211,16.048227310180664
2020-12-18,19.700000762939453,15.779887199401855
2020-12-21,19.065000534057617,15.475496292114258
2020-12-22,18.7450008392334,15.215744972229004
2020-12-23,19.15999984741211,15.55260944366455
2020-12-24,19.059999465942383,15.471436500549316
2020-12-28,18.940000534057617,15.374027252197266
2020-12-29,18.815000534057617,15.272566795349121
2020-12-30,19.110000610351562,15.512024879455566
2020-12-31,18.950000762939453,15.382144927978516
2021-01-04,18.979999542236328,15.406497955322266
2021-01-05,19.829999923706055,16.096460342407227
2021-01-06,20.434999465942383,16.58755111694336
2021-01-07,20.735000610351562,16.831071853637695
2021-01-08,20.709999084472656,16.810779571533203
2021-01-11,21.03499984741211,17.074588775634766
2021-01-12,21.770000457763672,17.67120361328125
2021-01-13,21.600000381469727,17.533214569091797
2021-01-14,22.239999771118164,18.05271339416504
2021-01-15,21.375,17.350576400756836
2021-01-19,21.80500030517578,17.699613571166992
2021-01-20,21.885000228881836,17.764554977416992
2021-01-21,21.145000457763672,17.163875579833984
2021-01-22,21.03499984741211,17.074588775634766
2021-01-25,20.81999969482422,16.90007209777832
2021-01-26,20.375,16.538850784301758
2021-01-27,20.100000381469727,16.31562614440918
2021-01-28,20.334999084472656,16.506378173828125
2021-01-29,19.65999984741211,15.95846939086914
2021-02-01,19.799999237060547,16.072114944458008
2021-02-02,20.014999389648438,16.246631622314453
2021-02-03,20.8700008392334,16.940654754638672
2021-02-04,21.100000381469727,17.127351760864258
2021-02-05,21.280000686645508,17.27346420288086
2021-02-08,22.170000076293945,17.995893478393555
2021-02-09,21.934999465942383,17.805137634277344
2021-02-10,22.354999542236328,18.146060943603516
2021-02-11,22.010000228881836,17.866018295288086
2021-02-12,22.334999084472656,18.129823684692383
2021-02-16,22.895000457763672,18.58439064025879
2021-02-17,23.235000610351562,18.86037826538086
2021-02-18,22.709999084472656,18.43422508239746
2021-02-19,23.09000015258789,18.7426815032959
2021-02-22,23.889999389648438,19.392059326171875
2021-02-23,24.28499984741211,19.71268653869629
2021-02-24,25.145000457763672,20.410768508911133
2021-02-25,24.65999984741211,20.01708221435547
2021-02-26,24.075000762939453,19.54222297668457
2021-03-01,24.700000762939453,20.04955291748047
2021-03-02,24.565000534057617,19.939970016479492
2021-03-03,24.924999237060547,20.232187271118164
2021-03-04,25.520000457763672,20.715164184570312
2021-03-05,26.475000381469727,21.490360260009766
2021-03-08,26.524999618530273,21.530946731567383
2021-03-09,26.059999465942383,21.153491973876953
2021-03-10,26.719999313354492,21.68923568725586
2021-03-11,26.729999542236328,21.697351455688477
2021-03-12,26.78499984741211,21.74199676513672
2021-03-15,26.479999542236328,21.494417190551758
2021-03-16,25.725000381469727,20.88157081604004
2021-03-17,25.924999237060547,21.043909072875977
2021-03-18,24.760000228881836,20.098255157470703
2021-03-19,24.764999389648438,20.102310180664062
2021-03-22,24.270000457763672,19.909542083740234
2021-03-23,23.915000915527344,19.618316650390625
2021-03-24,24.514999389648438,20.110517501831055
2021-03-25,24.604999542236328,20.184349060058594
2021-03-26,25.21500015258789,20.684749603271484
2021-03-29,24.915000915527344,20.438655853271484
2021-03-30,24.700000762939453,20.262279510498047
2021-03-31,24.530000686645508,20.122821807861328
2021-04-01,25.155000686645508,20.635536193847656
2021-04-05,24.55500030517578,20.143329620361328
2021-04-06,24.489999771118164,20.090011596679688
2021-04-07,24.575000762939453,20.15973663330078
2021-04-08,24.2549991607666,19.897228240966797
2021-04-09,24.094999313354492,19.765975952148438
2021-04-12,23.905000686645508,19.61011505126953
2021-04-13,23.93000030517578,19.630624771118164
2021-04-14,24.594999313354492,20.1761417388916
2021-04-15,24.395000457763672,20.012075424194336
2021-04-16,24.200000762939453,19.852113723754883
2021-04-19,24.174999237060547,19.831600189208984
2021-04-20,23.53499984741211,19.30658721923828
2021-04-21,23.834999084472656,19.552690505981445
2021-04-22,23.55500030517578,19.322998046875
2021-04-23,23.770000457763672,19.49936866760254
2021-04-26,23.93000030517578,19.630624771118164
2021-04-27,24.219999313354492,19.86851692199707
2021-04-28,25.05500030517578,20.553499221801758
2021-04-29,25.334999084472656,20.783191680908203
2021-04-30,24.69499969482422,20.258180618286133
2021-05-03,25.375,20.816009521484375
2021-05-04,25.389999389648438,20.828311920166016
2021-05-05,26.209999084472656,21.500988006591797
2021-05-06,26.344999313354492,21.611732482910156
2021-05-07,26.815000534057617,21.997289657592773
2021-05-10,26.825000762939453,22.005495071411133
2021-05-11,26.135000228881836,21.439462661743164
2021-05-12,26.260000228881836,21.542001724243164
2021-05-13,25.940000534057617,21.279497146606445
2021-05-14,26.7450008392334,21.939870834350586
2021-05-17,27.364999771118164,22.448476791381836
2021-05-18,26.729999542236328,21.927562713623047
2021-05-19,26.065000534057617,21.38204002380371
2021-05-20,26.024999618530273,21.34922218322754
2021-05-21,26.079999923706055,21.394344329833984
2021-05-24,26.34000015258789,21.607635498046875
2021-05-25,25.80500030517578,21.168746948242188
2021-05-26,26.03499984741211,21.357431411743164
2021-05-27,26.05500030517578,21.373836517333984
2021-05-28,26.104999542236328,21.41484832763672
2021-06-01,27.110000610351562,22.239290237426758
2021-06-02,27.614999771118164,22.653554916381836
2021-06-03,27.690000534057617,22.7150821685791
2021-06-04,27.875,22.86684226989746
2021-06-07,27.7549991607666,22.768404006958008
2021-06-08,27.9950008392334,22.96528434753418
2021-06-09,27.81999969482422,22.821727752685547
2021-06-10,27.78499984741211,22.793010711669922
2021-06-11,27.690000534057617,22.7150821685791
2021-06-14,27.56999969482422,22.61664390563965
2021-06-15,28.094999313354492,23.047317504882812
2021-06-16,27.94499969482422,22.924264907836914
2021-06-17,26.9950008392334,22.144947052001953
2021-06-18,26.19499969482422,21.48868179321289
2021-06-21,27.03499984741211,22.404415130615234
2021-06-22,27.21500015258789,22.5535888671875
2021-06-23,27.290000915527344,22.615741729736328
2021-06-24,27.524999618530273,22.810487747192383
2021-06-25,27.670000076293945,22.930652618408203
2021-06-28,26.735000610351562,22.15580177307129
2021-06-29,26.604999542236328,22.048063278198242
2021-06-30,26.934999465942383,22.321544647216797
2021-07-01,27.405000686645508,22.711040496826172
2021-07-02,27.344999313354492,22.661317825317383
2021-07-06,26.454999923706055,21.92375946044922
2021-07-07,26.024999618530273,21.56740951538086
2021-07-08,25.875,21.443105697631836
2021-07-09,26.424999237060547,21.898895263671875
2021-07-12,26.385000228881836,21.865753173828125
2021-07-13,26.184999465942383,21.70000457763672
2021-07-14,25.405000686645508,21.053606033325195
2021-07-15,25.049999237060547,20.75940704345703
2021-07-16,24.34000015258789,20.171022415161133
2021-07-19,23.479999542236328,19.45832061767578
2021-07-20,23.795000076293945,19.7193660736084
2021-07-21,24.625,20.40720558166504
2021-07-22,24.350000381469727,20.179304122924805
2021-07-23,24.260000228881836,20.104719161987305
2021-07-26,24.860000610351562,20.60195541381836
2021-07-27,24.6299991607666,20.411344528198242
2021-07-28,24.854999542236328,20.597810745239258
2021-07-29,25.094999313354492,20.79669952392578
2021-07-30,24.69499969482422,20.46521759033203
2021-08-02,24.510000228881836,20.311901092529297
2021-08-03,24.93000030517578,20.65996551513672
2021-08-04,24.2549991607666,20.1005802154541
2021-08-05,24.530000686645508,20.328475952148438
2021-08-06,24.7549991607666,20.514936447143555
2021-08-09,24.405000686645508,20.224885940551758
2021-08-10,24.834999084472656,20.58123016357422
2021-08-11,25.030000686645508,20.74283218383789
2021-08-12,25.0049991607666,20.722118377685547
2021-08-13,24.709999084472656,20.47764015197754
2021-08-16,24.2549991607666,20.1005802154541
2021-08-17,24.0049991607666,19.893394470214844
2021-08-18,23.5049991607666,19.479032516479492
2021-08-19,22.895000457763672,18.97351837158203
2021-08-20,22.94499969482422,19.014955520629883
2021-08-23,23.80500030517578,19.72765350341797
2021-08-24,24.200000762939453,20.05499839782715
2021-08-25,24.385000228881836,20.208311080932617
2021-08-26,24.014999389648438,19.90168571472168
2021-08-27,24.655000686645508,20.432064056396484
2021-08-30,24.364999771118164,20.191736221313477
2021-08-31,24.200000762939453,20.05499839782715
2021-09-01,23.844999313354492,19.76080322265625
2021-09-02,24.450000762939453,20.262178421020508
2021-09-03,24.309999465942383,20.14615821838379
2021-09-07,24.165000915527344,20.0259952545166
2021-09-08,23.854999542236328,19.769086837768555
2021-09-09,23.905000686645508,19.810523986816406
2021-09-10,23.895000457763672,19.80223846435547
2021-09-13,24.579999923706055,20.369911193847656
2021-09-14,24.225000381469727,20.075716018676758
2021-09-15,25.1299991607666,20.825706481933594
2021-09-16,24.844999313354492,20.589519500732422
2021-09-17,24.65999984741211,20.43620491027832
2021-09-20,23.6200008392334,19.812152862548828
2021-09-21,23.674999237060547,19.858287811279297
2021-09-22,24.405000686645508,20.470600128173828
2021-09-23,25.260000228881836,21.18776512145996
2021-09-24,25.450000762939453,21.34713363647461
2021-09-27,26.354999542236328,22.10623550415039
2021-09-28,26.44499969482422,22.18172264099121
2021-09-29,26.44499969482422,22.18172264099121
2021-09-30,26.045000076293945,21.84621238708496
2021-10-01,26.920000076293945,22.580150604248047
2021-10-04,27.360000610351562,22.94921875
2021-10-05,27.520000457763672,23.083423614501953
2021-10-06,27.229999542236328,22.840167999267578
2021-10-07,27.440000534057617,23.016319274902344
2021-10-08,28.28499984741211,23.7250919342041
2021-10-11,28.18000030517578,23.63701820373535
2021-10-12,28.204999923706055,23.657989501953125
2021-10-13,28.18000030517578,23.63701820373535
2021-10-14,28.524999618530273,23.926401138305664
2021-10-15,28.665000915527344,24.04383087158203
2021-10-18,28.684999465942383,24.060609817504883
2021-10-19,29.010000228881836,24.33321189880371
2021-10-20,29.2450008392334,24.53032684326172
2021-10-21,28.704999923706055,24.07737922668457
2021-10-22,28.975000381469727,24.30385971069336
2021-10-25,29.399999618530273,24.660337448120117
2021-10-26,29.56999969482422,24.802932739257812
2021-10-27,28.719999313354492,24.0899658203125
2021-10-28,28.924999237060547,24.261917114257812
2021-10-29,28.735000610351562,24.1025447845459
2021-11-01,29.229999542236328,24.517745971679688
2021-11-02,28.954999923706055,24.287078857421875
2021-11-03,28.71500015258789,24.085771560668945
2021-11-04,28.7549991607666,24.11932373046875
2021-11-05,29.1299991607666,24.433866500854492
2021-11-08,29.395000457763672,24.656143188476562
2021-11-09,29.514999389648438,24.756797790527344
2021-11-10,28.735000610351562,24.1025447845459
2021-11-11,28.844999313354492,24.19481086730957
2021-11-12,28.774999618530273,24.136098861694336
2021-11-15,29.014999389648438,24.337406158447266
2021-11-16,29.059999465942383,24.375150680541992
2021-11-17,28.614999771118164,24.001893997192383
2021-11-18,28.44499969482422,23.85929298400879
2021-11-19,27.334999084472656,22.92824363708496
2021-11-22,27.81999969482422,23.33505630493164
2021-11-23,28.674999237060547,24.052217483520508
2021-11-24,28.954999923706055,24.287078857421875
2021-11-26,27.790000915527344,23.309894561767578
2021-11-29,27.950000762939453,23.4440975189209
2021-11-30,27.295000076293945,22.89469337463379
2021-12-01,27.0049991607666,22.651445388793945
2021-12-02,27.790000915527344,23.309894561767578
2021-12-03,27.56999969482422,23.12535858154297
2021-12-06,27.979999542236328,23.469263076782227
2021-12-07,28.635000228881836,24.018667221069336
2021-12-08,28.6299991607666,24.01447296142578
2021-12-09,28.40999984741211,23.829936981201172
2021-12-10,28.6200008392334,24.006086349487305
2021-12-13,27.825000762939453,23.339250564575195
2021-12-14,27.709999084472656,23.24279022216797
2021-12-15,27.575000762939453,23.129554748535156
2021-12-16,27.75,23.276338577270508
2021-12-17,27.184999465942383,22.80242919921875
2021-12-20,26.5049991607666,22.51991844177246
2021-12-21,27.260000228881836,23.16140365600586
2021-12-22,27.434999465942383,23.310094833374023
2021-12-23,27.450000762939453,23.322839736938477
2021-12-27,28.049999237060547,23.832624435424805
2021-12-28,28.030000686645508,23.81563377380371
2021-12-29,27.850000381469727,23.66269874572754
2021-12-30,27.68000030517578,23.51825523376465
2021-12-31,27.75,23.577730178833008
2022-01-03,28.610000610351562,24.30843162536621
2022-01-04,29.600000381469727,25.149581909179688
2022-01-05,29.594999313354492,25.145334243774414
2022-01-06,30.2549991607666,25.706098556518555
2022-01-07,30.670000076293945,26.058704376220703
2022-01-10,30.575000762939453,25.97798728942871
2022-01-11,31.614999771118164,26.861621856689453
2022-01-12,31.674999237060547,26.912599563598633
2022-01-13,31.514999389648438,26.776655197143555
2022-01-14,32.255001068115234,27.405393600463867
2022-01-18,32.3849983215332,27.515850067138672
2022-01-19,32.150001525878906,27.316184997558594
2022-01-20,31.854999542236328,27.065536499023438
2022-01-21,31.225000381469727,26.530254364013672
2022-01-24,31.434999465942383,26.708681106567383
2022-01-25,32.654998779296875,27.74524688720703
2022-01-26,32.599998474121094,27.698522567749023
2022-01-27,32.95500183105469,28.000154495239258
2022-01-28,32.814998626708984,27.881196975708008
2022-01-31,32.959999084472656,28.004396438598633
2022-02-01,34.1349983215332,29.002731323242188
2022-02-02,34.244998931884766,29.09619903564453
2022-02-03,33.91999816894531,28.820058822631836
2022-02-04,34.45000076293945,29.270370483398438
2022-02-07,34.88999938964844,29.644216537475586
2022-02-08,34.13999938964844,29.006980895996094
2022-02-09,34.42499923706055,29.249134063720703
2022-02-10,34.209999084472656,29.066452026367188
2022-02-11,35.20500183105469,29.9118595123291
2022-02-14,34.375,29.206647872924805
2022-02-15,34.01499938964844,28.90077781677246
2022-02-16,34.290000915527344,29.134435653686523
2022-02-17,34.23500061035156,29.08769989013672
2022-02-18,34.025001525878906,28.90927505493164
2022-02-22,33.474998474121094,28.441965103149414
2022-02-23,33.81999969482422,28.735090255737305
2022-02-24,33.55500030517578,28.50993537902832
2022-02-25,34.439998626708984,29.26188087463379
2022-02-28,35.290000915527344,29.98407745361328
2022-03-01,35.64500045776367,30.28570556640625
2022-03-02,36.459999084472656,30.978166580200195
2022-03-03,36.560001373291016,31.063129425048828
2022-03-04,37.6150016784668,31.959505081176758
2022-03-07,38.16999816894531,32.431068420410156
2022-03-08,38.77000045776367,32.94084930419922
2022-03-09,37.584999084472656,31.934022903442383
2022-03-10,38.73500061035156,32.91111755371094
2022-03-11,38.42499923706055,32.64773178100586
2022-03-14,37.275001525878906,31.670629501342773
2022-03-15,35.90999984741211,30.5108585357666
2022-03-16,35.744998931884766,30.37067222595215
2022-03-17,36.974998474121094,31.415742874145508
2022-03-18,36.939998626708984,31.385995864868164
2022-03-21,38.064998626708984,32.651206970214844
2022-03-22,37.78499984741211,32.411033630371094
2022-03-23,38.435001373291016,32.96858596801758
2022-03-24,38.529998779296875,33.050086975097656
2022-03-25,39.375,33.7748908996582
2022-03-28,38.400001525878906,32.938560485839844
2022-03-29,38.29999923706055,32.85279083251953
2022-03-30,38.744998931884766,33.2345085144043
2022-03-31,38.220001220703125,32.7841682434082
2022-04-01,38.529998779296875,33.050086975097656
2022-04-04,38.58000183105469,33.09296798706055
2022-04-05,37.974998474121094,32.57401657104492
2022-04-06,38.20000076293945,32.76702117919922
2022-04-07,38.70000076293945,33.19590377807617
2022-04-08,39.76499938964844,34.109432220458984
2022-04-11,38.56999969482422,33.08439636230469
2022-04-12,39.209999084472656,33.63336944580078
2022-04-13,39.79499816894531,34.135169982910156
2022-04-14,39.92499923706055,34.246681213378906
2022-04-18,40.5099983215332,34.74847412109375
2022-04-19,40.18000030517578,34.46540832519531
2022-04-20,40.334999084472656,34.59836196899414
2022-04-21,39.05500030517578,33.50041961669922
2022-04-22,38.099998474121094,32.68123245239258
2022-04-25,36.84000015258789,31.600444793701172
2022-04-26,36.88999938964844,31.643327713012695
2022-04-27,37.43000030517578,32.10652542114258
2022-04-28,38.564998626708984,33.08009719848633
2022-04-29,37.57500076293945,32.23091125488281
2022-05-02,38.17499923706055,32.74557113647461
2022-05-03,39.244998931884766,33.663387298583984
2022-05-04,40.875,35.06156539916992
2022-05-05,40.2599983215332,34.53403091430664
2022-05-06,41.459999084472656,35.563358306884766
2022-05-09,38.029998779296875,32.62118911743164
2022-05-10,38.375,32.9171257019043
2022-05-11,38.88999938964844,33.35886764526367
2022-05-12,39.05500030517578,33.50041961669922
2022-05-13,40.38999938964844,34.645545959472656
2022-05-16,41.45500183105469,35.55907440185547
2022-05-17,41.935001373291016,35.97080993652344
2022-05-18,40.86000061035156,35.048702239990234
2022-05-19,40.709999084472656,34.92002868652344
2022-05-20,40.8849983215332,35.07014083862305
2022-05-23,41.96500015258789,35.99654006958008
2022-05-24,42.125,36.13378143310547
2022-05-25,42.994998931884766,36.88003921508789
2022-05-26,43.470001220703125,37.28749084472656
2022-05-27,44.26499938964844,37.969425201416016
2022-05-31,43.599998474121094,37.39899826049805
2022-06-01,44.310001373291016,38.008026123046875
2022-06-02,44.16999816894531,37.887935638427734
2022-06-03,44.755001068115234,38.38972854614258
2022-06-06,44.70500183105469,38.34684753417969
2022-06-07,46.040000915527344,39.49197769165039
2022-06-08,46.13999938964844,39.57775115966797
2022-06-09,45.119998931884766,38.702823638916016
2022-06-10,44.35499954223633,38.04661560058594
2022-06-13,42.040000915527344,36.06087112426758
2022-06-14,42.119998931884766,36.12948989868164
2022-06-15,41.189998626708984,35.33176040649414
2022-06-16,38.869998931884766,33.34172439575195
2022-06-17,36.744998931884766,31.51894760131836
2022-06-21,38.220001220703125,33.15182113647461
2022-06-22,36.689998626708984,31.824703216552734
2022-06-23,35.33000183105469,30.645055770874023
2022-06-24,35.79499816894531,31.04838752746582
2022-06-27,36.845001220703125,31.959157943725586
2022-06-28,37.84000015258789,32.82221984863281
2022-06-29,36.525001525878906,31.681591033935547
2022-06-30,35.755001068115234,31.01369285583496
2022-07-01,36.290000915527344,31.477746963500977
2022-07-05,34.849998474121094,30.228694915771484
2022-07-06,34.255001068115234,29.712602615356445
2022-07-07,35.4900016784668,30.783830642700195
2022-07-08,35.474998474121094,30.77082061767578
2022-07-11,35.1349983215332,30.475902557373047
2022-07-12,34.45000076293945,29.881742477416992
2022-07-13,34.39500045776367,29.834035873413086
2022-07-14,33.744998931884766,29.270227432250977
2022-07-15,34.29499816894531,29.747291564941406
2022-07-18,35.08000183105469,30.428197860717773
2022-07-19,36.15999984741211,31.364992141723633
2022-07-20,36.5099983215332,31.668575286865234
2022-07-21,35.869998931884766,31.113439559936523
2022-07-22,35.57500076293945,30.85756492614746
2022-07-25,36.880001068115234,31.989511489868164
2022-07-26,36.54499816894531,31.698930740356445
2022-07-27,37.369998931884766,32.41453170776367
2022-07-28,37.58000183105469,32.59669876098633
2022-07-29,39.209999084472656,34.01054000854492
2022-08-01,38.400001525878906,33.30794906616211
2022-08-02,38.310001373291016,33.229888916015625
2022-08-03,37.209999084472656,32.2757568359375
2022-08-04,35.83000183105469,31.078746795654297
2022-08-05,36.540000915527344,31.69459342956543
2022-08-08,36.72999954223633,31.859403610229492
2022-08-09,37.375,32.41886901855469
2022-08-10,37.64500045776367,32.653076171875
2022-08-11,38.939998626708984,33.77634811401367
2022-08-12,39.23500061035156,34.0322265625
2022-08-15,38.470001220703125,33.36867141723633
2022-08-16,38.380001068115234,33.29060745239258
2022-08-17,38.70000076293945,33.56817626953125
2022-08-18,39.7400016784668,34.470272064208984
2022-08-19,39.72999954223633,34.46158981323242
2022-08-22,39.654998779296875,34.39652633666992
2022-08-23,41.084999084472656,35.63690185546875
2022-08-24,41.59000015258789,36.07494354248047
2022-08-25,41.90999984741211,36.35251235961914
2022-08-26,41.41999816894531,35.92748260498047
2022-08-29,42.04499816894531,36.469600677490234
2022-08-30,40.619998931884766,35.23356246948242
2022-08-31,40.25,34.91263198852539
2022-09-01,39.2599983215332,34.05390930175781
2022-09-02,39.97999954223633,34.678443908691406
2022-09-06,39.61000061035156,34.35750198364258
2022-09-07,39.150001525878906,33.958499908447266
2022-09-08,39.31999969482422,34.105953216552734
2022-09-09,40.29999923706055,34.95600509643555
2022-09-12,41.040000915527344,35.59787368774414
2022-09-13,40.005001068115234,34.70011901855469
2022-09-14,41.1349983215332,35.680274963378906
2022-09-15,40.07500076293945,34.760841369628906
2022-09-16,39.220001220703125,34.019222259521484
2022-09-19,38.81999969482422,34.03938293457031
2022-09-20,38.54999923706055,33.802635192871094
2022-09-21,37.98500061035156,33.30721664428711
2022-09-22,37.849998474121094,33.18883514404297
2022-09-23,35.2400016784668,30.900253295898438
2022-09-26,34.375,30.14177894592285
2022-09-27,34.7599983215332,30.479366302490234
2022-09-28,36.29999923706055,31.829715728759766
2022-09-29,36.29999923706055,31.829715728759766
2022-09-30,36.0099983215332,31.57543182373047
2022-10-03,38.04499816894531,33.35981750488281
2022-10-04,39.68000030517578,34.79347610473633
2022-10-05,40.5,35.51249313354492
2022-10-06,41.220001220703125,36.143821716308594
2022-10-07,40.900001525878906,35.86323547363281
2022-10-10,40.060001373291016,35.12668228149414
2022-10-11,39.7400016784668,34.84609603881836
2022-10-12,40.060001373291016,35.12668228149414
2022-10-13,41.69499969482422,36.56033706665039
2022-10-14,40.13999938964844,35.19682312011719
2022-10-17,40.63999938964844,35.63525390625
2022-10-18,40.994998931884766,35.946529388427734
2022-10-19,42.20500183105469,37.007530212402344
2022-10-20,42.244998931884766,37.042598724365234
2022-10-21,43.46500015258789,38.11236572265625
2022-10-24,43.66999816894531,38.2921142578125
2022-10-25,43.71500015258789,38.33156967163086
2022-10-26,44.310001373291016,38.85330581665039
2022-10-27,44.470001220703125,38.993595123291016
2022-10-28,44.625,39.1295051574707
2022-10-31,45.0,39.45833206176758
2022-11-01,45.435001373291016,39.83975601196289
2022-11-02,44.34000015258789,38.879608154296875
2022-11-03,45.15999984741211,39.59861755371094
2022-11-04,45.709999084472656,40.080894470214844
2022-11-07,46.494998931884766,40.769222259521484
2022-11-08,46.540000915527344,40.80867385864258
2022-11-09,44.26499938964844,38.8138427734375
2022-11-10,45.25,39.67754364013672
2022-11-11,46.564998626708984,40.830596923828125
2022-11-14,46.54999923706055,40.81745147705078
2022-11-15,47.040000915527344,41.247100830078125
2022-11-16,46.08000183105469,40.40532684326172
2022-11-17,46.18000030517578,40.49301528930664
2022-11-18,45.814998626708984,40.17296600341797
2022-11-21,45.19499969482422,39.62931442260742
2022-11-22,46.61000061035156,40.870059967041016
2022-11-23,46.10499954223633,40.427242279052734
2022-11-25,45.935001373291016,40.2781867980957
2022-11-28,44.67499923706055,39.1733512878418
2022-11-29,45.349998474121094,39.76522445678711
2022-11-30,45.57500076293945,39.96251678466797
2022-12-01,45.42499923706055,39.830989837646484
2022-12-02,45.154998779296875,39.594234466552734
2022-12-05,43.814998626708984,38.419254302978516
2022-12-06,42.65999984741211,37.4065055847168
2022-12-07,42.560001373291016,37.31880187988281
2022-12-08,42.369998931884766,37.1522102355957
2022-12-09,41.34000015258789,36.24905776977539
2022-12-12,42.42499923706055,37.200439453125
2022-12-13,43.22999954223633,37.90630340576172
2022-12-14,42.96500015258789,37.673927307128906
2022-12-15,42.70500183105469,37.44596481323242
2022-12-16,42.18000030517578,36.98561096191406
2022-12-19,41.744998931884766,36.981170654296875
2022-12-20,42.375,37.539283752441406
2022-12-21,43.18000030517578,38.25242233276367
2022-12-22,42.185001373291016,37.3709716796875
2022-12-23,43.529998779296875,38.562477111816406
2022-12-27,43.994998931884766,38.97441101074219
2022-12-28,43.0099983215332,38.1018180847168
2022-12-29,43.459999084472656,38.50047302246094
2022-12-30,43.73500061035156,38.74407958984375
2023-01-03,42.20000076293945,37.38425827026367
2023-01-04,42.19499969482422,37.379817962646484
2023-01-05,42.96500015258789,38.06195068359375
2023-01-06,43.779998779296875,38.78395080566406
2023-01-09,43.625,38.64664077758789
2023-01-10,43.935001373291016,38.92125701904297
2023-01-11,44.06999969482422,39.04085159301758
2023-01-12,44.90999984741211,39.78499984741211
2023-01-13,44.974998474121094,39.84257507324219
2023-01-17,45.06999969482422,39.92674255371094
2023-01-18,44.244998931884766,39.19587707519531
2023-01-19,44.79499816894531,39.68312072753906
2023-01-20,45.2400016784668,40.077335357666016
2023-01-23,45.29999923706055,40.1304817199707
2023-01-24,45.125,39.9754638671875
2023-01-25,45.130001068115234,39.97989273071289
2023-01-26,46.55500030517578,41.242271423339844
2023-01-27,45.6150016784668,40.409549713134766
2023-01-30,44.56999969482422,39.48379135131836
2023-01-31,44.96500015258789,39.83372116088867
2023-02-01,44.08000183105469,39.049720764160156
2023-02-02,43.07500076293945,38.15940475463867
2023-02-03,42.97999954223633,38.07523727416992
2023-02-06,42.78499984741211,37.902496337890625
2023-02-07,44.17499923706055,39.13387680053711
2023-02-08,43.779998779296875,38.78395080566406
2023-02-09,43.404998779296875,38.45174026489258
2023-02-10,45.10499954223633,39.95774841308594
2023-02-13,44.9900016784668,39.85586929321289
2023-02-14,45.005001068115234,39.86915969848633
2023-02-15,44.2400016784668,39.19145965576172
2023-02-16,43.80500030517578,38.80610275268555
2023-02-17,42.244998931884766,37.42411422729492
2023-02-21,42.03499984741211,37.23808670043945
2023-02-22,41.755001068115234,36.99004364013672
2023-02-23,42.3849983215332,37.54814147949219
2023-02-24,42.33000183105469,37.499412536621094
2023-02-27,42.45500183105469,37.61015319824219
2023-02-28,41.845001220703125,37.069766998291016
2023-03-01,42.66999816894531,37.800621032714844
2023-03-02,43.04499816894531,38.13282012939453
2023-03-03,43.630001068115234,38.651065826416016
2023-03-06,43.650001525878906,38.66878890991211
2023-03-07,42.88999938964844,37.99551010131836
2023-03-08,42.45000076293945,37.60572814941406
2023-03-09,41.849998474121094,37.07419204711914
2023-03-10,41.314998626708984,36.600250244140625
2023-03-13,40.474998474121094,35.856101989746094
2023-03-14,40.875,36.2104606628418
2023-03-15,38.68000030517578,34.26594543457031
2023-03-16,39.099998474121094,34.63801193237305
2023-03-17,38.48500061035156,34.093196868896484
2023-03-20,38.849998474121094,34.77573013305664
2023-03-21,40.19499969482422,35.979679107666016
2023-03-22,39.34000015258789,35.214351654052734
2023-03-23,38.79499816894531,34.726497650146484
2023-03-24,38.94499969482422,34.86077880859375
2023-03-27,39.775001525878906,35.603729248046875
2023-03-28,40.38999938964844,36.15423583984375
2023-03-29,40.95000076293945,36.6555061340332
2023-03-30,41.130001068115234,36.81663131713867
2023-03-31,41.415000915527344,37.07174301147461
2023-04-03,43.290000915527344,38.75010299682617
2023-04-04,42.505001068115234,38.047428131103516
2023-04-05,43.14500045776367,38.62030792236328
2023-04-06,42.4900016784668,38.03401184082031
2023-04-10,42.83000183105469,38.33834457397461
2023-04-11,43.23500061035156,38.70087432861328
2023-04-12,43.26499938964844,38.72772979736328
2023-04-13,43.53499984741211,38.96940994262695
2023-04-14,43.6150016784668,39.0410270690918
2023-04-17,43.099998474121094,38.58003234863281
2023-04-18,43.27000045776367,38.732200622558594
2023-04-19,43.119998931884766,38.59791946411133
2023-04-20,42.7400016784668,38.257789611816406
2023-04-21,42.4900016784668,38.03401184082031
2023-04-24,43.13999938964844,38.61582946777344
2023-04-25,42.33000183105469,37.89078140258789
2023-04-26,41.76499938964844,37.38502883911133
2023-04-27,41.915000915527344,37.5192985534668
2023-04-28,42.564998626708984,38.10112762451172
2023-05-01,42.084999084472656,37.67147445678711
2023-05-02,40.255001068115234,36.03339385986328
2023-05-03,39.494998931884766,35.353092193603516
2023-05-04,39.05500030517578,34.95923614501953
2023-05-05,40.1150016784668,35.90807342529297
2023-05-08,40.1150016784668,35.90807342529297
2023-05-09,40.130001068115234,35.9214973449707
2023-05-10,39.67499923706055,35.51422119140625
2023-05-11,39.20000076293945,35.08903121948242
2023-05-12,39.2599983215332,35.14273452758789
2023-05-15,39.459999084472656,35.32176208496094
2023-05-16,38.4900016784668,34.45348358154297
2023-05-17,39.22999954223633,35.11588668823242
2023-05-18,39.51499938964844,35.37099838256836
2023-05-19,39.81999969482422,35.64400863647461
2023-05-22,39.654998779296875,35.496307373046875
2023-05-23,40.08000183105469,35.87674331665039
2023-05-24,40.255001068115234,36.03339385986328
2023-05-25,39.540000915527344,35.393375396728516
2023-05-26,39.3849983215332,35.2546272277832
2023-05-30,38.97999954223633,34.89209747314453
2023-05-31,38.29499816894531,34.27893829345703
2023-06-01,38.77000045776367,34.704124450683594
2023-06-02,39.95000076293945,35.76038360595703
2023-06-05,39.685001373291016,35.52316665649414
2023-06-06,40.005001068115234,35.80961608886719
2023-06-07,41.064998626708984,36.75844192504883
2023-06-08,40.88999938964844,36.6017951965332
2023-06-09,40.665000915527344,36.400390625
2023-06-12,40.275001525878906,36.05129623413086
2023-06-13,40.46500015258789,36.22136688232422
2023-06-14,40.04999923706055,35.849891662597656
2023-06-15,40.4900016784668,36.24374771118164
2023-06-16,40.43000030517578,36.190032958984375
2023-06-20,39.18000030517578,35.38003158569336
2023-06-21,39.4900016784668,35.659969329833984
2023-06-22,38.959999084472656,35.18136978149414
2023-06-23,38.68000030517578,34.92852783203125
2023-06-26,39.375,35.55612564086914
2023-06-27,39.46500015258789,35.63739013671875
2023-06-28,39.8650016784668,35.998592376708984
2023-06-29,40.32500076293945,36.41399383544922
2023-06-30,40.584999084472656,36.648765563964844
2023-07-03,40.68000030517578,36.73455810546875
2023-07-05,40.45500183105469,36.53137969970703
2023-07-06,39.54499816894531,35.70962905883789
2023-07-07,40.39500045776367,36.47718811035156
2023-07-10,40.709999084472656,36.76164627075195
2023-07-11,41.60499954223633,37.56984329223633
2023-07-12,41.9900016784668,37.917503356933594
2023-07-13,41.83000183105469,37.77301788330078
2023-07-14,40.724998474121094,36.77518844604492
2023-07-17,40.64500045776367,36.70294952392578
2023-07-18,41.05500030517578,37.07318115234375
2023-07-19,41.29499816894531,37.28989791870117
2023-07-20,41.779998779296875,37.72787094116211
2023-07-21,42.150001525878906,38.061981201171875
2023-07-24,42.83000183105469,38.67603302001953
2023-07-25,43.05500030517578,38.87920379638672
2023-07-26,43.06999969482422,38.89275360107422
2023-07-27,42.79499816894531,38.64442825317383
2023-07-28,42.92499923706055,38.76182556152344
2023-07-31,43.7400016784668,39.49777603149414
2023-08-01,43.53499984741211,39.31265640258789
2023-08-02,42.96500015258789,38.79793930053711
2023-08-03,43.400001525878906,39.19075012207031
2023-08-04,43.459999084472656,39.24492263793945
2023-08-07,43.5099983215332,39.290077209472656
2023-08-08,43.724998474121094,39.48422622680664
2023-08-09,44.275001525878906,39.98088455200195
2023-08-10,44.27000045776367,39.97636795043945
2023-08-11,44.95000076293945,40.590423583984375
2023-08-14,44.7599983215332,40.41884231567383
2023-08-15,43.83000183105469,39.579044342041016
2023-08-16,43.45000076293945,39.235897064208984
2023-08-17,43.970001220703125,39.705467224121094
2023-08-18,44.404998779296875,40.098270416259766
2023-08-21,44.125,39.84543228149414
2023-08-22,43.78499984741211,39.53840637207031
2023-08-23,43.67499923706055,39.43907165527344
2023-08-24,43.375,39.168174743652344
2023-08-25,43.79499816894531,39.54743957519531
2023-08-28,44.09000015258789,39.81382751464844
2023-08-29,44.209999084472656,39.92218780517578
2023-08-30,44.43000030517578,40.120853424072266
2023-08-31,44.459999084472656,40.14794158935547
2023-09-01,45.369998931884766,40.96968078613281
2023-09-05,45.61000061035156,41.1864128112793
2023-09-06,45.630001068115234,41.204471588134766
2023-09-07,45.584999084472656,41.1638298034668
2023-09-08,46.025001525878906,41.561161041259766
2023-09-11,45.41999816894531,41.01483154296875
2023-09-12,46.4900016784668,41.981056213378906
2023-09-13,46.13999938964844,41.66500473022461
2023-09-14,46.68000030517578,42.15262222290039
2023-09-15,46.005001068115234,41.5430908203125
2023-09-18,46.05500030517578,41.8951416015625
2023-09-19,45.625,41.50397872924805
2023-09-20,45.20000076293945,41.11737060546875
2023-09-21,44.58000183105469,40.553367614746094
2023-09-22,44.654998779296875,40.62159729003906
2023-09-25,45.21500015258789,41.131011962890625
2023-09-26,44.95500183105469,40.89450454711914
2023-09-27,46.07500076293945,41.91333770751953
2023-09-28,46.125,41.95881652832031
2023-09-29,45.19499969482422,41.112815856933594
2023-10-02,44.29499816894531,40.29410934448242
2023-10-03,44.26499938964844,40.266815185546875
2023-10-04,42.875,39.00236892700195
2023-10-05,42.61000061035156,38.76131057739258
2023-10-06,42.8650016784668,38.99327850341797
2023-10-09,44.29499816894531,40.29410934448242
2023-10-10,44.349998474121094,40.34414291381836
2023-10-11,43.779998779296875,39.82562255859375
2023-10-12,43.83000183105469,39.87110900878906
2023-10-13,44.79499816894531,40.74894332885742
2023-10-16,45.095001220703125,41.0218505859375
2023-10-17,45.564998626708984,41.44939422607422
2023-10-18,45.97999954223633,41.82691955566406
2023-10-19,45.900001525878906,41.7541389465332
2023-10-20,45.130001068115234,41.05369186401367
2023-10-23,44.400001525878906,40.3896369934082
2023-10-24,43.775001525878906,39.821083068847656
2023-10-25,43.69499969482422,39.7483024597168
2023-10-26,43.35499954223633,39.43901443481445
2023-10-27,42.314998626708984,38.49294662475586
2023-10-30,42.45500183105469,38.620304107666016
2023-10-31,42.595001220703125,38.74766159057617
2023-11-01,42.494998931884766,38.65668869018555
2023-11-02,43.779998779296875,39.82562255859375
2023-11-03,43.34000015258789,39.42537307739258
2023-11-06,42.849998474121094,38.9796257019043
2023-11-07,41.900001525878906,38.11543655395508
2023-11-08,41.375,37.63785171508789
2023-11-09,41.25,37.52415084838867
2023-11-10,41.70500183105469,37.93804931640625
2023-11-13,42.005001068115234,38.2109489440918
2023-11-14,42.380001068115234,38.552085876464844
2023-11-15,42.29999923706055,38.47929763793945
2023-11-16,41.474998474121094,37.728824615478516
2023-11-17,42.345001220703125,38.52023696899414
2023-11-20,42.404998779296875,38.574825286865234
2023-11-21,42.310001373291016,38.488407135009766
2023-11-22,42.290000915527344,38.47021484375
2023-11-24,42.46500015258789,38.62940979003906
2023-11-27,42.314998626708984,38.49294662475586
2023-11-28,42.32500076293945,38.50204849243164
2023-11-29,42.0099983215332,38.215492248535156
2023-11-30,42.290000915527344,38.47021484375
2023-12-01,42.5099983215332,38.67034149169922
2023-12-04,42.314998626708984,38.49294662475586
2023-12-05,41.57500076293945,37.81978988647461
2023-12-06,40.95500183105469,37.255794525146484
2023-12-07,40.67499923706055,37.00107955932617
2023-12-08,41.1150016784668,37.40134811401367
2023-12-11,41.165000915527344,37.44683074951172
2023-12-12,40.599998474121094,36.932861328125
2023-12-13,41.165000915527344,37.44683074951172
2023-12-14,42.375,38.54752731323242
2023-12-15,42.150001525878906,38.34284973144531
2023-12-18,42.09000015258789,38.656028747558594
2023-12-19,42.595001220703125,39.119834899902344
2023-12-20,42.20000076293945,38.75705337524414
2023-12-21,42.3650016784668,38.908599853515625
2023-12-22,42.4900016784668,39.023399353027344
2023-12-26,42.85499954223633,39.35861587524414
2023-12-27,42.665000915527344,39.184120178222656
2023-12-28,42.01499938964844,38.587154388427734
2023-12-29,41.91999816894531,38.499908447265625
2024-01-02,42.369998931884766,38.91318893432617
2024-01-03,43.060001373291016,39.546897888183594
2024-01-04,42.30500030517578,38.85349655151367
2024-01-05,42.34000015258789,38.885643005371094
2024-01-08,41.849998474121094,38.43561553955078
2024-01-09,41.18000030517578,37.820274353027344
2024-01-10,40.775001525878906,37.44832229614258
2024-01-11,40.880001068115234,37.54475021362305
2024-01-12,41.34000015258789,37.96721649169922
2024-01-16,40.35499954223633,37.062583923339844
2024-01-17,40.02000045776367,36.754913330078125
2024-01-18,39.95500183105469,36.695220947265625
2024-01-19,40.084999084472656,36.81460952758789
2024-01-22,40.23500061035156,36.95237731933594
2024-01-23,40.31999969482422,37.03044128417969
2024-01-24,40.89500045776367,37.558528900146484
2024-01-25,41.814998626708984,38.40346908569336
2024-01-26,42.125,38.68817901611328
2024-01-29,42.064998626708984,38.633079528808594
2024-01-30,42.5,39.03258514404297
2024-01-31,41.70500183105469,38.30244064331055
2024-02-01,41.70000076293945,38.2978515625
2024-02-02,41.7599983215332,38.35295486450195
2024-02-05,41.654998779296875,38.25651931762695
2024-02-06,41.790000915527344,38.38051223754883
2024-02-07,41.875,38.45857620239258
2024-02-08,42.30500030517578,38.85349655151367
2024-02-09,41.654998779296875,38.25651931762695
2024-02-12,42.1150016784668,38.67899703979492
2024-02-13,41.689998626708984,38.28866195678711
2024-02-14,41.650001525878906,38.25193405151367
2024-02-15,42.810001373291016,39.31728744506836
2024-02-16,42.78499984741211,39.294334411621094
2024-02-20,42.39500045776367,38.93614959716797
2024-02-21,43.189998626708984,39.66628646850586
2024-02-22,43.26499938964844,39.73516845703125
2024-02-23,42.97999954223633,39.473426818847656
2024-02-26,43.130001068115234,39.611183166503906
2024-02-27,42.94499969482422,39.4412727355957
2024-02-28,42.86000061035156,39.36321258544922
2024-02-29,43.06999969482422,39.55607604980469
2024-03-01,43.56999969482422,40.01528549194336
2024-03-04,43.10499954223633,39.58822250366211
2024-03-05,43.42499923706055,39.88211441040039
2024-03-06,43.560001373291016,40.006099700927734
2024-03-07,43.93000030517578,40.345916748046875
2024-03-08,44.084999084472656,40.4882698059082
2024-03-11,44.540000915527344,40.90614700317383
2024-03-12,44.470001220703125,40.841854095458984
2024-03-13,45.18000030517578,41.49393081665039
2024-03-14,45.64500045776367,41.920989990234375
2024-03-15,45.779998779296875,42.04498291015625
2024-03-18,45.56999969482422,42.19033432006836
2024-03-19,46.09000015258789,42.67176818847656
2024-03-20,46.025001525878906,42.6115837097168
2024-03-21,46.29999923706055,42.8661994934082
2024-03-22,46.20000076293945,42.77361297607422
2024-03-25,46.630001068115234,43.171730041503906
2024-03-26,46.27000045776367,42.83842468261719
2024-03-27,46.70000076293945,43.23653030395508
2024-03-28,47.20500183105469,43.704078674316406
2024-04-01,47.55500030517578,44.02811813354492
2024-04-02,48.220001220703125,44.643795013427734
2024-04-03,48.54999923706055,44.94932556152344
2024-04-04,48.52000045776367,44.92155456542969
2024-04-05,49.040000915527344,45.40298843383789
2024-04-08,48.72999954223633,45.1159782409668
2024-04-09,48.744998931884766,45.129859924316406
2024-04-10,48.89500045776367,45.268741607666016
2024-04-11,48.86000061035156,45.236331939697266
2024-04-12,48.064998626708984,44.50029373168945
2024-04-15,47.6150016784668,44.08366775512695
2024-04-16,47.20000076293945,43.69944763183594
2024-04-17,47.064998626708984,43.574459075927734
2024-04-18,46.91999816894531,43.440208435058594
2024-04-19,47.48500061035156,43.96331024169922
2024-04-22,47.79499816894531,44.25032043457031
2024-04-23,48.060001373291016,44.495670318603516
2024-04-24,48.095001220703125,44.528079986572266
2024-04-25,48.314998626708984,44.73175048828125
2024-04-26,47.869998931884766,44.319759368896484
2024-04-29,48.19499969482422,44.62065124511719
2024-04-30,46.7599983215332,43.29207992553711
2024-05-01,46.01499938964844,42.602333068847656
2024-05-02,46.279998779296875,42.84767150878906
2024-05-03,46.28499984741211,42.85230255126953
2024-05-06,46.650001525878906,43.190242767333984
2024-05-07,46.60499954223633,43.14857482910156
2024-05-08,46.54999923706055,43.097660064697266
2024-05-09,47.17499923706055,43.67630386352539
2024-05-10,46.915000915527344,43.435585021972656
2024-05-13,46.790000915527344,43.31985855102539
2024-05-14,46.849998474121094,43.37540054321289
2024-05-15,46.95500183105469,43.472618103027344
2024-05-16,46.82500076293945,43.35226058959961
2024-05-17,47.47999954223633,43.958683013916016
2024-05-20,47.16999816894531,43.671669006347656
2024-05-21,46.939998626708984,43.4587287902832
2024-05-22,46.040000915527344,42.625484466552734
2024-05-23,45.619998931884766,42.23662567138672
2024-05-24,45.685001373291016,42.296810150146484
2024-05-28,46.154998779296875,42.73194885253906
2024-05-29,45.34000015258789,41.97739028930664
2024-05-30,45.470001220703125,42.097755432128906
2024-05-31,46.599998474121094,43.143943786621094
2024-06-03,45.380001068115234,42.014427185058594
2024-06-04,44.94499969482422,41.61168670654297
2024-06-05,44.939998626708984,41.607059478759766
2024-06-06,45.17499923706055,41.82462692260742
2024-06-07,44.994998931884766,41.65798568725586
2024-06-10,45.334999084472656,41.97275924682617
2024-06-11,45.244998931884766,41.88943862915039
2024-06-12,44.7599983215332,41.440399169921875
2024-06-13,44.349998474121094,41.06081771850586
2024-06-14,44.02000045776367,40.75529098510742
2024-06-17,44.1349983215332,40.861759185791016
2024-06-18,44.31999969482422,41.033042907714844
2024-06-20,45.1349983215332,41.787593841552734
2024-06-21,44.875,41.546878814697266
2024-06-24,45.63999938964844,42.59447479248047
2024-06-25,45.744998931884766,42.69247055053711
2024-06-26,45.29499816894531,42.272499084472656
2024-06-27,45.400001525878906,42.37049102783203
2024-06-28,45.57500076293945,42.5338134765625
2024-07-01,45.599998474121094,42.5571403503418
2024-07-02,45.564998626708984,42.524478912353516
2024-07-03,45.76499938964844,42.71113586425781
2024-07-05,45.04999923706055,42.043846130371094
2024-07-08,44.775001525878906,41.787200927734375
2024-07-09,44.380001068115234,41.418556213378906
2024-07-10,44.68000030517578,41.69853591918945
2024-07-11,45.14500045776367,42.13250732421875
2024-07-12,45.2599983215332,42.239830017089844
2024-07-15,45.94499969482422,42.87912368774414
2024-07-16,46.150001525878906,43.0704460144043
2024-07-17,46.61000061035156,43.4997444152832
2024-07-18,46.69499969482422,43.57907485961914
2024-07-19,46.185001373291016,43.10311508178711
2024-07-22,45.89500045776367,42.832462310791016
2024-07-23,45.165000915527344,42.15117645263672
2024-07-24,45.16999816894531,42.15583419799805
2024-07-25,45.95000076293945,42.883785247802734
2024-07-26,46.095001220703125,43.01911163330078
2024-07-29,45.70000076293945,42.650474548339844
2024-07-30,46.40999984741211,43.3130989074707
2024-07-31,46.60499954223633,43.49508285522461
2024-08-01,45.369998931884766,42.34249496459961
2024-08-02,44.20000076293945,41.25056076049805
2024-08-05,43.224998474121094,40.34061813354492
2024-08-06,43.4900016784668,40.58795166015625
2024-08-07,43.665000915527344,40.75127029418945
2024-08-08,44.60499954223633,41.628543853759766
2024-08-09,44.70500183105469,41.72187042236328
2024-08-12,44.92499923706055,41.927188873291016
2024-08-13,44.4900016784668,41.52121353149414
2024-08-14,44.75,41.76386642456055
2024-08-15,45.28499984741211,42.26316833496094
2024-08-16,45.23500061035156,42.21649932861328
2024-08-19,45.540000915527344,42.50114440917969
2024-08-20,44.34000015258789,41.381221771240234
2024-08-21,44.415000915527344,41.45122146606445
2024-08-22,44.529998779296875,41.55854415893555
2024-08-23,45.19499969482422,42.17916488647461
2024-08-26,45.599998474121094,42.5571403503418
2024-08-27,45.17499923706055,42.16050338745117
2024-08-28,44.8849983215332,41.889862060546875
2024-08-29,45.470001220703125,42.435821533203125
2024-08-30,45.63999938964844,42.59447479248047
2024-09-03,44.505001068115234,41.535213470458984
2024-09-04,43.88999938964844,40.96125411987305
2024-09-05,43.54999923706055,40.643943786621094
2024-09-06,43.005001068115234,40.13530731201172
2024-09-09,43.314998626708984,40.424625396728516
2024-09-10,42.56999969482422,39.729331970214844
2024-09-11,42.17499923706055,39.36069107055664
2024-09-12,42.55500030517578,39.71533966064453
2024-09-13,42.79499816894531,39.9393196105957
2024-09-16,43.28499984741211,40.3966178894043
2024-09-17,43.869998931884766,40.94258499145508
2024-09-18,43.95500183105469,41.021915435791016
2024-09-19,44.47999954223633,41.51188278198242
2024-09-20,44.380001068115234,41.418556213378906
2024-09-23,44.560001373291016,41.92997741699219
2024-09-24,44.45000076293945,41.82646942138672
2024-09-25,43.58000183105469,41.00782012939453
2024-09-26,42.724998474121094,40.20328140258789
2024-09-27,43.595001220703125,41.02193069458008
2024-09-30,43.900001525878906,41.30893325805664
2024-10-01,44.900001525878906,42.24991226196289
2024-10-02,45.36000061035156,42.682762145996094
2024-10-03,46.15999984741211,43.4355354309082
2024-10-04,46.59000015258789,43.84016799926758
2024-10-07,46.755001068115234,43.995426177978516
2024-10-08,45.53499984741211,42.84742736816406
2024-10-09,45.810001373291016,43.106204986572266
2024-10-10,46.119998931884766,43.39789962768555
2024-10-11,46.404998779296875,43.66607666015625
2024-10-14,46.3849983215332,43.64726638793945
2024-10-15,44.88999938964844,42.24050521850586
2024-10-16,45.10499954223633,42.44281005859375
2024-10-17,45.31999969482422,42.645118713378906
2024-10-18,45.16999816894531,42.503971099853516
2024-10-21,45.03499984741211,42.37693786621094
2024-10-22,45.13999938964844,42.475738525390625
2024-10-23,44.904998779296875,42.25461196899414
2024-10-24,44.900001525878906,42.24991226196289
2024-10-25,44.8849983215332,42.23579788208008
2024-10-28,44.599998474121094,41.96761703491211
2024-10-29,43.91999816894531,41.3277473449707
2024-10-30,44.02000045776367,41.421852111816406
2024-10-31,44.29499816894531,41.68061447143555
2024-11-01,44.01499938964844,41.41714096069336
2024-11-04,44.78499984741211,42.141700744628906
2024-11-05,45.084999084472656,42.42399215698242
2024-11-06,46.779998779296875,44.018943786621094
2024-11-07,46.564998626708984,43.81663513183594
2024-11-08,46.875,44.108341217041016
2024-11-11,47.13999938964844,44.35770034790039
2024-11-12,46.88999938964844,44.12245559692383
2024-11-13,47.255001068115234,44.46591567993164
2024-11-14,47.435001373291016,44.63528823852539
2024-11-15,47.3650016784668,44.569419860839844
2024-11-18,47.994998931884766,45.162227630615234
2024-11-19,47.689998626708984,44.87523651123047
2024-11-20,48.16999816894531,45.326900482177734
2024-11-21,48.560001373291016,45.69389343261719
2024-11-22,48.6349983215332,45.76445770263672
2024-11-25,47.67499923706055,44.86111831665039
2024-11-26,47.61000061035156,44.799957275390625
2024-11-27,47.560001373291016,44.75291061401367
2024-11-29,47.76499938964844,44.9458122253418
2024-12-02,47.2599983215332,44.47060775756836
2024-12-03,47.255001068115234,44.46591567993164
2024-12-04,46.1150016784668,43.3931999206543
2024-12-05,46.29499816894531,43.56256866455078
2024-12-06,45.5099983215332,42.82390594482422
2024-12-09,45.435001373291016,42.753334045410156
2024-12-10,45.125,42.461631774902344
2024-12-11,45.20000076293945,42.53220748901367
2024-12-12,44.834999084472656,42.18873977661133
2024-12-13,44.61000061035156,41.977027893066406
2024-12-16,43.630001068115234,41.054866790771484
2024-12-17,43.30500030517578,40.74905014038086
2024-12-18,42.025001525878906,39.544593811035156
2024-12-19,41.65999984741211,39.201141357421875
2024-12-20,42.06999969482422,39.58693313598633
2024-12-23,41.96500015258789,39.81941604614258
2024-12-24,42.31999969482422,40.15626525878906
2024-12-26,42.28499984741211,40.12305450439453
2024-12-27,42.279998779296875,40.118309020996094
2024-12-30,42.275001525878906,40.11357116699219
2024-12-31,42.83000183105469,40.64019775390625
2025-01-02,43.33000183105469,41.11463165283203
2025-01-03,43.73500061035156,41.498924255371094
2025-01-06,43.53499984741211,41.309139251708984
2025-01-07,43.970001220703125,41.72190475463867
2025-01-08,44.01499938964844,41.76460266113281
2025-01-10,44.19499969482422,41.935401916503906
2025-01-13,45.125,42.81785583496094
2025-01-14,45.61000061035156,43.27805709838867
2025-01-15,46.28499984741211,43.918540954589844
2025-01-16,46.619998931884766,44.236412048339844
2025-01-17,46.97999954223633,44.57801055908203
2025-01-21,46.7400016784668,44.350284576416016
2025-01-22,45.88999938964844,43.54374313354492
2025-01-23,46.099998474121094,43.743003845214844
2025-01-24,45.654998779296875,43.32075119018555
2025-01-27,45.18000030517578,42.87003707885742
2025-01-28,44.75,42.4620246887207
2025-01-29,44.849998474121094,42.556915283203125
2025-01-30,45.08000183105469,42.77515411376953
2025-01-31,43.81999969482422,41.57957077026367
2025-02-03,44.095001220703125,41.840511322021484
2025-02-04,45.02000045776367,42.718223571777344
2025-02-05,45.1150016784668,42.80836486816406
2025-02-06,44.28499984741211,42.02080535888672
2025-02-07,44.279998779296875,42.01605224609375
2025-02-10,45.255001068115234,42.94120407104492
2025-02-11,45.619998931884766,43.28754806518555
2025-02-12,44.52000045776367,42.24378204345703
2025-02-13,44.85499954223633,42.5616569519043
2025-02-14,45.03499984741211,42.73244857788086
2025-02-18,45.650001525878906,43.316009521484375
2025-02-19,46.0099983215332,43.657596588134766
2025-02-20,46.43000030517578,44.056129455566406
2025-02-21,45.46500015258789,43.14046859741211
2025-02-24,45.474998474121094,43.149959564208984
2025-02-25,44.81999969482422,42.52845001220703
2025-02-26,44.564998626708984,42.2864875793457
2025-02-27,44.80500030517578,42.51421356201172
2025-02-28,45.5,43.173675537109375
2025-03-03,43.90999984741211,41.66497039794922
2025-03-04,43.48500061035156,41.26170349121094
2025-03-05,42.849998474121094,40.65916442871094
2025-03-06,42.97999954223633,40.78252029418945
2025-03-07,43.71500015258789,41.479942321777344
2025-03-10,44.040000915527344,41.788326263427734
2025-03-11,43.689998626708984,41.456214904785156
2025-03-12,43.88999938964844,41.64599609375
2025-03-13,43.59000015258789,41.361331939697266
2025-03-14,44.880001068115234,42.58538055419922
2025-03-17,45.595001220703125,43.263824462890625
2025-03-18,45.66999816894531,43.334983825683594
2025-03-19,46.415000915527344,44.041900634765625
2025-03-20,46.584999084472656,44.20320510864258
2025-03-21,46.2599983215332,43.89482116699219
2025-03-24,46.42499923706055,44.39495086669922
2025-03-25,46.6150016784668,44.57664108276367
2025-03-26,46.88999938964844,44.83961868286133
2025-03-27,46.435001373291016,44.40451431274414
2025-03-28,46.21500015258789,44.19413757324219
2025-03-31,46.724998474121094,44.68183135986328
2025-04-01,47.0,44.9448127746582
2025-04-02,47.064998626708984,45.0069694519043
2025-04-03,43.369998931884766,41.473541259765625
2025-04-04,39.380001068115234,37.65801239013672
2025-04-07,39.125,37.414161682128906
2025-04-08,38.220001220703125,36.548736572265625
2025-04-09,41.18000030517578,39.379302978515625
2025-04-10,38.4900016784668,36.80693435668945
2025-04-11,39.44499969482422,37.72017288208008
2025-04-14,39.584999084472656,37.85404586791992
2025-04-15,39.525001525878906,37.79667282104492
2025-04-16,39.849998474121094,38.107460021972656
2025-04-17,40.75,38.96810531616211
2025-04-21,39.685001373291016,37.94967269897461
2025-04-22,40.69499969482422,38.91551208496094
2025-04-23,40.619998931884766,38.84379196166992
2025-04-24,41.27000045776367,39.465362548828125
2025-04-25,41.19499969482422,39.393646240234375
2025-04-28,41.48500061035156,39.670963287353516
2025-04-29,41.3650016784668,39.55622100830078
2025-04-30,40.25,38.489967346191406
2025-05-01,40.400001525878906,38.63341522216797
2025-05-02,40.9900016784668,39.19761657714844
2025-05-05,40.25,38.489967346191406
2025-05-06,40.2599983215332,38.499534606933594
2025-05-07,40.275001525878906,38.513877868652344
2025-05-08,40.80500030517578,39.02070236206055
2025-05-09,41.21500015258789,39.41277313232422
2025-05-12,42.290000915527344,40.440765380859375
2025-05-13,42.8849983215332,41.00975036621094
2025-05-14,42.625,40.76111602783203
2025-05-15,42.80500030517578,40.93324661254883
2025-05-16,42.7400016784668,40.87109375
2025-05-19,42.185001373291016,40.34035873413086
2025-05-20,41.79499816894531,39.967411041259766
2025-05-21,41.025001525878906,39.231082916259766
2025-05-22,40.8650016784668,39.07808303833008
2025-05-23,40.994998931884766,39.202388763427734
2025-05-27,41.349998474121094,39.5418701171875
2025-05-28,40.82500076293945,39.039825439453125
2025-05-29,41.130001068115234,39.33149337768555
2025-05-30,40.76499938964844,38.982452392578125
2025-06-02,41.29999923706055,39.49406051635742
2025-06-03,41.790000915527344,39.96263122558594
2025-06-04,40.974998474121094,39.18326950073242
2025-06-05,40.935001373291016,39.14501953125
2025-06-06,41.70500183105469,39.88134765625
2025-06-09,41.78499984741211,39.957847595214844
2025-06-10,42.529998779296875,40.67027282714844
2025-06-11,43.14500045776367,41.25838088989258
2025-06-12,43.29499816894531,41.40182113647461
2025-06-13,44.04999923706055,42.12380599975586
2025-06-16,43.91999816894531,41.99949264526367
2025-06-17,44.33000183105469,42.391563415527344
2025-06-18,44.040000915527344,42.1142463684082
2025-06-20,44.4900016784668,42.54456329345703
2025-06-23,43.01499938964844,41.468685150146484
2025-06-24,42.45500183105469,40.92881393432617
2025-06-25,42.27000045776367,40.750465393066406
2025-06-26,42.875,41.333717346191406
2025-06-27,42.650001525878906,41.11680603027344
2025-06-30,42.404998779296875,40.880611419677734
2025-07-01,42.72999954223633,41.19392776489258
2025-07-02,43.46500015258789,41.90250778198242
2025-07-03,43.51499938964844,41.950714111328125
2025-07-07,43.095001220703125,41.54581069946289
2025-07-08,44.255001068115234,42.66410446166992
2025-07-09,44.029998779296875,42.44719314575195
2025-07-10,44.3650016784668,42.77016067504883
2025-07-11,44.564998626708984,42.96296310424805
2025-07-14,44.07500076293945,42.49058532714844
2025-07-15,43.439998626708984,41.87840270996094
2025-07-16,43.064998626708984,41.51688766479492
2025-07-17,43.33000183105469,41.772361755371094
2025-07-18,42.97999954223633,41.4349365234375
2025-07-21,42.53499984741211,41.00593948364258
2025-07-22,42.73500061035156,41.19874572753906
2025-07-23,43.404998779296875,41.84465789794922
2025-07-24,43.71500015258789,42.143524169921875
2025-07-25,43.54999923706055,41.98444747924805
2025-07-28,44.04499816894531,42.46165466308594
2025-07-29,44.474998474121094,42.87620162963867
2025-07-30,43.84000015258789,42.2640266418457
2025-07-31,43.60499954223633,42.0374755859375
2025-08-01,42.79499816894531,41.256587982177734
2025-08-04,42.70000076293945,41.16501235961914
2025-08-05,42.755001068115234,41.21803283691406
2025-08-06,42.36000061035156,40.83723068237305
2025-08-07,42.19499969482422,40.678165435791016
2025-08-08,42.46500015258789,40.93845748901367
2025-08-11,42.125,40.610679626464844
2025-08-12,42.33000183105469,40.808311462402344
2025-08-13,42.81999969482422,41.280696868896484
2025-08-14,42.779998779296875,41.242130279541016
2025-08-15,42.779998779296875,41.242130279541016
2025-08-18,42.525001525878906,40.99629592895508
2025-08-19,42.540000915527344,41.01076126098633
2025-08-20,42.89500045776367,41.35300064086914
2025-08-21,43.189998626708984,41.637393951416016
2025-08-22,44.06999969482422,42.485755920410156
2025-08-25,44.185001373291016,42.596622467041016
2025-08-26,44.1150016784668,42.52914047241211
2025-08-27,44.61000061035156,43.006351470947266
2025-08-28,44.95000076293945,43.33412170410156
2025-08-29,45.19499969482422,43.570316314697266
2025-09-02,45.2599983215332,43.63297653198242
2025-09-03,44.244998931884766,42.65446472167969
2025-09-04,44.540000915527344,42.938865661621094
2025-09-05,43.68000030517578,42.109779357910156
2025-09-08,43.58000183105469,42.01337814331055
2025-09-09,43.790000915527344,42.21582794189453
2025-09-10,44.55500030517578,42.95332336425781
2025-09-11,44.564998626708984,42.96296310424805
2025-09-12,44.29999923706055,42.70749282836914
2025-09-15,44.150001525878906,42.56288528442383
2025-09-16,44.88999938964844,43.276283264160156
2025-09-17,44.994998931884766,43.377506256103516
2025-09-18,44.85499954223633,43.24253845214844
2025-09-19,44.2599983215332,42.66892623901367
2025-09-22,43.834999084472656,42.61982345581055
2025-09-23,44.59000015258789,43.3538932800293
2025-09-24,45.16999816894531,43.917823791503906
2025-09-25,45.57500076293945,44.311588287353516
2025-09-26,45.994998931884766,44.71995162963867
2025-09-29,45.150001525878906,43.898372650146484
2025-09-30,44.66999816894531,43.43167495727539
2025-10-01,44.66999816894531,43.43167495727539
2025-10-02,44.220001220703125,42.99415969848633
2025-10-03,44.45500183105469,43.2226448059082
2025-10-06,44.67499923706055,43.43654251098633
2025-10-07,44.744998931884766,43.504600524902344
2025-10-08,44.48500061035156,43.251808166503906
2025-10-09,43.880001068115234,42.66358184814453
2025-10-10,42.61000061035156,41.42879104614258
2025-10-13,43.189998626708984,41.992706298828125
2025-10-14,43.185001373291016,41.98784637451172
2025-10-15,43.15999984741211,41.963539123535156
2025-10-16,42.63999938964844,41.45795440673828
2025-10-17,42.9900016784668,41.79825210571289
2025-10-20,43.44499969482422,42.240638732910156
2025-10-21,43.345001220703125,42.143409729003906
2025-10-22,43.900001525878906,42.68302536010742
2025-10-23,44.48500061035156,43.251808166503906
2025-10-24,44.03499984741211,42.81428146362305
2025-10-27,44.13999938964844,42.91637420654297
2025-10-28,43.68000030517578,42.46912384033203
2025-10-29,44.005001068115234,42.785118103027344
2025-10-30,43.744998931884766,42.532318115234375
2025-10-31,44.064998626708984,42.84345245361328
2025-11-03,44.06999969482422,42.84831237792969
2025-11-04,43.595001220703125,42.38648223876953
2025-11-05,43.709999084472656,42.498294830322266
2025-11-06,44.1349983215332,42.9115104675293
2025-11-07,44.77000045776367,43.528907775878906
2025-11-10,45.17499923706055,43.92267990112305
2025-11-11,45.76499938964844,44.49632263183594
2025-11-12,45.125,43.87406921386719
2025-11-13,45.2400016784668,43.98588180541992
2025-11-14,46.0099983215332,44.73453140258789
2025-11-17,45.16999816894531,43.917823791503906
2025-11-18,45.529998779296875,44.26783752441406
2025-11-19,44.939998626708984,43.694190979003906
2025-11-20,44.43000030517578,43.19833755493164
2025-11-21,44.709999084472656,43.47057342529297
2025-11-24,44.584999084472656,43.349037170410156
2025-11-25,44.30500030517578,43.07679748535156
2025-11-26,44.63999938964844,43.40251159667969
2025-11-28,45.224998474121094,43.971290588378906
2025-12-01,45.65999984741211,44.39423751831055
2025-12-02,45.06999969482422,43.820587158203125
2025-12-03,45.915000915527344,44.64216613769531
2025-12-04,46.11000061035156,44.83176040649414
2025-12-05,45.91999816894531,44.64702224731445
2025-12-08,45.41999816894531,44.160884857177734
2025-12-09,45.70000076293945,44.433128356933594
2025-12-10,46.18000030517578,44.899818420410156
2025-12-11,45.959999084472656,44.68592071533203
2025-12-12,45.5099983215332,44.24839401245117
2025-12-15,45.189998626708984,43.93726348876953
2025-12-16,43.810001373291016,42.59552001953125
2025-12-17,44.779998779296875,43.53862762451172
2025-12-18,44.130001068115234,42.906654357910156
2025-12-19,44.130001068115234,42.906654357910156
2025-12-22,44.209999084472656,43.35084533691406
2025-12-23,44.5,43.63520812988281
2025-12-24,44.369998931884766,43.50773620605469
2025-12-26,44.20000076293945,43.34103775024414
2025-12-29,44.619998931884766,43.75288009643555
2025-12-30,44.959999084472656,44.08626937866211
2025-12-31,44.709999084472656,43.841129302978516
2026-01-02,45.650001525878906,44.76286697387695
2026-01-05,46.88999938964844,45.978763580322266
2026-01-06,45.63999938964844,44.7530517578125
2026-01-07,45.130001068115234,44.252967834472656
2026-01-08,46.54999923706055,45.64537048339844
2026-01-09,46.66999816894531,45.76303482055664
2026-01-12,46.34000015258789,45.439456939697266
2026-01-13,47.0,46.08662796020508
2026-01-14,48.060001373291016,47.12602996826172
2026-01-15,47.61000061035156,46.68477249145508
2026-01-16,47.689998626708984,46.76321792602539
2026-01-20,47.599998474121094,46.674964904785156
2026-01-21,48.75,47.802616119384766
2026-01-22,48.90999984741211,47.959510803222656
2026-01-23,49.189998626708984,48.234066009521484
2026-01-26,49.220001220703125,48.263484954833984
2026-01-27,49.66999816894531,48.70473861694336
2026-01-28,50.04999923706055,49.077354431152344
2026-01-29,50.5099983215332,49.52841567993164
2026-01-30,51.04999923706055,50.057918548583984
2026-02-02,50.04999923706055,49.077354431152344
2026-02-03,51.66999816894531,50.665870666503906
2026-02-04,52.83000183105469,51.80332946777344
2026-02-05,52.209999084472656,51.19538116455078
2026-02-06,53.25,52.215171813964844
2026-02-09,53.63999938964844,52.597591400146484
2026-02-10,53.58000183105469,52.53875732421875
2026-02-11,54.97999954223633,53.91154479980469
2026-02-12,53.97999954223633,52.93097686767578
2026-02-13,54.349998474121094,53.29378890991211
2026-02-17,53.75,52.70545196533203
2026-02-18,54.779998779296875,53.71543502807617
2026-02-19,55.18000030517578,54.107662200927734
2026-02-20,54.880001068115234,53.81349182128906
2026-02-23,55.150001525878906,54.0782470703125
2026-02-24,55.099998474121094,54.029212951660156
2026-02-25,54.869998931884766,53.803688049316406
2026-02-26,55.04999923706055,53.98019027709961
2026-02-27,55.91999816894531,54.83327865600586
2026-03-02,57.040000915527344,55.9315185546875
2026-03-03,56.52000045776367,55.4216194152832
2026-03-04,56.189998626708984,55.0980339050293
2026-03-05,56.47999954223633,55.38240051269531
2026-03-06,56.56999969482422,55.47064971923828
2026-03-09,56.31999969482422,55.22550582885742
2026-03-10,55.599998474121094,54.51949691772461
2026-03-11,56.97999954223633,55.8726806640625
2026-03-12,57.5099983215332,56.39237976074219
2026-03-13,57.70000076293945,56.57868957519531
2026-03-16,57.900001525878906,56.77480697631836
2026-03-17,58.5099983215332,57.372947692871094
2026-03-18,58.43000030517578,57.29450225830078
2026-03-19,59.36000061035156,58.20642852783203
2026-03-20,59.310001373291016,58.15740203857422
2026-03-23,59.630001068115234,58.853214263916016
2026-03-24,60.84000015258789,60.047454833984375
2026-03-25,60.56999969482422,59.78097152709961
2026-03-26,61.52000045776367,60.718597412109375
2026-03-27,62.560001373291016,61.74504852294922
2026-03-30,61.959999084472656,61.152862548828125
2026-03-31,61.2599983215332,60.46198272705078
2026-04-01,58.970001220703125,58.201812744140625
2026-04-02,59.25,58.47816848754883
2026-04-06,59.68000030517578,58.90256881713867
2026-04-07,60.15999984741211,59.376312255859375
2026-04-08,58.04999923706055,57.29379653930664
2026-04-09,57.33000183105469,56.58317947387695
2026-04-10,56.939998626708984,56.19825744628906
2026-04-13,57.11000061035156,56.36604309082031
2026-04-14,55.95000076293945,55.22115707397461
2026-04-15,55.7599983215332,55.033626556396484
2026-04-16,56.58000183105469,55.84294891357422
2026-04-17,55.02000045776367,54.30326843261719
2026-04-20,55.06999969482422,54.35261535644531
2026-04-21,55.869998931884766,55.14219665527344
2026-04-22,56.540000915527344,55.803470611572266
2026-04-23,56.97999954223633,56.237735748291016
2026-04-24,56.869998931884766,56.12916946411133
2026-04-27,56.77000045776367,56.03047561645508
2026-04-28,57.709999084472656,56.95822525024414
2026-04-29,59.029998779296875,58.26103210449219
2026-04-30,59.650001525878906,58.87295913696289
2026-05-01,58.849998474121094,58.0833740234375
2026-05-04,59.38999938964844,58.6163444519043
2026-05-05,59.45000076293945,58.675559997558594
2026-05-06,57.0,56.257476806640625
2026-05-07,55.95000076293945,55.22115707397461
2026-05-08,55.70000076293945,54.97441101074219
2026-05-11,57.16999816894531,56.425262451171875
2026-05-12,57.56999969482422,56.82004928588867
2026-05-13,57.630001068115234,56.879268646240234
2026-05-14,58.06999969482422,57.313541412353516
2026-05-15,59.439998626708984,58.66569137573242
2026-05-18,60.58000183105469,59.79084014892578
2026-05-19,61.290000915527344,60.49159622192383
2026-05-20,59.79999923706055,59.020999908447266
2026-05-21,59.130001068115234,58.3597297668457
2026-05-22,59.4900016784668,58.71504211425781
2026-05-26,57.849998474121094,57.09640121459961
2026-05-27,56.9900016784668,56.24760818481445
2026-05-28,56.95000076293945,56.2081298828125
2026-05-29,56.290000915527344,55.55672836303711
2026-06-01,57.29999923706055,56.55356979370117
2026-06-02,57.959999084472656,57.20497131347656
2026-06-03,58.709999084472656,57.94519805908203
2026-06-04,58.75,57.98468017578125
2026-06-05,57.66999816894531,56.91874694824219
2026-06-08,58.33000183105469,57.570152282714844
2026-06-09,57.38999938964844,56.64239501953125
2026-06-10,58.25,57.49119567871094
2026-06-11,57.119998931884766,56.37591552734375
2026-06-12,57.54999923706055,56.80031204223633
2026-06-15,55.54999923706055,54.82636642456055
2026-06-16,55.36000061035156,54.63883972167969
2026-06-17,54.66999816894531,53.95782470703125
2026-06-18,53.77000045776367,53.06955337524414
2026-06-22,54.060001373291016,53.74056625366211
2026-06-23,54.459999084472656,54.13819885253906
2026-06-24,53.56999969482422,53.25345993041992
2026-06-25,54.09000015258789,53.7703857421875
2026-06-26,53.84000015258789,53.52186584472656
2026-06-29,53.58000183105469,53.26340103149414
2026-06-30,53.11000061035156,52.79617691040039
2026-07-01,52.810001373291016,52.49795150756836
2026-07-02,53.220001220703125,52.9055290222168
2026-07-06,53.130001068115234,52.81605911254883
2026-07-07,54.63999938964844,54.317134857177734
2026-07-08,55.599998474121094,55.271461486816406
2026-07-09,54.81999969482422,54.49607467651367
2026-07-10,55.08000183105469,54.754539489746094
2026-07-13,56.7400016784668,56.40473175048828
2026-07-14,56.95000076293945,56.613487243652344
2026-07-15,56.5,56.16614532470703
2026-07-16,57.02000045776367,56.683074951171875
2026-07-17,57.68000030517578,57.339176177978516
2026-07-20,57.939998626708984,57.59763717651367
2026-07-21,58.5,58.154327392578125
2026-07-22,59.20000076293945,58.85019302368164
2026-07-23,59.380001068115234,59.02912902832031
2026-07-24,59.619998931884766,59.2677116394043
2026-07-27,58.36000061035156,58.01515579223633
2026-07-28,57.56999969482422,57.22982406616211
2026-07-29,58.650001525878906,58.303443908691406
2026-07-30,58.959999084472656,58.611610412597656
2026-07-31,59.54999923706055,59.198123931884766
2026-08-03,58.790000915527344,58.4426155090332
2026-08-04,58.52000045776367,58.17420959472656
2026-08-05,57.310001373291016,56.97136306762695
2026-08-06,58.15999984741211,57.81633758544922
2026-08-07,57.5,57.16023635864258
2026-08-10,60.18000030517578,59.82440185546875
2026-08-11,60.93000030517578,60.569969177246094
2026-08-12,61.029998779296875,60.669376373291016
2026-08-13,61.060001373291016,60.69920349121094
2026-08-14,61.90999984741211,61.5441780090332
2026-08-17,62.58000183105469,62.21022415161133
2026-08-18,63.68000030517578,63.3037223815918
2026-08-19,63.58000183105469,63.204315185546875
2026-08-20,63.75,63.37330627441406
2026-08-21,63.63999938964844,63.26395797729492
2026-08-24,63.11000061035156,62.737091064453125
2026-08-25,62.060001373291016,61.693294525146484
2026-08-26,62.43000030517578,62.06110763549805
2026-08-27,62.290000915527344,61.92193603515625
2026-08-28,62.68000030517578,62.30963134765625
2026-08-31,63.959999084472656,63.58206558227539
2026-09-01,64.7699966430664,64.38727569580078
2026-09-02,65.0999984741211,64.71533203125
2026-09-03,64.62000274658203,64.23816680908203
2026-09-04,64.05999755859375,63.68147277832031
2026-09-08,64.7699966430664,64.38727569580078
2026-09-09,65.30999755859375,64.92408752441406
2026-09-10,64.93000030517578,64.54633331298828
2026-09-11,65.13999938964844,64.75509643554688
2026-09-14,64.52999877929688,64.14869689941406
2026-09-15,65.93000030517578,65.5404281616211
2026-09-16,64.02999877929688,63.65165328979492
2026-09-17,64.4800033569336,64.0989990234375
2026-09-18,64.30999755859375,63.929996490478516
2026-09-21,62.459999084472656,62.459999084472656
2026-09-22,61.779998779296875,61.779998779296875
2026-09-23,62.369998931884766,62.369998931884766
2026-09-24,62.599998474121094,62.599998474121094
2026-09-25,62.040000915527344,62.040000915527344
2026-09-28,62.099998474121094,62.099998474121094
2026-09-29,61.540000915527344,61.540000915527344
2026-09-30,61.5,61.5
2026-10-01,62.70000076293945,62.70000076293945
2026-10-02,62.81999969482422,62.81999969482422
